<?xml version="1.0" encoding="UTF-8"?>
<gpx version="1.1" creator="yatutbuv" xmlns="http://www.topografix.com/GPX/1/1">
  <trk><name>GraphHopper Track</name><trkseg>
      <trkpt lat="41.810054" lon="2.935785"></trkpt>
      <trkpt lat="41.809582" lon="2.936094"></trkpt>
      <trkpt lat="41.809143" lon="2.938423"></trkpt>
      <trkpt lat="41.808924" lon="2.938833"></trkpt>
      <trkpt lat="41.807633" lon="2.940236"></trkpt>
      <trkpt lat="41.806546" lon="2.942484"></trkpt>
      <trkpt lat="41.807412" lon="2.946474"></trkpt>
      <trkpt lat="41.808553" lon="2.948804"></trkpt>
      <trkpt lat="41.808816" lon="2.949563"></trkpt>
      <trkpt lat="41.809027" lon="2.949811"></trkpt>
      <trkpt lat="41.809782" lon="2.950226"></trkpt>
      <trkpt lat="41.810471" lon="2.95042"></trkpt>
      <trkpt lat="41.811998" lon="2.950053"></trkpt>
      <trkpt lat="41.813026" lon="2.949611"></trkpt>
      <trkpt lat="41.813676" lon="2.949012"></trkpt>
      <trkpt lat="41.814229" lon="2.948027"></trkpt>
      <trkpt lat="41.815287" lon="2.946809"></trkpt>
      <trkpt lat="41.816258" lon="2.946471"></trkpt>
      <trkpt lat="41.816411" lon="2.946309"></trkpt>
      <trkpt lat="41.816803" lon="2.945553"></trkpt>
      <trkpt lat="41.817396" lon="2.942863"></trkpt>
      <trkpt lat="41.818284" lon="2.94158"></trkpt>
      <trkpt lat="41.819355" lon="2.940631"></trkpt>
      <trkpt lat="41.820593" lon="2.940087"></trkpt>
      <trkpt lat="41.822839" lon="2.93982"></trkpt>
      <trkpt lat="41.82355" lon="2.939985"></trkpt>
      <trkpt lat="41.824375" lon="2.940566"></trkpt>
      <trkpt lat="41.824961" lon="2.94139"></trkpt>
      <trkpt lat="41.825311" lon="2.942519"></trkpt>
      <trkpt lat="41.825392" lon="2.943647"></trkpt>
      <trkpt lat="41.82516" lon="2.945073"></trkpt>
      <trkpt lat="41.825303" lon="2.94597"></trkpt>
      <trkpt lat="41.82562" lon="2.946367"></trkpt>
      <trkpt lat="41.826085" lon="2.946616"></trkpt>
      <trkpt lat="41.82694" lon="2.946286"></trkpt>
      <trkpt lat="41.82703" lon="2.945368"></trkpt>
      <trkpt lat="41.827446" lon="2.945149"></trkpt>
      <trkpt lat="41.82763" lon="2.945166"></trkpt>
      <trkpt lat="41.8278" lon="2.943396"></trkpt>
      <trkpt lat="41.828071" lon="2.942033"></trkpt>
      <trkpt lat="41.828904" lon="2.938981"></trkpt>
      <trkpt lat="41.829419" lon="2.938049"></trkpt>
      <trkpt lat="41.830459" lon="2.937"></trkpt>
      <trkpt lat="41.830734" lon="2.936577"></trkpt>
      <trkpt lat="41.831159" lon="2.935103"></trkpt>
      <trkpt lat="41.831156" lon="2.93438"></trkpt>
      <trkpt lat="41.830614" lon="2.931758"></trkpt>
      <trkpt lat="41.830449" lon="2.930411"></trkpt>
      <trkpt lat="41.830538" lon="2.929128"></trkpt>
      <trkpt lat="41.830862" lon="2.927193"></trkpt>
      <trkpt lat="41.830874" lon="2.926056"></trkpt>
      <trkpt lat="41.830486" lon="2.920929"></trkpt>
      <trkpt lat="41.830083" lon="2.917483"></trkpt>
      <trkpt lat="41.829638" lon="2.911101"></trkpt>
      <trkpt lat="41.829685" lon="2.910278"></trkpt>
      <trkpt lat="41.829929" lon="2.909116"></trkpt>
      <trkpt lat="41.830366" lon="2.908044"></trkpt>
      <trkpt lat="41.830879" lon="2.907257"></trkpt>
      <trkpt lat="41.831528" lon="2.906589"></trkpt>
      <trkpt lat="41.834181" lon="2.904504"></trkpt>
      <trkpt lat="41.836045" lon="2.902438"></trkpt>
      <trkpt lat="41.842151" lon="2.894846"></trkpt>
      <trkpt lat="41.843365" lon="2.892908"></trkpt>
      <trkpt lat="41.844714" lon="2.890181"></trkpt>
      <trkpt lat="41.84525" lon="2.889453"></trkpt>
      <trkpt lat="41.845795" lon="2.888942"></trkpt>
      <trkpt lat="41.846544" lon="2.888488"></trkpt>
      <trkpt lat="41.847275" lon="2.888244"></trkpt>
      <trkpt lat="41.867798" lon="2.883961"></trkpt>
      <trkpt lat="41.870651" lon="2.883324"></trkpt>
      <trkpt lat="41.872017" lon="2.882732"></trkpt>
      <trkpt lat="41.872379" lon="2.882747"></trkpt>
      <trkpt lat="41.8726" lon="2.882266"></trkpt>
      <trkpt lat="41.873535" lon="2.881212"></trkpt>
      <trkpt lat="41.874006" lon="2.880463"></trkpt>
      <trkpt lat="41.874532" lon="2.879326"></trkpt>
      <trkpt lat="41.875586" lon="2.876046"></trkpt>
      <trkpt lat="41.877837" lon="2.872322"></trkpt>
      <trkpt lat="41.879027" lon="2.869222"></trkpt>
      <trkpt lat="41.879497" lon="2.868256"></trkpt>
      <trkpt lat="41.880679" lon="2.866659"></trkpt>
      <trkpt lat="41.881802" lon="2.865732"></trkpt>
      <trkpt lat="41.88498" lon="2.86384"></trkpt>
      <trkpt lat="41.888705" lon="2.861282"></trkpt>
      <trkpt lat="41.892352" lon="2.859891"></trkpt>
      <trkpt lat="41.893073" lon="2.85977"></trkpt>
      <trkpt lat="41.893461" lon="2.859987"></trkpt>
      <trkpt lat="41.893697" lon="2.85973"></trkpt>
      <trkpt lat="41.893523" lon="2.858818"></trkpt>
      <trkpt lat="41.896457" lon="2.832729"></trkpt>
      <trkpt lat="41.896769" lon="2.832157"></trkpt>
      <trkpt lat="41.896666" lon="2.830921"></trkpt>
      <trkpt lat="41.897414" lon="2.824318"></trkpt>
      <trkpt lat="41.897667" lon="2.823725"></trkpt>
      <trkpt lat="41.89755" lon="2.823092"></trkpt>
      <trkpt lat="41.898443" lon="2.81525"></trkpt>
      <trkpt lat="41.898634" lon="2.814896"></trkpt>
      <trkpt lat="41.898529" lon="2.814481"></trkpt>
      <trkpt lat="41.898702" lon="2.812801"></trkpt>
      <trkpt lat="41.898586" lon="2.812079"></trkpt>
      <trkpt lat="41.898287" lon="2.81158"></trkpt>
      <trkpt lat="41.897681" lon="2.811181"></trkpt>
      <trkpt lat="41.897409" lon="2.810821"></trkpt>
      <trkpt lat="41.897011" lon="2.810848"></trkpt>
      <trkpt lat="41.896065" lon="2.810355"></trkpt>
      <trkpt lat="41.895807" lon="2.810091"></trkpt>
      <trkpt lat="41.895544" lon="2.809495"></trkpt>
      <trkpt lat="41.89388" lon="2.801344"></trkpt>
      <trkpt lat="41.893945" lon="2.80076"></trkpt>
      <trkpt lat="41.893654" lon="2.800238"></trkpt>
      <trkpt lat="41.892778" lon="2.795947"></trkpt>
      <trkpt lat="41.892842" lon="2.795518"></trkpt>
      <trkpt lat="41.892617" lon="2.79515"></trkpt>
      <trkpt lat="41.89056" lon="2.785013"></trkpt>
      <trkpt lat="41.890595" lon="2.784435"></trkpt>
      <trkpt lat="41.890857" lon="2.784224"></trkpt>
      <trkpt lat="41.891003" lon="2.783899"></trkpt>
      <trkpt lat="41.891124" lon="2.7829"></trkpt>
      <trkpt lat="41.890798" lon="2.782551"></trkpt>
      <trkpt lat="41.890596" lon="2.782578"></trkpt>
      <trkpt lat="41.890439" lon="2.782749"></trkpt>
      <trkpt lat="41.89004" lon="2.782771"></trkpt>
      <trkpt lat="41.886479" lon="2.782194"></trkpt>
      <trkpt lat="41.870073" lon="2.777821"></trkpt>
      <trkpt lat="41.869466" lon="2.777499"></trkpt>
      <trkpt lat="41.86888" lon="2.77693"></trkpt>
      <trkpt lat="41.868493" lon="2.776172"></trkpt>
      <trkpt lat="41.868303" lon="2.775105"></trkpt>
      <trkpt lat="41.868536" lon="2.772496"></trkpt>
      <trkpt lat="41.868901" lon="2.770295"></trkpt>
      <trkpt lat="41.869813" lon="2.767164"></trkpt>
      <trkpt lat="41.871218" lon="2.764209"></trkpt>
      <trkpt lat="41.873656" lon="2.760644"></trkpt>
      <trkpt lat="41.874165" lon="2.759645"></trkpt>
      <trkpt lat="41.874685" lon="2.758172"></trkpt>
      <trkpt lat="41.875235" lon="2.755299"></trkpt>
      <trkpt lat="41.875672" lon="2.748338"></trkpt>
      <trkpt lat="41.876126" lon="2.74479"></trkpt>
      <trkpt lat="41.87707" lon="2.740633"></trkpt>
      <trkpt lat="41.878657" lon="2.735486"></trkpt>
      <trkpt lat="41.879334" lon="2.732907"></trkpt>
      <trkpt lat="41.880688" lon="2.725345"></trkpt>
      <trkpt lat="41.880875" lon="2.722961"></trkpt>
      <trkpt lat="41.880779" lon="2.7198"></trkpt>
      <trkpt lat="41.879552" lon="2.703862"></trkpt>
      <trkpt lat="41.878506" lon="2.698302"></trkpt>
      <trkpt lat="41.878442" lon="2.6961"></trkpt>
      <trkpt lat="41.878658" lon="2.693984"></trkpt>
      <trkpt lat="41.879147" lon="2.692031"></trkpt>
      <trkpt lat="41.879736" lon="2.690492"></trkpt>
      <trkpt lat="41.880407" lon="2.689221"></trkpt>
      <trkpt lat="41.881858" lon="2.686914"></trkpt>
      <trkpt lat="41.882354" lon="2.685812"></trkpt>
      <trkpt lat="41.88396" lon="2.680335"></trkpt>
      <trkpt lat="41.884276" lon="2.679546"></trkpt>
      <trkpt lat="41.88782" lon="2.673574"></trkpt>
      <trkpt lat="41.890771" lon="2.666988"></trkpt>
      <trkpt lat="41.891266" lon="2.665286"></trkpt>
      <trkpt lat="41.891434" lon="2.664242"></trkpt>
      <trkpt lat="41.891438" lon="2.661399"></trkpt>
      <trkpt lat="41.891143" lon="2.659499"></trkpt>
      <trkpt lat="41.890584" lon="2.657109"></trkpt>
      <trkpt lat="41.890353" lon="2.656402"></trkpt>
      <trkpt lat="41.889696" lon="2.655171"></trkpt>
      <trkpt lat="41.889096" lon="2.654478"></trkpt>
      <trkpt lat="41.888628" lon="2.654115"></trkpt>
      <trkpt lat="41.886805" lon="2.653165"></trkpt>
      <trkpt lat="41.885914" lon="2.652546"></trkpt>
      <trkpt lat="41.884856" lon="2.651349"></trkpt>
      <trkpt lat="41.882672" lon="2.648321"></trkpt>
      <trkpt lat="41.881762" lon="2.646421"></trkpt>
      <trkpt lat="41.881047" lon="2.643431"></trkpt>
      <trkpt lat="41.880555" lon="2.642223"></trkpt>
      <trkpt lat="41.879867" lon="2.641128"></trkpt>
      <trkpt lat="41.877737" lon="2.639073"></trkpt>
      <trkpt lat="41.876915" lon="2.637664"></trkpt>
      <trkpt lat="41.876531" lon="2.636599"></trkpt>
      <trkpt lat="41.87595" lon="2.632778"></trkpt>
      <trkpt lat="41.874975" lon="2.629864"></trkpt>
      <trkpt lat="41.874649" lon="2.628522"></trkpt>
      <trkpt lat="41.874487" lon="2.62705"></trkpt>
      <trkpt lat="41.874407" lon="2.623257"></trkpt>
      <trkpt lat="41.874148" lon="2.621528"></trkpt>
      <trkpt lat="41.873382" lon="2.618281"></trkpt>
      <trkpt lat="41.873377" lon="2.617127"></trkpt>
      <trkpt lat="41.873495" lon="2.616282"></trkpt>
      <trkpt lat="41.874677" lon="2.6131"></trkpt>
      <trkpt lat="41.874896" lon="2.611023"></trkpt>
      <trkpt lat="41.873647" lon="2.59813"></trkpt>
      <trkpt lat="41.873256" lon="2.596594"></trkpt>
      <trkpt lat="41.872493" lon="2.595101"></trkpt>
      <trkpt lat="41.87147" lon="2.594017"></trkpt>
      <trkpt lat="41.870303" lon="2.593362"></trkpt>
      <trkpt lat="41.868719" lon="2.593009"></trkpt>
      <trkpt lat="41.867632" lon="2.592507"></trkpt>
      <trkpt lat="41.866703" lon="2.591656"></trkpt>
      <trkpt lat="41.8659" lon="2.590435"></trkpt>
      <trkpt lat="41.865338" lon="2.58879"></trkpt>
      <trkpt lat="41.864889" lon="2.58491"></trkpt>
      <trkpt lat="41.864383" lon="2.583215"></trkpt>
      <trkpt lat="41.863675" lon="2.581989"></trkpt>
      <trkpt lat="41.862859" lon="2.58091"></trkpt>
      <trkpt lat="41.861688" lon="2.578833"></trkpt>
      <trkpt lat="41.860949" lon="2.576685"></trkpt>
      <trkpt lat="41.860438" lon="2.574726"></trkpt>
      <trkpt lat="41.859731" lon="2.573272"></trkpt>
      <trkpt lat="41.858766" lon="2.572186"></trkpt>
      <trkpt lat="41.856756" lon="2.570789"></trkpt>
      <trkpt lat="41.856164" lon="2.570203"></trkpt>
      <trkpt lat="41.85553" lon="2.569328"></trkpt>
      <trkpt lat="41.855068" lon="2.5681"></trkpt>
      <trkpt lat="41.854734" lon="2.564999"></trkpt>
      <trkpt lat="41.854306" lon="2.563488"></trkpt>
      <trkpt lat="41.853706" lon="2.562367"></trkpt>
      <trkpt lat="41.852043" lon="2.560422"></trkpt>
      <trkpt lat="41.851269" lon="2.559113"></trkpt>
      <trkpt lat="41.85089" lon="2.558018"></trkpt>
      <trkpt lat="41.850425" lon="2.555549"></trkpt>
      <trkpt lat="41.849801" lon="2.55364"></trkpt>
      <trkpt lat="41.84931" lon="2.550623"></trkpt>
      <trkpt lat="41.848463" lon="2.547001"></trkpt>
      <trkpt lat="41.848337" lon="2.545618"></trkpt>
      <trkpt lat="41.848272" lon="2.540687"></trkpt>
      <trkpt lat="41.84777" lon="2.536186"></trkpt>
      <trkpt lat="41.847917" lon="2.534015"></trkpt>
      <trkpt lat="41.848996" lon="2.529827"></trkpt>
      <trkpt lat="41.849406" lon="2.527698"></trkpt>
      <trkpt lat="41.850099" lon="2.521026"></trkpt>
      <trkpt lat="41.850515" lon="2.519292"></trkpt>
      <trkpt lat="41.850997" lon="2.517943"></trkpt>
      <trkpt lat="41.85161" lon="2.516685"></trkpt>
      <trkpt lat="41.85271" lon="2.515109"></trkpt>
      <trkpt lat="41.853477" lon="2.514406"></trkpt>
      <trkpt lat="41.854028" lon="2.514074"></trkpt>
      <trkpt lat="41.856843" lon="2.513369"></trkpt>
      <trkpt lat="41.857695" lon="2.512716"></trkpt>
      <trkpt lat="41.858118" lon="2.512167"></trkpt>
      <trkpt lat="41.858723" lon="2.5107"></trkpt>
      <trkpt lat="41.858865" lon="2.509712"></trkpt>
      <trkpt lat="41.858839" lon="2.508764"></trkpt>
      <trkpt lat="41.858592" lon="2.507632"></trkpt>
      <trkpt lat="41.858097" lon="2.506617"></trkpt>
      <trkpt lat="41.857081" lon="2.505503"></trkpt>
      <trkpt lat="41.854655" lon="2.503475"></trkpt>
      <trkpt lat="41.853965" lon="2.502751"></trkpt>
      <trkpt lat="41.852906" lon="2.501297"></trkpt>
      <trkpt lat="41.852169" lon="2.50004"></trkpt>
      <trkpt lat="41.851624" lon="2.498548"></trkpt>
      <trkpt lat="41.851448" lon="2.49697"></trkpt>
      <trkpt lat="41.851509" lon="2.496148"></trkpt>
      <trkpt lat="41.851711" lon="2.495103"></trkpt>
      <trkpt lat="41.85243" lon="2.493156"></trkpt>
      <trkpt lat="41.852743" lon="2.491921"></trkpt>
      <trkpt lat="41.853566" lon="2.484319"></trkpt>
      <trkpt lat="41.853455" lon="2.481544"></trkpt>
      <trkpt lat="41.853046" lon="2.479797"></trkpt>
      <trkpt lat="41.85271" lon="2.478914"></trkpt>
      <trkpt lat="41.852" lon="2.477803"></trkpt>
      <trkpt lat="41.848198" lon="2.474339"></trkpt>
      <trkpt lat="41.844443" lon="2.469537"></trkpt>
      <trkpt lat="41.843889" lon="2.468563"></trkpt>
      <trkpt lat="41.843501" lon="2.467413"></trkpt>
      <trkpt lat="41.843338" lon="2.466455"></trkpt>
      <trkpt lat="41.843315" lon="2.465262"></trkpt>
      <trkpt lat="41.843697" lon="2.463219"></trkpt>
      <trkpt lat="41.844023" lon="2.462338"></trkpt>
      <trkpt lat="41.844567" lon="2.461383"></trkpt>
      <trkpt lat="41.845457" lon="2.46046"></trkpt>
      <trkpt lat="41.846646" lon="2.459763"></trkpt>
      <trkpt lat="41.847329" lon="2.459222"></trkpt>
      <trkpt lat="41.849152" lon="2.456591"></trkpt>
      <trkpt lat="41.851632" lon="2.454054"></trkpt>
      <trkpt lat="41.852151" lon="2.453211"></trkpt>
      <trkpt lat="41.852327" lon="2.452692"></trkpt>
      <trkpt lat="41.852527" lon="2.451473"></trkpt>
      <trkpt lat="41.852455" lon="2.450525"></trkpt>
      <trkpt lat="41.851647" lon="2.447493"></trkpt>
      <trkpt lat="41.851526" lon="2.44588"></trkpt>
      <trkpt lat="41.851712" lon="2.444936"></trkpt>
      <trkpt lat="41.852704" lon="2.442429"></trkpt>
      <trkpt lat="41.853188" lon="2.440667"></trkpt>
      <trkpt lat="41.853478" lon="2.4388"></trkpt>
      <trkpt lat="41.853716" lon="2.434252"></trkpt>
      <trkpt lat="41.854021" lon="2.431847"></trkpt>
      <trkpt lat="41.85497" lon="2.427759"></trkpt>
      <trkpt lat="41.855607" lon="2.426288"></trkpt>
      <trkpt lat="41.856296" lon="2.425402"></trkpt>
      <trkpt lat="41.857033" lon="2.424822"></trkpt>
      <trkpt lat="41.861005" lon="2.423268"></trkpt>
      <trkpt lat="41.8616" lon="2.422941"></trkpt>
      <trkpt lat="41.862343" lon="2.422305"></trkpt>
      <trkpt lat="41.864137" lon="2.420123"></trkpt>
      <trkpt lat="41.865229" lon="2.418687"></trkpt>
      <trkpt lat="41.86612" lon="2.417088"></trkpt>
      <trkpt lat="41.8665" lon="2.416033"></trkpt>
      <trkpt lat="41.867253" lon="2.412631"></trkpt>
      <trkpt lat="41.868884" lon="2.409479"></trkpt>
      <trkpt lat="41.869521" lon="2.408752"></trkpt>
      <trkpt lat="41.870054" lon="2.408329"></trkpt>
      <trkpt lat="41.87192" lon="2.407503"></trkpt>
      <trkpt lat="41.872856" lon="2.406801"></trkpt>
      <trkpt lat="41.873437" lon="2.406094"></trkpt>
      <trkpt lat="41.874846" lon="2.403555"></trkpt>
      <trkpt lat="41.87566" lon="2.402409"></trkpt>
      <trkpt lat="41.879226" lon="2.398848"></trkpt>
      <trkpt lat="41.880286" lon="2.397202"></trkpt>
      <trkpt lat="41.88265" lon="2.392145"></trkpt>
      <trkpt lat="41.883785" lon="2.3909"></trkpt>
      <trkpt lat="41.88559" lon="2.389671"></trkpt>
      <trkpt lat="41.886461" lon="2.388772"></trkpt>
      <trkpt lat="41.887058" lon="2.387808"></trkpt>
      <trkpt lat="41.888042" lon="2.385712"></trkpt>
      <trkpt lat="41.889919" lon="2.383389"></trkpt>
      <trkpt lat="41.891414" lon="2.380797"></trkpt>
      <trkpt lat="41.892861" lon="2.378898"></trkpt>
      <trkpt lat="41.893702" lon="2.377278"></trkpt>
      <trkpt lat="41.894519" lon="2.375181"></trkpt>
      <trkpt lat="41.895197" lon="2.372668"></trkpt>
      <trkpt lat="41.895538" lon="2.370544"></trkpt>
      <trkpt lat="41.895621" lon="2.368851"></trkpt>
      <trkpt lat="41.895343" lon="2.366887"></trkpt>
      <trkpt lat="41.894861" lon="2.365445"></trkpt>
      <trkpt lat="41.894156" lon="2.364163"></trkpt>
      <trkpt lat="41.892159" lon="2.361585"></trkpt>
      <trkpt lat="41.891633" lon="2.360403"></trkpt>
      <trkpt lat="41.891374" lon="2.359159"></trkpt>
      <trkpt lat="41.891323" lon="2.358229"></trkpt>
      <trkpt lat="41.89161" lon="2.35628"></trkpt>
      <trkpt lat="41.893127" lon="2.353052"></trkpt>
      <trkpt lat="41.893504" lon="2.351997"></trkpt>
      <trkpt lat="41.893801" lon="2.350895"></trkpt>
      <trkpt lat="41.894227" lon="2.34844"></trkpt>
      <trkpt lat="41.894462" lon="2.347696"></trkpt>
      <trkpt lat="41.895035" lon="2.346601"></trkpt>
      <trkpt lat="41.895913" lon="2.3456"></trkpt>
      <trkpt lat="41.897842" lon="2.344221"></trkpt>
      <trkpt lat="41.898875" lon="2.343088"></trkpt>
      <trkpt lat="41.900618" lon="2.340244"></trkpt>
      <trkpt lat="41.901769" lon="2.338033"></trkpt>
      <trkpt lat="41.90372" lon="2.333013"></trkpt>
      <trkpt lat="41.905634" lon="2.327403"></trkpt>
      <trkpt lat="41.907807" lon="2.319676"></trkpt>
      <trkpt lat="41.911579" lon="2.310897"></trkpt>
      <trkpt lat="41.912286" lon="2.309473"></trkpt>
      <trkpt lat="41.913312" lon="2.30795"></trkpt>
      <trkpt lat="41.914094" lon="2.307064"></trkpt>
      <trkpt lat="41.915372" lon="2.305991"></trkpt>
      <trkpt lat="41.91669" lon="2.305145"></trkpt>
      <trkpt lat="41.919441" lon="2.304016"></trkpt>
      <trkpt lat="41.92582" lon="2.302318"></trkpt>
      <trkpt lat="41.927776" lon="2.301599"></trkpt>
      <trkpt lat="41.929027" lon="2.300985"></trkpt>
      <trkpt lat="41.931512" lon="2.299195"></trkpt>
      <trkpt lat="41.933607" lon="2.298184"></trkpt>
      <trkpt lat="41.935567" lon="2.297399"></trkpt>
      <trkpt lat="41.938792" lon="2.296487"></trkpt>
      <trkpt lat="41.941535" lon="2.295903"></trkpt>
      <trkpt lat="41.943168" lon="2.295301"></trkpt>
      <trkpt lat="41.945049" lon="2.294221"></trkpt>
      <trkpt lat="41.949237" lon="2.290954"></trkpt>
      <trkpt lat="41.950455" lon="2.2903"></trkpt>
      <trkpt lat="41.95342" lon="2.289073"></trkpt>
      <trkpt lat="41.954633" lon="2.288316"></trkpt>
      <trkpt lat="41.956014" lon="2.287123"></trkpt>
      <trkpt lat="41.957489" lon="2.2854"></trkpt>
      <trkpt lat="41.959002" lon="2.28285"></trkpt>
      <trkpt lat="41.959516" lon="2.281482"></trkpt>
      <trkpt lat="41.960085" lon="2.279269"></trkpt>
      <trkpt lat="41.9605" lon="2.276363"></trkpt>
      <trkpt lat="41.960549" lon="2.274521"></trkpt>
      <trkpt lat="41.960326" lon="2.270488"></trkpt>
      <trkpt lat="41.960483" lon="2.268527"></trkpt>
      <trkpt lat="41.961051" lon="2.265157"></trkpt>
      <trkpt lat="41.961105" lon="2.262323"></trkpt>
      <trkpt lat="41.960451" lon="2.258129"></trkpt>
      <trkpt lat="41.959266" lon="2.252428"></trkpt>
      <trkpt lat="41.958912" lon="2.249978"></trkpt>
      <trkpt lat="41.959146" lon="2.249859"></trkpt>
      <trkpt lat="41.95939" lon="2.249508"></trkpt>
      <trkpt lat="41.960354" lon="2.249267"></trkpt>
      <trkpt lat="41.960749" lon="2.249052"></trkpt>
      <trkpt lat="41.961094" lon="2.249189"></trkpt>
      <trkpt lat="41.961413" lon="2.249002"></trkpt>
      <trkpt lat="41.963484" lon="2.248522"></trkpt>
      <trkpt lat="41.965207" lon="2.248273"></trkpt>
      <trkpt lat="41.969922" lon="2.24706"></trkpt>
      <trkpt lat="41.971583" lon="2.246132"></trkpt>
      <trkpt lat="41.977855" lon="2.241449"></trkpt>
      <trkpt lat="41.978804" lon="2.240868"></trkpt>
      <trkpt lat="41.979823" lon="2.240438"></trkpt>
      <trkpt lat="41.981479" lon="2.240097"></trkpt>
      <trkpt lat="41.98315" lon="2.240175"></trkpt>
      <trkpt lat="41.984319" lon="2.240474"></trkpt>
      <trkpt lat="41.986069" lon="2.241268"></trkpt>
      <trkpt lat="41.988265" lon="2.24289"></trkpt>
      <trkpt lat="41.988975" lon="2.24359"></trkpt>
      <trkpt lat="41.991958" lon="2.247398"></trkpt>
      <trkpt lat="41.993114" lon="2.248513"></trkpt>
      <trkpt lat="41.993967" lon="2.249012"></trkpt>
      <trkpt lat="41.994619" lon="2.249248"></trkpt>
      <trkpt lat="41.997362" lon="2.24949"></trkpt>
      <trkpt lat="41.998474" lon="2.24989"></trkpt>
      <trkpt lat="41.998983" lon="2.250221"></trkpt>
      <trkpt lat="41.999386" lon="2.250652"></trkpt>
      <trkpt lat="42.000504" lon="2.252382"></trkpt>
      <trkpt lat="42.001447" lon="2.25298"></trkpt>
      <trkpt lat="42.002443" lon="2.253207"></trkpt>
      <trkpt lat="42.003017" lon="2.253172"></trkpt>
      <trkpt lat="42.005018" lon="2.252567"></trkpt>
      <trkpt lat="42.005874" lon="2.252581"></trkpt>
      <trkpt lat="42.006782" lon="2.252905"></trkpt>
      <trkpt lat="42.008786" lon="2.254009"></trkpt>
      <trkpt lat="42.009726" lon="2.254292"></trkpt>
      <trkpt lat="42.010571" lon="2.254358"></trkpt>
      <trkpt lat="42.011826" lon="2.254204"></trkpt>
      <trkpt lat="42.012611" lon="2.253943"></trkpt>
      <trkpt lat="42.013622" lon="2.253401"></trkpt>
      <trkpt lat="42.014742" lon="2.252443"></trkpt>
      <trkpt lat="42.015596" lon="2.251426"></trkpt>
      <trkpt lat="42.017453" lon="2.248087"></trkpt>
      <trkpt lat="42.018066" lon="2.247199"></trkpt>
      <trkpt lat="42.018878" lon="2.246245"></trkpt>
      <trkpt lat="42.020161" lon="2.245141"></trkpt>
      <trkpt lat="42.021518" lon="2.244366"></trkpt>
      <trkpt lat="42.023959" lon="2.243455"></trkpt>
      <trkpt lat="42.024477" lon="2.243149"></trkpt>
      <trkpt lat="42.026763" lon="2.24082"></trkpt>
      <trkpt lat="42.027956" lon="2.239985"></trkpt>
      <trkpt lat="42.029389" lon="2.239466"></trkpt>
      <trkpt lat="42.032349" lon="2.239428"></trkpt>
      <trkpt lat="42.033348" lon="2.239115"></trkpt>
      <trkpt lat="42.034472" lon="2.238334"></trkpt>
      <trkpt lat="42.03618" lon="2.236299"></trkpt>
      <trkpt lat="42.037248" lon="2.23537"></trkpt>
      <trkpt lat="42.038542" lon="2.234716"></trkpt>
      <trkpt lat="42.041116" lon="2.234125"></trkpt>
      <trkpt lat="42.043183" lon="2.232854"></trkpt>
      <trkpt lat="42.043889" lon="2.232553"></trkpt>
      <trkpt lat="42.045193" lon="2.232388"></trkpt>
      <trkpt lat="42.045627" lon="2.232435"></trkpt>
      <trkpt lat="42.046409" lon="2.232679"></trkpt>
      <trkpt lat="42.048717" lon="2.233801"></trkpt>
      <trkpt lat="42.052206" lon="2.234597"></trkpt>
      <trkpt lat="42.053329" lon="2.235038"></trkpt>
      <trkpt lat="42.054534" lon="2.236042"></trkpt>
      <trkpt lat="42.057984" lon="2.240555"></trkpt>
      <trkpt lat="42.058281" lon="2.240829"></trkpt>
      <trkpt lat="42.058965" lon="2.241166"></trkpt>
      <trkpt lat="42.059488" lon="2.241228"></trkpt>
      <trkpt lat="42.060144" lon="2.241146"></trkpt>
      <trkpt lat="42.060889" lon="2.24072"></trkpt>
      <trkpt lat="42.061405" lon="2.240147"></trkpt>
      <trkpt lat="42.062922" lon="2.23747"></trkpt>
      <trkpt lat="42.063662" lon="2.236825"></trkpt>
      <trkpt lat="42.064372" lon="2.236546"></trkpt>
      <trkpt lat="42.06516" lon="2.236574"></trkpt>
      <trkpt lat="42.066323" lon="2.236942"></trkpt>
      <trkpt lat="42.068244" lon="2.237966"></trkpt>
      <trkpt lat="42.070134" lon="2.239193"></trkpt>
      <trkpt lat="42.070829" lon="2.239449"></trkpt>
      <trkpt lat="42.071627" lon="2.239483"></trkpt>
      <trkpt lat="42.073916" lon="2.23929"></trkpt>
      <trkpt lat="42.075091" lon="2.238896"></trkpt>
      <trkpt lat="42.076358" lon="2.237985"></trkpt>
      <trkpt lat="42.077292" lon="2.236814"></trkpt>
      <trkpt lat="42.078014" lon="2.235246"></trkpt>
      <trkpt lat="42.078938" lon="2.232323"></trkpt>
      <trkpt lat="42.079876" lon="2.230841"></trkpt>
      <trkpt lat="42.081045" lon="2.229847"></trkpt>
      <trkpt lat="42.083248" lon="2.228605"></trkpt>
      <trkpt lat="42.08379" lon="2.22818"></trkpt>
      <trkpt lat="42.084645" lon="2.227191"></trkpt>
      <trkpt lat="42.085729" lon="2.225557"></trkpt>
      <trkpt lat="42.086627" lon="2.224688"></trkpt>
      <trkpt lat="42.08735" lon="2.224223"></trkpt>
      <trkpt lat="42.08955" lon="2.223485"></trkpt>
      <trkpt lat="42.091345" lon="2.223506"></trkpt>
      <trkpt lat="42.09483" lon="2.223317"></trkpt>
      <trkpt lat="42.095639" lon="2.222829"></trkpt>
      <trkpt lat="42.096428" lon="2.22214"></trkpt>
      <trkpt lat="42.096939" lon="2.221525"></trkpt>
      <trkpt lat="42.09751" lon="2.220654"></trkpt>
      <trkpt lat="42.097926" lon="2.219706"></trkpt>
      <trkpt lat="42.098268" lon="2.21814"></trkpt>
      <trkpt lat="42.09829" lon="2.216973"></trkpt>
      <trkpt lat="42.097653" lon="2.210649"></trkpt>
      <trkpt lat="42.097754" lon="2.209372"></trkpt>
      <trkpt lat="42.098283" lon="2.207941"></trkpt>
      <trkpt lat="42.09874" lon="2.207213"></trkpt>
      <trkpt lat="42.099318" lon="2.206581"></trkpt>
      <trkpt lat="42.100066" lon="2.206077"></trkpt>
      <trkpt lat="42.10111" lon="2.205735"></trkpt>
      <trkpt lat="42.105781" lon="2.205347"></trkpt>
      <trkpt lat="42.106734" lon="2.205062"></trkpt>
      <trkpt lat="42.108132" lon="2.204277"></trkpt>
      <trkpt lat="42.110605" lon="2.202183"></trkpt>
      <trkpt lat="42.111994" lon="2.201478"></trkpt>
      <trkpt lat="42.113246" lon="2.201005"></trkpt>
      <trkpt lat="42.116451" lon="2.200411"></trkpt>
      <trkpt lat="42.11758" lon="2.200407"></trkpt>
      <trkpt lat="42.11927" lon="2.200753"></trkpt>
      <trkpt lat="42.120581" lon="2.201599"></trkpt>
      <trkpt lat="42.12267" lon="2.20436"></trkpt>
      <trkpt lat="42.123298" lon="2.204753"></trkpt>
      <trkpt lat="42.123882" lon="2.204853"></trkpt>
      <trkpt lat="42.124496" lon="2.204736"></trkpt>
      <trkpt lat="42.124968" lon="2.204455"></trkpt>
      <trkpt lat="42.125297" lon="2.204169"></trkpt>
      <trkpt lat="42.126569" lon="2.202388"></trkpt>
      <trkpt lat="42.127241" lon="2.201839"></trkpt>
      <trkpt lat="42.127877" lon="2.201492"></trkpt>
      <trkpt lat="42.129388" lon="2.20124"></trkpt>
      <trkpt lat="42.131302" lon="2.201605"></trkpt>
      <trkpt lat="42.13244" lon="2.202032"></trkpt>
      <trkpt lat="42.133387" lon="2.202543"></trkpt>
      <trkpt lat="42.134053" lon="2.203088"></trkpt>
      <trkpt lat="42.134745" lon="2.203894"></trkpt>
      <trkpt lat="42.135419" lon="2.205315"></trkpt>
      <trkpt lat="42.135927" lon="2.207922"></trkpt>
      <trkpt lat="42.136437" lon="2.209228"></trkpt>
      <trkpt lat="42.137119" lon="2.209973"></trkpt>
      <trkpt lat="42.13776" lon="2.210142"></trkpt>
      <trkpt lat="42.138216" lon="2.210068"></trkpt>
      <trkpt lat="42.139822" lon="2.20932"></trkpt>
      <trkpt lat="42.1413" lon="2.208098"></trkpt>
      <trkpt lat="42.142867" lon="2.207545"></trkpt>
      <trkpt lat="42.145681" lon="2.205944"></trkpt>
      <trkpt lat="42.14615" lon="2.205618"></trkpt>
      <trkpt lat="42.147943" lon="2.203795"></trkpt>
      <trkpt lat="42.149377" lon="2.202763"></trkpt>
      <trkpt lat="42.150485" lon="2.20158"></trkpt>
      <trkpt lat="42.151139" lon="2.201248"></trkpt>
      <trkpt lat="42.153563" lon="2.201007"></trkpt>
      <trkpt lat="42.156491" lon="2.200214"></trkpt>
      <trkpt lat="42.158212" lon="2.20018"></trkpt>
      <trkpt lat="42.159153" lon="2.200014"></trkpt>
      <trkpt lat="42.160014" lon="2.199646"></trkpt>
      <trkpt lat="42.161625" lon="2.198247"></trkpt>
      <trkpt lat="42.162584" lon="2.197735"></trkpt>
      <trkpt lat="42.163223" lon="2.197525"></trkpt>
      <trkpt lat="42.16379" lon="2.197628"></trkpt>
      <trkpt lat="42.164152" lon="2.197836"></trkpt>
      <trkpt lat="42.166047" lon="2.199784"></trkpt>
      <trkpt lat="42.166669" lon="2.199988"></trkpt>
      <trkpt lat="42.167373" lon="2.199856"></trkpt>
      <trkpt lat="42.168127" lon="2.199203"></trkpt>
      <trkpt lat="42.172096" lon="2.193459"></trkpt>
      <trkpt lat="42.172725" lon="2.193004"></trkpt>
      <trkpt lat="42.173053" lon="2.192936"></trkpt>
      <trkpt lat="42.174999" lon="2.193105"></trkpt>
      <trkpt lat="42.17721" lon="2.194075"></trkpt>
      <trkpt lat="42.181356" lon="2.194961"></trkpt>
      <trkpt lat="42.183466" lon="2.19567"></trkpt>
      <trkpt lat="42.183809" lon="2.195943"></trkpt>
      <trkpt lat="42.184101" lon="2.195893"></trkpt>
      <trkpt lat="42.186356" lon="2.196647"></trkpt>
      <trkpt lat="42.187284" lon="2.196579"></trkpt>
      <trkpt lat="42.187549" lon="2.196135"></trkpt>
      <trkpt lat="42.189259" lon="2.194956"></trkpt>
      <trkpt lat="42.189622" lon="2.194589"></trkpt>
      <trkpt lat="42.190073" lon="2.194478"></trkpt>
      <trkpt lat="42.190216" lon="2.193986"></trkpt>
      <trkpt lat="42.191714" lon="2.191417"></trkpt>
      <trkpt lat="42.192476" lon="2.190644"></trkpt>
      <trkpt lat="42.193586" lon="2.190281"></trkpt>
      <trkpt lat="42.196832" lon="2.190488"></trkpt>
      <trkpt lat="42.197469" lon="2.190222"></trkpt>
      <trkpt lat="42.19795" lon="2.189776"></trkpt>
      <trkpt lat="42.198385" lon="2.188879"></trkpt>
      <trkpt lat="42.198903" lon="2.186143"></trkpt>
      <trkpt lat="42.199257" lon="2.185263"></trkpt>
      <trkpt lat="42.199612" lon="2.184722"></trkpt>
      <trkpt lat="42.200128" lon="2.18429"></trkpt>
      <trkpt lat="42.202412" lon="2.183013"></trkpt>
      <trkpt lat="42.202732" lon="2.182917"></trkpt>
      <trkpt lat="42.202858" lon="2.183086"></trkpt>
      <trkpt lat="42.203034" lon="2.183088"></trkpt>
      <trkpt lat="42.203229" lon="2.182681"></trkpt>
      <trkpt lat="42.203983" lon="2.18177"></trkpt>
      <trkpt lat="42.204342" lon="2.180734"></trkpt>
      <trkpt lat="42.20454" lon="2.177786"></trkpt>
      <trkpt lat="42.206949" lon="2.172226"></trkpt>
      <trkpt lat="42.207406" lon="2.171651"></trkpt>
      <trkpt lat="42.209386" lon="2.170182"></trkpt>
      <trkpt lat="42.209973" lon="2.169885"></trkpt>
      <trkpt lat="42.215828" lon="2.168547"></trkpt>
      <trkpt lat="42.219278" lon="2.169564"></trkpt>
      <trkpt lat="42.221443" lon="2.170599"></trkpt>
      <trkpt lat="42.222416" lon="2.170695"></trkpt>
      <trkpt lat="42.224214" lon="2.17066"></trkpt>
      <trkpt lat="42.22588" lon="2.170327"></trkpt>
      <trkpt lat="42.232088" lon="2.168405"></trkpt>
      <trkpt lat="42.235137" lon="2.168018"></trkpt>
      <trkpt lat="42.236708" lon="2.168233"></trkpt>
      <trkpt lat="42.23756" lon="2.168092"></trkpt>
      <trkpt lat="42.238216" lon="2.167795"></trkpt>
      <trkpt lat="42.241836" lon="2.164634"></trkpt>
      <trkpt lat="42.242155" lon="2.164612"></trkpt>
      <trkpt lat="42.243905" lon="2.165124"></trkpt>
      <trkpt lat="42.247428" lon="2.16397"></trkpt>
      <trkpt lat="42.248914" lon="2.164465"></trkpt>
      <trkpt lat="42.249614" lon="2.165509"></trkpt>
      <trkpt lat="42.250213" lon="2.165806"></trkpt>
      <trkpt lat="42.250514" lon="2.165784"></trkpt>
      <trkpt lat="42.25075" lon="2.165633"></trkpt>
      <trkpt lat="42.251721" lon="2.164299"></trkpt>
      <trkpt lat="42.25214" lon="2.1641"></trkpt>
      <trkpt lat="42.252567" lon="2.164297"></trkpt>
      <trkpt lat="42.253509" lon="2.165306"></trkpt>
      <trkpt lat="42.254415" lon="2.165654"></trkpt>
      <trkpt lat="42.255248" lon="2.165574"></trkpt>
      <trkpt lat="42.256337" lon="2.164539"></trkpt>
      <trkpt lat="42.25676" lon="2.164392"></trkpt>
      <trkpt lat="42.257307" lon="2.164633"></trkpt>
      <trkpt lat="42.258011" lon="2.165585"></trkpt>
      <trkpt lat="42.258285" lon="2.165723"></trkpt>
      <trkpt lat="42.258571" lon="2.165711"></trkpt>
      <trkpt lat="42.260951" lon="2.164676"></trkpt>
      <trkpt lat="42.261358" lon="2.164244"></trkpt>
      <trkpt lat="42.262199" lon="2.162678"></trkpt>
      <trkpt lat="42.262557" lon="2.162442"></trkpt>
      <trkpt lat="42.26295" lon="2.162395"></trkpt>
      <trkpt lat="42.263339" lon="2.162535"></trkpt>
      <trkpt lat="42.264515" lon="2.163262"></trkpt>
      <trkpt lat="42.265087" lon="2.163193"></trkpt>
      <trkpt lat="42.265443" lon="2.162816"></trkpt>
      <trkpt lat="42.266214" lon="2.161157"></trkpt>
      <trkpt lat="42.266646" lon="2.160749"></trkpt>
      <trkpt lat="42.268981" lon="2.159525"></trkpt>
      <trkpt lat="42.270804" lon="2.159147"></trkpt>
      <trkpt lat="42.271947" lon="2.159565"></trkpt>
      <trkpt lat="42.273282" lon="2.159059"></trkpt>
      <trkpt lat="42.273796" lon="2.159191"></trkpt>
      <trkpt lat="42.274749" lon="2.159863"></trkpt>
      <trkpt lat="42.275647" lon="2.160004"></trkpt>
      <trkpt lat="42.277421" lon="2.159533"></trkpt>
      <trkpt lat="42.279526" lon="2.159794"></trkpt>
      <trkpt lat="42.281116" lon="2.159198"></trkpt>
      <trkpt lat="42.282051" lon="2.159476"></trkpt>
      <trkpt lat="42.282422" lon="2.15948"></trkpt>
      <trkpt lat="42.283315" lon="2.159311"></trkpt>
      <trkpt lat="42.284093" lon="2.158833"></trkpt>
      <trkpt lat="42.284481" lon="2.158821"></trkpt>
      <trkpt lat="42.285978" lon="2.16012"></trkpt>
      <trkpt lat="42.286583" lon="2.160448"></trkpt>
      <trkpt lat="42.287204" lon="2.160455"></trkpt>
      <trkpt lat="42.288802" lon="2.160023"></trkpt>
      <trkpt lat="42.289474" lon="2.160276"></trkpt>
      <trkpt lat="42.290317" lon="2.160771"></trkpt>
      <trkpt lat="42.291412" lon="2.160854"></trkpt>
      <trkpt lat="42.292065" lon="2.160667"></trkpt>
      <trkpt lat="42.292592" lon="2.160821"></trkpt>
      <trkpt lat="42.293159" lon="2.161243"></trkpt>
      <trkpt lat="42.293591" lon="2.161769"></trkpt>
      <trkpt lat="42.293946" lon="2.16243"></trkpt>
      <trkpt lat="42.294583" lon="2.164243"></trkpt>
      <trkpt lat="42.29476" lon="2.164533"></trkpt>
      <trkpt lat="42.29513" lon="2.164763"></trkpt>
      <trkpt lat="42.296705" lon="2.165241"></trkpt>
      <trkpt lat="42.298349" lon="2.165485"></trkpt>
      <trkpt lat="42.299377" lon="2.166222"></trkpt>
      <trkpt lat="42.301464" lon="2.166938"></trkpt>
      <trkpt lat="42.302679" lon="2.16644"></trkpt>
      <trkpt lat="42.304845" lon="2.166985"></trkpt>
      <trkpt lat="42.305761" lon="2.166934"></trkpt>
      <trkpt lat="42.3064" lon="2.166737"></trkpt>
      <trkpt lat="42.308186" lon="2.164046"></trkpt>
      <trkpt lat="42.308712" lon="2.161832"></trkpt>
      <trkpt lat="42.309187" lon="2.160825"></trkpt>
      <trkpt lat="42.309006" lon="2.159383"></trkpt>
      <trkpt lat="42.309414" lon="2.158672"></trkpt>
      <trkpt lat="42.31019" lon="2.15427"></trkpt>
      <trkpt lat="42.309826" lon="2.152928"></trkpt>
      <trkpt lat="42.309949" lon="2.152177"></trkpt>
      <trkpt lat="42.310507" lon="2.151777"></trkpt>
      <trkpt lat="42.311354" lon="2.151679"></trkpt>
      <trkpt lat="42.311472" lon="2.151555"></trkpt>
      <trkpt lat="42.311806" lon="2.149619"></trkpt>
      <trkpt lat="42.312959" lon="2.147408"></trkpt>
      <trkpt lat="42.312874" lon="2.145607"></trkpt>
      <trkpt lat="42.312664" lon="2.144951"></trkpt>
      <trkpt lat="42.312553" lon="2.143893"></trkpt>
      <trkpt lat="42.312366" lon="2.143397"></trkpt>
      <trkpt lat="42.312355" lon="2.142874"></trkpt>
      <trkpt lat="42.311719" lon="2.142139"></trkpt>
      <trkpt lat="42.311401" lon="2.140423"></trkpt>
      <trkpt lat="42.311407" lon="2.139917"></trkpt>
      <trkpt lat="42.311683" lon="2.139312"></trkpt>
      <trkpt lat="42.311376" lon="2.136233"></trkpt>
      <trkpt lat="42.31151" lon="2.135894"></trkpt>
      <trkpt lat="42.311861" lon="2.135629"></trkpt>
      <trkpt lat="42.311916" lon="2.135456"></trkpt>
      <trkpt lat="42.3117" lon="2.134854"></trkpt>
      <trkpt lat="42.31168" lon="2.132737"></trkpt>
      <trkpt lat="42.312353" lon="2.131087"></trkpt>
      <trkpt lat="42.312879" lon="2.130571"></trkpt>
      <trkpt lat="42.313466" lon="2.1303"></trkpt>
      <trkpt lat="42.313479" lon="2.129988"></trkpt>
      <trkpt lat="42.313212" lon="2.129288"></trkpt>
      <trkpt lat="42.313485" lon="2.128018"></trkpt>
      <trkpt lat="42.314388" lon="2.127086"></trkpt>
      <trkpt lat="42.315086" lon="2.127003"></trkpt>
      <trkpt lat="42.315297" lon="2.126797"></trkpt>
      <trkpt lat="42.315238" lon="2.126538"></trkpt>
      <trkpt lat="42.314175" lon="2.125231"></trkpt>
      <trkpt lat="42.313781" lon="2.12352"></trkpt>
      <trkpt lat="42.314003" lon="2.122538"></trkpt>
      <trkpt lat="42.314258" lon="2.122222"></trkpt>
      <trkpt lat="42.314495" lon="2.121157"></trkpt>
      <trkpt lat="42.314932" lon="2.120695"></trkpt>
      <trkpt lat="42.314921" lon="2.119798"></trkpt>
      <trkpt lat="42.315457" lon="2.119216"></trkpt>
      <trkpt lat="42.315362" lon="2.118261"></trkpt>
      <trkpt lat="42.315627" lon="2.117052"></trkpt>
      <trkpt lat="42.315934" lon="2.116343"></trkpt>
      <trkpt lat="42.316031" lon="2.114212"></trkpt>
      <trkpt lat="42.316273" lon="2.113769"></trkpt>
      <trkpt lat="42.316963" lon="2.113592"></trkpt>
      <trkpt lat="42.317783" lon="2.113164"></trkpt>
      <trkpt lat="42.319161" lon="2.112961"></trkpt>
      <trkpt lat="42.320094" lon="2.112452"></trkpt>
      <trkpt lat="42.3202" lon="2.112219"></trkpt>
      <trkpt lat="42.320273" lon="2.111429"></trkpt>
      <trkpt lat="42.319978" lon="2.109677"></trkpt>
      <trkpt lat="42.319191" lon="2.109007"></trkpt>
      <trkpt lat="42.318604" lon="2.108846"></trkpt>
      <trkpt lat="42.318483" lon="2.108374"></trkpt>
      <trkpt lat="42.318582" lon="2.107773"></trkpt>
      <trkpt lat="42.319211" lon="2.105882"></trkpt>
      <trkpt lat="42.319381" lon="2.105652"></trkpt>
      <trkpt lat="42.319811" lon="2.105397"></trkpt>
      <trkpt lat="42.319884" lon="2.105199"></trkpt>
      <trkpt lat="42.319472" lon="2.104083"></trkpt>
      <trkpt lat="42.31864" lon="2.104428"></trkpt>
      <trkpt lat="42.318296" lon="2.104345"></trkpt>
      <trkpt lat="42.318139" lon="2.102904"></trkpt>
      <trkpt lat="42.318383" lon="2.102431"></trkpt>
      <trkpt lat="42.319504" lon="2.101558"></trkpt>
      <trkpt lat="42.32024" lon="2.100206"></trkpt>
      <trkpt lat="42.320679" lon="2.100046"></trkpt>
      <trkpt lat="42.321726" lon="2.100107"></trkpt>
      <trkpt lat="42.322" lon="2.099945"></trkpt>
      <trkpt lat="42.322041" lon="2.099586"></trkpt>
      <trkpt lat="42.321919" lon="2.099173"></trkpt>
      <trkpt lat="42.320533" lon="2.098034"></trkpt>
      <trkpt lat="42.320423" lon="2.097829"></trkpt>
      <trkpt lat="42.3206" lon="2.09706"></trkpt>
      <trkpt lat="42.321134" lon="2.096556"></trkpt>
      <trkpt lat="42.321622" lon="2.09548"></trkpt>
      <trkpt lat="42.32212" lon="2.095033"></trkpt>
      <trkpt lat="42.322454" lon="2.094878"></trkpt>
      <trkpt lat="42.322733" lon="2.094865"></trkpt>
      <trkpt lat="42.324064" lon="2.095332"></trkpt>
      <trkpt lat="42.324399" lon="2.095334"></trkpt>
      <trkpt lat="42.324594" lon="2.095134"></trkpt>
      <trkpt lat="42.324516" lon="2.093188"></trkpt>
      <trkpt lat="42.324923" lon="2.092476"></trkpt>
      <trkpt lat="42.325015" lon="2.092061"></trkpt>
      <trkpt lat="42.324281" lon="2.09126"></trkpt>
      <trkpt lat="42.324301" lon="2.090255"></trkpt>
      <trkpt lat="42.324799" lon="2.088788"></trkpt>
      <trkpt lat="42.325749" lon="2.086948"></trkpt>
      <trkpt lat="42.326781" lon="2.086741"></trkpt>
      <trkpt lat="42.326924" lon="2.086595"></trkpt>
      <trkpt lat="42.326867" lon="2.086289"></trkpt>
      <trkpt lat="42.32643" lon="2.085606"></trkpt>
      <trkpt lat="42.326389" lon="2.08443"></trkpt>
      <trkpt lat="42.326102" lon="2.083413"></trkpt>
      <trkpt lat="42.326556" lon="2.082228"></trkpt>
      <trkpt lat="42.326247" lon="2.080975"></trkpt>
      <trkpt lat="42.326505" lon="2.079608"></trkpt>
      <trkpt lat="42.326327" lon="2.078467"></trkpt>
      <trkpt lat="42.326664" lon="2.077931"></trkpt>
      <trkpt lat="42.327681" lon="2.077231"></trkpt>
      <trkpt lat="42.327814" lon="2.076892"></trkpt>
      <trkpt lat="42.327725" lon="2.076694"></trkpt>
      <trkpt lat="42.325716" lon="2.075713"></trkpt>
      <trkpt lat="42.325441" lon="2.074926"></trkpt>
      <trkpt lat="42.325516" lon="2.0742"></trkpt>
      <trkpt lat="42.326348" lon="2.072289"></trkpt>
      <trkpt lat="42.326651" lon="2.071856"></trkpt>
      <trkpt lat="42.326972" lon="2.071633"></trkpt>
      <trkpt lat="42.327198" lon="2.071621"></trkpt>
      <trkpt lat="42.327503" lon="2.071811"></trkpt>
      <trkpt lat="42.327856" lon="2.07242"></trkpt>
      <trkpt lat="42.329073" lon="2.073815"></trkpt>
      <trkpt lat="42.330959" lon="2.074252"></trkpt>
      <trkpt lat="42.33148" lon="2.074114"></trkpt>
      <trkpt lat="42.331893" lon="2.074329"></trkpt>
      <trkpt lat="42.332126" lon="2.074072"></trkpt>
      <trkpt lat="42.33232" lon="2.073113"></trkpt>
      <trkpt lat="42.333167" lon="2.072488"></trkpt>
      <trkpt lat="42.334318" lon="2.072055"></trkpt>
      <trkpt lat="42.334388" lon="2.071944"></trkpt>
      <trkpt lat="42.334354" lon="2.071651"></trkpt>
      <trkpt lat="42.334106" lon="2.071488"></trkpt>
      <trkpt lat="42.333398" lon="2.071313"></trkpt>
      <trkpt lat="42.331541" lon="2.07133"></trkpt>
      <trkpt lat="42.331149" lon="2.071192"></trkpt>
      <trkpt lat="42.330929" lon="2.07091"></trkpt>
      <trkpt lat="42.330729" lon="2.069586"></trkpt>
      <trkpt lat="42.330401" lon="2.068538"></trkpt>
      <trkpt lat="42.330417" lon="2.066839"></trkpt>
      <trkpt lat="42.331864" lon="2.062086"></trkpt>
      <trkpt lat="42.332004" lon="2.06106"></trkpt>
      <trkpt lat="42.331797" lon="2.060732"></trkpt>
      <trkpt lat="42.330701" lon="2.061255"></trkpt>
      <trkpt lat="42.329467" lon="2.061249"></trkpt>
      <trkpt lat="42.32902" lon="2.05943"></trkpt>
      <trkpt lat="42.329892" lon="2.056724"></trkpt>
      <trkpt lat="42.329919" lon="2.055358"></trkpt>
      <trkpt lat="42.330033" lon="2.05475"></trkpt>
      <trkpt lat="42.329698" lon="2.053726"></trkpt>
      <trkpt lat="42.329113" lon="2.05256"></trkpt>
      <trkpt lat="42.329245" lon="2.052248"></trkpt>
      <trkpt lat="42.329735" lon="2.051669"></trkpt>
      <trkpt lat="42.330153" lon="2.050699"></trkpt>
      <trkpt lat="42.328885" lon="2.048775"></trkpt>
      <trkpt lat="42.328706" lon="2.047838"></trkpt>
      <trkpt lat="42.3289" lon="2.047413"></trkpt>
      <trkpt lat="42.329888" lon="2.046747"></trkpt>
      <trkpt lat="42.330119" lon="2.046077"></trkpt>
      <trkpt lat="42.329473" lon="2.044499"></trkpt>
      <trkpt lat="42.328883" lon="2.044244"></trkpt>
      <trkpt lat="42.328448" lon="2.043396"></trkpt>
      <trkpt lat="42.327133" lon="2.042678"></trkpt>
      <trkpt lat="42.326607" lon="2.042136"></trkpt>
      <trkpt lat="42.326354" lon="2.041155"></trkpt>
      <trkpt lat="42.326406" lon="2.040168"></trkpt>
      <trkpt lat="42.326274" lon="2.039839"></trkpt>
      <trkpt lat="42.325902" lon="2.039473"></trkpt>
      <trkpt lat="42.325908" lon="2.039115"></trkpt>
      <trkpt lat="42.326391" lon="2.038494"></trkpt>
      <trkpt lat="42.32681" lon="2.038286"></trkpt>
      <trkpt lat="42.32826" lon="2.038494"></trkpt>
      <trkpt lat="42.32974" lon="2.039269"></trkpt>
      <trkpt lat="42.331932" lon="2.039348"></trkpt>
      <trkpt lat="42.332184" lon="2.039498"></trkpt>
      <trkpt lat="42.333298" lon="2.040722"></trkpt>
      <trkpt lat="42.335662" lon="2.041355"></trkpt>
      <trkpt lat="42.335758" lon="2.041013"></trkpt>
      <trkpt lat="42.335478" lon="2.040106"></trkpt>
      <trkpt lat="42.335385" lon="2.039318"></trkpt>
      <trkpt lat="42.334847" lon="2.038811"></trkpt>
      <trkpt lat="42.33456" lon="2.038311"></trkpt>
      <trkpt lat="42.33424" lon="2.036762"></trkpt>
      <trkpt lat="42.333739" lon="2.03555"></trkpt>
      <trkpt lat="42.333717" lon="2.035188"></trkpt>
      <trkpt lat="42.333963" lon="2.034543"></trkpt>
      <trkpt lat="42.335342" lon="2.033473"></trkpt>
      <trkpt lat="42.335967" lon="2.033298"></trkpt>
      <trkpt lat="42.336253" lon="2.033373"></trkpt>
      <trkpt lat="42.336946" lon="2.033997"></trkpt>
      <trkpt lat="42.3377" lon="2.03446"></trkpt>
      <trkpt lat="42.338081" lon="2.033931"></trkpt>
      <trkpt lat="42.338608" lon="2.033731"></trkpt>
      <trkpt lat="42.339433" lon="2.032965"></trkpt>
      <trkpt lat="42.340547" lon="2.031416"></trkpt>
      <trkpt lat="42.341011" lon="2.031041"></trkpt>
      <trkpt lat="42.340974" lon="2.030812"></trkpt>
      <trkpt lat="42.340454" lon="2.030529"></trkpt>
      <trkpt lat="42.340094" lon="2.030421"></trkpt>
      <trkpt lat="42.339676" lon="2.030496"></trkpt>
      <trkpt lat="42.339537" lon="2.030362"></trkpt>
      <trkpt lat="42.340036" lon="2.029692"></trkpt>
      <trkpt lat="42.340436" lon="2.029413"></trkpt>
      <trkpt lat="42.340568" lon="2.029093"></trkpt>
      <trkpt lat="42.340439" lon="2.02893"></trkpt>
      <trkpt lat="42.339783" lon="2.028893"></trkpt>
      <trkpt lat="42.339048" lon="2.029133"></trkpt>
      <trkpt lat="42.338872" lon="2.029097"></trkpt>
      <trkpt lat="42.338509" lon="2.028728"></trkpt>
      <trkpt lat="42.337986" lon="2.029238"></trkpt>
      <trkpt lat="42.337703" lon="2.029405"></trkpt>
      <trkpt lat="42.337407" lon="2.029421"></trkpt>
      <trkpt lat="42.336539" lon="2.028297"></trkpt>
      <trkpt lat="42.335622" lon="2.027398"></trkpt>
      <trkpt lat="42.335358" lon="2.026365"></trkpt>
      <trkpt lat="42.334727" lon="2.026303"></trkpt>
      <trkpt lat="42.334336" lon="2.025695"></trkpt>
      <trkpt lat="42.33247" lon="2.025845"></trkpt>
      <trkpt lat="42.331116" lon="2.025462"></trkpt>
      <trkpt lat="42.330454" lon="2.025408"></trkpt>
      <trkpt lat="42.330171" lon="2.025179"></trkpt>
      <trkpt lat="42.329743" lon="2.024504"></trkpt>
      <trkpt lat="42.329882" lon="2.023272"></trkpt>
      <trkpt lat="42.329756" lon="2.02216"></trkpt>
      <trkpt lat="42.329377" lon="2.022097"></trkpt>
      <trkpt lat="42.328961" lon="2.021814"></trkpt>
      <trkpt lat="42.327869" lon="2.021548"></trkpt>
      <trkpt lat="42.32749" lon="2.021202"></trkpt>
      <trkpt lat="42.327336" lon="2.020303"></trkpt>
      <trkpt lat="42.327373" lon="2.019541"></trkpt>
      <trkpt lat="42.327721" lon="2.018851"></trkpt>
      <trkpt lat="42.328771" lon="2.017538"></trkpt>
      <trkpt lat="42.328854" lon="2.016297"></trkpt>
      <trkpt lat="42.329158" lon="2.015698"></trkpt>
      <trkpt lat="42.330633" lon="2.014045"></trkpt>
      <trkpt lat="42.330962" lon="2.013824"></trkpt>
      <trkpt lat="42.332172" lon="2.013628"></trkpt>
      <trkpt lat="42.333474" lon="2.013787"></trkpt>
      <trkpt lat="42.333523" lon="2.012329"></trkpt>
      <trkpt lat="42.333942" lon="2.011684"></trkpt>
      <trkpt lat="42.334834" lon="2.011014"></trkpt>
      <trkpt lat="42.33577" lon="2.01118"></trkpt>
      <trkpt lat="42.335955" lon="2.011139"></trkpt>
      <trkpt lat="42.336016" lon="2.011"></trkpt>
      <trkpt lat="42.335039" lon="2.008968"></trkpt>
      <trkpt lat="42.334401" lon="2.009175"></trkpt>
      <trkpt lat="42.333745" lon="2.009234"></trkpt>
      <trkpt lat="42.332971" lon="2.00909"></trkpt>
      <trkpt lat="42.332545" lon="2.008823"></trkpt>
      <trkpt lat="42.332467" lon="2.008429"></trkpt>
      <trkpt lat="42.332957" lon="2.006562"></trkpt>
      <trkpt lat="42.332959" lon="2.006173"></trkpt>
      <trkpt lat="42.332807" lon="2.005993"></trkpt>
      <trkpt lat="42.331403" lon="2.005369"></trkpt>
      <trkpt lat="42.33096" lon="2.004847"></trkpt>
      <trkpt lat="42.330956" lon="2.004516"></trkpt>
      <trkpt lat="42.331093" lon="2.004282"></trkpt>
      <trkpt lat="42.331611" lon="2.004004"></trkpt>
      <trkpt lat="42.332627" lon="2.002599"></trkpt>
      <trkpt lat="42.334303" lon="2.001739"></trkpt>
      <trkpt lat="42.334709" lon="2.00088"></trkpt>
      <trkpt lat="42.335361" lon="2.000038"></trkpt>
      <trkpt lat="42.33536" lon="1.999818"></trkpt>
      <trkpt lat="42.334932" lon="1.999011"></trkpt>
      <trkpt lat="42.334899" lon="1.998717"></trkpt>
      <trkpt lat="42.335779" lon="1.996536"></trkpt>
      <trkpt lat="42.335133" lon="1.995967"></trkpt>
      <trkpt lat="42.335032" lon="1.995341"></trkpt>
      <trkpt lat="42.334706" lon="1.994997"></trkpt>
      <trkpt lat="42.334637" lon="1.994679"></trkpt>
      <trkpt lat="42.334869" lon="1.99334"></trkpt>
      <trkpt lat="42.335441" lon="1.991669"></trkpt>
      <trkpt lat="42.336029" lon="1.991118"></trkpt>
      <trkpt lat="42.337402" lon="1.990981"></trkpt>
      <trkpt lat="42.338168" lon="1.98949"></trkpt>
      <trkpt lat="42.338536" lon="1.98924"></trkpt>
      <trkpt lat="42.340523" lon="1.989879"></trkpt>
      <trkpt lat="42.341372" lon="1.990641"></trkpt>
      <trkpt lat="42.34162" lon="1.99053"></trkpt>
      <trkpt lat="42.341789" lon="1.99012"></trkpt>
      <trkpt lat="42.341944" lon="1.988396"></trkpt>
      <trkpt lat="42.341761" lon="1.987548"></trkpt>
      <trkpt lat="42.341273" lon="1.98643"></trkpt>
      <trkpt lat="42.341185" lon="1.985377"></trkpt>
      <trkpt lat="42.341459" lon="1.984399"></trkpt>
      <trkpt lat="42.340991" lon="1.983324"></trkpt>
      <trkpt lat="42.341049" lon="1.982691"></trkpt>
      <trkpt lat="42.341296" lon="1.982298"></trkpt>
      <trkpt lat="42.341847" lon="1.98178"></trkpt>
      <trkpt lat="42.342638" lon="1.981393"></trkpt>
      <trkpt lat="42.342877" lon="1.980448"></trkpt>
      <trkpt lat="42.343139" lon="1.97998"></trkpt>
      <trkpt lat="42.344115" lon="1.978981"></trkpt>
      <trkpt lat="42.344933" lon="1.978437"></trkpt>
      <trkpt lat="42.346794" lon="1.978143"></trkpt>
      <trkpt lat="42.34732" lon="1.978326"></trkpt>
      <trkpt lat="42.347616" lon="1.978662"></trkpt>
      <trkpt lat="42.347687" lon="1.979318"></trkpt>
      <trkpt lat="42.347582" lon="1.980009"></trkpt>
      <trkpt lat="42.347587" lon="1.981406"></trkpt>
      <trkpt lat="42.34777" lon="1.982338"></trkpt>
      <trkpt lat="42.347115" lon="1.98366"></trkpt>
      <trkpt lat="42.347053" lon="1.98417"></trkpt>
      <trkpt lat="42.347213" lon="1.984327"></trkpt>
      <trkpt lat="42.347886" lon="1.984147"></trkpt>
      <trkpt lat="42.348392" lon="1.984355"></trkpt>
      <trkpt lat="42.348697" lon="1.98473"></trkpt>
      <trkpt lat="42.349088" lon="1.985793"></trkpt>
      <trkpt lat="42.349269" lon="1.986551"></trkpt>
      <trkpt lat="42.349343" lon="1.987739"></trkpt>
      <trkpt lat="42.349555" lon="1.988171"></trkpt>
      <trkpt lat="42.349248" lon="1.991879"></trkpt>
      <trkpt lat="42.349533" lon="1.993446"></trkpt>
      <trkpt lat="42.34988" lon="1.993754"></trkpt>
      <trkpt lat="42.350266" lon="1.994451"></trkpt>
      <trkpt lat="42.350523" lon="1.994378"></trkpt>
      <trkpt lat="42.350291" lon="1.992988"></trkpt>
      <trkpt lat="42.350444" lon="1.991644"></trkpt>
      <trkpt lat="42.351526" lon="1.988449"></trkpt>
      <trkpt lat="42.351728" lon="1.988282"></trkpt>
      <trkpt lat="42.352167" lon="1.98864"></trkpt>
      <trkpt lat="42.352343" lon="1.988335"></trkpt>
      <trkpt lat="42.352201" lon="1.987674"></trkpt>
      <trkpt lat="42.351591" lon="1.986804"></trkpt>
      <trkpt lat="42.351351" lon="1.985537"></trkpt>
      <trkpt lat="42.351368" lon="1.984691"></trkpt>
      <trkpt lat="42.351649" lon="1.984064"></trkpt>
      <trkpt lat="42.351685" lon="1.983309"></trkpt>
      <trkpt lat="42.351964" lon="1.982518"></trkpt>
      <trkpt lat="42.352782" lon="1.981317"></trkpt>
      <trkpt lat="42.352968" lon="1.980528"></trkpt>
      <trkpt lat="42.353168" lon="1.980399"></trkpt>
      <trkpt lat="42.353749" lon="1.980663"></trkpt>
      <trkpt lat="42.353937" lon="1.980564"></trkpt>
      <trkpt lat="42.354009" lon="1.979945"></trkpt>
      <trkpt lat="42.353646" lon="1.978573"></trkpt>
      <trkpt lat="42.353649" lon="1.978024"></trkpt>
      <trkpt lat="42.354091" lon="1.977216"></trkpt>
      <trkpt lat="42.354848" lon="1.976636"></trkpt>
      <trkpt lat="42.354668" lon="1.975715"></trkpt>
      <trkpt lat="42.354765" lon="1.975195"></trkpt>
      <trkpt lat="42.355035" lon="1.974664"></trkpt>
      <trkpt lat="42.355636" lon="1.974057"></trkpt>
      <trkpt lat="42.356004" lon="1.972736"></trkpt>
      <trkpt lat="42.35663" lon="1.972359"></trkpt>
      <trkpt lat="42.356739" lon="1.972158"></trkpt>
      <trkpt lat="42.356323" lon="1.971052"></trkpt>
      <trkpt lat="42.35637" lon="1.97059"></trkpt>
      <trkpt lat="42.356626" lon="1.970387"></trkpt>
      <trkpt lat="42.357046" lon="1.970286"></trkpt>
      <trkpt lat="42.357321" lon="1.97035"></trkpt>
      <trkpt lat="42.358029" lon="1.970854"></trkpt>
      <trkpt lat="42.358282" lon="1.970824"></trkpt>
      <trkpt lat="42.358502" lon="1.968266"></trkpt>
      <trkpt lat="42.35908" lon="1.96788"></trkpt>
      <trkpt lat="42.359382" lon="1.96694"></trkpt>
      <trkpt lat="42.359485" lon="1.965807"></trkpt>
      <trkpt lat="42.359736" lon="1.965247"></trkpt>
      <trkpt lat="42.360099" lon="1.964772"></trkpt>
      <trkpt lat="42.360683" lon="1.964516"></trkpt>
      <trkpt lat="42.360903" lon="1.964123"></trkpt>
      <trkpt lat="42.361025" lon="1.962662"></trkpt>
      <trkpt lat="42.361374" lon="1.961709"></trkpt>
      <trkpt lat="42.361644" lon="1.961625"></trkpt>
      <trkpt lat="42.36247" lon="1.961728"></trkpt>
      <trkpt lat="42.362744" lon="1.96194"></trkpt>
      <trkpt lat="42.362938" lon="1.9624"></trkpt>
      <trkpt lat="42.363101" lon="1.962448"></trkpt>
      <trkpt lat="42.363738" lon="1.961725"></trkpt>
      <trkpt lat="42.36389" lon="1.960911"></trkpt>
      <trkpt lat="42.364255" lon="1.960514"></trkpt>
      <trkpt lat="42.365119" lon="1.960178"></trkpt>
      <trkpt lat="42.365776" lon="1.960124"></trkpt>
      <trkpt lat="42.366527" lon="1.959701"></trkpt>
      <trkpt lat="42.367203" lon="1.959596"></trkpt>
      <trkpt lat="42.367348" lon="1.959468"></trkpt>
      <trkpt lat="42.367261" lon="1.959036"></trkpt>
      <trkpt lat="42.364314" lon="1.958061"></trkpt>
      <trkpt lat="42.363635" lon="1.958084"></trkpt>
      <trkpt lat="42.362556" lon="1.957781"></trkpt>
      <trkpt lat="42.362244" lon="1.957546"></trkpt>
      <trkpt lat="42.361857" lon="1.957"></trkpt>
      <trkpt lat="42.361057" lon="1.957182"></trkpt>
      <trkpt lat="42.360699" lon="1.957083"></trkpt>
      <trkpt lat="42.360381" lon="1.956671"></trkpt>
      <trkpt lat="42.360217" lon="1.956075"></trkpt>
      <trkpt lat="42.360932" lon="1.95484"></trkpt>
      <trkpt lat="42.360965" lon="1.954604"></trkpt>
      <trkpt lat="42.360775" lon="1.954386"></trkpt>
      <trkpt lat="42.359499" lon="1.954341"></trkpt>
      <trkpt lat="42.358977" lon="1.953991"></trkpt>
      <trkpt lat="42.357499" lon="1.954365"></trkpt>
      <trkpt lat="42.356951" lon="1.95436"></trkpt>
      <trkpt lat="42.356771" lon="1.954252"></trkpt>
      <trkpt lat="42.356613" lon="1.953916"></trkpt>
      <trkpt lat="42.356333" lon="1.95175"></trkpt>
      <trkpt lat="42.356532" lon="1.949881"></trkpt>
      <trkpt lat="42.356516" lon="1.949459"></trkpt>
      <trkpt lat="42.356413" lon="1.94932"></trkpt>
      <trkpt lat="42.356063" lon="1.949472"></trkpt>
      <trkpt lat="42.355599" lon="1.950402"></trkpt>
      <trkpt lat="42.355144" lon="1.950924"></trkpt>
      <trkpt lat="42.354229" lon="1.952952"></trkpt>
      <trkpt lat="42.353951" lon="1.952997"></trkpt>
      <trkpt lat="42.353401" lon="1.952731"></trkpt>
      <trkpt lat="42.352433" lon="1.95262"></trkpt>
      <trkpt lat="42.35205" lon="1.952398"></trkpt>
      <trkpt lat="42.351893" lon="1.952055"></trkpt>
      <trkpt lat="42.351752" lon="1.950841"></trkpt>
      <trkpt lat="42.351501" lon="1.950074"></trkpt>
      <trkpt lat="42.351363" lon="1.94982"></trkpt>
      <trkpt lat="42.351095" lon="1.949643"></trkpt>
      <trkpt lat="42.350735" lon="1.948985"></trkpt>
      <trkpt lat="42.350914" lon="1.948328"></trkpt>
      <trkpt lat="42.350786" lon="1.947439"></trkpt>
      <trkpt lat="42.350992" lon="1.946667"></trkpt>
      <trkpt lat="42.350569" lon="1.946186"></trkpt>
      <trkpt lat="42.350417" lon="1.945211"></trkpt>
      <trkpt lat="42.349989" lon="1.944319"></trkpt>
      <trkpt lat="42.350076" lon="1.944154"></trkpt>
      <trkpt lat="42.35024" lon="1.944111"></trkpt>
      <trkpt lat="42.351041" lon="1.944441"></trkpt>
      <trkpt lat="42.351613" lon="1.943826"></trkpt>
      <trkpt lat="42.351933" lon="1.94128"></trkpt>
      <trkpt lat="42.35195" lon="1.939194"></trkpt>
      <trkpt lat="42.352308" lon="1.938788"></trkpt>
      <trkpt lat="42.352823" lon="1.938506"></trkpt>
      <trkpt lat="42.352984" lon="1.937957"></trkpt>
      <trkpt lat="42.352657" lon="1.936837"></trkpt>
      <trkpt lat="42.352917" lon="1.935393"></trkpt>
      <trkpt lat="42.352516" lon="1.934114"></trkpt>
      <trkpt lat="42.352553" lon="1.933636"></trkpt>
      <trkpt lat="42.352736" lon="1.933223"></trkpt>
      <trkpt lat="42.353721" lon="1.932435"></trkpt>
      <trkpt lat="42.354911" lon="1.932055"></trkpt>
      <trkpt lat="42.355162" lon="1.932069"></trkpt>
      <trkpt lat="42.356775" lon="1.930866"></trkpt>
      <trkpt lat="42.357261" lon="1.930731"></trkpt>
      <trkpt lat="42.357455" lon="1.930914"></trkpt>
      <trkpt lat="42.357627" lon="1.930924"></trkpt>
      <trkpt lat="42.357964" lon="1.930097"></trkpt>
      <trkpt lat="42.358781" lon="1.929511"></trkpt>
      <trkpt lat="42.358801" lon="1.928309"></trkpt>
      <trkpt lat="42.359214" lon="1.92744"></trkpt>
      <trkpt lat="42.359998" lon="1.92697"></trkpt>
      <trkpt lat="42.360582" lon="1.926806"></trkpt>
      <trkpt lat="42.360755" lon="1.926556"></trkpt>
      <trkpt lat="42.36089" lon="1.926009"></trkpt>
      <trkpt lat="42.361406" lon="1.925795"></trkpt>
      <trkpt lat="42.361479" lon="1.925553"></trkpt>
      <trkpt lat="42.361035" lon="1.924281"></trkpt>
      <trkpt lat="42.361058" lon="1.923939"></trkpt>
      <trkpt lat="42.361687" lon="1.923243"></trkpt>
      <trkpt lat="42.361981" lon="1.922536"></trkpt>
      <trkpt lat="42.362183" lon="1.922376"></trkpt>
      <trkpt lat="42.362834" lon="1.922214"></trkpt>
      <trkpt lat="42.3632" lon="1.921042"></trkpt>
      <trkpt lat="42.363177" lon="1.920346"></trkpt>
      <trkpt lat="42.363288" lon="1.920001"></trkpt>
      <trkpt lat="42.364315" lon="1.91935"></trkpt>
      <trkpt lat="42.364581" lon="1.919044"></trkpt>
      <trkpt lat="42.364547" lon="1.918116"></trkpt>
      <trkpt lat="42.364727" lon="1.917637"></trkpt>
      <trkpt lat="42.364422" lon="1.916643"></trkpt>
      <trkpt lat="42.364487" lon="1.915961"></trkpt>
      <trkpt lat="42.365187" lon="1.915043"></trkpt>
      <trkpt lat="42.366315" lon="1.914406"></trkpt>
      <trkpt lat="42.366898" lon="1.912094"></trkpt>
      <trkpt lat="42.367662" lon="1.911167"></trkpt>
      <trkpt lat="42.369386" lon="1.909979"></trkpt>
      <trkpt lat="42.369685" lon="1.909468"></trkpt>
      <trkpt lat="42.370294" lon="1.90771"></trkpt>
      <trkpt lat="42.370529" lon="1.907708"></trkpt>
      <trkpt lat="42.371127" lon="1.908375"></trkpt>
      <trkpt lat="42.37147" lon="1.908973"></trkpt>
      <trkpt lat="42.371725" lon="1.909003"></trkpt>
      <trkpt lat="42.372152" lon="1.907579"></trkpt>
      <trkpt lat="42.372402" lon="1.907167"></trkpt>
      <trkpt lat="42.37238" lon="1.906324"></trkpt>
      <trkpt lat="42.372587" lon="1.905754"></trkpt>
      <trkpt lat="42.373276" lon="1.905553"></trkpt>
      <trkpt lat="42.374061" lon="1.905598"></trkpt>
      <trkpt lat="42.374521" lon="1.905278"></trkpt>
      <trkpt lat="42.374669" lon="1.904528"></trkpt>
      <trkpt lat="42.374648" lon="1.903666"></trkpt>
      <trkpt lat="42.373942" lon="1.902676"></trkpt>
      <trkpt lat="42.373736" lon="1.902156"></trkpt>
      <trkpt lat="42.373781" lon="1.901798"></trkpt>
      <trkpt lat="42.374043" lon="1.90131"></trkpt>
      <trkpt lat="42.37463" lon="1.900684"></trkpt>
      <trkpt lat="42.375906" lon="1.899899"></trkpt>
      <trkpt lat="42.376203" lon="1.899458"></trkpt>
      <trkpt lat="42.376618" lon="1.899226"></trkpt>
      <trkpt lat="42.377395" lon="1.899126"></trkpt>
      <trkpt lat="42.378692" lon="1.899308"></trkpt>
      <trkpt lat="42.379195" lon="1.899479"></trkpt>
      <trkpt lat="42.379425" lon="1.899698"></trkpt>
      <trkpt lat="42.379903" lon="1.900936"></trkpt>
      <trkpt lat="42.380333" lon="1.901685"></trkpt>
      <trkpt lat="42.380327" lon="1.902006"></trkpt>
      <trkpt lat="42.379927" lon="1.903063"></trkpt>
      <trkpt lat="42.379965" lon="1.903396"></trkpt>
      <trkpt lat="42.380169" lon="1.903507"></trkpt>
      <trkpt lat="42.380565" lon="1.903331"></trkpt>
      <trkpt lat="42.38093" lon="1.903336"></trkpt>
      <trkpt lat="42.382015" lon="1.903853"></trkpt>
      <trkpt lat="42.38214" lon="1.904018"></trkpt>
      <trkpt lat="42.382098" lon="1.904522"></trkpt>
      <trkpt lat="42.381601" lon="1.906031"></trkpt>
      <trkpt lat="42.381238" lon="1.906664"></trkpt>
      <trkpt lat="42.381326" lon="1.907056"></trkpt>
      <trkpt lat="42.381779" lon="1.907289"></trkpt>
      <trkpt lat="42.383415" lon="1.90639"></trkpt>
      <trkpt lat="42.383814" lon="1.906382"></trkpt>
      <trkpt lat="42.384175" lon="1.90708"></trkpt>
      <trkpt lat="42.384363" lon="1.907227"></trkpt>
      <trkpt lat="42.391314" lon="1.910484"></trkpt>
      <trkpt lat="42.391624" lon="1.91088"></trkpt>
      <trkpt lat="42.392811" lon="1.913446"></trkpt>
      <trkpt lat="42.393105" lon="1.91356"></trkpt>
      <trkpt lat="42.394294" lon="1.913101"></trkpt>
      <trkpt lat="42.394763" lon="1.913177"></trkpt>
      <trkpt lat="42.395358" lon="1.913643"></trkpt>
      <trkpt lat="42.39615" lon="1.914859"></trkpt>
      <trkpt lat="42.396703" lon="1.915369"></trkpt>
      <trkpt lat="42.397374" lon="1.915759"></trkpt>
      <trkpt lat="42.398058" lon="1.915801"></trkpt>
      <trkpt lat="42.398738" lon="1.915561"></trkpt>
      <trkpt lat="42.399151" lon="1.915536"></trkpt>
      <trkpt lat="42.400109" lon="1.916052"></trkpt>
      <trkpt lat="42.400771" lon="1.915669"></trkpt>
      <trkpt lat="42.401594" lon="1.915662"></trkpt>
      <trkpt lat="42.403221" lon="1.91517"></trkpt>
      <trkpt lat="42.404117" lon="1.915234"></trkpt>
      <trkpt lat="42.40606" lon="1.916184"></trkpt>
      <trkpt lat="42.424896" lon="1.923253"></trkpt>
      <trkpt lat="42.425527" lon="1.923885"></trkpt>
      <trkpt lat="42.425722" lon="1.923801"></trkpt>
      <trkpt lat="42.425828" lon="1.923553"></trkpt>
      <trkpt lat="42.425661" lon="1.922565"></trkpt>
      <trkpt lat="42.425883" lon="1.91899"></trkpt>
      <trkpt lat="42.427043" lon="1.918842"></trkpt>
      <trkpt lat="42.428316" lon="1.918511"></trkpt>
      <trkpt lat="42.42954" lon="1.91859"></trkpt>
      <trkpt lat="42.431641" lon="1.91926"></trkpt>
      <trkpt lat="42.431894" lon="1.919217"></trkpt>
      <trkpt lat="42.432029" lon="1.919706"></trkpt>
      <trkpt lat="42.432428" lon="1.919616"></trkpt>
      <trkpt lat="42.432802" lon="1.921415"></trkpt>
      <trkpt lat="42.433824" lon="1.921768"></trkpt>
      <trkpt lat="42.433861" lon="1.92189"></trkpt>
      <trkpt lat="42.433942" lon="1.921843"></trkpt>
      <trkpt lat="42.434104" lon="1.923248"></trkpt>
      <trkpt lat="42.435042" lon="1.923237"></trkpt>
      <trkpt lat="42.436602" lon="1.921809"></trkpt>
      <trkpt lat="42.436867" lon="1.920996"></trkpt>
      <trkpt lat="42.440175" lon="1.916912"></trkpt>
      <trkpt lat="42.442163" lon="1.915258"></trkpt>
      <trkpt lat="42.445768" lon="1.912989"></trkpt>
      <trkpt lat="42.449825" lon="1.909035"></trkpt>
      <trkpt lat="42.451218" lon="1.90822"></trkpt>
      <trkpt lat="42.453757" lon="1.905047"></trkpt>
      <trkpt lat="42.455348" lon="1.90397"></trkpt>
      <trkpt lat="42.457152" lon="1.902284"></trkpt>
      <trkpt lat="42.459653" lon="1.90022"></trkpt>
      <trkpt lat="42.461207" lon="1.89933"></trkpt>
      <trkpt lat="42.461551" lon="1.898995"></trkpt>
      <trkpt lat="42.462178" lon="1.898021"></trkpt>
      <trkpt lat="42.462308" lon="1.897124"></trkpt>
      <trkpt lat="42.462734" lon="1.896817"></trkpt>
      <trkpt lat="42.463067" lon="1.896144"></trkpt>
      <trkpt lat="42.463988" lon="1.893625"></trkpt>
      <trkpt lat="42.464586" lon="1.891709"></trkpt>
      <trkpt lat="42.464536" lon="1.890394"></trkpt>
      <trkpt lat="42.46504" lon="1.890878"></trkpt>
      <trkpt lat="42.466428" lon="1.886656"></trkpt>
      <trkpt lat="42.466826" lon="1.885741"></trkpt>
      <trkpt lat="42.467284" lon="1.885002"></trkpt>
      <trkpt lat="42.469481" lon="1.882318"></trkpt>
      <trkpt lat="42.469757" lon="1.882137"></trkpt>
      <trkpt lat="42.470248" lon="1.882235"></trkpt>
      <trkpt lat="42.470588" lon="1.882156"></trkpt>
      <trkpt lat="42.471299" lon="1.881475"></trkpt>
      <trkpt lat="42.472921" lon="1.878981"></trkpt>
      <trkpt lat="42.474" lon="1.876069"></trkpt>
      <trkpt lat="42.476829" lon="1.870468"></trkpt>
      <trkpt lat="42.477107" lon="1.869356"></trkpt>
      <trkpt lat="42.479395" lon="1.864654"></trkpt>
      <trkpt lat="42.480454" lon="1.863526"></trkpt>
      <trkpt lat="42.481169" lon="1.863025"></trkpt>
      <trkpt lat="42.481963" lon="1.862701"></trkpt>
      <trkpt lat="42.482621" lon="1.861551"></trkpt>
      <trkpt lat="42.483848" lon="1.860113"></trkpt>
      <trkpt lat="42.484795" lon="1.859541"></trkpt>
      <trkpt lat="42.486311" lon="1.858222"></trkpt>
      <trkpt lat="42.486497" lon="1.857871"></trkpt>
      <trkpt lat="42.486719" lon="1.856836"></trkpt>
      <trkpt lat="42.488353" lon="1.856315"></trkpt>
      <trkpt lat="42.489081" lon="1.855488"></trkpt>
      <trkpt lat="42.490516" lon="1.8534"></trkpt>
      <trkpt lat="42.492288" lon="1.851952"></trkpt>
      <trkpt lat="42.493027" lon="1.850677"></trkpt>
      <trkpt lat="42.494735" lon="1.848333"></trkpt>
      <trkpt lat="42.496032" lon="1.847563"></trkpt>
      <trkpt lat="42.496029" lon="1.847026"></trkpt>
      <trkpt lat="42.496754" lon="1.845635"></trkpt>
      <trkpt lat="42.497235" lon="1.844052"></trkpt>
      <trkpt lat="42.49781" lon="1.842633"></trkpt>
      <trkpt lat="42.498394" lon="1.841945"></trkpt>
      <trkpt lat="42.498787" lon="1.841106"></trkpt>
      <trkpt lat="42.498968" lon="1.839358"></trkpt>
      <trkpt lat="42.499176" lon="1.838837"></trkpt>
      <trkpt lat="42.500912" lon="1.837217"></trkpt>
      <trkpt lat="42.502318" lon="1.836099"></trkpt>
      <trkpt lat="42.502938" lon="1.835792"></trkpt>
      <trkpt lat="42.503422" lon="1.835926"></trkpt>
      <trkpt lat="42.504243" lon="1.835131"></trkpt>
      <trkpt lat="42.506082" lon="1.83376"></trkpt>
      <trkpt lat="42.508704" lon="1.831542"></trkpt>
      <trkpt lat="42.509548" lon="1.830545"></trkpt>
      <trkpt lat="42.510691" lon="1.82852"></trkpt>
      <trkpt lat="42.512334" lon="1.827041"></trkpt>
      <trkpt lat="42.512499" lon="1.826246"></trkpt>
      <trkpt lat="42.51339" lon="1.825304"></trkpt>
      <trkpt lat="42.51371" lon="1.824645"></trkpt>
      <trkpt lat="42.514344" lon="1.824161"></trkpt>
      <trkpt lat="42.51549" lon="1.824392"></trkpt>
      <trkpt lat="42.515927" lon="1.824298"></trkpt>
      <trkpt lat="42.516862" lon="1.823684"></trkpt>
      <trkpt lat="42.517498" lon="1.823016"></trkpt>
      <trkpt lat="42.518166" lon="1.822749"></trkpt>
      <trkpt lat="42.518879" lon="1.822757"></trkpt>
      <trkpt lat="42.520414" lon="1.822296"></trkpt>
      <trkpt lat="42.520863" lon="1.82226"></trkpt>
      <trkpt lat="42.522727" lon="1.822854"></trkpt>
      <trkpt lat="42.524082" lon="1.822678"></trkpt>
      <trkpt lat="42.524627" lon="1.822758"></trkpt>
      <trkpt lat="42.526612" lon="1.823381"></trkpt>
      <trkpt lat="42.527454" lon="1.8241"></trkpt>
      <trkpt lat="42.528532" lon="1.824211"></trkpt>
      <trkpt lat="42.52921" lon="1.823826"></trkpt>
      <trkpt lat="42.531238" lon="1.821778"></trkpt>
      <trkpt lat="42.532067" lon="1.821517"></trkpt>
      <trkpt lat="42.532667" lon="1.821659"></trkpt>
      <trkpt lat="42.533367" lon="1.822149"></trkpt>
      <trkpt lat="42.534524" lon="1.822585"></trkpt>
      <trkpt lat="42.537835" lon="1.824361"></trkpt>
      <trkpt lat="42.54048" lon="1.823869"></trkpt>
      <trkpt lat="42.54187" lon="1.822934"></trkpt>
      <trkpt lat="42.543756" lon="1.821239"></trkpt>
      <trkpt lat="42.572652" lon="1.794207"></trkpt>
      <trkpt lat="42.573892" lon="1.793156"></trkpt>
      <trkpt lat="42.574667" lon="1.792721"></trkpt>
      <trkpt lat="42.575392" lon="1.792464"></trkpt>
      <trkpt lat="42.576304" lon="1.792316"></trkpt>
      <trkpt lat="42.577146" lon="1.792397"></trkpt>
      <trkpt lat="42.577633" lon="1.79255"></trkpt>
      <trkpt lat="42.578173" lon="1.792887"></trkpt>
      <trkpt lat="42.579017" lon="1.79388"></trkpt>
      <trkpt lat="42.579621" lon="1.794227"></trkpt>
      <trkpt lat="42.579758" lon="1.794139"></trkpt>
      <trkpt lat="42.579729" lon="1.793754"></trkpt>
      <trkpt lat="42.577949" lon="1.791893"></trkpt>
      <trkpt lat="42.576532" lon="1.788962"></trkpt>
      <trkpt lat="42.57627" lon="1.789021"></trkpt>
      <trkpt lat="42.576159" lon="1.789404"></trkpt>
      <trkpt lat="42.576178" lon="1.791179"></trkpt>
      <trkpt lat="42.576568" lon="1.792292"></trkpt>
      <trkpt lat="42.576538" lon="1.792505"></trkpt>
      <trkpt lat="42.576417" lon="1.792573"></trkpt>
      <trkpt lat="42.576223" lon="1.792359"></trkpt>
      <trkpt lat="42.574668" lon="1.788425"></trkpt>
      <trkpt lat="42.57454" lon="1.788268"></trkpt>
      <trkpt lat="42.574343" lon="1.788377"></trkpt>
      <trkpt lat="42.574738" lon="1.789695"></trkpt>
      <trkpt lat="42.575199" lon="1.79213"></trkpt>
      <trkpt lat="42.57584" lon="1.793247"></trkpt>
      <trkpt lat="42.575669" lon="1.793593"></trkpt>
      <trkpt lat="42.573524" lon="1.790019"></trkpt>
      <trkpt lat="42.572347" lon="1.788964"></trkpt>
      <trkpt lat="42.571899" lon="1.788743"></trkpt>
      <trkpt lat="42.571685" lon="1.788103"></trkpt>
      <trkpt lat="42.571798" lon="1.787377"></trkpt>
      <trkpt lat="42.570871" lon="1.785999"></trkpt>
      <trkpt lat="42.570608" lon="1.785179"></trkpt>
      <trkpt lat="42.569799" lon="1.784059"></trkpt>
      <trkpt lat="42.569228" lon="1.782808"></trkpt>
      <trkpt lat="42.568446" lon="1.781825"></trkpt>
      <trkpt lat="42.56808" lon="1.781117"></trkpt>
      <trkpt lat="42.567235" lon="1.780338"></trkpt>
      <trkpt lat="42.566829" lon="1.779588"></trkpt>
      <trkpt lat="42.565621" lon="1.77791"></trkpt>
      <trkpt lat="42.565223" lon="1.776571"></trkpt>
      <trkpt lat="42.564419" lon="1.774984"></trkpt>
      <trkpt lat="42.564423" lon="1.774157"></trkpt>
      <trkpt lat="42.564102" lon="1.772995"></trkpt>
      <trkpt lat="42.563723" lon="1.772213"></trkpt>
      <trkpt lat="42.563772" lon="1.771457"></trkpt>
      <trkpt lat="42.563621" lon="1.771223"></trkpt>
      <trkpt lat="42.563417" lon="1.771274"></trkpt>
      <trkpt lat="42.563344" lon="1.77147"></trkpt>
      <trkpt lat="42.563652" lon="1.772859"></trkpt>
      <trkpt lat="42.56349" lon="1.773623"></trkpt>
      <trkpt lat="42.56344" lon="1.775997"></trkpt>
      <trkpt lat="42.563314" lon="1.776313"></trkpt>
      <trkpt lat="42.56296" lon="1.776631"></trkpt>
      <trkpt lat="42.562883" lon="1.776973"></trkpt>
      <trkpt lat="42.562991" lon="1.777328"></trkpt>
      <trkpt lat="42.563396" lon="1.77776"></trkpt>
      <trkpt lat="42.563445" lon="1.778447"></trkpt>
      <trkpt lat="42.563713" lon="1.779388"></trkpt>
      <trkpt lat="42.563717" lon="1.780502"></trkpt>
      <trkpt lat="42.564357" lon="1.78151"></trkpt>
      <trkpt lat="42.564468" lon="1.782071"></trkpt>
      <trkpt lat="42.564287" lon="1.782044"></trkpt>
      <trkpt lat="42.563956" lon="1.781391"></trkpt>
      <trkpt lat="42.563251" lon="1.78108"></trkpt>
      <trkpt lat="42.56295" lon="1.779766"></trkpt>
      <trkpt lat="42.562026" lon="1.778668"></trkpt>
      <trkpt lat="42.561669" lon="1.778476"></trkpt>
      <trkpt lat="42.560892" lon="1.778378"></trkpt>
      <trkpt lat="42.560627" lon="1.778236"></trkpt>
      <trkpt lat="42.560626" lon="1.777833"></trkpt>
      <trkpt lat="42.561003" lon="1.77746"></trkpt>
      <trkpt lat="42.56122" lon="1.776824"></trkpt>
      <trkpt lat="42.560783" lon="1.776038"></trkpt>
      <trkpt lat="42.560955" lon="1.775032"></trkpt>
      <trkpt lat="42.560252" lon="1.772465"></trkpt>
      <trkpt lat="42.560077" lon="1.772125"></trkpt>
      <trkpt lat="42.559111" lon="1.771126"></trkpt>
      <trkpt lat="42.558433" lon="1.770654"></trkpt>
      <trkpt lat="42.557887" lon="1.769566"></trkpt>
      <trkpt lat="42.557283" lon="1.769056"></trkpt>
      <trkpt lat="42.556888" lon="1.768895"></trkpt>
      <trkpt lat="42.556766" lon="1.768631"></trkpt>
      <trkpt lat="42.556983" lon="1.768056"></trkpt>
      <trkpt lat="42.557386" lon="1.767561"></trkpt>
      <trkpt lat="42.558097" lon="1.767181"></trkpt>
      <trkpt lat="42.55861" lon="1.767062"></trkpt>
      <trkpt lat="42.559345" lon="1.766326"></trkpt>
      <trkpt lat="42.559978" lon="1.765889"></trkpt>
      <trkpt lat="42.560241" lon="1.765358"></trkpt>
      <trkpt lat="42.560442" lon="1.763642"></trkpt>
      <trkpt lat="42.560389" lon="1.760008"></trkpt>
      <trkpt lat="42.559749" lon="1.757774"></trkpt>
      <trkpt lat="42.55947" lon="1.756169"></trkpt>
      <trkpt lat="42.559246" lon="1.755723"></trkpt>
      <trkpt lat="42.558943" lon="1.754312"></trkpt>
      <trkpt lat="42.558734" lon="1.751883"></trkpt>
      <trkpt lat="42.558951" lon="1.749874"></trkpt>
      <trkpt lat="42.558562" lon="1.748093"></trkpt>
      <trkpt lat="42.554758" lon="1.742859"></trkpt>
      <trkpt lat="42.554092" lon="1.741471"></trkpt>
      <trkpt lat="42.553631" lon="1.740827"></trkpt>
      <trkpt lat="42.551247" lon="1.738811"></trkpt>
      <trkpt lat="42.55026" lon="1.738181"></trkpt>
      <trkpt lat="42.549267" lon="1.737788"></trkpt>
      <trkpt lat="42.549122" lon="1.737598"></trkpt>
      <trkpt lat="42.548885" lon="1.736302"></trkpt>
      <trkpt lat="42.548601" lon="1.735547"></trkpt>
      <trkpt lat="42.547952" lon="1.734596"></trkpt>
      <trkpt lat="42.547794" lon="1.734114"></trkpt>
      <trkpt lat="42.547093" lon="1.733582"></trkpt>
      <trkpt lat="42.546791" lon="1.733129"></trkpt>
      <trkpt lat="42.544966" lon="1.729793"></trkpt>
      <trkpt lat="42.544064" lon="1.726974"></trkpt>
      <trkpt lat="42.543764" lon="1.72397"></trkpt>
      <trkpt lat="42.544067" lon="1.711593"></trkpt>
      <trkpt lat="42.544446" lon="1.705885"></trkpt>
      <trkpt lat="42.544649" lon="1.703692"></trkpt>
      <trkpt lat="42.545173" lon="1.701465"></trkpt>
      <trkpt lat="42.545598" lon="1.700634"></trkpt>
      <trkpt lat="42.546782" lon="1.699474"></trkpt>
      <trkpt lat="42.547322" lon="1.698698"></trkpt>
      <trkpt lat="42.548064" lon="1.697897"></trkpt>
      <trkpt lat="42.551128" lon="1.695525"></trkpt>
      <trkpt lat="42.551312" lon="1.695465"></trkpt>
      <trkpt lat="42.551524" lon="1.695697"></trkpt>
      <trkpt lat="42.551691" lon="1.695669"></trkpt>
      <trkpt lat="42.551774" lon="1.695034"></trkpt>
      <trkpt lat="42.55332" lon="1.69272"></trkpt>
      <trkpt lat="42.554787" lon="1.691132"></trkpt>
      <trkpt lat="42.557374" lon="1.688881"></trkpt>
      <trkpt lat="42.560698" lon="1.684186"></trkpt>
      <trkpt lat="42.561217" lon="1.683175"></trkpt>
      <trkpt lat="42.562034" lon="1.682172"></trkpt>
      <trkpt lat="42.564032" lon="1.680139"></trkpt>
      <trkpt lat="42.564485" lon="1.679715"></trkpt>
      <trkpt lat="42.565825" lon="1.67945"></trkpt>
      <trkpt lat="42.567319" lon="1.678584"></trkpt>
      <trkpt lat="42.568263" lon="1.678599"></trkpt>
      <trkpt lat="42.569836" lon="1.678172"></trkpt>
      <trkpt lat="42.571762" lon="1.676625"></trkpt>
      <trkpt lat="42.572712" lon="1.675352"></trkpt>
      <trkpt lat="42.57404" lon="1.673868"></trkpt>
      <trkpt lat="42.574165" lon="1.673868"></trkpt>
      <trkpt lat="42.574162" lon="1.673635"></trkpt>
      <trkpt lat="42.574359" lon="1.673295"></trkpt>
      <trkpt lat="42.575313" lon="1.671889"></trkpt>
      <trkpt lat="42.576124" lon="1.669396"></trkpt>
      <trkpt lat="42.576603" lon="1.668375"></trkpt>
      <trkpt lat="42.57765" lon="1.66316"></trkpt>
      <trkpt lat="42.577916" lon="1.662984"></trkpt>
      <trkpt lat="42.578111" lon="1.66301"></trkpt>
      <trkpt lat="42.578584" lon="1.663238"></trkpt>
      <trkpt lat="42.579021" lon="1.663691"></trkpt>
      <trkpt lat="42.579843" lon="1.663872"></trkpt>
      <trkpt lat="42.581298" lon="1.664434"></trkpt>
      <trkpt lat="42.583381" lon="1.664655"></trkpt>
      <trkpt lat="42.583705" lon="1.664476"></trkpt>
      <trkpt lat="42.583882" lon="1.664138"></trkpt>
      <trkpt lat="42.583898" lon="1.663565"></trkpt>
      <trkpt lat="42.583722" lon="1.663286"></trkpt>
      <trkpt lat="42.582129" lon="1.662052"></trkpt>
      <trkpt lat="42.580933" lon="1.660852"></trkpt>
      <trkpt lat="42.580092" lon="1.65982"></trkpt>
      <trkpt lat="42.578179" lon="1.657018"></trkpt>
      <trkpt lat="42.577682" lon="1.655757"></trkpt>
      <trkpt lat="42.577654" lon="1.654416"></trkpt>
      <trkpt lat="42.578475" lon="1.651572"></trkpt>
      <trkpt lat="42.578723" lon="1.650251"></trkpt>
      <trkpt lat="42.578919" lon="1.649884"></trkpt>
      <trkpt lat="42.579423" lon="1.649655"></trkpt>
      <trkpt lat="42.579627" lon="1.649301"></trkpt>
      <trkpt lat="42.580252" lon="1.647685"></trkpt>
      <trkpt lat="42.580307" lon="1.64721"></trkpt>
      <trkpt lat="42.579789" lon="1.645253"></trkpt>
      <trkpt lat="42.579597" lon="1.643992"></trkpt>
      <trkpt lat="42.579464" lon="1.640679"></trkpt>
      <trkpt lat="42.578766" lon="1.638776"></trkpt>
      <trkpt lat="42.578838" lon="1.63695"></trkpt>
      <trkpt lat="42.578249" lon="1.634673"></trkpt>
      <trkpt lat="42.578263" lon="1.632848"></trkpt>
      <trkpt lat="42.578591" lon="1.630783"></trkpt>
      <trkpt lat="42.578502" lon="1.630261"></trkpt>
      <trkpt lat="42.577705" lon="1.628432"></trkpt>
      <trkpt lat="42.577801" lon="1.626459"></trkpt>
      <trkpt lat="42.577617" lon="1.62608"></trkpt>
      <trkpt lat="42.576939" lon="1.625573"></trkpt>
      <trkpt lat="42.576475" lon="1.624999"></trkpt>
      <trkpt lat="42.575677" lon="1.622447"></trkpt>
      <trkpt lat="42.57487" lon="1.621611"></trkpt>
      <trkpt lat="42.574531" lon="1.620978"></trkpt>
      <trkpt lat="42.574083" lon="1.618893"></trkpt>
      <trkpt lat="42.573457" lon="1.618027"></trkpt>
      <trkpt lat="42.573278" lon="1.617609"></trkpt>
      <trkpt lat="42.572168" lon="1.613603"></trkpt>
      <trkpt lat="42.57205" lon="1.611961"></trkpt>
      <trkpt lat="42.571649" lon="1.611222"></trkpt>
      <trkpt lat="42.571507" lon="1.610716"></trkpt>
      <trkpt lat="42.571581" lon="1.609041"></trkpt>
      <trkpt lat="42.571038" lon="1.607807"></trkpt>
      <trkpt lat="42.570567" lon="1.605514"></trkpt>
      <trkpt lat="42.570203" lon="1.604966"></trkpt>
      <trkpt lat="42.569028" lon="1.60458"></trkpt>
      <trkpt lat="42.568737" lon="1.604382"></trkpt>
      <trkpt lat="42.568087" lon="1.602661"></trkpt>
      <trkpt lat="42.566899" lon="1.600471"></trkpt>
      <trkpt lat="42.565738" lon="1.597283"></trkpt>
      <trkpt lat="42.566235" lon="1.595545"></trkpt>
      <trkpt lat="42.566277" lon="1.594539"></trkpt>
      <trkpt lat="42.565396" lon="1.593264"></trkpt>
      <trkpt lat="42.564709" lon="1.593148"></trkpt>
      <trkpt lat="42.564406" lon="1.592867"></trkpt>
      <trkpt lat="42.564108" lon="1.592223"></trkpt>
      <trkpt lat="42.564002" lon="1.591305"></trkpt>
      <trkpt lat="42.563871" lon="1.591075"></trkpt>
      <trkpt lat="42.562652" lon="1.590415"></trkpt>
      <trkpt lat="42.560821" lon="1.590188"></trkpt>
      <trkpt lat="42.560029" lon="1.589754"></trkpt>
      <trkpt lat="42.55948" lon="1.58931"></trkpt>
      <trkpt lat="42.558785" lon="1.589238"></trkpt>
      <trkpt lat="42.557569" lon="1.588691"></trkpt>
      <trkpt lat="42.556157" lon="1.588718"></trkpt>
      <trkpt lat="42.555456" lon="1.588498"></trkpt>
      <trkpt lat="42.554209" lon="1.588529"></trkpt>
      <trkpt lat="42.553085" lon="1.588731"></trkpt>
      <trkpt lat="42.552686" lon="1.589001"></trkpt>
      <trkpt lat="42.5519" lon="1.590049"></trkpt>
      <trkpt lat="42.551302" lon="1.590603"></trkpt>
      <trkpt lat="42.550858" lon="1.590725"></trkpt>
      <trkpt lat="42.550613" lon="1.590983"></trkpt>
      <trkpt lat="42.54895" lon="1.591568"></trkpt>
      <trkpt lat="42.547545" lon="1.591805"></trkpt>
      <trkpt lat="42.545724" lon="1.591338"></trkpt>
      <trkpt lat="42.544108" lon="1.591832"></trkpt>
      <trkpt lat="42.543312" lon="1.591547"></trkpt>
      <trkpt lat="42.542775" lon="1.591498"></trkpt>
      <trkpt lat="42.542014" lon="1.591584"></trkpt>
      <trkpt lat="42.541082" lon="1.592275"></trkpt>
      <trkpt lat="42.540794" lon="1.592287"></trkpt>
      <trkpt lat="42.540149" lon="1.591836"></trkpt>
      <trkpt lat="42.538548" lon="1.591699"></trkpt>
      <trkpt lat="42.538079" lon="1.591441"></trkpt>
      <trkpt lat="42.536917" lon="1.589242"></trkpt>
      <trkpt lat="42.535375" lon="1.588324"></trkpt>
      <trkpt lat="42.535307" lon="1.588066"></trkpt>
      <trkpt lat="42.535083" lon="1.587907"></trkpt>
      <trkpt lat="42.534565" lon="1.587101"></trkpt>
      <trkpt lat="42.53411" lon="1.58617"></trkpt>
      <trkpt lat="42.533521" lon="1.585407"></trkpt>
      <trkpt lat="42.533559" lon="1.585019"></trkpt>
      <trkpt lat="42.53378" lon="1.584928"></trkpt>
      <trkpt lat="42.534799" lon="1.585794"></trkpt>
      <trkpt lat="42.537107" lon="1.584569"></trkpt>
      <trkpt lat="42.537265" lon="1.584255"></trkpt>
      <trkpt lat="42.537243" lon="1.583967"></trkpt>
      <trkpt lat="42.536646" lon="1.583118"></trkpt>
      <trkpt lat="42.536355" lon="1.583287"></trkpt>
      <trkpt lat="42.536254" lon="1.583056"></trkpt>
      <trkpt lat="42.535688" lon="1.58315"></trkpt>
      <trkpt lat="42.536254" lon="1.583056"></trkpt>
      <trkpt lat="42.536495" lon="1.583557"></trkpt>
      <trkpt lat="42.536825" lon="1.583352"></trkpt>
      <trkpt lat="42.53727" lon="1.584116"></trkpt>
      <trkpt lat="42.537178" lon="1.584507"></trkpt>
      <trkpt lat="42.537032" lon="1.584617"></trkpt>
      <trkpt lat="42.534799" lon="1.585794"></trkpt>
      <trkpt lat="42.53378" lon="1.584928"></trkpt>
      <trkpt lat="42.533498" lon="1.584938"></trkpt>
      <trkpt lat="42.533345" lon="1.585099"></trkpt>
      <trkpt lat="42.533517" lon="1.585544"></trkpt>
      <trkpt lat="42.53411" lon="1.58617"></trkpt>
      <trkpt lat="42.535209" lon="1.588248"></trkpt>
      <trkpt lat="42.536562" lon="1.588952"></trkpt>
      <trkpt lat="42.536917" lon="1.589242"></trkpt>
      <trkpt lat="42.53778" lon="1.591156"></trkpt>
      <trkpt lat="42.538042" lon="1.591505"></trkpt>
      <trkpt lat="42.538539" lon="1.591782"></trkpt>
      <trkpt lat="42.540142" lon="1.591941"></trkpt>
      <trkpt lat="42.540599" lon="1.592298"></trkpt>
      <trkpt lat="42.540929" lon="1.592408"></trkpt>
      <trkpt lat="42.541257" lon="1.592284"></trkpt>
      <trkpt lat="42.541782" lon="1.591781"></trkpt>
      <trkpt lat="42.542643" lon="1.591583"></trkpt>
      <trkpt lat="42.543224" lon="1.591616"></trkpt>
      <trkpt lat="42.544281" lon="1.5919"></trkpt>
      <trkpt lat="42.545658" lon="1.591414"></trkpt>
      <trkpt lat="42.547375" lon="1.59185"></trkpt>
      <trkpt lat="42.547898" lon="1.591844"></trkpt>
      <trkpt lat="42.549356" lon="1.591525"></trkpt>
      <trkpt lat="42.550687" lon="1.591054"></trkpt>
      <trkpt lat="42.550951" lon="1.591065"></trkpt>
      <trkpt lat="42.551025" lon="1.590887"></trkpt>
      <trkpt lat="42.551807" lon="1.59028"></trkpt>
      <trkpt lat="42.552515" lon="1.589292"></trkpt>
      <trkpt lat="42.552969" lon="1.588881"></trkpt>
      <trkpt lat="42.554385" lon="1.588595"></trkpt>
      <trkpt lat="42.555504" lon="1.588531"></trkpt>
      <trkpt lat="42.556147" lon="1.588762"></trkpt>
      <trkpt lat="42.557452" lon="1.588708"></trkpt>
      <trkpt lat="42.558145" lon="1.588895"></trkpt>
      <trkpt lat="42.558785" lon="1.589238"></trkpt>
      <trkpt lat="42.55948" lon="1.58931"></trkpt>
      <trkpt lat="42.560029" lon="1.589754"></trkpt>
      <trkpt lat="42.560821" lon="1.590188"></trkpt>
      <trkpt lat="42.562742" lon="1.590445"></trkpt>
      <trkpt lat="42.563809" lon="1.591024"></trkpt>
      <trkpt lat="42.56397" lon="1.591413"></trkpt>
      <trkpt lat="42.56408" lon="1.592318"></trkpt>
      <trkpt lat="42.564451" lon="1.593171"></trkpt>
      <trkpt lat="42.565433" lon="1.593352"></trkpt>
      <trkpt lat="42.566186" lon="1.594459"></trkpt>
      <trkpt lat="42.566244" lon="1.595137"></trkpt>
      <trkpt lat="42.565888" lon="1.596612"></trkpt>
      <trkpt lat="42.56608" lon="1.596705"></trkpt>
      <trkpt lat="42.566202" lon="1.596633"></trkpt>
      <trkpt lat="42.566729" lon="1.595557"></trkpt>
      <trkpt lat="42.566684" lon="1.594664"></trkpt>
      <trkpt lat="42.565379" lon="1.592446"></trkpt>
      <trkpt lat="42.564888" lon="1.591804"></trkpt>
      <trkpt lat="42.564947" lon="1.591579"></trkpt>
      <trkpt lat="42.566564" lon="1.59346"></trkpt>
      <trkpt lat="42.567434" lon="1.594718"></trkpt>
      <trkpt lat="42.567763" lon="1.596182"></trkpt>
      <trkpt lat="42.567952" lon="1.596557"></trkpt>
      <trkpt lat="42.568411" lon="1.596884"></trkpt>
      <trkpt lat="42.56889" lon="1.596979"></trkpt>
      <trkpt lat="42.569638" lon="1.597656"></trkpt>
      <trkpt lat="42.569651" lon="1.598252"></trkpt>
      <trkpt lat="42.56889" lon="1.598813"></trkpt>
      <trkpt lat="42.568916" lon="1.599719"></trkpt>
      <trkpt lat="42.568699" lon="1.600075"></trkpt>
      <trkpt lat="42.568371" lon="1.600262"></trkpt>
      <trkpt lat="42.568432" lon="1.600535"></trkpt>
      <trkpt lat="42.568788" lon="1.600336"></trkpt>
      <trkpt lat="42.569517" lon="1.599361"></trkpt>
      <trkpt lat="42.570208" lon="1.59927"></trkpt>
      <trkpt lat="42.570336" lon="1.598898"></trkpt>
      <trkpt lat="42.570354" lon="1.598057"></trkpt>
      <trkpt lat="42.570653" lon="1.59744"></trkpt>
      <trkpt lat="42.570776" lon="1.597555"></trkpt>
      <trkpt lat="42.570656" lon="1.598389"></trkpt>
      <trkpt lat="42.570699" lon="1.599521"></trkpt>
      <trkpt lat="42.57045" lon="1.600336"></trkpt>
      <trkpt lat="42.570607" lon="1.600579"></trkpt>
      <trkpt lat="42.570807" lon="1.600418"></trkpt>
      <trkpt lat="42.571079" lon="1.598952"></trkpt>
      <trkpt lat="42.571275" lon="1.596927"></trkpt>
      <trkpt lat="42.571169" lon="1.59671"></trkpt>
      <trkpt lat="42.570888" lon="1.596663"></trkpt>
      <trkpt lat="42.570532" lon="1.595769"></trkpt>
      <trkpt lat="42.570754" lon="1.595042"></trkpt>
      <trkpt lat="42.570788" lon="1.594433"></trkpt>
      <trkpt lat="42.571019" lon="1.594059"></trkpt>
      <trkpt lat="42.570859" lon="1.595619"></trkpt>
      <trkpt lat="42.571068" lon="1.596055"></trkpt>
      <trkpt lat="42.571614" lon="1.596294"></trkpt>
      <trkpt lat="42.57177" lon="1.5966"></trkpt>
      <trkpt lat="42.572159" lon="1.60049"></trkpt>
      <trkpt lat="42.572448" lon="1.601503"></trkpt>
      <trkpt lat="42.57233" lon="1.602108"></trkpt>
      <trkpt lat="42.572514" lon="1.602402"></trkpt>
      <trkpt lat="42.572656" lon="1.602305"></trkpt>
      <trkpt lat="42.572689" lon="1.602018"></trkpt>
      <trkpt lat="42.572474" lon="1.600379"></trkpt>
      <trkpt lat="42.572429" lon="1.597623"></trkpt>
      <trkpt lat="42.572648" lon="1.595857"></trkpt>
      <trkpt lat="42.572557" lon="1.595517"></trkpt>
      <trkpt lat="42.572127" lon="1.595173"></trkpt>
      <trkpt lat="42.57202" lon="1.594783"></trkpt>
      <trkpt lat="42.572267" lon="1.593868"></trkpt>
      <trkpt lat="42.572316" lon="1.593123"></trkpt>
      <trkpt lat="42.572739" lon="1.592184"></trkpt>
      <trkpt lat="42.572823" lon="1.591366"></trkpt>
      <trkpt lat="42.572644" lon="1.591226"></trkpt>
      <trkpt lat="42.572184" lon="1.591221"></trkpt>
      <trkpt lat="42.571909" lon="1.591084"></trkpt>
      <trkpt lat="42.5713" lon="1.590134"></trkpt>
      <trkpt lat="42.570309" lon="1.589547"></trkpt>
      <trkpt lat="42.569932" lon="1.589873"></trkpt>
      <trkpt lat="42.569032" lon="1.591238"></trkpt>
      <trkpt lat="42.568844" lon="1.591302"></trkpt>
      <trkpt lat="42.568819" lon="1.591123"></trkpt>
      <trkpt lat="42.569141" lon="1.590787"></trkpt>
      <trkpt lat="42.569817" lon="1.589427"></trkpt>
      <trkpt lat="42.570241" lon="1.588825"></trkpt>
      <trkpt lat="42.570723" lon="1.588512"></trkpt>
      <trkpt lat="42.571277" lon="1.588549"></trkpt>
      <trkpt lat="42.573089" lon="1.586877"></trkpt>
      <trkpt lat="42.573591" lon="1.586616"></trkpt>
      <trkpt lat="42.573638" lon="1.5865"></trkpt>
      <trkpt lat="42.573537" lon="1.586394"></trkpt>
      <trkpt lat="42.572513" lon="1.58655"></trkpt>
      <trkpt lat="42.572152" lon="1.586463"></trkpt>
      <trkpt lat="42.571629" lon="1.586616"></trkpt>
      <trkpt lat="42.570685" lon="1.587037"></trkpt>
      <trkpt lat="42.56958" lon="1.587803"></trkpt>
      <trkpt lat="42.569222" lon="1.58766"></trkpt>
      <trkpt lat="42.56902" lon="1.587249"></trkpt>
      <trkpt lat="42.568762" lon="1.588436"></trkpt>
      <trkpt lat="42.568143" lon="1.590085"></trkpt>
      <trkpt lat="42.567307" lon="1.590866"></trkpt>
      <trkpt lat="42.567286" lon="1.590645"></trkpt>
      <trkpt lat="42.567205" lon="1.59086"></trkpt>
      <trkpt lat="42.567233" lon="1.590945"></trkpt>
      <trkpt lat="42.567286" lon="1.590645"></trkpt>
      <trkpt lat="42.567307" lon="1.590866"></trkpt>
      <trkpt lat="42.568143" lon="1.590085"></trkpt>
      <trkpt lat="42.568762" lon="1.588436"></trkpt>
      <trkpt lat="42.56902" lon="1.587249"></trkpt>
      <trkpt lat="42.569222" lon="1.58766"></trkpt>
      <trkpt lat="42.56958" lon="1.587803"></trkpt>
      <trkpt lat="42.571058" lon="1.586834"></trkpt>
      <trkpt lat="42.57202" lon="1.586481"></trkpt>
      <trkpt lat="42.572626" lon="1.586544"></trkpt>
      <trkpt lat="42.573432" lon="1.586373"></trkpt>
      <trkpt lat="42.57362" lon="1.58645"></trkpt>
      <trkpt lat="42.573591" lon="1.586616"></trkpt>
      <trkpt lat="42.573089" lon="1.586877"></trkpt>
      <trkpt lat="42.571277" lon="1.588549"></trkpt>
      <trkpt lat="42.570723" lon="1.588512"></trkpt>
      <trkpt lat="42.570241" lon="1.588825"></trkpt>
      <trkpt lat="42.569817" lon="1.589427"></trkpt>
      <trkpt lat="42.569141" lon="1.590787"></trkpt>
      <trkpt lat="42.568819" lon="1.591123"></trkpt>
      <trkpt lat="42.568844" lon="1.591302"></trkpt>
      <trkpt lat="42.569032" lon="1.591238"></trkpt>
      <trkpt lat="42.569932" lon="1.589873"></trkpt>
      <trkpt lat="42.570309" lon="1.589547"></trkpt>
      <trkpt lat="42.5713" lon="1.590134"></trkpt>
      <trkpt lat="42.571909" lon="1.591084"></trkpt>
      <trkpt lat="42.572184" lon="1.591221"></trkpt>
      <trkpt lat="42.572644" lon="1.591226"></trkpt>
      <trkpt lat="42.572823" lon="1.591366"></trkpt>
      <trkpt lat="42.572739" lon="1.592184"></trkpt>
      <trkpt lat="42.572316" lon="1.593123"></trkpt>
      <trkpt lat="42.572267" lon="1.593868"></trkpt>
      <trkpt lat="42.57202" lon="1.594783"></trkpt>
      <trkpt lat="42.572127" lon="1.595173"></trkpt>
      <trkpt lat="42.572557" lon="1.595517"></trkpt>
      <trkpt lat="42.572648" lon="1.595857"></trkpt>
      <trkpt lat="42.572429" lon="1.597623"></trkpt>
      <trkpt lat="42.572474" lon="1.600379"></trkpt>
      <trkpt lat="42.572689" lon="1.602018"></trkpt>
      <trkpt lat="42.572558" lon="1.602391"></trkpt>
      <trkpt lat="42.572424" lon="1.60236"></trkpt>
      <trkpt lat="42.57233" lon="1.602108"></trkpt>
      <trkpt lat="42.572448" lon="1.601503"></trkpt>
      <trkpt lat="42.572159" lon="1.60049"></trkpt>
      <trkpt lat="42.57177" lon="1.5966"></trkpt>
      <trkpt lat="42.571614" lon="1.596294"></trkpt>
      <trkpt lat="42.571068" lon="1.596055"></trkpt>
      <trkpt lat="42.570859" lon="1.595619"></trkpt>
      <trkpt lat="42.570906" lon="1.594734"></trkpt>
      <trkpt lat="42.571066" lon="1.59411"></trkpt>
      <trkpt lat="42.570958" lon="1.59405"></trkpt>
      <trkpt lat="42.570826" lon="1.594307"></trkpt>
      <trkpt lat="42.570754" lon="1.595042"></trkpt>
      <trkpt lat="42.570532" lon="1.595769"></trkpt>
      <trkpt lat="42.570888" lon="1.596663"></trkpt>
      <trkpt lat="42.571169" lon="1.59671"></trkpt>
      <trkpt lat="42.571275" lon="1.596927"></trkpt>
      <trkpt lat="42.571079" lon="1.598952"></trkpt>
      <trkpt lat="42.570771" lon="1.600507"></trkpt>
      <trkpt lat="42.570567" lon="1.600565"></trkpt>
      <trkpt lat="42.57045" lon="1.600336"></trkpt>
      <trkpt lat="42.570699" lon="1.599521"></trkpt>
      <trkpt lat="42.570656" lon="1.598389"></trkpt>
      <trkpt lat="42.570776" lon="1.597555"></trkpt>
      <trkpt lat="42.57069" lon="1.597439"></trkpt>
      <trkpt lat="42.570354" lon="1.598057"></trkpt>
      <trkpt lat="42.570336" lon="1.598898"></trkpt>
      <trkpt lat="42.570208" lon="1.59927"></trkpt>
      <trkpt lat="42.569517" lon="1.599361"></trkpt>
      <trkpt lat="42.568788" lon="1.600336"></trkpt>
      <trkpt lat="42.568432" lon="1.600535"></trkpt>
      <trkpt lat="42.568371" lon="1.600262"></trkpt>
      <trkpt lat="42.568699" lon="1.600075"></trkpt>
      <trkpt lat="42.568916" lon="1.599719"></trkpt>
      <trkpt lat="42.56889" lon="1.598813"></trkpt>
      <trkpt lat="42.569016" lon="1.598642"></trkpt>
      <trkpt lat="42.569548" lon="1.598401"></trkpt>
      <trkpt lat="42.569703" lon="1.598048"></trkpt>
      <trkpt lat="42.569665" lon="1.597715"></trkpt>
      <trkpt lat="42.56889" lon="1.596979"></trkpt>
      <trkpt lat="42.568411" lon="1.596884"></trkpt>
      <trkpt lat="42.567952" lon="1.596557"></trkpt>
      <trkpt lat="42.567763" lon="1.596182"></trkpt>
      <trkpt lat="42.567434" lon="1.594718"></trkpt>
      <trkpt lat="42.566564" lon="1.59346"></trkpt>
      <trkpt lat="42.565295" lon="1.592068"></trkpt>
      <trkpt lat="42.565019" lon="1.591615"></trkpt>
      <trkpt lat="42.564896" lon="1.591595"></trkpt>
      <trkpt lat="42.564852" lon="1.591701"></trkpt>
      <trkpt lat="42.566684" lon="1.594664"></trkpt>
      <trkpt lat="42.566729" lon="1.595557"></trkpt>
      <trkpt lat="42.566202" lon="1.596633"></trkpt>
      <trkpt lat="42.56608" lon="1.596705"></trkpt>
      <trkpt lat="42.56587" lon="1.596515"></trkpt>
      <trkpt lat="42.565738" lon="1.597283"></trkpt>
      <trkpt lat="42.566621" lon="1.59972"></trkpt>
      <trkpt lat="42.56668" lon="1.600126"></trkpt>
      <trkpt lat="42.567219" lon="1.601059"></trkpt>
      <trkpt lat="42.567214" lon="1.601376"></trkpt>
      <trkpt lat="42.567525" lon="1.601617"></trkpt>
      <trkpt lat="42.568087" lon="1.602661"></trkpt>
      <trkpt lat="42.568737" lon="1.604382"></trkpt>
      <trkpt lat="42.569028" lon="1.60458"></trkpt>
      <trkpt lat="42.569938" lon="1.60482"></trkpt>
      <trkpt lat="42.570203" lon="1.604966"></trkpt>
      <trkpt lat="42.570491" lon="1.605322"></trkpt>
      <trkpt lat="42.571038" lon="1.607807"></trkpt>
      <trkpt lat="42.571498" lon="1.609078"></trkpt>
      <trkpt lat="42.571435" lon="1.610889"></trkpt>
      <trkpt lat="42.572004" lon="1.612184"></trkpt>
      <trkpt lat="42.572088" lon="1.613671"></trkpt>
      <trkpt lat="42.573278" lon="1.617609"></trkpt>
      <trkpt lat="42.573457" lon="1.618027"></trkpt>
      <trkpt lat="42.574083" lon="1.618893"></trkpt>
      <trkpt lat="42.574394" lon="1.620538"></trkpt>
      <trkpt lat="42.574701" lon="1.62137"></trkpt>
      <trkpt lat="42.575573" lon="1.622333"></trkpt>
      <trkpt lat="42.575732" lon="1.622668"></trkpt>
      <trkpt lat="42.576398" lon="1.624956"></trkpt>
      <trkpt lat="42.576862" lon="1.62558"></trkpt>
      <trkpt lat="42.577563" lon="1.626101"></trkpt>
      <trkpt lat="42.577795" lon="1.626644"></trkpt>
      <trkpt lat="42.577705" lon="1.628432"></trkpt>
      <trkpt lat="42.578547" lon="1.630637"></trkpt>
      <trkpt lat="42.578147" lon="1.633766"></trkpt>
      <trkpt lat="42.577982" lon="1.63417"></trkpt>
      <trkpt lat="42.578249" lon="1.634673"></trkpt>
      <trkpt lat="42.578838" lon="1.63695"></trkpt>
      <trkpt lat="42.578766" lon="1.638776"></trkpt>
      <trkpt lat="42.579464" lon="1.640679"></trkpt>
      <trkpt lat="42.579753" lon="1.645711"></trkpt>
      <trkpt lat="42.580131" lon="1.646379"></trkpt>
      <trkpt lat="42.580307" lon="1.64721"></trkpt>
      <trkpt lat="42.580252" lon="1.647685"></trkpt>
      <trkpt lat="42.579627" lon="1.649301"></trkpt>
      <trkpt lat="42.579475" lon="1.649504"></trkpt>
      <trkpt lat="42.57934" lon="1.64942"></trkpt>
      <trkpt lat="42.578999" lon="1.64977"></trkpt>
      <trkpt lat="42.578723" lon="1.650251"></trkpt>
      <trkpt lat="42.578475" lon="1.651572"></trkpt>
      <trkpt lat="42.577654" lon="1.654416"></trkpt>
      <trkpt lat="42.577682" lon="1.655757"></trkpt>
      <trkpt lat="42.578179" lon="1.657018"></trkpt>
      <trkpt lat="42.580092" lon="1.65982"></trkpt>
      <trkpt lat="42.580933" lon="1.660852"></trkpt>
      <trkpt lat="42.582129" lon="1.662052"></trkpt>
      <trkpt lat="42.583722" lon="1.663286"></trkpt>
      <trkpt lat="42.583898" lon="1.663565"></trkpt>
      <trkpt lat="42.583925" lon="1.663949"></trkpt>
      <trkpt lat="42.583705" lon="1.664476"></trkpt>
      <trkpt lat="42.583381" lon="1.664655"></trkpt>
      <trkpt lat="42.581298" lon="1.664434"></trkpt>
      <trkpt lat="42.579843" lon="1.663872"></trkpt>
      <trkpt lat="42.579021" lon="1.663691"></trkpt>
      <trkpt lat="42.578584" lon="1.663238"></trkpt>
      <trkpt lat="42.578111" lon="1.66301"></trkpt>
      <trkpt lat="42.577916" lon="1.662984"></trkpt>
      <trkpt lat="42.57765" lon="1.66316"></trkpt>
      <trkpt lat="42.5768" lon="1.667134"></trkpt>
      <trkpt lat="42.576685" lon="1.668097"></trkpt>
      <trkpt lat="42.576124" lon="1.669396"></trkpt>
      <trkpt lat="42.575313" lon="1.671889"></trkpt>
      <trkpt lat="42.574162" lon="1.673635"></trkpt>
      <trkpt lat="42.574029" lon="1.673652"></trkpt>
      <trkpt lat="42.573958" lon="1.674018"></trkpt>
      <trkpt lat="42.572712" lon="1.675352"></trkpt>
      <trkpt lat="42.572047" lon="1.676294"></trkpt>
      <trkpt lat="42.571422" lon="1.676934"></trkpt>
      <trkpt lat="42.569836" lon="1.678172"></trkpt>
      <trkpt lat="42.568263" lon="1.678599"></trkpt>
      <trkpt lat="42.567319" lon="1.678584"></trkpt>
      <trkpt lat="42.565825" lon="1.67945"></trkpt>
      <trkpt lat="42.564485" lon="1.679715"></trkpt>
      <trkpt lat="42.562381" lon="1.681798"></trkpt>
      <trkpt lat="42.561217" lon="1.683175"></trkpt>
      <trkpt lat="42.560698" lon="1.684186"></trkpt>
      <trkpt lat="42.557374" lon="1.688881"></trkpt>
      <trkpt lat="42.55401" lon="1.69187"></trkpt>
      <trkpt lat="42.55332" lon="1.69272"></trkpt>
      <trkpt lat="42.551732" lon="1.695086"></trkpt>
      <trkpt lat="42.550089" lon="1.696225"></trkpt>
      <trkpt lat="42.548433" lon="1.697556"></trkpt>
      <trkpt lat="42.547463" lon="1.698525"></trkpt>
      <trkpt lat="42.546422" lon="1.699865"></trkpt>
      <trkpt lat="42.545598" lon="1.700634"></trkpt>
      <trkpt lat="42.545173" lon="1.701465"></trkpt>
      <trkpt lat="42.544649" lon="1.703692"></trkpt>
      <trkpt lat="42.544446" lon="1.705885"></trkpt>
      <trkpt lat="42.544067" lon="1.711593"></trkpt>
      <trkpt lat="42.543764" lon="1.72397"></trkpt>
      <trkpt lat="42.544064" lon="1.726974"></trkpt>
      <trkpt lat="42.544966" lon="1.729793"></trkpt>
      <trkpt lat="42.546221" lon="1.732211"></trkpt>
      <trkpt lat="42.547392" lon="1.73401"></trkpt>
      <trkpt lat="42.547512" lon="1.734496"></trkpt>
      <trkpt lat="42.548035" lon="1.73471"></trkpt>
      <trkpt lat="42.548601" lon="1.735547"></trkpt>
      <trkpt lat="42.548994" lon="1.736825"></trkpt>
      <trkpt lat="42.549043" lon="1.737293"></trkpt>
      <trkpt lat="42.548894" lon="1.737809"></trkpt>
      <trkpt lat="42.548938" lon="1.738021"></trkpt>
      <trkpt lat="42.549089" lon="1.73811"></trkpt>
      <trkpt lat="42.549295" lon="1.737974"></trkpt>
      <trkpt lat="42.549682" lon="1.737973"></trkpt>
      <trkpt lat="42.550418" lon="1.738268"></trkpt>
      <trkpt lat="42.55259" lon="1.739862"></trkpt>
      <trkpt lat="42.553631" lon="1.740827"></trkpt>
      <trkpt lat="42.554092" lon="1.741471"></trkpt>
      <trkpt lat="42.554758" lon="1.742859"></trkpt>
      <trkpt lat="42.558562" lon="1.748093"></trkpt>
      <trkpt lat="42.558951" lon="1.749874"></trkpt>
      <trkpt lat="42.558734" lon="1.751883"></trkpt>
      <trkpt lat="42.558925" lon="1.753396"></trkpt>
      <trkpt lat="42.558947" lon="1.755439"></trkpt>
      <trkpt lat="42.559438" lon="1.757691"></trkpt>
      <trkpt lat="42.560092" lon="1.758884"></trkpt>
      <trkpt lat="42.560389" lon="1.760008"></trkpt>
      <trkpt lat="42.560442" lon="1.763642"></trkpt>
      <trkpt lat="42.560241" lon="1.765358"></trkpt>
      <trkpt lat="42.559978" lon="1.765889"></trkpt>
      <trkpt lat="42.559345" lon="1.766326"></trkpt>
      <trkpt lat="42.55861" lon="1.767062"></trkpt>
      <trkpt lat="42.558097" lon="1.767181"></trkpt>
      <trkpt lat="42.557386" lon="1.767561"></trkpt>
      <trkpt lat="42.556983" lon="1.768056"></trkpt>
      <trkpt lat="42.556766" lon="1.768631"></trkpt>
      <trkpt lat="42.556888" lon="1.768895"></trkpt>
      <trkpt lat="42.557283" lon="1.769056"></trkpt>
      <trkpt lat="42.557887" lon="1.769566"></trkpt>
      <trkpt lat="42.558433" lon="1.770654"></trkpt>
      <trkpt lat="42.559111" lon="1.771126"></trkpt>
      <trkpt lat="42.560077" lon="1.772125"></trkpt>
      <trkpt lat="42.560252" lon="1.772465"></trkpt>
      <trkpt lat="42.560955" lon="1.775032"></trkpt>
      <trkpt lat="42.560783" lon="1.776038"></trkpt>
      <trkpt lat="42.56122" lon="1.776824"></trkpt>
      <trkpt lat="42.561003" lon="1.77746"></trkpt>
      <trkpt lat="42.560626" lon="1.777833"></trkpt>
      <trkpt lat="42.560627" lon="1.778236"></trkpt>
      <trkpt lat="42.560892" lon="1.778378"></trkpt>
      <trkpt lat="42.561669" lon="1.778476"></trkpt>
      <trkpt lat="42.562026" lon="1.778668"></trkpt>
      <trkpt lat="42.56295" lon="1.779766"></trkpt>
      <trkpt lat="42.563251" lon="1.78108"></trkpt>
      <trkpt lat="42.563956" lon="1.781391"></trkpt>
      <trkpt lat="42.564287" lon="1.782044"></trkpt>
      <trkpt lat="42.564468" lon="1.782071"></trkpt>
      <trkpt lat="42.564357" lon="1.78151"></trkpt>
      <trkpt lat="42.563717" lon="1.780502"></trkpt>
      <trkpt lat="42.563713" lon="1.779388"></trkpt>
      <trkpt lat="42.563445" lon="1.778447"></trkpt>
      <trkpt lat="42.563396" lon="1.77776"></trkpt>
      <trkpt lat="42.562991" lon="1.777328"></trkpt>
      <trkpt lat="42.562883" lon="1.776973"></trkpt>
      <trkpt lat="42.56296" lon="1.776631"></trkpt>
      <trkpt lat="42.563314" lon="1.776313"></trkpt>
      <trkpt lat="42.56344" lon="1.775997"></trkpt>
      <trkpt lat="42.56349" lon="1.773623"></trkpt>
      <trkpt lat="42.563652" lon="1.772859"></trkpt>
      <trkpt lat="42.563344" lon="1.77147"></trkpt>
      <trkpt lat="42.563417" lon="1.771274"></trkpt>
      <trkpt lat="42.563621" lon="1.771223"></trkpt>
      <trkpt lat="42.563772" lon="1.771457"></trkpt>
      <trkpt lat="42.563723" lon="1.772213"></trkpt>
      <trkpt lat="42.564102" lon="1.772995"></trkpt>
      <trkpt lat="42.564423" lon="1.774157"></trkpt>
      <trkpt lat="42.564419" lon="1.774984"></trkpt>
      <trkpt lat="42.565223" lon="1.776571"></trkpt>
      <trkpt lat="42.565621" lon="1.77791"></trkpt>
      <trkpt lat="42.566829" lon="1.779588"></trkpt>
      <trkpt lat="42.567235" lon="1.780338"></trkpt>
      <trkpt lat="42.56808" lon="1.781117"></trkpt>
      <trkpt lat="42.568446" lon="1.781825"></trkpt>
      <trkpt lat="42.569228" lon="1.782808"></trkpt>
      <trkpt lat="42.569799" lon="1.784059"></trkpt>
      <trkpt lat="42.570608" lon="1.785179"></trkpt>
      <trkpt lat="42.570871" lon="1.785999"></trkpt>
      <trkpt lat="42.571798" lon="1.787377"></trkpt>
      <trkpt lat="42.571685" lon="1.788103"></trkpt>
      <trkpt lat="42.571899" lon="1.788743"></trkpt>
      <trkpt lat="42.572347" lon="1.788964"></trkpt>
      <trkpt lat="42.573524" lon="1.790019"></trkpt>
      <trkpt lat="42.575669" lon="1.793593"></trkpt>
      <trkpt lat="42.57584" lon="1.793247"></trkpt>
      <trkpt lat="42.575199" lon="1.79213"></trkpt>
      <trkpt lat="42.574738" lon="1.789695"></trkpt>
      <trkpt lat="42.574343" lon="1.788377"></trkpt>
      <trkpt lat="42.57454" lon="1.788268"></trkpt>
      <trkpt lat="42.574668" lon="1.788425"></trkpt>
      <trkpt lat="42.576223" lon="1.792359"></trkpt>
      <trkpt lat="42.576417" lon="1.792573"></trkpt>
      <trkpt lat="42.576538" lon="1.792505"></trkpt>
      <trkpt lat="42.576568" lon="1.792292"></trkpt>
      <trkpt lat="42.576178" lon="1.791179"></trkpt>
      <trkpt lat="42.576159" lon="1.789404"></trkpt>
      <trkpt lat="42.57627" lon="1.789021"></trkpt>
      <trkpt lat="42.576532" lon="1.788962"></trkpt>
      <trkpt lat="42.577949" lon="1.791893"></trkpt>
      <trkpt lat="42.579302" lon="1.793469"></trkpt>
      <trkpt lat="42.579364" lon="1.793757"></trkpt>
      <trkpt lat="42.579213" lon="1.793901"></trkpt>
      <trkpt lat="42.578173" lon="1.792887"></trkpt>
      <trkpt lat="42.577633" lon="1.79255"></trkpt>
      <trkpt lat="42.576681" lon="1.79233"></trkpt>
      <trkpt lat="42.575392" lon="1.792464"></trkpt>
      <trkpt lat="42.574667" lon="1.792721"></trkpt>
      <trkpt lat="42.573892" lon="1.793156"></trkpt>
      <trkpt lat="42.572652" lon="1.794207"></trkpt>
      <trkpt lat="42.543756" lon="1.821239"></trkpt>
      <trkpt lat="42.54187" lon="1.822934"></trkpt>
      <trkpt lat="42.540719" lon="1.823744"></trkpt>
      <trkpt lat="42.539283" lon="1.823874"></trkpt>
      <trkpt lat="42.538359" lon="1.824273"></trkpt>
      <trkpt lat="42.537912" lon="1.824301"></trkpt>
      <trkpt lat="42.536249" lon="1.823372"></trkpt>
      <trkpt lat="42.533367" lon="1.822149"></trkpt>
      <trkpt lat="42.532667" lon="1.821659"></trkpt>
      <trkpt lat="42.532067" lon="1.821517"></trkpt>
      <trkpt lat="42.531238" lon="1.821778"></trkpt>
      <trkpt lat="42.52921" lon="1.823826"></trkpt>
      <trkpt lat="42.528532" lon="1.824211"></trkpt>
      <trkpt lat="42.527454" lon="1.8241"></trkpt>
      <trkpt lat="42.526612" lon="1.823381"></trkpt>
      <trkpt lat="42.524627" lon="1.822758"></trkpt>
      <trkpt lat="42.524082" lon="1.822678"></trkpt>
      <trkpt lat="42.522727" lon="1.822854"></trkpt>
      <trkpt lat="42.520863" lon="1.82226"></trkpt>
      <trkpt lat="42.520414" lon="1.822296"></trkpt>
      <trkpt lat="42.518879" lon="1.822757"></trkpt>
      <trkpt lat="42.518166" lon="1.822749"></trkpt>
      <trkpt lat="42.517498" lon="1.823016"></trkpt>
      <trkpt lat="42.516862" lon="1.823684"></trkpt>
      <trkpt lat="42.515927" lon="1.824298"></trkpt>
      <trkpt lat="42.51549" lon="1.824392"></trkpt>
      <trkpt lat="42.514344" lon="1.824161"></trkpt>
      <trkpt lat="42.51371" lon="1.824645"></trkpt>
      <trkpt lat="42.51339" lon="1.825304"></trkpt>
      <trkpt lat="42.512499" lon="1.826246"></trkpt>
      <trkpt lat="42.512334" lon="1.827041"></trkpt>
      <trkpt lat="42.510691" lon="1.82852"></trkpt>
      <trkpt lat="42.509548" lon="1.830545"></trkpt>
      <trkpt lat="42.508704" lon="1.831542"></trkpt>
      <trkpt lat="42.506082" lon="1.83376"></trkpt>
      <trkpt lat="42.504243" lon="1.835131"></trkpt>
      <trkpt lat="42.503422" lon="1.835926"></trkpt>
      <trkpt lat="42.502938" lon="1.835792"></trkpt>
      <trkpt lat="42.502318" lon="1.836099"></trkpt>
      <trkpt lat="42.500912" lon="1.837217"></trkpt>
      <trkpt lat="42.499176" lon="1.838837"></trkpt>
      <trkpt lat="42.498968" lon="1.839358"></trkpt>
      <trkpt lat="42.498787" lon="1.841106"></trkpt>
      <trkpt lat="42.498394" lon="1.841945"></trkpt>
      <trkpt lat="42.49781" lon="1.842633"></trkpt>
      <trkpt lat="42.497235" lon="1.844052"></trkpt>
      <trkpt lat="42.496754" lon="1.845635"></trkpt>
      <trkpt lat="42.496029" lon="1.847026"></trkpt>
      <trkpt lat="42.496032" lon="1.847563"></trkpt>
      <trkpt lat="42.494735" lon="1.848333"></trkpt>
      <trkpt lat="42.493027" lon="1.850677"></trkpt>
      <trkpt lat="42.492288" lon="1.851952"></trkpt>
      <trkpt lat="42.490516" lon="1.8534"></trkpt>
      <trkpt lat="42.489081" lon="1.855488"></trkpt>
      <trkpt lat="42.488353" lon="1.856315"></trkpt>
      <trkpt lat="42.486719" lon="1.856836"></trkpt>
      <trkpt lat="42.486497" lon="1.857871"></trkpt>
      <trkpt lat="42.486311" lon="1.858222"></trkpt>
      <trkpt lat="42.484795" lon="1.859541"></trkpt>
      <trkpt lat="42.483848" lon="1.860113"></trkpt>
      <trkpt lat="42.482621" lon="1.861551"></trkpt>
      <trkpt lat="42.481963" lon="1.862701"></trkpt>
      <trkpt lat="42.481169" lon="1.863025"></trkpt>
      <trkpt lat="42.480454" lon="1.863526"></trkpt>
      <trkpt lat="42.479395" lon="1.864654"></trkpt>
      <trkpt lat="42.477107" lon="1.869356"></trkpt>
      <trkpt lat="42.476829" lon="1.870468"></trkpt>
      <trkpt lat="42.474" lon="1.876069"></trkpt>
      <trkpt lat="42.472921" lon="1.878981"></trkpt>
      <trkpt lat="42.471299" lon="1.881475"></trkpt>
      <trkpt lat="42.470588" lon="1.882156"></trkpt>
      <trkpt lat="42.470248" lon="1.882235"></trkpt>
      <trkpt lat="42.469757" lon="1.882137"></trkpt>
      <trkpt lat="42.469481" lon="1.882318"></trkpt>
      <trkpt lat="42.467284" lon="1.885002"></trkpt>
      <trkpt lat="42.466826" lon="1.885741"></trkpt>
      <trkpt lat="42.466428" lon="1.886656"></trkpt>
      <trkpt lat="42.46504" lon="1.890878"></trkpt>
      <trkpt lat="42.464536" lon="1.890394"></trkpt>
      <trkpt lat="42.464586" lon="1.891709"></trkpt>
      <trkpt lat="42.463988" lon="1.893625"></trkpt>
      <trkpt lat="42.463067" lon="1.896144"></trkpt>
      <trkpt lat="42.462734" lon="1.896817"></trkpt>
      <trkpt lat="42.462308" lon="1.897124"></trkpt>
      <trkpt lat="42.462178" lon="1.898021"></trkpt>
      <trkpt lat="42.461551" lon="1.898995"></trkpt>
      <trkpt lat="42.461207" lon="1.89933"></trkpt>
      <trkpt lat="42.459653" lon="1.90022"></trkpt>
      <trkpt lat="42.457152" lon="1.902284"></trkpt>
      <trkpt lat="42.455348" lon="1.90397"></trkpt>
      <trkpt lat="42.453757" lon="1.905047"></trkpt>
      <trkpt lat="42.451218" lon="1.90822"></trkpt>
      <trkpt lat="42.449825" lon="1.909035"></trkpt>
      <trkpt lat="42.445768" lon="1.912989"></trkpt>
      <trkpt lat="42.442163" lon="1.915258"></trkpt>
      <trkpt lat="42.440175" lon="1.916912"></trkpt>
      <trkpt lat="42.436867" lon="1.920996"></trkpt>
      <trkpt lat="42.436602" lon="1.921809"></trkpt>
      <trkpt lat="42.435042" lon="1.923237"></trkpt>
      <trkpt lat="42.434104" lon="1.923248"></trkpt>
      <trkpt lat="42.433941" lon="1.921767"></trkpt>
      <trkpt lat="42.432802" lon="1.921415"></trkpt>
      <trkpt lat="42.432397" lon="1.919463"></trkpt>
      <trkpt lat="42.432029" lon="1.919706"></trkpt>
      <trkpt lat="42.431894" lon="1.919217"></trkpt>
      <trkpt lat="42.431641" lon="1.91926"></trkpt>
      <trkpt lat="42.42954" lon="1.91859"></trkpt>
      <trkpt lat="42.428316" lon="1.918511"></trkpt>
      <trkpt lat="42.427043" lon="1.918842"></trkpt>
      <trkpt lat="42.425883" lon="1.91899"></trkpt>
      <trkpt lat="42.425661" lon="1.922565"></trkpt>
      <trkpt lat="42.425441" lon="1.923129"></trkpt>
      <trkpt lat="42.424896" lon="1.923253"></trkpt>
      <trkpt lat="42.40606" lon="1.916184"></trkpt>
      <trkpt lat="42.404117" lon="1.915234"></trkpt>
      <trkpt lat="42.403221" lon="1.91517"></trkpt>
      <trkpt lat="42.401587" lon="1.915574"></trkpt>
      <trkpt lat="42.400837" lon="1.915489"></trkpt>
      <trkpt lat="42.399609" lon="1.914782"></trkpt>
      <trkpt lat="42.398305" lon="1.913594"></trkpt>
      <trkpt lat="42.397395" lon="1.91231"></trkpt>
      <trkpt lat="42.396883" lon="1.910989"></trkpt>
      <trkpt lat="42.396294" lon="1.906856"></trkpt>
      <trkpt lat="42.396015" lon="1.901829"></trkpt>
      <trkpt lat="42.395036" lon="1.898489"></trkpt>
      <trkpt lat="42.394653" lon="1.897598"></trkpt>
      <trkpt lat="42.394077" lon="1.896818"></trkpt>
      <trkpt lat="42.393053" lon="1.896055"></trkpt>
      <trkpt lat="42.388349" lon="1.893326"></trkpt>
      <trkpt lat="42.386953" lon="1.892673"></trkpt>
      <trkpt lat="42.386058" lon="1.892407"></trkpt>
      <trkpt lat="42.384573" lon="1.892166"></trkpt>
      <trkpt lat="42.383025" lon="1.892105"></trkpt>
      <trkpt lat="42.382223" lon="1.892347"></trkpt>
      <trkpt lat="42.381246" lon="1.893076"></trkpt>
      <trkpt lat="42.380541" lon="1.8934"></trkpt>
      <trkpt lat="42.380072" lon="1.893359"></trkpt>
      <trkpt lat="42.379558" lon="1.893149"></trkpt>
      <trkpt lat="42.378899" lon="1.892208"></trkpt>
      <trkpt lat="42.378038" lon="1.8905"></trkpt>
      <trkpt lat="42.376096" lon="1.884427"></trkpt>
      <trkpt lat="42.375469" lon="1.883078"></trkpt>
      <trkpt lat="42.374918" lon="1.882202"></trkpt>
      <trkpt lat="42.374247" lon="1.881673"></trkpt>
      <trkpt lat="42.372907" lon="1.88134"></trkpt>
      <trkpt lat="42.371547" lon="1.880154"></trkpt>
      <trkpt lat="42.371347" lon="1.880234"></trkpt>
      <trkpt lat="42.371046" lon="1.880644"></trkpt>
      <trkpt lat="42.36991" lon="1.881224"></trkpt>
      <trkpt lat="42.369402" lon="1.88126"></trkpt>
      <trkpt lat="42.368928" lon="1.88103"></trkpt>
      <trkpt lat="42.368609" lon="1.880579"></trkpt>
      <trkpt lat="42.368106" lon="1.879003"></trkpt>
      <trkpt lat="42.367362" lon="1.877854"></trkpt>
      <trkpt lat="42.365639" lon="1.876159"></trkpt>
      <trkpt lat="42.364027" lon="1.87399"></trkpt>
      <trkpt lat="42.361511" lon="1.872523"></trkpt>
      <trkpt lat="42.35985" lon="1.870872"></trkpt>
      <trkpt lat="42.359416" lon="1.87014"></trkpt>
      <trkpt lat="42.359286" lon="1.868739"></trkpt>
      <trkpt lat="42.35893" lon="1.867983"></trkpt>
      <trkpt lat="42.357319" lon="1.867007"></trkpt>
      <trkpt lat="42.356969" lon="1.86655"></trkpt>
      <trkpt lat="42.356508" lon="1.865422"></trkpt>
      <trkpt lat="42.354826" lon="1.863473"></trkpt>
      <trkpt lat="42.35391" lon="1.862819"></trkpt>
      <trkpt lat="42.353609" lon="1.862482"></trkpt>
      <trkpt lat="42.352999" lon="1.860758"></trkpt>
      <trkpt lat="42.353095" lon="1.86046"></trkpt>
      <trkpt lat="42.352901" lon="1.860374"></trkpt>
      <trkpt lat="42.352563" lon="1.859573"></trkpt>
      <trkpt lat="42.352492" lon="1.858922"></trkpt>
      <trkpt lat="42.353089" lon="1.856949"></trkpt>
      <trkpt lat="42.354095" lon="1.8555"></trkpt>
      <trkpt lat="42.354258" lon="1.855108"></trkpt>
      <trkpt lat="42.354373" lon="1.853582"></trkpt>
      <trkpt lat="42.354997" lon="1.852122"></trkpt>
      <trkpt lat="42.355298" lon="1.849848"></trkpt>
      <trkpt lat="42.355043" lon="1.849175"></trkpt>
      <trkpt lat="42.35472" lon="1.848838"></trkpt>
      <trkpt lat="42.351505" lon="1.846898"></trkpt>
      <trkpt lat="42.35114" lon="1.846532"></trkpt>
      <trkpt lat="42.350972" lon="1.846173"></trkpt>
      <trkpt lat="42.350923" lon="1.845113"></trkpt>
      <trkpt lat="42.351437" lon="1.843795"></trkpt>
      <trkpt lat="42.351477" lon="1.843068"></trkpt>
      <trkpt lat="42.350885" lon="1.84111"></trkpt>
      <trkpt lat="42.350565" lon="1.838298"></trkpt>
      <trkpt lat="42.349913" lon="1.835625"></trkpt>
      <trkpt lat="42.349178" lon="1.834074"></trkpt>
      <trkpt lat="42.349148" lon="1.832149"></trkpt>
      <trkpt lat="42.348626" lon="1.83065"></trkpt>
      <trkpt lat="42.34869" lon="1.829973"></trkpt>
      <trkpt lat="42.348939" lon="1.829743"></trkpt>
      <trkpt lat="42.349115" lon="1.829924"></trkpt>
      <trkpt lat="42.349099" lon="1.830632"></trkpt>
      <trkpt lat="42.348659" lon="1.83169"></trkpt>
      <trkpt lat="42.348027" lon="1.832533"></trkpt>
      <trkpt lat="42.347094" lon="1.833178"></trkpt>
      <trkpt lat="42.346311" lon="1.833356"></trkpt>
      <trkpt lat="42.345809" lon="1.833336"></trkpt>
      <trkpt lat="42.345153" lon="1.833133"></trkpt>
      <trkpt lat="42.344206" lon="1.832636"></trkpt>
      <trkpt lat="42.343512" lon="1.832506"></trkpt>
      <trkpt lat="42.34282" lon="1.832711"></trkpt>
      <trkpt lat="42.342308" lon="1.833115"></trkpt>
      <trkpt lat="42.341791" lon="1.834028"></trkpt>
      <trkpt lat="42.340872" lon="1.837863"></trkpt>
      <trkpt lat="42.340237" lon="1.839077"></trkpt>
      <trkpt lat="42.339897" lon="1.839476"></trkpt>
      <trkpt lat="42.339309" lon="1.839735"></trkpt>
      <trkpt lat="42.338915" lon="1.839686"></trkpt>
      <trkpt lat="42.337746" lon="1.839003"></trkpt>
      <trkpt lat="42.33661" lon="1.838746"></trkpt>
      <trkpt lat="42.335427" lon="1.837696"></trkpt>
      <trkpt lat="42.334828" lon="1.837539"></trkpt>
      <trkpt lat="42.334451" lon="1.837649"></trkpt>
      <trkpt lat="42.308189" lon="1.854657"></trkpt>
      <trkpt lat="42.295419" lon="1.863298"></trkpt>
      <trkpt lat="42.29476" lon="1.863313"></trkpt>
      <trkpt lat="42.294201" lon="1.862822"></trkpt>
      <trkpt lat="42.293857" lon="1.86224"></trkpt>
      <trkpt lat="42.293334" lon="1.860389"></trkpt>
      <trkpt lat="42.292892" lon="1.859633"></trkpt>
      <trkpt lat="42.292384" lon="1.859131"></trkpt>
      <trkpt lat="42.291021" lon="1.858462"></trkpt>
      <trkpt lat="42.290386" lon="1.857721"></trkpt>
      <trkpt lat="42.289972" lon="1.856859"></trkpt>
      <trkpt lat="42.289049" lon="1.854214"></trkpt>
      <trkpt lat="42.288763" lon="1.853753"></trkpt>
      <trkpt lat="42.28787" lon="1.852881"></trkpt>
      <trkpt lat="42.286818" lon="1.851395"></trkpt>
      <trkpt lat="42.286032" lon="1.850697"></trkpt>
      <trkpt lat="42.285027" lon="1.850127"></trkpt>
      <trkpt lat="42.284522" lon="1.850062"></trkpt>
      <trkpt lat="42.283756" lon="1.850291"></trkpt>
      <trkpt lat="42.283415" lon="1.850556"></trkpt>
      <trkpt lat="42.281612" lon="1.852636"></trkpt>
      <trkpt lat="42.281193" lon="1.852949"></trkpt>
      <trkpt lat="42.280563" lon="1.85302"></trkpt>
      <trkpt lat="42.279404" lon="1.852369"></trkpt>
      <trkpt lat="42.278719" lon="1.852306"></trkpt>
      <trkpt lat="42.277375" lon="1.852914"></trkpt>
      <trkpt lat="42.272302" lon="1.853782"></trkpt>
      <trkpt lat="42.27073" lon="1.854673"></trkpt>
      <trkpt lat="42.270339" lon="1.854664"></trkpt>
      <trkpt lat="42.268804" lon="1.854184"></trkpt>
      <trkpt lat="42.268481" lon="1.853975"></trkpt>
      <trkpt lat="42.26777" lon="1.853146"></trkpt>
      <trkpt lat="42.2663" lon="1.85216"></trkpt>
      <trkpt lat="42.26574" lon="1.852147"></trkpt>
      <trkpt lat="42.264715" lon="1.85257"></trkpt>
      <trkpt lat="42.263336" lon="1.852511"></trkpt>
      <trkpt lat="42.262139" lon="1.852837"></trkpt>
      <trkpt lat="42.261625" lon="1.853451"></trkpt>
      <trkpt lat="42.260993" lon="1.854956"></trkpt>
      <trkpt lat="42.259829" lon="1.855905"></trkpt>
      <trkpt lat="42.259085" lon="1.85697"></trkpt>
      <trkpt lat="42.258624" lon="1.857897"></trkpt>
      <trkpt lat="42.258345" lon="1.858817"></trkpt>
      <trkpt lat="42.258178" lon="1.859923"></trkpt>
      <trkpt lat="42.258279" lon="1.862249"></trkpt>
      <trkpt lat="42.258182" lon="1.863254"></trkpt>
      <trkpt lat="42.257926" lon="1.86401"></trkpt>
      <trkpt lat="42.257331" lon="1.864861"></trkpt>
      <trkpt lat="42.256518" lon="1.865348"></trkpt>
      <trkpt lat="42.255098" lon="1.865459"></trkpt>
      <trkpt lat="42.254346" lon="1.865712"></trkpt>
      <trkpt lat="42.252796" lon="1.867068"></trkpt>
      <trkpt lat="42.252027" lon="1.867496"></trkpt>
      <trkpt lat="42.249927" lon="1.867893"></trkpt>
      <trkpt lat="42.247882" lon="1.868957"></trkpt>
      <trkpt lat="42.246605" lon="1.869059"></trkpt>
      <trkpt lat="42.24591" lon="1.869257"></trkpt>
      <trkpt lat="42.245261" lon="1.869727"></trkpt>
      <trkpt lat="42.242736" lon="1.872139"></trkpt>
      <trkpt lat="42.241485" lon="1.873571"></trkpt>
      <trkpt lat="42.239887" lon="1.873857"></trkpt>
      <trkpt lat="42.238403" lon="1.874969"></trkpt>
      <trkpt lat="42.237424" lon="1.875524"></trkpt>
      <trkpt lat="42.23691" lon="1.876127"></trkpt>
      <trkpt lat="42.236153" lon="1.877782"></trkpt>
      <trkpt lat="42.234849" lon="1.879925"></trkpt>
      <trkpt lat="42.234031" lon="1.882353"></trkpt>
      <trkpt lat="42.233707" lon="1.883023"></trkpt>
      <trkpt lat="42.233151" lon="1.883652"></trkpt>
      <trkpt lat="42.2325" lon="1.883958"></trkpt>
      <trkpt lat="42.231671" lon="1.883861"></trkpt>
      <trkpt lat="42.231211" lon="1.88355"></trkpt>
      <trkpt lat="42.23025" lon="1.88209"></trkpt>
      <trkpt lat="42.2287" lon="1.880406"></trkpt>
      <trkpt lat="42.228364" lon="1.879667"></trkpt>
      <trkpt lat="42.228225" lon="1.879035"></trkpt>
      <trkpt lat="42.227996" lon="1.876722"></trkpt>
      <trkpt lat="42.227643" lon="1.87591"></trkpt>
      <trkpt lat="42.227087" lon="1.87523"></trkpt>
      <trkpt lat="42.225734" lon="1.874104"></trkpt>
      <trkpt lat="42.224427" lon="1.873228"></trkpt>
      <trkpt lat="42.221237" lon="1.872038"></trkpt>
      <trkpt lat="42.218527" lon="1.869671"></trkpt>
      <trkpt lat="42.217633" lon="1.8692"></trkpt>
      <trkpt lat="42.216983" lon="1.869011"></trkpt>
      <trkpt lat="42.215101" lon="1.868808"></trkpt>
      <trkpt lat="42.213539" lon="1.869635"></trkpt>
      <trkpt lat="42.213101" lon="1.869691"></trkpt>
      <trkpt lat="42.212676" lon="1.869493"></trkpt>
      <trkpt lat="42.211283" lon="1.868425"></trkpt>
      <trkpt lat="42.21094" lon="1.868342"></trkpt>
      <trkpt lat="42.210509" lon="1.868454"></trkpt>
      <trkpt lat="42.209518" lon="1.869158"></trkpt>
      <trkpt lat="42.208993" lon="1.869229"></trkpt>
      <trkpt lat="42.207952" lon="1.868832"></trkpt>
      <trkpt lat="42.206961" lon="1.867491"></trkpt>
      <trkpt lat="42.206015" lon="1.867136"></trkpt>
      <trkpt lat="42.205279" lon="1.867048"></trkpt>
      <trkpt lat="42.20453" lon="1.867294"></trkpt>
      <trkpt lat="42.203038" lon="1.868262"></trkpt>
      <trkpt lat="42.200653" lon="1.869223"></trkpt>
      <trkpt lat="42.200119" lon="1.869197"></trkpt>
      <trkpt lat="42.199246" lon="1.868717"></trkpt>
      <trkpt lat="42.19787" lon="1.868669"></trkpt>
      <trkpt lat="42.197343" lon="1.869107"></trkpt>
      <trkpt lat="42.196874" lon="1.87026"></trkpt>
      <trkpt lat="42.196609" lon="1.870639"></trkpt>
      <trkpt lat="42.19618" lon="1.87089"></trkpt>
      <trkpt lat="42.195844" lon="1.870917"></trkpt>
      <trkpt lat="42.195106" lon="1.870544"></trkpt>
      <trkpt lat="42.194072" lon="1.869582"></trkpt>
      <trkpt lat="42.193694" lon="1.869357"></trkpt>
      <trkpt lat="42.190863" lon="1.869041"></trkpt>
      <trkpt lat="42.189352" lon="1.868245"></trkpt>
      <trkpt lat="42.187823" lon="1.867721"></trkpt>
      <trkpt lat="42.186339" lon="1.86755"></trkpt>
      <trkpt lat="42.184912" lon="1.867854"></trkpt>
      <trkpt lat="42.184281" lon="1.867846"></trkpt>
      <trkpt lat="42.183858" lon="1.867687"></trkpt>
      <trkpt lat="42.18337" lon="1.867279"></trkpt>
      <trkpt lat="42.182535" lon="1.866279"></trkpt>
      <trkpt lat="42.181346" lon="1.864531"></trkpt>
      <trkpt lat="42.180871" lon="1.86417"></trkpt>
      <trkpt lat="42.179523" lon="1.863539"></trkpt>
      <trkpt lat="42.1775" lon="1.861321"></trkpt>
      <trkpt lat="42.176748" lon="1.861097"></trkpt>
      <trkpt lat="42.174595" lon="1.861649"></trkpt>
      <trkpt lat="42.173558" lon="1.861254"></trkpt>
      <trkpt lat="42.172347" lon="1.860416"></trkpt>
      <trkpt lat="42.17146" lon="1.859979"></trkpt>
      <trkpt lat="42.171201" lon="1.859514"></trkpt>
      <trkpt lat="42.171036" lon="1.858847"></trkpt>
      <trkpt lat="42.170681" lon="1.858235"></trkpt>
      <trkpt lat="42.16966" lon="1.857384"></trkpt>
      <trkpt lat="42.168729" lon="1.856347"></trkpt>
      <trkpt lat="42.16709" lon="1.856007"></trkpt>
      <trkpt lat="42.165527" lon="1.855113"></trkpt>
      <trkpt lat="42.165007" lon="1.85524"></trkpt>
      <trkpt lat="42.164173" lon="1.856159"></trkpt>
      <trkpt lat="42.163733" lon="1.856341"></trkpt>
      <trkpt lat="42.163394" lon="1.856215"></trkpt>
      <trkpt lat="42.162382" lon="1.855342"></trkpt>
      <trkpt lat="42.161778" lon="1.855228"></trkpt>
      <trkpt lat="42.161262" lon="1.855402"></trkpt>
      <trkpt lat="42.160744" lon="1.85592"></trkpt>
      <trkpt lat="42.159997" lon="1.857582"></trkpt>
      <trkpt lat="42.159569" lon="1.858236"></trkpt>
      <trkpt lat="42.159002" lon="1.858737"></trkpt>
      <trkpt lat="42.158255" lon="1.859073"></trkpt>
      <trkpt lat="42.157577" lon="1.859133"></trkpt>
      <trkpt lat="42.156922" lon="1.858936"></trkpt>
      <trkpt lat="42.155772" lon="1.858149"></trkpt>
      <trkpt lat="42.154887" lon="1.857803"></trkpt>
      <trkpt lat="42.154145" lon="1.857864"></trkpt>
      <trkpt lat="42.153417" lon="1.858191"></trkpt>
      <trkpt lat="42.152879" lon="1.858685"></trkpt>
      <trkpt lat="42.15251" lon="1.85921"></trkpt>
      <trkpt lat="42.152118" lon="1.860231"></trkpt>
      <trkpt lat="42.151989" lon="1.861272"></trkpt>
      <trkpt lat="42.152157" lon="1.86419"></trkpt>
      <trkpt lat="42.151806" lon="1.865098"></trkpt>
      <trkpt lat="42.151096" lon="1.865538"></trkpt>
      <trkpt lat="42.149921" lon="1.865365"></trkpt>
      <trkpt lat="42.149403" lon="1.865445"></trkpt>
      <trkpt lat="42.148317" lon="1.866318"></trkpt>
      <trkpt lat="42.147861" lon="1.86645"></trkpt>
      <trkpt lat="42.147443" lon="1.866345"></trkpt>
      <trkpt lat="42.146996" lon="1.865939"></trkpt>
      <trkpt lat="42.146772" lon="1.865399"></trkpt>
      <trkpt lat="42.146408" lon="1.863718"></trkpt>
      <trkpt lat="42.146125" lon="1.863198"></trkpt>
      <trkpt lat="42.145568" lon="1.862659"></trkpt>
      <trkpt lat="42.14502" lon="1.862463"></trkpt>
      <trkpt lat="42.14427" lon="1.862584"></trkpt>
      <trkpt lat="42.143777" lon="1.862927"></trkpt>
      <trkpt lat="42.142341" lon="1.865046"></trkpt>
      <trkpt lat="42.141743" lon="1.86551"></trkpt>
      <trkpt lat="42.141328" lon="1.865607"></trkpt>
      <trkpt lat="42.139252" lon="1.865308"></trkpt>
      <trkpt lat="42.138861" lon="1.865086"></trkpt>
      <trkpt lat="42.137906" lon="1.863984"></trkpt>
      <trkpt lat="42.137429" lon="1.863648"></trkpt>
      <trkpt lat="42.134558" lon="1.862812"></trkpt>
      <trkpt lat="42.133729" lon="1.862847"></trkpt>
      <trkpt lat="42.132731" lon="1.863091"></trkpt>
      <trkpt lat="42.13048" lon="1.864239"></trkpt>
      <trkpt lat="42.129473" lon="1.864607"></trkpt>
      <trkpt lat="42.129128" lon="1.86467"></trkpt>
      <trkpt lat="42.128569" lon="1.864571"></trkpt>
      <trkpt lat="42.128042" lon="1.864156"></trkpt>
      <trkpt lat="42.127769" lon="1.86372"></trkpt>
      <trkpt lat="42.127388" lon="1.862027"></trkpt>
      <trkpt lat="42.126328" lon="1.860714"></trkpt>
      <trkpt lat="42.125687" lon="1.858841"></trkpt>
      <trkpt lat="42.125249" lon="1.85811"></trkpt>
      <trkpt lat="42.124351" lon="1.857421"></trkpt>
      <trkpt lat="42.122804" lon="1.8572"></trkpt>
      <trkpt lat="42.121812" lon="1.85667"></trkpt>
      <trkpt lat="42.12139" lon="1.856689"></trkpt>
      <trkpt lat="42.121129" lon="1.856825"></trkpt>
      <trkpt lat="42.119998" lon="1.858022"></trkpt>
      <trkpt lat="42.119597" lon="1.858198"></trkpt>
      <trkpt lat="42.119177" lon="1.858228"></trkpt>
      <trkpt lat="42.118622" lon="1.858034"></trkpt>
      <trkpt lat="42.118324" lon="1.857781"></trkpt>
      <trkpt lat="42.117124" lon="1.85615"></trkpt>
      <trkpt lat="42.116432" lon="1.855823"></trkpt>
      <trkpt lat="42.116003" lon="1.855864"></trkpt>
      <trkpt lat="42.115501" lon="1.856094"></trkpt>
      <trkpt lat="42.115136" lon="1.856405"></trkpt>
      <trkpt lat="42.113854" lon="1.858299"></trkpt>
      <trkpt lat="42.113243" lon="1.858884"></trkpt>
      <trkpt lat="42.112394" lon="1.859552"></trkpt>
      <trkpt lat="42.111568" lon="1.859962"></trkpt>
      <trkpt lat="42.110958" lon="1.860028"></trkpt>
      <trkpt lat="42.11037" lon="1.859793"></trkpt>
      <trkpt lat="42.11007" lon="1.859545"></trkpt>
      <trkpt lat="42.109298" lon="1.858514"></trkpt>
      <trkpt lat="42.108972" lon="1.858245"></trkpt>
      <trkpt lat="42.108441" lon="1.858108"></trkpt>
      <trkpt lat="42.107787" lon="1.858382"></trkpt>
      <trkpt lat="42.106909" lon="1.859318"></trkpt>
      <trkpt lat="42.106498" lon="1.859576"></trkpt>
      <trkpt lat="42.105714" lon="1.859732"></trkpt>
      <trkpt lat="42.104402" lon="1.859682"></trkpt>
      <trkpt lat="42.10255" lon="1.859284"></trkpt>
      <trkpt lat="42.101891" lon="1.858855"></trkpt>
      <trkpt lat="42.100582" lon="1.857102"></trkpt>
      <trkpt lat="42.099433" lon="1.854942"></trkpt>
      <trkpt lat="42.098837" lon="1.854281"></trkpt>
      <trkpt lat="42.098161" lon="1.853844"></trkpt>
      <trkpt lat="42.097662" lon="1.85367"></trkpt>
      <trkpt lat="42.096926" lon="1.853625"></trkpt>
      <trkpt lat="42.094167" lon="1.854213"></trkpt>
      <trkpt lat="42.092094" lon="1.853963"></trkpt>
      <trkpt lat="42.091545" lon="1.854018"></trkpt>
      <trkpt lat="42.090884" lon="1.854297"></trkpt>
      <trkpt lat="42.089478" lon="1.855416"></trkpt>
      <trkpt lat="42.088763" lon="1.855836"></trkpt>
      <trkpt lat="42.087208" lon="1.856333"></trkpt>
      <trkpt lat="42.086696" lon="1.856611"></trkpt>
      <trkpt lat="42.083384" lon="1.859954"></trkpt>
      <trkpt lat="42.08173" lon="1.862007"></trkpt>
      <trkpt lat="42.080248" lon="1.86426"></trkpt>
      <trkpt lat="42.076483" lon="1.871603"></trkpt>
      <trkpt lat="42.075398" lon="1.872899"></trkpt>
      <trkpt lat="42.074321" lon="1.873645"></trkpt>
      <trkpt lat="42.073442" lon="1.873986"></trkpt>
      <trkpt lat="42.072798" lon="1.874107"></trkpt>
      <trkpt lat="42.058762" lon="1.875566"></trkpt>
      <trkpt lat="42.051318" lon="1.875733"></trkpt>
      <trkpt lat="42.046879" lon="1.876107"></trkpt>
      <trkpt lat="42.045999" lon="1.875932"></trkpt>
      <trkpt lat="42.045888" lon="1.87584"></trkpt>
      <trkpt lat="42.046005" lon="1.875389"></trkpt>
      <trkpt lat="42.046265" lon="1.875175"></trkpt>
      <trkpt lat="42.046515" lon="1.87519"></trkpt>
      <trkpt lat="42.046912" lon="1.875687"></trkpt>
      <trkpt lat="42.047157" lon="1.876563"></trkpt>
      <trkpt lat="42.047089" lon="1.877178"></trkpt>
      <trkpt lat="42.047613" lon="1.877626"></trkpt>
      <trkpt lat="42.047786" lon="1.877932"></trkpt>
      <trkpt lat="42.048203" lon="1.879203"></trkpt>
      <trkpt lat="42.048234" lon="1.880186"></trkpt>
      <trkpt lat="42.047842" lon="1.882878"></trkpt>
      <trkpt lat="42.047624" lon="1.885583"></trkpt>
      <trkpt lat="42.047692" lon="1.887814"></trkpt>
      <trkpt lat="42.048291" lon="1.892324"></trkpt>
      <trkpt lat="42.048703" lon="1.892573"></trkpt>
      <trkpt lat="42.048968" lon="1.892886"></trkpt>
      <trkpt lat="42.049447" lon="1.893835"></trkpt>
      <trkpt lat="42.049646" lon="1.894429"></trkpt>
      <trkpt lat="42.050382" lon="1.898315"></trkpt>
      <trkpt lat="42.051264" lon="1.900913"></trkpt>
      <trkpt lat="42.051279" lon="1.901817"></trkpt>
      <trkpt lat="42.05075" lon="1.908107"></trkpt>
      <trkpt lat="42.050956" lon="1.909301"></trkpt>
      <trkpt lat="42.051663" lon="1.910913"></trkpt>
      <trkpt lat="42.05193" lon="1.911862"></trkpt>
      <trkpt lat="42.052057" lon="1.915989"></trkpt>
      <trkpt lat="42.052828" lon="1.920211"></trkpt>
      <trkpt lat="42.052752" lon="1.921879"></trkpt>
      <trkpt lat="42.05246" lon="1.922945"></trkpt>
      <trkpt lat="42.051993" lon="1.923884"></trkpt>
      <trkpt lat="42.04893" lon="1.928065"></trkpt>
      <trkpt lat="42.048306" lon="1.928685"></trkpt>
      <trkpt lat="42.046615" lon="1.929525"></trkpt>
      <trkpt lat="42.045989" lon="1.929969"></trkpt>
      <trkpt lat="42.045343" lon="1.930842"></trkpt>
      <trkpt lat="42.045008" lon="1.931728"></trkpt>
      <trkpt lat="42.044837" lon="1.932795"></trkpt>
      <trkpt lat="42.04486" lon="1.933447"></trkpt>
      <trkpt lat="42.046947" lon="1.94666"></trkpt>
      <trkpt lat="42.046999" lon="1.948495"></trkpt>
      <trkpt lat="42.046769" lon="1.949623"></trkpt>
      <trkpt lat="42.046486" lon="1.950291"></trkpt>
      <trkpt lat="42.045617" lon="1.95163"></trkpt>
      <trkpt lat="42.044882" lon="1.952247"></trkpt>
      <trkpt lat="42.041885" lon="1.953894"></trkpt>
      <trkpt lat="42.041094" lon="1.954598"></trkpt>
      <trkpt lat="42.040523" lon="1.955515"></trkpt>
      <trkpt lat="42.040015" lon="1.95664"></trkpt>
      <trkpt lat="42.039358" lon="1.958733"></trkpt>
      <trkpt lat="42.038851" lon="1.961169"></trkpt>
      <trkpt lat="42.038666" lon="1.962595"></trkpt>
      <trkpt lat="42.038644" lon="1.963836"></trkpt>
      <trkpt lat="42.038761" lon="1.964768"></trkpt>
      <trkpt lat="42.039916" lon="1.969361"></trkpt>
      <trkpt lat="42.04009" lon="1.97232"></trkpt>
      <trkpt lat="42.039949" lon="1.974244"></trkpt>
      <trkpt lat="42.03918" lon="1.976716"></trkpt>
      <trkpt lat="42.038498" lon="1.977959"></trkpt>
      <trkpt lat="42.037257" lon="1.979411"></trkpt>
      <trkpt lat="42.0363" lon="1.980101"></trkpt>
      <trkpt lat="42.034727" lon="1.980903"></trkpt>
      <trkpt lat="42.034074" lon="1.981496"></trkpt>
      <trkpt lat="42.033561" lon="1.982361"></trkpt>
      <trkpt lat="42.032589" lon="1.985009"></trkpt>
      <trkpt lat="42.031778" lon="1.98593"></trkpt>
      <trkpt lat="42.029168" lon="1.987073"></trkpt>
      <trkpt lat="42.02839" lon="1.987297"></trkpt>
      <trkpt lat="42.027575" lon="1.9872"></trkpt>
      <trkpt lat="42.026608" lon="1.986724"></trkpt>
      <trkpt lat="42.025975" lon="1.986555"></trkpt>
      <trkpt lat="42.022282" lon="1.987052"></trkpt>
      <trkpt lat="42.021543" lon="1.987535"></trkpt>
      <trkpt lat="42.019905" lon="1.98944"></trkpt>
      <trkpt lat="42.019563" lon="1.989942"></trkpt>
      <trkpt lat="42.019303" lon="1.990592"></trkpt>
      <trkpt lat="42.019186" lon="1.991366"></trkpt>
      <trkpt lat="42.019245" lon="1.992198"></trkpt>
      <trkpt lat="42.019512" lon="1.992988"></trkpt>
      <trkpt lat="42.020187" lon="1.994027"></trkpt>
      <trkpt lat="42.02051" lon="1.994736"></trkpt>
      <trkpt lat="42.020692" lon="1.995546"></trkpt>
      <trkpt lat="42.020699" lon="1.996518"></trkpt>
      <trkpt lat="42.020344" lon="1.99778"></trkpt>
      <trkpt lat="42.017583" lon="2.002383"></trkpt>
      <trkpt lat="42.017253" lon="2.003586"></trkpt>
      <trkpt lat="42.017291" lon="2.004803"></trkpt>
      <trkpt lat="42.01754" lon="2.005662"></trkpt>
      <trkpt lat="42.0186" lon="2.007531"></trkpt>
      <trkpt lat="42.018856" lon="2.008423"></trkpt>
      <trkpt lat="42.018936" lon="2.009728"></trkpt>
      <trkpt lat="42.018628" lon="2.011922"></trkpt>
      <trkpt lat="42.018721" lon="2.012826"></trkpt>
      <trkpt lat="42.01895" lon="2.01356"></trkpt>
      <trkpt lat="42.019523" lon="2.01446"></trkpt>
      <trkpt lat="42.020731" lon="2.01555"></trkpt>
      <trkpt lat="42.021927" lon="2.0178"></trkpt>
      <trkpt lat="42.022288" lon="2.018184"></trkpt>
      <trkpt lat="42.023375" lon="2.018972"></trkpt>
      <trkpt lat="42.024108" lon="2.019799"></trkpt>
      <trkpt lat="42.02462" lon="2.020885"></trkpt>
      <trkpt lat="42.024781" lon="2.021654"></trkpt>
      <trkpt lat="42.024793" lon="2.022392"></trkpt>
      <trkpt lat="42.024551" lon="2.023548"></trkpt>
      <trkpt lat="42.02395" lon="2.024574"></trkpt>
      <trkpt lat="42.022378" lon="2.025842"></trkpt>
      <trkpt lat="42.020201" lon="2.028465"></trkpt>
      <trkpt lat="42.017856" lon="2.030732"></trkpt>
      <trkpt lat="42.016712" lon="2.032342"></trkpt>
      <trkpt lat="42.014969" lon="2.033871"></trkpt>
      <trkpt lat="42.012561" lon="2.037799"></trkpt>
      <trkpt lat="42.010625" lon="2.039765"></trkpt>
      <trkpt lat="42.010219" lon="2.040732"></trkpt>
      <trkpt lat="42.009967" lon="2.043281"></trkpt>
      <trkpt lat="42.009706" lon="2.044261"></trkpt>
      <trkpt lat="42.007323" lon="2.049632"></trkpt>
      <trkpt lat="42.00721" lon="2.050652"></trkpt>
      <trkpt lat="42.007382" lon="2.051826"></trkpt>
      <trkpt lat="42.008418" lon="2.054181"></trkpt>
      <trkpt lat="42.008707" lon="2.05516"></trkpt>
      <trkpt lat="42.008831" lon="2.057291"></trkpt>
      <trkpt lat="42.009487" lon="2.060125"></trkpt>
      <trkpt lat="42.009625" lon="2.063818"></trkpt>
      <trkpt lat="42.009917" lon="2.064746"></trkpt>
      <trkpt lat="42.010573" lon="2.066024"></trkpt>
      <trkpt lat="42.010794" lon="2.066807"></trkpt>
      <trkpt lat="42.012291" lon="2.074216"></trkpt>
      <trkpt lat="42.012321" lon="2.075607"></trkpt>
      <trkpt lat="42.012018" lon="2.078111"></trkpt>
      <trkpt lat="42.011745" lon="2.079218"></trkpt>
      <trkpt lat="42.0113" lon="2.080308"></trkpt>
      <trkpt lat="42.008173" lon="2.086312"></trkpt>
      <trkpt lat="42.007105" lon="2.087743"></trkpt>
      <trkpt lat="42.006387" lon="2.088307"></trkpt>
      <trkpt lat="42.004732" lon="2.089141"></trkpt>
      <trkpt lat="42.003338" lon="2.090757"></trkpt>
      <trkpt lat="42.002921" lon="2.091104"></trkpt>
      <trkpt lat="41.99868" lon="2.093043"></trkpt>
      <trkpt lat="41.997056" lon="2.093973"></trkpt>
      <trkpt lat="41.995606" lon="2.094981"></trkpt>
      <trkpt lat="41.99465" lon="2.095919"></trkpt>
      <trkpt lat="41.994112" lon="2.096758"></trkpt>
      <trkpt lat="41.9931" lon="2.09879"></trkpt>
      <trkpt lat="41.992278" lon="2.099731"></trkpt>
      <trkpt lat="41.988275" lon="2.102386"></trkpt>
      <trkpt lat="41.987217" lon="2.102966"></trkpt>
      <trkpt lat="41.985954" lon="2.103287"></trkpt>
      <trkpt lat="41.979824" lon="2.104262"></trkpt>
      <trkpt lat="41.979007" lon="2.104573"></trkpt>
      <trkpt lat="41.978384" lon="2.104955"></trkpt>
      <trkpt lat="41.977356" lon="2.105926"></trkpt>
      <trkpt lat="41.976458" lon="2.10738"></trkpt>
      <trkpt lat="41.976058" lon="2.109065"></trkpt>
      <trkpt lat="41.976046" lon="2.110152"></trkpt>
      <trkpt lat="41.97663" lon="2.112946"></trkpt>
      <trkpt lat="41.97661" lon="2.114209"></trkpt>
      <trkpt lat="41.976482" lon="2.114946"></trkpt>
      <trkpt lat="41.976263" lon="2.115584"></trkpt>
      <trkpt lat="41.975764" lon="2.116489"></trkpt>
      <trkpt lat="41.975327" lon="2.116998"></trkpt>
      <trkpt lat="41.973913" lon="2.117965"></trkpt>
      <trkpt lat="41.973205" lon="2.119001"></trkpt>
      <trkpt lat="41.972914" lon="2.120188"></trkpt>
      <trkpt lat="41.972091" lon="2.126562"></trkpt>
      <trkpt lat="41.971574" lon="2.127531"></trkpt>
      <trkpt lat="41.970092" lon="2.1287"></trkpt>
      <trkpt lat="41.969761" lon="2.129308"></trkpt>
      <trkpt lat="41.969186" lon="2.130897"></trkpt>
      <trkpt lat="41.968649" lon="2.13145"></trkpt>
      <trkpt lat="41.967859" lon="2.131748"></trkpt>
      <trkpt lat="41.967205" lon="2.131739"></trkpt>
      <trkpt lat="41.966585" lon="2.131528"></trkpt>
      <trkpt lat="41.965628" lon="2.130763"></trkpt>
      <trkpt lat="41.964631" lon="2.129496"></trkpt>
      <trkpt lat="41.964087" lon="2.128971"></trkpt>
      <trkpt lat="41.963142" lon="2.128578"></trkpt>
      <trkpt lat="41.962276" lon="2.128633"></trkpt>
      <trkpt lat="41.961724" lon="2.128876"></trkpt>
      <trkpt lat="41.961059" lon="2.129443"></trkpt>
      <trkpt lat="41.958128" lon="2.13443"></trkpt>
      <trkpt lat="41.957476" lon="2.135189"></trkpt>
      <trkpt lat="41.956651" lon="2.135655"></trkpt>
      <trkpt lat="41.955653" lon="2.135796"></trkpt>
      <trkpt lat="41.949184" lon="2.13602"></trkpt>
      <trkpt lat="41.947938" lon="2.136291"></trkpt>
      <trkpt lat="41.947191" lon="2.136683"></trkpt>
      <trkpt lat="41.946364" lon="2.137357"></trkpt>
      <trkpt lat="41.94567" lon="2.138211"></trkpt>
      <trkpt lat="41.944727" lon="2.13981"></trkpt>
      <trkpt lat="41.944361" lon="2.140223"></trkpt>
      <trkpt lat="41.943785" lon="2.140636"></trkpt>
      <trkpt lat="41.943129" lon="2.140831"></trkpt>
      <trkpt lat="41.942608" lon="2.140818"></trkpt>
      <trkpt lat="41.941317" lon="2.140534"></trkpt>
      <trkpt lat="41.938926" lon="2.141353"></trkpt>
      <trkpt lat="41.938441" lon="2.141335"></trkpt>
      <trkpt lat="41.938028" lon="2.141093"></trkpt>
      <trkpt lat="41.937083" lon="2.140046"></trkpt>
      <trkpt lat="41.935187" lon="2.139085"></trkpt>
      <trkpt lat="41.934588" lon="2.138906"></trkpt>
      <trkpt lat="41.933838" lon="2.139096"></trkpt>
      <trkpt lat="41.932769" lon="2.140047"></trkpt>
      <trkpt lat="41.932213" lon="2.140294"></trkpt>
      <trkpt lat="41.931651" lon="2.140267"></trkpt>
      <trkpt lat="41.930117" lon="2.139757"></trkpt>
      <trkpt lat="41.929294" lon="2.139713"></trkpt>
      <trkpt lat="41.928541" lon="2.139837"></trkpt>
      <trkpt lat="41.927747" lon="2.140181"></trkpt>
      <trkpt lat="41.926964" lon="2.140765"></trkpt>
      <trkpt lat="41.92645" lon="2.141479"></trkpt>
      <trkpt lat="41.926281" lon="2.142368"></trkpt>
      <trkpt lat="41.925785" lon="2.142604"></trkpt>
      <trkpt lat="41.925639" lon="2.14286"></trkpt>
      <trkpt lat="41.925746" lon="2.143383"></trkpt>
      <trkpt lat="41.927808" lon="2.145381"></trkpt>
      <trkpt lat="41.930268" lon="2.148561"></trkpt>
      <trkpt lat="41.931362" lon="2.150332"></trkpt>
      <trkpt lat="41.932207" lon="2.152325"></trkpt>
      <trkpt lat="41.932729" lon="2.154503"></trkpt>
      <trkpt lat="41.932937" lon="2.156754"></trkpt>
      <trkpt lat="41.932923" lon="2.158138"></trkpt>
      <trkpt lat="41.932395" lon="2.162795"></trkpt>
      <trkpt lat="41.932583" lon="2.165665"></trkpt>
      <trkpt lat="41.933313" lon="2.168442"></trkpt>
      <trkpt lat="41.936204" lon="2.175002"></trkpt>
      <trkpt lat="41.936665" lon="2.177113"></trkpt>
      <trkpt lat="41.93668" lon="2.179491"></trkpt>
      <trkpt lat="41.936359" lon="2.181618"></trkpt>
      <trkpt lat="41.935863" lon="2.183484"></trkpt>
      <trkpt lat="41.934276" lon="2.187711"></trkpt>
      <trkpt lat="41.933741" lon="2.190478"></trkpt>
      <trkpt lat="41.933715" lon="2.198904"></trkpt>
      <trkpt lat="41.933468" lon="2.200566"></trkpt>
      <trkpt lat="41.932752" lon="2.203752"></trkpt>
      <trkpt lat="41.932491" lon="2.206349"></trkpt>
      <trkpt lat="41.932629" lon="2.20936"></trkpt>
      <trkpt lat="41.933265" lon="2.212659"></trkpt>
      <trkpt lat="41.933819" lon="2.214574"></trkpt>
      <trkpt lat="41.93463" lon="2.21677"></trkpt>
      <trkpt lat="41.938146" lon="2.223686"></trkpt>
      <trkpt lat="41.938734" lon="2.225066"></trkpt>
      <trkpt lat="41.939144" lon="2.226758"></trkpt>
      <trkpt lat="41.939354" lon="2.229674"></trkpt>
      <trkpt lat="41.939801" lon="2.230827"></trkpt>
      <trkpt lat="41.940501" lon="2.231555"></trkpt>
      <trkpt lat="41.94143" lon="2.231893"></trkpt>
      <trkpt lat="41.941971" lon="2.231835"></trkpt>
      <trkpt lat="41.943054" lon="2.231419"></trkpt>
      <trkpt lat="41.943902" lon="2.231227"></trkpt>
      <trkpt lat="41.945332" lon="2.23123"></trkpt>
      <trkpt lat="41.947392" lon="2.232051"></trkpt>
      <trkpt lat="41.949417" lon="2.233527"></trkpt>
      <trkpt lat="41.950554" lon="2.234753"></trkpt>
      <trkpt lat="41.951516" lon="2.23611"></trkpt>
      <trkpt lat="41.955984" lon="2.244148"></trkpt>
      <trkpt lat="41.957344" lon="2.246405"></trkpt>
      <trkpt lat="41.957882" lon="2.247574"></trkpt>
      <trkpt lat="41.959371" lon="2.253465"></trkpt>
      <trkpt lat="41.960088" lon="2.256793"></trkpt>
      <trkpt lat="41.960835" lon="2.261007"></trkpt>
      <trkpt lat="41.961027" lon="2.26297"></trkpt>
      <trkpt lat="41.960978" lon="2.264974"></trkpt>
      <trkpt lat="41.960397" lon="2.268509"></trkpt>
      <trkpt lat="41.960202" lon="2.270475"></trkpt>
      <trkpt lat="41.960422" lon="2.274603"></trkpt>
      <trkpt lat="41.960348" lon="2.276692"></trkpt>
      <trkpt lat="41.960017" lon="2.278977"></trkpt>
      <trkpt lat="41.959418" lon="2.281357"></trkpt>
      <trkpt lat="41.958706" lon="2.283159"></trkpt>
      <trkpt lat="41.957677" lon="2.284848"></trkpt>
      <trkpt lat="41.956425" lon="2.286461"></trkpt>
      <trkpt lat="41.955343" lon="2.287541"></trkpt>
      <trkpt lat="41.954551" lon="2.288191"></trkpt>
      <trkpt lat="41.953168" lon="2.289023"></trkpt>
      <trkpt lat="41.949514" lon="2.290634"></trkpt>
      <trkpt lat="41.945737" lon="2.293567"></trkpt>
      <trkpt lat="41.943814" lon="2.294847"></trkpt>
      <trkpt lat="41.941561" lon="2.295758"></trkpt>
      <trkpt lat="41.937122" lon="2.296781"></trkpt>
      <trkpt lat="41.933582" lon="2.298047"></trkpt>
      <trkpt lat="41.931641" lon="2.29898"></trkpt>
      <trkpt lat="41.928994" lon="2.300849"></trkpt>
      <trkpt lat="41.926978" lon="2.30179"></trkpt>
      <trkpt lat="41.921003" lon="2.303388"></trkpt>
      <trkpt lat="41.917524" lon="2.304603"></trkpt>
      <trkpt lat="41.915642" lon="2.305618"></trkpt>
      <trkpt lat="41.914256" lon="2.306705"></trkpt>
      <trkpt lat="41.913326" lon="2.307717"></trkpt>
      <trkpt lat="41.912315" lon="2.309115"></trkpt>
      <trkpt lat="41.910781" lon="2.312204"></trkpt>
      <trkpt lat="41.907858" lon="2.318807"></trkpt>
      <trkpt lat="41.907288" lon="2.320513"></trkpt>
      <trkpt lat="41.905183" lon="2.328295"></trkpt>
      <trkpt lat="41.903159" lon="2.334125"></trkpt>
      <trkpt lat="41.902254" lon="2.336329"></trkpt>
      <trkpt lat="41.898751" lon="2.342891"></trkpt>
      <trkpt lat="41.898089" lon="2.343709"></trkpt>
      <trkpt lat="41.897361" lon="2.34437"></trkpt>
      <trkpt lat="41.895776" lon="2.345494"></trkpt>
      <trkpt lat="41.895301" lon="2.345988"></trkpt>
      <trkpt lat="41.894618" lon="2.346996"></trkpt>
      <trkpt lat="41.894095" lon="2.348358"></trkpt>
      <trkpt lat="41.893394" lon="2.351884"></trkpt>
      <trkpt lat="41.891479" lon="2.356188"></trkpt>
      <trkpt lat="41.89128" lon="2.357068"></trkpt>
      <trkpt lat="41.891187" lon="2.358239"></trkpt>
      <trkpt lat="41.891232" lon="2.359195"></trkpt>
      <trkpt lat="41.89157" lon="2.360763"></trkpt>
      <trkpt lat="41.89249" lon="2.362382"></trkpt>
      <trkpt lat="41.8937" lon="2.363802"></trkpt>
      <trkpt lat="41.894397" lon="2.364866"></trkpt>
      <trkpt lat="41.895091" lon="2.366541"></trkpt>
      <trkpt lat="41.895392" lon="2.367994"></trkpt>
      <trkpt lat="41.895475" lon="2.369791"></trkpt>
      <trkpt lat="41.895077" lon="2.372625"></trkpt>
      <trkpt lat="41.894505" lon="2.374822"></trkpt>
      <trkpt lat="41.893606" lon="2.377185"></trkpt>
      <trkpt lat="41.892961" lon="2.378475"></trkpt>
      <trkpt lat="41.891328" lon="2.380731"></trkpt>
      <trkpt lat="41.89" lon="2.383068"></trkpt>
      <trkpt lat="41.888122" lon="2.385338"></trkpt>
      <trkpt lat="41.886936" lon="2.387765"></trkpt>
      <trkpt lat="41.886353" lon="2.38869"></trkpt>
      <trkpt lat="41.885537" lon="2.38955"></trkpt>
      <trkpt lat="41.883259" lon="2.390934"></trkpt>
      <trkpt lat="41.882196" lon="2.392039"></trkpt>
      <trkpt lat="41.881672" lon="2.39309"></trkpt>
      <trkpt lat="41.880938" lon="2.395446"></trkpt>
      <trkpt lat="41.880505" lon="2.396441"></trkpt>
      <trkpt lat="41.879048" lon="2.398733"></trkpt>
      <trkpt lat="41.875396" lon="2.402506"></trkpt>
      <trkpt lat="41.873006" lon="2.406421"></trkpt>
      <trkpt lat="41.871819" lon="2.407367"></trkpt>
      <trkpt lat="41.869945" lon="2.408218"></trkpt>
      <trkpt lat="41.868976" lon="2.409109"></trkpt>
      <trkpt lat="41.868565" lon="2.409704"></trkpt>
      <trkpt lat="41.867292" lon="2.412139"></trkpt>
      <trkpt lat="41.866365" lon="2.415403"></trkpt>
      <trkpt lat="41.865635" lon="2.417224"></trkpt>
      <trkpt lat="41.864842" lon="2.418606"></trkpt>
      <trkpt lat="41.8625" lon="2.421819"></trkpt>
      <trkpt lat="41.86172" lon="2.422649"></trkpt>
      <trkpt lat="41.86095" lon="2.423143"></trkpt>
      <trkpt lat="41.857045" lon="2.424675"></trkpt>
      <trkpt lat="41.856256" lon="2.425288"></trkpt>
      <trkpt lat="41.855467" lon="2.426314"></trkpt>
      <trkpt lat="41.855026" lon="2.427282"></trkpt>
      <trkpt lat="41.854621" lon="2.428649"></trkpt>
      <trkpt lat="41.853773" lon="2.432685"></trkpt>
      <trkpt lat="41.853513" lon="2.435119"></trkpt>
      <trkpt lat="41.853322" lon="2.439005"></trkpt>
      <trkpt lat="41.853016" lon="2.440862"></trkpt>
      <trkpt lat="41.852498" lon="2.442649"></trkpt>
      <trkpt lat="41.851617" lon="2.444859"></trkpt>
      <trkpt lat="41.851443" lon="2.44565"></trkpt>
      <trkpt lat="41.851485" lon="2.447279"></trkpt>
      <trkpt lat="41.852323" lon="2.450668"></trkpt>
      <trkpt lat="41.85229" lon="2.451716"></trkpt>
      <trkpt lat="41.852093" lon="2.452547"></trkpt>
      <trkpt lat="41.851831" lon="2.453212"></trkpt>
      <trkpt lat="41.851448" lon="2.453766"></trkpt>
      <trkpt lat="41.849227" lon="2.455932"></trkpt>
      <trkpt lat="41.848036" lon="2.457959"></trkpt>
      <trkpt lat="41.847238" lon="2.459024"></trkpt>
      <trkpt lat="41.845037" lon="2.460527"></trkpt>
      <trkpt lat="41.844404" lon="2.461247"></trkpt>
      <trkpt lat="41.843896" lon="2.462189"></trkpt>
      <trkpt lat="41.843323" lon="2.463984"></trkpt>
      <trkpt lat="41.843133" lon="2.465707"></trkpt>
      <trkpt lat="41.843185" lon="2.466528"></trkpt>
      <trkpt lat="41.843542" lon="2.468111"></trkpt>
      <trkpt lat="41.844121" lon="2.469298"></trkpt>
      <trkpt lat="41.848117" lon="2.474437"></trkpt>
      <trkpt lat="41.851984" lon="2.478102"></trkpt>
      <trkpt lat="41.852661" lon="2.479279"></trkpt>
      <trkpt lat="41.852999" lon="2.480216"></trkpt>
      <trkpt lat="41.853357" lon="2.482197"></trkpt>
      <trkpt lat="41.853388" lon="2.484237"></trkpt>
      <trkpt lat="41.852621" lon="2.49183"></trkpt>
      <trkpt lat="41.852341" lon="2.49294"></trkpt>
      <trkpt lat="41.851576" lon="2.494974"></trkpt>
      <trkpt lat="41.851341" lon="2.496122"></trkpt>
      <trkpt lat="41.851285" lon="2.497481"></trkpt>
      <trkpt lat="41.851493" lon="2.499094"></trkpt>
      <trkpt lat="41.851937" lon="2.500324"></trkpt>
      <trkpt lat="41.853432" lon="2.50262"></trkpt>
      <trkpt lat="41.854336" lon="2.503775"></trkpt>
      <trkpt lat="41.855149" lon="2.50446"></trkpt>
      <trkpt lat="41.856807" lon="2.505534"></trkpt>
      <trkpt lat="41.857847" lon="2.506595"></trkpt>
      <trkpt lat="41.858386" lon="2.50758"></trkpt>
      <trkpt lat="41.858712" lon="2.509036"></trkpt>
      <trkpt lat="41.85865" lon="2.510349"></trkpt>
      <trkpt lat="41.858434" lon="2.511131"></trkpt>
      <trkpt lat="41.858025" lon="2.511976"></trkpt>
      <trkpt lat="41.857336" lon="2.512811"></trkpt>
      <trkpt lat="41.856841" lon="2.513144"></trkpt>
      <trkpt lat="41.856283" lon="2.513342"></trkpt>
      <trkpt lat="41.854523" lon="2.513679"></trkpt>
      <trkpt lat="41.853752" lon="2.513975"></trkpt>
      <trkpt lat="41.852855" lon="2.514656"></trkpt>
      <trkpt lat="41.852178" lon="2.515448"></trkpt>
      <trkpt lat="41.851132" lon="2.517081"></trkpt>
      <trkpt lat="41.850647" lon="2.518098"></trkpt>
      <trkpt lat="41.850052" lon="2.519684"></trkpt>
      <trkpt lat="41.849785" lon="2.520797"></trkpt>
      <trkpt lat="41.849472" lon="2.522835"></trkpt>
      <trkpt lat="41.848984" lon="2.528397"></trkpt>
      <trkpt lat="41.847686" lon="2.533735"></trkpt>
      <trkpt lat="41.847492" lon="2.535744"></trkpt>
      <trkpt lat="41.847689" lon="2.538336"></trkpt>
      <trkpt lat="41.848194" lon="2.541087"></trkpt>
      <trkpt lat="41.848212" lon="2.544739"></trkpt>
      <trkpt lat="41.84834" lon="2.546933"></trkpt>
      <trkpt lat="41.849266" lon="2.551034"></trkpt>
      <trkpt lat="41.849628" lon="2.553546"></trkpt>
      <trkpt lat="41.850319" lon="2.555758"></trkpt>
      <trkpt lat="41.850758" lon="2.558153"></trkpt>
      <trkpt lat="41.851267" lon="2.559529"></trkpt>
      <trkpt lat="41.851906" lon="2.560549"></trkpt>
      <trkpt lat="41.853768" lon="2.562778"></trkpt>
      <trkpt lat="41.854292" lon="2.563877"></trkpt>
      <trkpt lat="41.854615" lon="2.565164"></trkpt>
      <trkpt lat="41.854907" lon="2.567888"></trkpt>
      <trkpt lat="41.855289" lon="2.569145"></trkpt>
      <trkpt lat="41.85578" lon="2.569961"></trkpt>
      <trkpt lat="41.856456" lon="2.570701"></trkpt>
      <trkpt lat="41.85886" lon="2.572445"></trkpt>
      <trkpt lat="41.859626" lon="2.573349"></trkpt>
      <trkpt lat="41.86017" lon="2.574352"></trkpt>
      <trkpt lat="41.86108" lon="2.577572"></trkpt>
      <trkpt lat="41.861775" lon="2.579257"></trkpt>
      <trkpt lat="41.862485" lon="2.58056"></trkpt>
      <trkpt lat="41.864182" lon="2.58315"></trkpt>
      <trkpt lat="41.864717" lon="2.584964"></trkpt>
      <trkpt lat="41.865078" lon="2.588931"></trkpt>
      <trkpt lat="41.865762" lon="2.590775"></trkpt>
      <trkpt lat="41.866622" lon="2.591937"></trkpt>
      <trkpt lat="41.867422" lon="2.592606"></trkpt>
      <trkpt lat="41.868324" lon="2.593076"></trkpt>
      <trkpt lat="41.870274" lon="2.593521"></trkpt>
      <trkpt lat="41.87113" lon="2.593948"></trkpt>
      <trkpt lat="41.872071" lon="2.594824"></trkpt>
      <trkpt lat="41.872863" lon="2.596145"></trkpt>
      <trkpt lat="41.873345" lon="2.597978"></trkpt>
      <trkpt lat="41.874724" lon="2.6117"></trkpt>
      <trkpt lat="41.874459" lon="2.61345"></trkpt>
      <trkpt lat="41.873397" lon="2.616267"></trkpt>
      <trkpt lat="41.873269" lon="2.617111"></trkpt>
      <trkpt lat="41.873282" lon="2.618293"></trkpt>
      <trkpt lat="41.874246" lon="2.622691"></trkpt>
      <trkpt lat="41.87438" lon="2.624325"></trkpt>
      <trkpt lat="41.87438" lon="2.627059"></trkpt>
      <trkpt lat="41.874545" lon="2.628557"></trkpt>
      <trkpt lat="41.874876" lon="2.629921"></trkpt>
      <trkpt lat="41.875848" lon="2.632823"></trkpt>
      <trkpt lat="41.876429" lon="2.636647"></trkpt>
      <trkpt lat="41.876873" lon="2.63791"></trkpt>
      <trkpt lat="41.877502" lon="2.639013"></trkpt>
      <trkpt lat="41.87825" lon="2.639879"></trkpt>
      <trkpt lat="41.879644" lon="2.641119"></trkpt>
      <trkpt lat="41.880438" lon="2.642334"></trkpt>
      <trkpt lat="41.880913" lon="2.643502"></trkpt>
      <trkpt lat="41.881631" lon="2.6465"></trkpt>
      <trkpt lat="41.882212" lon="2.647842"></trkpt>
      <trkpt lat="41.882946" lon="2.648998"></trkpt>
      <trkpt lat="41.88475" lon="2.651488"></trkpt>
      <trkpt lat="41.885675" lon="2.652557"></trkpt>
      <trkpt lat="41.886748" lon="2.653333"></trkpt>
      <trkpt lat="41.888736" lon="2.654403"></trkpt>
      <trkpt lat="41.88964" lon="2.655303"></trkpt>
      <trkpt lat="41.889886" lon="2.655699"></trkpt>
      <trkpt lat="41.890615" lon="2.6576"></trkpt>
      <trkpt lat="41.891352" lon="2.661448"></trkpt>
      <trkpt lat="41.891314" lon="2.664219"></trkpt>
      <trkpt lat="41.891149" lon="2.665241"></trkpt>
      <trkpt lat="41.89068" lon="2.666909"></trkpt>
      <trkpt lat="41.887451" lon="2.674061"></trkpt>
      <trkpt lat="41.884611" lon="2.678633"></trkpt>
      <trkpt lat="41.884214" lon="2.67945"></trkpt>
      <trkpt lat="41.883737" lon="2.680638"></trkpt>
      <trkpt lat="41.882246" lon="2.685736"></trkpt>
      <trkpt lat="41.881539" lon="2.68726"></trkpt>
      <trkpt lat="41.880323" lon="2.689118"></trkpt>
      <trkpt lat="41.879501" lon="2.690663"></trkpt>
      <trkpt lat="41.87898" lon="2.692086"></trkpt>
      <trkpt lat="41.878612" lon="2.693587"></trkpt>
      <trkpt lat="41.878341" lon="2.695553"></trkpt>
      <trkpt lat="41.878325" lon="2.697622"></trkpt>
      <trkpt lat="41.878512" lon="2.699245"></trkpt>
      <trkpt lat="41.879214" lon="2.702338"></trkpt>
      <trkpt lat="41.87949" lon="2.704382"></trkpt>
      <trkpt lat="41.880761" lon="2.721"></trkpt>
      <trkpt lat="41.880766" lon="2.723301"></trkpt>
      <trkpt lat="41.880591" lon="2.725397"></trkpt>
      <trkpt lat="41.879295" lon="2.732601"></trkpt>
      <trkpt lat="41.8787" lon="2.734974"></trkpt>
      <trkpt lat="41.876979" lon="2.740588"></trkpt>
      <trkpt lat="41.8761" lon="2.744378"></trkpt>
      <trkpt lat="41.875576" lon="2.748338"></trkpt>
      <trkpt lat="41.875226" lon="2.754442"></trkpt>
      <trkpt lat="41.874719" lon="2.757618"></trkpt>
      <trkpt lat="41.873873" lon="2.759949"></trkpt>
      <trkpt lat="41.873221" lon="2.761096"></trkpt>
      <trkpt lat="41.871439" lon="2.763604"></trkpt>
      <trkpt lat="41.870606" lon="2.765101"></trkpt>
      <trkpt lat="41.869902" lon="2.76665"></trkpt>
      <trkpt lat="41.869376" lon="2.768146"></trkpt>
      <trkpt lat="41.868904" lon="2.769851"></trkpt>
      <trkpt lat="41.868478" lon="2.772169"></trkpt>
      <trkpt lat="41.867952" lon="2.778701"></trkpt>
      <trkpt lat="41.868207" lon="2.779149"></trkpt>
      <trkpt lat="41.868582" lon="2.779285"></trkpt>
      <trkpt lat="41.868953" lon="2.779127"></trkpt>
      <trkpt lat="41.869567" lon="2.778427"></trkpt>
      <trkpt lat="41.870018" lon="2.778178"></trkpt>
      <trkpt lat="41.871214" lon="2.778281"></trkpt>
      <trkpt lat="41.884375" lon="2.781779"></trkpt>
      <trkpt lat="41.886851" lon="2.782701"></trkpt>
      <trkpt lat="41.888316" lon="2.783087"></trkpt>
      <trkpt lat="41.889813" lon="2.783653"></trkpt>
      <trkpt lat="41.890176" lon="2.783919"></trkpt>
      <trkpt lat="41.89056" lon="2.785013"></trkpt>
      <trkpt lat="41.892617" lon="2.79515"></trkpt>
      <trkpt lat="41.892558" lon="2.795628"></trkpt>
      <trkpt lat="41.892778" lon="2.795947"></trkpt>
      <trkpt lat="41.893654" lon="2.800238"></trkpt>
      <trkpt lat="41.893596" lon="2.800853"></trkpt>
      <trkpt lat="41.89388" lon="2.801344"></trkpt>
      <trkpt lat="41.895586" lon="2.809641"></trkpt>
      <trkpt lat="41.896065" lon="2.810355"></trkpt>
      <trkpt lat="41.897011" lon="2.810848"></trkpt>
      <trkpt lat="41.89733" lon="2.811232"></trkpt>
      <trkpt lat="41.897681" lon="2.811181"></trkpt>
      <trkpt lat="41.898287" lon="2.81158"></trkpt>
      <trkpt lat="41.898635" lon="2.812229"></trkpt>
      <trkpt lat="41.898692" lon="2.812983"></trkpt>
      <trkpt lat="41.898529" lon="2.814481"></trkpt>
      <trkpt lat="41.898339" lon="2.814847"></trkpt>
      <trkpt lat="41.898443" lon="2.81525"></trkpt>
      <trkpt lat="41.89755" lon="2.823092"></trkpt>
      <trkpt lat="41.897298" lon="2.823627"></trkpt>
      <trkpt lat="41.897414" lon="2.824318"></trkpt>
      <trkpt lat="41.896671" lon="2.831523"></trkpt>
      <trkpt lat="41.896308" lon="2.832107"></trkpt>
      <trkpt lat="41.896457" lon="2.832729"></trkpt>
      <trkpt lat="41.893691" lon="2.857428"></trkpt>
      <trkpt lat="41.893523" lon="2.858818"></trkpt>
      <trkpt lat="41.893369" lon="2.859264"></trkpt>
      <trkpt lat="41.89287" lon="2.859765"></trkpt>
      <trkpt lat="41.889888" lon="2.860779"></trkpt>
      <trkpt lat="41.888109" lon="2.86163"></trkpt>
      <trkpt lat="41.88498" lon="2.86384"></trkpt>
      <trkpt lat="41.88147" lon="2.865961"></trkpt>
      <trkpt lat="41.880394" lon="2.866971"></trkpt>
      <trkpt lat="41.879254" lon="2.868726"></trkpt>
      <trkpt lat="41.877837" lon="2.872322"></trkpt>
      <trkpt lat="41.875586" lon="2.876046"></trkpt>
      <trkpt lat="41.874532" lon="2.879326"></trkpt>
      <trkpt lat="41.874006" lon="2.880463"></trkpt>
      <trkpt lat="41.873277" lon="2.881533"></trkpt>
      <trkpt lat="41.87257" lon="2.882245"></trkpt>
      <trkpt lat="41.872173" lon="2.882286"></trkpt>
      <trkpt lat="41.871763" lon="2.882864"></trkpt>
      <trkpt lat="41.870651" lon="2.883324"></trkpt>
      <trkpt lat="41.847275" lon="2.888244"></trkpt>
      <trkpt lat="41.846231" lon="2.888651"></trkpt>
      <trkpt lat="41.845623" lon="2.889084"></trkpt>
      <trkpt lat="41.844897" lon="2.889902"></trkpt>
      <trkpt lat="41.843365" lon="2.892908"></trkpt>
      <trkpt lat="41.841764" lon="2.895375"></trkpt>
      <trkpt lat="41.835979" lon="2.902519"></trkpt>
      <trkpt lat="41.834181" lon="2.904504"></trkpt>
      <trkpt lat="41.831528" lon="2.906589"></trkpt>
      <trkpt lat="41.830879" lon="2.907257"></trkpt>
      <trkpt lat="41.830366" lon="2.908044"></trkpt>
      <trkpt lat="41.829929" lon="2.909116"></trkpt>
      <trkpt lat="41.829685" lon="2.910278"></trkpt>
      <trkpt lat="41.829638" lon="2.911101"></trkpt>
      <trkpt lat="41.830083" lon="2.917483"></trkpt>
      <trkpt lat="41.830558" lon="2.921783"></trkpt>
      <trkpt lat="41.830837" lon="2.925836"></trkpt>
      <trkpt lat="41.830794" lon="2.926842"></trkpt>
      <trkpt lat="41.828995" lon="2.936855"></trkpt>
      <trkpt lat="41.827443" lon="2.94387"></trkpt>
      <trkpt lat="41.827001" lon="2.945314"></trkpt>
      <trkpt lat="41.82694" lon="2.946286"></trkpt>
      <trkpt lat="41.826085" lon="2.946616"></trkpt>
      <trkpt lat="41.82562" lon="2.946367"></trkpt>
      <trkpt lat="41.825303" lon="2.94597"></trkpt>
      <trkpt lat="41.82516" lon="2.945073"></trkpt>
      <trkpt lat="41.825392" lon="2.943647"></trkpt>
      <trkpt lat="41.825311" lon="2.942519"></trkpt>
      <trkpt lat="41.824961" lon="2.94139"></trkpt>
      <trkpt lat="41.824375" lon="2.940566"></trkpt>
      <trkpt lat="41.82355" lon="2.939985"></trkpt>
      <trkpt lat="41.822839" lon="2.93982"></trkpt>
      <trkpt lat="41.820593" lon="2.940087"></trkpt>
      <trkpt lat="41.819355" lon="2.940631"></trkpt>
      <trkpt lat="41.818284" lon="2.94158"></trkpt>
      <trkpt lat="41.817396" lon="2.942863"></trkpt>
      <trkpt lat="41.816803" lon="2.945553"></trkpt>
      <trkpt lat="41.816411" lon="2.946309"></trkpt>
      <trkpt lat="41.816258" lon="2.946471"></trkpt>
      <trkpt lat="41.815287" lon="2.946809"></trkpt>
      <trkpt lat="41.814229" lon="2.948027"></trkpt>
      <trkpt lat="41.813676" lon="2.949012"></trkpt>
      <trkpt lat="41.813026" lon="2.949611"></trkpt>
      <trkpt lat="41.811998" lon="2.950053"></trkpt>
      <trkpt lat="41.810471" lon="2.95042"></trkpt>
      <trkpt lat="41.809782" lon="2.950226"></trkpt>
      <trkpt lat="41.809027" lon="2.949811"></trkpt>
      <trkpt lat="41.808816" lon="2.949563"></trkpt>
      <trkpt lat="41.808553" lon="2.948804"></trkpt>
      <trkpt lat="41.807412" lon="2.946474"></trkpt>
      <trkpt lat="41.806546" lon="2.942484"></trkpt>
      <trkpt lat="41.807633" lon="2.940236"></trkpt>
      <trkpt lat="41.808924" lon="2.938833"></trkpt>
      <trkpt lat="41.809143" lon="2.938423"></trkpt>
      <trkpt lat="41.809582" lon="2.936094"></trkpt>
      <trkpt lat="41.810054" lon="2.935785"></trkpt>
  </trkseg></trk>
</gpx>
