<?xml version="1.0" encoding="UTF-8"?>
<gpx version="1.1" creator="yatutbuv" xmlns="http://www.topografix.com/GPX/1/1">
  <trk><name>GraphHopper Track</name><trkseg>
      <trkpt lat="50.512378" lon="30.505131"></trkpt>
      <trkpt lat="50.512422" lon="30.499794"></trkpt>
      <trkpt lat="50.512669" lon="30.499196"></trkpt>
      <trkpt lat="50.512935" lon="30.499026"></trkpt>
      <trkpt lat="50.513255" lon="30.498992"></trkpt>
      <trkpt lat="50.513371" lon="30.498857"></trkpt>
      <trkpt lat="50.513415" lon="30.498502"></trkpt>
      <trkpt lat="50.513306" lon="30.498094"></trkpt>
      <trkpt lat="50.500609" lon="30.497721"></trkpt>
      <trkpt lat="50.499973" lon="30.498005"></trkpt>
      <trkpt lat="50.499609" lon="30.498038"></trkpt>
      <trkpt lat="50.494347" lon="30.497896"></trkpt>
      <trkpt lat="50.490849" lon="30.497624"></trkpt>
      <trkpt lat="50.489895" lon="30.497643"></trkpt>
      <trkpt lat="50.4896" lon="30.497371"></trkpt>
      <trkpt lat="50.489431" lon="30.496858"></trkpt>
      <trkpt lat="50.489245" lon="30.494361"></trkpt>
      <trkpt lat="50.489181" lon="30.487919"></trkpt>
      <trkpt lat="50.489034" lon="30.485313"></trkpt>
      <trkpt lat="50.487515" lon="30.475318"></trkpt>
      <trkpt lat="50.48725" lon="30.474353"></trkpt>
      <trkpt lat="50.486792" lon="30.473399"></trkpt>
      <trkpt lat="50.485627" lon="30.47186"></trkpt>
      <trkpt lat="50.484417" lon="30.470675"></trkpt>
      <trkpt lat="50.483894" lon="30.469771"></trkpt>
      <trkpt lat="50.483607" lon="30.468999"></trkpt>
      <trkpt lat="50.48332" lon="30.467802"></trkpt>
      <trkpt lat="50.482999" lon="30.463941"></trkpt>
      <trkpt lat="50.482756" lon="30.462448"></trkpt>
      <trkpt lat="50.481063" lon="30.455965"></trkpt>
      <trkpt lat="50.48004" lon="30.453729"></trkpt>
      <trkpt lat="50.47914" lon="30.452312"></trkpt>
      <trkpt lat="50.477733" lon="30.450692"></trkpt>
      <trkpt lat="50.47578" lon="30.448921"></trkpt>
      <trkpt lat="50.473618" lon="30.447861"></trkpt>
      <trkpt lat="50.470162" lon="30.446641"></trkpt>
      <trkpt lat="50.463806" lon="30.447014"></trkpt>
      <trkpt lat="50.463614" lon="30.446849"></trkpt>
      <trkpt lat="50.463553" lon="30.446166"></trkpt>
      <trkpt lat="50.463003" lon="30.445293"></trkpt>
      <trkpt lat="50.462699" lon="30.443868"></trkpt>
      <trkpt lat="50.462506" lon="30.441102"></trkpt>
      <trkpt lat="50.461623" lon="30.433009"></trkpt>
      <trkpt lat="50.460186" lon="30.427723"></trkpt>
      <trkpt lat="50.460007" lon="30.425843"></trkpt>
      <trkpt lat="50.459031" lon="30.42243"></trkpt>
      <trkpt lat="50.458918" lon="30.419539"></trkpt>
      <trkpt lat="50.459552" lon="30.416288"></trkpt>
      <trkpt lat="50.459583" lon="30.414995"></trkpt>
      <trkpt lat="50.458933" lon="30.409817"></trkpt>
      <trkpt lat="50.452691" lon="30.314656"></trkpt>
      <trkpt lat="50.445578" lon="30.215192"></trkpt>
      <trkpt lat="50.434618" lon="30.078932"></trkpt>
      <trkpt lat="50.427948" lon="29.993753"></trkpt>
      <trkpt lat="50.418707" lon="29.838228"></trkpt>
      <trkpt lat="50.416254" lon="29.760881"></trkpt>
      <trkpt lat="50.416275" lon="29.757286"></trkpt>
      <trkpt lat="50.416539" lon="29.753287"></trkpt>
      <trkpt lat="50.417244" lon="29.748218"></trkpt>
      <trkpt lat="50.422845" lon="29.723576"></trkpt>
      <trkpt lat="50.423353" lon="29.720348"></trkpt>
      <trkpt lat="50.423656" lon="29.706849"></trkpt>
      <trkpt lat="50.424127" lon="29.675218"></trkpt>
      <trkpt lat="50.423971" lon="29.671513"></trkpt>
      <trkpt lat="50.422251" lon="29.659513"></trkpt>
      <trkpt lat="50.396366" lon="29.526266"></trkpt>
      <trkpt lat="50.38294" lon="29.454744"></trkpt>
      <trkpt lat="50.365567" lon="29.363188"></trkpt>
      <trkpt lat="50.338429" lon="29.201393"></trkpt>
      <trkpt lat="50.322524" lon="29.110562"></trkpt>
      <trkpt lat="50.322346" lon="29.107817"></trkpt>
      <trkpt lat="50.322637" lon="29.103993"></trkpt>
      <trkpt lat="50.323349" lon="29.101067"></trkpt>
      <trkpt lat="50.324111" lon="29.099232"></trkpt>
      <trkpt lat="50.325048" lon="29.097631"></trkpt>
      <trkpt lat="50.326219" lon="29.096169"></trkpt>
      <trkpt lat="50.338012" lon="29.084716"></trkpt>
      <trkpt lat="50.339372" lon="29.083082"></trkpt>
      <trkpt lat="50.340136" lon="29.081343"></trkpt>
      <trkpt lat="50.344947" lon="29.064405"></trkpt>
      <trkpt lat="50.345444" lon="29.062273"></trkpt>
      <trkpt lat="50.345854" lon="29.059187"></trkpt>
      <trkpt lat="50.345911" lon="29.05776"></trkpt>
      <trkpt lat="50.345784" lon="29.054989"></trkpt>
      <trkpt lat="50.342508" lon="29.033443"></trkpt>
      <trkpt lat="50.341104" lon="29.025324"></trkpt>
      <trkpt lat="50.330745" lon="28.96949"></trkpt>
      <trkpt lat="50.330034" lon="28.966278"></trkpt>
      <trkpt lat="50.32907" lon="28.963518"></trkpt>
      <trkpt lat="50.328034" lon="28.961487"></trkpt>
      <trkpt lat="50.327467" lon="28.960618"></trkpt>
      <trkpt lat="50.326765" lon="28.959701"></trkpt>
      <trkpt lat="50.325546" lon="28.958405"></trkpt>
      <trkpt lat="50.323743" lon="28.957079"></trkpt>
      <trkpt lat="50.312515" lon="28.949581"></trkpt>
      <trkpt lat="50.310137" lon="28.947609"></trkpt>
      <trkpt lat="50.307972" lon="28.94549"></trkpt>
      <trkpt lat="50.292614" lon="28.927901"></trkpt>
      <trkpt lat="50.291744" lon="28.926567"></trkpt>
      <trkpt lat="50.291072" lon="28.925244"></trkpt>
      <trkpt lat="50.290448" lon="28.9236"></trkpt>
      <trkpt lat="50.289972" lon="28.921886"></trkpt>
      <trkpt lat="50.288581" lon="28.914004"></trkpt>
      <trkpt lat="50.288366" lon="28.911885"></trkpt>
      <trkpt lat="50.286464" lon="28.811774"></trkpt>
      <trkpt lat="50.286772" lon="28.808177"></trkpt>
      <trkpt lat="50.287453" lon="28.805132"></trkpt>
      <trkpt lat="50.288397" lon="28.802523"></trkpt>
      <trkpt lat="50.289841" lon="28.799881"></trkpt>
      <trkpt lat="50.290686" lon="28.79876"></trkpt>
      <trkpt lat="50.296531" lon="28.79206"></trkpt>
      <trkpt lat="50.297913" lon="28.79087"></trkpt>
      <trkpt lat="50.311981" lon="28.777503"></trkpt>
      <trkpt lat="50.313991" lon="28.775721"></trkpt>
      <trkpt lat="50.315296" lon="28.774253"></trkpt>
      <trkpt lat="50.317167" lon="28.771219"></trkpt>
      <trkpt lat="50.318238" lon="28.768668"></trkpt>
      <trkpt lat="50.318818" lon="28.76696"></trkpt>
      <trkpt lat="50.319256" lon="28.765132"></trkpt>
      <trkpt lat="50.319638" lon="28.762642"></trkpt>
      <trkpt lat="50.319832" lon="28.759839"></trkpt>
      <trkpt lat="50.319975" lon="28.754208"></trkpt>
      <trkpt lat="50.320282" lon="28.730748"></trkpt>
      <trkpt lat="50.320005" lon="28.726489"></trkpt>
      <trkpt lat="50.318194" lon="28.705753"></trkpt>
      <trkpt lat="50.318108" lon="28.702544"></trkpt>
      <trkpt lat="50.318181" lon="28.700054"></trkpt>
      <trkpt lat="50.318526" lon="28.696965"></trkpt>
      <trkpt lat="50.319148" lon="28.693531"></trkpt>
      <trkpt lat="50.327363" lon="28.652179"></trkpt>
      <trkpt lat="50.327725" lon="28.648365"></trkpt>
      <trkpt lat="50.326676" lon="28.616843"></trkpt>
      <trkpt lat="50.326578" lon="28.616639"></trkpt>
      <trkpt lat="50.32645" lon="28.612877"></trkpt>
      <trkpt lat="50.326126" lon="28.608605"></trkpt>
      <trkpt lat="50.326063" lon="28.603946"></trkpt>
      <trkpt lat="50.326248" lon="28.601508"></trkpt>
      <trkpt lat="50.325719" lon="28.585928"></trkpt>
      <trkpt lat="50.325443" lon="28.582765"></trkpt>
      <trkpt lat="50.324719" lon="28.578365"></trkpt>
      <trkpt lat="50.316177" lon="28.538749"></trkpt>
      <trkpt lat="50.315232" lon="28.534808"></trkpt>
      <trkpt lat="50.314116" lon="28.531199"></trkpt>
      <trkpt lat="50.312318" lon="28.526804"></trkpt>
      <trkpt lat="50.30558" lon="28.513758"></trkpt>
      <trkpt lat="50.304387" lon="28.510995"></trkpt>
      <trkpt lat="50.303448" lon="28.50738"></trkpt>
      <trkpt lat="50.303155" lon="28.505123"></trkpt>
      <trkpt lat="50.30305" lon="28.502756"></trkpt>
      <trkpt lat="50.30321" lon="28.499961"></trkpt>
      <trkpt lat="50.303463" lon="28.498231"></trkpt>
      <trkpt lat="50.307298" lon="28.477254"></trkpt>
      <trkpt lat="50.328864" lon="28.36185"></trkpt>
      <trkpt lat="50.329381" lon="28.360472"></trkpt>
      <trkpt lat="50.329958" lon="28.359437"></trkpt>
      <trkpt lat="50.43423" lon="28.190487"></trkpt>
      <trkpt lat="50.438446" lon="28.183613"></trkpt>
      <trkpt lat="50.439303" lon="28.181819"></trkpt>
      <trkpt lat="50.458164" lon="28.119042"></trkpt>
      <trkpt lat="50.485393" lon="28.027502"></trkpt>
      <trkpt lat="50.514591" lon="27.928697"></trkpt>
      <trkpt lat="50.552079" lon="27.800991"></trkpt>
      <trkpt lat="50.553273" lon="27.797839"></trkpt>
      <trkpt lat="50.567081" lon="27.768194"></trkpt>
      <trkpt lat="50.567773" lon="27.766208"></trkpt>
      <trkpt lat="50.582138" lon="27.685032"></trkpt>
      <trkpt lat="50.582995" lon="27.680706"></trkpt>
      <trkpt lat="50.583711" lon="27.67832"></trkpt>
      <trkpt lat="50.584517" lon="27.676394"></trkpt>
      <trkpt lat="50.585175" lon="27.675151"></trkpt>
      <trkpt lat="50.585932" lon="27.674056"></trkpt>
      <trkpt lat="50.587255" lon="27.672513"></trkpt>
      <trkpt lat="50.590634" lon="27.669664"></trkpt>
      <trkpt lat="50.591857" lon="27.668432"></trkpt>
      <trkpt lat="50.596309" lon="27.662492"></trkpt>
      <trkpt lat="50.596984" lon="27.661728"></trkpt>
      <trkpt lat="50.59823" lon="27.660645"></trkpt>
      <trkpt lat="50.600976" lon="27.658958"></trkpt>
      <trkpt lat="50.602279" lon="27.658393"></trkpt>
      <trkpt lat="50.603369" lon="27.658128"></trkpt>
      <trkpt lat="50.604689" lon="27.658049"></trkpt>
      <trkpt lat="50.605501" lon="27.658115"></trkpt>
      <trkpt lat="50.606941" lon="27.658483"></trkpt>
      <trkpt lat="50.617451" lon="27.661922"></trkpt>
      <trkpt lat="50.618639" lon="27.662095"></trkpt>
      <trkpt lat="50.620067" lon="27.661912"></trkpt>
      <trkpt lat="50.62152" lon="27.661267"></trkpt>
      <trkpt lat="50.622231" lon="27.660747"></trkpt>
      <trkpt lat="50.622999" lon="27.660034"></trkpt>
      <trkpt lat="50.623656" lon="27.659194"></trkpt>
      <trkpt lat="50.624271" lon="27.658236"></trkpt>
      <trkpt lat="50.625112" lon="27.656545"></trkpt>
      <trkpt lat="50.625438" lon="27.655643"></trkpt>
      <trkpt lat="50.625992" lon="27.653304"></trkpt>
      <trkpt lat="50.626198" lon="27.650567"></trkpt>
      <trkpt lat="50.626009" lon="27.647714"></trkpt>
      <trkpt lat="50.619082" lon="27.610622"></trkpt>
      <trkpt lat="50.617897" lon="27.60541"></trkpt>
      <trkpt lat="50.616387" lon="27.601242"></trkpt>
      <trkpt lat="50.612024" lon="27.590391"></trkpt>
      <trkpt lat="50.611333" lon="27.588942"></trkpt>
      <trkpt lat="50.61003" lon="27.586844"></trkpt>
      <trkpt lat="50.608937" lon="27.585593"></trkpt>
      <trkpt lat="50.60699" lon="27.583671"></trkpt>
      <trkpt lat="50.606089" lon="27.582591"></trkpt>
      <trkpt lat="50.604554" lon="27.580195"></trkpt>
      <trkpt lat="50.603511" lon="27.578025"></trkpt>
      <trkpt lat="50.596081" lon="27.560236"></trkpt>
      <trkpt lat="50.595451" lon="27.557991"></trkpt>
      <trkpt lat="50.595109" lon="27.55622"></trkpt>
      <trkpt lat="50.594906" lon="27.55285"></trkpt>
      <trkpt lat="50.595126" lon="27.548988"></trkpt>
      <trkpt lat="50.596892" lon="27.53566"></trkpt>
      <trkpt lat="50.603223" lon="27.484921"></trkpt>
      <trkpt lat="50.607864" lon="27.364422"></trkpt>
      <trkpt lat="50.613012" lon="27.289393"></trkpt>
      <trkpt lat="50.617233" lon="27.225055"></trkpt>
      <trkpt lat="50.617125" lon="27.222588"></trkpt>
      <trkpt lat="50.61679" lon="27.220169"></trkpt>
      <trkpt lat="50.616186" lon="27.217682"></trkpt>
      <trkpt lat="50.615317" lon="27.215315"></trkpt>
      <trkpt lat="50.61439" lon="27.213498"></trkpt>
      <trkpt lat="50.605333" lon="27.198136"></trkpt>
      <trkpt lat="50.60383" lon="27.194583"></trkpt>
      <trkpt lat="50.60295" lon="27.191449"></trkpt>
      <trkpt lat="50.602478" lon="27.18896"></trkpt>
      <trkpt lat="50.602192" lon="27.186484"></trkpt>
      <trkpt lat="50.599039" lon="27.143955"></trkpt>
      <trkpt lat="50.599013" lon="27.141775"></trkpt>
      <trkpt lat="50.599141" lon="27.139342"></trkpt>
      <trkpt lat="50.599558" lon="27.136165"></trkpt>
      <trkpt lat="50.599941" lon="27.134401"></trkpt>
      <trkpt lat="50.60062" lon="27.131842"></trkpt>
      <trkpt lat="50.610125" lon="27.100249"></trkpt>
      <trkpt lat="50.610652" lon="27.098146"></trkpt>
      <trkpt lat="50.610944" lon="27.096399"></trkpt>
      <trkpt lat="50.611165" lon="27.092588"></trkpt>
      <trkpt lat="50.611004" lon="27.090051"></trkpt>
      <trkpt lat="50.603824" lon="27.035653"></trkpt>
      <trkpt lat="50.60273" lon="27.026335"></trkpt>
      <trkpt lat="50.594809" lon="26.875139"></trkpt>
      <trkpt lat="50.594905" lon="26.873003"></trkpt>
      <trkpt lat="50.608582" lon="26.730192"></trkpt>
      <trkpt lat="50.613789" lon="26.674212"></trkpt>
      <trkpt lat="50.614942" lon="26.663102"></trkpt>
      <trkpt lat="50.615347" lon="26.657974"></trkpt>
      <trkpt lat="50.615178" lon="26.655274"></trkpt>
      <trkpt lat="50.614958" lon="26.654098"></trkpt>
      <trkpt lat="50.614403" lon="26.652188"></trkpt>
      <trkpt lat="50.611997" lon="26.647015"></trkpt>
      <trkpt lat="50.605146" lon="26.632957"></trkpt>
      <trkpt lat="50.604579" lon="26.631319"></trkpt>
      <trkpt lat="50.604192" lon="26.629012"></trkpt>
      <trkpt lat="50.603595" lon="26.543516"></trkpt>
      <trkpt lat="50.603325" lon="26.523381"></trkpt>
      <trkpt lat="50.599294" lon="26.451109"></trkpt>
      <trkpt lat="50.599492" lon="26.448257"></trkpt>
      <trkpt lat="50.601582" lon="26.435868"></trkpt>
      <trkpt lat="50.602125" lon="26.43155"></trkpt>
      <trkpt lat="50.610045" lon="26.346128"></trkpt>
      <trkpt lat="50.610478" lon="26.345234"></trkpt>
      <trkpt lat="50.612002" lon="26.343399"></trkpt>
      <trkpt lat="50.612258" lon="26.342935"></trkpt>
      <trkpt lat="50.612536" lon="26.342057"></trkpt>
      <trkpt lat="50.612615" lon="26.340824"></trkpt>
      <trkpt lat="50.612418" lon="26.339804"></trkpt>
      <trkpt lat="50.612026" lon="26.338966"></trkpt>
      <trkpt lat="50.611621" lon="26.338466"></trkpt>
      <trkpt lat="50.610956" lon="26.338119"></trkpt>
      <trkpt lat="50.610338" lon="26.338169"></trkpt>
      <trkpt lat="50.609553" lon="26.338691"></trkpt>
      <trkpt lat="50.608033" lon="26.34047"></trkpt>
      <trkpt lat="50.60766" lon="26.340652"></trkpt>
      <trkpt lat="50.606917" lon="26.340776"></trkpt>
      <trkpt lat="50.604166" lon="26.340537"></trkpt>
      <trkpt lat="50.602857" lon="26.340277"></trkpt>
      <trkpt lat="50.601278" lon="26.339703"></trkpt>
      <trkpt lat="50.599538" lon="26.338689"></trkpt>
      <trkpt lat="50.59808" lon="26.337485"></trkpt>
      <trkpt lat="50.597021" lon="26.336339"></trkpt>
      <trkpt lat="50.589268" lon="26.326981"></trkpt>
      <trkpt lat="50.588124" lon="26.32608"></trkpt>
      <trkpt lat="50.585638" lon="26.324639"></trkpt>
      <trkpt lat="50.584952" lon="26.32397"></trkpt>
      <trkpt lat="50.583859" lon="26.322328"></trkpt>
      <trkpt lat="50.581583" lon="26.317159"></trkpt>
      <trkpt lat="50.580588" lon="26.314188"></trkpt>
      <trkpt lat="50.572679" lon="26.280994"></trkpt>
      <trkpt lat="50.572283" lon="26.277993"></trkpt>
      <trkpt lat="50.571455" lon="26.268005"></trkpt>
      <trkpt lat="50.569357" lon="26.253885"></trkpt>
      <trkpt lat="50.567947" lon="26.239302"></trkpt>
      <trkpt lat="50.567451" lon="26.236928"></trkpt>
      <trkpt lat="50.564989" lon="26.228201"></trkpt>
      <trkpt lat="50.564484" lon="26.225094"></trkpt>
      <trkpt lat="50.561659" lon="26.200599"></trkpt>
      <trkpt lat="50.561592" lon="26.198477"></trkpt>
      <trkpt lat="50.561747" lon="26.195747"></trkpt>
      <trkpt lat="50.562086" lon="26.193582"></trkpt>
      <trkpt lat="50.562601" lon="26.191552"></trkpt>
      <trkpt lat="50.563293" lon="26.189628"></trkpt>
      <trkpt lat="50.563977" lon="26.188155"></trkpt>
      <trkpt lat="50.575001" lon="26.166388"></trkpt>
      <trkpt lat="50.577432" lon="26.162669"></trkpt>
      <trkpt lat="50.588666" lon="26.148213"></trkpt>
      <trkpt lat="50.588861" lon="26.147445"></trkpt>
      <trkpt lat="50.588811" lon="26.146789"></trkpt>
      <trkpt lat="50.588633" lon="26.146334"></trkpt>
      <trkpt lat="50.588219" lon="26.14592"></trkpt>
      <trkpt lat="50.586797" lon="26.145932"></trkpt>
      <trkpt lat="50.586336" lon="26.145652"></trkpt>
      <trkpt lat="50.585851" lon="26.145106"></trkpt>
      <trkpt lat="50.580342" lon="26.136637"></trkpt>
      <trkpt lat="50.578906" lon="26.134009"></trkpt>
      <trkpt lat="50.577548" lon="26.131059"></trkpt>
      <trkpt lat="50.574367" lon="26.122273"></trkpt>
      <trkpt lat="50.572317" lon="26.117623"></trkpt>
      <trkpt lat="50.570402" lon="26.114241"></trkpt>
      <trkpt lat="50.563919" lon="26.104558"></trkpt>
      <trkpt lat="50.56179" lon="26.100931"></trkpt>
      <trkpt lat="50.5602" lon="26.09774"></trkpt>
      <trkpt lat="50.559022" lon="26.095016"></trkpt>
      <trkpt lat="50.556285" lon="26.087745"></trkpt>
      <trkpt lat="50.554257" lon="26.083119"></trkpt>
      <trkpt lat="50.546157" lon="26.06636"></trkpt>
      <trkpt lat="50.545363" lon="26.065062"></trkpt>
      <trkpt lat="50.517327" lon="26.007155"></trkpt>
      <trkpt lat="50.516286" lon="26.00569"></trkpt>
      <trkpt lat="50.510809" lon="26.000494"></trkpt>
      <trkpt lat="50.510085" lon="25.999655"></trkpt>
      <trkpt lat="50.508085" lon="25.996897"></trkpt>
      <trkpt lat="50.50668" lon="25.994078"></trkpt>
      <trkpt lat="50.505779" lon="25.992577"></trkpt>
      <trkpt lat="50.504548" lon="25.991327"></trkpt>
      <trkpt lat="50.501229" lon="25.98874"></trkpt>
      <trkpt lat="50.500172" lon="25.987528"></trkpt>
      <trkpt lat="50.497188" lon="25.981267"></trkpt>
      <trkpt lat="50.489796" lon="25.963397"></trkpt>
      <trkpt lat="50.488752" lon="25.960104"></trkpt>
      <trkpt lat="50.488427" lon="25.958463"></trkpt>
      <trkpt lat="50.488223" lon="25.956352"></trkpt>
      <trkpt lat="50.488233" lon="25.954378"></trkpt>
      <trkpt lat="50.4884" lon="25.952439"></trkpt>
      <trkpt lat="50.489738" lon="25.944538"></trkpt>
      <trkpt lat="50.489697" lon="25.93713"></trkpt>
      <trkpt lat="50.490128" lon="25.93234"></trkpt>
      <trkpt lat="50.48997" lon="25.930047"></trkpt>
      <trkpt lat="50.488931" lon="25.924898"></trkpt>
      <trkpt lat="50.488515" lon="25.923663"></trkpt>
      <trkpt lat="50.487237" lon="25.921114"></trkpt>
      <trkpt lat="50.486593" lon="25.919573"></trkpt>
      <trkpt lat="50.481075" lon="25.899659"></trkpt>
      <trkpt lat="50.479303" lon="25.891995"></trkpt>
      <trkpt lat="50.477124" lon="25.885064"></trkpt>
      <trkpt lat="50.470012" lon="25.864533"></trkpt>
      <trkpt lat="50.460342" lon="25.835609"></trkpt>
      <trkpt lat="50.455214" lon="25.821927"></trkpt>
      <trkpt lat="50.45436" lon="25.819391"></trkpt>
      <trkpt lat="50.447315" lon="25.794174"></trkpt>
      <trkpt lat="50.436863" lon="25.759176"></trkpt>
      <trkpt lat="50.436353" lon="25.758038"></trkpt>
      <trkpt lat="50.434168" lon="25.755101"></trkpt>
      <trkpt lat="50.433665" lon="25.754239"></trkpt>
      <trkpt lat="50.428662" lon="25.743113"></trkpt>
      <trkpt lat="50.428115" lon="25.741428"></trkpt>
      <trkpt lat="50.427872" lon="25.74048"></trkpt>
      <trkpt lat="50.427732" lon="25.739121"></trkpt>
      <trkpt lat="50.427795" lon="25.736912"></trkpt>
      <trkpt lat="50.428082" lon="25.735277"></trkpt>
      <trkpt lat="50.429354" lon="25.730782"></trkpt>
      <trkpt lat="50.429667" lon="25.728478"></trkpt>
      <trkpt lat="50.429113" lon="25.71275"></trkpt>
      <trkpt lat="50.428919" lon="25.710275"></trkpt>
      <trkpt lat="50.428553" lon="25.708525"></trkpt>
      <trkpt lat="50.428174" lon="25.707424"></trkpt>
      <trkpt lat="50.427453" lon="25.706028"></trkpt>
      <trkpt lat="50.425741" lon="25.703798"></trkpt>
      <trkpt lat="50.424587" lon="25.702849"></trkpt>
      <trkpt lat="50.423678" lon="25.702378"></trkpt>
      <trkpt lat="50.423028" lon="25.702225"></trkpt>
      <trkpt lat="50.421952" lon="25.702267"></trkpt>
      <trkpt lat="50.420828" lon="25.702604"></trkpt>
      <trkpt lat="50.413258" lon="25.705637"></trkpt>
      <trkpt lat="50.413229" lon="25.704855"></trkpt>
      <trkpt lat="50.413672" lon="25.704272"></trkpt>
      <trkpt lat="50.411807" lon="25.698071"></trkpt>
      <trkpt lat="50.409918" lon="25.694432"></trkpt>
      <trkpt lat="50.408331" lon="25.689321"></trkpt>
      <trkpt lat="50.40735" lon="25.683429"></trkpt>
      <trkpt lat="50.408164" lon="25.674102"></trkpt>
      <trkpt lat="50.408914" lon="25.670366"></trkpt>
      <trkpt lat="50.409273" lon="25.669507"></trkpt>
      <trkpt lat="50.413409" lon="25.661054"></trkpt>
      <trkpt lat="50.414582" lon="25.659843"></trkpt>
      <trkpt lat="50.415615" lon="25.657853"></trkpt>
      <trkpt lat="50.415808" lon="25.657254"></trkpt>
      <trkpt lat="50.417324" lon="25.648407"></trkpt>
      <trkpt lat="50.41807" lon="25.644933"></trkpt>
      <trkpt lat="50.418006" lon="25.644067"></trkpt>
      <trkpt lat="50.416887" lon="25.639451"></trkpt>
      <trkpt lat="50.417113" lon="25.636816"></trkpt>
      <trkpt lat="50.417037" lon="25.635858"></trkpt>
      <trkpt lat="50.414664" lon="25.628578"></trkpt>
      <trkpt lat="50.41436" lon="25.628068"></trkpt>
      <trkpt lat="50.41113" lon="25.624875"></trkpt>
      <trkpt lat="50.409316" lon="25.621735"></trkpt>
      <trkpt lat="50.409019" lon="25.620614"></trkpt>
      <trkpt lat="50.40781" lon="25.612344"></trkpt>
      <trkpt lat="50.408022" lon="25.606396"></trkpt>
      <trkpt lat="50.406866" lon="25.601698"></trkpt>
      <trkpt lat="50.40585" lon="25.598335"></trkpt>
      <trkpt lat="50.405817" lon="25.597445"></trkpt>
      <trkpt lat="50.40606" lon="25.596152"></trkpt>
      <trkpt lat="50.407741" lon="25.590594"></trkpt>
      <trkpt lat="50.408476" lon="25.586627"></trkpt>
      <trkpt lat="50.408548" lon="25.585232"></trkpt>
      <trkpt lat="50.40846" lon="25.584662"></trkpt>
      <trkpt lat="50.407423" lon="25.581737"></trkpt>
      <trkpt lat="50.405431" lon="25.578209"></trkpt>
      <trkpt lat="50.403801" lon="25.569278"></trkpt>
      <trkpt lat="50.402758" lon="25.566579"></trkpt>
      <trkpt lat="50.401997" lon="25.562567"></trkpt>
      <trkpt lat="50.403638" lon="25.555899"></trkpt>
      <trkpt lat="50.4016" lon="25.547966"></trkpt>
      <trkpt lat="50.401671" lon="25.542296"></trkpt>
      <trkpt lat="50.401571" lon="25.541631"></trkpt>
      <trkpt lat="50.401362" lon="25.54104"></trkpt>
      <trkpt lat="50.399023" lon="25.536749"></trkpt>
      <trkpt lat="50.398675" lon="25.535919"></trkpt>
      <trkpt lat="50.398284" lon="25.535374"></trkpt>
      <trkpt lat="50.396506" lon="25.534065"></trkpt>
      <trkpt lat="50.396073" lon="25.533594"></trkpt>
      <trkpt lat="50.395883" lon="25.53304"></trkpt>
      <trkpt lat="50.395768" lon="25.529684"></trkpt>
      <trkpt lat="50.393459" lon="25.521982"></trkpt>
      <trkpt lat="50.386552" lon="25.513721"></trkpt>
      <trkpt lat="50.383454" lon="25.511613"></trkpt>
      <trkpt lat="50.383107" lon="25.511445"></trkpt>
      <trkpt lat="50.381214" lon="25.511012"></trkpt>
      <trkpt lat="50.380593" lon="25.510717"></trkpt>
      <trkpt lat="50.380093" lon="25.509984"></trkpt>
      <trkpt lat="50.379521" lon="25.508931"></trkpt>
      <trkpt lat="50.37933" lon="25.508198"></trkpt>
      <trkpt lat="50.378863" lon="25.504706"></trkpt>
      <trkpt lat="50.378114" lon="25.502683"></trkpt>
      <trkpt lat="50.377086" lon="25.497868"></trkpt>
      <trkpt lat="50.377102" lon="25.476798"></trkpt>
      <trkpt lat="50.377577" lon="25.474327"></trkpt>
      <trkpt lat="50.379698" lon="25.466601"></trkpt>
      <trkpt lat="50.37985" lon="25.465801"></trkpt>
      <trkpt lat="50.380267" lon="25.460244"></trkpt>
      <trkpt lat="50.38174" lon="25.455886"></trkpt>
      <trkpt lat="50.381846" lon="25.455199"></trkpt>
      <trkpt lat="50.381857" lon="25.454476"></trkpt>
      <trkpt lat="50.381433" lon="25.45052"></trkpt>
      <trkpt lat="50.379731" lon="25.447523"></trkpt>
      <trkpt lat="50.379597" lon="25.44673"></trkpt>
      <trkpt lat="50.379745" lon="25.445609"></trkpt>
      <trkpt lat="50.381123" lon="25.442626"></trkpt>
      <trkpt lat="50.381294" lon="25.441825"></trkpt>
      <trkpt lat="50.381323" lon="25.440824"></trkpt>
      <trkpt lat="50.380796" lon="25.434953"></trkpt>
      <trkpt lat="50.380834" lon="25.434243"></trkpt>
      <trkpt lat="50.381873" lon="25.429918"></trkpt>
      <trkpt lat="50.381802" lon="25.428725"></trkpt>
      <trkpt lat="50.381646" lon="25.428272"></trkpt>
      <trkpt lat="50.381263" lon="25.427723"></trkpt>
      <trkpt lat="50.378051" lon="25.426005"></trkpt>
      <trkpt lat="50.376913" lon="25.424616"></trkpt>
      <trkpt lat="50.376342" lon="25.423689"></trkpt>
      <trkpt lat="50.373571" lon="25.418677"></trkpt>
      <trkpt lat="50.365124" lon="25.400672"></trkpt>
      <trkpt lat="50.364893" lon="25.400148"></trkpt>
      <trkpt lat="50.364835" lon="25.399543"></trkpt>
      <trkpt lat="50.3657" lon="25.395829"></trkpt>
      <trkpt lat="50.366138" lon="25.394491"></trkpt>
      <trkpt lat="50.367054" lon="25.392839"></trkpt>
      <trkpt lat="50.368122" lon="25.391396"></trkpt>
      <trkpt lat="50.37077" lon="25.385172"></trkpt>
      <trkpt lat="50.372942" lon="25.382629"></trkpt>
      <trkpt lat="50.375104" lon="25.37894"></trkpt>
      <trkpt lat="50.375777" lon="25.378056"></trkpt>
      <trkpt lat="50.376583" lon="25.376579"></trkpt>
      <trkpt lat="50.377293" lon="25.374167"></trkpt>
      <trkpt lat="50.378436" lon="25.372211"></trkpt>
      <trkpt lat="50.380028" lon="25.368624"></trkpt>
      <trkpt lat="50.380495" lon="25.367883"></trkpt>
      <trkpt lat="50.381249" lon="25.367158"></trkpt>
      <trkpt lat="50.382431" lon="25.36642"></trkpt>
      <trkpt lat="50.382817" lon="25.366037"></trkpt>
      <trkpt lat="50.384138" lon="25.364295"></trkpt>
      <trkpt lat="50.385769" lon="25.361812"></trkpt>
      <trkpt lat="50.386774" lon="25.360568"></trkpt>
      <trkpt lat="50.388715" lon="25.357331"></trkpt>
      <trkpt lat="50.391036" lon="25.354021"></trkpt>
      <trkpt lat="50.394271" lon="25.347186"></trkpt>
      <trkpt lat="50.394681" lon="25.346627"></trkpt>
      <trkpt lat="50.393442" lon="25.345171"></trkpt>
      <trkpt lat="50.392071" lon="25.341938"></trkpt>
      <trkpt lat="50.391467" lon="25.340856"></trkpt>
      <trkpt lat="50.388394" lon="25.336915"></trkpt>
      <trkpt lat="50.387569" lon="25.335332"></trkpt>
      <trkpt lat="50.385344" lon="25.333259"></trkpt>
      <trkpt lat="50.380899" lon="25.326299"></trkpt>
      <trkpt lat="50.378089" lon="25.320402"></trkpt>
      <trkpt lat="50.37345" lon="25.308241"></trkpt>
      <trkpt lat="50.371973" lon="25.304043"></trkpt>
      <trkpt lat="50.37064" lon="25.291722"></trkpt>
      <trkpt lat="50.370076" lon="25.28156"></trkpt>
      <trkpt lat="50.368948" lon="25.278016"></trkpt>
      <trkpt lat="50.367648" lon="25.270989"></trkpt>
      <trkpt lat="50.361443" lon="25.244401"></trkpt>
      <trkpt lat="50.356001" lon="25.220505"></trkpt>
      <trkpt lat="50.355903" lon="25.219663"></trkpt>
      <trkpt lat="50.354609" lon="25.202749"></trkpt>
      <trkpt lat="50.354156" lon="25.194662"></trkpt>
      <trkpt lat="50.354334" lon="25.189892"></trkpt>
      <trkpt lat="50.354105" lon="25.160338"></trkpt>
      <trkpt lat="50.35413" lon="25.160031"></trkpt>
      <trkpt lat="50.358623" lon="25.147641"></trkpt>
      <trkpt lat="50.358714" lon="25.146955"></trkpt>
      <trkpt lat="50.355492" lon="25.126984"></trkpt>
      <trkpt lat="50.354939" lon="25.124894"></trkpt>
      <trkpt lat="50.354296" lon="25.123637"></trkpt>
      <trkpt lat="50.355013" lon="25.122576"></trkpt>
      <trkpt lat="50.356566" lon="25.122189"></trkpt>
      <trkpt lat="50.357413" lon="25.121303"></trkpt>
      <trkpt lat="50.357911" lon="25.121381"></trkpt>
      <trkpt lat="50.359101" lon="25.119875"></trkpt>
      <trkpt lat="50.368682" lon="25.099407"></trkpt>
      <trkpt lat="50.361029" lon="25.090984"></trkpt>
      <trkpt lat="50.359818" lon="25.089486"></trkpt>
      <trkpt lat="50.357709" lon="25.086236"></trkpt>
      <trkpt lat="50.357021" lon="25.084752"></trkpt>
      <trkpt lat="50.356375" lon="25.082956"></trkpt>
      <trkpt lat="50.355131" lon="25.07861"></trkpt>
      <trkpt lat="50.350904" lon="25.061021"></trkpt>
      <trkpt lat="50.349445" lon="25.05515"></trkpt>
      <trkpt lat="50.349075" lon="25.054116"></trkpt>
      <trkpt lat="50.343238" lon="25.043135"></trkpt>
      <trkpt lat="50.306682" lon="24.975588"></trkpt>
      <trkpt lat="50.270878" lon="24.916398"></trkpt>
      <trkpt lat="50.260866" lon="24.89488"></trkpt>
      <trkpt lat="50.240257" lon="24.851375"></trkpt>
      <trkpt lat="50.233797" lon="24.836991"></trkpt>
      <trkpt lat="50.232315" lon="24.834281"></trkpt>
      <trkpt lat="50.230554" lon="24.832666"></trkpt>
      <trkpt lat="50.228534" lon="24.831396"></trkpt>
      <trkpt lat="50.194399" lon="24.812332"></trkpt>
      <trkpt lat="50.192265" lon="24.810811"></trkpt>
      <trkpt lat="50.141879" lon="24.768109"></trkpt>
      <trkpt lat="50.085241" lon="24.724392"></trkpt>
      <trkpt lat="50.037525" lon="24.688201"></trkpt>
      <trkpt lat="50.035304" lon="24.685829"></trkpt>
      <trkpt lat="50.027793" lon="24.67691"></trkpt>
      <trkpt lat="50.020544" lon="24.664587"></trkpt>
      <trkpt lat="50.017122" lon="24.657201"></trkpt>
      <trkpt lat="50.01621" lon="24.656007"></trkpt>
      <trkpt lat="50.015499" lon="24.655627"></trkpt>
      <trkpt lat="50.007168" lon="24.652994"></trkpt>
      <trkpt lat="50.006621" lon="24.652641"></trkpt>
      <trkpt lat="50.00614" lon="24.652184"></trkpt>
      <trkpt lat="50.004402" lon="24.649169"></trkpt>
      <trkpt lat="50.003938" lon="24.648595"></trkpt>
      <trkpt lat="50.002804" lon="24.647814"></trkpt>
      <trkpt lat="49.999513" lon="24.645897"></trkpt>
      <trkpt lat="49.998994" lon="24.645435"></trkpt>
      <trkpt lat="49.992007" lon="24.636445"></trkpt>
      <trkpt lat="49.990836" lon="24.635382"></trkpt>
      <trkpt lat="49.990111" lon="24.635138"></trkpt>
      <trkpt lat="49.989308" lon="24.635191"></trkpt>
      <trkpt lat="49.98746" lon="24.635898"></trkpt>
      <trkpt lat="49.983852" lon="24.636941"></trkpt>
      <trkpt lat="49.982815" lon="24.637056"></trkpt>
      <trkpt lat="49.982187" lon="24.634315"></trkpt>
      <trkpt lat="49.981785" lon="24.631734"></trkpt>
      <trkpt lat="49.979997" lon="24.60879"></trkpt>
      <trkpt lat="49.97979" lon="24.607206"></trkpt>
      <trkpt lat="49.979365" lon="24.605709"></trkpt>
      <trkpt lat="49.978529" lon="24.604088"></trkpt>
      <trkpt lat="49.977749" lon="24.603162"></trkpt>
      <trkpt lat="49.977208" lon="24.60274"></trkpt>
      <trkpt lat="49.975265" lon="24.601728"></trkpt>
      <trkpt lat="49.974532" lon="24.60106"></trkpt>
      <trkpt lat="49.971763" lon="24.597057"></trkpt>
      <trkpt lat="49.968834" lon="24.592479"></trkpt>
      <trkpt lat="49.964041" lon="24.584514"></trkpt>
      <trkpt lat="49.963211" lon="24.582766"></trkpt>
      <trkpt lat="49.962659" lon="24.580737"></trkpt>
      <trkpt lat="49.962123" lon="24.577615"></trkpt>
      <trkpt lat="49.962101" lon="24.575425"></trkpt>
      <trkpt lat="49.964187" lon="24.554704"></trkpt>
      <trkpt lat="49.964038" lon="24.553596"></trkpt>
      <trkpt lat="49.961882" lon="24.544"></trkpt>
      <trkpt lat="49.961627" lon="24.539029"></trkpt>
      <trkpt lat="49.961013" lon="24.531213"></trkpt>
      <trkpt lat="49.961189" lon="24.528008"></trkpt>
      <trkpt lat="49.961318" lon="24.527326"></trkpt>
      <trkpt lat="49.962958" lon="24.523695"></trkpt>
      <trkpt lat="49.965967" lon="24.518872"></trkpt>
      <trkpt lat="49.967374" lon="24.512991"></trkpt>
      <trkpt lat="49.969335" lon="24.498981"></trkpt>
      <trkpt lat="49.969343" lon="24.498225"></trkpt>
      <trkpt lat="49.96902" lon="24.495602"></trkpt>
      <trkpt lat="49.969043" lon="24.494029"></trkpt>
      <trkpt lat="49.969378" lon="24.489931"></trkpt>
      <trkpt lat="49.974536" lon="24.46401"></trkpt>
      <trkpt lat="49.975775" lon="24.459565"></trkpt>
      <trkpt lat="49.976364" lon="24.456722"></trkpt>
      <trkpt lat="49.976769" lon="24.454153"></trkpt>
      <trkpt lat="49.976966" lon="24.450358"></trkpt>
      <trkpt lat="49.977813" lon="24.442799"></trkpt>
      <trkpt lat="49.979404" lon="24.437032"></trkpt>
      <trkpt lat="49.979469" lon="24.429758"></trkpt>
      <trkpt lat="49.978838" lon="24.423648"></trkpt>
      <trkpt lat="49.978008" lon="24.421854"></trkpt>
      <trkpt lat="49.970708" lon="24.408767"></trkpt>
      <trkpt lat="49.967016" lon="24.399208"></trkpt>
      <trkpt lat="49.966472" lon="24.398063"></trkpt>
      <trkpt lat="49.965991" lon="24.397401"></trkpt>
      <trkpt lat="49.964331" lon="24.39583"></trkpt>
      <trkpt lat="49.959802" lon="24.393307"></trkpt>
      <trkpt lat="49.959214" lon="24.392536"></trkpt>
      <trkpt lat="49.958525" lon="24.390559"></trkpt>
      <trkpt lat="49.958031" lon="24.389678"></trkpt>
      <trkpt lat="49.95465" lon="24.386465"></trkpt>
      <trkpt lat="49.953363" lon="24.385524"></trkpt>
      <trkpt lat="49.949109" lon="24.383299"></trkpt>
      <trkpt lat="49.948441" lon="24.382828"></trkpt>
      <trkpt lat="49.947795" lon="24.382123"></trkpt>
      <trkpt lat="49.938093" lon="24.368213"></trkpt>
      <trkpt lat="49.937278" lon="24.36719"></trkpt>
      <trkpt lat="49.934917" lon="24.366203"></trkpt>
      <trkpt lat="49.933743" lon="24.366022"></trkpt>
      <trkpt lat="49.929412" lon="24.364498"></trkpt>
      <trkpt lat="49.922726" lon="24.362483"></trkpt>
      <trkpt lat="49.922269" lon="24.362303"></trkpt>
      <trkpt lat="49.921485" lon="24.361756"></trkpt>
      <trkpt lat="49.920583" lon="24.36055"></trkpt>
      <trkpt lat="49.920166" lon="24.359501"></trkpt>
      <trkpt lat="49.91943" lon="24.355491"></trkpt>
      <trkpt lat="49.919221" lon="24.352424"></trkpt>
      <trkpt lat="49.919397" lon="24.349285"></trkpt>
      <trkpt lat="49.924038" lon="24.325707"></trkpt>
      <trkpt lat="49.9241" lon="24.323467"></trkpt>
      <trkpt lat="49.923347" lon="24.318495"></trkpt>
      <trkpt lat="49.923011" lon="24.317088"></trkpt>
      <trkpt lat="49.921881" lon="24.31351"></trkpt>
      <trkpt lat="49.921363" lon="24.310583"></trkpt>
      <trkpt lat="49.92085" lon="24.28245"></trkpt>
      <trkpt lat="49.920598" lon="24.279093"></trkpt>
      <trkpt lat="49.920095" lon="24.27589"></trkpt>
      <trkpt lat="49.919436" lon="24.273049"></trkpt>
      <trkpt lat="49.91551" lon="24.260909"></trkpt>
      <trkpt lat="49.915168" lon="24.259011"></trkpt>
      <trkpt lat="49.915066" lon="24.256694"></trkpt>
      <trkpt lat="49.916893" lon="24.217601"></trkpt>
      <trkpt lat="49.917328" lon="24.210134"></trkpt>
      <trkpt lat="49.917492" lon="24.208911"></trkpt>
      <trkpt lat="49.917455" lon="24.207405"></trkpt>
      <trkpt lat="49.917174" lon="24.205203"></trkpt>
      <trkpt lat="49.917142" lon="24.2017"></trkpt>
      <trkpt lat="49.917337" lon="24.199173"></trkpt>
      <trkpt lat="49.917786" lon="24.196557"></trkpt>
      <trkpt lat="49.917631" lon="24.194043"></trkpt>
      <trkpt lat="49.918463" lon="24.190562"></trkpt>
      <trkpt lat="49.918566" lon="24.187292"></trkpt>
      <trkpt lat="49.919866" lon="24.176051"></trkpt>
      <trkpt lat="49.919927" lon="24.174026"></trkpt>
      <trkpt lat="49.919752" lon="24.165881"></trkpt>
      <trkpt lat="49.91997" lon="24.163477"></trkpt>
      <trkpt lat="49.920244" lon="24.162066"></trkpt>
      <trkpt lat="49.920622" lon="24.161281"></trkpt>
      <trkpt lat="49.920644" lon="24.161022"></trkpt>
      <trkpt lat="49.920493" lon="24.160807"></trkpt>
      <trkpt lat="49.920072" lon="24.160848"></trkpt>
      <trkpt lat="49.919218" lon="24.160419"></trkpt>
      <trkpt lat="49.903461" lon="24.152218"></trkpt>
      <trkpt lat="49.902765" lon="24.151638"></trkpt>
      <trkpt lat="49.90192" lon="24.149822"></trkpt>
      <trkpt lat="49.897121" lon="24.138286"></trkpt>
      <trkpt lat="49.893952" lon="24.130475"></trkpt>
      <trkpt lat="49.893597" lon="24.129324"></trkpt>
      <trkpt lat="49.891322" lon="24.114939"></trkpt>
      <trkpt lat="49.891305" lon="24.113135"></trkpt>
      <trkpt lat="49.892219" lon="24.099845"></trkpt>
      <trkpt lat="49.892116" lon="24.098373"></trkpt>
      <trkpt lat="49.886307" lon="24.07902"></trkpt>
      <trkpt lat="49.885986" lon="24.078232"></trkpt>
      <trkpt lat="49.884605" lon="24.076108"></trkpt>
      <trkpt lat="49.882189" lon="24.074054"></trkpt>
      <trkpt lat="49.881923" lon="24.073586"></trkpt>
      <trkpt lat="49.879406" lon="24.067188"></trkpt>
      <trkpt lat="49.878672" lon="24.065974"></trkpt>
      <trkpt lat="49.877284" lon="24.064063"></trkpt>
      <trkpt lat="49.876081" lon="24.062649"></trkpt>
      <trkpt lat="49.865576" lon="24.053576"></trkpt>
      <trkpt lat="49.865174" lon="24.052671"></trkpt>
      <trkpt lat="49.864959" lon="24.052601"></trkpt>
      <trkpt lat="49.864432" lon="24.052799"></trkpt>
      <trkpt lat="49.85421" lon="24.044056"></trkpt>
      <trkpt lat="49.853886" lon="24.042903"></trkpt>
      <trkpt lat="49.853058" lon="24.035284"></trkpt>
      <trkpt lat="49.851397" lon="24.030163"></trkpt>
      <trkpt lat="49.851693" lon="24.029577"></trkpt>
      <trkpt lat="49.853124" lon="24.028486"></trkpt>
      <trkpt lat="49.853104" lon="24.028041"></trkpt>
      <trkpt lat="49.850952" lon="24.026836"></trkpt>
      <trkpt lat="49.850435" lon="24.026753"></trkpt>
      <trkpt lat="49.848043" lon="24.027805"></trkpt>
      <trkpt lat="49.847216" lon="24.028537"></trkpt>
      <trkpt lat="49.846357" lon="24.029104"></trkpt>
      <trkpt lat="49.844758" lon="24.029252"></trkpt>
      <trkpt lat="49.844813" lon="24.027225"></trkpt>
      <trkpt lat="49.844419" lon="24.025214"></trkpt>
      <trkpt lat="49.843264" lon="24.022851"></trkpt>
      <trkpt lat="49.842713" lon="24.018168"></trkpt>
      <trkpt lat="49.842935" lon="24.015637"></trkpt>
      <trkpt lat="49.842814" lon="24.015518"></trkpt>
      <trkpt lat="49.8416" lon="24.015599"></trkpt>
      <trkpt lat="49.838187" lon="24.006947"></trkpt>
      <trkpt lat="49.83681" lon="24.00287"></trkpt>
      <trkpt lat="49.836761" lon="24.002682"></trkpt>
      <trkpt lat="49.837082" lon="24.002425"></trkpt>
      <trkpt lat="49.837137" lon="24.002198"></trkpt>
      <trkpt lat="49.837106" lon="24.001992"></trkpt>
      <trkpt lat="49.836741" lon="24.001533"></trkpt>
      <trkpt lat="49.835499" lon="23.994472"></trkpt>
      <trkpt lat="49.835541" lon="23.991266"></trkpt>
      <trkpt lat="49.835289" lon="23.990619"></trkpt>
      <trkpt lat="49.835094" lon="23.990576"></trkpt>
      <trkpt lat="49.83465" lon="23.99075"></trkpt>
      <trkpt lat="49.833434" lon="23.983871"></trkpt>
      <trkpt lat="49.831377" lon="23.984781"></trkpt>
      <trkpt lat="49.829744" lon="23.979628"></trkpt>
      <trkpt lat="49.832402" lon="23.978096"></trkpt>
      <trkpt lat="49.827273" lon="23.949283"></trkpt>
      <trkpt lat="49.821641" lon="23.919068"></trkpt>
      <trkpt lat="49.820764" lon="23.913498"></trkpt>
      <trkpt lat="49.820819" lon="23.913099"></trkpt>
      <trkpt lat="49.821246" lon="23.91251"></trkpt>
      <trkpt lat="49.824004" lon="23.910548"></trkpt>
      <trkpt lat="49.838651" lon="23.899302"></trkpt>
      <trkpt lat="49.84104" lon="23.897846"></trkpt>
      <trkpt lat="49.842909" lon="23.897222"></trkpt>
      <trkpt lat="49.844241" lon="23.896905"></trkpt>
      <trkpt lat="49.84526" lon="23.896814"></trkpt>
      <trkpt lat="49.848452" lon="23.896955"></trkpt>
      <trkpt lat="49.871907" lon="23.899085"></trkpt>
      <trkpt lat="49.872446" lon="23.898979"></trkpt>
      <trkpt lat="49.872974" lon="23.898476"></trkpt>
      <trkpt lat="49.873309" lon="23.897343"></trkpt>
      <trkpt lat="49.87329" lon="23.895024"></trkpt>
      <trkpt lat="49.873526" lon="23.892999"></trkpt>
      <trkpt lat="49.874965" lon="23.886333"></trkpt>
      <trkpt lat="49.876492" lon="23.868388"></trkpt>
      <trkpt lat="49.881605" lon="23.835507"></trkpt>
      <trkpt lat="49.882381" lon="23.832473"></trkpt>
      <trkpt lat="49.888437" lon="23.813366"></trkpt>
      <trkpt lat="49.897504" lon="23.772397"></trkpt>
      <trkpt lat="49.901095" lon="23.760968"></trkpt>
      <trkpt lat="49.903345" lon="23.751017"></trkpt>
      <trkpt lat="49.903847" lon="23.748308"></trkpt>
      <trkpt lat="49.904406" lon="23.746942"></trkpt>
      <trkpt lat="49.904786" lon="23.746337"></trkpt>
      <trkpt lat="49.912793" lon="23.738189"></trkpt>
      <trkpt lat="49.915928" lon="23.736661"></trkpt>
      <trkpt lat="49.917095" lon="23.73513"></trkpt>
      <trkpt lat="49.917435" lon="23.734875"></trkpt>
      <trkpt lat="49.918092" lon="23.734812"></trkpt>
      <trkpt lat="49.919798" lon="23.735084"></trkpt>
      <trkpt lat="49.921114" lon="23.734794"></trkpt>
      <trkpt lat="49.92232" lon="23.731274"></trkpt>
      <trkpt lat="49.922506" lon="23.730407"></trkpt>
      <trkpt lat="49.920931" lon="23.719683"></trkpt>
      <trkpt lat="49.919694" lon="23.704803"></trkpt>
      <trkpt lat="49.919663" lon="23.702838"></trkpt>
      <trkpt lat="49.929083" lon="23.597108"></trkpt>
      <trkpt lat="49.929179" lon="23.595444"></trkpt>
      <trkpt lat="49.929121" lon="23.592555"></trkpt>
      <trkpt lat="49.928733" lon="23.5885"></trkpt>
      <trkpt lat="49.922269" lon="23.552044"></trkpt>
      <trkpt lat="49.920601" lon="23.544763"></trkpt>
      <trkpt lat="49.918045" lon="23.530672"></trkpt>
      <trkpt lat="49.916164" lon="23.522692"></trkpt>
      <trkpt lat="49.915677" lon="23.519504"></trkpt>
      <trkpt lat="49.914791" lon="23.51202"></trkpt>
      <trkpt lat="49.909855" lon="23.484141"></trkpt>
      <trkpt lat="49.908532" lon="23.476378"></trkpt>
      <trkpt lat="49.908304" lon="23.474505"></trkpt>
      <trkpt lat="49.908003" lon="23.471158"></trkpt>
      <trkpt lat="49.907924" lon="23.468225"></trkpt>
      <trkpt lat="49.908628" lon="23.4424"></trkpt>
      <trkpt lat="49.90934" lon="23.433972"></trkpt>
      <trkpt lat="49.909481" lon="23.430373"></trkpt>
      <trkpt lat="49.909433" lon="23.412383"></trkpt>
      <trkpt lat="49.911741" lon="23.391193"></trkpt>
      <trkpt lat="49.912347" lon="23.388493"></trkpt>
      <trkpt lat="49.913309" lon="23.385746"></trkpt>
      <trkpt lat="49.914547" lon="23.383384"></trkpt>
      <trkpt lat="49.927171" lon="23.363051"></trkpt>
      <trkpt lat="49.928326" lon="23.361961"></trkpt>
      <trkpt lat="49.932676" lon="23.3596"></trkpt>
      <trkpt lat="49.933479" lon="23.359049"></trkpt>
      <trkpt lat="49.933979" lon="23.358401"></trkpt>
      <trkpt lat="49.934384" lon="23.357551"></trkpt>
      <trkpt lat="49.934582" lon="23.35643"></trkpt>
      <trkpt lat="49.934516" lon="23.353909"></trkpt>
      <trkpt lat="49.933877" lon="23.3489"></trkpt>
      <trkpt lat="49.934222" lon="23.337488"></trkpt>
      <trkpt lat="49.934658" lon="23.333325"></trkpt>
      <trkpt lat="49.936061" lon="23.324736"></trkpt>
      <trkpt lat="49.937268" lon="23.314437"></trkpt>
      <trkpt lat="49.937166" lon="23.313506"></trkpt>
      <trkpt lat="49.936348" lon="23.310424"></trkpt>
      <trkpt lat="49.936186" lon="23.309413"></trkpt>
      <trkpt lat="49.935813" lon="23.301436"></trkpt>
      <trkpt lat="49.936548" lon="23.297744"></trkpt>
      <trkpt lat="49.937056" lon="23.28961"></trkpt>
      <trkpt lat="49.937788" lon="23.287228"></trkpt>
      <trkpt lat="49.940921" lon="23.271546"></trkpt>
      <trkpt lat="49.945563" lon="23.254204"></trkpt>
      <trkpt lat="49.951886" lon="23.239729"></trkpt>
      <trkpt lat="49.954275" lon="23.229794"></trkpt>
      <trkpt lat="49.954483" lon="23.228516"></trkpt>
      <trkpt lat="49.954572" lon="23.223142"></trkpt>
      <trkpt lat="49.954864" lon="23.218428"></trkpt>
      <trkpt lat="49.956083" lon="23.207454"></trkpt>
      <trkpt lat="49.95613" lon="23.204439"></trkpt>
      <trkpt lat="49.955906" lon="23.201952"></trkpt>
      <trkpt lat="49.955308" lon="23.198944"></trkpt>
      <trkpt lat="49.954855" lon="23.197441"></trkpt>
      <trkpt lat="49.954256" lon="23.195969"></trkpt>
      <trkpt lat="49.94927" lon="23.187064"></trkpt>
      <trkpt lat="49.948038" lon="23.184619"></trkpt>
      <trkpt lat="49.947514" lon="23.183295"></trkpt>
      <trkpt lat="49.946941" lon="23.180914"></trkpt>
      <trkpt lat="49.946767" lon="23.17777"></trkpt>
      <trkpt lat="49.948418" lon="23.157416"></trkpt>
      <trkpt lat="49.948897" lon="23.153319"></trkpt>
      <trkpt lat="49.949249" lon="23.15165"></trkpt>
      <trkpt lat="49.950117" lon="23.148533"></trkpt>
      <trkpt lat="49.950869" lon="23.146512"></trkpt>
      <trkpt lat="49.955059" lon="23.138128"></trkpt>
      <trkpt lat="49.955509" lon="23.136939"></trkpt>
      <trkpt lat="49.956024" lon="23.134874"></trkpt>
      <trkpt lat="49.95626" lon="23.132626"></trkpt>
      <trkpt lat="49.956363" lon="23.122474"></trkpt>
      <trkpt lat="49.95656" lon="23.121441"></trkpt>
      <trkpt lat="49.956464" lon="23.121173"></trkpt>
      <trkpt lat="49.956232" lon="23.121045"></trkpt>
      <trkpt lat="49.954971" lon="23.118852"></trkpt>
      <trkpt lat="49.955022" lon="23.116349"></trkpt>
      <trkpt lat="49.954812" lon="23.115456"></trkpt>
      <trkpt lat="49.954836" lon="23.114982"></trkpt>
      <trkpt lat="49.955093" lon="23.113282"></trkpt>
      <trkpt lat="49.955263" lon="23.112975"></trkpt>
      <trkpt lat="49.956033" lon="23.110133"></trkpt>
      <trkpt lat="49.956544" lon="23.109401"></trkpt>
      <trkpt lat="49.957335" lon="23.109808"></trkpt>
      <trkpt lat="49.957493" lon="23.109851"></trkpt>
      <trkpt lat="49.957652" lon="23.109742"></trkpt>
      <trkpt lat="49.959247" lon="23.102071"></trkpt>
      <trkpt lat="49.959837" lon="23.097759"></trkpt>
      <trkpt lat="49.960739" lon="23.085671"></trkpt>
      <trkpt lat="49.962599" lon="23.07418"></trkpt>
      <trkpt lat="49.962857" lon="23.071039"></trkpt>
      <trkpt lat="49.962884" lon="23.069408"></trkpt>
      <trkpt lat="49.962771" lon="23.066196"></trkpt>
      <trkpt lat="49.962358" lon="23.062521"></trkpt>
      <trkpt lat="49.961915" lon="23.060128"></trkpt>
      <trkpt lat="49.961042" lon="23.056833"></trkpt>
      <trkpt lat="49.959977" lon="23.053872"></trkpt>
      <trkpt lat="49.952442" lon="23.035678"></trkpt>
      <trkpt lat="49.950316" lon="23.030246"></trkpt>
      <trkpt lat="49.947989" lon="23.023085"></trkpt>
      <trkpt lat="49.946128" lon="23.015675"></trkpt>
      <trkpt lat="49.944853" lon="23.008858"></trkpt>
      <trkpt lat="49.94391" lon="23.001304"></trkpt>
      <trkpt lat="49.943471" lon="22.995599"></trkpt>
      <trkpt lat="49.941282" lon="22.957607"></trkpt>
      <trkpt lat="49.940804" lon="22.952636"></trkpt>
      <trkpt lat="49.940038" lon="22.948034"></trkpt>
      <trkpt lat="49.93936" lon="22.94521"></trkpt>
      <trkpt lat="49.93817" lon="22.941317"></trkpt>
      <trkpt lat="49.936651" lon="22.937412"></trkpt>
      <trkpt lat="49.933255" lon="22.929534"></trkpt>
      <trkpt lat="49.931629" lon="22.924792"></trkpt>
      <trkpt lat="49.930869" lon="22.921927"></trkpt>
      <trkpt lat="49.930217" lon="22.91876"></trkpt>
      <trkpt lat="49.928296" lon="22.906178"></trkpt>
      <trkpt lat="49.927628" lon="22.902742"></trkpt>
      <trkpt lat="49.92689" lon="22.899727"></trkpt>
      <trkpt lat="49.925148" lon="22.894243"></trkpt>
      <trkpt lat="49.920687" lon="22.882451"></trkpt>
      <trkpt lat="49.919705" lon="22.879404"></trkpt>
      <trkpt lat="49.918855" lon="22.876308"></trkpt>
      <trkpt lat="49.91798" lon="22.872447"></trkpt>
      <trkpt lat="49.917279" lon="22.868698"></trkpt>
      <trkpt lat="49.910998" lon="22.831137"></trkpt>
      <trkpt lat="49.910572" lon="22.82731"></trkpt>
      <trkpt lat="49.910379" lon="22.823596"></trkpt>
      <trkpt lat="49.910383" lon="22.820575"></trkpt>
      <trkpt lat="49.910567" lon="22.816932"></trkpt>
      <trkpt lat="49.911188" lon="22.8118"></trkpt>
      <trkpt lat="49.913365" lon="22.799224"></trkpt>
      <trkpt lat="49.914474" lon="22.791331"></trkpt>
      <trkpt lat="49.914976" lon="22.785637"></trkpt>
      <trkpt lat="49.916988" lon="22.756059"></trkpt>
      <trkpt lat="49.91751" lon="22.751118"></trkpt>
      <trkpt lat="49.918116" lon="22.747433"></trkpt>
      <trkpt lat="49.919478" lon="22.741651"></trkpt>
      <trkpt lat="49.920296" lon="22.738983"></trkpt>
      <trkpt lat="49.92155" lon="22.735547"></trkpt>
      <trkpt lat="49.923285" lon="22.731635"></trkpt>
      <trkpt lat="49.927914" lon="22.722622"></trkpt>
      <trkpt lat="49.929039" lon="22.719919"></trkpt>
      <trkpt lat="49.930111" lon="22.716949"></trkpt>
      <trkpt lat="49.931341" lon="22.712741"></trkpt>
      <trkpt lat="49.932229" lon="22.708841"></trkpt>
      <trkpt lat="49.935784" lon="22.6888"></trkpt>
      <trkpt lat="49.936997" lon="22.68343"></trkpt>
      <trkpt lat="49.938342" lon="22.679347"></trkpt>
      <trkpt lat="49.939789" lon="22.67599"></trkpt>
      <trkpt lat="49.941328" lon="22.673098"></trkpt>
      <trkpt lat="49.943213" lon="22.670231"></trkpt>
      <trkpt lat="49.945739" lon="22.66722"></trkpt>
      <trkpt lat="49.947505" lon="22.665561"></trkpt>
      <trkpt lat="49.948899" lon="22.664459"></trkpt>
      <trkpt lat="49.950642" lon="22.663328"></trkpt>
      <trkpt lat="49.952138" lon="22.662542"></trkpt>
      <trkpt lat="49.959015" lon="22.659787"></trkpt>
      <trkpt lat="49.960659" lon="22.658937"></trkpt>
      <trkpt lat="49.96268" lon="22.657605"></trkpt>
      <trkpt lat="49.964186" lon="22.656408"></trkpt>
      <trkpt lat="49.965683" lon="22.654968"></trkpt>
      <trkpt lat="49.967245" lon="22.653241"></trkpt>
      <trkpt lat="49.969343" lon="22.65038"></trkpt>
      <trkpt lat="49.971328" lon="22.646953"></trkpt>
      <trkpt lat="49.972447" lon="22.644645"></trkpt>
      <trkpt lat="49.979241" lon="22.629128"></trkpt>
      <trkpt lat="49.98103" lon="22.625542"></trkpt>
      <trkpt lat="49.983889" lon="22.620483"></trkpt>
      <trkpt lat="49.986183" lon="22.616994"></trkpt>
      <trkpt lat="49.989355" lon="22.612789"></trkpt>
      <trkpt lat="49.992073" lon="22.609664"></trkpt>
      <trkpt lat="49.994798" lon="22.60691"></trkpt>
      <trkpt lat="49.997147" lon="22.604813"></trkpt>
      <trkpt lat="50.000347" lon="22.602332"></trkpt>
      <trkpt lat="50.010391" lon="22.595745"></trkpt>
      <trkpt lat="50.012251" lon="22.594251"></trkpt>
      <trkpt lat="50.014341" lon="22.592167"></trkpt>
      <trkpt lat="50.015939" lon="22.590258"></trkpt>
      <trkpt lat="50.02042" lon="22.584031"></trkpt>
      <trkpt lat="50.022628" lon="22.581238"></trkpt>
      <trkpt lat="50.023987" lon="22.579784"></trkpt>
      <trkpt lat="50.025645" lon="22.578242"></trkpt>
      <trkpt lat="50.027339" lon="22.576921"></trkpt>
      <trkpt lat="50.028914" lon="22.575886"></trkpt>
      <trkpt lat="50.030265" lon="22.575142"></trkpt>
      <trkpt lat="50.032084" lon="22.574355"></trkpt>
      <trkpt lat="50.034566" lon="22.573565"></trkpt>
      <trkpt lat="50.038327" lon="22.572878"></trkpt>
      <trkpt lat="50.050189" lon="22.571038"></trkpt>
      <trkpt lat="50.053218" lon="22.570481"></trkpt>
      <trkpt lat="50.05451" lon="22.570116"></trkpt>
      <trkpt lat="50.057132" lon="22.569119"></trkpt>
      <trkpt lat="50.061129" lon="22.566654"></trkpt>
      <trkpt lat="50.062718" lon="22.565346"></trkpt>
      <trkpt lat="50.065604" lon="22.56244"></trkpt>
      <trkpt lat="50.067623" lon="22.559714"></trkpt>
      <trkpt lat="50.06876" lon="22.557982"></trkpt>
      <trkpt lat="50.070573" lon="22.55475"></trkpt>
      <trkpt lat="50.071542" lon="22.552686"></trkpt>
      <trkpt lat="50.072752" lon="22.549719"></trkpt>
      <trkpt lat="50.073403" lon="22.547794"></trkpt>
      <trkpt lat="50.074664" lon="22.543246"></trkpt>
      <trkpt lat="50.075605" lon="22.538278"></trkpt>
      <trkpt lat="50.082157" lon="22.490254"></trkpt>
      <trkpt lat="50.08282" lon="22.486386"></trkpt>
      <trkpt lat="50.083528" lon="22.483581"></trkpt>
      <trkpt lat="50.084791" lon="22.480004"></trkpt>
      <trkpt lat="50.085546" lon="22.478318"></trkpt>
      <trkpt lat="50.086609" lon="22.47635"></trkpt>
      <trkpt lat="50.101983" lon="22.452022"></trkpt>
      <trkpt lat="50.103328" lon="22.449761"></trkpt>
      <trkpt lat="50.105001" lon="22.446433"></trkpt>
      <trkpt lat="50.106933" lon="22.441545"></trkpt>
      <trkpt lat="50.109654" lon="22.4335"></trkpt>
      <trkpt lat="50.110802" lon="22.42959"></trkpt>
      <trkpt lat="50.111961" lon="22.424035"></trkpt>
      <trkpt lat="50.11248" lon="22.419997"></trkpt>
      <trkpt lat="50.112701" lon="22.416663"></trkpt>
      <trkpt lat="50.112751" lon="22.413615"></trkpt>
      <trkpt lat="50.112596" lon="22.409198"></trkpt>
      <trkpt lat="50.111193" lon="22.393572"></trkpt>
      <trkpt lat="50.110887" lon="22.388978"></trkpt>
      <trkpt lat="50.110809" lon="22.384812"></trkpt>
      <trkpt lat="50.110892" lon="22.381395"></trkpt>
      <trkpt lat="50.111326" lon="22.375697"></trkpt>
      <trkpt lat="50.11617" lon="22.334118"></trkpt>
      <trkpt lat="50.11636" lon="22.331414"></trkpt>
      <trkpt lat="50.116446" lon="22.32743"></trkpt>
      <trkpt lat="50.116154" lon="22.32179"></trkpt>
      <trkpt lat="50.115871" lon="22.319332"></trkpt>
      <trkpt lat="50.115286" lon="22.31582"></trkpt>
      <trkpt lat="50.113967" lon="22.310479"></trkpt>
      <trkpt lat="50.112333" lon="22.305742"></trkpt>
      <trkpt lat="50.10809" lon="22.295133"></trkpt>
      <trkpt lat="50.106544" lon="22.290994"></trkpt>
      <trkpt lat="50.105335" lon="22.287112"></trkpt>
      <trkpt lat="50.104607" lon="22.284328"></trkpt>
      <trkpt lat="50.103531" lon="22.279109"></trkpt>
      <trkpt lat="50.099185" lon="22.246955"></trkpt>
      <trkpt lat="50.09865" lon="22.242165"></trkpt>
      <trkpt lat="50.098505" lon="22.238974"></trkpt>
      <trkpt lat="50.098542" lon="22.235931"></trkpt>
      <trkpt lat="50.098689" lon="22.233503"></trkpt>
      <trkpt lat="50.099374" lon="22.226795"></trkpt>
      <trkpt lat="50.099456" lon="22.22478"></trkpt>
      <trkpt lat="50.099375" lon="22.221174"></trkpt>
      <trkpt lat="50.099109" lon="22.218405"></trkpt>
      <trkpt lat="50.098456" lon="22.214703"></trkpt>
      <trkpt lat="50.097728" lon="22.211925"></trkpt>
      <trkpt lat="50.096837" lon="22.209359"></trkpt>
      <trkpt lat="50.094636" lon="22.203966"></trkpt>
      <trkpt lat="50.093596" lon="22.200462"></trkpt>
      <trkpt lat="50.091048" lon="22.187362"></trkpt>
      <trkpt lat="50.090447" lon="22.182876"></trkpt>
      <trkpt lat="50.090098" lon="22.178499"></trkpt>
      <trkpt lat="50.08999" lon="22.172052"></trkpt>
      <trkpt lat="50.090186" lon="22.167776"></trkpt>
      <trkpt lat="50.090468" lon="22.164565"></trkpt>
      <trkpt lat="50.095495" lon="22.127117"></trkpt>
      <trkpt lat="50.095981" lon="22.121529"></trkpt>
      <trkpt lat="50.096028" lon="22.11752"></trkpt>
      <trkpt lat="50.095866" lon="22.113903"></trkpt>
      <trkpt lat="50.092793" lon="22.084126"></trkpt>
      <trkpt lat="50.092625" lon="22.081454"></trkpt>
      <trkpt lat="50.092572" lon="22.078043"></trkpt>
      <trkpt lat="50.094626" lon="22.03982"></trkpt>
      <trkpt lat="50.095079" lon="22.035654"></trkpt>
      <trkpt lat="50.095818" lon="22.031635"></trkpt>
      <trkpt lat="50.096613" lon="22.028465"></trkpt>
      <trkpt lat="50.105113" lon="21.997933"></trkpt>
      <trkpt lat="50.106718" lon="21.991832"></trkpt>
      <trkpt lat="50.107553" lon="21.987034"></trkpt>
      <trkpt lat="50.108065" lon="21.980505"></trkpt>
      <trkpt lat="50.108269" lon="21.979964"></trkpt>
      <trkpt lat="50.109109" lon="21.978798"></trkpt>
      <trkpt lat="50.109249" lon="21.978289"></trkpt>
      <trkpt lat="50.109195" lon="21.977727"></trkpt>
      <trkpt lat="50.108756" lon="21.976233"></trkpt>
      <trkpt lat="50.108667" lon="21.975691"></trkpt>
      <trkpt lat="50.108766" lon="21.975398"></trkpt>
      <trkpt lat="50.112956" lon="21.973653"></trkpt>
      <trkpt lat="50.132546" lon="21.966434"></trkpt>
      <trkpt lat="50.139953" lon="21.964512"></trkpt>
      <trkpt lat="50.142506" lon="21.964041"></trkpt>
      <trkpt lat="50.144511" lon="21.963145"></trkpt>
      <trkpt lat="50.145716" lon="21.962252"></trkpt>
      <trkpt lat="50.146774" lon="21.961233"></trkpt>
      <trkpt lat="50.149937" lon="21.95728"></trkpt>
      <trkpt lat="50.15096" lon="21.955537"></trkpt>
      <trkpt lat="50.152698" lon="21.951447"></trkpt>
      <trkpt lat="50.153484" lon="21.950264"></trkpt>
      <trkpt lat="50.154468" lon="21.949253"></trkpt>
      <trkpt lat="50.162839" lon="21.942775"></trkpt>
      <trkpt lat="50.164106" lon="21.942273"></trkpt>
      <trkpt lat="50.168895" lon="21.941552"></trkpt>
      <trkpt lat="50.170014" lon="21.94122"></trkpt>
      <trkpt lat="50.171237" lon="21.940389"></trkpt>
      <trkpt lat="50.172384" lon="21.938957"></trkpt>
      <trkpt lat="50.173249" lon="21.93707"></trkpt>
      <trkpt lat="50.175791" lon="21.929243"></trkpt>
      <trkpt lat="50.181767" lon="21.915451"></trkpt>
      <trkpt lat="50.182642" lon="21.914"></trkpt>
      <trkpt lat="50.185245" lon="21.911485"></trkpt>
      <trkpt lat="50.186275" lon="21.909611"></trkpt>
      <trkpt lat="50.187487" lon="21.906029"></trkpt>
      <trkpt lat="50.188852" lon="21.899668"></trkpt>
      <trkpt lat="50.191028" lon="21.892883"></trkpt>
      <trkpt lat="50.192881" lon="21.887608"></trkpt>
      <trkpt lat="50.193566" lon="21.886498"></trkpt>
      <trkpt lat="50.194448" lon="21.885758"></trkpt>
      <trkpt lat="50.198357" lon="21.884153"></trkpt>
      <trkpt lat="50.199304" lon="21.883613"></trkpt>
      <trkpt lat="50.200018" lon="21.882815"></trkpt>
      <trkpt lat="50.200728" lon="21.881314"></trkpt>
      <trkpt lat="50.201005" lon="21.880134"></trkpt>
      <trkpt lat="50.201086" lon="21.878679"></trkpt>
      <trkpt lat="50.200817" lon="21.8724"></trkpt>
      <trkpt lat="50.200611" lon="21.870331"></trkpt>
      <trkpt lat="50.200602" lon="21.864001"></trkpt>
      <trkpt lat="50.200456" lon="21.860696"></trkpt>
      <trkpt lat="50.201635" lon="21.853745"></trkpt>
      <trkpt lat="50.201826" lon="21.847183"></trkpt>
      <trkpt lat="50.201644" lon="21.842084"></trkpt>
      <trkpt lat="50.20171" lon="21.840727"></trkpt>
      <trkpt lat="50.202831" lon="21.835205"></trkpt>
      <trkpt lat="50.203061" lon="21.834526"></trkpt>
      <trkpt lat="50.203406" lon="21.833845"></trkpt>
      <trkpt lat="50.205539" lon="21.830767"></trkpt>
      <trkpt lat="50.208786" lon="21.826566"></trkpt>
      <trkpt lat="50.210717" lon="21.823526"></trkpt>
      <trkpt lat="50.211802" lon="21.820442"></trkpt>
      <trkpt lat="50.214153" lon="21.815367"></trkpt>
      <trkpt lat="50.216163" lon="21.811895"></trkpt>
      <trkpt lat="50.217139" lon="21.809239"></trkpt>
      <trkpt lat="50.218591" lon="21.80668"></trkpt>
      <trkpt lat="50.219291" lon="21.803806"></trkpt>
      <trkpt lat="50.22025" lon="21.801737"></trkpt>
      <trkpt lat="50.222302" lon="21.799078"></trkpt>
      <trkpt lat="50.22357" lon="21.798197"></trkpt>
      <trkpt lat="50.223999" lon="21.797724"></trkpt>
      <trkpt lat="50.22698" lon="21.793269"></trkpt>
      <trkpt lat="50.231409" lon="21.788228"></trkpt>
      <trkpt lat="50.232164" lon="21.787184"></trkpt>
      <trkpt lat="50.232405" lon="21.787183"></trkpt>
      <trkpt lat="50.232416" lon="21.786827"></trkpt>
      <trkpt lat="50.234057" lon="21.784543"></trkpt>
      <trkpt lat="50.237742" lon="21.780665"></trkpt>
      <trkpt lat="50.238209" lon="21.780253"></trkpt>
      <trkpt lat="50.238743" lon="21.779978"></trkpt>
      <trkpt lat="50.241706" lon="21.779594"></trkpt>
      <trkpt lat="50.241694" lon="21.779364"></trkpt>
      <trkpt lat="50.241543" lon="21.779388"></trkpt>
      <trkpt lat="50.241694" lon="21.779364"></trkpt>
      <trkpt lat="50.241706" lon="21.779594"></trkpt>
      <trkpt lat="50.239154" lon="21.779881"></trkpt>
      <trkpt lat="50.238209" lon="21.780253"></trkpt>
      <trkpt lat="50.234468" lon="21.784075"></trkpt>
      <trkpt lat="50.232416" lon="21.786827"></trkpt>
      <trkpt lat="50.23219" lon="21.786781"></trkpt>
      <trkpt lat="50.226217" lon="21.778672"></trkpt>
      <trkpt lat="50.225004" lon="21.776376"></trkpt>
      <trkpt lat="50.224663" lon="21.775192"></trkpt>
      <trkpt lat="50.223823" lon="21.775335"></trkpt>
      <trkpt lat="50.219731" lon="21.776708"></trkpt>
      <trkpt lat="50.214757" lon="21.776189"></trkpt>
      <trkpt lat="50.212352" lon="21.77557"></trkpt>
      <trkpt lat="50.204485" lon="21.774458"></trkpt>
      <trkpt lat="50.198919" lon="21.773798"></trkpt>
      <trkpt lat="50.198285" lon="21.773343"></trkpt>
      <trkpt lat="50.195499" lon="21.77059"></trkpt>
      <trkpt lat="50.192358" lon="21.767187"></trkpt>
      <trkpt lat="50.188616" lon="21.762706"></trkpt>
      <trkpt lat="50.18465" lon="21.76128"></trkpt>
      <trkpt lat="50.181921" lon="21.760682"></trkpt>
      <trkpt lat="50.176999" lon="21.759079"></trkpt>
      <trkpt lat="50.168733" lon="21.759886"></trkpt>
      <trkpt lat="50.147753" lon="21.757905"></trkpt>
      <trkpt lat="50.13759" lon="21.75411"></trkpt>
      <trkpt lat="50.13682" lon="21.75396"></trkpt>
      <trkpt lat="50.124955" lon="21.753918"></trkpt>
      <trkpt lat="50.124264" lon="21.750145"></trkpt>
      <trkpt lat="50.123839" lon="21.74878"></trkpt>
      <trkpt lat="50.123523" lon="21.748206"></trkpt>
      <trkpt lat="50.121876" lon="21.746617"></trkpt>
      <trkpt lat="50.12147" lon="21.745993"></trkpt>
      <trkpt lat="50.120172" lon="21.740627"></trkpt>
      <trkpt lat="50.118926" lon="21.738185"></trkpt>
      <trkpt lat="50.11847" lon="21.737608"></trkpt>
      <trkpt lat="50.117814" lon="21.737126"></trkpt>
      <trkpt lat="50.116039" lon="21.736206"></trkpt>
      <trkpt lat="50.115766" lon="21.734746"></trkpt>
      <trkpt lat="50.115819" lon="21.734062"></trkpt>
      <trkpt lat="50.116954" lon="21.730775"></trkpt>
      <trkpt lat="50.117425" lon="21.730151"></trkpt>
      <trkpt lat="50.118299" lon="21.729434"></trkpt>
      <trkpt lat="50.119126" lon="21.727157"></trkpt>
      <trkpt lat="50.120286" lon="21.721768"></trkpt>
      <trkpt lat="50.120571" lon="21.719869"></trkpt>
      <trkpt lat="50.120805" lon="21.71713"></trkpt>
      <trkpt lat="50.122687" lon="21.711069"></trkpt>
      <trkpt lat="50.120504" lon="21.710798"></trkpt>
      <trkpt lat="50.119925" lon="21.710463"></trkpt>
      <trkpt lat="50.119477" lon="21.709913"></trkpt>
      <trkpt lat="50.118674" lon="21.708249"></trkpt>
      <trkpt lat="50.118096" lon="21.706779"></trkpt>
      <trkpt lat="50.117224" lon="21.703035"></trkpt>
      <trkpt lat="50.116951" lon="21.701484"></trkpt>
      <trkpt lat="50.116892" lon="21.699364"></trkpt>
      <trkpt lat="50.116418" lon="21.695957"></trkpt>
      <trkpt lat="50.115747" lon="21.693368"></trkpt>
      <trkpt lat="50.114705" lon="21.690528"></trkpt>
      <trkpt lat="50.113129" lon="21.686973"></trkpt>
      <trkpt lat="50.112608" lon="21.686288"></trkpt>
      <trkpt lat="50.111934" lon="21.685994"></trkpt>
      <trkpt lat="50.111384" lon="21.686088"></trkpt>
      <trkpt lat="50.109814" lon="21.686854"></trkpt>
      <trkpt lat="50.109326" lon="21.686863"></trkpt>
      <trkpt lat="50.109001" lon="21.686734"></trkpt>
      <trkpt lat="50.107775" lon="21.685711"></trkpt>
      <trkpt lat="50.10477" lon="21.682668"></trkpt>
      <trkpt lat="50.104569" lon="21.682098"></trkpt>
      <trkpt lat="50.104319" lon="21.680082"></trkpt>
      <trkpt lat="50.103836" lon="21.677507"></trkpt>
      <trkpt lat="50.102947" lon="21.674498"></trkpt>
      <trkpt lat="50.102369" lon="21.673105"></trkpt>
      <trkpt lat="50.099541" lon="21.668074"></trkpt>
      <trkpt lat="50.099214" lon="21.666896"></trkpt>
      <trkpt lat="50.099185" lon="21.666221"></trkpt>
      <trkpt lat="50.099617" lon="21.666602"></trkpt>
      <trkpt lat="50.105338" lon="21.669694"></trkpt>
      <trkpt lat="50.106131" lon="21.665822"></trkpt>
      <trkpt lat="50.106411" lon="21.665286"></trkpt>
      <trkpt lat="50.10682" lon="21.664971"></trkpt>
      <trkpt lat="50.107129" lon="21.66494"></trkpt>
      <trkpt lat="50.109361" lon="21.665221"></trkpt>
      <trkpt lat="50.109723" lon="21.664931"></trkpt>
      <trkpt lat="50.109878" lon="21.66446"></trkpt>
      <trkpt lat="50.109744" lon="21.663626"></trkpt>
      <trkpt lat="50.10899" lon="21.662556"></trkpt>
      <trkpt lat="50.108814" lon="21.661254"></trkpt>
      <trkpt lat="50.109732" lon="21.647221"></trkpt>
      <trkpt lat="50.10976" lon="21.644579"></trkpt>
      <trkpt lat="50.109631" lon="21.64195"></trkpt>
      <trkpt lat="50.109068" lon="21.637613"></trkpt>
      <trkpt lat="50.106687" lon="21.624626"></trkpt>
      <trkpt lat="50.106182" lon="21.619639"></trkpt>
      <trkpt lat="50.106238" lon="21.614676"></trkpt>
      <trkpt lat="50.107575" lon="21.599346"></trkpt>
      <trkpt lat="50.107648" lon="21.595982"></trkpt>
      <trkpt lat="50.107544" lon="21.593632"></trkpt>
      <trkpt lat="50.106888" lon="21.588481"></trkpt>
      <trkpt lat="50.099171" lon="21.54383"></trkpt>
      <trkpt lat="50.098714" lon="21.539958"></trkpt>
      <trkpt lat="50.097423" lon="21.521361"></trkpt>
      <trkpt lat="50.096926" lon="21.517738"></trkpt>
      <trkpt lat="50.096284" lon="21.514618"></trkpt>
      <trkpt lat="50.095707" lon="21.512445"></trkpt>
      <trkpt lat="50.094789" lon="21.509623"></trkpt>
      <trkpt lat="50.092981" lon="21.505391"></trkpt>
      <trkpt lat="50.091023" lon="21.501859"></trkpt>
      <trkpt lat="50.084234" lon="21.490518"></trkpt>
      <trkpt lat="50.082788" lon="21.487659"></trkpt>
      <trkpt lat="50.08188" lon="21.485404"></trkpt>
      <trkpt lat="50.080939" lon="21.482431"></trkpt>
      <trkpt lat="50.080301" lon="21.479618"></trkpt>
      <trkpt lat="50.079974" lon="21.477572"></trkpt>
      <trkpt lat="50.07969" lon="21.474778"></trkpt>
      <trkpt lat="50.079582" lon="21.471252"></trkpt>
      <trkpt lat="50.079743" lon="21.46795"></trkpt>
      <trkpt lat="50.08012" lon="21.464925"></trkpt>
      <trkpt lat="50.080539" lon="21.462709"></trkpt>
      <trkpt lat="50.081309" lon="21.459782"></trkpt>
      <trkpt lat="50.085156" lon="21.447807"></trkpt>
      <trkpt lat="50.08618" lon="21.444042"></trkpt>
      <trkpt lat="50.086637" lon="21.441604"></trkpt>
      <trkpt lat="50.086952" lon="21.439098"></trkpt>
      <trkpt lat="50.087139" lon="21.434211"></trkpt>
      <trkpt lat="50.086929" lon="21.430632"></trkpt>
      <trkpt lat="50.086386" lon="21.426918"></trkpt>
      <trkpt lat="50.081699" lon="21.407731"></trkpt>
      <trkpt lat="50.080857" lon="21.403651"></trkpt>
      <trkpt lat="50.080285" lon="21.400208"></trkpt>
      <trkpt lat="50.079766" lon="21.396114"></trkpt>
      <trkpt lat="50.079392" lon="21.391932"></trkpt>
      <trkpt lat="50.078756" lon="21.377821"></trkpt>
      <trkpt lat="50.07887" lon="21.374275"></trkpt>
      <trkpt lat="50.079215" lon="21.371144"></trkpt>
      <trkpt lat="50.079726" lon="21.36823"></trkpt>
      <trkpt lat="50.080335" lon="21.365871"></trkpt>
      <trkpt lat="50.081463" lon="21.36261"></trkpt>
      <trkpt lat="50.08759" lon="21.347521"></trkpt>
      <trkpt lat="50.088587" lon="21.344191"></trkpt>
      <trkpt lat="50.089255" lon="21.34072"></trkpt>
      <trkpt lat="50.08962" lon="21.336661"></trkpt>
      <trkpt lat="50.089575" lon="21.33287"></trkpt>
      <trkpt lat="50.088125" lon="21.320498"></trkpt>
      <trkpt lat="50.087836" lon="21.316026"></trkpt>
      <trkpt lat="50.088026" lon="21.311872"></trkpt>
      <trkpt lat="50.08867" lon="21.307838"></trkpt>
      <trkpt lat="50.089477" lon="21.304829"></trkpt>
      <trkpt lat="50.090586" lon="21.301896"></trkpt>
      <trkpt lat="50.096571" lon="21.290115"></trkpt>
      <trkpt lat="50.098092" lon="21.286542"></trkpt>
      <trkpt lat="50.098904" lon="21.283974"></trkpt>
      <trkpt lat="50.099446" lon="21.281769"></trkpt>
      <trkpt lat="50.100186" lon="21.27686"></trkpt>
      <trkpt lat="50.100702" lon="21.263009"></trkpt>
      <trkpt lat="50.101465" lon="21.238587"></trkpt>
      <trkpt lat="50.101454" lon="21.236432"></trkpt>
      <trkpt lat="50.101177" lon="21.233325"></trkpt>
      <trkpt lat="50.100683" lon="21.230608"></trkpt>
      <trkpt lat="50.099834" lon="21.227676"></trkpt>
      <trkpt lat="50.097767" lon="21.222588"></trkpt>
      <trkpt lat="50.096702" lon="21.219385"></trkpt>
      <trkpt lat="50.095848" lon="21.21571"></trkpt>
      <trkpt lat="50.095336" lon="21.212013"></trkpt>
      <trkpt lat="50.095136" lon="21.208487"></trkpt>
      <trkpt lat="50.095235" lon="21.204744"></trkpt>
      <trkpt lat="50.096593" lon="21.192159"></trkpt>
      <trkpt lat="50.096779" lon="21.188079"></trkpt>
      <trkpt lat="50.096612" lon="21.183335"></trkpt>
      <trkpt lat="50.095797" lon="21.173653"></trkpt>
      <trkpt lat="50.095523" lon="21.171369"></trkpt>
      <trkpt lat="50.09498" lon="21.16825"></trkpt>
      <trkpt lat="50.094142" lon="21.164763"></trkpt>
      <trkpt lat="50.093488" lon="21.162624"></trkpt>
      <trkpt lat="50.092023" lon="21.158787"></trkpt>
      <trkpt lat="50.088795" lon="21.15229"></trkpt>
      <trkpt lat="50.087835" lon="21.149912"></trkpt>
      <trkpt lat="50.086966" lon="21.146812"></trkpt>
      <trkpt lat="50.086029" lon="21.141811"></trkpt>
      <trkpt lat="50.085269" lon="21.138967"></trkpt>
      <trkpt lat="50.084659" lon="21.137286"></trkpt>
      <trkpt lat="50.081509" lon="21.130044"></trkpt>
      <trkpt lat="50.080659" lon="21.127421"></trkpt>
      <trkpt lat="50.080063" lon="21.125083"></trkpt>
      <trkpt lat="50.079428" lon="21.121569"></trkpt>
      <trkpt lat="50.079089" lon="21.118239"></trkpt>
      <trkpt lat="50.078785" lon="21.107525"></trkpt>
      <trkpt lat="50.078564" lon="21.104183"></trkpt>
      <trkpt lat="50.078057" lon="21.100424"></trkpt>
      <trkpt lat="50.07706" lon="21.095905"></trkpt>
      <trkpt lat="50.075531" lon="21.091254"></trkpt>
      <trkpt lat="50.066589" lon="21.069559"></trkpt>
      <trkpt lat="50.065121" lon="21.065666"></trkpt>
      <trkpt lat="50.064434" lon="21.063106"></trkpt>
      <trkpt lat="50.064" lon="21.060614"></trkpt>
      <trkpt lat="50.063714" lon="21.057674"></trkpt>
      <trkpt lat="50.063279" lon="21.050385"></trkpt>
      <trkpt lat="50.062961" lon="21.048104"></trkpt>
      <trkpt lat="50.062485" lon="21.045895"></trkpt>
      <trkpt lat="50.061905" lon="21.043934"></trkpt>
      <trkpt lat="50.061063" lon="21.041768"></trkpt>
      <trkpt lat="50.05585" lon="21.031094"></trkpt>
      <trkpt lat="50.054884" lon="21.028218"></trkpt>
      <trkpt lat="50.05419" lon="21.024991"></trkpt>
      <trkpt lat="50.053965" lon="21.023237"></trkpt>
      <trkpt lat="50.053789" lon="21.020341"></trkpt>
      <trkpt lat="50.053853" lon="21.014595"></trkpt>
      <trkpt lat="50.054132" lon="21.010869"></trkpt>
      <trkpt lat="50.054804" lon="21.006555"></trkpt>
      <trkpt lat="50.055716" lon="21.002819"></trkpt>
      <trkpt lat="50.056745" lon="20.999718"></trkpt>
      <trkpt lat="50.061429" lon="20.988969"></trkpt>
      <trkpt lat="50.062674" lon="20.985414"></trkpt>
      <trkpt lat="50.063524" lon="20.98217"></trkpt>
      <trkpt lat="50.064008" lon="20.979689"></trkpt>
      <trkpt lat="50.064475" lon="20.976158"></trkpt>
      <trkpt lat="50.0647" lon="20.972576"></trkpt>
      <trkpt lat="50.064563" lon="20.967159"></trkpt>
      <trkpt lat="50.064196" lon="20.963832"></trkpt>
      <trkpt lat="50.063779" lon="20.961367"></trkpt>
      <trkpt lat="50.062746" lon="20.957151"></trkpt>
      <trkpt lat="50.060139" lon="20.949334"></trkpt>
      <trkpt lat="50.059379" lon="20.94628"></trkpt>
      <trkpt lat="50.05885" lon="20.943385"></trkpt>
      <trkpt lat="50.058367" lon="20.938755"></trkpt>
      <trkpt lat="50.058132" lon="20.931869"></trkpt>
      <trkpt lat="50.057866" lon="20.928789"></trkpt>
      <trkpt lat="50.057217" lon="20.924723"></trkpt>
      <trkpt lat="50.056431" lon="20.921449"></trkpt>
      <trkpt lat="50.055618" lon="20.918854"></trkpt>
      <trkpt lat="50.053821" lon="20.914104"></trkpt>
      <trkpt lat="50.048798" lon="20.901616"></trkpt>
      <trkpt lat="50.047647" lon="20.899188"></trkpt>
      <trkpt lat="50.045981" lon="20.896055"></trkpt>
      <trkpt lat="50.044295" lon="20.893261"></trkpt>
      <trkpt lat="50.042319" lon="20.89039"></trkpt>
      <trkpt lat="50.040074" lon="20.887545"></trkpt>
      <trkpt lat="50.038136" lon="20.885401"></trkpt>
      <trkpt lat="50.035739" lon="20.883093"></trkpt>
      <trkpt lat="50.033707" lon="20.881403"></trkpt>
      <trkpt lat="50.029998" lon="20.878859"></trkpt>
      <trkpt lat="50.018768" lon="20.87214"></trkpt>
      <trkpt lat="50.016895" lon="20.870821"></trkpt>
      <trkpt lat="50.015485" lon="20.869563"></trkpt>
      <trkpt lat="50.014343" lon="20.868317"></trkpt>
      <trkpt lat="50.012928" lon="20.86641"></trkpt>
      <trkpt lat="50.011182" lon="20.863288"></trkpt>
      <trkpt lat="50.00983" lon="20.85989"></trkpt>
      <trkpt lat="50.009246" lon="20.857912"></trkpt>
      <trkpt lat="50.008713" lon="20.855544"></trkpt>
      <trkpt lat="50.008296" lon="20.852756"></trkpt>
      <trkpt lat="50.007983" lon="20.848093"></trkpt>
      <trkpt lat="50.005857" lon="20.777834"></trkpt>
      <trkpt lat="50.005942" lon="20.772684"></trkpt>
      <trkpt lat="50.006155" lon="20.768956"></trkpt>
      <trkpt lat="50.007429" lon="20.756071"></trkpt>
      <trkpt lat="50.007708" lon="20.752264"></trkpt>
      <trkpt lat="50.007853" lon="20.747727"></trkpt>
      <trkpt lat="50.007808" lon="20.743542"></trkpt>
      <trkpt lat="50.007537" lon="20.738681"></trkpt>
      <trkpt lat="50.007007" lon="20.733615"></trkpt>
      <trkpt lat="50.004083" lon="20.713574"></trkpt>
      <trkpt lat="50.003616" lon="20.708165"></trkpt>
      <trkpt lat="50.003444" lon="20.703943"></trkpt>
      <trkpt lat="50.003525" lon="20.696785"></trkpt>
      <trkpt lat="50.004492" lon="20.67685"></trkpt>
      <trkpt lat="50.004425" lon="20.671056"></trkpt>
      <trkpt lat="50.003866" lon="20.664925"></trkpt>
      <trkpt lat="50.001945" lon="20.653485"></trkpt>
      <trkpt lat="50.00148" lon="20.649947"></trkpt>
      <trkpt lat="50.000232" lon="20.631644"></trkpt>
      <trkpt lat="49.999584" lon="20.6258"></trkpt>
      <trkpt lat="49.996669" lon="20.609299"></trkpt>
      <trkpt lat="49.992814" lon="20.591311"></trkpt>
      <trkpt lat="49.992331" lon="20.588206"></trkpt>
      <trkpt lat="49.992027" lon="20.58489"></trkpt>
      <trkpt lat="49.991968" lon="20.580125"></trkpt>
      <trkpt lat="49.992326" lon="20.575488"></trkpt>
      <trkpt lat="49.993042" lon="20.571217"></trkpt>
      <trkpt lat="49.994078" lon="20.567287"></trkpt>
      <trkpt lat="49.994865" lon="20.565006"></trkpt>
      <trkpt lat="49.995936" lon="20.562371"></trkpt>
      <trkpt lat="50.004681" lon="20.54281"></trkpt>
      <trkpt lat="50.006391" lon="20.538182"></trkpt>
      <trkpt lat="50.007729" lon="20.533408"></trkpt>
      <trkpt lat="50.008655" lon="20.528848"></trkpt>
      <trkpt lat="50.009355" lon="20.523393"></trkpt>
      <trkpt lat="50.009612" lon="20.519035"></trkpt>
      <trkpt lat="50.009613" lon="20.514608"></trkpt>
      <trkpt lat="50.009236" lon="20.509147"></trkpt>
      <trkpt lat="50.008333" lon="20.503126"></trkpt>
      <trkpt lat="50.007422" lon="20.499098"></trkpt>
      <trkpt lat="50.004815" lon="20.490288"></trkpt>
      <trkpt lat="50.003954" lon="20.486836"></trkpt>
      <trkpt lat="50.003219" lon="20.482712"></trkpt>
      <trkpt lat="50.002816" lon="20.478102"></trkpt>
      <trkpt lat="50.002736" lon="20.451393"></trkpt>
      <trkpt lat="50.003212" lon="20.443614"></trkpt>
      <trkpt lat="50.004943" lon="20.428292"></trkpt>
      <trkpt lat="50.00515" lon="20.425147"></trkpt>
      <trkpt lat="50.005147" lon="20.419488"></trkpt>
      <trkpt lat="50.004703" lon="20.414174"></trkpt>
      <trkpt lat="50.004122" lon="20.410433"></trkpt>
      <trkpt lat="50.003226" lon="20.406402"></trkpt>
      <trkpt lat="49.997093" lon="20.386238"></trkpt>
      <trkpt lat="49.995846" lon="20.381612"></trkpt>
      <trkpt lat="49.994845" lon="20.375985"></trkpt>
      <trkpt lat="49.992918" lon="20.359164"></trkpt>
      <trkpt lat="49.992236" lon="20.354818"></trkpt>
      <trkpt lat="49.991553" lon="20.351743"></trkpt>
      <trkpt lat="49.99083" lon="20.349144"></trkpt>
      <trkpt lat="49.983824" lon="20.327014"></trkpt>
      <trkpt lat="49.983159" lon="20.323847"></trkpt>
      <trkpt lat="49.982862" lon="20.321575"></trkpt>
      <trkpt lat="49.982706" lon="20.31941"></trkpt>
      <trkpt lat="49.982702" lon="20.316137"></trkpt>
      <trkpt lat="49.983013" lon="20.312584"></trkpt>
      <trkpt lat="49.98357" lon="20.309476"></trkpt>
      <trkpt lat="49.98893" lon="20.289541"></trkpt>
      <trkpt lat="49.989834" lon="20.285291"></trkpt>
      <trkpt lat="49.990435" lon="20.281006"></trkpt>
      <trkpt lat="49.990761" lon="20.276059"></trkpt>
      <trkpt lat="49.990756" lon="20.272294"></trkpt>
      <trkpt lat="49.989801" lon="20.254361"></trkpt>
      <trkpt lat="49.989652" lon="20.249832"></trkpt>
      <trkpt lat="49.989889" lon="20.244097"></trkpt>
      <trkpt lat="49.990645" lon="20.2384"></trkpt>
      <trkpt lat="49.991533" lon="20.234267"></trkpt>
      <trkpt lat="49.994781" lon="20.221464"></trkpt>
      <trkpt lat="49.995892" lon="20.216527"></trkpt>
      <trkpt lat="50.001338" lon="20.186011"></trkpt>
      <trkpt lat="50.002152" lon="20.182008"></trkpt>
      <trkpt lat="50.002987" lon="20.178593"></trkpt>
      <trkpt lat="50.004407" lon="20.173746"></trkpt>
      <trkpt lat="50.005672" lon="20.1701"></trkpt>
      <trkpt lat="50.016679" lon="20.142044"></trkpt>
      <trkpt lat="50.017667" lon="20.138522"></trkpt>
      <trkpt lat="50.018188" lon="20.135825"></trkpt>
      <trkpt lat="50.018599" lon="20.132258"></trkpt>
      <trkpt lat="50.01871" lon="20.129244"></trkpt>
      <trkpt lat="50.017555" lon="20.081019"></trkpt>
      <trkpt lat="50.01728" lon="20.074766"></trkpt>
      <trkpt lat="50.016977" lon="20.072622"></trkpt>
      <trkpt lat="50.016523" lon="20.070512"></trkpt>
      <trkpt lat="50.015969" lon="20.068604"></trkpt>
      <trkpt lat="50.015156" lon="20.066465"></trkpt>
      <trkpt lat="50.014161" lon="20.064441"></trkpt>
      <trkpt lat="50.013226" lon="20.062928"></trkpt>
      <trkpt lat="50.009972" lon="20.058875"></trkpt>
      <trkpt lat="50.008552" lon="20.056609"></trkpt>
      <trkpt lat="50.007823" lon="20.05503"></trkpt>
      <trkpt lat="50.00724" lon="20.053405"></trkpt>
      <trkpt lat="50.006774" lon="20.051692"></trkpt>
      <trkpt lat="50.006402" lon="20.049659"></trkpt>
      <trkpt lat="50.006143" lon="20.045628"></trkpt>
      <trkpt lat="50.006151" lon="20.031478"></trkpt>
      <trkpt lat="50.005841" lon="20.026206"></trkpt>
      <trkpt lat="50.005198" lon="20.021537"></trkpt>
      <trkpt lat="50.001414" lon="20.000288"></trkpt>
      <trkpt lat="50.001006" lon="19.997331"></trkpt>
      <trkpt lat="50.00078" lon="19.994329"></trkpt>
      <trkpt lat="50.000784" lon="19.989921"></trkpt>
      <trkpt lat="50.001816" lon="19.970364"></trkpt>
      <trkpt lat="50.001861" lon="19.96789"></trkpt>
      <trkpt lat="50.001672" lon="19.965397"></trkpt>
      <trkpt lat="50.000566" lon="19.957817"></trkpt>
      <trkpt lat="50.000379" lon="19.953229"></trkpt>
      <trkpt lat="50.000596" lon="19.949212"></trkpt>
      <trkpt lat="50.001482" lon="19.940975"></trkpt>
      <trkpt lat="50.001448" lon="19.937294"></trkpt>
      <trkpt lat="50.001202" lon="19.935457"></trkpt>
      <trkpt lat="50.000852" lon="19.933898"></trkpt>
      <trkpt lat="49.999985" lon="19.931381"></trkpt>
      <trkpt lat="49.998807" lon="19.929194"></trkpt>
      <trkpt lat="49.996259" lon="19.925823"></trkpt>
      <trkpt lat="49.994642" lon="19.923136"></trkpt>
      <trkpt lat="49.993783" lon="19.921214"></trkpt>
      <trkpt lat="49.993151" lon="19.919419"></trkpt>
      <trkpt lat="49.992286" lon="19.915737"></trkpt>
      <trkpt lat="49.991266" lon="19.907601"></trkpt>
      <trkpt lat="49.99092" lon="19.904014"></trkpt>
      <trkpt lat="49.990669" lon="19.899827"></trkpt>
      <trkpt lat="49.990585" lon="19.896107"></trkpt>
      <trkpt lat="49.990669" lon="19.891183"></trkpt>
      <trkpt lat="49.99102" lon="19.885789"></trkpt>
      <trkpt lat="49.991618" lon="19.880614"></trkpt>
      <trkpt lat="49.992184" lon="19.877052"></trkpt>
      <trkpt lat="49.995576" lon="19.85992"></trkpt>
      <trkpt lat="49.996535" lon="19.857192"></trkpt>
      <trkpt lat="49.997685" lon="19.855215"></trkpt>
      <trkpt lat="49.999139" lon="19.85362"></trkpt>
      <trkpt lat="50.000536" lon="19.852694"></trkpt>
      <trkpt lat="50.001638" lon="19.852266"></trkpt>
      <trkpt lat="50.007233" lon="19.850823"></trkpt>
      <trkpt lat="50.009256" lon="19.850152"></trkpt>
      <trkpt lat="50.010937" lon="19.849174"></trkpt>
      <trkpt lat="50.01256" lon="19.847749"></trkpt>
      <trkpt lat="50.013998" lon="19.845973"></trkpt>
      <trkpt lat="50.015495" lon="19.843345"></trkpt>
      <trkpt lat="50.016558" lon="19.840585"></trkpt>
      <trkpt lat="50.01796" lon="19.835315"></trkpt>
      <trkpt lat="50.018747" lon="19.833011"></trkpt>
      <trkpt lat="50.019787" lon="19.830735"></trkpt>
      <trkpt lat="50.021078" lon="19.828605"></trkpt>
      <trkpt lat="50.022252" lon="19.827106"></trkpt>
      <trkpt lat="50.02328" lon="19.826021"></trkpt>
      <trkpt lat="50.040873" lon="19.809072"></trkpt>
      <trkpt lat="50.042018" lon="19.808086"></trkpt>
      <trkpt lat="50.042939" lon="19.807497"></trkpt>
      <trkpt lat="50.044285" lon="19.806944"></trkpt>
      <trkpt lat="50.045366" lon="19.806746"></trkpt>
      <trkpt lat="50.046526" lon="19.806756"></trkpt>
      <trkpt lat="50.04787" lon="19.807065"></trkpt>
      <trkpt lat="50.052784" lon="19.809323"></trkpt>
      <trkpt lat="50.05423" lon="19.809736"></trkpt>
      <trkpt lat="50.056241" lon="19.809906"></trkpt>
      <trkpt lat="50.060226" lon="19.809588"></trkpt>
      <trkpt lat="50.061924" lon="19.809578"></trkpt>
      <trkpt lat="50.063319" lon="19.809744"></trkpt>
      <trkpt lat="50.067995" lon="19.810665"></trkpt>
      <trkpt lat="50.070071" lon="19.810696"></trkpt>
      <trkpt lat="50.07202" lon="19.810397"></trkpt>
      <trkpt lat="50.079954" lon="19.808393"></trkpt>
      <trkpt lat="50.081272" lon="19.808245"></trkpt>
      <trkpt lat="50.083859" lon="19.808295"></trkpt>
      <trkpt lat="50.084506" lon="19.808168"></trkpt>
      <trkpt lat="50.085285" lon="19.807772"></trkpt>
      <trkpt lat="50.086242" lon="19.806776"></trkpt>
      <trkpt lat="50.086822" lon="19.8057"></trkpt>
      <trkpt lat="50.087237" lon="19.804324"></trkpt>
      <trkpt lat="50.087321" lon="19.802722"></trkpt>
      <trkpt lat="50.087022" lon="19.801395"></trkpt>
      <trkpt lat="50.086484" lon="19.800438"></trkpt>
      <trkpt lat="50.085193" lon="19.799178"></trkpt>
      <trkpt lat="50.084717" lon="19.798151"></trkpt>
      <trkpt lat="50.083866" lon="19.794723"></trkpt>
      <trkpt lat="50.083223" lon="19.79078"></trkpt>
      <trkpt lat="50.080726" lon="19.773375"></trkpt>
      <trkpt lat="50.080083" lon="19.768223"></trkpt>
      <trkpt lat="50.079811" lon="19.76358"></trkpt>
      <trkpt lat="50.07976" lon="19.752172"></trkpt>
      <trkpt lat="50.079466" lon="19.748541"></trkpt>
      <trkpt lat="50.078663" lon="19.744068"></trkpt>
      <trkpt lat="50.076675" lon="19.736935"></trkpt>
      <trkpt lat="50.07607" lon="19.734082"></trkpt>
      <trkpt lat="50.075584" lon="19.730052"></trkpt>
      <trkpt lat="50.075466" lon="19.726707"></trkpt>
      <trkpt lat="50.075648" lon="19.722929"></trkpt>
      <trkpt lat="50.076084" lon="19.71963"></trkpt>
      <trkpt lat="50.076889" lon="19.716021"></trkpt>
      <trkpt lat="50.077758" lon="19.713254"></trkpt>
      <trkpt lat="50.079319" lon="19.709632"></trkpt>
      <trkpt lat="50.089483" lon="19.68983"></trkpt>
      <trkpt lat="50.091633" lon="19.685381"></trkpt>
      <trkpt lat="50.092718" lon="19.682537"></trkpt>
      <trkpt lat="50.093651" lon="19.679464"></trkpt>
      <trkpt lat="50.094414" lon="19.67612"></trkpt>
      <trkpt lat="50.095062" lon="19.671785"></trkpt>
      <trkpt lat="50.09536" lon="19.666776"></trkpt>
      <trkpt lat="50.095206" lon="19.661868"></trkpt>
      <trkpt lat="50.092792" lon="19.639804"></trkpt>
      <trkpt lat="50.092504" lon="19.635518"></trkpt>
      <trkpt lat="50.092571" lon="19.630888"></trkpt>
      <trkpt lat="50.093244" lon="19.621864"></trkpt>
      <trkpt lat="50.093191" lon="19.617389"></trkpt>
      <trkpt lat="50.092679" lon="19.612252"></trkpt>
      <trkpt lat="50.090794" lon="19.602534"></trkpt>
      <trkpt lat="50.090062" lon="19.596833"></trkpt>
      <trkpt lat="50.089861" lon="19.593095"></trkpt>
      <trkpt lat="50.089847" lon="19.590643"></trkpt>
      <trkpt lat="50.089965" lon="19.587485"></trkpt>
      <trkpt lat="50.090281" lon="19.583967"></trkpt>
      <trkpt lat="50.090778" lon="19.580558"></trkpt>
      <trkpt lat="50.09126" lon="19.578104"></trkpt>
      <trkpt lat="50.09249" lon="19.573384"></trkpt>
      <trkpt lat="50.093668" lon="19.569985"></trkpt>
      <trkpt lat="50.097511" lon="19.56052"></trkpt>
      <trkpt lat="50.099159" lon="19.555195"></trkpt>
      <trkpt lat="50.100005" lon="19.551618"></trkpt>
      <trkpt lat="50.105369" lon="19.525498"></trkpt>
      <trkpt lat="50.106559" lon="19.520875"></trkpt>
      <trkpt lat="50.107654" lon="19.517531"></trkpt>
      <trkpt lat="50.108653" lon="19.514936"></trkpt>
      <trkpt lat="50.109869" lon="19.512198"></trkpt>
      <trkpt lat="50.111901" lon="19.50837"></trkpt>
      <trkpt lat="50.132682" lon="19.476373"></trkpt>
      <trkpt lat="50.134691" lon="19.47286"></trkpt>
      <trkpt lat="50.136244" lon="19.469627"></trkpt>
      <trkpt lat="50.138055" lon="19.464967"></trkpt>
      <trkpt lat="50.139269" lon="19.461009"></trkpt>
      <trkpt lat="50.148374" lon="19.426952"></trkpt>
      <trkpt lat="50.149903" lon="19.420295"></trkpt>
      <trkpt lat="50.150493" lon="19.416518"></trkpt>
      <trkpt lat="50.150954" lon="19.411978"></trkpt>
      <trkpt lat="50.153556" lon="19.373354"></trkpt>
      <trkpt lat="50.153734" lon="19.368001"></trkpt>
      <trkpt lat="50.153617" lon="19.362049"></trkpt>
      <trkpt lat="50.153187" lon="19.356201"></trkpt>
      <trkpt lat="50.152707" lon="19.352224"></trkpt>
      <trkpt lat="50.148743" lon="19.325632"></trkpt>
      <trkpt lat="50.148082" lon="19.318879"></trkpt>
      <trkpt lat="50.147838" lon="19.313217"></trkpt>
      <trkpt lat="50.148037" lon="19.305344"></trkpt>
      <trkpt lat="50.149847" lon="19.28031"></trkpt>
      <trkpt lat="50.150298" lon="19.255178"></trkpt>
      <trkpt lat="50.150705" lon="19.250474"></trkpt>
      <trkpt lat="50.151283" lon="19.24699"></trkpt>
      <trkpt lat="50.152096" lon="19.243617"></trkpt>
      <trkpt lat="50.153339" lon="19.239828"></trkpt>
      <trkpt lat="50.154502" lon="19.237065"></trkpt>
      <trkpt lat="50.156193" lon="19.233852"></trkpt>
      <trkpt lat="50.170901" lon="19.2119"></trkpt>
      <trkpt lat="50.179856" lon="19.198755"></trkpt>
      <trkpt lat="50.181204" lon="19.197024"></trkpt>
      <trkpt lat="50.182808" lon="19.195226"></trkpt>
      <trkpt lat="50.184503" lon="19.19357"></trkpt>
      <trkpt lat="50.186516" lon="19.191903"></trkpt>
      <trkpt lat="50.189541" lon="19.189884"></trkpt>
      <trkpt lat="50.196824" lon="19.185917"></trkpt>
      <trkpt lat="50.198099" lon="19.185042"></trkpt>
      <trkpt lat="50.200082" lon="19.183265"></trkpt>
      <trkpt lat="50.2018" lon="19.181315"></trkpt>
      <trkpt lat="50.203149" lon="19.179398"></trkpt>
      <trkpt lat="50.204473" lon="19.17708"></trkpt>
      <trkpt lat="50.205928" lon="19.173768"></trkpt>
      <trkpt lat="50.206916" lon="19.170681"></trkpt>
      <trkpt lat="50.207874" lon="19.166714"></trkpt>
      <trkpt lat="50.216564" lon="19.12794"></trkpt>
      <trkpt lat="50.217153" lon="19.124841"></trkpt>
      <trkpt lat="50.217844" lon="19.120263"></trkpt>
      <trkpt lat="50.219662" lon="19.104846"></trkpt>
      <trkpt lat="50.220324" lon="19.10146"></trkpt>
      <trkpt lat="50.221251" lon="19.098032"></trkpt>
      <trkpt lat="50.230165" lon="19.069779"></trkpt>
      <trkpt lat="50.231361" lon="19.066504"></trkpt>
      <trkpt lat="50.232383" lon="19.064647"></trkpt>
      <trkpt lat="50.233588" lon="19.063131"></trkpt>
      <trkpt lat="50.234363" lon="19.062406"></trkpt>
      <trkpt lat="50.237727" lon="19.059832"></trkpt>
      <trkpt lat="50.239067" lon="19.058294"></trkpt>
      <trkpt lat="50.2399" lon="19.05698"></trkpt>
      <trkpt lat="50.24049" lon="19.055793"></trkpt>
      <trkpt lat="50.241148" lon="19.05406"></trkpt>
      <trkpt lat="50.241584" lon="19.052465"></trkpt>
      <trkpt lat="50.243359" lon="19.044101"></trkpt>
      <trkpt lat="50.245565" lon="19.032714"></trkpt>
      <trkpt lat="50.245964" lon="19.029005"></trkpt>
      <trkpt lat="50.247589" lon="19.005735"></trkpt>
      <trkpt lat="50.248177" lon="19.003574"></trkpt>
      <trkpt lat="50.250046" lon="18.99956"></trkpt>
      <trkpt lat="50.250845" lon="18.996821"></trkpt>
      <trkpt lat="50.255729" lon="18.968966"></trkpt>
      <trkpt lat="50.256005" lon="18.966062"></trkpt>
      <trkpt lat="50.255994" lon="18.962426"></trkpt>
      <trkpt lat="50.254888" lon="18.946922"></trkpt>
      <trkpt lat="50.25438" lon="18.941744"></trkpt>
      <trkpt lat="50.253741" lon="18.937233"></trkpt>
      <trkpt lat="50.247742" lon="18.901088"></trkpt>
      <trkpt lat="50.247388" lon="18.898349"></trkpt>
      <trkpt lat="50.247335" lon="18.895807"></trkpt>
      <trkpt lat="50.247661" lon="18.892765"></trkpt>
      <trkpt lat="50.248297" lon="18.890254"></trkpt>
      <trkpt lat="50.249148" lon="18.888152"></trkpt>
      <trkpt lat="50.250703" lon="18.885372"></trkpt>
      <trkpt lat="50.25165" lon="18.883284"></trkpt>
      <trkpt lat="50.252352" lon="18.880963"></trkpt>
      <trkpt lat="50.252952" lon="18.877487"></trkpt>
      <trkpt lat="50.258758" lon="18.833337"></trkpt>
      <trkpt lat="50.261265" lon="18.796027"></trkpt>
      <trkpt lat="50.261874" lon="18.790836"></trkpt>
      <trkpt lat="50.262638" lon="18.787287"></trkpt>
      <trkpt lat="50.26351" lon="18.784377"></trkpt>
      <trkpt lat="50.267044" lon="18.775701"></trkpt>
      <trkpt lat="50.26811" lon="18.772548"></trkpt>
      <trkpt lat="50.269158" lon="18.767816"></trkpt>
      <trkpt lat="50.26959" lon="18.763712"></trkpt>
      <trkpt lat="50.26966" lon="18.761637"></trkpt>
      <trkpt lat="50.269575" lon="18.75868"></trkpt>
      <trkpt lat="50.269076" lon="18.754294"></trkpt>
      <trkpt lat="50.268531" lon="18.751612"></trkpt>
      <trkpt lat="50.260632" lon="18.718309"></trkpt>
      <trkpt lat="50.259871" lon="18.713826"></trkpt>
      <trkpt lat="50.259478" lon="18.710539"></trkpt>
      <trkpt lat="50.259188" lon="18.706901"></trkpt>
      <trkpt lat="50.259047" lon="18.702866"></trkpt>
      <trkpt lat="50.258978" lon="18.679601"></trkpt>
      <trkpt lat="50.25909" lon="18.673071"></trkpt>
      <trkpt lat="50.258947" lon="18.668064"></trkpt>
      <trkpt lat="50.259204" lon="18.661342"></trkpt>
      <trkpt lat="50.26574" lon="18.596393"></trkpt>
      <trkpt lat="50.266428" lon="18.591709"></trkpt>
      <trkpt lat="50.267561" lon="18.587398"></trkpt>
      <trkpt lat="50.268735" lon="18.584319"></trkpt>
      <trkpt lat="50.270316" lon="18.581215"></trkpt>
      <trkpt lat="50.272394" lon="18.578201"></trkpt>
      <trkpt lat="50.2743" lon="18.576147"></trkpt>
      <trkpt lat="50.296457" lon="18.558279"></trkpt>
      <trkpt lat="50.298438" lon="18.556779"></trkpt>
      <trkpt lat="50.301055" lon="18.555077"></trkpt>
      <trkpt lat="50.304595" lon="18.553229"></trkpt>
      <trkpt lat="50.307199" lon="18.552188"></trkpt>
      <trkpt lat="50.308911" lon="18.551643"></trkpt>
      <trkpt lat="50.342465" lon="18.543157"></trkpt>
      <trkpt lat="50.343428" lon="18.542725"></trkpt>
      <trkpt lat="50.344261" lon="18.542194"></trkpt>
      <trkpt lat="50.345214" lon="18.541389"></trkpt>
      <trkpt lat="50.346177" lon="18.54031"></trkpt>
      <trkpt lat="50.347062" lon="18.539009"></trkpt>
      <trkpt lat="50.347929" lon="18.537314"></trkpt>
      <trkpt lat="50.350299" lon="18.530342"></trkpt>
      <trkpt lat="50.351112" lon="18.528498"></trkpt>
      <trkpt lat="50.352406" lon="18.526092"></trkpt>
      <trkpt lat="50.353249" lon="18.524781"></trkpt>
      <trkpt lat="50.354564" lon="18.523061"></trkpt>
      <trkpt lat="50.360558" lon="18.516287"></trkpt>
      <trkpt lat="50.362072" lon="18.514137"></trkpt>
      <trkpt lat="50.363358" lon="18.511856"></trkpt>
      <trkpt lat="50.364752" lon="18.508663"></trkpt>
      <trkpt lat="50.380237" lon="18.467162"></trkpt>
      <trkpt lat="50.381379" lon="18.464853"></trkpt>
      <trkpt lat="50.382492" lon="18.463014"></trkpt>
      <trkpt lat="50.388646" lon="18.455141"></trkpt>
      <trkpt lat="50.389546" lon="18.453767"></trkpt>
      <trkpt lat="50.390636" lon="18.451795"></trkpt>
      <trkpt lat="50.392116" lon="18.448457"></trkpt>
      <trkpt lat="50.401521" lon="18.425819"></trkpt>
      <trkpt lat="50.403097" lon="18.422396"></trkpt>
      <trkpt lat="50.404795" lon="18.419617"></trkpt>
      <trkpt lat="50.41371" lon="18.407062"></trkpt>
      <trkpt lat="50.420534" lon="18.398398"></trkpt>
      <trkpt lat="50.422756" lon="18.395007"></trkpt>
      <trkpt lat="50.424167" lon="18.392384"></trkpt>
      <trkpt lat="50.425667" lon="18.38903"></trkpt>
      <trkpt lat="50.430858" lon="18.374122"></trkpt>
      <trkpt lat="50.432318" lon="18.370696"></trkpt>
      <trkpt lat="50.433301" lon="18.369008"></trkpt>
      <trkpt lat="50.434154" lon="18.367804"></trkpt>
      <trkpt lat="50.439916" lon="18.361108"></trkpt>
      <trkpt lat="50.441085" lon="18.359581"></trkpt>
      <trkpt lat="50.442724" lon="18.356924"></trkpt>
      <trkpt lat="50.444148" lon="18.353886"></trkpt>
      <trkpt lat="50.445528" lon="18.349774"></trkpt>
      <trkpt lat="50.446367" lon="18.345921"></trkpt>
      <trkpt lat="50.452025" lon="18.308446"></trkpt>
      <trkpt lat="50.453061" lon="18.302271"></trkpt>
      <trkpt lat="50.454492" lon="18.296069"></trkpt>
      <trkpt lat="50.45791" lon="18.284302"></trkpt>
      <trkpt lat="50.458776" lon="18.280246"></trkpt>
      <trkpt lat="50.459131" lon="18.277156"></trkpt>
      <trkpt lat="50.45924" lon="18.274326"></trkpt>
      <trkpt lat="50.458722" lon="18.249966"></trkpt>
      <trkpt lat="50.45879" lon="18.246469"></trkpt>
      <trkpt lat="50.459091" lon="18.242233"></trkpt>
      <trkpt lat="50.45964" lon="18.237963"></trkpt>
      <trkpt lat="50.460633" lon="18.232897"></trkpt>
      <trkpt lat="50.461907" lon="18.228228"></trkpt>
      <trkpt lat="50.464836" lon="18.219112"></trkpt>
      <trkpt lat="50.465644" lon="18.215309"></trkpt>
      <trkpt lat="50.466048" lon="18.212042"></trkpt>
      <trkpt lat="50.466367" lon="18.204945"></trkpt>
      <trkpt lat="50.467028" lon="18.182245"></trkpt>
      <trkpt lat="50.466994" lon="18.178369"></trkpt>
      <trkpt lat="50.466594" lon="18.17562"></trkpt>
      <trkpt lat="50.465851" lon="18.173042"></trkpt>
      <trkpt lat="50.465066" lon="18.171242"></trkpt>
      <trkpt lat="50.463328" lon="18.16806"></trkpt>
      <trkpt lat="50.46247" lon="18.16548"></trkpt>
      <trkpt lat="50.462095" lon="18.162651"></trkpt>
      <trkpt lat="50.462105" lon="18.160968"></trkpt>
      <trkpt lat="50.462245" lon="18.159688"></trkpt>
      <trkpt lat="50.462858" lon="18.157099"></trkpt>
      <trkpt lat="50.463698" lon="18.155177"></trkpt>
      <trkpt lat="50.464494" lon="18.153957"></trkpt>
      <trkpt lat="50.466929" lon="18.151041"></trkpt>
      <trkpt lat="50.467906" lon="18.149497"></trkpt>
      <trkpt lat="50.468962" lon="18.14729"></trkpt>
      <trkpt lat="50.470594" lon="18.143383"></trkpt>
      <trkpt lat="50.471637" lon="18.141377"></trkpt>
      <trkpt lat="50.472289" lon="18.140422"></trkpt>
      <trkpt lat="50.473276" lon="18.139287"></trkpt>
      <trkpt lat="50.476089" lon="18.136874"></trkpt>
      <trkpt lat="50.477117" lon="18.135831"></trkpt>
      <trkpt lat="50.477912" lon="18.134735"></trkpt>
      <trkpt lat="50.478743" lon="18.133145"></trkpt>
      <trkpt lat="50.47942" lon="18.131182"></trkpt>
      <trkpt lat="50.479718" lon="18.12984"></trkpt>
      <trkpt lat="50.480351" lon="18.122752"></trkpt>
      <trkpt lat="50.481647" lon="18.116868"></trkpt>
      <trkpt lat="50.481799" lon="18.114459"></trkpt>
      <trkpt lat="50.481642" lon="18.112176"></trkpt>
      <trkpt lat="50.477874" lon="18.086897"></trkpt>
      <trkpt lat="50.477511" lon="18.081084"></trkpt>
      <trkpt lat="50.477641" lon="18.075502"></trkpt>
      <trkpt lat="50.477962" lon="18.07199"></trkpt>
      <trkpt lat="50.478564" lon="18.068005"></trkpt>
      <trkpt lat="50.479236" lon="18.064819"></trkpt>
      <trkpt lat="50.482242" lon="18.052768"></trkpt>
      <trkpt lat="50.482986" lon="18.04855"></trkpt>
      <trkpt lat="50.48345" lon="18.044183"></trkpt>
      <trkpt lat="50.483621" lon="18.039139"></trkpt>
      <trkpt lat="50.483447" lon="18.034489"></trkpt>
      <trkpt lat="50.483111" lon="18.031084"></trkpt>
      <trkpt lat="50.4823" lon="18.025076"></trkpt>
      <trkpt lat="50.482041" lon="18.021689"></trkpt>
      <trkpt lat="50.482072" lon="18.017764"></trkpt>
      <trkpt lat="50.482422" lon="18.014052"></trkpt>
      <trkpt lat="50.483353" lon="18.009363"></trkpt>
      <trkpt lat="50.48989" lon="17.984187"></trkpt>
      <trkpt lat="50.490732" lon="17.981928"></trkpt>
      <trkpt lat="50.492053" lon="17.979306"></trkpt>
      <trkpt lat="50.493501" lon="17.977203"></trkpt>
      <trkpt lat="50.494737" lon="17.975822"></trkpt>
      <trkpt lat="50.49631" lon="17.974492"></trkpt>
      <trkpt lat="50.508946" lon="17.965651"></trkpt>
      <trkpt lat="50.510751" lon="17.963848"></trkpt>
      <trkpt lat="50.511852" lon="17.962397"></trkpt>
      <trkpt lat="50.51274" lon="17.960963"></trkpt>
      <trkpt lat="50.519899" lon="17.945856"></trkpt>
      <trkpt lat="50.521835" lon="17.941326"></trkpt>
      <trkpt lat="50.523123" lon="17.937723"></trkpt>
      <trkpt lat="50.524146" lon="17.934387"></trkpt>
      <trkpt lat="50.52765" lon="17.921687"></trkpt>
      <trkpt lat="50.528647" lon="17.918489"></trkpt>
      <trkpt lat="50.529999" lon="17.914962"></trkpt>
      <trkpt lat="50.531884" lon="17.911065"></trkpt>
      <trkpt lat="50.534115" lon="17.907422"></trkpt>
      <trkpt lat="50.536706" lon="17.904118"></trkpt>
      <trkpt lat="50.538982" lon="17.901819"></trkpt>
      <trkpt lat="50.546471" lon="17.895138"></trkpt>
      <trkpt lat="50.548491" lon="17.893158"></trkpt>
      <trkpt lat="50.55191" lon="17.889225"></trkpt>
      <trkpt lat="50.553658" lon="17.886886"></trkpt>
      <trkpt lat="50.555613" lon="17.883961"></trkpt>
      <trkpt lat="50.570278" lon="17.858905"></trkpt>
      <trkpt lat="50.572497" lon="17.85472"></trkpt>
      <trkpt lat="50.57516" lon="17.848711"></trkpt>
      <trkpt lat="50.583131" lon="17.826945"></trkpt>
      <trkpt lat="50.586016" lon="17.819731"></trkpt>
      <trkpt lat="50.589906" lon="17.811324"></trkpt>
      <trkpt lat="50.592456" lon="17.806436"></trkpt>
      <trkpt lat="50.594282" lon="17.803196"></trkpt>
      <trkpt lat="50.596463" lon="17.799577"></trkpt>
      <trkpt lat="50.627012" lon="17.751847"></trkpt>
      <trkpt lat="50.630561" lon="17.746481"></trkpt>
      <trkpt lat="50.633267" lon="17.742751"></trkpt>
      <trkpt lat="50.637368" lon="17.737647"></trkpt>
      <trkpt lat="50.641334" lon="17.733248"></trkpt>
      <trkpt lat="50.646105" lon="17.728323"></trkpt>
      <trkpt lat="50.648324" lon="17.725737"></trkpt>
      <trkpt lat="50.650786" lon="17.722404"></trkpt>
      <trkpt lat="50.653412" lon="17.718157"></trkpt>
      <trkpt lat="50.656032" lon="17.713005"></trkpt>
      <trkpt lat="50.65741" lon="17.709795"></trkpt>
      <trkpt lat="50.658594" lon="17.706646"></trkpt>
      <trkpt lat="50.659766" lon="17.70304"></trkpt>
      <trkpt lat="50.666041" lon="17.681872"></trkpt>
      <trkpt lat="50.669491" lon="17.671655"></trkpt>
      <trkpt lat="50.67306" lon="17.66268"></trkpt>
      <trkpt lat="50.675526" lon="17.657146"></trkpt>
      <trkpt lat="50.677213" lon="17.653643"></trkpt>
      <trkpt lat="50.680375" lon="17.647566"></trkpt>
      <trkpt lat="50.682328" lon="17.644085"></trkpt>
      <trkpt lat="50.686429" lon="17.637422"></trkpt>
      <trkpt lat="50.688757" lon="17.633966"></trkpt>
      <trkpt lat="50.692718" lon="17.628537"></trkpt>
      <trkpt lat="50.695516" lon="17.625049"></trkpt>
      <trkpt lat="50.69735" lon="17.622862"></trkpt>
      <trkpt lat="50.703322" lon="17.616194"></trkpt>
      <trkpt lat="50.704899" lon="17.613911"></trkpt>
      <trkpt lat="50.706489" lon="17.610945"></trkpt>
      <trkpt lat="50.707166" lon="17.609388"></trkpt>
      <trkpt lat="50.708176" lon="17.606522"></trkpt>
      <trkpt lat="50.709212" lon="17.602311"></trkpt>
      <trkpt lat="50.717766" lon="17.553141"></trkpt>
      <trkpt lat="50.719174" lon="17.545774"></trkpt>
      <trkpt lat="50.722798" lon="17.528361"></trkpt>
      <trkpt lat="50.724392" lon="17.522305"></trkpt>
      <trkpt lat="50.7262" lon="17.516823"></trkpt>
      <trkpt lat="50.727502" lon="17.513543"></trkpt>
      <trkpt lat="50.732626" lon="17.50165"></trkpt>
      <trkpt lat="50.733699" lon="17.49866"></trkpt>
      <trkpt lat="50.734543" lon="17.495725"></trkpt>
      <trkpt lat="50.735392" lon="17.492068"></trkpt>
      <trkpt lat="50.735984" lon="17.488551"></trkpt>
      <trkpt lat="50.736984" lon="17.479329"></trkpt>
      <trkpt lat="50.737641" lon="17.474721"></trkpt>
      <trkpt lat="50.738737" lon="17.46922"></trkpt>
      <trkpt lat="50.739659" lon="17.465645"></trkpt>
      <trkpt lat="50.740909" lon="17.461702"></trkpt>
      <trkpt lat="50.741887" lon="17.459086"></trkpt>
      <trkpt lat="50.743755" lon="17.454883"></trkpt>
      <trkpt lat="50.756583" lon="17.430943"></trkpt>
      <trkpt lat="50.766141" lon="17.411056"></trkpt>
      <trkpt lat="50.767162" lon="17.408469"></trkpt>
      <trkpt lat="50.768436" lon="17.403864"></trkpt>
      <trkpt lat="50.768892" lon="17.40134"></trkpt>
      <trkpt lat="50.769156" lon="17.39891"></trkpt>
      <trkpt lat="50.769641" lon="17.39044"></trkpt>
      <trkpt lat="50.770022" lon="17.386155"></trkpt>
      <trkpt lat="50.770565" lon="17.381971"></trkpt>
      <trkpt lat="50.771672" lon="17.375904"></trkpt>
      <trkpt lat="50.772931" lon="17.370602"></trkpt>
      <trkpt lat="50.774872" lon="17.364285"></trkpt>
      <trkpt lat="50.777113" lon="17.358507"></trkpt>
      <trkpt lat="50.778554" lon="17.355379"></trkpt>
      <trkpt lat="50.780254" lon="17.352019"></trkpt>
      <trkpt lat="50.790562" lon="17.33347"></trkpt>
      <trkpt lat="50.79242" lon="17.330706"></trkpt>
      <trkpt lat="50.793256" lon="17.329674"></trkpt>
      <trkpt lat="50.794581" lon="17.32832"></trkpt>
      <trkpt lat="50.812562" lon="17.311867"></trkpt>
      <trkpt lat="50.815764" lon="17.30868"></trkpt>
      <trkpt lat="50.817521" lon="17.30668"></trkpt>
      <trkpt lat="50.819717" lon="17.303907"></trkpt>
      <trkpt lat="50.83254" lon="17.287221"></trkpt>
      <trkpt lat="50.833834" lon="17.285295"></trkpt>
      <trkpt lat="50.834754" lon="17.283665"></trkpt>
      <trkpt lat="50.835761" lon="17.281501"></trkpt>
      <trkpt lat="50.837271" lon="17.277319"></trkpt>
      <trkpt lat="50.83984" lon="17.266855"></trkpt>
      <trkpt lat="50.84086" lon="17.263464"></trkpt>
      <trkpt lat="50.841829" lon="17.261021"></trkpt>
      <trkpt lat="50.845219" lon="17.253334"></trkpt>
      <trkpt lat="50.846004" lon="17.251026"></trkpt>
      <trkpt lat="50.84943" lon="17.239587"></trkpt>
      <trkpt lat="50.850635" lon="17.236307"></trkpt>
      <trkpt lat="50.852183" lon="17.233246"></trkpt>
      <trkpt lat="50.853712" lon="17.230857"></trkpt>
      <trkpt lat="50.855154" lon="17.229081"></trkpt>
      <trkpt lat="50.86892" lon="17.215018"></trkpt>
      <trkpt lat="50.872228" lon="17.211263"></trkpt>
      <trkpt lat="50.892691" lon="17.184428"></trkpt>
      <trkpt lat="50.894666" lon="17.181599"></trkpt>
      <trkpt lat="50.896245" lon="17.179071"></trkpt>
      <trkpt lat="50.89802" lon="17.175907"></trkpt>
      <trkpt lat="50.915084" lon="17.14394"></trkpt>
      <trkpt lat="50.935477" lon="17.111104"></trkpt>
      <trkpt lat="50.936554" lon="17.109244"></trkpt>
      <trkpt lat="50.944951" lon="17.093358"></trkpt>
      <trkpt lat="50.946769" lon="17.09035"></trkpt>
      <trkpt lat="50.948548" lon="17.087726"></trkpt>
      <trkpt lat="50.961887" lon="17.070183"></trkpt>
      <trkpt lat="50.963744" lon="17.06817"></trkpt>
      <trkpt lat="50.964916" lon="17.067161"></trkpt>
      <trkpt lat="50.966677" lon="17.065963"></trkpt>
      <trkpt lat="50.968576" lon="17.065039"></trkpt>
      <trkpt lat="50.983993" lon="17.058944"></trkpt>
      <trkpt lat="50.985122" lon="17.058362"></trkpt>
      <trkpt lat="50.986653" lon="17.057332"></trkpt>
      <trkpt lat="50.987808" lon="17.056384"></trkpt>
      <trkpt lat="50.989097" lon="17.055095"></trkpt>
      <trkpt lat="50.990795" lon="17.052996"></trkpt>
      <trkpt lat="51.003036" lon="17.036298"></trkpt>
      <trkpt lat="51.005578" lon="17.03319"></trkpt>
      <trkpt lat="51.008368" lon="17.030378"></trkpt>
      <trkpt lat="51.016112" lon="17.024005"></trkpt>
      <trkpt lat="51.018629" lon="17.021423"></trkpt>
      <trkpt lat="51.02082" lon="17.018767"></trkpt>
      <trkpt lat="51.031094" lon="17.004153"></trkpt>
      <trkpt lat="51.033922" lon="16.999895"></trkpt>
      <trkpt lat="51.044768" lon="16.98417"></trkpt>
      <trkpt lat="51.046474" lon="16.98126"></trkpt>
      <trkpt lat="51.047883" lon="16.978075"></trkpt>
      <trkpt lat="51.049159" lon="16.974024"></trkpt>
      <trkpt lat="51.050043" lon="16.969513"></trkpt>
      <trkpt lat="51.050427" lon="16.96542"></trkpt>
      <trkpt lat="51.050396" lon="16.96061"></trkpt>
      <trkpt lat="51.050109" lon="16.957561"></trkpt>
      <trkpt lat="51.049494" lon="16.953999"></trkpt>
      <trkpt lat="51.04084" lon="16.917265"></trkpt>
      <trkpt lat="51.039954" lon="16.912358"></trkpt>
      <trkpt lat="51.039299" lon="16.907403"></trkpt>
      <trkpt lat="51.035485" lon="16.866709"></trkpt>
      <trkpt lat="51.03512" lon="16.86151"></trkpt>
      <trkpt lat="51.034986" lon="16.855892"></trkpt>
      <trkpt lat="51.035096" lon="16.812381"></trkpt>
      <trkpt lat="51.034991" lon="16.809684"></trkpt>
      <trkpt lat="51.034745" lon="16.8072"></trkpt>
      <trkpt lat="51.034224" lon="16.804032"></trkpt>
      <trkpt lat="51.033739" lon="16.801941"></trkpt>
      <trkpt lat="51.032948" lon="16.799289"></trkpt>
      <trkpt lat="51.032187" lon="16.797253"></trkpt>
      <trkpt lat="51.030558" lon="16.79387"></trkpt>
      <trkpt lat="51.026433" lon="16.786857"></trkpt>
      <trkpt lat="51.025532" lon="16.785004"></trkpt>
      <trkpt lat="51.02455" lon="16.782506"></trkpt>
      <trkpt lat="51.023344" lon="16.778266"></trkpt>
      <trkpt lat="51.02278" lon="16.775238"></trkpt>
      <trkpt lat="51.02245" lon="16.772563"></trkpt>
      <trkpt lat="51.020129" lon="16.746028"></trkpt>
      <trkpt lat="51.019778" lon="16.740372"></trkpt>
      <trkpt lat="51.019388" lon="16.69792"></trkpt>
      <trkpt lat="51.019522" lon="16.694035"></trkpt>
      <trkpt lat="51.019897" lon="16.690789"></trkpt>
      <trkpt lat="51.020967" lon="16.685881"></trkpt>
      <trkpt lat="51.026556" lon="16.666175"></trkpt>
      <trkpt lat="51.028041" lon="16.660533"></trkpt>
      <trkpt lat="51.029267" lon="16.654482"></trkpt>
      <trkpt lat="51.034812" lon="16.624258"></trkpt>
      <trkpt lat="51.045769" lon="16.584524"></trkpt>
      <trkpt lat="51.047067" lon="16.578538"></trkpt>
      <trkpt lat="51.051177" lon="16.557099"></trkpt>
      <trkpt lat="51.062584" lon="16.511285"></trkpt>
      <trkpt lat="51.063186" lon="16.507707"></trkpt>
      <trkpt lat="51.066543" lon="16.480709"></trkpt>
      <trkpt lat="51.067004" lon="16.477867"></trkpt>
      <trkpt lat="51.067938" lon="16.474168"></trkpt>
      <trkpt lat="51.074366" lon="16.456056"></trkpt>
      <trkpt lat="51.082885" lon="16.426374"></trkpt>
      <trkpt lat="51.083992" lon="16.423166"></trkpt>
      <trkpt lat="51.085056" lon="16.420771"></trkpt>
      <trkpt lat="51.085955" lon="16.419117"></trkpt>
      <trkpt lat="51.087433" lon="16.416862"></trkpt>
      <trkpt lat="51.090875" lon="16.412203"></trkpt>
      <trkpt lat="51.092751" lon="16.410022"></trkpt>
      <trkpt lat="51.093937" lon="16.408935"></trkpt>
      <trkpt lat="51.095351" lon="16.407876"></trkpt>
      <trkpt lat="51.100331" lon="16.405019"></trkpt>
      <trkpt lat="51.102224" lon="16.403678"></trkpt>
      <trkpt lat="51.106885" lon="16.399179"></trkpt>
      <trkpt lat="51.108811" lon="16.396881"></trkpt>
      <trkpt lat="51.110241" lon="16.3947"></trkpt>
      <trkpt lat="51.111336" lon="16.392638"></trkpt>
      <trkpt lat="51.12247" lon="16.37008"></trkpt>
      <trkpt lat="51.12378" lon="16.367054"></trkpt>
      <trkpt lat="51.124858" lon="16.36368"></trkpt>
      <trkpt lat="51.126676" lon="16.356437"></trkpt>
      <trkpt lat="51.127249" lon="16.353716"></trkpt>
      <trkpt lat="51.127634" lon="16.351004"></trkpt>
      <trkpt lat="51.127859" lon="16.348195"></trkpt>
      <trkpt lat="51.129632" lon="16.313776"></trkpt>
      <trkpt lat="51.130268" lon="16.309263"></trkpt>
      <trkpt lat="51.131127" lon="16.305742"></trkpt>
      <trkpt lat="51.132459" lon="16.301953"></trkpt>
      <trkpt lat="51.143599" lon="16.273953"></trkpt>
      <trkpt lat="51.143824" lon="16.273561"></trkpt>
      <trkpt lat="51.143994" lon="16.273492"></trkpt>
      <trkpt lat="51.144545" lon="16.273981"></trkpt>
      <trkpt lat="51.14471" lon="16.274328"></trkpt>
      <trkpt lat="51.146397" lon="16.272987"></trkpt>
      <trkpt lat="51.147684" lon="16.272177"></trkpt>
      <trkpt lat="51.148162" lon="16.27168"></trkpt>
      <trkpt lat="51.151239" lon="16.267277"></trkpt>
      <trkpt lat="51.152324" lon="16.266768"></trkpt>
      <trkpt lat="51.152322" lon="16.266425"></trkpt>
      <trkpt lat="51.151966" lon="16.265179"></trkpt>
      <trkpt lat="51.150861" lon="16.262149"></trkpt>
      <trkpt lat="51.14986" lon="16.258982"></trkpt>
      <trkpt lat="51.149377" lon="16.256405"></trkpt>
      <trkpt lat="51.148496" lon="16.254901"></trkpt>
      <trkpt lat="51.146447" lon="16.248999"></trkpt>
      <trkpt lat="51.145083" lon="16.246187"></trkpt>
      <trkpt lat="51.144252" lon="16.242795"></trkpt>
      <trkpt lat="51.147078" lon="16.240896"></trkpt>
      <trkpt lat="51.14755" lon="16.240749"></trkpt>
      <trkpt lat="51.149794" lon="16.240571"></trkpt>
      <trkpt lat="51.150408" lon="16.240412"></trkpt>
      <trkpt lat="51.152384" lon="16.23896"></trkpt>
      <trkpt lat="51.154919" lon="16.235605"></trkpt>
      <trkpt lat="51.155513" lon="16.234571"></trkpt>
      <trkpt lat="51.156073" lon="16.232751"></trkpt>
      <trkpt lat="51.156229" lon="16.230982"></trkpt>
      <trkpt lat="51.156027" lon="16.231043"></trkpt>
      <trkpt lat="51.156229" lon="16.230982"></trkpt>
      <trkpt lat="51.156132" lon="16.232369"></trkpt>
      <trkpt lat="51.155907" lon="16.233504"></trkpt>
      <trkpt lat="51.155101" lon="16.235336"></trkpt>
      <trkpt lat="51.152384" lon="16.23896"></trkpt>
      <trkpt lat="51.150801" lon="16.240187"></trkpt>
      <trkpt lat="51.150109" lon="16.240516"></trkpt>
      <trkpt lat="51.150154" lon="16.240748"></trkpt>
      <trkpt lat="51.151055" lon="16.241616"></trkpt>
      <trkpt lat="51.151161" lon="16.242076"></trkpt>
      <trkpt lat="51.151118" lon="16.24276"></trkpt>
      <trkpt lat="51.148264" lon="16.259797"></trkpt>
      <trkpt lat="51.147454" lon="16.263355"></trkpt>
      <trkpt lat="51.146281" lon="16.266868"></trkpt>
      <trkpt lat="51.132364" lon="16.301855"></trkpt>
      <trkpt lat="51.131266" lon="16.304895"></trkpt>
      <trkpt lat="51.130463" lon="16.307817"></trkpt>
      <trkpt lat="51.129804" lon="16.311324"></trkpt>
      <trkpt lat="51.129421" lon="16.315226"></trkpt>
      <trkpt lat="51.127751" lon="16.348117"></trkpt>
      <trkpt lat="51.12753" lon="16.35096"></trkpt>
      <trkpt lat="51.12714" lon="16.353663"></trkpt>
      <trkpt lat="51.126569" lon="16.356351"></trkpt>
      <trkpt lat="51.124756" lon="16.363612"></trkpt>
      <trkpt lat="51.12369" lon="16.366971"></trkpt>
      <trkpt lat="51.122388" lon="16.369958"></trkpt>
      <trkpt lat="51.11125" lon="16.392534"></trkpt>
      <trkpt lat="51.110149" lon="16.394601"></trkpt>
      <trkpt lat="51.108731" lon="16.396772"></trkpt>
      <trkpt lat="51.106831" lon="16.399032"></trkpt>
      <trkpt lat="51.10218" lon="16.403517"></trkpt>
      <trkpt lat="51.100292" lon="16.404853"></trkpt>
      <trkpt lat="51.095682" lon="16.407463"></trkpt>
      <trkpt lat="51.093891" lon="16.408779"></trkpt>
      <trkpt lat="51.092705" lon="16.409864"></trkpt>
      <trkpt lat="51.090803" lon="16.412069"></trkpt>
      <trkpt lat="51.087355" lon="16.41673"></trkpt>
      <trkpt lat="51.085993" lon="16.418795"></trkpt>
      <trkpt lat="51.084895" lon="16.420789"></trkpt>
      <trkpt lat="51.083583" lon="16.423901"></trkpt>
      <trkpt lat="51.082792" lon="16.426295"></trkpt>
      <trkpt lat="51.074277" lon="16.455953"></trkpt>
      <trkpt lat="51.067838" lon="16.474083"></trkpt>
      <trkpt lat="51.0669" lon="16.477811"></trkpt>
      <trkpt lat="51.066439" lon="16.480669"></trkpt>
      <trkpt lat="51.063082" lon="16.507653"></trkpt>
      <trkpt lat="51.062486" lon="16.511204"></trkpt>
      <trkpt lat="51.051077" lon="16.557042"></trkpt>
      <trkpt lat="51.046544" lon="16.580644"></trkpt>
      <trkpt lat="51.045666" lon="16.58446"></trkpt>
      <trkpt lat="51.034709" lon="16.624184"></trkpt>
      <trkpt lat="51.028287" lon="16.658946"></trkpt>
      <trkpt lat="51.027275" lon="16.663153"></trkpt>
      <trkpt lat="51.020588" lon="16.686879"></trkpt>
      <trkpt lat="51.01979" lon="16.690746"></trkpt>
      <trkpt lat="51.019408" lon="16.694028"></trkpt>
      <trkpt lat="51.01928" lon="16.697942"></trkpt>
      <trkpt lat="51.01967" lon="16.740378"></trkpt>
      <trkpt lat="51.020022" lon="16.746052"></trkpt>
      <trkpt lat="51.022387" lon="16.772983"></trkpt>
      <trkpt lat="51.0228" lon="16.77609"></trkpt>
      <trkpt lat="51.023221" lon="16.778256"></trkpt>
      <trkpt lat="51.024452" lon="16.782586"></trkpt>
      <trkpt lat="51.025206" lon="16.784564"></trkpt>
      <trkpt lat="51.026348" lon="16.786985"></trkpt>
      <trkpt lat="51.030474" lon="16.79399"></trkpt>
      <trkpt lat="51.032078" lon="16.797314"></trkpt>
      <trkpt lat="51.032847" lon="16.799364"></trkpt>
      <trkpt lat="51.033635" lon="16.802004"></trkpt>
      <trkpt lat="51.034515" lon="16.806362"></trkpt>
      <trkpt lat="51.034865" lon="16.809492"></trkpt>
      <trkpt lat="51.034984" lon="16.81238"></trkpt>
      <trkpt lat="51.034876" lon="16.855509"></trkpt>
      <trkpt lat="51.03512" lon="16.863504"></trkpt>
      <trkpt lat="51.039183" lon="16.907427"></trkpt>
      <trkpt lat="51.039844" lon="16.912398"></trkpt>
      <trkpt lat="51.040464" lon="16.915953"></trkpt>
      <trkpt lat="51.042322" lon="16.924203"></trkpt>
      <trkpt lat="51.042802" lon="16.927086"></trkpt>
      <trkpt lat="51.043695" lon="16.931011"></trkpt>
      <trkpt lat="51.043718" lon="16.931968"></trkpt>
      <trkpt lat="51.043367" lon="16.93421"></trkpt>
      <trkpt lat="51.043569" lon="16.935586"></trkpt>
      <trkpt lat="51.043975" lon="16.936574"></trkpt>
      <trkpt lat="51.044468" lon="16.937248"></trkpt>
      <trkpt lat="51.044959" lon="16.937556"></trkpt>
      <trkpt lat="51.045482" lon="16.937599"></trkpt>
      <trkpt lat="51.045966" lon="16.937399"></trkpt>
      <trkpt lat="51.046454" lon="16.936909"></trkpt>
      <trkpt lat="51.047163" lon="16.935259"></trkpt>
      <trkpt lat="51.047651" lon="16.934522"></trkpt>
      <trkpt lat="51.048237" lon="16.933995"></trkpt>
      <trkpt lat="51.049353" lon="16.933492"></trkpt>
      <trkpt lat="51.065462" lon="16.929303"></trkpt>
      <trkpt lat="51.066276" lon="16.929369"></trkpt>
      <trkpt lat="51.066964" lon="16.929882"></trkpt>
      <trkpt lat="51.067533" lon="16.931109"></trkpt>
      <trkpt lat="51.06854" lon="16.934437"></trkpt>
      <trkpt lat="51.068542" lon="16.935"></trkpt>
      <trkpt lat="51.06838" lon="16.935509"></trkpt>
      <trkpt lat="51.068138" lon="16.935773"></trkpt>
      <trkpt lat="51.068169" lon="16.936096"></trkpt>
      <trkpt lat="51.068445" lon="16.936208"></trkpt>
      <trkpt lat="51.069598" lon="16.937305"></trkpt>
      <trkpt lat="51.072488" lon="16.939636"></trkpt>
      <trkpt lat="51.073517" lon="16.941166"></trkpt>
      <trkpt lat="51.074899" lon="16.944154"></trkpt>
      <trkpt lat="51.077005" lon="16.951555"></trkpt>
      <trkpt lat="51.078812" lon="16.957111"></trkpt>
      <trkpt lat="51.07881" lon="16.957564"></trkpt>
      <trkpt lat="51.077948" lon="16.960228"></trkpt>
      <trkpt lat="51.077303" lon="16.963336"></trkpt>
      <trkpt lat="51.087815" lon="16.975515"></trkpt>
      <trkpt lat="51.088651" lon="16.976155"></trkpt>
      <trkpt lat="51.092915" lon="16.978091"></trkpt>
      <trkpt lat="51.093838" lon="16.978571"></trkpt>
      <trkpt lat="51.094103" lon="16.978837"></trkpt>
      <trkpt lat="51.094375" lon="16.979531"></trkpt>
      <trkpt lat="51.094875" lon="16.981997"></trkpt>
      <trkpt lat="51.09718" lon="16.990155"></trkpt>
      <trkpt lat="51.098355" lon="16.995745"></trkpt>
      <trkpt lat="51.097412" lon="16.996116"></trkpt>
      <trkpt lat="51.097543" lon="16.997401"></trkpt>
      <trkpt lat="51.097372" lon="16.997477"></trkpt>
      <trkpt lat="51.097388" lon="16.997646"></trkpt>
      <trkpt lat="51.097269" lon="16.997741"></trkpt>
      <trkpt lat="51.097388" lon="16.997646"></trkpt>
      <trkpt lat="51.097372" lon="16.997477"></trkpt>
      <trkpt lat="51.097543" lon="16.997401"></trkpt>
      <trkpt lat="51.097412" lon="16.996116"></trkpt>
      <trkpt lat="51.098355" lon="16.995745"></trkpt>
      <trkpt lat="51.09718" lon="16.990155"></trkpt>
      <trkpt lat="51.09517" lon="16.982816"></trkpt>
      <trkpt lat="51.094552" lon="16.979221"></trkpt>
      <trkpt lat="51.094222" lon="16.978583"></trkpt>
      <trkpt lat="51.092841" lon="16.977759"></trkpt>
      <trkpt lat="51.092384" lon="16.977864"></trkpt>
      <trkpt lat="51.08895" lon="16.976307"></trkpt>
      <trkpt lat="51.087815" lon="16.975515"></trkpt>
      <trkpt lat="51.078283" lon="16.964462"></trkpt>
      <trkpt lat="51.077323" lon="16.963176"></trkpt>
      <trkpt lat="51.077948" lon="16.960228"></trkpt>
      <trkpt lat="51.07881" lon="16.957564"></trkpt>
      <trkpt lat="51.078753" lon="16.956756"></trkpt>
      <trkpt lat="51.077005" lon="16.951555"></trkpt>
      <trkpt lat="51.074899" lon="16.944154"></trkpt>
      <trkpt lat="51.073728" lon="16.941579"></trkpt>
      <trkpt lat="51.072422" lon="16.939564"></trkpt>
      <trkpt lat="51.069192" lon="16.936957"></trkpt>
      <trkpt lat="51.068517" lon="16.936068"></trkpt>
      <trkpt lat="51.068455" lon="16.935739"></trkpt>
      <trkpt lat="51.068654" lon="16.934886"></trkpt>
      <trkpt lat="51.068629" lon="16.934383"></trkpt>
      <trkpt lat="51.066576" lon="16.927684"></trkpt>
      <trkpt lat="51.066351" lon="16.927209"></trkpt>
      <trkpt lat="51.065959" lon="16.926985"></trkpt>
      <trkpt lat="51.065604" lon="16.927153"></trkpt>
      <trkpt lat="51.06489" lon="16.928787"></trkpt>
      <trkpt lat="51.064146" lon="16.929408"></trkpt>
      <trkpt lat="51.050008" lon="16.933096"></trkpt>
      <trkpt lat="51.047902" lon="16.933427"></trkpt>
      <trkpt lat="51.047192" lon="16.933182"></trkpt>
      <trkpt lat="51.046631" lon="16.932745"></trkpt>
      <trkpt lat="51.044124" lon="16.929819"></trkpt>
      <trkpt lat="51.042474" lon="16.924346"></trkpt>
      <trkpt lat="51.040581" lon="16.915956"></trkpt>
      <trkpt lat="51.039468" lon="16.908884"></trkpt>
      <trkpt lat="51.035223" lon="16.863306"></trkpt>
      <trkpt lat="51.034986" lon="16.855892"></trkpt>
      <trkpt lat="51.035096" lon="16.812381"></trkpt>
      <trkpt lat="51.034991" lon="16.809684"></trkpt>
      <trkpt lat="51.034745" lon="16.8072"></trkpt>
      <trkpt lat="51.034224" lon="16.804032"></trkpt>
      <trkpt lat="51.033739" lon="16.801941"></trkpt>
      <trkpt lat="51.032948" lon="16.799289"></trkpt>
      <trkpt lat="51.032187" lon="16.797253"></trkpt>
      <trkpt lat="51.030558" lon="16.79387"></trkpt>
      <trkpt lat="51.026433" lon="16.786857"></trkpt>
      <trkpt lat="51.025532" lon="16.785004"></trkpt>
      <trkpt lat="51.02455" lon="16.782506"></trkpt>
      <trkpt lat="51.023344" lon="16.778266"></trkpt>
      <trkpt lat="51.02278" lon="16.775238"></trkpt>
      <trkpt lat="51.02245" lon="16.772563"></trkpt>
      <trkpt lat="51.020129" lon="16.746028"></trkpt>
      <trkpt lat="51.019778" lon="16.740372"></trkpt>
      <trkpt lat="51.019388" lon="16.69792"></trkpt>
      <trkpt lat="51.019522" lon="16.694035"></trkpt>
      <trkpt lat="51.020035" lon="16.689977"></trkpt>
      <trkpt lat="51.020967" lon="16.685881"></trkpt>
      <trkpt lat="51.026556" lon="16.666175"></trkpt>
      <trkpt lat="51.028041" lon="16.660533"></trkpt>
      <trkpt lat="51.029267" lon="16.654482"></trkpt>
      <trkpt lat="51.034812" lon="16.624258"></trkpt>
      <trkpt lat="51.045769" lon="16.584524"></trkpt>
      <trkpt lat="51.047067" lon="16.578538"></trkpt>
      <trkpt lat="51.051177" lon="16.557099"></trkpt>
      <trkpt lat="51.062584" lon="16.511285"></trkpt>
      <trkpt lat="51.063186" lon="16.507707"></trkpt>
      <trkpt lat="51.066543" lon="16.480709"></trkpt>
      <trkpt lat="51.067314" lon="16.476464"></trkpt>
      <trkpt lat="51.068337" lon="16.47294"></trkpt>
      <trkpt lat="51.074366" lon="16.456056"></trkpt>
      <trkpt lat="51.083348" lon="16.424888"></trkpt>
      <trkpt lat="51.085056" lon="16.420771"></trkpt>
      <trkpt lat="51.086428" lon="16.418349"></trkpt>
      <trkpt lat="51.090875" lon="16.412203"></trkpt>
      <trkpt lat="51.092194" lon="16.410595"></trkpt>
      <trkpt lat="51.093937" lon="16.408935"></trkpt>
      <trkpt lat="51.095351" lon="16.407876"></trkpt>
      <trkpt lat="51.100331" lon="16.405019"></trkpt>
      <trkpt lat="51.101601" lon="16.404167"></trkpt>
      <trkpt lat="51.102826" lon="16.403166"></trkpt>
      <trkpt lat="51.107844" lon="16.398127"></trkpt>
      <trkpt lat="51.109746" lon="16.395516"></trkpt>
      <trkpt lat="51.111336" lon="16.392638"></trkpt>
      <trkpt lat="51.123342" lon="16.368153"></trkpt>
      <trkpt lat="51.124173" lon="16.365944"></trkpt>
      <trkpt lat="51.124858" lon="16.36368"></trkpt>
      <trkpt lat="51.126676" lon="16.356437"></trkpt>
      <trkpt lat="51.127249" lon="16.353716"></trkpt>
      <trkpt lat="51.127762" lon="16.349674"></trkpt>
      <trkpt lat="51.129531" lon="16.31524"></trkpt>
      <trkpt lat="51.129756" lon="16.312578"></trkpt>
      <trkpt lat="51.130268" lon="16.309263"></trkpt>
      <trkpt lat="51.130904" lon="16.30654"></trkpt>
      <trkpt lat="51.131876" lon="16.303475"></trkpt>
      <trkpt lat="51.145947" lon="16.268041"></trkpt>
      <trkpt lat="51.147173" lon="16.264681"></trkpt>
      <trkpt lat="51.147856" lon="16.262264"></trkpt>
      <trkpt lat="51.14859" lon="16.258592"></trkpt>
      <trkpt lat="51.15973" lon="16.192"></trkpt>
      <trkpt lat="51.160246" lon="16.188321"></trkpt>
      <trkpt lat="51.160425" lon="16.185816"></trkpt>
      <trkpt lat="51.162006" lon="16.133631"></trkpt>
      <trkpt lat="51.162241" lon="16.130126"></trkpt>
      <trkpt lat="51.162765" lon="16.126665"></trkpt>
      <trkpt lat="51.175296" lon="16.05871"></trkpt>
      <trkpt lat="51.175906" lon="16.055652"></trkpt>
      <trkpt lat="51.176498" lon="16.053346"></trkpt>
      <trkpt lat="51.177701" lon="16.049888"></trkpt>
      <trkpt lat="51.178802" lon="16.047483"></trkpt>
      <trkpt lat="51.179527" lon="16.046165"></trkpt>
      <trkpt lat="51.196533" lon="16.017373"></trkpt>
      <trkpt lat="51.197745" lon="16.014666"></trkpt>
      <trkpt lat="51.20241" lon="16.002151"></trkpt>
      <trkpt lat="51.204025" lon="15.99903"></trkpt>
      <trkpt lat="51.204765" lon="15.997847"></trkpt>
      <trkpt lat="51.206662" lon="15.995403"></trkpt>
      <trkpt lat="51.214081" lon="15.987922"></trkpt>
      <trkpt lat="51.215865" lon="15.985857"></trkpt>
      <trkpt lat="51.216848" lon="15.984478"></trkpt>
      <trkpt lat="51.218685" lon="15.981209"></trkpt>
      <trkpt lat="51.224143" lon="15.968762"></trkpt>
      <trkpt lat="51.225251" lon="15.965177"></trkpt>
      <trkpt lat="51.226115" lon="15.960746"></trkpt>
      <trkpt lat="51.230318" lon="15.926032"></trkpt>
      <trkpt lat="51.231194" lon="15.921328"></trkpt>
      <trkpt lat="51.231997" lon="15.918525"></trkpt>
      <trkpt lat="51.246117" lon="15.876533"></trkpt>
      <trkpt lat="51.256483" lon="15.837324"></trkpt>
      <trkpt lat="51.257317" lon="15.835039"></trkpt>
      <trkpt lat="51.271791" lon="15.799513"></trkpt>
      <trkpt lat="51.273832" lon="15.794898"></trkpt>
      <trkpt lat="51.276593" lon="15.789682"></trkpt>
      <trkpt lat="51.288925" lon="15.769442"></trkpt>
      <trkpt lat="51.291199" lon="15.764991"></trkpt>
      <trkpt lat="51.29363" lon="15.759296"></trkpt>
      <trkpt lat="51.295798" lon="15.75288"></trkpt>
      <trkpt lat="51.297011" lon="15.748479"></trkpt>
      <trkpt lat="51.297817" lon="15.744997"></trkpt>
      <trkpt lat="51.308359" lon="15.689073"></trkpt>
      <trkpt lat="51.309452" lon="15.684433"></trkpt>
      <trkpt lat="51.310452" lon="15.681522"></trkpt>
      <trkpt lat="51.31144" lon="15.679264"></trkpt>
      <trkpt lat="51.321206" lon="15.659223"></trkpt>
      <trkpt lat="51.322255" lon="15.657372"></trkpt>
      <trkpt lat="51.325613" lon="15.652854"></trkpt>
      <trkpt lat="51.326912" lon="15.650739"></trkpt>
      <trkpt lat="51.327591" lon="15.649155"></trkpt>
      <trkpt lat="51.328164" lon="15.647057"></trkpt>
      <trkpt lat="51.32845" lon="15.645517"></trkpt>
      <trkpt lat="51.328633" lon="15.643554"></trkpt>
      <trkpt lat="51.328637" lon="15.641767"></trkpt>
      <trkpt lat="51.328335" lon="15.638953"></trkpt>
      <trkpt lat="51.324767" lon="15.620746"></trkpt>
      <trkpt lat="51.323162" lon="15.613286"></trkpt>
      <trkpt lat="51.321954" lon="15.60866"></trkpt>
      <trkpt lat="51.320747" lon="15.604674"></trkpt>
      <trkpt lat="51.314405" lon="15.586201"></trkpt>
      <trkpt lat="51.313678" lon="15.583562"></trkpt>
      <trkpt lat="51.313043" lon="15.580335"></trkpt>
      <trkpt lat="51.311386" lon="15.566912"></trkpt>
      <trkpt lat="51.311038" lon="15.563232"></trkpt>
      <trkpt lat="51.310987" lon="15.56001"></trkpt>
      <trkpt lat="51.31155" lon="15.54954"></trkpt>
      <trkpt lat="51.311583" lon="15.54535"></trkpt>
      <trkpt lat="51.311138" lon="15.540802"></trkpt>
      <trkpt lat="51.310222" lon="15.536546"></trkpt>
      <trkpt lat="51.305178" lon="15.519228"></trkpt>
      <trkpt lat="51.304141" lon="15.516055"></trkpt>
      <trkpt lat="51.30285" lon="15.512614"></trkpt>
      <trkpt lat="51.300465" lon="15.507457"></trkpt>
      <trkpt lat="51.289062" lon="15.486031"></trkpt>
      <trkpt lat="51.286834" lon="15.481255"></trkpt>
      <trkpt lat="51.285636" lon="15.478161"></trkpt>
      <trkpt lat="51.270174" lon="15.435255"></trkpt>
      <trkpt lat="51.269142" lon="15.431822"></trkpt>
      <trkpt lat="51.268594" lon="15.429053"></trkpt>
      <trkpt lat="51.268316" lon="15.426745"></trkpt>
      <trkpt lat="51.268189" lon="15.424427"></trkpt>
      <trkpt lat="51.268219" lon="15.421905"></trkpt>
      <trkpt lat="51.268525" lon="15.418523"></trkpt>
      <trkpt lat="51.270439" lon="15.403379"></trkpt>
      <trkpt lat="51.270717" lon="15.399707"></trkpt>
      <trkpt lat="51.270787" lon="15.395314"></trkpt>
      <trkpt lat="51.270544" lon="15.390532"></trkpt>
      <trkpt lat="51.270086" lon="15.386568"></trkpt>
      <trkpt lat="51.269298" lon="15.382262"></trkpt>
      <trkpt lat="51.268435" lon="15.378798"></trkpt>
      <trkpt lat="51.267328" lon="15.375295"></trkpt>
      <trkpt lat="51.266103" lon="15.372152"></trkpt>
      <trkpt lat="51.264742" lon="15.369233"></trkpt>
      <trkpt lat="51.26281" lon="15.365834"></trkpt>
      <trkpt lat="51.260922" lon="15.363078"></trkpt>
      <trkpt lat="51.240896" lon="15.335904"></trkpt>
      <trkpt lat="51.23782" lon="15.331177"></trkpt>
      <trkpt lat="51.235945" lon="15.327676"></trkpt>
      <trkpt lat="51.234657" lon="15.32489"></trkpt>
      <trkpt lat="51.23308" lon="15.320921"></trkpt>
      <trkpt lat="51.231907" lon="15.31743"></trkpt>
      <trkpt lat="51.220998" lon="15.281178"></trkpt>
      <trkpt lat="51.219486" lon="15.275217"></trkpt>
      <trkpt lat="51.218501" lon="15.270203"></trkpt>
      <trkpt lat="51.217581" lon="15.263662"></trkpt>
      <trkpt lat="51.217036" lon="15.256704"></trkpt>
      <trkpt lat="51.216896" lon="15.251946"></trkpt>
      <trkpt lat="51.216658" lon="15.221072"></trkpt>
      <trkpt lat="51.216432" lon="15.216945"></trkpt>
      <trkpt lat="51.216102" lon="15.213925"></trkpt>
      <trkpt lat="51.2156" lon="15.210714"></trkpt>
      <trkpt lat="51.214403" lon="15.204756"></trkpt>
      <trkpt lat="51.200015" lon="15.135165"></trkpt>
      <trkpt lat="51.19825" lon="15.128975"></trkpt>
      <trkpt lat="51.197039" lon="15.12569"></trkpt>
      <trkpt lat="51.195779" lon="15.1228"></trkpt>
      <trkpt lat="51.172365" lon="15.074904"></trkpt>
      <trkpt lat="51.171441" lon="15.072505"></trkpt>
      <trkpt lat="51.17075" lon="15.070067"></trkpt>
      <trkpt lat="51.17032" lon="15.067859"></trkpt>
      <trkpt lat="51.169987" lon="15.065117"></trkpt>
      <trkpt lat="51.169888" lon="15.062629"></trkpt>
      <trkpt lat="51.170006" lon="15.059529"></trkpt>
      <trkpt lat="51.172004" lon="15.034564"></trkpt>
      <trkpt lat="51.172569" lon="15.030558"></trkpt>
      <trkpt lat="51.173059" lon="15.028345"></trkpt>
      <trkpt lat="51.173722" lon="15.026037"></trkpt>
      <trkpt lat="51.174809" lon="15.023137"></trkpt>
      <trkpt lat="51.181104" lon="15.008031"></trkpt>
      <trkpt lat="51.182737" lon="15.003548"></trkpt>
      <trkpt lat="51.1843" lon="14.998414"></trkpt>
      <trkpt lat="51.185183" lon="14.995888"></trkpt>
      <trkpt lat="51.185399" lon="14.995496"></trkpt>
      <trkpt lat="51.185737" lon="14.995226"></trkpt>
      <trkpt lat="51.186461" lon="14.992479"></trkpt>
      <trkpt lat="51.186231" lon="14.991698"></trkpt>
      <trkpt lat="51.186327" lon="14.990842"></trkpt>
      <trkpt lat="51.187512" lon="14.987262"></trkpt>
      <trkpt lat="51.198767" lon="14.961094"></trkpt>
      <trkpt lat="51.200922" lon="14.956591"></trkpt>
      <trkpt lat="51.203596" lon="14.951676"></trkpt>
      <trkpt lat="51.215098" lon="14.933345"></trkpt>
      <trkpt lat="51.217649" lon="14.928687"></trkpt>
      <trkpt lat="51.219179" lon="14.925356"></trkpt>
      <trkpt lat="51.220315" lon="14.922395"></trkpt>
      <trkpt lat="51.221109" lon="14.919888"></trkpt>
      <trkpt lat="51.222349" lon="14.914645"></trkpt>
      <trkpt lat="51.223094" lon="14.909248"></trkpt>
      <trkpt lat="51.223345" lon="14.903618"></trkpt>
      <trkpt lat="51.223171" lon="14.899028"></trkpt>
      <trkpt lat="51.222797" lon="14.895407"></trkpt>
      <trkpt lat="51.222048" lon="14.891204"></trkpt>
      <trkpt lat="51.220353" lon="14.8838"></trkpt>
      <trkpt lat="51.219803" lon="14.879788"></trkpt>
      <trkpt lat="51.219546" lon="14.874424"></trkpt>
      <trkpt lat="51.219514" lon="14.862487"></trkpt>
      <trkpt lat="51.219072" lon="14.855362"></trkpt>
      <trkpt lat="51.218738" lon="14.852707"></trkpt>
      <trkpt lat="51.216248" lon="14.83905"></trkpt>
      <trkpt lat="51.215395" lon="14.832119"></trkpt>
      <trkpt lat="51.215013" lon="14.825141"></trkpt>
      <trkpt lat="51.215037" lon="14.818043"></trkpt>
      <trkpt lat="51.214907" lon="14.811763"></trkpt>
      <trkpt lat="51.214496" lon="14.807747"></trkpt>
      <trkpt lat="51.21377" lon="14.803977"></trkpt>
      <trkpt lat="51.212889" lon="14.800872"></trkpt>
      <trkpt lat="51.211701" lon="14.797707"></trkpt>
      <trkpt lat="51.20769" lon="14.788529"></trkpt>
      <trkpt lat="51.205861" lon="14.783053"></trkpt>
      <trkpt lat="51.204908" lon="14.77924"></trkpt>
      <trkpt lat="51.20404" lon="14.774501"></trkpt>
      <trkpt lat="51.203512" lon="14.769861"></trkpt>
      <trkpt lat="51.203324" lon="14.766835"></trkpt>
      <trkpt lat="51.203293" lon="14.761447"></trkpt>
      <trkpt lat="51.203525" lon="14.757392"></trkpt>
      <trkpt lat="51.204255" lon="14.751383"></trkpt>
      <trkpt lat="51.205144" lon="14.746482"></trkpt>
      <trkpt lat="51.206535" lon="14.740745"></trkpt>
      <trkpt lat="51.207991" lon="14.736008"></trkpt>
      <trkpt lat="51.209699" lon="14.731467"></trkpt>
      <trkpt lat="51.211648" lon="14.726944"></trkpt>
      <trkpt lat="51.212662" lon="14.724012"></trkpt>
      <trkpt lat="51.213391" lon="14.720308"></trkpt>
      <trkpt lat="51.213579" lon="14.717446"></trkpt>
      <trkpt lat="51.21336" lon="14.713374"></trkpt>
      <trkpt lat="51.212697" lon="14.709232"></trkpt>
      <trkpt lat="51.206651" lon="14.681636"></trkpt>
      <trkpt lat="51.206189" lon="14.678726"></trkpt>
      <trkpt lat="51.205914" lon="14.674696"></trkpt>
      <trkpt lat="51.206965" lon="14.64751"></trkpt>
      <trkpt lat="51.207439" lon="14.644605"></trkpt>
      <trkpt lat="51.210478" lon="14.631089"></trkpt>
      <trkpt lat="51.211003" lon="14.627434"></trkpt>
      <trkpt lat="51.211128" lon="14.625044"></trkpt>
      <trkpt lat="51.211075" lon="14.622766"></trkpt>
      <trkpt lat="51.210791" lon="14.619936"></trkpt>
      <trkpt lat="51.208748" lon="14.604447"></trkpt>
      <trkpt lat="51.208401" lon="14.599343"></trkpt>
      <trkpt lat="51.208338" lon="14.595034"></trkpt>
      <trkpt lat="51.208539" lon="14.589938"></trkpt>
      <trkpt lat="51.208937" lon="14.58569"></trkpt>
      <trkpt lat="51.2096" lon="14.58114"></trkpt>
      <trkpt lat="51.211108" lon="14.573082"></trkpt>
      <trkpt lat="51.211391" lon="14.571007"></trkpt>
      <trkpt lat="51.21159" lon="14.568135"></trkpt>
      <trkpt lat="51.211582" lon="14.565352"></trkpt>
      <trkpt lat="51.210406" lon="14.548274"></trkpt>
      <trkpt lat="51.209695" lon="14.544021"></trkpt>
      <trkpt lat="51.206954" lon="14.529884"></trkpt>
      <trkpt lat="51.206589" lon="14.527323"></trkpt>
      <trkpt lat="51.206379" lon="14.524346"></trkpt>
      <trkpt lat="51.206369" lon="14.522379"></trkpt>
      <trkpt lat="51.206541" lon="14.519125"></trkpt>
      <trkpt lat="51.207875" lon="14.503884"></trkpt>
      <trkpt lat="51.207954" lon="14.501407"></trkpt>
      <trkpt lat="51.207852" lon="14.498444"></trkpt>
      <trkpt lat="51.207675" lon="14.496552"></trkpt>
      <trkpt lat="51.207243" lon="14.493796"></trkpt>
      <trkpt lat="51.206621" lon="14.491092"></trkpt>
      <trkpt lat="51.20592" lon="14.48885"></trkpt>
      <trkpt lat="51.204429" lon="14.485316"></trkpt>
      <trkpt lat="51.198674" lon="14.474472"></trkpt>
      <trkpt lat="51.197539" lon="14.472075"></trkpt>
      <trkpt lat="51.19644" lon="14.468846"></trkpt>
      <trkpt lat="51.195972" lon="14.46683"></trkpt>
      <trkpt lat="51.195658" lon="14.464829"></trkpt>
      <trkpt lat="51.195433" lon="14.460853"></trkpt>
      <trkpt lat="51.195622" lon="14.457639"></trkpt>
      <trkpt lat="51.196834" lon="14.449801"></trkpt>
      <trkpt lat="51.19764" lon="14.443141"></trkpt>
      <trkpt lat="51.198347" lon="14.433918"></trkpt>
      <trkpt lat="51.198324" lon="14.430878"></trkpt>
      <trkpt lat="51.197889" lon="14.42787"></trkpt>
      <trkpt lat="51.197375" lon="14.425964"></trkpt>
      <trkpt lat="51.196221" lon="14.423252"></trkpt>
      <trkpt lat="51.190059" lon="14.413891"></trkpt>
      <trkpt lat="51.188853" lon="14.411458"></trkpt>
      <trkpt lat="51.188206" lon="14.409442"></trkpt>
      <trkpt lat="51.186671" lon="14.403248"></trkpt>
      <trkpt lat="51.18625" lon="14.400672"></trkpt>
      <trkpt lat="51.186141" lon="14.3989"></trkpt>
      <trkpt lat="51.186172" lon="14.397122"></trkpt>
      <trkpt lat="51.186409" lon="14.394923"></trkpt>
      <trkpt lat="51.188183" lon="14.384966"></trkpt>
      <trkpt lat="51.188341" lon="14.382595"></trkpt>
      <trkpt lat="51.18846" lon="14.37648"></trkpt>
      <trkpt lat="51.188694" lon="14.374047"></trkpt>
      <trkpt lat="51.188992" lon="14.372239"></trkpt>
      <trkpt lat="51.18964" lon="14.369569"></trkpt>
      <trkpt lat="51.196082" lon="14.347307"></trkpt>
      <trkpt lat="51.199395" lon="14.328277"></trkpt>
      <trkpt lat="51.200012" lon="14.32565"></trkpt>
      <trkpt lat="51.202182" lon="14.31845"></trkpt>
      <trkpt lat="51.202708" lon="14.316083"></trkpt>
      <trkpt lat="51.203188" lon="14.312938"></trkpt>
      <trkpt lat="51.20346" lon="14.309076"></trkpt>
      <trkpt lat="51.203417" lon="14.305554"></trkpt>
      <trkpt lat="51.20318" lon="14.30268"></trkpt>
      <trkpt lat="51.201781" lon="14.290265"></trkpt>
      <trkpt lat="51.201626" lon="14.286167"></trkpt>
      <trkpt lat="51.201895" lon="14.281599"></trkpt>
      <trkpt lat="51.203935" lon="14.260369"></trkpt>
      <trkpt lat="51.204063" lon="14.258076"></trkpt>
      <trkpt lat="51.203958" lon="14.254448"></trkpt>
      <trkpt lat="51.203655" lon="14.251971"></trkpt>
      <trkpt lat="51.203178" lon="14.249594"></trkpt>
      <trkpt lat="51.200264" lon="14.238627"></trkpt>
      <trkpt lat="51.199836" lon="14.236502"></trkpt>
      <trkpt lat="51.197033" lon="14.210934"></trkpt>
      <trkpt lat="51.196389" lon="14.207727"></trkpt>
      <trkpt lat="51.193957" lon="14.199263"></trkpt>
      <trkpt lat="51.191329" lon="14.191892"></trkpt>
      <trkpt lat="51.190715" lon="14.189573"></trkpt>
      <trkpt lat="51.189322" lon="14.182748"></trkpt>
      <trkpt lat="51.188732" lon="14.180725"></trkpt>
      <trkpt lat="51.187762" lon="14.178297"></trkpt>
      <trkpt lat="51.184712" lon="14.172233"></trkpt>
      <trkpt lat="51.18364" lon="14.169"></trkpt>
      <trkpt lat="51.183177" lon="14.166625"></trkpt>
      <trkpt lat="51.181292" lon="14.151541"></trkpt>
      <trkpt lat="51.180729" lon="14.148944"></trkpt>
      <trkpt lat="51.180231" lon="14.147553"></trkpt>
      <trkpt lat="51.179535" lon="14.146147"></trkpt>
      <trkpt lat="51.176732" lon="14.142314"></trkpt>
      <trkpt lat="51.176146" lon="14.141286"></trkpt>
      <trkpt lat="51.175433" lon="14.139606"></trkpt>
      <trkpt lat="51.174964" lon="14.137857"></trkpt>
      <trkpt lat="51.1747" lon="14.13621"></trkpt>
      <trkpt lat="51.174306" lon="14.13059"></trkpt>
      <trkpt lat="51.173485" lon="14.125768"></trkpt>
      <trkpt lat="51.173339" lon="14.122377"></trkpt>
      <trkpt lat="51.174175" lon="14.110575"></trkpt>
      <trkpt lat="51.174491" lon="14.108754"></trkpt>
      <trkpt lat="51.17566" lon="14.103621"></trkpt>
      <trkpt lat="51.176027" lon="14.101348"></trkpt>
      <trkpt lat="51.17612" lon="14.099168"></trkpt>
      <trkpt lat="51.175949" lon="14.096988"></trkpt>
      <trkpt lat="51.175384" lon="14.094432"></trkpt>
      <trkpt lat="51.172768" lon="14.087269"></trkpt>
      <trkpt lat="51.172178" lon="14.084947"></trkpt>
      <trkpt lat="51.169564" lon="14.065622"></trkpt>
      <trkpt lat="51.168808" lon="14.061982"></trkpt>
      <trkpt lat="51.168369" lon="14.060565"></trkpt>
      <trkpt lat="51.161691" lon="14.043388"></trkpt>
      <trkpt lat="51.16108" lon="14.041552"></trkpt>
      <trkpt lat="51.160575" lon="14.039428"></trkpt>
      <trkpt lat="51.160072" lon="14.036132"></trkpt>
      <trkpt lat="51.159474" lon="14.028187"></trkpt>
      <trkpt lat="51.159082" lon="14.025531"></trkpt>
      <trkpt lat="51.158549" lon="14.023109"></trkpt>
      <trkpt lat="51.156216" lon="14.015276"></trkpt>
      <trkpt lat="51.155469" lon="14.011734"></trkpt>
      <trkpt lat="51.155214" lon="14.009475"></trkpt>
      <trkpt lat="51.154268" lon="13.995272"></trkpt>
      <trkpt lat="51.154209" lon="13.992673"></trkpt>
      <trkpt lat="51.154299" lon="13.990084"></trkpt>
      <trkpt lat="51.154592" lon="13.987116"></trkpt>
      <trkpt lat="51.155105" lon="13.984099"></trkpt>
      <trkpt lat="51.155545" lon="13.982221"></trkpt>
      <trkpt lat="51.15978" lon="13.967458"></trkpt>
      <trkpt lat="51.16031" lon="13.965165"></trkpt>
      <trkpt lat="51.160503" lon="13.963726"></trkpt>
      <trkpt lat="51.160608" lon="13.960996"></trkpt>
      <trkpt lat="51.15993" lon="13.935528"></trkpt>
      <trkpt lat="51.160022" lon="13.933569"></trkpt>
      <trkpt lat="51.16031" lon="13.931505"></trkpt>
      <trkpt lat="51.160772" lon="13.929586"></trkpt>
      <trkpt lat="51.161208" lon="13.928288"></trkpt>
      <trkpt lat="51.162309" lon="13.925962"></trkpt>
      <trkpt lat="51.163377" lon="13.924409"></trkpt>
      <trkpt lat="51.167147" lon="13.919917"></trkpt>
      <trkpt lat="51.168507" lon="13.917745"></trkpt>
      <trkpt lat="51.169213" lon="13.916127"></trkpt>
      <trkpt lat="51.169757" lon="13.914446"></trkpt>
      <trkpt lat="51.170341" lon="13.911463"></trkpt>
      <trkpt lat="51.170498" lon="13.909337"></trkpt>
      <trkpt lat="51.171766" lon="13.867043"></trkpt>
      <trkpt lat="51.171944" lon="13.851553"></trkpt>
      <trkpt lat="51.171141" lon="13.832516"></trkpt>
      <trkpt lat="51.171306" lon="13.828556"></trkpt>
      <trkpt lat="51.172252" lon="13.82003"></trkpt>
      <trkpt lat="51.172292" lon="13.81733"></trkpt>
      <trkpt lat="51.172072" lon="13.814572"></trkpt>
      <trkpt lat="51.171748" lon="13.812591"></trkpt>
      <trkpt lat="51.171155" lon="13.810228"></trkpt>
      <trkpt lat="51.170291" lon="13.80784"></trkpt>
      <trkpt lat="51.16933" lon="13.805877"></trkpt>
      <trkpt lat="51.162574" lon="13.795124"></trkpt>
      <trkpt lat="51.156316" lon="13.784693"></trkpt>
      <trkpt lat="51.149323" lon="13.774033"></trkpt>
      <trkpt lat="51.144027" lon="13.763262"></trkpt>
      <trkpt lat="51.142323" lon="13.760578"></trkpt>
      <trkpt lat="51.138124" lon="13.75446"></trkpt>
      <trkpt lat="51.136915" lon="13.752925"></trkpt>
      <trkpt lat="51.135848" lon="13.751809"></trkpt>
      <trkpt lat="51.13468" lon="13.750885"></trkpt>
      <trkpt lat="51.133792" lon="13.75035"></trkpt>
      <trkpt lat="51.131709" lon="13.749556"></trkpt>
      <trkpt lat="51.120993" lon="13.746298"></trkpt>
      <trkpt lat="51.119711" lon="13.745818"></trkpt>
      <trkpt lat="51.116225" lon="13.744083"></trkpt>
      <trkpt lat="51.113763" lon="13.742655"></trkpt>
      <trkpt lat="51.112266" lon="13.741506"></trkpt>
      <trkpt lat="51.110861" lon="13.740027"></trkpt>
      <trkpt lat="51.109856" lon="13.738635"></trkpt>
      <trkpt lat="51.10757" lon="13.734356"></trkpt>
      <trkpt lat="51.105783" lon="13.730636"></trkpt>
      <trkpt lat="51.104805" lon="13.728117"></trkpt>
      <trkpt lat="51.10343" lon="13.723406"></trkpt>
      <trkpt lat="51.099465" lon="13.706335"></trkpt>
      <trkpt lat="51.098333" lon="13.7031"></trkpt>
      <trkpt lat="51.097134" lon="13.700707"></trkpt>
      <trkpt lat="51.095923" lon="13.698789"></trkpt>
      <trkpt lat="51.094551" lon="13.696984"></trkpt>
      <trkpt lat="51.093054" lon="13.695379"></trkpt>
      <trkpt lat="51.091518" lon="13.694048"></trkpt>
      <trkpt lat="51.089001" lon="13.692385"></trkpt>
      <trkpt lat="51.082318" lon="13.689021"></trkpt>
      <trkpt lat="51.080719" lon="13.687816"></trkpt>
      <trkpt lat="51.078213" lon="13.684889"></trkpt>
      <trkpt lat="51.076344" lon="13.682236"></trkpt>
      <trkpt lat="51.075125" lon="13.679563"></trkpt>
      <trkpt lat="51.074408" lon="13.677268"></trkpt>
      <trkpt lat="51.072322" lon="13.667242"></trkpt>
      <trkpt lat="51.071971" lon="13.664865"></trkpt>
      <trkpt lat="51.071844" lon="13.662745"></trkpt>
      <trkpt lat="51.071561" lon="13.648423"></trkpt>
      <trkpt lat="51.071254" lon="13.644283"></trkpt>
      <trkpt lat="51.070812" lon="13.640695"></trkpt>
      <trkpt lat="51.069392" lon="13.633338"></trkpt>
      <trkpt lat="51.063625" lon="13.608605"></trkpt>
      <trkpt lat="51.063078" lon="13.605257"></trkpt>
      <trkpt lat="51.06273" lon="13.601447"></trkpt>
      <trkpt lat="51.061977" lon="13.577053"></trkpt>
      <trkpt lat="51.061841" lon="13.564691"></trkpt>
      <trkpt lat="51.060555" lon="13.521904"></trkpt>
      <trkpt lat="51.060624" lon="13.518594"></trkpt>
      <trkpt lat="51.061208" lon="13.510944"></trkpt>
      <trkpt lat="51.061209" lon="13.507337"></trkpt>
      <trkpt lat="51.060923" lon="13.503478"></trkpt>
      <trkpt lat="51.059906" lon="13.493954"></trkpt>
      <trkpt lat="51.059534" lon="13.487997"></trkpt>
      <trkpt lat="51.059401" lon="13.483438"></trkpt>
      <trkpt lat="51.059516" lon="13.47468"></trkpt>
      <trkpt lat="51.060683" lon="13.455469"></trkpt>
      <trkpt lat="51.06073" lon="13.452924"></trkpt>
      <trkpt lat="51.060603" lon="13.450619"></trkpt>
      <trkpt lat="51.060304" lon="13.448332"></trkpt>
      <trkpt lat="51.059977" lon="13.446672"></trkpt>
      <trkpt lat="51.058465" lon="13.440923"></trkpt>
      <trkpt lat="51.058085" lon="13.438552"></trkpt>
      <trkpt lat="51.057869" lon="13.435518"></trkpt>
      <trkpt lat="51.057978" lon="13.432059"></trkpt>
      <trkpt lat="51.058319" lon="13.429476"></trkpt>
      <trkpt lat="51.058794" lon="13.427275"></trkpt>
      <trkpt lat="51.060491" lon="13.421144"></trkpt>
      <trkpt lat="51.060882" lon="13.41866"></trkpt>
      <trkpt lat="51.061027" lon="13.41595"></trkpt>
      <trkpt lat="51.060939" lon="13.413331"></trkpt>
      <trkpt lat="51.060627" lon="13.409909"></trkpt>
      <trkpt lat="51.058918" lon="13.398834"></trkpt>
      <trkpt lat="51.058622" lon="13.395624"></trkpt>
      <trkpt lat="51.058581" lon="13.3915"></trkpt>
      <trkpt lat="51.058965" lon="13.38474"></trkpt>
      <trkpt lat="51.058883" lon="13.382103"></trkpt>
      <trkpt lat="51.058668" lon="13.380195"></trkpt>
      <trkpt lat="51.058056" lon="13.377175"></trkpt>
      <trkpt lat="51.057207" lon="13.374554"></trkpt>
      <trkpt lat="51.052258" lon="13.363039"></trkpt>
      <trkpt lat="51.051075" lon="13.359766"></trkpt>
      <trkpt lat="51.050288" lon="13.356347"></trkpt>
      <trkpt lat="51.048464" lon="13.34458"></trkpt>
      <trkpt lat="51.048075" lon="13.342819"></trkpt>
      <trkpt lat="51.047482" lon="13.34094"></trkpt>
      <trkpt lat="51.046761" lon="13.339242"></trkpt>
      <trkpt lat="51.045881" lon="13.337623"></trkpt>
      <trkpt lat="51.042051" lon="13.332764"></trkpt>
      <trkpt lat="51.040838" lon="13.330917"></trkpt>
      <trkpt lat="51.039821" lon="13.328881"></trkpt>
      <trkpt lat="51.038689" lon="13.325529"></trkpt>
      <trkpt lat="51.038271" lon="13.32374"></trkpt>
      <trkpt lat="51.037803" lon="13.320719"></trkpt>
      <trkpt lat="51.035614" lon="13.29759"></trkpt>
      <trkpt lat="51.035292" lon="13.29547"></trkpt>
      <trkpt lat="51.034187" lon="13.290426"></trkpt>
      <trkpt lat="51.03381" lon="13.287804"></trkpt>
      <trkpt lat="51.033642" lon="13.285017"></trkpt>
      <trkpt lat="51.033574" lon="13.280842"></trkpt>
      <trkpt lat="51.033392" lon="13.278707"></trkpt>
      <trkpt lat="51.032878" lon="13.276077"></trkpt>
      <trkpt lat="51.032237" lon="13.27402"></trkpt>
      <trkpt lat="51.031358" lon="13.271964"></trkpt>
      <trkpt lat="51.030336" lon="13.270134"></trkpt>
      <trkpt lat="51.029339" lon="13.26874"></trkpt>
      <trkpt lat="51.026589" lon="13.26554"></trkpt>
      <trkpt lat="51.02517" lon="13.263405"></trkpt>
      <trkpt lat="51.00629" lon="13.230975"></trkpt>
      <trkpt lat="51.005409" lon="13.229225"></trkpt>
      <trkpt lat="51.004229" lon="13.226441"></trkpt>
      <trkpt lat="51.003259" lon="13.223606"></trkpt>
      <trkpt lat="51.002652" lon="13.221419"></trkpt>
      <trkpt lat="51.002133" lon="13.219151"></trkpt>
      <trkpt lat="51.001584" lon="13.215925"></trkpt>
      <trkpt lat="51.00132" lon="13.213577"></trkpt>
      <trkpt lat="51.001135" lon="13.2102"></trkpt>
      <trkpt lat="51.001597" lon="13.190315"></trkpt>
      <trkpt lat="51.001616" lon="13.178933"></trkpt>
      <trkpt lat="51.002063" lon="13.17165"></trkpt>
      <trkpt lat="51.001927" lon="13.168575"></trkpt>
      <trkpt lat="51.001369" lon="13.165135"></trkpt>
      <trkpt lat="50.997717" lon="13.151189"></trkpt>
      <trkpt lat="50.993039" lon="13.136458"></trkpt>
      <trkpt lat="50.992272" lon="13.133664"></trkpt>
      <trkpt lat="50.99186" lon="13.131226"></trkpt>
      <trkpt lat="50.991691" lon="13.129444"></trkpt>
      <trkpt lat="50.991507" lon="13.11822"></trkpt>
      <trkpt lat="50.99124" lon="13.112979"></trkpt>
      <trkpt lat="50.990562" lon="13.108925"></trkpt>
      <trkpt lat="50.989878" lon="13.106522"></trkpt>
      <trkpt lat="50.989233" lon="13.104796"></trkpt>
      <trkpt lat="50.988391" lon="13.102988"></trkpt>
      <trkpt lat="50.9874" lon="13.101291"></trkpt>
      <trkpt lat="50.986519" lon="13.100049"></trkpt>
      <trkpt lat="50.985017" lon="13.098262"></trkpt>
      <trkpt lat="50.964072" lon="13.076555"></trkpt>
      <trkpt lat="50.959972" lon="13.07252"></trkpt>
      <trkpt lat="50.958471" lon="13.07136"></trkpt>
      <trkpt lat="50.956897" lon="13.070354"></trkpt>
      <trkpt lat="50.945874" lon="13.064552"></trkpt>
      <trkpt lat="50.94451" lon="13.063909"></trkpt>
      <trkpt lat="50.93758" lon="13.061243"></trkpt>
      <trkpt lat="50.934813" lon="13.059732"></trkpt>
      <trkpt lat="50.932662" lon="13.058052"></trkpt>
      <trkpt lat="50.930487" lon="13.055816"></trkpt>
      <trkpt lat="50.928572" lon="13.053275"></trkpt>
      <trkpt lat="50.926833" lon="13.050349"></trkpt>
      <trkpt lat="50.921328" lon="13.038792"></trkpt>
      <trkpt lat="50.92014" lon="13.036006"></trkpt>
      <trkpt lat="50.918888" lon="13.032282"></trkpt>
      <trkpt lat="50.91519" lon="13.019691"></trkpt>
      <trkpt lat="50.914666" lon="13.017287"></trkpt>
      <trkpt lat="50.91423" lon="13.01417"></trkpt>
      <trkpt lat="50.913477" lon="12.999572"></trkpt>
      <trkpt lat="50.912954" lon="12.994878"></trkpt>
      <trkpt lat="50.911778" lon="12.98816"></trkpt>
      <trkpt lat="50.910468" lon="12.982047"></trkpt>
      <trkpt lat="50.909077" lon="12.976631"></trkpt>
      <trkpt lat="50.908067" lon="12.973407"></trkpt>
      <trkpt lat="50.906976" lon="12.970731"></trkpt>
      <trkpt lat="50.905744" lon="12.968347"></trkpt>
      <trkpt lat="50.904629" lon="12.966566"></trkpt>
      <trkpt lat="50.901584" lon="12.962199"></trkpt>
      <trkpt lat="50.899754" lon="12.958823"></trkpt>
      <trkpt lat="50.892229" lon="12.939943"></trkpt>
      <trkpt lat="50.890928" lon="12.937084"></trkpt>
      <trkpt lat="50.889861" lon="12.935204"></trkpt>
      <trkpt lat="50.888551" lon="12.933308"></trkpt>
      <trkpt lat="50.884994" lon="12.929112"></trkpt>
      <trkpt lat="50.883437" lon="12.926999"></trkpt>
      <trkpt lat="50.877813" lon="12.917065"></trkpt>
      <trkpt lat="50.876519" lon="12.914382"></trkpt>
      <trkpt lat="50.875076" lon="12.910821"></trkpt>
      <trkpt lat="50.873616" lon="12.906188"></trkpt>
      <trkpt lat="50.868289" lon="12.883782"></trkpt>
      <trkpt lat="50.86719" lon="12.880202"></trkpt>
      <trkpt lat="50.86568" lon="12.876606"></trkpt>
      <trkpt lat="50.863913" lon="12.873234"></trkpt>
      <trkpt lat="50.862279" lon="12.870668"></trkpt>
      <trkpt lat="50.857189" lon="12.8635"></trkpt>
      <trkpt lat="50.856165" lon="12.861817"></trkpt>
      <trkpt lat="50.85523" lon="12.85996"></trkpt>
      <trkpt lat="50.85411" lon="12.857256"></trkpt>
      <trkpt lat="50.853332" lon="12.85468"></trkpt>
      <trkpt lat="50.853011" lon="12.853318"></trkpt>
      <trkpt lat="50.852863" lon="12.850306"></trkpt>
      <trkpt lat="50.852677" lon="12.848914"></trkpt>
      <trkpt lat="50.85225" lon="12.847508"></trkpt>
      <trkpt lat="50.851473" lon="12.846071"></trkpt>
      <trkpt lat="50.850925" lon="12.845445"></trkpt>
      <trkpt lat="50.850027" lon="12.844742"></trkpt>
      <trkpt lat="50.84908" lon="12.844291"></trkpt>
      <trkpt lat="50.848101" lon="12.844103"></trkpt>
      <trkpt lat="50.847053" lon="12.844207"></trkpt>
      <trkpt lat="50.845084" lon="12.844826"></trkpt>
      <trkpt lat="50.842741" lon="12.845382"></trkpt>
      <trkpt lat="50.833365" lon="12.846135"></trkpt>
      <trkpt lat="50.832248" lon="12.846498"></trkpt>
      <trkpt lat="50.831033" lon="12.847173"></trkpt>
      <trkpt lat="50.821546" lon="12.854722"></trkpt>
      <trkpt lat="50.814549" lon="12.858286"></trkpt>
      <trkpt lat="50.812849" lon="12.858683"></trkpt>
      <trkpt lat="50.808325" lon="12.858981"></trkpt>
      <trkpt lat="50.807022" lon="12.858951"></trkpt>
      <trkpt lat="50.805741" lon="12.85873"></trkpt>
      <trkpt lat="50.804648" lon="12.858379"></trkpt>
      <trkpt lat="50.802596" lon="12.857297"></trkpt>
      <trkpt lat="50.801469" lon="12.856436"></trkpt>
      <trkpt lat="50.800353" lon="12.855366"></trkpt>
      <trkpt lat="50.796194" lon="12.850827"></trkpt>
      <trkpt lat="50.794888" lon="12.848973"></trkpt>
      <trkpt lat="50.793845" lon="12.846751"></trkpt>
      <trkpt lat="50.792249" lon="12.841986"></trkpt>
      <trkpt lat="50.791108" lon="12.839303"></trkpt>
      <trkpt lat="50.787303" lon="12.832085"></trkpt>
      <trkpt lat="50.785976" lon="12.830064"></trkpt>
      <trkpt lat="50.784428" lon="12.828157"></trkpt>
      <trkpt lat="50.770149" lon="12.814607"></trkpt>
      <trkpt lat="50.768473" lon="12.813281"></trkpt>
      <trkpt lat="50.758728" lon="12.80648"></trkpt>
      <trkpt lat="50.756498" lon="12.804651"></trkpt>
      <trkpt lat="50.74853" lon="12.796085"></trkpt>
      <trkpt lat="50.747062" lon="12.793935"></trkpt>
      <trkpt lat="50.744817" lon="12.789764"></trkpt>
      <trkpt lat="50.743594" lon="12.787812"></trkpt>
      <trkpt lat="50.741771" lon="12.785457"></trkpt>
      <trkpt lat="50.739868" lon="12.783548"></trkpt>
      <trkpt lat="50.737728" lon="12.781923"></trkpt>
      <trkpt lat="50.735846" lon="12.780888"></trkpt>
      <trkpt lat="50.73381" lon="12.780134"></trkpt>
      <trkpt lat="50.728654" lon="12.778987"></trkpt>
      <trkpt lat="50.727061" lon="12.778175"></trkpt>
      <trkpt lat="50.72611" lon="12.777416"></trkpt>
      <trkpt lat="50.725289" lon="12.776574"></trkpt>
      <trkpt lat="50.724158" lon="12.775"></trkpt>
      <trkpt lat="50.719358" lon="12.766564"></trkpt>
      <trkpt lat="50.714531" lon="12.760219"></trkpt>
      <trkpt lat="50.713446" lon="12.75916"></trkpt>
      <trkpt lat="50.712342" lon="12.758384"></trkpt>
      <trkpt lat="50.708258" lon="12.756678"></trkpt>
      <trkpt lat="50.706606" lon="12.75549"></trkpt>
      <trkpt lat="50.705916" lon="12.754795"></trkpt>
      <trkpt lat="50.70241" lon="12.750384"></trkpt>
      <trkpt lat="50.701016" lon="12.748168"></trkpt>
      <trkpt lat="50.700124" lon="12.746033"></trkpt>
      <trkpt lat="50.695973" lon="12.733164"></trkpt>
      <trkpt lat="50.6926" lon="12.720148"></trkpt>
      <trkpt lat="50.691703" lon="12.715381"></trkpt>
      <trkpt lat="50.691461" lon="12.712974"></trkpt>
      <trkpt lat="50.691339" lon="12.709976"></trkpt>
      <trkpt lat="50.691722" lon="12.697048"></trkpt>
      <trkpt lat="50.691679" lon="12.695065"></trkpt>
      <trkpt lat="50.691378" lon="12.692599"></trkpt>
      <trkpt lat="50.689776" lon="12.685612"></trkpt>
      <trkpt lat="50.689498" lon="12.683021"></trkpt>
      <trkpt lat="50.689608" lon="12.680022"></trkpt>
      <trkpt lat="50.690795" lon="12.673763"></trkpt>
      <trkpt lat="50.691021" lon="12.671381"></trkpt>
      <trkpt lat="50.690933" lon="12.669"></trkpt>
      <trkpt lat="50.689918" lon="12.659329"></trkpt>
      <trkpt lat="50.689261" lon="12.65696"></trkpt>
      <trkpt lat="50.688248" lon="12.654826"></trkpt>
      <trkpt lat="50.687349" lon="12.653559"></trkpt>
      <trkpt lat="50.68472" lon="12.650415"></trkpt>
      <trkpt lat="50.683624" lon="12.648671"></trkpt>
      <trkpt lat="50.682661" lon="12.646139"></trkpt>
      <trkpt lat="50.682298" lon="12.644455"></trkpt>
      <trkpt lat="50.68213" lon="12.643034"></trkpt>
      <trkpt lat="50.682084" lon="12.641373"></trkpt>
      <trkpt lat="50.682264" lon="12.635639"></trkpt>
      <trkpt lat="50.682533" lon="12.63299"></trkpt>
      <trkpt lat="50.685698" lon="12.618299"></trkpt>
      <trkpt lat="50.686381" lon="12.615984"></trkpt>
      <trkpt lat="50.687914" lon="12.61175"></trkpt>
      <trkpt lat="50.688347" lon="12.609999"></trkpt>
      <trkpt lat="50.688627" lon="12.608005"></trkpt>
      <trkpt lat="50.688702" lon="12.606191"></trkpt>
      <trkpt lat="50.688613" lon="12.604293"></trkpt>
      <trkpt lat="50.6884" lon="12.602749"></trkpt>
      <trkpt lat="50.687721" lon="12.60011"></trkpt>
      <trkpt lat="50.676686" lon="12.569725"></trkpt>
      <trkpt lat="50.675761" lon="12.566538"></trkpt>
      <trkpt lat="50.675284" lon="12.563344"></trkpt>
      <trkpt lat="50.675232" lon="12.559573"></trkpt>
      <trkpt lat="50.676559" lon="12.548607"></trkpt>
      <trkpt lat="50.676637" lon="12.546031"></trkpt>
      <trkpt lat="50.676383" lon="12.543661"></trkpt>
      <trkpt lat="50.675044" lon="12.536857"></trkpt>
      <trkpt lat="50.674576" lon="12.53505"></trkpt>
      <trkpt lat="50.674074" lon="12.533738"></trkpt>
      <trkpt lat="50.673144" lon="12.531894"></trkpt>
      <trkpt lat="50.668785" lon="12.523699"></trkpt>
      <trkpt lat="50.665797" lon="12.518794"></trkpt>
      <trkpt lat="50.663428" lon="12.513675"></trkpt>
      <trkpt lat="50.653096" lon="12.498682"></trkpt>
      <trkpt lat="50.651697" lon="12.495945"></trkpt>
      <trkpt lat="50.650857" lon="12.493466"></trkpt>
      <trkpt lat="50.648895" lon="12.484847"></trkpt>
      <trkpt lat="50.648423" lon="12.481417"></trkpt>
      <trkpt lat="50.648462" lon="12.478376"></trkpt>
      <trkpt lat="50.649223" lon="12.470246"></trkpt>
      <trkpt lat="50.649112" lon="12.467032"></trkpt>
      <trkpt lat="50.648293" lon="12.461253"></trkpt>
      <trkpt lat="50.64789" lon="12.459145"></trkpt>
      <trkpt lat="50.647129" lon="12.456343"></trkpt>
      <trkpt lat="50.646335" lon="12.454147"></trkpt>
      <trkpt lat="50.644886" lon="12.451147"></trkpt>
      <trkpt lat="50.640912" lon="12.444647"></trkpt>
      <trkpt lat="50.639815" lon="12.442676"></trkpt>
      <trkpt lat="50.638904" lon="12.440653"></trkpt>
      <trkpt lat="50.636936" lon="12.435671"></trkpt>
      <trkpt lat="50.635601" lon="12.432964"></trkpt>
      <trkpt lat="50.628836" lon="12.422326"></trkpt>
      <trkpt lat="50.627401" lon="12.420519"></trkpt>
      <trkpt lat="50.626248" lon="12.419316"></trkpt>
      <trkpt lat="50.611035" lon="12.404972"></trkpt>
      <trkpt lat="50.609709" lon="12.403353"></trkpt>
      <trkpt lat="50.608339" lon="12.400897"></trkpt>
      <trkpt lat="50.607742" lon="12.399383"></trkpt>
      <trkpt lat="50.60714" lon="12.3973"></trkpt>
      <trkpt lat="50.606738" lon="12.395041"></trkpt>
      <trkpt lat="50.606551" lon="12.392748"></trkpt>
      <trkpt lat="50.606721" lon="12.389053"></trkpt>
      <trkpt lat="50.607664" lon="12.382574"></trkpt>
      <trkpt lat="50.607806" lon="12.380737"></trkpt>
      <trkpt lat="50.607696" lon="12.377937"></trkpt>
      <trkpt lat="50.607121" lon="12.374948"></trkpt>
      <trkpt lat="50.606427" lon="12.372977"></trkpt>
      <trkpt lat="50.605629" lon="12.371398"></trkpt>
      <trkpt lat="50.601165" lon="12.36515"></trkpt>
      <trkpt lat="50.600392" lon="12.363803"></trkpt>
      <trkpt lat="50.599771" lon="12.362414"></trkpt>
      <trkpt lat="50.599048" lon="12.360145"></trkpt>
      <trkpt lat="50.598592" lon="12.357766"></trkpt>
      <trkpt lat="50.597723" lon="12.346152"></trkpt>
      <trkpt lat="50.597352" lon="12.343931"></trkpt>
      <trkpt lat="50.596782" lon="12.341905"></trkpt>
      <trkpt lat="50.593425" lon="12.332505"></trkpt>
      <trkpt lat="50.592572" lon="12.330609"></trkpt>
      <trkpt lat="50.592039" lon="12.329692"></trkpt>
      <trkpt lat="50.590949" lon="12.328224"></trkpt>
      <trkpt lat="50.587848" lon="12.324848"></trkpt>
      <trkpt lat="50.587209" lon="12.323923"></trkpt>
      <trkpt lat="50.586146" lon="12.321809"></trkpt>
      <trkpt lat="50.585226" lon="12.318875"></trkpt>
      <trkpt lat="50.583994" lon="12.311192"></trkpt>
      <trkpt lat="50.583553" lon="12.309312"></trkpt>
      <trkpt lat="50.583075" lon="12.307855"></trkpt>
      <trkpt lat="50.58238" lon="12.306283"></trkpt>
      <trkpt lat="50.577598" lon="12.297469"></trkpt>
      <trkpt lat="50.577002" lon="12.295911"></trkpt>
      <trkpt lat="50.575487" lon="12.290726"></trkpt>
      <trkpt lat="50.574852" lon="12.289331"></trkpt>
      <trkpt lat="50.574036" lon="12.288002"></trkpt>
      <trkpt lat="50.572856" lon="12.286642"></trkpt>
      <trkpt lat="50.571761" lon="12.285754"></trkpt>
      <trkpt lat="50.571127" lon="12.285408"></trkpt>
      <trkpt lat="50.569317" lon="12.284747"></trkpt>
      <trkpt lat="50.56795" lon="12.284467"></trkpt>
      <trkpt lat="50.56328" lon="12.284232"></trkpt>
      <trkpt lat="50.561515" lon="12.28381"></trkpt>
      <trkpt lat="50.56033" lon="12.283325"></trkpt>
      <trkpt lat="50.55936" lon="12.282814"></trkpt>
      <trkpt lat="50.557887" lon="12.281784"></trkpt>
      <trkpt lat="50.556012" lon="12.279989"></trkpt>
      <trkpt lat="50.54769" lon="12.269887"></trkpt>
      <trkpt lat="50.546589" lon="12.268417"></trkpt>
      <trkpt lat="50.542053" lon="12.261897"></trkpt>
      <trkpt lat="50.541077" lon="12.260159"></trkpt>
      <trkpt lat="50.539512" lon="12.256906"></trkpt>
      <trkpt lat="50.537818" lon="12.254305"></trkpt>
      <trkpt lat="50.536424" lon="12.252749"></trkpt>
      <trkpt lat="50.531964" lon="12.248293"></trkpt>
      <trkpt lat="50.530712" lon="12.246852"></trkpt>
      <trkpt lat="50.522882" lon="12.235428"></trkpt>
      <trkpt lat="50.513337" lon="12.223603"></trkpt>
      <trkpt lat="50.508631" lon="12.217369"></trkpt>
      <trkpt lat="50.507524" lon="12.215496"></trkpt>
      <trkpt lat="50.503813" lon="12.206694"></trkpt>
      <trkpt lat="50.502686" lon="12.20455"></trkpt>
      <trkpt lat="50.496122" lon="12.19564"></trkpt>
      <trkpt lat="50.491164" lon="12.189884"></trkpt>
      <trkpt lat="50.489792" lon="12.188782"></trkpt>
      <trkpt lat="50.488179" lon="12.188019"></trkpt>
      <trkpt lat="50.47713" lon="12.184252"></trkpt>
      <trkpt lat="50.475448" lon="12.183767"></trkpt>
      <trkpt lat="50.474109" lon="12.183749"></trkpt>
      <trkpt lat="50.47301" lon="12.184005"></trkpt>
      <trkpt lat="50.469613" lon="12.185657"></trkpt>
      <trkpt lat="50.46862" lon="12.186036"></trkpt>
      <trkpt lat="50.467587" lon="12.186223"></trkpt>
      <trkpt lat="50.466665" lon="12.186216"></trkpt>
      <trkpt lat="50.465582" lon="12.186007"></trkpt>
      <trkpt lat="50.464484" lon="12.185561"></trkpt>
      <trkpt lat="50.463416" lon="12.184878"></trkpt>
      <trkpt lat="50.462176" lon="12.183706"></trkpt>
      <trkpt lat="50.452163" lon="12.171556"></trkpt>
      <trkpt lat="50.451161" lon="12.170183"></trkpt>
      <trkpt lat="50.447169" lon="12.1639"></trkpt>
      <trkpt lat="50.443023" lon="12.159271"></trkpt>
      <trkpt lat="50.441767" lon="12.157163"></trkpt>
      <trkpt lat="50.437238" lon="12.148871"></trkpt>
      <trkpt lat="50.436628" lon="12.14734"></trkpt>
      <trkpt lat="50.436084" lon="12.145469"></trkpt>
      <trkpt lat="50.43476" lon="12.138404"></trkpt>
      <trkpt lat="50.434236" lon="12.122736"></trkpt>
      <trkpt lat="50.433862" lon="12.116736"></trkpt>
      <trkpt lat="50.433088" lon="12.107325"></trkpt>
      <trkpt lat="50.433122" lon="12.105038"></trkpt>
      <trkpt lat="50.433331" lon="12.102988"></trkpt>
      <trkpt lat="50.433806" lon="12.100789"></trkpt>
      <trkpt lat="50.435067" lon="12.096537"></trkpt>
      <trkpt lat="50.435553" lon="12.093432"></trkpt>
      <trkpt lat="50.435508" lon="12.08703"></trkpt>
      <trkpt lat="50.435278" lon="12.085104"></trkpt>
      <trkpt lat="50.434833" lon="12.08317"></trkpt>
      <trkpt lat="50.433911" lon="12.080768"></trkpt>
      <trkpt lat="50.430371" lon="12.07499"></trkpt>
      <trkpt lat="50.426179" lon="12.066023"></trkpt>
      <trkpt lat="50.425029" lon="12.063966"></trkpt>
      <trkpt lat="50.423864" lon="12.062488"></trkpt>
      <trkpt lat="50.423233" lon="12.06186"></trkpt>
      <trkpt lat="50.417546" lon="12.05795"></trkpt>
      <trkpt lat="50.416586" lon="12.057078"></trkpt>
      <trkpt lat="50.415464" lon="12.055658"></trkpt>
      <trkpt lat="50.413969" lon="12.053343"></trkpt>
      <trkpt lat="50.413076" lon="12.051654"></trkpt>
      <trkpt lat="50.412494" lon="12.050232"></trkpt>
      <trkpt lat="50.411964" lon="12.048484"></trkpt>
      <trkpt lat="50.411583" lon="12.046733"></trkpt>
      <trkpt lat="50.410166" lon="12.03728"></trkpt>
      <trkpt lat="50.408577" lon="12.031161"></trkpt>
      <trkpt lat="50.406211" lon="12.024851"></trkpt>
      <trkpt lat="50.403664" lon="12.019083"></trkpt>
      <trkpt lat="50.402481" lon="12.016951"></trkpt>
      <trkpt lat="50.399321" lon="12.012329"></trkpt>
      <trkpt lat="50.398098" lon="12.00969"></trkpt>
      <trkpt lat="50.397591" lon="12.008056"></trkpt>
      <trkpt lat="50.397203" lon="12.006181"></trkpt>
      <trkpt lat="50.39647" lon="11.998024"></trkpt>
      <trkpt lat="50.396182" lon="11.996151"></trkpt>
      <trkpt lat="50.3956" lon="11.993954"></trkpt>
      <trkpt lat="50.394773" lon="11.991874"></trkpt>
      <trkpt lat="50.392035" lon="11.986201"></trkpt>
      <trkpt lat="50.39108" lon="11.98397"></trkpt>
      <trkpt lat="50.388429" lon="11.974942"></trkpt>
      <trkpt lat="50.387753" lon="11.973127"></trkpt>
      <trkpt lat="50.385612" lon="11.968435"></trkpt>
      <trkpt lat="50.38472" lon="11.966136"></trkpt>
      <trkpt lat="50.382955" lon="11.959568"></trkpt>
      <trkpt lat="50.382228" lon="11.957871"></trkpt>
      <trkpt lat="50.379" lon="11.951246"></trkpt>
      <trkpt lat="50.378424" lon="11.949811"></trkpt>
      <trkpt lat="50.377646" lon="11.947328"></trkpt>
      <trkpt lat="50.377083" lon="11.944691"></trkpt>
      <trkpt lat="50.376771" lon="11.942493"></trkpt>
      <trkpt lat="50.375621" lon="11.933812"></trkpt>
      <trkpt lat="50.375439" lon="11.93152"></trkpt>
      <trkpt lat="50.375561" lon="11.928487"></trkpt>
      <trkpt lat="50.37689" lon="11.920384"></trkpt>
      <trkpt lat="50.376948" lon="11.918213"></trkpt>
      <trkpt lat="50.376763" lon="11.915936"></trkpt>
      <trkpt lat="50.376165" lon="11.913128"></trkpt>
      <trkpt lat="50.369308" lon="11.891693"></trkpt>
      <trkpt lat="50.368684" lon="11.890047"></trkpt>
      <trkpt lat="50.367863" lon="11.888443"></trkpt>
      <trkpt lat="50.366998" lon="11.887143"></trkpt>
      <trkpt lat="50.364407" lon="11.883771"></trkpt>
      <trkpt lat="50.363203" lon="11.881909"></trkpt>
      <trkpt lat="50.352436" lon="11.86273"></trkpt>
      <trkpt lat="50.351672" lon="11.861118"></trkpt>
      <trkpt lat="50.351207" lon="11.85978"></trkpt>
      <trkpt lat="50.349982" lon="11.854235"></trkpt>
      <trkpt lat="50.349472" lon="11.852521"></trkpt>
      <trkpt lat="50.348853" lon="11.851034"></trkpt>
      <trkpt lat="50.347652" lon="11.84902"></trkpt>
      <trkpt lat="50.344684" lon="11.845168"></trkpt>
      <trkpt lat="50.343799" lon="11.843539"></trkpt>
      <trkpt lat="50.34307" lon="11.841401"></trkpt>
      <trkpt lat="50.342687" lon="11.839153"></trkpt>
      <trkpt lat="50.342618" lon="11.837419"></trkpt>
      <trkpt lat="50.343019" lon="11.828493"></trkpt>
      <trkpt lat="50.34275" lon="11.825856"></trkpt>
      <trkpt lat="50.3421" lon="11.823262"></trkpt>
      <trkpt lat="50.341327" lon="11.821382"></trkpt>
      <trkpt lat="50.340051" lon="11.819323"></trkpt>
      <trkpt lat="50.339201" lon="11.818385"></trkpt>
      <trkpt lat="50.334933" lon="11.814615"></trkpt>
      <trkpt lat="50.33417" lon="11.813785"></trkpt>
      <trkpt lat="50.333313" lon="11.812551"></trkpt>
      <trkpt lat="50.332642" lon="11.811256"></trkpt>
      <trkpt lat="50.331951" lon="11.809458"></trkpt>
      <trkpt lat="50.331015" lon="11.805279"></trkpt>
      <trkpt lat="50.330505" lon="11.803502"></trkpt>
      <trkpt lat="50.329416" lon="11.801331"></trkpt>
      <trkpt lat="50.32464" lon="11.794664"></trkpt>
      <trkpt lat="50.323508" lon="11.793785"></trkpt>
      <trkpt lat="50.32237" lon="11.793438"></trkpt>
      <trkpt lat="50.321842" lon="11.793459"></trkpt>
      <trkpt lat="50.320693" lon="11.793833"></trkpt>
      <trkpt lat="50.31999" lon="11.794322"></trkpt>
      <trkpt lat="50.319291" lon="11.795057"></trkpt>
      <trkpt lat="50.317528" lon="11.797368"></trkpt>
      <trkpt lat="50.316266" lon="11.798505"></trkpt>
      <trkpt lat="50.294291" lon="11.81007"></trkpt>
      <trkpt lat="50.291858" lon="11.811179"></trkpt>
      <trkpt lat="50.290241" lon="11.811737"></trkpt>
      <trkpt lat="50.288784" lon="11.812077"></trkpt>
      <trkpt lat="50.286679" lon="11.812291"></trkpt>
      <trkpt lat="50.285192" lon="11.812202"></trkpt>
      <trkpt lat="50.283542" lon="11.811878"></trkpt>
      <trkpt lat="50.281483" lon="11.811112"></trkpt>
      <trkpt lat="50.278711" lon="11.809657"></trkpt>
      <trkpt lat="50.251535" lon="11.792351"></trkpt>
      <trkpt lat="50.250084" lon="11.791171"></trkpt>
      <trkpt lat="50.247995" lon="11.788942"></trkpt>
      <trkpt lat="50.241992" lon="11.781"></trkpt>
      <trkpt lat="50.24047" lon="11.779522"></trkpt>
      <trkpt lat="50.238453" lon="11.778093"></trkpt>
      <trkpt lat="50.236721" lon="11.777408"></trkpt>
      <trkpt lat="50.235327" lon="11.777078"></trkpt>
      <trkpt lat="50.233707" lon="11.776974"></trkpt>
      <trkpt lat="50.232224" lon="11.777135"></trkpt>
      <trkpt lat="50.231213" lon="11.777388"></trkpt>
      <trkpt lat="50.229508" lon="11.778106"></trkpt>
      <trkpt lat="50.2252" lon="11.780828"></trkpt>
      <trkpt lat="50.223387" lon="11.781641"></trkpt>
      <trkpt lat="50.221115" lon="11.782226"></trkpt>
      <trkpt lat="50.218641" lon="11.782331"></trkpt>
      <trkpt lat="50.216873" lon="11.782085"></trkpt>
      <trkpt lat="50.214287" lon="11.781217"></trkpt>
      <trkpt lat="50.202818" lon="11.775452"></trkpt>
      <trkpt lat="50.201753" lon="11.774737"></trkpt>
      <trkpt lat="50.20022" lon="11.773474"></trkpt>
      <trkpt lat="50.184664" lon="11.759932"></trkpt>
      <trkpt lat="50.181712" lon="11.757033"></trkpt>
      <trkpt lat="50.175048" lon="11.74959"></trkpt>
      <trkpt lat="50.172857" lon="11.747635"></trkpt>
      <trkpt lat="50.170732" lon="11.746305"></trkpt>
      <trkpt lat="50.169334" lon="11.745755"></trkpt>
      <trkpt lat="50.168108" lon="11.745487"></trkpt>
      <trkpt lat="50.166417" lon="11.745426"></trkpt>
      <trkpt lat="50.165642" lon="11.745524"></trkpt>
      <trkpt lat="50.163864" lon="11.746026"></trkpt>
      <trkpt lat="50.156774" lon="11.749079"></trkpt>
      <trkpt lat="50.155452" lon="11.749368"></trkpt>
      <trkpt lat="50.154242" lon="11.749357"></trkpt>
      <trkpt lat="50.153346" lon="11.749165"></trkpt>
      <trkpt lat="50.152071" lon="11.748639"></trkpt>
      <trkpt lat="50.143565" lon="11.743529"></trkpt>
      <trkpt lat="50.141547" lon="11.742641"></trkpt>
      <trkpt lat="50.139416" lon="11.742176"></trkpt>
      <trkpt lat="50.135243" lon="11.742058"></trkpt>
      <trkpt lat="50.132835" lon="11.74182"></trkpt>
      <trkpt lat="50.131713" lon="11.741551"></trkpt>
      <trkpt lat="50.130453" lon="11.741072"></trkpt>
      <trkpt lat="50.128921" lon="11.74022"></trkpt>
      <trkpt lat="50.127401" lon="11.739064"></trkpt>
      <trkpt lat="50.12603" lon="11.737709"></trkpt>
      <trkpt lat="50.124868" lon="11.736244"></trkpt>
      <trkpt lat="50.123788" lon="11.734582"></trkpt>
      <trkpt lat="50.115122" lon="11.718011"></trkpt>
      <trkpt lat="50.111907" lon="11.71112"></trkpt>
      <trkpt lat="50.110346" lon="11.708541"></trkpt>
      <trkpt lat="50.109029" lon="11.706816"></trkpt>
      <trkpt lat="50.107225" lon="11.704969"></trkpt>
      <trkpt lat="50.100839" lon="11.700259"></trkpt>
      <trkpt lat="50.099511" lon="11.699165"></trkpt>
      <trkpt lat="50.098716" lon="11.698359"></trkpt>
      <trkpt lat="50.09681" lon="11.695911"></trkpt>
      <trkpt lat="50.092936" lon="11.69042"></trkpt>
      <trkpt lat="50.09174" lon="11.688444"></trkpt>
      <trkpt lat="50.090426" lon="11.685496"></trkpt>
      <trkpt lat="50.088121" lon="11.679441"></trkpt>
      <trkpt lat="50.087202" lon="11.677437"></trkpt>
      <trkpt lat="50.084298" lon="11.671847"></trkpt>
      <trkpt lat="50.07762" lon="11.655776"></trkpt>
      <trkpt lat="50.076856" lon="11.652736"></trkpt>
      <trkpt lat="50.075387" lon="11.642424"></trkpt>
      <trkpt lat="50.073795" lon="11.6369"></trkpt>
      <trkpt lat="50.072829" lon="11.632383"></trkpt>
      <trkpt lat="50.07216" lon="11.630402"></trkpt>
      <trkpt lat="50.070854" lon="11.627949"></trkpt>
      <trkpt lat="50.066491" lon="11.621672"></trkpt>
      <trkpt lat="50.064699" lon="11.619866"></trkpt>
      <trkpt lat="50.063753" lon="11.619175"></trkpt>
      <trkpt lat="50.062674" lon="11.618581"></trkpt>
      <trkpt lat="50.060979" lon="11.61801"></trkpt>
      <trkpt lat="50.059795" lon="11.617854"></trkpt>
      <trkpt lat="50.055987" lon="11.617999"></trkpt>
      <trkpt lat="50.053258" lon="11.617845"></trkpt>
      <trkpt lat="50.050568" lon="11.617365"></trkpt>
      <trkpt lat="50.047785" lon="11.616533"></trkpt>
      <trkpt lat="50.045017" lon="11.615333"></trkpt>
      <trkpt lat="50.042189" lon="11.613716"></trkpt>
      <trkpt lat="50.039131" lon="11.611478"></trkpt>
      <trkpt lat="50.035673" lon="11.60848"></trkpt>
      <trkpt lat="50.034242" lon="11.607623"></trkpt>
      <trkpt lat="50.03245" lon="11.606997"></trkpt>
      <trkpt lat="50.024176" lon="11.604808"></trkpt>
      <trkpt lat="50.020881" lon="11.604094"></trkpt>
      <trkpt lat="50.018888" lon="11.60415"></trkpt>
      <trkpt lat="50.017381" lon="11.604531"></trkpt>
      <trkpt lat="50.011183" lon="11.607028"></trkpt>
      <trkpt lat="50.009891" lon="11.607789"></trkpt>
      <trkpt lat="50.007279" lon="11.610024"></trkpt>
      <trkpt lat="50.006613" lon="11.610319"></trkpt>
      <trkpt lat="50.005861" lon="11.610447"></trkpt>
      <trkpt lat="50.004919" lon="11.610321"></trkpt>
      <trkpt lat="50.004138" lon="11.609978"></trkpt>
      <trkpt lat="50.001455" lon="11.60784"></trkpt>
      <trkpt lat="50.000447" lon="11.607239"></trkpt>
      <trkpt lat="49.999458" lon="11.606846"></trkpt>
      <trkpt lat="49.998027" lon="11.606587"></trkpt>
      <trkpt lat="49.988338" lon="11.607577"></trkpt>
      <trkpt lat="49.985789" lon="11.607648"></trkpt>
      <trkpt lat="49.982662" lon="11.607397"></trkpt>
      <trkpt lat="49.967898" lon="11.605308"></trkpt>
      <trkpt lat="49.965659" lon="11.605155"></trkpt>
      <trkpt lat="49.96415" lon="11.605171"></trkpt>
      <trkpt lat="49.960424" lon="11.605638"></trkpt>
      <trkpt lat="49.953561" lon="11.607507"></trkpt>
      <trkpt lat="49.952224" lon="11.607656"></trkpt>
      <trkpt lat="49.950683" lon="11.607597"></trkpt>
      <trkpt lat="49.948598" lon="11.607222"></trkpt>
      <trkpt lat="49.931699" lon="11.602668"></trkpt>
      <trkpt lat="49.929369" lon="11.602276"></trkpt>
      <trkpt lat="49.927764" lon="11.602237"></trkpt>
      <trkpt lat="49.926028" lon="11.602489"></trkpt>
      <trkpt lat="49.914096" lon="11.605132"></trkpt>
      <trkpt lat="49.911368" lon="11.605337"></trkpt>
      <trkpt lat="49.909547" lon="11.605243"></trkpt>
      <trkpt lat="49.907085" lon="11.604782"></trkpt>
      <trkpt lat="49.904597" lon="11.604007"></trkpt>
      <trkpt lat="49.890101" lon="11.598503"></trkpt>
      <trkpt lat="49.888479" lon="11.597726"></trkpt>
      <trkpt lat="49.88774" lon="11.597236"></trkpt>
      <trkpt lat="49.88671" lon="11.59634"></trkpt>
      <trkpt lat="49.88575" lon="11.595248"></trkpt>
      <trkpt lat="49.884888" lon="11.594006"></trkpt>
      <trkpt lat="49.883611" lon="11.591405"></trkpt>
      <trkpt lat="49.883212" lon="11.590286"></trkpt>
      <trkpt lat="49.882643" lon="11.588072"></trkpt>
      <trkpt lat="49.882312" lon="11.585812"></trkpt>
      <trkpt lat="49.882187" lon="11.583491"></trkpt>
      <trkpt lat="49.882114" lon="11.562092"></trkpt>
      <trkpt lat="49.881933" lon="11.558965"></trkpt>
      <trkpt lat="49.881407" lon="11.55514"></trkpt>
      <trkpt lat="49.880633" lon="11.551904"></trkpt>
      <trkpt lat="49.879672" lon="11.549572"></trkpt>
      <trkpt lat="49.878778" lon="11.548158"></trkpt>
      <trkpt lat="49.876743" lon="11.545674"></trkpt>
      <trkpt lat="49.875399" lon="11.543837"></trkpt>
      <trkpt lat="49.874342" lon="11.541626"></trkpt>
      <trkpt lat="49.873854" lon="11.539945"></trkpt>
      <trkpt lat="49.87357" lon="11.538286"></trkpt>
      <trkpt lat="49.873299" lon="11.531459"></trkpt>
      <trkpt lat="49.873054" lon="11.529109"></trkpt>
      <trkpt lat="49.872552" lon="11.526727"></trkpt>
      <trkpt lat="49.871473" lon="11.523866"></trkpt>
      <trkpt lat="49.870538" lon="11.522222"></trkpt>
      <trkpt lat="49.869338" lon="11.520705"></trkpt>
      <trkpt lat="49.867753" lon="11.519366"></trkpt>
      <trkpt lat="49.866517" lon="11.518728"></trkpt>
      <trkpt lat="49.864643" lon="11.518253"></trkpt>
      <trkpt lat="49.857415" lon="11.517957"></trkpt>
      <trkpt lat="49.856228" lon="11.517785"></trkpt>
      <trkpt lat="49.854351" lon="11.51724"></trkpt>
      <trkpt lat="49.853034" lon="11.516575"></trkpt>
      <trkpt lat="49.851091" lon="11.515076"></trkpt>
      <trkpt lat="49.849885" lon="11.513789"></trkpt>
      <trkpt lat="49.845536" lon="11.507913"></trkpt>
      <trkpt lat="49.844435" lon="11.506647"></trkpt>
      <trkpt lat="49.84261" lon="11.505009"></trkpt>
      <trkpt lat="49.841027" lon="11.503999"></trkpt>
      <trkpt lat="49.839065" lon="11.503261"></trkpt>
      <trkpt lat="49.835484" lon="11.502325"></trkpt>
      <trkpt lat="49.830713" lon="11.499818"></trkpt>
      <trkpt lat="49.82954" lon="11.499512"></trkpt>
      <trkpt lat="49.826947" lon="11.499447"></trkpt>
      <trkpt lat="49.824997" lon="11.499184"></trkpt>
      <trkpt lat="49.823863" lon="11.498786"></trkpt>
      <trkpt lat="49.820798" lon="11.49729"></trkpt>
      <trkpt lat="49.819328" lon="11.496927"></trkpt>
      <trkpt lat="49.817404" lon="11.496957"></trkpt>
      <trkpt lat="49.816228" lon="11.497281"></trkpt>
      <trkpt lat="49.815509" lon="11.497582"></trkpt>
      <trkpt lat="49.811417" lon="11.499881"></trkpt>
      <trkpt lat="49.810629" lon="11.500213"></trkpt>
      <trkpt lat="49.809587" lon="11.500427"></trkpt>
      <trkpt lat="49.807922" lon="11.50031"></trkpt>
      <trkpt lat="49.80674" lon="11.49988"></trkpt>
      <trkpt lat="49.805326" lon="11.498908"></trkpt>
      <trkpt lat="49.804635" lon="11.498223"></trkpt>
      <trkpt lat="49.802204" lon="11.495028"></trkpt>
      <trkpt lat="49.80129" lon="11.494108"></trkpt>
      <trkpt lat="49.800748" lon="11.49372"></trkpt>
      <trkpt lat="49.800101" lon="11.493325"></trkpt>
      <trkpt lat="49.799012" lon="11.49291"></trkpt>
      <trkpt lat="49.79815" lon="11.492773"></trkpt>
      <trkpt lat="49.79717" lon="11.492811"></trkpt>
      <trkpt lat="49.795778" lon="11.493223"></trkpt>
      <trkpt lat="49.794737" lon="11.493816"></trkpt>
      <trkpt lat="49.793545" lon="11.494895"></trkpt>
      <trkpt lat="49.79279" lon="11.495881"></trkpt>
      <trkpt lat="49.792156" lon="11.496948"></trkpt>
      <trkpt lat="49.791479" lon="11.498503"></trkpt>
      <trkpt lat="49.789643" lon="11.50526"></trkpt>
      <trkpt lat="49.788485" lon="11.507999"></trkpt>
      <trkpt lat="49.787713" lon="11.509226"></trkpt>
      <trkpt lat="49.786321" lon="11.510807"></trkpt>
      <trkpt lat="49.785011" lon="11.511782"></trkpt>
      <trkpt lat="49.784002" lon="11.512262"></trkpt>
      <trkpt lat="49.782954" lon="11.512517"></trkpt>
      <trkpt lat="49.781817" lon="11.512597"></trkpt>
      <trkpt lat="49.781" lon="11.512528"></trkpt>
      <trkpt lat="49.779843" lon="11.512194"></trkpt>
      <trkpt lat="49.778739" lon="11.511627"></trkpt>
      <trkpt lat="49.777875" lon="11.510964"></trkpt>
      <trkpt lat="49.775663" lon="11.508617"></trkpt>
      <trkpt lat="49.774619" lon="11.5078"></trkpt>
      <trkpt lat="49.773939" lon="11.507439"></trkpt>
      <trkpt lat="49.772891" lon="11.507095"></trkpt>
      <trkpt lat="49.770611" lon="11.506679"></trkpt>
      <trkpt lat="49.768352" lon="11.505755"></trkpt>
      <trkpt lat="49.767132" lon="11.5056"></trkpt>
      <trkpt lat="49.766012" lon="11.505756"></trkpt>
      <trkpt lat="49.764863" lon="11.506216"></trkpt>
      <trkpt lat="49.762761" lon="11.507849"></trkpt>
      <trkpt lat="49.76144" lon="11.50855"></trkpt>
      <trkpt lat="49.760457" lon="11.508795"></trkpt>
      <trkpt lat="49.758096" lon="11.508932"></trkpt>
      <trkpt lat="49.756467" lon="11.509262"></trkpt>
      <trkpt lat="49.738956" lon="11.515138"></trkpt>
      <trkpt lat="49.737402" lon="11.515338"></trkpt>
      <trkpt lat="49.736433" lon="11.515233"></trkpt>
      <trkpt lat="49.735181" lon="11.514883"></trkpt>
      <trkpt lat="49.734206" lon="11.514363"></trkpt>
      <trkpt lat="49.731335" lon="11.512255"></trkpt>
      <trkpt lat="49.729501" lon="11.51074"></trkpt>
      <trkpt lat="49.728104" lon="11.508999"></trkpt>
      <trkpt lat="49.727085" lon="11.507035"></trkpt>
      <trkpt lat="49.726169" lon="11.504284"></trkpt>
      <trkpt lat="49.721902" lon="11.485729"></trkpt>
      <trkpt lat="49.721266" lon="11.483754"></trkpt>
      <trkpt lat="49.720114" lon="11.481358"></trkpt>
      <trkpt lat="49.719097" lon="11.479899"></trkpt>
      <trkpt lat="49.718129" lon="11.478858"></trkpt>
      <trkpt lat="49.708628" lon="11.469669"></trkpt>
      <trkpt lat="49.706179" lon="11.467522"></trkpt>
      <trkpt lat="49.704103" lon="11.466273"></trkpt>
      <trkpt lat="49.702596" lon="11.465633"></trkpt>
      <trkpt lat="49.700574" lon="11.465129"></trkpt>
      <trkpt lat="49.698102" lon="11.464985"></trkpt>
      <trkpt lat="49.696389" lon="11.465089"></trkpt>
      <trkpt lat="49.693981" lon="11.46541"></trkpt>
      <trkpt lat="49.670619" lon="11.468776"></trkpt>
      <trkpt lat="49.668961" lon="11.468879"></trkpt>
      <trkpt lat="49.66742" lon="11.468687"></trkpt>
      <trkpt lat="49.666802" lon="11.468507"></trkpt>
      <trkpt lat="49.665098" lon="11.46775"></trkpt>
      <trkpt lat="49.663782" lon="11.466891"></trkpt>
      <trkpt lat="49.661776" lon="11.464881"></trkpt>
      <trkpt lat="49.654123" lon="11.455483"></trkpt>
      <trkpt lat="49.652701" lon="11.453552"></trkpt>
      <trkpt lat="49.651765" lon="11.451875"></trkpt>
      <trkpt lat="49.651128" lon="11.450242"></trkpt>
      <trkpt lat="49.650696" lon="11.448386"></trkpt>
      <trkpt lat="49.650495" lon="11.446858"></trkpt>
      <trkpt lat="49.650308" lon="11.443619"></trkpt>
      <trkpt lat="49.649837" lon="11.441039"></trkpt>
      <trkpt lat="49.64919" lon="11.439082"></trkpt>
      <trkpt lat="49.648001" lon="11.436872"></trkpt>
      <trkpt lat="49.646975" lon="11.435608"></trkpt>
      <trkpt lat="49.646122" lon="11.434847"></trkpt>
      <trkpt lat="49.643354" lon="11.433348"></trkpt>
      <trkpt lat="49.64202" lon="11.432301"></trkpt>
      <trkpt lat="49.641112" lon="11.43126"></trkpt>
      <trkpt lat="49.638572" lon="11.427598"></trkpt>
      <trkpt lat="49.637546" lon="11.426591"></trkpt>
      <trkpt lat="49.632636" lon="11.422409"></trkpt>
      <trkpt lat="49.631213" lon="11.42096"></trkpt>
      <trkpt lat="49.622824" lon="11.410874"></trkpt>
      <trkpt lat="49.621215" lon="11.408531"></trkpt>
      <trkpt lat="49.620214" lon="11.406256"></trkpt>
      <trkpt lat="49.616241" lon="11.394493"></trkpt>
      <trkpt lat="49.615474" lon="11.391928"></trkpt>
      <trkpt lat="49.614537" lon="11.387801"></trkpt>
      <trkpt lat="49.613402" lon="11.380918"></trkpt>
      <trkpt lat="49.612848" lon="11.378191"></trkpt>
      <trkpt lat="49.612153" lon="11.375726"></trkpt>
      <trkpt lat="49.611521" lon="11.374114"></trkpt>
      <trkpt lat="49.610498" lon="11.372144"></trkpt>
      <trkpt lat="49.609738" lon="11.371029"></trkpt>
      <trkpt lat="49.608671" lon="11.36977"></trkpt>
      <trkpt lat="49.607162" lon="11.368357"></trkpt>
      <trkpt lat="49.602101" lon="11.364528"></trkpt>
      <trkpt lat="49.600387" lon="11.362684"></trkpt>
      <trkpt lat="49.599774" lon="11.361724"></trkpt>
      <trkpt lat="49.598739" lon="11.359536"></trkpt>
      <trkpt lat="49.597438" lon="11.354917"></trkpt>
      <trkpt lat="49.596827" lon="11.353267"></trkpt>
      <trkpt lat="49.596388" lon="11.352451"></trkpt>
      <trkpt lat="49.595282" lon="11.351166"></trkpt>
      <trkpt lat="49.593102" lon="11.349873"></trkpt>
      <trkpt lat="49.592386" lon="11.349197"></trkpt>
      <trkpt lat="49.590893" lon="11.347306"></trkpt>
      <trkpt lat="49.58993" lon="11.346633"></trkpt>
      <trkpt lat="49.58883" lon="11.346263"></trkpt>
      <trkpt lat="49.586869" lon="11.346147"></trkpt>
      <trkpt lat="49.584942" lon="11.345233"></trkpt>
      <trkpt lat="49.583896" lon="11.345066"></trkpt>
      <trkpt lat="49.582444" lon="11.345039"></trkpt>
      <trkpt lat="49.581356" lon="11.344808"></trkpt>
      <trkpt lat="49.580446" lon="11.344487"></trkpt>
      <trkpt lat="49.57915" lon="11.343759"></trkpt>
      <trkpt lat="49.577553" lon="11.342336"></trkpt>
      <trkpt lat="49.5654" lon="11.329221"></trkpt>
      <trkpt lat="49.562907" lon="11.327072"></trkpt>
      <trkpt lat="49.561398" lon="11.326021"></trkpt>
      <trkpt lat="49.558991" lon="11.324825"></trkpt>
      <trkpt lat="49.557046" lon="11.324143"></trkpt>
      <trkpt lat="49.529145" lon="11.315615"></trkpt>
      <trkpt lat="49.527616" lon="11.315008"></trkpt>
      <trkpt lat="49.525361" lon="11.313588"></trkpt>
      <trkpt lat="49.523993" lon="11.31246"></trkpt>
      <trkpt lat="49.522385" lon="11.310877"></trkpt>
      <trkpt lat="49.507562" lon="11.295336"></trkpt>
      <trkpt lat="49.5057" lon="11.293105"></trkpt>
      <trkpt lat="49.501519" lon="11.287343"></trkpt>
      <trkpt lat="49.499564" lon="11.28512"></trkpt>
      <trkpt lat="49.482718" lon="11.269748"></trkpt>
      <trkpt lat="49.479424" lon="11.266574"></trkpt>
      <trkpt lat="49.477649" lon="11.264634"></trkpt>
      <trkpt lat="49.476008" lon="11.262631"></trkpt>
      <trkpt lat="49.470081" lon="11.254861"></trkpt>
      <trkpt lat="49.46854" lon="11.253047"></trkpt>
      <trkpt lat="49.467318" lon="11.2518"></trkpt>
      <trkpt lat="49.456772" lon="11.241966"></trkpt>
      <trkpt lat="49.455672" lon="11.240573"></trkpt>
      <trkpt lat="49.454089" lon="11.238196"></trkpt>
      <trkpt lat="49.453397" lon="11.237425"></trkpt>
      <trkpt lat="49.451965" lon="11.236217"></trkpt>
      <trkpt lat="49.449656" lon="11.235002"></trkpt>
      <trkpt lat="49.448256" lon="11.23406"></trkpt>
      <trkpt lat="49.444429" lon="11.230384"></trkpt>
      <trkpt lat="49.424433" lon="11.208146"></trkpt>
      <trkpt lat="49.415402" lon="11.199038"></trkpt>
      <trkpt lat="49.413905" lon="11.19778"></trkpt>
      <trkpt lat="49.412108" lon="11.196514"></trkpt>
      <trkpt lat="49.410521" lon="11.195709"></trkpt>
      <trkpt lat="49.407077" lon="11.194497"></trkpt>
      <trkpt lat="49.405775" lon="11.194426"></trkpt>
      <trkpt lat="49.404757" lon="11.194685"></trkpt>
      <trkpt lat="49.400261" lon="11.196927"></trkpt>
      <trkpt lat="49.3988" lon="11.197415"></trkpt>
      <trkpt lat="49.39763" lon="11.197281"></trkpt>
      <trkpt lat="49.396807" lon="11.196859"></trkpt>
      <trkpt lat="49.396011" lon="11.196125"></trkpt>
      <trkpt lat="49.395488" lon="11.195385"></trkpt>
      <trkpt lat="49.394864" lon="11.193972"></trkpt>
      <trkpt lat="49.394068" lon="11.190836"></trkpt>
      <trkpt lat="49.392195" lon="11.180691"></trkpt>
      <trkpt lat="49.391065" lon="11.165761"></trkpt>
      <trkpt lat="49.390542" lon="11.16218"></trkpt>
      <trkpt lat="49.389801" lon="11.158975"></trkpt>
      <trkpt lat="49.389086" lon="11.156522"></trkpt>
      <trkpt lat="49.388015" lon="11.153616"></trkpt>
      <trkpt lat="49.387056" lon="11.15149"></trkpt>
      <trkpt lat="49.385214" lon="11.148197"></trkpt>
      <trkpt lat="49.378891" lon="11.138167"></trkpt>
      <trkpt lat="49.374102" lon="11.131137"></trkpt>
      <trkpt lat="49.361016" lon="11.114275"></trkpt>
      <trkpt lat="49.359531" lon="11.11249"></trkpt>
      <trkpt lat="49.354388" lon="11.106842"></trkpt>
      <trkpt lat="49.353308" lon="11.105447"></trkpt>
      <trkpt lat="49.351739" lon="11.103069"></trkpt>
      <trkpt lat="49.350225" lon="11.100237"></trkpt>
      <trkpt lat="49.34882" lon="11.096919"></trkpt>
      <trkpt lat="49.341638" lon="11.075955"></trkpt>
      <trkpt lat="49.339725" lon="11.071422"></trkpt>
      <trkpt lat="49.336266" lon="11.06513"></trkpt>
      <trkpt lat="49.334052" lon="11.061563"></trkpt>
      <trkpt lat="49.330196" lon="11.056369"></trkpt>
      <trkpt lat="49.323077" lon="11.047661"></trkpt>
      <trkpt lat="49.321823" lon="11.045906"></trkpt>
      <trkpt lat="49.320138" lon="11.043206"></trkpt>
      <trkpt lat="49.316904" lon="11.036886"></trkpt>
      <trkpt lat="49.313373" lon="11.028678"></trkpt>
      <trkpt lat="49.311743" lon="11.024081"></trkpt>
      <trkpt lat="49.311006" lon="11.021393"></trkpt>
      <trkpt lat="49.310507" lon="11.019034"></trkpt>
      <trkpt lat="49.31" lon="11.015432"></trkpt>
      <trkpt lat="49.309774" lon="11.011485"></trkpt>
      <trkpt lat="49.30981" lon="11.008584"></trkpt>
      <trkpt lat="49.310368" lon="10.998823"></trkpt>
      <trkpt lat="49.310459" lon="10.995406"></trkpt>
      <trkpt lat="49.310384" lon="10.990435"></trkpt>
      <trkpt lat="49.31004" lon="10.984941"></trkpt>
      <trkpt lat="49.3096" lon="10.980927"></trkpt>
      <trkpt lat="49.308601" lon="10.974872"></trkpt>
      <trkpt lat="49.307742" lon="10.970914"></trkpt>
      <trkpt lat="49.305108" lon="10.96015"></trkpt>
      <trkpt lat="49.304075" lon="10.954933"></trkpt>
      <trkpt lat="49.303566" lon="10.951581"></trkpt>
      <trkpt lat="49.302968" lon="10.946084"></trkpt>
      <trkpt lat="49.302726" lon="10.942246"></trkpt>
      <trkpt lat="49.302625" lon="10.937914"></trkpt>
      <trkpt lat="49.302679" lon="10.934189"></trkpt>
      <trkpt lat="49.302849" lon="10.930801"></trkpt>
      <trkpt lat="49.303162" lon="10.927553"></trkpt>
      <trkpt lat="49.303669" lon="10.924259"></trkpt>
      <trkpt lat="49.3045" lon="10.920611"></trkpt>
      <trkpt lat="49.305995" lon="10.916057"></trkpt>
      <trkpt lat="49.310197" lon="10.906205"></trkpt>
      <trkpt lat="49.31167" lon="10.902233"></trkpt>
      <trkpt lat="49.31324" lon="10.896836"></trkpt>
      <trkpt lat="49.314151" lon="10.892719"></trkpt>
      <trkpt lat="49.314992" lon="10.887373"></trkpt>
      <trkpt lat="49.31552" lon="10.882048"></trkpt>
      <trkpt lat="49.315866" lon="10.8757"></trkpt>
      <trkpt lat="49.316162" lon="10.864894"></trkpt>
      <trkpt lat="49.316002" lon="10.85974"></trkpt>
      <trkpt lat="49.31556" lon="10.852123"></trkpt>
      <trkpt lat="49.315141" lon="10.847992"></trkpt>
      <trkpt lat="49.314566" lon="10.844199"></trkpt>
      <trkpt lat="49.313653" lon="10.83975"></trkpt>
      <trkpt lat="49.312564" lon="10.835592"></trkpt>
      <trkpt lat="49.309493" lon="10.826391"></trkpt>
      <trkpt lat="49.307919" lon="10.820833"></trkpt>
      <trkpt lat="49.306792" lon="10.815354"></trkpt>
      <trkpt lat="49.305698" lon="10.807729"></trkpt>
      <trkpt lat="49.305221" lon="10.802408"></trkpt>
      <trkpt lat="49.304935" lon="10.795788"></trkpt>
      <trkpt lat="49.305035" lon="10.790139"></trkpt>
      <trkpt lat="49.305722" lon="10.780532"></trkpt>
      <trkpt lat="49.305862" lon="10.777101"></trkpt>
      <trkpt lat="49.305762" lon="10.772685"></trkpt>
      <trkpt lat="49.30541" lon="10.769092"></trkpt>
      <trkpt lat="49.304969" lon="10.766325"></trkpt>
      <trkpt lat="49.30428" lon="10.763117"></trkpt>
      <trkpt lat="49.303462" lon="10.760071"></trkpt>
      <trkpt lat="49.302073" lon="10.755871"></trkpt>
      <trkpt lat="49.300383" lon="10.751563"></trkpt>
      <trkpt lat="49.298725" lon="10.747863"></trkpt>
      <trkpt lat="49.29579" lon="10.742062"></trkpt>
      <trkpt lat="49.292765" lon="10.736936"></trkpt>
      <trkpt lat="49.28935" lon="10.731906"></trkpt>
      <trkpt lat="49.286162" lon="10.727817"></trkpt>
      <trkpt lat="49.281291" lon="10.722091"></trkpt>
      <trkpt lat="49.278515" lon="10.718433"></trkpt>
      <trkpt lat="49.275705" lon="10.714297"></trkpt>
      <trkpt lat="49.274074" lon="10.71168"></trkpt>
      <trkpt lat="49.27122" lon="10.706524"></trkpt>
      <trkpt lat="49.269383" lon="10.702816"></trkpt>
      <trkpt lat="49.267323" lon="10.698074"></trkpt>
      <trkpt lat="49.265604" lon="10.69361"></trkpt>
      <trkpt lat="49.264337" lon="10.689955"></trkpt>
      <trkpt lat="49.262306" lon="10.68321"></trkpt>
      <trkpt lat="49.260357" lon="10.674889"></trkpt>
      <trkpt lat="49.258424" lon="10.665729"></trkpt>
      <trkpt lat="49.257352" lon="10.661328"></trkpt>
      <trkpt lat="49.256063" lon="10.656882"></trkpt>
      <trkpt lat="49.252397" lon="10.645525"></trkpt>
      <trkpt lat="49.251655" lon="10.642677"></trkpt>
      <trkpt lat="49.250806" lon="10.63863"></trkpt>
      <trkpt lat="49.250274" lon="10.635078"></trkpt>
      <trkpt lat="49.249792" lon="10.629004"></trkpt>
      <trkpt lat="49.249812" lon="10.62308"></trkpt>
      <trkpt lat="49.250172" lon="10.6185"></trkpt>
      <trkpt lat="49.250858" lon="10.613813"></trkpt>
      <trkpt lat="49.251678" lon="10.609852"></trkpt>
      <trkpt lat="49.252634" lon="10.606268"></trkpt>
      <trkpt lat="49.25596" lon="10.594997"></trkpt>
      <trkpt lat="49.257048" lon="10.589837"></trkpt>
      <trkpt lat="49.257482" lon="10.58704"></trkpt>
      <trkpt lat="49.258008" lon="10.582343"></trkpt>
      <trkpt lat="49.25826" lon="10.577447"></trkpt>
      <trkpt lat="49.258037" lon="10.562876"></trkpt>
      <trkpt lat="49.258158" lon="10.559064"></trkpt>
      <trkpt lat="49.258532" lon="10.554549"></trkpt>
      <trkpt lat="49.25926" lon="10.549507"></trkpt>
      <trkpt lat="49.259948" lon="10.54602"></trkpt>
      <trkpt lat="49.261064" lon="10.541516"></trkpt>
      <trkpt lat="49.262925" lon="10.534765"></trkpt>
      <trkpt lat="49.263733" lon="10.53123"></trkpt>
      <trkpt lat="49.264294" lon="10.527719"></trkpt>
      <trkpt lat="49.264559" lon="10.523866"></trkpt>
      <trkpt lat="49.264538" lon="10.520922"></trkpt>
      <trkpt lat="49.264151" lon="10.516757"></trkpt>
      <trkpt lat="49.263515" lon="10.51309"></trkpt>
      <trkpt lat="49.262531" lon="10.509088"></trkpt>
      <trkpt lat="49.261568" lon="10.505918"></trkpt>
      <trkpt lat="49.260025" lon="10.501586"></trkpt>
      <trkpt lat="49.258106" lon="10.497059"></trkpt>
      <trkpt lat="49.254594" lon="10.489326"></trkpt>
      <trkpt lat="49.252224" lon="10.482965"></trkpt>
      <trkpt lat="49.251163" lon="10.479343"></trkpt>
      <trkpt lat="49.250401" lon="10.476129"></trkpt>
      <trkpt lat="49.249778" lon="10.472659"></trkpt>
      <trkpt lat="49.249446" lon="10.469845"></trkpt>
      <trkpt lat="49.249243" lon="10.465854"></trkpt>
      <trkpt lat="49.249309" lon="10.462661"></trkpt>
      <trkpt lat="49.249537" lon="10.459714"></trkpt>
      <trkpt lat="49.249989" lon="10.456497"></trkpt>
      <trkpt lat="49.250906" lon="10.452237"></trkpt>
      <trkpt lat="49.254045" lon="10.440743"></trkpt>
      <trkpt lat="49.254577" lon="10.438246"></trkpt>
      <trkpt lat="49.255133" lon="10.434679"></trkpt>
      <trkpt lat="49.255525" lon="10.430313"></trkpt>
      <trkpt lat="49.255605" lon="10.427878"></trkpt>
      <trkpt lat="49.25553" lon="10.423685"></trkpt>
      <trkpt lat="49.255272" lon="10.420336"></trkpt>
      <trkpt lat="49.254517" lon="10.415264"></trkpt>
      <trkpt lat="49.253763" lon="10.41189"></trkpt>
      <trkpt lat="49.252998" lon="10.409193"></trkpt>
      <trkpt lat="49.251299" lon="10.404335"></trkpt>
      <trkpt lat="49.24703" lon="10.394182"></trkpt>
      <trkpt lat="49.24575" lon="10.390321"></trkpt>
      <trkpt lat="49.244762" lon="10.386301"></trkpt>
      <trkpt lat="49.243965" lon="10.381608"></trkpt>
      <trkpt lat="49.243376" lon="10.376358"></trkpt>
      <trkpt lat="49.24185" lon="10.352247"></trkpt>
      <trkpt lat="49.241103" lon="10.344522"></trkpt>
      <trkpt lat="49.240229" lon="10.338245"></trkpt>
      <trkpt lat="49.239159" lon="10.332817"></trkpt>
      <trkpt lat="49.237396" lon="10.326107"></trkpt>
      <trkpt lat="49.236048" lon="10.322067"></trkpt>
      <trkpt lat="49.231969" lon="10.310796"></trkpt>
      <trkpt lat="49.230757" lon="10.306705"></trkpt>
      <trkpt lat="49.229925" lon="10.303206"></trkpt>
      <trkpt lat="49.228754" lon="10.296277"></trkpt>
      <trkpt lat="49.227938" lon="10.287722"></trkpt>
      <trkpt lat="49.227269" lon="10.282061"></trkpt>
      <trkpt lat="49.226406" lon="10.277294"></trkpt>
      <trkpt lat="49.225284" lon="10.272776"></trkpt>
      <trkpt lat="49.224296" lon="10.269529"></trkpt>
      <trkpt lat="49.222971" lon="10.266"></trkpt>
      <trkpt lat="49.221547" lon="10.263045"></trkpt>
      <trkpt lat="49.219891" lon="10.260281"></trkpt>
      <trkpt lat="49.218632" lon="10.258599"></trkpt>
      <trkpt lat="49.217026" lon="10.256832"></trkpt>
      <trkpt lat="49.21077" lon="10.250971"></trkpt>
      <trkpt lat="49.208584" lon="10.248311"></trkpt>
      <trkpt lat="49.206647" lon="10.245383"></trkpt>
      <trkpt lat="49.20491" lon="10.241563"></trkpt>
      <trkpt lat="49.20447" lon="10.240362"></trkpt>
      <trkpt lat="49.203735" lon="10.237688"></trkpt>
      <trkpt lat="49.203354" lon="10.235724"></trkpt>
      <trkpt lat="49.203088" lon="10.233344"></trkpt>
      <trkpt lat="49.203095" lon="10.231923"></trkpt>
      <trkpt lat="49.203239" lon="10.231482"></trkpt>
      <trkpt lat="49.203468" lon="10.231253"></trkpt>
      <trkpt lat="49.203876" lon="10.231221"></trkpt>
      <trkpt lat="49.20413" lon="10.231452"></trkpt>
      <trkpt lat="49.204318" lon="10.232247"></trkpt>
      <trkpt lat="49.204238" lon="10.232606"></trkpt>
      <trkpt lat="49.20397" lon="10.233003"></trkpt>
      <trkpt lat="49.20023" lon="10.234833"></trkpt>
      <trkpt lat="49.197922" lon="10.235586"></trkpt>
      <trkpt lat="49.196383" lon="10.235957"></trkpt>
      <trkpt lat="49.187182" lon="10.237453"></trkpt>
      <trkpt lat="49.183969" lon="10.238444"></trkpt>
      <trkpt lat="49.181379" lon="10.23972"></trkpt>
      <trkpt lat="49.178446" lon="10.24172"></trkpt>
      <trkpt lat="49.176382" lon="10.243506"></trkpt>
      <trkpt lat="49.17518" lon="10.244773"></trkpt>
      <trkpt lat="49.172704" lon="10.247793"></trkpt>
      <trkpt lat="49.167452" lon="10.255262"></trkpt>
      <trkpt lat="49.165497" lon="10.257811"></trkpt>
      <trkpt lat="49.16346" lon="10.260106"></trkpt>
      <trkpt lat="49.16202" lon="10.261442"></trkpt>
      <trkpt lat="49.160454" lon="10.262664"></trkpt>
      <trkpt lat="49.158831" lon="10.26371"></trkpt>
      <trkpt lat="49.156527" lon="10.264771"></trkpt>
      <trkpt lat="49.15496" lon="10.265278"></trkpt>
      <trkpt lat="49.152607" lon="10.265713"></trkpt>
      <trkpt lat="49.151002" lon="10.265778"></trkpt>
      <trkpt lat="49.148094" lon="10.26545"></trkpt>
      <trkpt lat="49.146768" lon="10.265094"></trkpt>
      <trkpt lat="49.144704" lon="10.264318"></trkpt>
      <trkpt lat="49.140684" lon="10.262252"></trkpt>
      <trkpt lat="49.138971" lon="10.261444"></trkpt>
      <trkpt lat="49.137565" lon="10.260949"></trkpt>
      <trkpt lat="49.135648" lon="10.260579"></trkpt>
      <trkpt lat="49.132078" lon="10.260555"></trkpt>
      <trkpt lat="49.130467" lon="10.260399"></trkpt>
      <trkpt lat="49.1292" lon="10.259972"></trkpt>
      <trkpt lat="49.128019" lon="10.259268"></trkpt>
      <trkpt lat="49.126972" lon="10.258405"></trkpt>
      <trkpt lat="49.125233" lon="10.256259"></trkpt>
      <trkpt lat="49.124023" lon="10.253772"></trkpt>
      <trkpt lat="49.123588" lon="10.25245"></trkpt>
      <trkpt lat="49.123014" lon="10.249787"></trkpt>
      <trkpt lat="49.122539" lon="10.245115"></trkpt>
      <trkpt lat="49.122028" lon="10.24199"></trkpt>
      <trkpt lat="49.12126" lon="10.23971"></trkpt>
      <trkpt lat="49.120385" lon="10.23788"></trkpt>
      <trkpt lat="49.119699" lon="10.236802"></trkpt>
      <trkpt lat="49.118114" lon="10.235088"></trkpt>
      <trkpt lat="49.116927" lon="10.234174"></trkpt>
      <trkpt lat="49.113182" lon="10.231855"></trkpt>
      <trkpt lat="49.111774" lon="10.230645"></trkpt>
      <trkpt lat="49.110715" lon="10.229489"></trkpt>
      <trkpt lat="49.109755" lon="10.228218"></trkpt>
      <trkpt lat="49.108753" lon="10.226585"></trkpt>
      <trkpt lat="49.106285" lon="10.22132"></trkpt>
      <trkpt lat="49.10437" lon="10.217923"></trkpt>
      <trkpt lat="49.10328" lon="10.216424"></trkpt>
      <trkpt lat="49.101799" lon="10.214753"></trkpt>
      <trkpt lat="49.10038" lon="10.21344"></trkpt>
      <trkpt lat="49.097743" lon="10.211636"></trkpt>
      <trkpt lat="49.095071" lon="10.210497"></trkpt>
      <trkpt lat="49.088385" lon="10.208491"></trkpt>
      <trkpt lat="49.084851" lon="10.207286"></trkpt>
      <trkpt lat="49.083509" lon="10.206631"></trkpt>
      <trkpt lat="49.081756" lon="10.205519"></trkpt>
      <trkpt lat="49.080278" lon="10.204272"></trkpt>
      <trkpt lat="49.078296" lon="10.202201"></trkpt>
      <trkpt lat="49.062427" lon="10.182604"></trkpt>
      <trkpt lat="49.060927" lon="10.180983"></trkpt>
      <trkpt lat="49.059519" lon="10.17974"></trkpt>
      <trkpt lat="49.058719" lon="10.17917"></trkpt>
      <trkpt lat="49.056508" lon="10.177984"></trkpt>
      <trkpt lat="49.055371" lon="10.177577"></trkpt>
      <trkpt lat="49.054206" lon="10.177311"></trkpt>
      <trkpt lat="49.052773" lon="10.177102"></trkpt>
      <trkpt lat="49.051527" lon="10.17709"></trkpt>
      <trkpt lat="49.048813" lon="10.177533"></trkpt>
      <trkpt lat="49.046756" lon="10.17842"></trkpt>
      <trkpt lat="49.045196" lon="10.179317"></trkpt>
      <trkpt lat="49.041937" lon="10.181853"></trkpt>
      <trkpt lat="49.032316" lon="10.190686"></trkpt>
      <trkpt lat="49.029969" lon="10.192663"></trkpt>
      <trkpt lat="49.028678" lon="10.19358"></trkpt>
      <trkpt lat="49.026451" lon="10.194872"></trkpt>
      <trkpt lat="49.024667" lon="10.195654"></trkpt>
      <trkpt lat="49.022363" lon="10.196431"></trkpt>
      <trkpt lat="49.019833" lon="10.196914"></trkpt>
      <trkpt lat="49.017346" lon="10.197093"></trkpt>
      <trkpt lat="49.015687" lon="10.197006"></trkpt>
      <trkpt lat="49.013576" lon="10.196692"></trkpt>
      <trkpt lat="49.011541" lon="10.196231"></trkpt>
      <trkpt lat="49.005446" lon="10.194161"></trkpt>
      <trkpt lat="49.003753" lon="10.193789"></trkpt>
      <trkpt lat="49.001985" lon="10.193615"></trkpt>
      <trkpt lat="48.999899" lon="10.19355"></trkpt>
      <trkpt lat="48.998491" lon="10.193687"></trkpt>
      <trkpt lat="48.996887" lon="10.193941"></trkpt>
      <trkpt lat="48.992373" lon="10.194932"></trkpt>
      <trkpt lat="48.989569" lon="10.195319"></trkpt>
      <trkpt lat="48.986977" lon="10.195293"></trkpt>
      <trkpt lat="48.984336" lon="10.194847"></trkpt>
      <trkpt lat="48.981514" lon="10.19395"></trkpt>
      <trkpt lat="48.978858" lon="10.192635"></trkpt>
      <trkpt lat="48.972302" lon="10.188136"></trkpt>
      <trkpt lat="48.970182" lon="10.186803"></trkpt>
      <trkpt lat="48.968497" lon="10.186024"></trkpt>
      <trkpt lat="48.966923" lon="10.185462"></trkpt>
      <trkpt lat="48.965046" lon="10.184982"></trkpt>
      <trkpt lat="48.962925" lon="10.184721"></trkpt>
      <trkpt lat="48.961372" lon="10.184674"></trkpt>
      <trkpt lat="48.958318" lon="10.185112"></trkpt>
      <trkpt lat="48.955985" lon="10.185789"></trkpt>
      <trkpt lat="48.954487" lon="10.186417"></trkpt>
      <trkpt lat="48.945719" lon="10.190716"></trkpt>
      <trkpt lat="48.941718" lon="10.192282"></trkpt>
      <trkpt lat="48.939561" lon="10.192949"></trkpt>
      <trkpt lat="48.937187" lon="10.193589"></trkpt>
      <trkpt lat="48.932505" lon="10.194378"></trkpt>
      <trkpt lat="48.929974" lon="10.194614"></trkpt>
      <trkpt lat="48.925515" lon="10.194687"></trkpt>
      <trkpt lat="48.923005" lon="10.194479"></trkpt>
      <trkpt lat="48.918993" lon="10.193674"></trkpt>
      <trkpt lat="48.915626" lon="10.192422"></trkpt>
      <trkpt lat="48.913546" lon="10.19151"></trkpt>
      <trkpt lat="48.910383" lon="10.189752"></trkpt>
      <trkpt lat="48.908194" lon="10.188244"></trkpt>
      <trkpt lat="48.905882" lon="10.18637"></trkpt>
      <trkpt lat="48.903416" lon="10.1841"></trkpt>
      <trkpt lat="48.901185" lon="10.181717"></trkpt>
      <trkpt lat="48.899275" lon="10.179424"></trkpt>
      <trkpt lat="48.893286" lon="10.171076"></trkpt>
      <trkpt lat="48.89098" lon="10.16853"></trkpt>
      <trkpt lat="48.888499" lon="10.166637"></trkpt>
      <trkpt lat="48.886397" lon="10.165579"></trkpt>
      <trkpt lat="48.885057" lon="10.165118"></trkpt>
      <trkpt lat="48.883852" lon="10.164865"></trkpt>
      <trkpt lat="48.881789" lon="10.16471"></trkpt>
      <trkpt lat="48.879965" lon="10.164875"></trkpt>
      <trkpt lat="48.878827" lon="10.165136"></trkpt>
      <trkpt lat="48.876793" lon="10.165868"></trkpt>
      <trkpt lat="48.87571" lon="10.166429"></trkpt>
      <trkpt lat="48.873804" lon="10.167703"></trkpt>
      <trkpt lat="48.872571" lon="10.168779"></trkpt>
      <trkpt lat="48.87141" lon="10.170028"></trkpt>
      <trkpt lat="48.870332" lon="10.171438"></trkpt>
      <trkpt lat="48.868343" lon="10.17488"></trkpt>
      <trkpt lat="48.866858" lon="10.178488"></trkpt>
      <trkpt lat="48.865939" lon="10.181563"></trkpt>
      <trkpt lat="48.864403" lon="10.187667"></trkpt>
      <trkpt lat="48.863428" lon="10.190451"></trkpt>
      <trkpt lat="48.862046" lon="10.193048"></trkpt>
      <trkpt lat="48.861172" lon="10.19425"></trkpt>
      <trkpt lat="48.860059" lon="10.195433"></trkpt>
      <trkpt lat="48.858079" lon="10.19688"></trkpt>
      <trkpt lat="48.856856" lon="10.197423"></trkpt>
      <trkpt lat="48.855918" lon="10.197668"></trkpt>
      <trkpt lat="48.853958" lon="10.197818"></trkpt>
      <trkpt lat="48.849773" lon="10.197363"></trkpt>
      <trkpt lat="48.847327" lon="10.197246"></trkpt>
      <trkpt lat="48.845422" lon="10.197466"></trkpt>
      <trkpt lat="48.8441" lon="10.197806"></trkpt>
      <trkpt lat="48.84162" lon="10.198857"></trkpt>
      <trkpt lat="48.839157" lon="10.20053"></trkpt>
      <trkpt lat="48.838161" lon="10.201397"></trkpt>
      <trkpt lat="48.836845" lon="10.202785"></trkpt>
      <trkpt lat="48.835433" lon="10.204578"></trkpt>
      <trkpt lat="48.831434" lon="10.210565"></trkpt>
      <trkpt lat="48.829888" lon="10.212341"></trkpt>
      <trkpt lat="48.828918" lon="10.213264"></trkpt>
      <trkpt lat="48.827293" lon="10.214501"></trkpt>
      <trkpt lat="48.82571" lon="10.215387"></trkpt>
      <trkpt lat="48.82391" lon="10.216085"></trkpt>
      <trkpt lat="48.822532" lon="10.216392"></trkpt>
      <trkpt lat="48.820837" lon="10.216532"></trkpt>
      <trkpt lat="48.819243" lon="10.21641"></trkpt>
      <trkpt lat="48.817538" lon="10.215998"></trkpt>
      <trkpt lat="48.815807" lon="10.215281"></trkpt>
      <trkpt lat="48.812032" lon="10.213213"></trkpt>
      <trkpt lat="48.808462" lon="10.211519"></trkpt>
      <trkpt lat="48.805377" lon="10.210462"></trkpt>
      <trkpt lat="48.803344" lon="10.209995"></trkpt>
      <trkpt lat="48.801736" lon="10.209767"></trkpt>
      <trkpt lat="48.798977" lon="10.209599"></trkpt>
      <trkpt lat="48.79626" lon="10.209728"></trkpt>
      <trkpt lat="48.795101" lon="10.209883"></trkpt>
      <trkpt lat="48.785468" lon="10.211874"></trkpt>
      <trkpt lat="48.783424" lon="10.212076"></trkpt>
      <trkpt lat="48.78141" lon="10.21214"></trkpt>
      <trkpt lat="48.778973" lon="10.212025"></trkpt>
      <trkpt lat="48.775012" lon="10.211442"></trkpt>
      <trkpt lat="48.771723" lon="10.210546"></trkpt>
      <trkpt lat="48.770432" lon="10.210062"></trkpt>
      <trkpt lat="48.766258" lon="10.208131"></trkpt>
      <trkpt lat="48.762985" lon="10.206149"></trkpt>
      <trkpt lat="48.754777" lon="10.200611"></trkpt>
      <trkpt lat="48.752196" lon="10.199128"></trkpt>
      <trkpt lat="48.74988" lon="10.198024"></trkpt>
      <trkpt lat="48.747001" lon="10.197059"></trkpt>
      <trkpt lat="48.744667" lon="10.196582"></trkpt>
      <trkpt lat="48.742027" lon="10.196356"></trkpt>
      <trkpt lat="48.740259" lon="10.196401"></trkpt>
      <trkpt lat="48.737706" lon="10.196729"></trkpt>
      <trkpt lat="48.734988" lon="10.197417"></trkpt>
      <trkpt lat="48.732492" lon="10.198366"></trkpt>
      <trkpt lat="48.729973" lon="10.199587"></trkpt>
      <trkpt lat="48.727147" lon="10.201248"></trkpt>
      <trkpt lat="48.723549" lon="10.203649"></trkpt>
      <trkpt lat="48.716704" lon="10.208523"></trkpt>
      <trkpt lat="48.713435" lon="10.210649"></trkpt>
      <trkpt lat="48.709741" lon="10.212668"></trkpt>
      <trkpt lat="48.706987" lon="10.213826"></trkpt>
      <trkpt lat="48.704713" lon="10.214501"></trkpt>
      <trkpt lat="48.703319" lon="10.214794"></trkpt>
      <trkpt lat="48.701078" lon="10.215055"></trkpt>
      <trkpt lat="48.698345" lon="10.21507"></trkpt>
      <trkpt lat="48.691194" lon="10.214375"></trkpt>
      <trkpt lat="48.688316" lon="10.214314"></trkpt>
      <trkpt lat="48.685911" lon="10.214594"></trkpt>
      <trkpt lat="48.682988" lon="10.21545"></trkpt>
      <trkpt lat="48.680137" lon="10.216881"></trkpt>
      <trkpt lat="48.678072" lon="10.218396"></trkpt>
      <trkpt lat="48.674807" lon="10.221296"></trkpt>
      <trkpt lat="48.666298" lon="10.229201"></trkpt>
      <trkpt lat="48.664517" lon="10.230699"></trkpt>
      <trkpt lat="48.663432" lon="10.231464"></trkpt>
      <trkpt lat="48.661798" lon="10.232305"></trkpt>
      <trkpt lat="48.660061" lon="10.232745"></trkpt>
      <trkpt lat="48.658111" lon="10.232723"></trkpt>
      <trkpt lat="48.656715" lon="10.232368"></trkpt>
      <trkpt lat="48.655673" lon="10.23191"></trkpt>
      <trkpt lat="48.654521" lon="10.23119"></trkpt>
      <trkpt lat="48.652748" lon="10.229556"></trkpt>
      <trkpt lat="48.651096" lon="10.227256"></trkpt>
      <trkpt lat="48.648709" lon="10.222365"></trkpt>
      <trkpt lat="48.647256" lon="10.220162"></trkpt>
      <trkpt lat="48.646435" lon="10.219221"></trkpt>
      <trkpt lat="48.645105" lon="10.218036"></trkpt>
      <trkpt lat="48.643864" lon="10.217222"></trkpt>
      <trkpt lat="48.642914" lon="10.216771"></trkpt>
      <trkpt lat="48.641601" lon="10.216357"></trkpt>
      <trkpt lat="48.64059" lon="10.216208"></trkpt>
      <trkpt lat="48.639512" lon="10.216206"></trkpt>
      <trkpt lat="48.638403" lon="10.216358"></trkpt>
      <trkpt lat="48.637219" lon="10.216706"></trkpt>
      <trkpt lat="48.636191" lon="10.217173"></trkpt>
      <trkpt lat="48.633241" lon="10.219037"></trkpt>
      <trkpt lat="48.631964" lon="10.219664"></trkpt>
      <trkpt lat="48.630651" lon="10.220098"></trkpt>
      <trkpt lat="48.629317" lon="10.220335"></trkpt>
      <trkpt lat="48.627555" lon="10.220343"></trkpt>
      <trkpt lat="48.625884" lon="10.219983"></trkpt>
      <trkpt lat="48.624023" lon="10.219291"></trkpt>
      <trkpt lat="48.62223" lon="10.21815"></trkpt>
      <trkpt lat="48.621272" lon="10.217338"></trkpt>
      <trkpt lat="48.620083" lon="10.216005"></trkpt>
      <trkpt lat="48.608139" lon="10.200839"></trkpt>
      <trkpt lat="48.604255" lon="10.196495"></trkpt>
      <trkpt lat="48.601242" lon="10.193717"></trkpt>
      <trkpt lat="48.594897" lon="10.188793"></trkpt>
      <trkpt lat="48.593134" lon="10.187286"></trkpt>
      <trkpt lat="48.590442" lon="10.184734"></trkpt>
      <trkpt lat="48.58752" lon="10.181564"></trkpt>
      <trkpt lat="48.585066" lon="10.17852"></trkpt>
      <trkpt lat="48.582255" lon="10.174553"></trkpt>
      <trkpt lat="48.579898" lon="10.170745"></trkpt>
      <trkpt lat="48.577716" lon="10.166756"></trkpt>
      <trkpt lat="48.564392" lon="10.140573"></trkpt>
      <trkpt lat="48.561427" lon="10.134481"></trkpt>
      <trkpt lat="48.558269" lon="10.127515"></trkpt>
      <trkpt lat="48.552865" lon="10.114908"></trkpt>
      <trkpt lat="48.55024" lon="10.109642"></trkpt>
      <trkpt lat="48.54791" lon="10.105631"></trkpt>
      <trkpt lat="48.544896" lon="10.101162"></trkpt>
      <trkpt lat="48.543814" lon="10.099726"></trkpt>
      <trkpt lat="48.542164" lon="10.097634"></trkpt>
      <trkpt lat="48.53871" lon="10.093848"></trkpt>
      <trkpt lat="48.536112" lon="10.091415"></trkpt>
      <trkpt lat="48.533687" lon="10.089346"></trkpt>
      <trkpt lat="48.531057" lon="10.087412"></trkpt>
      <trkpt lat="48.5284" lon="10.085642"></trkpt>
      <trkpt lat="48.523908" lon="10.08331"></trkpt>
      <trkpt lat="48.520981" lon="10.082257"></trkpt>
      <trkpt lat="48.5179" lon="10.081449"></trkpt>
      <trkpt lat="48.514142" lon="10.080962"></trkpt>
      <trkpt lat="48.511" lon="10.080955"></trkpt>
      <trkpt lat="48.507845" lon="10.081318"></trkpt>
      <trkpt lat="48.506038" lon="10.081693"></trkpt>
      <trkpt lat="48.503792" lon="10.082338"></trkpt>
      <trkpt lat="48.501159" lon="10.083354"></trkpt>
      <trkpt lat="48.497762" lon="10.085097"></trkpt>
      <trkpt lat="48.495237" lon="10.086733"></trkpt>
      <trkpt lat="48.493178" lon="10.088298"></trkpt>
      <trkpt lat="48.490672" lon="10.09056"></trkpt>
      <trkpt lat="48.48816" lon="10.093159"></trkpt>
      <trkpt lat="48.486366" lon="10.095304"></trkpt>
      <trkpt lat="48.481321" lon="10.102282"></trkpt>
      <trkpt lat="48.477999" lon="10.106467"></trkpt>
      <trkpt lat="48.476196" lon="10.108358"></trkpt>
      <trkpt lat="48.47346" lon="10.110787"></trkpt>
      <trkpt lat="48.471522" lon="10.112224"></trkpt>
      <trkpt lat="48.469353" lon="10.113584"></trkpt>
      <trkpt lat="48.466709" lon="10.114918"></trkpt>
      <trkpt lat="48.462821" lon="10.116296"></trkpt>
      <trkpt lat="48.460362" lon="10.116831"></trkpt>
      <trkpt lat="48.457994" lon="10.117086"></trkpt>
      <trkpt lat="48.454951" lon="10.117078"></trkpt>
      <trkpt lat="48.452663" lon="10.116817"></trkpt>
      <trkpt lat="48.451074" lon="10.116501"></trkpt>
      <trkpt lat="48.448761" lon="10.115837"></trkpt>
      <trkpt lat="48.447027" lon="10.11519"></trkpt>
      <trkpt lat="48.443792" lon="10.113597"></trkpt>
      <trkpt lat="48.441321" lon="10.112017"></trkpt>
      <trkpt lat="48.439044" lon="10.110261"></trkpt>
      <trkpt lat="48.435881" lon="10.107312"></trkpt>
      <trkpt lat="48.430404" lon="10.101658"></trkpt>
      <trkpt lat="48.428137" lon="10.099658"></trkpt>
      <trkpt lat="48.42664" lon="10.098531"></trkpt>
      <trkpt lat="48.424081" lon="10.096931"></trkpt>
      <trkpt lat="48.42194" lon="10.095886"></trkpt>
      <trkpt lat="48.416479" lon="10.093799"></trkpt>
      <trkpt lat="48.415423" lon="10.093696"></trkpt>
      <trkpt lat="48.415111" lon="10.093555"></trkpt>
      <trkpt lat="48.414421" lon="10.092442"></trkpt>
      <trkpt lat="48.414051" lon="10.092166"></trkpt>
      <trkpt lat="48.413315" lon="10.091974"></trkpt>
      <trkpt lat="48.412933" lon="10.091632"></trkpt>
      <trkpt lat="48.411581" lon="10.088028"></trkpt>
      <trkpt lat="48.409818" lon="10.084804"></trkpt>
      <trkpt lat="48.40367" lon="10.076587"></trkpt>
      <trkpt lat="48.401372" lon="10.073035"></trkpt>
      <trkpt lat="48.399347" lon="10.069505"></trkpt>
      <trkpt lat="48.397879" lon="10.066652"></trkpt>
      <trkpt lat="48.395665" lon="10.061783"></trkpt>
      <trkpt lat="48.391708" lon="10.051775"></trkpt>
      <trkpt lat="48.390045" lon="10.048159"></trkpt>
      <trkpt lat="48.387752" lon="10.043817"></trkpt>
      <trkpt lat="48.387119" lon="10.042299"></trkpt>
      <trkpt lat="48.386734" lon="10.040496"></trkpt>
      <trkpt lat="48.38662" lon="10.038714"></trkpt>
      <trkpt lat="48.387164" lon="10.029666"></trkpt>
      <trkpt lat="48.386836" lon="10.025069"></trkpt>
      <trkpt lat="48.386021" lon="10.020075"></trkpt>
      <trkpt lat="48.384655" lon="10.01343"></trkpt>
      <trkpt lat="48.38404" lon="10.009342"></trkpt>
      <trkpt lat="48.383747" lon="10.008038"></trkpt>
      <trkpt lat="48.383004" lon="10.005825"></trkpt>
      <trkpt lat="48.382418" lon="10.003614"></trkpt>
      <trkpt lat="48.381132" lon="9.996056"></trkpt>
      <trkpt lat="48.380454" lon="9.993179"></trkpt>
      <trkpt lat="48.380493" lon="9.992725"></trkpt>
      <trkpt lat="48.380677" lon="9.992573"></trkpt>
      <trkpt lat="48.381354" lon="9.992688"></trkpt>
      <trkpt lat="48.381566" lon="9.992926"></trkpt>
      <trkpt lat="48.38161" lon="9.993278"></trkpt>
      <trkpt lat="48.381496" lon="9.993526"></trkpt>
      <trkpt lat="48.381025" lon="9.993611"></trkpt>
      <trkpt lat="48.378282" lon="9.992666"></trkpt>
      <trkpt lat="48.377031" lon="9.992473"></trkpt>
      <trkpt lat="48.376105" lon="9.992502"></trkpt>
      <trkpt lat="48.374679" lon="9.992747"></trkpt>
      <trkpt lat="48.371825" lon="9.994006"></trkpt>
      <trkpt lat="48.37097" lon="9.9942"></trkpt>
      <trkpt lat="48.370216" lon="9.994051"></trkpt>
      <trkpt lat="48.369363" lon="9.993405"></trkpt>
      <trkpt lat="48.368509" lon="9.992036"></trkpt>
      <trkpt lat="48.368026" lon="9.990955"></trkpt>
      <trkpt lat="48.365918" lon="9.98548"></trkpt>
      <trkpt lat="48.364521" lon="9.981039"></trkpt>
      <trkpt lat="48.362196" lon="9.972261"></trkpt>
      <trkpt lat="48.361136" lon="9.969268"></trkpt>
      <trkpt lat="48.360048" lon="9.966923"></trkpt>
      <trkpt lat="48.359133" lon="9.965242"></trkpt>
      <trkpt lat="48.356777" lon="9.961892"></trkpt>
      <trkpt lat="48.35378" lon="9.95866"></trkpt>
      <trkpt lat="48.351579" lon="9.956597"></trkpt>
      <trkpt lat="48.349217" lon="9.954629"></trkpt>
      <trkpt lat="48.346777" lon="9.952891"></trkpt>
      <trkpt lat="48.344947" lon="9.951744"></trkpt>
      <trkpt lat="48.339752" lon="9.948973"></trkpt>
      <trkpt lat="48.336896" lon="9.947321"></trkpt>
      <trkpt lat="48.334329" lon="9.945566"></trkpt>
      <trkpt lat="48.332061" lon="9.943764"></trkpt>
      <trkpt lat="48.329735" lon="9.941637"></trkpt>
      <trkpt lat="48.32639" lon="9.938034"></trkpt>
      <trkpt lat="48.321852" lon="9.932066"></trkpt>
      <trkpt lat="48.320049" lon="9.92986"></trkpt>
      <trkpt lat="48.317961" lon="9.927892"></trkpt>
      <trkpt lat="48.316141" lon="9.92661"></trkpt>
      <trkpt lat="48.314752" lon="9.925854"></trkpt>
      <trkpt lat="48.313504" lon="9.925331"></trkpt>
      <trkpt lat="48.311924" lon="9.924899"></trkpt>
      <trkpt lat="48.309492" lon="9.924568"></trkpt>
      <trkpt lat="48.303692" lon="9.924158"></trkpt>
      <trkpt lat="48.301121" lon="9.923767"></trkpt>
      <trkpt lat="48.297232" lon="9.922856"></trkpt>
      <trkpt lat="48.293374" lon="9.921587"></trkpt>
      <trkpt lat="48.288085" lon="9.919331"></trkpt>
      <trkpt lat="48.285039" lon="9.917771"></trkpt>
      <trkpt lat="48.283098" lon="9.916646"></trkpt>
      <trkpt lat="48.27947" lon="9.914215"></trkpt>
      <trkpt lat="48.276943" lon="9.912282"></trkpt>
      <trkpt lat="48.272547" lon="9.90853"></trkpt>
      <trkpt lat="48.270444" lon="9.907157"></trkpt>
      <trkpt lat="48.268841" lon="9.906558"></trkpt>
      <trkpt lat="48.266926" lon="9.90632"></trkpt>
      <trkpt lat="48.265226" lon="9.906429"></trkpt>
      <trkpt lat="48.263222" lon="9.906755"></trkpt>
      <trkpt lat="48.261709" lon="9.906773"></trkpt>
      <trkpt lat="48.260181" lon="9.906257"></trkpt>
      <trkpt lat="48.259233" lon="9.905645"></trkpt>
      <trkpt lat="48.257857" lon="9.904198"></trkpt>
      <trkpt lat="48.25478" lon="9.899769"></trkpt>
      <trkpt lat="48.250362" lon="9.894401"></trkpt>
      <trkpt lat="48.248043" lon="9.891122"></trkpt>
      <trkpt lat="48.247043" lon="9.88932"></trkpt>
      <trkpt lat="48.245839" lon="9.886663"></trkpt>
      <trkpt lat="48.242759" lon="9.878504"></trkpt>
      <trkpt lat="48.241951" lon="9.876745"></trkpt>
      <trkpt lat="48.240631" lon="9.874409"></trkpt>
      <trkpt lat="48.239409" lon="9.872773"></trkpt>
      <trkpt lat="48.238315" lon="9.871566"></trkpt>
      <trkpt lat="48.236253" lon="9.869802"></trkpt>
      <trkpt lat="48.234858" lon="9.868858"></trkpt>
      <trkpt lat="48.232732" lon="9.867868"></trkpt>
      <trkpt lat="48.231507" lon="9.867484"></trkpt>
      <trkpt lat="48.230038" lon="9.867213"></trkpt>
      <trkpt lat="48.22772" lon="9.867208"></trkpt>
      <trkpt lat="48.225441" lon="9.867739"></trkpt>
      <trkpt lat="48.223689" lon="9.868543"></trkpt>
      <trkpt lat="48.221399" lon="9.870194"></trkpt>
      <trkpt lat="48.216525" lon="9.875175"></trkpt>
      <trkpt lat="48.21428" lon="9.877129"></trkpt>
      <trkpt lat="48.212333" lon="9.878363"></trkpt>
      <trkpt lat="48.210729" lon="9.878873"></trkpt>
      <trkpt lat="48.209789" lon="9.87902"></trkpt>
      <trkpt lat="48.208586" lon="9.878991"></trkpt>
      <trkpt lat="48.207649" lon="9.878819"></trkpt>
      <trkpt lat="48.206423" lon="9.878378"></trkpt>
      <trkpt lat="48.205601" lon="9.877944"></trkpt>
      <trkpt lat="48.204366" lon="9.877145"></trkpt>
      <trkpt lat="48.199501" lon="9.873425"></trkpt>
      <trkpt lat="48.19793" lon="9.872605"></trkpt>
      <trkpt lat="48.196208" lon="9.872029"></trkpt>
      <trkpt lat="48.195127" lon="9.871846"></trkpt>
      <trkpt lat="48.190486" lon="9.871683"></trkpt>
      <trkpt lat="48.189717" lon="9.871555"></trkpt>
      <trkpt lat="48.188701" lon="9.871216"></trkpt>
      <trkpt lat="48.187684" lon="9.870639"></trkpt>
      <trkpt lat="48.184422" lon="9.868138"></trkpt>
      <trkpt lat="48.182756" lon="9.867335"></trkpt>
      <trkpt lat="48.180005" lon="9.866295"></trkpt>
      <trkpt lat="48.179019" lon="9.865763"></trkpt>
      <trkpt lat="48.177488" lon="9.864379"></trkpt>
      <trkpt lat="48.174775" lon="9.861093"></trkpt>
      <trkpt lat="48.17394" lon="9.86031"></trkpt>
      <trkpt lat="48.17316" lon="9.859768"></trkpt>
      <trkpt lat="48.172131" lon="9.85932"></trkpt>
      <trkpt lat="48.170907" lon="9.859086"></trkpt>
      <trkpt lat="48.167331" lon="9.859318"></trkpt>
      <trkpt lat="48.166337" lon="9.859271"></trkpt>
      <trkpt lat="48.164687" lon="9.858762"></trkpt>
      <trkpt lat="48.163085" lon="9.85767"></trkpt>
      <trkpt lat="48.162081" lon="9.856704"></trkpt>
      <trkpt lat="48.160853" lon="9.855256"></trkpt>
      <trkpt lat="48.159384" lon="9.853177"></trkpt>
      <trkpt lat="48.158154" lon="9.851083"></trkpt>
      <trkpt lat="48.156126" lon="9.846953"></trkpt>
      <trkpt lat="48.152857" lon="9.839162"></trkpt>
      <trkpt lat="48.1519" lon="9.837272"></trkpt>
      <trkpt lat="48.150866" lon="9.835673"></trkpt>
      <trkpt lat="48.149712" lon="9.834309"></trkpt>
      <trkpt lat="48.148566" lon="9.833271"></trkpt>
      <trkpt lat="48.144312" lon="9.830644"></trkpt>
      <trkpt lat="48.143321" lon="9.829797"></trkpt>
      <trkpt lat="48.14067" lon="9.827088"></trkpt>
      <trkpt lat="48.139258" lon="9.8258"></trkpt>
      <trkpt lat="48.138341" lon="9.825092"></trkpt>
      <trkpt lat="48.136379" lon="9.823913"></trkpt>
      <trkpt lat="48.134166" lon="9.823018"></trkpt>
      <trkpt lat="48.133015" lon="9.822725"></trkpt>
      <trkpt lat="48.131555" lon="9.822524"></trkpt>
      <trkpt lat="48.130172" lon="9.822493"></trkpt>
      <trkpt lat="48.128875" lon="9.822601"></trkpt>
      <trkpt lat="48.126298" lon="9.823255"></trkpt>
      <trkpt lat="48.124249" lon="9.824197"></trkpt>
      <trkpt lat="48.121977" lon="9.825739"></trkpt>
      <trkpt lat="48.117914" lon="9.829589"></trkpt>
      <trkpt lat="48.116179" lon="9.830997"></trkpt>
      <trkpt lat="48.114909" lon="9.831696"></trkpt>
      <trkpt lat="48.113302" lon="9.832147"></trkpt>
      <trkpt lat="48.111713" lon="9.832087"></trkpt>
      <trkpt lat="48.1105" lon="9.831714"></trkpt>
      <trkpt lat="48.108924" lon="9.83089"></trkpt>
      <trkpt lat="48.105459" lon="9.828645"></trkpt>
      <trkpt lat="48.104569" lon="9.828225"></trkpt>
      <trkpt lat="48.103306" lon="9.827812"></trkpt>
      <trkpt lat="48.10209" lon="9.827634"></trkpt>
      <trkpt lat="48.101094" lon="9.827626"></trkpt>
      <trkpt lat="48.096924" lon="9.828403"></trkpt>
      <trkpt lat="48.095712" lon="9.828385"></trkpt>
      <trkpt lat="48.094405" lon="9.828068"></trkpt>
      <trkpt lat="48.092763" lon="9.827132"></trkpt>
      <trkpt lat="48.091343" lon="9.82578"></trkpt>
      <trkpt lat="48.090108" lon="9.824185"></trkpt>
      <trkpt lat="48.086722" lon="9.818995"></trkpt>
      <trkpt lat="48.085755" lon="9.817829"></trkpt>
      <trkpt lat="48.084502" lon="9.816719"></trkpt>
      <trkpt lat="48.083092" lon="9.815935"></trkpt>
      <trkpt lat="48.082325" lon="9.815664"></trkpt>
      <trkpt lat="48.081312" lon="9.815493"></trkpt>
      <trkpt lat="48.080259" lon="9.815517"></trkpt>
      <trkpt lat="48.078085" lon="9.816117"></trkpt>
      <trkpt lat="48.076514" lon="9.816283"></trkpt>
      <trkpt lat="48.075208" lon="9.816039"></trkpt>
      <trkpt lat="48.074003" lon="9.815508"></trkpt>
      <trkpt lat="48.072966" lon="9.814626"></trkpt>
      <trkpt lat="48.070833" lon="9.812163"></trkpt>
      <trkpt lat="48.067516" lon="9.807834"></trkpt>
      <trkpt lat="48.065467" lon="9.805881"></trkpt>
      <trkpt lat="48.063247" lon="9.804454"></trkpt>
      <trkpt lat="48.058365" lon="9.802201"></trkpt>
      <trkpt lat="48.055151" lon="9.800353"></trkpt>
      <trkpt lat="48.053001" lon="9.798829"></trkpt>
      <trkpt lat="48.046272" lon="9.793372"></trkpt>
      <trkpt lat="48.043633" lon="9.791506"></trkpt>
      <trkpt lat="48.03773" lon="9.787723"></trkpt>
      <trkpt lat="48.030451" lon="9.782123"></trkpt>
      <trkpt lat="48.028643" lon="9.781255"></trkpt>
      <trkpt lat="48.025691" lon="9.780552"></trkpt>
      <trkpt lat="48.02325" lon="9.780388"></trkpt>
      <trkpt lat="48.018617" lon="9.780896"></trkpt>
      <trkpt lat="48.017776" lon="9.780743"></trkpt>
      <trkpt lat="48.016743" lon="9.78021"></trkpt>
      <trkpt lat="48.012002" lon="9.776645"></trkpt>
      <trkpt lat="48.007555" lon="9.774328"></trkpt>
      <trkpt lat="48.004353" lon="9.772079"></trkpt>
      <trkpt lat="48.003637" lon="9.771724"></trkpt>
      <trkpt lat="48.002891" lon="9.771583"></trkpt>
      <trkpt lat="48.002266" lon="9.771675"></trkpt>
      <trkpt lat="47.999407" lon="9.772946"></trkpt>
      <trkpt lat="47.996669" lon="9.77396"></trkpt>
      <trkpt lat="47.995101" lon="9.774847"></trkpt>
      <trkpt lat="47.992591" lon="9.776651"></trkpt>
      <trkpt lat="47.991314" lon="9.777229"></trkpt>
      <trkpt lat="47.990588" lon="9.777288"></trkpt>
      <trkpt lat="47.990115" lon="9.777209"></trkpt>
      <trkpt lat="47.989107" lon="9.776738"></trkpt>
      <trkpt lat="47.988306" lon="9.775904"></trkpt>
      <trkpt lat="47.986844" lon="9.773731"></trkpt>
      <trkpt lat="47.986284" lon="9.77328"></trkpt>
      <trkpt lat="47.985534" lon="9.773003"></trkpt>
      <trkpt lat="47.984791" lon="9.773064"></trkpt>
      <trkpt lat="47.9842" lon="9.773342"></trkpt>
      <trkpt lat="47.981914" lon="9.775387"></trkpt>
      <trkpt lat="47.980895" lon="9.77598"></trkpt>
      <trkpt lat="47.979512" lon="9.776306"></trkpt>
      <trkpt lat="47.978361" lon="9.7762"></trkpt>
      <trkpt lat="47.977006" lon="9.775615"></trkpt>
      <trkpt lat="47.975549" lon="9.774474"></trkpt>
      <trkpt lat="47.973678" lon="9.772654"></trkpt>
      <trkpt lat="47.972478" lon="9.771185"></trkpt>
      <trkpt lat="47.972086" lon="9.770422"></trkpt>
      <trkpt lat="47.97183" lon="9.769506"></trkpt>
      <trkpt lat="47.971791" lon="9.766851"></trkpt>
      <trkpt lat="47.971633" lon="9.765812"></trkpt>
      <trkpt lat="47.971165" lon="9.764755"></trkpt>
      <trkpt lat="47.970878" lon="9.764379"></trkpt>
      <trkpt lat="47.970281" lon="9.763914"></trkpt>
      <trkpt lat="47.969341" lon="9.763687"></trkpt>
      <trkpt lat="47.96582" lon="9.764075"></trkpt>
      <trkpt lat="47.962663" lon="9.763852"></trkpt>
      <trkpt lat="47.960335" lon="9.763264"></trkpt>
      <trkpt lat="47.956788" lon="9.761725"></trkpt>
      <trkpt lat="47.95605" lon="9.761537"></trkpt>
      <trkpt lat="47.955158" lon="9.761563"></trkpt>
      <trkpt lat="47.952973" lon="9.762218"></trkpt>
      <trkpt lat="47.951868" lon="9.762156"></trkpt>
      <trkpt lat="47.951003" lon="9.76178"></trkpt>
      <trkpt lat="47.95026" lon="9.761177"></trkpt>
      <trkpt lat="47.948084" lon="9.75843"></trkpt>
      <trkpt lat="47.94733" lon="9.75773"></trkpt>
      <trkpt lat="47.946521" lon="9.757191"></trkpt>
      <trkpt lat="47.945587" lon="9.756777"></trkpt>
      <trkpt lat="47.944377" lon="9.756559"></trkpt>
      <trkpt lat="47.943646" lon="9.756582"></trkpt>
      <trkpt lat="47.942629" lon="9.75681"></trkpt>
      <trkpt lat="47.940621" lon="9.757661"></trkpt>
      <trkpt lat="47.939602" lon="9.757948"></trkpt>
      <trkpt lat="47.936382" lon="9.758301"></trkpt>
      <trkpt lat="47.935342" lon="9.758731"></trkpt>
      <trkpt lat="47.934443" lon="9.759322"></trkpt>
      <trkpt lat="47.933548" lon="9.760187"></trkpt>
      <trkpt lat="47.932905" lon="9.761034"></trkpt>
      <trkpt lat="47.930446" lon="9.765457"></trkpt>
      <trkpt lat="47.928873" lon="9.767728"></trkpt>
      <trkpt lat="47.927479" lon="9.76915"></trkpt>
      <trkpt lat="47.92568" lon="9.770359"></trkpt>
      <trkpt lat="47.923495" lon="9.771218"></trkpt>
      <trkpt lat="47.920748" lon="9.771591"></trkpt>
      <trkpt lat="47.91899" lon="9.771422"></trkpt>
      <trkpt lat="47.917638" lon="9.770807"></trkpt>
      <trkpt lat="47.916495" lon="9.769805"></trkpt>
      <trkpt lat="47.914843" lon="9.767766"></trkpt>
      <trkpt lat="47.913984" lon="9.766951"></trkpt>
      <trkpt lat="47.913087" lon="9.766403"></trkpt>
      <trkpt lat="47.91128" lon="9.765684"></trkpt>
      <trkpt lat="47.910113" lon="9.764811"></trkpt>
      <trkpt lat="47.909605" lon="9.764199"></trkpt>
      <trkpt lat="47.908965" lon="9.763131"></trkpt>
      <trkpt lat="47.908313" lon="9.761414"></trkpt>
      <trkpt lat="47.907992" lon="9.759835"></trkpt>
      <trkpt lat="47.907842" lon="9.758104"></trkpt>
      <trkpt lat="47.907849" lon="9.756849"></trkpt>
      <trkpt lat="47.908043" lon="9.75501"></trkpt>
      <trkpt lat="47.908496" lon="9.753088"></trkpt>
      <trkpt lat="47.908869" lon="9.752075"></trkpt>
      <trkpt lat="47.910522" lon="9.748423"></trkpt>
      <trkpt lat="47.910846" lon="9.747144"></trkpt>
      <trkpt lat="47.910997" lon="9.745839"></trkpt>
      <trkpt lat="47.91096" lon="9.744414"></trkpt>
      <trkpt lat="47.910719" lon="9.743079"></trkpt>
      <trkpt lat="47.910292" lon="9.741821"></trkpt>
      <trkpt lat="47.909634" lon="9.740445"></trkpt>
      <trkpt lat="47.90784" lon="9.737167"></trkpt>
      <trkpt lat="47.906009" lon="9.734398"></trkpt>
      <trkpt lat="47.896591" lon="9.722356"></trkpt>
      <trkpt lat="47.895277" lon="9.720183"></trkpt>
      <trkpt lat="47.894833" lon="9.719642"></trkpt>
      <trkpt lat="47.89313" lon="9.717846"></trkpt>
      <trkpt lat="47.890902" lon="9.716274"></trkpt>
      <trkpt lat="47.888796" lon="9.714336"></trkpt>
      <trkpt lat="47.887941" lon="9.713788"></trkpt>
      <trkpt lat="47.884476" lon="9.712305"></trkpt>
      <trkpt lat="47.883444" lon="9.711555"></trkpt>
      <trkpt lat="47.878677" lon="9.706079"></trkpt>
      <trkpt lat="47.877289" lon="9.70401"></trkpt>
      <trkpt lat="47.875828" lon="9.703003"></trkpt>
      <trkpt lat="47.874551" lon="9.70183"></trkpt>
      <trkpt lat="47.873765" lon="9.700684"></trkpt>
      <trkpt lat="47.873305" lon="9.699726"></trkpt>
      <trkpt lat="47.872422" lon="9.697012"></trkpt>
      <trkpt lat="47.871333" lon="9.694394"></trkpt>
      <trkpt lat="47.870691" lon="9.693656"></trkpt>
      <trkpt lat="47.869627" lon="9.693108"></trkpt>
      <trkpt lat="47.869102" lon="9.692716"></trkpt>
      <trkpt lat="47.867723" lon="9.690854"></trkpt>
      <trkpt lat="47.866395" lon="9.689319"></trkpt>
      <trkpt lat="47.865934" lon="9.687995"></trkpt>
      <trkpt lat="47.865517" lon="9.683902"></trkpt>
      <trkpt lat="47.865122" lon="9.681324"></trkpt>
      <trkpt lat="47.863184" lon="9.671852"></trkpt>
      <trkpt lat="47.862745" lon="9.669202"></trkpt>
      <trkpt lat="47.862569" lon="9.667024"></trkpt>
      <trkpt lat="47.862593" lon="9.665319"></trkpt>
      <trkpt lat="47.86334" lon="9.659831"></trkpt>
      <trkpt lat="47.863421" lon="9.657772"></trkpt>
      <trkpt lat="47.863204" lon="9.655508"></trkpt>
      <trkpt lat="47.862506" lon="9.652887"></trkpt>
      <trkpt lat="47.861635" lon="9.651053"></trkpt>
      <trkpt lat="47.860004" lon="9.648697"></trkpt>
      <trkpt lat="47.857246" lon="9.645628"></trkpt>
      <trkpt lat="47.855003" lon="9.643489"></trkpt>
      <trkpt lat="47.852868" lon="9.641691"></trkpt>
      <trkpt lat="47.849902" lon="9.639554"></trkpt>
      <trkpt lat="47.84398" lon="9.636172"></trkpt>
      <trkpt lat="47.843229" lon="9.63564"></trkpt>
      <trkpt lat="47.842176" lon="9.634739"></trkpt>
      <trkpt lat="47.840959" lon="9.633333"></trkpt>
      <trkpt lat="47.839757" lon="9.631273"></trkpt>
      <trkpt lat="47.838941" lon="9.629159"></trkpt>
      <trkpt lat="47.838411" lon="9.626975"></trkpt>
      <trkpt lat="47.838018" lon="9.623208"></trkpt>
      <trkpt lat="47.837696" lon="9.621602"></trkpt>
      <trkpt lat="47.83693" lon="9.619494"></trkpt>
      <trkpt lat="47.83606" lon="9.618069"></trkpt>
      <trkpt lat="47.835191" lon="9.617079"></trkpt>
      <trkpt lat="47.834318" lon="9.616391"></trkpt>
      <trkpt lat="47.8337" lon="9.616041"></trkpt>
      <trkpt lat="47.832481" lon="9.615652"></trkpt>
      <trkpt lat="47.830828" lon="9.615701"></trkpt>
      <trkpt lat="47.827836" lon="9.616601"></trkpt>
      <trkpt lat="47.826762" lon="9.616751"></trkpt>
      <trkpt lat="47.825239" lon="9.61662"></trkpt>
      <trkpt lat="47.823726" lon="9.616108"></trkpt>
      <trkpt lat="47.822367" lon="9.615242"></trkpt>
      <trkpt lat="47.821299" lon="9.614277"></trkpt>
      <trkpt lat="47.8183" lon="9.61028"></trkpt>
      <trkpt lat="47.816611" lon="9.608591"></trkpt>
      <trkpt lat="47.814883" lon="9.607423"></trkpt>
      <trkpt lat="47.812944" lon="9.606654"></trkpt>
      <trkpt lat="47.81129" lon="9.606391"></trkpt>
      <trkpt lat="47.809419" lon="9.606502"></trkpt>
      <trkpt lat="47.804959" lon="9.607839"></trkpt>
      <trkpt lat="47.803352" lon="9.608095"></trkpt>
      <trkpt lat="47.801251" lon="9.607989"></trkpt>
      <trkpt lat="47.799994" lon="9.607695"></trkpt>
      <trkpt lat="47.798459" lon="9.607118"></trkpt>
      <trkpt lat="47.793858" lon="9.604645"></trkpt>
      <trkpt lat="47.782507" lon="9.598076"></trkpt>
      <trkpt lat="47.774587" lon="9.592604"></trkpt>
      <trkpt lat="47.771723" lon="9.590976"></trkpt>
      <trkpt lat="47.769889" lon="9.590097"></trkpt>
      <trkpt lat="47.769433" lon="9.589554"></trkpt>
      <trkpt lat="47.76898" lon="9.588336"></trkpt>
      <trkpt lat="47.768615" lon="9.588003"></trkpt>
      <trkpt lat="47.768083" lon="9.587846"></trkpt>
      <trkpt lat="47.768298" lon="9.583582"></trkpt>
      <trkpt lat="47.768663" lon="9.579825"></trkpt>
      <trkpt lat="47.76915" lon="9.577314"></trkpt>
      <trkpt lat="47.769786" lon="9.57558"></trkpt>
      <trkpt lat="47.770388" lon="9.574453"></trkpt>
      <trkpt lat="47.77105" lon="9.573517"></trkpt>
      <trkpt lat="47.773286" lon="9.571312"></trkpt>
      <trkpt lat="47.7739" lon="9.570176"></trkpt>
      <trkpt lat="47.774229" lon="9.569853"></trkpt>
      <trkpt lat="47.775002" lon="9.569735"></trkpt>
      <trkpt lat="47.775393" lon="9.569344"></trkpt>
      <trkpt lat="47.775855" lon="9.568072"></trkpt>
      <trkpt lat="47.776337" lon="9.565472"></trkpt>
      <trkpt lat="47.77698" lon="9.56419"></trkpt>
      <trkpt lat="47.777744" lon="9.563623"></trkpt>
      <trkpt lat="47.778813" lon="9.563462"></trkpt>
      <trkpt lat="47.779444" lon="9.563147"></trkpt>
      <trkpt lat="47.780027" lon="9.562456"></trkpt>
      <trkpt lat="47.780395" lon="9.56152"></trkpt>
      <trkpt lat="47.781015" lon="9.557676"></trkpt>
      <trkpt lat="47.781899" lon="9.554653"></trkpt>
      <trkpt lat="47.782241" lon="9.552962"></trkpt>
      <trkpt lat="47.782603" lon="9.548031"></trkpt>
      <trkpt lat="47.782581" lon="9.545941"></trkpt>
      <trkpt lat="47.782395" lon="9.543677"></trkpt>
      <trkpt lat="47.782477" lon="9.542221"></trkpt>
      <trkpt lat="47.782893" lon="9.540293"></trkpt>
      <trkpt lat="47.783127" lon="9.538193"></trkpt>
      <trkpt lat="47.784225" lon="9.532597"></trkpt>
      <trkpt lat="47.785269" lon="9.530049"></trkpt>
      <trkpt lat="47.785549" lon="9.528953"></trkpt>
      <trkpt lat="47.785706" lon="9.527112"></trkpt>
      <trkpt lat="47.785512" lon="9.524578"></trkpt>
      <trkpt lat="47.78577" lon="9.523252"></trkpt>
      <trkpt lat="47.786375" lon="9.522355"></trkpt>
      <trkpt lat="47.788292" lon="9.520568"></trkpt>
      <trkpt lat="47.791076" lon="9.517125"></trkpt>
      <trkpt lat="47.795182" lon="9.511131"></trkpt>
      <trkpt lat="47.795613" lon="9.5104"></trkpt>
      <trkpt lat="47.795993" lon="9.509444"></trkpt>
      <trkpt lat="47.796647" lon="9.505822"></trkpt>
      <trkpt lat="47.797076" lon="9.504636"></trkpt>
      <trkpt lat="47.796677" lon="9.503825"></trkpt>
      <trkpt lat="47.796546" lon="9.502905"></trkpt>
      <trkpt lat="47.796653" lon="9.502176"></trkpt>
      <trkpt lat="47.797202" lon="9.500643"></trkpt>
      <trkpt lat="47.797358" lon="9.499686"></trkpt>
      <trkpt lat="47.797306" lon="9.498443"></trkpt>
      <trkpt lat="47.797396" lon="9.49824"></trkpt>
      <trkpt lat="47.797262" lon="9.498087"></trkpt>
      <trkpt lat="47.797026" lon="9.495895"></trkpt>
      <trkpt lat="47.796961" lon="9.493966"></trkpt>
      <trkpt lat="47.797113" lon="9.492773"></trkpt>
      <trkpt lat="47.797761" lon="9.490062"></trkpt>
      <trkpt lat="47.797832" lon="9.488282"></trkpt>
      <trkpt lat="47.797473" lon="9.486536"></trkpt>
      <trkpt lat="47.796973" lon="9.48565"></trkpt>
      <trkpt lat="47.795938" lon="9.484477"></trkpt>
      <trkpt lat="47.795502" lon="9.482439"></trkpt>
      <trkpt lat="47.794625" lon="9.48091"></trkpt>
      <trkpt lat="47.79433" lon="9.480127"></trkpt>
      <trkpt lat="47.793951" lon="9.477986"></trkpt>
      <trkpt lat="47.793828" lon="9.473674"></trkpt>
      <trkpt lat="47.793336" lon="9.47078"></trkpt>
      <trkpt lat="47.792898" lon="9.469535"></trkpt>
      <trkpt lat="47.791798" lon="9.467346"></trkpt>
      <trkpt lat="47.791227" lon="9.464806"></trkpt>
      <trkpt lat="47.790514" lon="9.463192"></trkpt>
      <trkpt lat="47.789905" lon="9.462211"></trkpt>
      <trkpt lat="47.789116" lon="9.461254"></trkpt>
      <trkpt lat="47.787752" lon="9.460171"></trkpt>
      <trkpt lat="47.785601" lon="9.459084"></trkpt>
      <trkpt lat="47.784649" lon="9.458139"></trkpt>
      <trkpt lat="47.783348" lon="9.45651"></trkpt>
      <trkpt lat="47.78285" lon="9.456203"></trkpt>
      <trkpt lat="47.781568" lon="9.455832"></trkpt>
      <trkpt lat="47.780251" lon="9.455173"></trkpt>
      <trkpt lat="47.779599" lon="9.455097"></trkpt>
      <trkpt lat="47.778886" lon="9.455342"></trkpt>
      <trkpt lat="47.77878" lon="9.455035"></trkpt>
      <trkpt lat="47.77837" lon="9.454646"></trkpt>
      <trkpt lat="47.776835" lon="9.450983"></trkpt>
      <trkpt lat="47.776619" lon="9.45024"></trkpt>
      <trkpt lat="47.776017" lon="9.447109"></trkpt>
      <trkpt lat="47.775714" lon="9.444786"></trkpt>
      <trkpt lat="47.774448" lon="9.442904"></trkpt>
      <trkpt lat="47.772242" lon="9.442542"></trkpt>
      <trkpt lat="47.772006" lon="9.442312"></trkpt>
      <trkpt lat="47.771782" lon="9.44162"></trkpt>
      <trkpt lat="47.771776" lon="9.440149"></trkpt>
      <trkpt lat="47.770587" lon="9.437066"></trkpt>
      <trkpt lat="47.770033" lon="9.434792"></trkpt>
      <trkpt lat="47.768759" lon="9.432484"></trkpt>
      <trkpt lat="47.768439" lon="9.430801"></trkpt>
      <trkpt lat="47.768182" lon="9.430492"></trkpt>
      <trkpt lat="47.767881" lon="9.430331"></trkpt>
      <trkpt lat="47.766995" lon="9.430416"></trkpt>
      <trkpt lat="47.766638" lon="9.430245"></trkpt>
      <trkpt lat="47.76659" lon="9.430118"></trkpt>
      <trkpt lat="47.767043" lon="9.428954"></trkpt>
      <trkpt lat="47.767556" lon="9.42822"></trkpt>
      <trkpt lat="47.767764" lon="9.42717"></trkpt>
      <trkpt lat="47.76839" lon="9.425567"></trkpt>
      <trkpt lat="47.768667" lon="9.423655"></trkpt>
      <trkpt lat="47.768881" lon="9.42337"></trkpt>
      <trkpt lat="47.770424" lon="9.42217"></trkpt>
      <trkpt lat="47.771188" lon="9.421187"></trkpt>
      <trkpt lat="47.771999" lon="9.419435"></trkpt>
      <trkpt lat="47.772581" lon="9.417164"></trkpt>
      <trkpt lat="47.773327" lon="9.415619"></trkpt>
      <trkpt lat="47.77342" lon="9.414958"></trkpt>
      <trkpt lat="47.77335" lon="9.414173"></trkpt>
      <trkpt lat="47.772373" lon="9.411486"></trkpt>
      <trkpt lat="47.772326" lon="9.409216"></trkpt>
      <trkpt lat="47.772481" lon="9.40854"></trkpt>
      <trkpt lat="47.773412" lon="9.406683"></trkpt>
      <trkpt lat="47.774067" lon="9.404126"></trkpt>
      <trkpt lat="47.774361" lon="9.403549"></trkpt>
      <trkpt lat="47.774855" lon="9.402952"></trkpt>
      <trkpt lat="47.77528" lon="9.402723"></trkpt>
      <trkpt lat="47.776232" lon="9.402483"></trkpt>
      <trkpt lat="47.776525" lon="9.402276"></trkpt>
      <trkpt lat="47.778662" lon="9.399091"></trkpt>
      <trkpt lat="47.779006" lon="9.398051"></trkpt>
      <trkpt lat="47.779324" lon="9.395645"></trkpt>
      <trkpt lat="47.781348" lon="9.390734"></trkpt>
      <trkpt lat="47.781629" lon="9.390601"></trkpt>
      <trkpt lat="47.781686" lon="9.389996"></trkpt>
      <trkpt lat="47.781578" lon="9.389673"></trkpt>
      <trkpt lat="47.781267" lon="9.389302"></trkpt>
      <trkpt lat="47.780628" lon="9.388893"></trkpt>
      <trkpt lat="47.778854" lon="9.387265"></trkpt>
      <trkpt lat="47.778484" lon="9.386146"></trkpt>
      <trkpt lat="47.778051" lon="9.382412"></trkpt>
      <trkpt lat="47.777678" lon="9.381877"></trkpt>
      <trkpt lat="47.775895" lon="9.380861"></trkpt>
      <trkpt lat="47.775776" lon="9.380513"></trkpt>
      <trkpt lat="47.775582" lon="9.378585"></trkpt>
      <trkpt lat="47.775731" lon="9.376536"></trkpt>
      <trkpt lat="47.77587" lon="9.376209"></trkpt>
      <trkpt lat="47.776628" lon="9.375605"></trkpt>
      <trkpt lat="47.776883" lon="9.375147"></trkpt>
      <trkpt lat="47.776934" lon="9.373475"></trkpt>
      <trkpt lat="47.777067" lon="9.372675"></trkpt>
      <trkpt lat="47.778459" lon="9.369014"></trkpt>
      <trkpt lat="47.778508" lon="9.368112"></trkpt>
      <trkpt lat="47.778197" lon="9.366944"></trkpt>
      <trkpt lat="47.778155" lon="9.366224"></trkpt>
      <trkpt lat="47.778598" lon="9.364304"></trkpt>
      <trkpt lat="47.779366" lon="9.362975"></trkpt>
      <trkpt lat="47.77964" lon="9.361675"></trkpt>
      <trkpt lat="47.779623" lon="9.36015"></trkpt>
      <trkpt lat="47.779442" lon="9.358509"></trkpt>
      <trkpt lat="47.778823" lon="9.357128"></trkpt>
      <trkpt lat="47.777603" lon="9.353492"></trkpt>
      <trkpt lat="47.776685" lon="9.351577"></trkpt>
      <trkpt lat="47.776534" lon="9.350923"></trkpt>
      <trkpt lat="47.776546" lon="9.350005"></trkpt>
      <trkpt lat="47.776718" lon="9.349025"></trkpt>
      <trkpt lat="47.777044" lon="9.34803"></trkpt>
      <trkpt lat="47.778706" lon="9.345117"></trkpt>
      <trkpt lat="47.779035" lon="9.344104"></trkpt>
      <trkpt lat="47.779299" lon="9.342485"></trkpt>
      <trkpt lat="47.77944" lon="9.340018"></trkpt>
      <trkpt lat="47.779984" lon="9.337641"></trkpt>
      <trkpt lat="47.780695" lon="9.33253"></trkpt>
      <trkpt lat="47.78148" lon="9.329939"></trkpt>
      <trkpt lat="47.781894" lon="9.325585"></trkpt>
      <trkpt lat="47.781923" lon="9.323844"></trkpt>
      <trkpt lat="47.781816" lon="9.321825"></trkpt>
      <trkpt lat="47.781009" lon="9.319155"></trkpt>
      <trkpt lat="47.779762" lon="9.312816"></trkpt>
      <trkpt lat="47.779251" lon="9.311449"></trkpt>
      <trkpt lat="47.777761" lon="9.308332"></trkpt>
      <trkpt lat="47.777153" lon="9.306167"></trkpt>
      <trkpt lat="47.77702" lon="9.304889"></trkpt>
      <trkpt lat="47.777159" lon="9.304638"></trkpt>
      <trkpt lat="47.776975" lon="9.304413"></trkpt>
      <trkpt lat="47.776585" lon="9.289785"></trkpt>
      <trkpt lat="47.77668" lon="9.289491"></trkpt>
      <trkpt lat="47.776568" lon="9.288313"></trkpt>
      <trkpt lat="47.776419" lon="9.287844"></trkpt>
      <trkpt lat="47.775954" lon="9.287809"></trkpt>
      <trkpt lat="47.77318" lon="9.289257"></trkpt>
      <trkpt lat="47.772174" lon="9.28951"></trkpt>
      <trkpt lat="47.771328" lon="9.28948"></trkpt>
      <trkpt lat="47.770413" lon="9.289198"></trkpt>
      <trkpt lat="47.763792" lon="9.28553"></trkpt>
      <trkpt lat="47.76281" lon="9.285347"></trkpt>
      <trkpt lat="47.761691" lon="9.285375"></trkpt>
      <trkpt lat="47.76074" lon="9.284982"></trkpt>
      <trkpt lat="47.760342" lon="9.285109"></trkpt>
      <trkpt lat="47.759078" lon="9.285975"></trkpt>
      <trkpt lat="47.758849" lon="9.285995"></trkpt>
      <trkpt lat="47.757838" lon="9.285362"></trkpt>
      <trkpt lat="47.757225" lon="9.284737"></trkpt>
      <trkpt lat="47.755065" lon="9.281743"></trkpt>
      <trkpt lat="47.753697" lon="9.280344"></trkpt>
      <trkpt lat="47.752055" lon="9.279235"></trkpt>
      <trkpt lat="47.749467" lon="9.277989"></trkpt>
      <trkpt lat="47.748902" lon="9.277561"></trkpt>
      <trkpt lat="47.748303" lon="9.276825"></trkpt>
      <trkpt lat="47.747771" lon="9.275632"></trkpt>
      <trkpt lat="47.746752" lon="9.271809"></trkpt>
      <trkpt lat="47.746188" lon="9.270197"></trkpt>
      <trkpt lat="47.743816" lon="9.266005"></trkpt>
      <trkpt lat="47.742501" lon="9.262648"></trkpt>
      <trkpt lat="47.742147" lon="9.26216"></trkpt>
      <trkpt lat="47.742555" lon="9.261962"></trkpt>
      <trkpt lat="47.742554" lon="9.261351"></trkpt>
      <trkpt lat="47.741706" lon="9.260809"></trkpt>
      <trkpt lat="47.741741" lon="9.259668"></trkpt>
      <trkpt lat="47.741232" lon="9.259118"></trkpt>
      <trkpt lat="47.740997" lon="9.259154"></trkpt>
      <trkpt lat="47.741252" lon="9.257902"></trkpt>
  </trkseg></trk>
</gpx>
