<?xml version="1.0" encoding="UTF-8"?>
<gpx version="1.1" creator="yatutbuv" xmlns="http://www.topografix.com/GPX/1/1">
  <trk><name>GraphHopper Track</name><trkseg>
      <trkpt lat="41.781399" lon="3.027495"></trkpt>
      <trkpt lat="41.781927" lon="3.026158"></trkpt>
      <trkpt lat="41.782924" lon="3.027004"></trkpt>
      <trkpt lat="41.790273" lon="3.022196"></trkpt>
      <trkpt lat="41.790597" lon="3.022071"></trkpt>
      <trkpt lat="41.791644" lon="3.0213"></trkpt>
      <trkpt lat="41.793335" lon="3.020501"></trkpt>
      <trkpt lat="41.793594" lon="3.020523"></trkpt>
      <trkpt lat="41.793771" lon="3.020311"></trkpt>
      <trkpt lat="41.795161" lon="3.019697"></trkpt>
      <trkpt lat="41.795498" lon="3.019743"></trkpt>
      <trkpt lat="41.795683" lon="3.019468"></trkpt>
      <trkpt lat="41.79635" lon="3.019155"></trkpt>
      <trkpt lat="41.797397" lon="3.018409"></trkpt>
      <trkpt lat="41.798237" lon="3.017623"></trkpt>
      <trkpt lat="41.798929" lon="3.016727"></trkpt>
      <trkpt lat="41.800479" lon="3.014093"></trkpt>
      <trkpt lat="41.801189" lon="3.013116"></trkpt>
      <trkpt lat="41.802255" lon="3.012228"></trkpt>
      <trkpt lat="41.803054" lon="3.01174"></trkpt>
      <trkpt lat="41.804061" lon="3.010761"></trkpt>
      <trkpt lat="41.808069" lon="3.004344"></trkpt>
      <trkpt lat="41.80866" lon="3.004461"></trkpt>
      <trkpt lat="41.808954" lon="3.004148"></trkpt>
      <trkpt lat="41.809157" lon="3.003243"></trkpt>
      <trkpt lat="41.80889" lon="3.002446"></trkpt>
      <trkpt lat="41.808759" lon="2.999192"></trkpt>
      <trkpt lat="41.808951" lon="2.997958"></trkpt>
      <trkpt lat="41.809327" lon="2.996768"></trkpt>
      <trkpt lat="41.810074" lon="2.995311"></trkpt>
      <trkpt lat="41.812852" lon="2.99108"></trkpt>
      <trkpt lat="41.814291" lon="2.988669"></trkpt>
      <trkpt lat="41.817481" lon="2.981938"></trkpt>
      <trkpt lat="41.818195" lon="2.98082"></trkpt>
      <trkpt lat="41.819421" lon="2.979333"></trkpt>
      <trkpt lat="41.823008" lon="2.976175"></trkpt>
      <trkpt lat="41.824272" lon="2.974881"></trkpt>
      <trkpt lat="41.826522" lon="2.97171"></trkpt>
      <trkpt lat="41.826961" lon="2.970658"></trkpt>
      <trkpt lat="41.82719" lon="2.969643"></trkpt>
      <trkpt lat="41.827711" lon="2.963934"></trkpt>
      <trkpt lat="41.826967" lon="2.950196"></trkpt>
      <trkpt lat="41.827196" lon="2.946481"></trkpt>
      <trkpt lat="41.827778" lon="2.943118"></trkpt>
      <trkpt lat="41.828773" lon="2.939361"></trkpt>
      <trkpt lat="41.829211" lon="2.938329"></trkpt>
      <trkpt lat="41.830734" lon="2.936577"></trkpt>
      <trkpt lat="41.830978" lon="2.935952"></trkpt>
      <trkpt lat="41.83111" lon="2.935062"></trkpt>
      <trkpt lat="41.830906" lon="2.933699"></trkpt>
      <trkpt lat="41.829606" lon="2.930609"></trkpt>
      <trkpt lat="41.828199" lon="2.926495"></trkpt>
      <trkpt lat="41.828174" lon="2.925415"></trkpt>
      <trkpt lat="41.82864" lon="2.923044"></trkpt>
      <trkpt lat="41.828616" lon="2.922107"></trkpt>
      <trkpt lat="41.828413" lon="2.921183"></trkpt>
      <trkpt lat="41.827839" lon="2.92008"></trkpt>
      <trkpt lat="41.826095" lon="2.918451"></trkpt>
      <trkpt lat="41.825293" lon="2.917162"></trkpt>
      <trkpt lat="41.821965" lon="2.908867"></trkpt>
      <trkpt lat="41.821645" lon="2.907846"></trkpt>
      <trkpt lat="41.821065" lon="2.904862"></trkpt>
      <trkpt lat="41.820662" lon="2.903832"></trkpt>
      <trkpt lat="41.819428" lon="2.902073"></trkpt>
      <trkpt lat="41.818302" lon="2.901034"></trkpt>
      <trkpt lat="41.817087" lon="2.900287"></trkpt>
      <trkpt lat="41.814074" lon="2.898828"></trkpt>
      <trkpt lat="41.813152" lon="2.898124"></trkpt>
      <trkpt lat="41.812359" lon="2.897309"></trkpt>
      <trkpt lat="41.811617" lon="2.896339"></trkpt>
      <trkpt lat="41.810766" lon="2.894681"></trkpt>
      <trkpt lat="41.80998" lon="2.892062"></trkpt>
      <trkpt lat="41.809512" lon="2.88943"></trkpt>
      <trkpt lat="41.809116" lon="2.884838"></trkpt>
      <trkpt lat="41.808514" lon="2.880752"></trkpt>
      <trkpt lat="41.808304" lon="2.878594"></trkpt>
      <trkpt lat="41.80845" lon="2.875886"></trkpt>
      <trkpt lat="41.809097" lon="2.872813"></trkpt>
      <trkpt lat="41.809314" lon="2.870564"></trkpt>
      <trkpt lat="41.808938" lon="2.866323"></trkpt>
      <trkpt lat="41.808821" lon="2.861208"></trkpt>
      <trkpt lat="41.808716" lon="2.860427"></trkpt>
      <trkpt lat="41.808165" lon="2.859012"></trkpt>
      <trkpt lat="41.807644" lon="2.85835"></trkpt>
      <trkpt lat="41.806405" lon="2.857246"></trkpt>
      <trkpt lat="41.8057" lon="2.856049"></trkpt>
      <trkpt lat="41.804357" lon="2.85177"></trkpt>
      <trkpt lat="41.80427" lon="2.84924"></trkpt>
      <trkpt lat="41.804091" lon="2.848275"></trkpt>
      <trkpt lat="41.803782" lon="2.847486"></trkpt>
      <trkpt lat="41.802551" lon="2.845269"></trkpt>
      <trkpt lat="41.802275" lon="2.844398"></trkpt>
      <trkpt lat="41.802165" lon="2.843101"></trkpt>
      <trkpt lat="41.802389" lon="2.84081"></trkpt>
      <trkpt lat="41.802376" lon="2.839624"></trkpt>
      <trkpt lat="41.801211" lon="2.835217"></trkpt>
      <trkpt lat="41.799393" lon="2.826609"></trkpt>
      <trkpt lat="41.799288" lon="2.825426"></trkpt>
      <trkpt lat="41.799312" lon="2.82333"></trkpt>
      <trkpt lat="41.799084" lon="2.821752"></trkpt>
      <trkpt lat="41.794092" lon="2.809719"></trkpt>
      <trkpt lat="41.785824" lon="2.785237"></trkpt>
      <trkpt lat="41.784798" lon="2.781201"></trkpt>
      <trkpt lat="41.784316" lon="2.778464"></trkpt>
      <trkpt lat="41.783834" lon="2.773584"></trkpt>
      <trkpt lat="41.783875" lon="2.768833"></trkpt>
      <trkpt lat="41.784301" lon="2.765659"></trkpt>
      <trkpt lat="41.785919" lon="2.758931"></trkpt>
      <trkpt lat="41.786143" lon="2.757155"></trkpt>
      <trkpt lat="41.786102" lon="2.755414"></trkpt>
      <trkpt lat="41.785768" lon="2.752481"></trkpt>
      <trkpt lat="41.784761" lon="2.748231"></trkpt>
      <trkpt lat="41.785017" lon="2.747384"></trkpt>
      <trkpt lat="41.786099" lon="2.74618"></trkpt>
      <trkpt lat="41.786491" lon="2.74549"></trkpt>
      <trkpt lat="41.786792" lon="2.744562"></trkpt>
      <trkpt lat="41.786725" lon="2.743739"></trkpt>
      <trkpt lat="41.786507" lon="2.743462"></trkpt>
      <trkpt lat="41.786133" lon="2.743393"></trkpt>
      <trkpt lat="41.785864" lon="2.743595"></trkpt>
      <trkpt lat="41.785296" lon="2.744467"></trkpt>
      <trkpt lat="41.784974" lon="2.744509"></trkpt>
      <trkpt lat="41.783992" lon="2.74432"></trkpt>
      <trkpt lat="41.780452" lon="2.743191"></trkpt>
      <trkpt lat="41.776893" lon="2.74166"></trkpt>
      <trkpt lat="41.774366" lon="2.740275"></trkpt>
      <trkpt lat="41.771491" lon="2.738289"></trkpt>
      <trkpt lat="41.769957" lon="2.736947"></trkpt>
      <trkpt lat="41.768029" lon="2.734876"></trkpt>
      <trkpt lat="41.766621" lon="2.733047"></trkpt>
      <trkpt lat="41.765537" lon="2.731369"></trkpt>
      <trkpt lat="41.763705" lon="2.727854"></trkpt>
      <trkpt lat="41.762664" lon="2.725241"></trkpt>
      <trkpt lat="41.760379" lon="2.718587"></trkpt>
      <trkpt lat="41.759146" lon="2.71579"></trkpt>
      <trkpt lat="41.758038" lon="2.713906"></trkpt>
      <trkpt lat="41.757216" lon="2.712803"></trkpt>
      <trkpt lat="41.756197" lon="2.711652"></trkpt>
      <trkpt lat="41.753437" lon="2.70905"></trkpt>
      <trkpt lat="41.752174" lon="2.707433"></trkpt>
      <trkpt lat="41.751244" lon="2.705681"></trkpt>
      <trkpt lat="41.749636" lon="2.701175"></trkpt>
      <trkpt lat="41.747699" lon="2.697295"></trkpt>
      <trkpt lat="41.747206" lon="2.695713"></trkpt>
      <trkpt lat="41.746892" lon="2.694125"></trkpt>
      <trkpt lat="41.746109" lon="2.686696"></trkpt>
      <trkpt lat="41.74551" lon="2.683535"></trkpt>
      <trkpt lat="41.744666" lon="2.680635"></trkpt>
      <trkpt lat="41.741157" lon="2.670315"></trkpt>
      <trkpt lat="41.740639" lon="2.668208"></trkpt>
      <trkpt lat="41.740368" lon="2.666399"></trkpt>
      <trkpt lat="41.74026" lon="2.663144"></trkpt>
      <trkpt lat="41.740491" lon="2.660626"></trkpt>
      <trkpt lat="41.742" lon="2.65305"></trkpt>
      <trkpt lat="41.742236" lon="2.651254"></trkpt>
      <trkpt lat="41.742266" lon="2.649368"></trkpt>
      <trkpt lat="41.74196" lon="2.647199"></trkpt>
      <trkpt lat="41.741604" lon="2.645972"></trkpt>
      <trkpt lat="41.741014" lon="2.644593"></trkpt>
      <trkpt lat="41.73972" lon="2.642668"></trkpt>
      <trkpt lat="41.738626" lon="2.641638"></trkpt>
      <trkpt lat="41.734696" lon="2.639033"></trkpt>
      <trkpt lat="41.733539" lon="2.637942"></trkpt>
      <trkpt lat="41.732643" lon="2.636866"></trkpt>
      <trkpt lat="41.731167" lon="2.634472"></trkpt>
      <trkpt lat="41.730127" lon="2.631797"></trkpt>
      <trkpt lat="41.729818" lon="2.63063"></trkpt>
      <trkpt lat="41.729418" lon="2.628076"></trkpt>
      <trkpt lat="41.72932" lon="2.62598"></trkpt>
      <trkpt lat="41.729403" lon="2.618684"></trkpt>
      <trkpt lat="41.729189" lon="2.615162"></trkpt>
      <trkpt lat="41.728877" lon="2.61266"></trkpt>
      <trkpt lat="41.728324" lon="2.609665"></trkpt>
      <trkpt lat="41.726484" lon="2.602417"></trkpt>
      <trkpt lat="41.726133" lon="2.600186"></trkpt>
      <trkpt lat="41.725932" lon="2.596921"></trkpt>
      <trkpt lat="41.725867" lon="2.59092"></trkpt>
      <trkpt lat="41.725699" lon="2.588337"></trkpt>
      <trkpt lat="41.725122" lon="2.584455"></trkpt>
      <trkpt lat="41.724117" lon="2.580095"></trkpt>
      <trkpt lat="41.723327" lon="2.577674"></trkpt>
      <trkpt lat="41.72187" lon="2.574003"></trkpt>
      <trkpt lat="41.717239" lon="2.564197"></trkpt>
      <trkpt lat="41.715838" lon="2.560487"></trkpt>
      <trkpt lat="41.715257" lon="2.558562"></trkpt>
      <trkpt lat="41.714551" lon="2.555642"></trkpt>
      <trkpt lat="41.714125" lon="2.553302"></trkpt>
      <trkpt lat="41.712756" lon="2.541415"></trkpt>
      <trkpt lat="41.712399" lon="2.539936"></trkpt>
      <trkpt lat="41.711443" lon="2.537156"></trkpt>
      <trkpt lat="41.71077" lon="2.535699"></trkpt>
      <trkpt lat="41.706947" lon="2.52911"></trkpt>
      <trkpt lat="41.70479" lon="2.523752"></trkpt>
      <trkpt lat="41.703685" lon="2.521407"></trkpt>
      <trkpt lat="41.702684" lon="2.519699"></trkpt>
      <trkpt lat="41.700963" lon="2.5174"></trkpt>
      <trkpt lat="41.699918" lon="2.51629"></trkpt>
      <trkpt lat="41.698057" lon="2.514589"></trkpt>
      <trkpt lat="41.694109" lon="2.511444"></trkpt>
      <trkpt lat="41.692896" lon="2.509946"></trkpt>
      <trkpt lat="41.689909" lon="2.50423"></trkpt>
      <trkpt lat="41.686213" lon="2.499886"></trkpt>
      <trkpt lat="41.685124" lon="2.498347"></trkpt>
      <trkpt lat="41.682217" lon="2.49252"></trkpt>
      <trkpt lat="41.681479" lon="2.491474"></trkpt>
      <trkpt lat="41.680237" lon="2.490057"></trkpt>
      <trkpt lat="41.676667" lon="2.48693"></trkpt>
      <trkpt lat="41.67568" lon="2.485775"></trkpt>
      <trkpt lat="41.674613" lon="2.484229"></trkpt>
      <trkpt lat="41.673296" lon="2.481836"></trkpt>
      <trkpt lat="41.67017" lon="2.475118"></trkpt>
      <trkpt lat="41.668264" lon="2.471721"></trkpt>
      <trkpt lat="41.667071" lon="2.470021"></trkpt>
      <trkpt lat="41.663721" lon="2.465967"></trkpt>
      <trkpt lat="41.662251" lon="2.463811"></trkpt>
      <trkpt lat="41.661736" lon="2.462793"></trkpt>
      <trkpt lat="41.661241" lon="2.461382"></trkpt>
      <trkpt lat="41.659971" lon="2.456366"></trkpt>
      <trkpt lat="41.659164" lon="2.454094"></trkpt>
      <trkpt lat="41.658474" lon="2.452623"></trkpt>
      <trkpt lat="41.657479" lon="2.45098"></trkpt>
      <trkpt lat="41.656215" lon="2.449303"></trkpt>
      <trkpt lat="41.654107" lon="2.446976"></trkpt>
      <trkpt lat="41.653343" lon="2.445971"></trkpt>
      <trkpt lat="41.652373" lon="2.444409"></trkpt>
      <trkpt lat="41.651339" lon="2.442272"></trkpt>
      <trkpt lat="41.650107" lon="2.438695"></trkpt>
      <trkpt lat="41.649289" lon="2.435159"></trkpt>
      <trkpt lat="41.648309" lon="2.429147"></trkpt>
      <trkpt lat="41.647457" lon="2.425263"></trkpt>
      <trkpt lat="41.646299" lon="2.421936"></trkpt>
      <trkpt lat="41.645103" lon="2.419637"></trkpt>
      <trkpt lat="41.644082" lon="2.418107"></trkpt>
      <trkpt lat="41.640903" lon="2.41415"></trkpt>
      <trkpt lat="41.639782" lon="2.412425"></trkpt>
      <trkpt lat="41.638716" lon="2.410248"></trkpt>
      <trkpt lat="41.637331" lon="2.406655"></trkpt>
      <trkpt lat="41.63686" lon="2.405684"></trkpt>
      <trkpt lat="41.634184" lon="2.401305"></trkpt>
      <trkpt lat="41.6333" lon="2.399366"></trkpt>
      <trkpt lat="41.632719" lon="2.397497"></trkpt>
      <trkpt lat="41.632452" lon="2.396065"></trkpt>
      <trkpt lat="41.632009" lon="2.389667"></trkpt>
      <trkpt lat="41.631707" lon="2.387903"></trkpt>
      <trkpt lat="41.631272" lon="2.386391"></trkpt>
      <trkpt lat="41.630513" lon="2.384582"></trkpt>
      <trkpt lat="41.627938" lon="2.380297"></trkpt>
      <trkpt lat="41.626788" lon="2.377975"></trkpt>
      <trkpt lat="41.626158" lon="2.37625"></trkpt>
      <trkpt lat="41.625433" lon="2.373371"></trkpt>
      <trkpt lat="41.624457" lon="2.365568"></trkpt>
      <trkpt lat="41.623957" lon="2.363758"></trkpt>
      <trkpt lat="41.623129" lon="2.361853"></trkpt>
      <trkpt lat="41.622151" lon="2.360316"></trkpt>
      <trkpt lat="41.619345" lon="2.35698"></trkpt>
      <trkpt lat="41.617103" lon="2.35286"></trkpt>
      <trkpt lat="41.615685" lon="2.35078"></trkpt>
      <trkpt lat="41.613853" lon="2.348865"></trkpt>
      <trkpt lat="41.609501" lon="2.345429"></trkpt>
      <trkpt lat="41.608012" lon="2.344059"></trkpt>
      <trkpt lat="41.60557" lon="2.341174"></trkpt>
      <trkpt lat="41.603673" lon="2.338258"></trkpt>
      <trkpt lat="41.601922" lon="2.334818"></trkpt>
      <trkpt lat="41.600571" lon="2.331539"></trkpt>
      <trkpt lat="41.599565" lon="2.328589"></trkpt>
      <trkpt lat="41.596609" lon="2.318927"></trkpt>
      <trkpt lat="41.595028" lon="2.314907"></trkpt>
      <trkpt lat="41.59298" lon="2.3109"></trkpt>
      <trkpt lat="41.591124" lon="2.307946"></trkpt>
      <trkpt lat="41.585919" lon="2.301053"></trkpt>
      <trkpt lat="41.584289" lon="2.298439"></trkpt>
      <trkpt lat="41.583111" lon="2.295654"></trkpt>
      <trkpt lat="41.581602" lon="2.289923"></trkpt>
      <trkpt lat="41.580633" lon="2.288033"></trkpt>
      <trkpt lat="41.579421" lon="2.286586"></trkpt>
      <trkpt lat="41.577817" lon="2.285424"></trkpt>
      <trkpt lat="41.576273" lon="2.284871"></trkpt>
      <trkpt lat="41.573299" lon="2.284452"></trkpt>
      <trkpt lat="41.571862" lon="2.284061"></trkpt>
      <trkpt lat="41.570407" lon="2.283287"></trkpt>
      <trkpt lat="41.569356" lon="2.282408"></trkpt>
      <trkpt lat="41.568473" lon="2.281403"></trkpt>
      <trkpt lat="41.567603" lon="2.280032"></trkpt>
      <trkpt lat="41.565972" lon="2.276095"></trkpt>
      <trkpt lat="41.565061" lon="2.274365"></trkpt>
      <trkpt lat="41.562099" lon="2.270184"></trkpt>
      <trkpt lat="41.561252" lon="2.268605"></trkpt>
      <trkpt lat="41.560308" lon="2.266126"></trkpt>
      <trkpt lat="41.559702" lon="2.263718"></trkpt>
      <trkpt lat="41.559372" lon="2.261761"></trkpt>
      <trkpt lat="41.558931" lon="2.257306"></trkpt>
      <trkpt lat="41.558855" lon="2.250647"></trkpt>
      <trkpt lat="41.558702" lon="2.248454"></trkpt>
      <trkpt lat="41.558476" lon="2.246929"></trkpt>
      <trkpt lat="41.557571" lon="2.243741"></trkpt>
      <trkpt lat="41.556674" lon="2.241577"></trkpt>
      <trkpt lat="41.555366" lon="2.239424"></trkpt>
      <trkpt lat="41.55458" lon="2.238472"></trkpt>
      <trkpt lat="41.553269" lon="2.237209"></trkpt>
      <trkpt lat="41.55069" lon="2.235325"></trkpt>
      <trkpt lat="41.549692" lon="2.233864"></trkpt>
      <trkpt lat="41.549135" lon="2.232282"></trkpt>
      <trkpt lat="41.548953" lon="2.230657"></trkpt>
      <trkpt lat="41.549101" lon="2.226577"></trkpt>
      <trkpt lat="41.549057" lon="2.221932"></trkpt>
      <trkpt lat="41.549223" lon="2.220386"></trkpt>
      <trkpt lat="41.549988" lon="2.216542"></trkpt>
      <trkpt lat="41.55033" lon="2.212962"></trkpt>
      <trkpt lat="41.550229" lon="2.209008"></trkpt>
      <trkpt lat="41.549916" lon="2.206624"></trkpt>
      <trkpt lat="41.549388" lon="2.20407"></trkpt>
      <trkpt lat="41.548664" lon="2.20163"></trkpt>
      <trkpt lat="41.547314" lon="2.198276"></trkpt>
      <trkpt lat="41.54488" lon="2.1931"></trkpt>
      <trkpt lat="41.543741" lon="2.190135"></trkpt>
      <trkpt lat="41.54031" lon="2.177985"></trkpt>
      <trkpt lat="41.539763" lon="2.176369"></trkpt>
      <trkpt lat="41.53842" lon="2.173995"></trkpt>
      <trkpt lat="41.537341" lon="2.172721"></trkpt>
      <trkpt lat="41.536195" lon="2.171734"></trkpt>
      <trkpt lat="41.535122" lon="2.171076"></trkpt>
      <trkpt lat="41.534073" lon="2.170628"></trkpt>
      <trkpt lat="41.530943" lon="2.169894"></trkpt>
      <trkpt lat="41.528689" lon="2.168954"></trkpt>
      <trkpt lat="41.527472" lon="2.168196"></trkpt>
      <trkpt lat="41.525973" lon="2.166939"></trkpt>
      <trkpt lat="41.524937" lon="2.165835"></trkpt>
      <trkpt lat="41.52399" lon="2.164601"></trkpt>
      <trkpt lat="41.523042" lon="2.163079"></trkpt>
      <trkpt lat="41.521907" lon="2.160654"></trkpt>
      <trkpt lat="41.521231" lon="2.158605"></trkpt>
      <trkpt lat="41.520002" lon="2.153973"></trkpt>
      <trkpt lat="41.518537" lon="2.150462"></trkpt>
      <trkpt lat="41.516444" lon="2.146733"></trkpt>
      <trkpt lat="41.512112" lon="2.140801"></trkpt>
      <trkpt lat="41.510526" lon="2.138016"></trkpt>
      <trkpt lat="41.50962" lon="2.135926"></trkpt>
      <trkpt lat="41.50776" lon="2.130446"></trkpt>
      <trkpt lat="41.506665" lon="2.127813"></trkpt>
      <trkpt lat="41.505338" lon="2.12507"></trkpt>
      <trkpt lat="41.504438" lon="2.123437"></trkpt>
      <trkpt lat="41.502376" lon="2.120219"></trkpt>
      <trkpt lat="41.497382" lon="2.113837"></trkpt>
      <trkpt lat="41.495565" lon="2.110779"></trkpt>
      <trkpt lat="41.494775" lon="2.109025"></trkpt>
      <trkpt lat="41.493769" lon="2.106052"></trkpt>
      <trkpt lat="41.493097" lon="2.102916"></trkpt>
      <trkpt lat="41.492357" lon="2.097522"></trkpt>
      <trkpt lat="41.491877" lon="2.094972"></trkpt>
      <trkpt lat="41.490833" lon="2.091583"></trkpt>
      <trkpt lat="41.489062" lon="2.086653"></trkpt>
      <trkpt lat="41.48859" lon="2.084933"></trkpt>
      <trkpt lat="41.488136" lon="2.08257"></trkpt>
      <trkpt lat="41.48787" lon="2.07976"></trkpt>
      <trkpt lat="41.487908" lon="2.076425"></trkpt>
      <trkpt lat="41.488315" lon="2.073218"></trkpt>
      <trkpt lat="41.489478" lon="2.066953"></trkpt>
      <trkpt lat="41.489709" lon="2.063594"></trkpt>
      <trkpt lat="41.489603" lon="2.061369"></trkpt>
      <trkpt lat="41.489357" lon="2.059554"></trkpt>
      <trkpt lat="41.488957" lon="2.057684"></trkpt>
      <trkpt lat="41.488133" lon="2.055158"></trkpt>
      <trkpt lat="41.487296" lon="2.053339"></trkpt>
      <trkpt lat="41.486583" lon="2.052084"></trkpt>
      <trkpt lat="41.485175" lon="2.050138"></trkpt>
      <trkpt lat="41.483219" lon="2.048202"></trkpt>
      <trkpt lat="41.479648" lon="2.045697"></trkpt>
      <trkpt lat="41.47821" lon="2.044364"></trkpt>
      <trkpt lat="41.476582" lon="2.04231"></trkpt>
      <trkpt lat="41.474136" lon="2.038359"></trkpt>
      <trkpt lat="41.472344" lon="2.036294"></trkpt>
      <trkpt lat="41.470802" lon="2.035"></trkpt>
      <trkpt lat="41.469377" lon="2.034143"></trkpt>
      <trkpt lat="41.466503" lon="2.033129"></trkpt>
      <trkpt lat="41.465242" lon="2.032436"></trkpt>
      <trkpt lat="41.463973" lon="2.031291"></trkpt>
      <trkpt lat="41.463042" lon="2.030029"></trkpt>
      <trkpt lat="41.462088" lon="2.027997"></trkpt>
      <trkpt lat="41.461516" lon="2.025387"></trkpt>
      <trkpt lat="41.461484" lon="2.02312"></trkpt>
      <trkpt lat="41.462013" lon="2.019393"></trkpt>
      <trkpt lat="41.462057" lon="2.016826"></trkpt>
      <trkpt lat="41.461611" lon="2.01374"></trkpt>
      <trkpt lat="41.460769" lon="2.011216"></trkpt>
      <trkpt lat="41.460275" lon="2.010153"></trkpt>
      <trkpt lat="41.45893" lon="2.007925"></trkpt>
      <trkpt lat="41.456068" lon="2.004082"></trkpt>
      <trkpt lat="41.452899" lon="2.000741"></trkpt>
      <trkpt lat="41.448884" lon="1.997178"></trkpt>
      <trkpt lat="41.448383" lon="1.996555"></trkpt>
      <trkpt lat="41.447943" lon="1.995679"></trkpt>
      <trkpt lat="41.44766" lon="1.994544"></trkpt>
      <trkpt lat="41.447614" lon="1.993252"></trkpt>
      <trkpt lat="41.447801" lon="1.992136"></trkpt>
      <trkpt lat="41.448217" lon="1.990804"></trkpt>
      <trkpt lat="41.449018" lon="1.988977"></trkpt>
      <trkpt lat="41.449958" lon="1.987397"></trkpt>
      <trkpt lat="41.450732" lon="1.986396"></trkpt>
      <trkpt lat="41.45168" lon="1.98542"></trkpt>
      <trkpt lat="41.452835" lon="1.984439"></trkpt>
      <trkpt lat="41.454303" lon="1.983413"></trkpt>
      <trkpt lat="41.456827" lon="1.982066"></trkpt>
      <trkpt lat="41.459169" lon="1.981231"></trkpt>
      <trkpt lat="41.463506" lon="1.980196"></trkpt>
      <trkpt lat="41.464817" lon="1.97969"></trkpt>
      <trkpt lat="41.465655" lon="1.979209"></trkpt>
      <trkpt lat="41.466698" lon="1.97837"></trkpt>
      <trkpt lat="41.4674" lon="1.977593"></trkpt>
      <trkpt lat="41.468216" lon="1.976381"></trkpt>
      <trkpt lat="41.468861" lon="1.975017"></trkpt>
      <trkpt lat="41.469374" lon="1.973319"></trkpt>
      <trkpt lat="41.469594" lon="1.971988"></trkpt>
      <trkpt lat="41.469676" lon="1.96779"></trkpt>
      <trkpt lat="41.469876" lon="1.966109"></trkpt>
      <trkpt lat="41.470508" lon="1.963801"></trkpt>
      <trkpt lat="41.471577" lon="1.961163"></trkpt>
      <trkpt lat="41.472073" lon="1.958827"></trkpt>
      <trkpt lat="41.472139" lon="1.956772"></trkpt>
      <trkpt lat="41.471961" lon="1.955192"></trkpt>
      <trkpt lat="41.470777" lon="1.950931"></trkpt>
      <trkpt lat="41.470521" lon="1.949158"></trkpt>
      <trkpt lat="41.470489" lon="1.947582"></trkpt>
      <trkpt lat="41.47054" lon="1.946632"></trkpt>
      <trkpt lat="41.470979" lon="1.944355"></trkpt>
      <trkpt lat="41.472609" lon="1.940036"></trkpt>
      <trkpt lat="41.473002" lon="1.938585"></trkpt>
      <trkpt lat="41.473248" lon="1.93652"></trkpt>
      <trkpt lat="41.473139" lon="1.934306"></trkpt>
      <trkpt lat="41.472723" lon="1.932319"></trkpt>
      <trkpt lat="41.472066" lon="1.929997"></trkpt>
      <trkpt lat="41.471495" lon="1.926652"></trkpt>
      <trkpt lat="41.471077" lon="1.925131"></trkpt>
      <trkpt lat="41.470143" lon="1.923048"></trkpt>
      <trkpt lat="41.467782" lon="1.919673"></trkpt>
      <trkpt lat="41.466712" lon="1.917426"></trkpt>
      <trkpt lat="41.465432" lon="1.912726"></trkpt>
      <trkpt lat="41.464112" lon="1.909975"></trkpt>
      <trkpt lat="41.463455" lon="1.90822"></trkpt>
      <trkpt lat="41.463077" lon="1.906804"></trkpt>
      <trkpt lat="41.462166" lon="1.902138"></trkpt>
      <trkpt lat="41.460411" lon="1.896919"></trkpt>
      <trkpt lat="41.459358" lon="1.893065"></trkpt>
      <trkpt lat="41.458664" lon="1.891145"></trkpt>
      <trkpt lat="41.458009" lon="1.889832"></trkpt>
      <trkpt lat="41.457165" lon="1.888484"></trkpt>
      <trkpt lat="41.454828" lon="1.885573"></trkpt>
      <trkpt lat="41.45407" lon="1.88438"></trkpt>
      <trkpt lat="41.45223" lon="1.880654"></trkpt>
      <trkpt lat="41.45127" lon="1.879087"></trkpt>
      <trkpt lat="41.448859" lon="1.876431"></trkpt>
      <trkpt lat="41.447597" lon="1.874518"></trkpt>
      <trkpt lat="41.446471" lon="1.87209"></trkpt>
      <trkpt lat="41.4459" lon="1.870197"></trkpt>
      <trkpt lat="41.44554" lon="1.868216"></trkpt>
      <trkpt lat="41.445412" lon="1.866611"></trkpt>
      <trkpt lat="41.44534" lon="1.862646"></trkpt>
      <trkpt lat="41.445069" lon="1.86058"></trkpt>
      <trkpt lat="41.443393" lon="1.854528"></trkpt>
      <trkpt lat="41.442473" lon="1.848644"></trkpt>
      <trkpt lat="41.441954" lon="1.846848"></trkpt>
      <trkpt lat="41.44145" lon="1.845655"></trkpt>
      <trkpt lat="41.44084" lon="1.844519"></trkpt>
      <trkpt lat="41.440029" lon="1.843346"></trkpt>
      <trkpt lat="41.438354" lon="1.84167"></trkpt>
      <trkpt lat="41.436658" lon="1.840652"></trkpt>
      <trkpt lat="41.433265" lon="1.839448"></trkpt>
      <trkpt lat="41.431926" lon="1.838583"></trkpt>
      <trkpt lat="41.43065" lon="1.837443"></trkpt>
      <trkpt lat="41.428343" lon="1.83475"></trkpt>
      <trkpt lat="41.426831" lon="1.832671"></trkpt>
      <trkpt lat="41.425441" lon="1.83037"></trkpt>
      <trkpt lat="41.424359" lon="1.827968"></trkpt>
      <trkpt lat="41.423771" lon="1.826178"></trkpt>
      <trkpt lat="41.423278" lon="1.82416"></trkpt>
      <trkpt lat="41.422752" lon="1.820916"></trkpt>
      <trkpt lat="41.42192" lon="1.813522"></trkpt>
      <trkpt lat="41.420126" lon="1.805299"></trkpt>
      <trkpt lat="41.419451" lon="1.798066"></trkpt>
      <trkpt lat="41.419016" lon="1.796129"></trkpt>
      <trkpt lat="41.418186" lon="1.79387"></trkpt>
      <trkpt lat="41.416822" lon="1.791446"></trkpt>
      <trkpt lat="41.41472" lon="1.788838"></trkpt>
      <trkpt lat="41.413986" lon="1.787769"></trkpt>
      <trkpt lat="41.411648" lon="1.783554"></trkpt>
      <trkpt lat="41.410777" lon="1.782429"></trkpt>
      <trkpt lat="41.409696" lon="1.781319"></trkpt>
      <trkpt lat="41.408378" lon="1.780315"></trkpt>
      <trkpt lat="41.406768" lon="1.779471"></trkpt>
      <trkpt lat="41.405417" lon="1.779043"></trkpt>
      <trkpt lat="41.403125" lon="1.778588"></trkpt>
      <trkpt lat="41.402146" lon="1.778259"></trkpt>
      <trkpt lat="41.400994" lon="1.777706"></trkpt>
      <trkpt lat="41.40012" lon="1.777142"></trkpt>
      <trkpt lat="41.398911" lon="1.776128"></trkpt>
      <trkpt lat="41.397275" lon="1.774176"></trkpt>
      <trkpt lat="41.396014" lon="1.771906"></trkpt>
      <trkpt lat="41.394547" lon="1.767834"></trkpt>
      <trkpt lat="41.393286" lon="1.765122"></trkpt>
      <trkpt lat="41.39209" lon="1.76327"></trkpt>
      <trkpt lat="41.38944" lon="1.759999"></trkpt>
      <trkpt lat="41.388661" lon="1.758735"></trkpt>
      <trkpt lat="41.387921" lon="1.757183"></trkpt>
      <trkpt lat="41.387339" lon="1.755519"></trkpt>
      <trkpt lat="41.386885" lon="1.753542"></trkpt>
      <trkpt lat="41.386347" lon="1.747533"></trkpt>
      <trkpt lat="41.385662" lon="1.744675"></trkpt>
      <trkpt lat="41.384854" lon="1.742684"></trkpt>
      <trkpt lat="41.384107" lon="1.741322"></trkpt>
      <trkpt lat="41.383141" lon="1.739954"></trkpt>
      <trkpt lat="41.381934" lon="1.738653"></trkpt>
      <trkpt lat="41.38009" lon="1.737274"></trkpt>
      <trkpt lat="41.376626" lon="1.735674"></trkpt>
      <trkpt lat="41.374891" lon="1.73444"></trkpt>
      <trkpt lat="41.373449" lon="1.732933"></trkpt>
      <trkpt lat="41.37065" lon="1.728991"></trkpt>
      <trkpt lat="41.368783" lon="1.727298"></trkpt>
      <trkpt lat="41.36752" lon="1.726488"></trkpt>
      <trkpt lat="41.366036" lon="1.725874"></trkpt>
      <trkpt lat="41.36521" lon="1.725661"></trkpt>
      <trkpt lat="41.363661" lon="1.725496"></trkpt>
      <trkpt lat="41.360695" lon="1.72549"></trkpt>
      <trkpt lat="41.359569" lon="1.725275"></trkpt>
      <trkpt lat="41.357901" lon="1.724646"></trkpt>
      <trkpt lat="41.355993" lon="1.723402"></trkpt>
      <trkpt lat="41.352439" lon="1.719893"></trkpt>
      <trkpt lat="41.351071" lon="1.718966"></trkpt>
      <trkpt lat="41.349544" lon="1.718288"></trkpt>
      <trkpt lat="41.347496" lon="1.717866"></trkpt>
      <trkpt lat="41.344047" lon="1.717967"></trkpt>
      <trkpt lat="41.342421" lon="1.717859"></trkpt>
      <trkpt lat="41.340906" lon="1.717559"></trkpt>
      <trkpt lat="41.339126" lon="1.716957"></trkpt>
      <trkpt lat="41.336591" lon="1.715556"></trkpt>
      <trkpt lat="41.335017" lon="1.714315"></trkpt>
      <trkpt lat="41.333098" lon="1.712298"></trkpt>
      <trkpt lat="41.331599" lon="1.71018"></trkpt>
      <trkpt lat="41.330738" lon="1.708537"></trkpt>
      <trkpt lat="41.330235" lon="1.707229"></trkpt>
      <trkpt lat="41.329702" lon="1.705322"></trkpt>
      <trkpt lat="41.329426" lon="1.703738"></trkpt>
      <trkpt lat="41.329281" lon="1.700864"></trkpt>
      <trkpt lat="41.329674" lon="1.69665"></trkpt>
      <trkpt lat="41.32968" lon="1.693698"></trkpt>
      <trkpt lat="41.329223" lon="1.690784"></trkpt>
      <trkpt lat="41.327894" lon="1.686"></trkpt>
      <trkpt lat="41.327571" lon="1.683039"></trkpt>
      <trkpt lat="41.327713" lon="1.680126"></trkpt>
      <trkpt lat="41.328119" lon="1.677975"></trkpt>
      <trkpt lat="41.328636" lon="1.676296"></trkpt>
      <trkpt lat="41.330059" lon="1.672684"></trkpt>
      <trkpt lat="41.330636" lon="1.670364"></trkpt>
      <trkpt lat="41.330907" lon="1.667935"></trkpt>
      <trkpt lat="41.330883" lon="1.66569"></trkpt>
      <trkpt lat="41.33062" lon="1.663135"></trkpt>
      <trkpt lat="41.329669" lon="1.658321"></trkpt>
      <trkpt lat="41.328942" lon="1.655472"></trkpt>
      <trkpt lat="41.327507" lon="1.651221"></trkpt>
      <trkpt lat="41.326489" lon="1.64874"></trkpt>
      <trkpt lat="41.325017" lon="1.645615"></trkpt>
      <trkpt lat="41.324128" lon="1.643991"></trkpt>
      <trkpt lat="41.323352" lon="1.642887"></trkpt>
      <trkpt lat="41.322659" lon="1.642037"></trkpt>
      <trkpt lat="41.321541" lon="1.640946"></trkpt>
      <trkpt lat="41.318128" lon="1.638618"></trkpt>
      <trkpt lat="41.317146" lon="1.637731"></trkpt>
      <trkpt lat="41.316025" lon="1.636422"></trkpt>
      <trkpt lat="41.315166" lon="1.635136"></trkpt>
      <trkpt lat="41.314133" lon="1.633015"></trkpt>
      <trkpt lat="41.312749" lon="1.628308"></trkpt>
      <trkpt lat="41.311599" lon="1.625624"></trkpt>
      <trkpt lat="41.310338" lon="1.623574"></trkpt>
      <trkpt lat="41.30736" lon="1.620226"></trkpt>
      <trkpt lat="41.306261" lon="1.618505"></trkpt>
      <trkpt lat="41.305772" lon="1.61748"></trkpt>
      <trkpt lat="41.304908" lon="1.614892"></trkpt>
      <trkpt lat="41.304142" lon="1.611156"></trkpt>
      <trkpt lat="41.303602" lon="1.609235"></trkpt>
      <trkpt lat="41.302575" lon="1.606702"></trkpt>
      <trkpt lat="41.301252" lon="1.604413"></trkpt>
      <trkpt lat="41.299912" lon="1.602693"></trkpt>
      <trkpt lat="41.298143" lon="1.601018"></trkpt>
      <trkpt lat="41.297035" lon="1.60022"></trkpt>
      <trkpt lat="41.294117" lon="1.598604"></trkpt>
      <trkpt lat="41.292749" lon="1.597575"></trkpt>
      <trkpt lat="41.291568" lon="1.596363"></trkpt>
      <trkpt lat="41.290262" lon="1.594524"></trkpt>
      <trkpt lat="41.289449" lon="1.592919"></trkpt>
      <trkpt lat="41.28859" lon="1.590458"></trkpt>
      <trkpt lat="41.288237" lon="1.58879"></trkpt>
      <trkpt lat="41.287738" lon="1.585267"></trkpt>
      <trkpt lat="41.287122" lon="1.582883"></trkpt>
      <trkpt lat="41.286364" lon="1.581022"></trkpt>
      <trkpt lat="41.285801" lon="1.579946"></trkpt>
      <trkpt lat="41.284" lon="1.577253"></trkpt>
      <trkpt lat="41.283274" lon="1.576031"></trkpt>
      <trkpt lat="41.282729" lon="1.57485"></trkpt>
      <trkpt lat="41.282321" lon="1.573747"></trkpt>
      <trkpt lat="41.28088" lon="1.568711"></trkpt>
      <trkpt lat="41.280026" lon="1.566477"></trkpt>
      <trkpt lat="41.278845" lon="1.564039"></trkpt>
      <trkpt lat="41.277085" lon="1.561243"></trkpt>
      <trkpt lat="41.275153" lon="1.55888"></trkpt>
      <trkpt lat="41.272729" lon="1.556296"></trkpt>
      <trkpt lat="41.271244" lon="1.55408"></trkpt>
      <trkpt lat="41.270198" lon="1.55152"></trkpt>
      <trkpt lat="41.269455" lon="1.548496"></trkpt>
      <trkpt lat="41.268711" lon="1.546108"></trkpt>
      <trkpt lat="41.268126" lon="1.544835"></trkpt>
      <trkpt lat="41.267334" lon="1.543534"></trkpt>
      <trkpt lat="41.265844" lon="1.54183"></trkpt>
      <trkpt lat="41.264886" lon="1.541069"></trkpt>
      <trkpt lat="41.263595" lon="1.540347"></trkpt>
      <trkpt lat="41.261961" lon="1.539842"></trkpt>
      <trkpt lat="41.258375" lon="1.539428"></trkpt>
      <trkpt lat="41.257292" lon="1.539076"></trkpt>
      <trkpt lat="41.256302" lon="1.5386"></trkpt>
      <trkpt lat="41.254649" lon="1.537477"></trkpt>
      <trkpt lat="41.251746" lon="1.534841"></trkpt>
      <trkpt lat="41.249607" lon="1.533643"></trkpt>
      <trkpt lat="41.247015" lon="1.532719"></trkpt>
      <trkpt lat="41.245744" lon="1.532027"></trkpt>
      <trkpt lat="41.244428" lon="1.531018"></trkpt>
      <trkpt lat="41.242692" lon="1.529391"></trkpt>
      <trkpt lat="41.240853" lon="1.528172"></trkpt>
      <trkpt lat="41.2395" lon="1.527689"></trkpt>
      <trkpt lat="41.238663" lon="1.527534"></trkpt>
      <trkpt lat="41.23474" lon="1.527606"></trkpt>
      <trkpt lat="41.232964" lon="1.527415"></trkpt>
      <trkpt lat="41.230815" lon="1.526844"></trkpt>
      <trkpt lat="41.229062" lon="1.526059"></trkpt>
      <trkpt lat="41.227369" lon="1.524996"></trkpt>
      <trkpt lat="41.225441" lon="1.52336"></trkpt>
      <trkpt lat="41.223506" lon="1.521124"></trkpt>
      <trkpt lat="41.220855" lon="1.517177"></trkpt>
      <trkpt lat="41.219555" lon="1.515711"></trkpt>
      <trkpt lat="41.217989" lon="1.514396"></trkpt>
      <trkpt lat="41.217078" lon="1.513813"></trkpt>
      <trkpt lat="41.215391" lon="1.513035"></trkpt>
      <trkpt lat="41.213892" lon="1.512618"></trkpt>
      <trkpt lat="41.211461" lon="1.512157"></trkpt>
      <trkpt lat="41.209997" lon="1.511631"></trkpt>
      <trkpt lat="41.206918" lon="1.509858"></trkpt>
      <trkpt lat="41.204002" lon="1.508675"></trkpt>
      <trkpt lat="41.202222" lon="1.507533"></trkpt>
      <trkpt lat="41.200518" lon="1.50585"></trkpt>
      <trkpt lat="41.199468" lon="1.504384"></trkpt>
      <trkpt lat="41.198917" lon="1.503414"></trkpt>
      <trkpt lat="41.198282" lon="1.502036"></trkpt>
      <trkpt lat="41.197753" lon="1.500505"></trkpt>
      <trkpt lat="41.196636" lon="1.496294"></trkpt>
      <trkpt lat="41.196056" lon="1.49488"></trkpt>
      <trkpt lat="41.194981" lon="1.492878"></trkpt>
      <trkpt lat="41.194193" lon="1.491815"></trkpt>
      <trkpt lat="41.191309" lon="1.488871"></trkpt>
      <trkpt lat="41.190323" lon="1.487625"></trkpt>
      <trkpt lat="41.189253" lon="1.48579"></trkpt>
      <trkpt lat="41.187509" lon="1.482357"></trkpt>
      <trkpt lat="41.186423" lon="1.480925"></trkpt>
      <trkpt lat="41.184443" lon="1.478702"></trkpt>
      <trkpt lat="41.183683" lon="1.477632"></trkpt>
      <trkpt lat="41.18252" lon="1.475328"></trkpt>
      <trkpt lat="41.182076" lon="1.47391"></trkpt>
      <trkpt lat="41.181753" lon="1.472348"></trkpt>
      <trkpt lat="41.181595" lon="1.470803"></trkpt>
      <trkpt lat="41.181604" lon="1.469155"></trkpt>
      <trkpt lat="41.181916" lon="1.465787"></trkpt>
      <trkpt lat="41.181901" lon="1.463971"></trkpt>
      <trkpt lat="41.181277" lon="1.45921"></trkpt>
      <trkpt lat="41.181214" lon="1.457956"></trkpt>
      <trkpt lat="41.181314" lon="1.453854"></trkpt>
      <trkpt lat="41.180875" lon="1.44929"></trkpt>
      <trkpt lat="41.180843" lon="1.447744"></trkpt>
      <trkpt lat="41.181049" lon="1.445275"></trkpt>
      <trkpt lat="41.181979" lon="1.440719"></trkpt>
      <trkpt lat="41.182108" lon="1.439037"></trkpt>
      <trkpt lat="41.182043" lon="1.437286"></trkpt>
      <trkpt lat="41.181804" lon="1.435715"></trkpt>
      <trkpt lat="41.181417" lon="1.434205"></trkpt>
      <trkpt lat="41.180835" lon="1.432651"></trkpt>
      <trkpt lat="41.180196" lon="1.431364"></trkpt>
      <trkpt lat="41.179317" lon="1.430085"></trkpt>
      <trkpt lat="41.178477" lon="1.429175"></trkpt>
      <trkpt lat="41.177573" lon="1.42836"></trkpt>
      <trkpt lat="41.176436" lon="1.427621"></trkpt>
      <trkpt lat="41.173148" lon="1.426102"></trkpt>
      <trkpt lat="41.172047" lon="1.425371"></trkpt>
      <trkpt lat="41.170376" lon="1.423604"></trkpt>
      <trkpt lat="41.169129" lon="1.421442"></trkpt>
      <trkpt lat="41.167856" lon="1.418214"></trkpt>
      <trkpt lat="41.167191" lon="1.416893"></trkpt>
      <trkpt lat="41.16478" lon="1.413236"></trkpt>
      <trkpt lat="41.16418" lon="1.411829"></trkpt>
      <trkpt lat="41.163669" lon="1.410215"></trkpt>
      <trkpt lat="41.162705" lon="1.403873"></trkpt>
      <trkpt lat="41.162143" lon="1.401971"></trkpt>
      <trkpt lat="41.161233" lon="1.399577"></trkpt>
      <trkpt lat="41.160567" lon="1.39723"></trkpt>
      <trkpt lat="41.159905" lon="1.391872"></trkpt>
      <trkpt lat="41.159396" lon="1.389534"></trkpt>
      <trkpt lat="41.157584" lon="1.384903"></trkpt>
      <trkpt lat="41.157095" lon="1.383166"></trkpt>
      <trkpt lat="41.156815" lon="1.381373"></trkpt>
      <trkpt lat="41.15674" lon="1.37964"></trkpt>
      <trkpt lat="41.15698" lon="1.375654"></trkpt>
      <trkpt lat="41.156908" lon="1.373268"></trkpt>
      <trkpt lat="41.156544" lon="1.37097"></trkpt>
      <trkpt lat="41.155888" lon="1.368788"></trkpt>
      <trkpt lat="41.1549" lon="1.366588"></trkpt>
      <trkpt lat="41.153788" lon="1.364842"></trkpt>
      <trkpt lat="41.150561" lon="1.3614"></trkpt>
      <trkpt lat="41.149444" lon="1.359883"></trkpt>
      <trkpt lat="41.148235" lon="1.357525"></trkpt>
      <trkpt lat="41.146776" lon="1.353438"></trkpt>
      <trkpt lat="41.146078" lon="1.351996"></trkpt>
      <trkpt lat="41.14529" lon="1.350762"></trkpt>
      <trkpt lat="41.144397" lon="1.349636"></trkpt>
      <trkpt lat="41.1407" lon="1.346334"></trkpt>
      <trkpt lat="41.139299" lon="1.344456"></trkpt>
      <trkpt lat="41.138811" lon="1.343577"></trkpt>
      <trkpt lat="41.138159" lon="1.341993"></trkpt>
      <trkpt lat="41.137566" lon="1.339583"></trkpt>
      <trkpt lat="41.137407" lon="1.337959"></trkpt>
      <trkpt lat="41.13743" lon="1.335645"></trkpt>
      <trkpt lat="41.137662" lon="1.334109"></trkpt>
      <trkpt lat="41.13805" lon="1.332547"></trkpt>
      <trkpt lat="41.138536" lon="1.331319"></trkpt>
      <trkpt lat="41.139334" lon="1.329794"></trkpt>
      <trkpt lat="41.140243" lon="1.328392"></trkpt>
      <trkpt lat="41.143282" lon="1.324333"></trkpt>
      <trkpt lat="41.144611" lon="1.321818"></trkpt>
      <trkpt lat="41.145342" lon="1.31981"></trkpt>
      <trkpt lat="41.146425" lon="1.315514"></trkpt>
      <trkpt lat="41.14704" lon="1.313595"></trkpt>
      <trkpt lat="41.149103" lon="1.309252"></trkpt>
      <trkpt lat="41.149811" lon="1.30738"></trkpt>
      <trkpt lat="41.150331" lon="1.305237"></trkpt>
      <trkpt lat="41.150611" lon="1.302729"></trkpt>
      <trkpt lat="41.1506" lon="1.300807"></trkpt>
      <trkpt lat="41.150436" lon="1.299206"></trkpt>
      <trkpt lat="41.149874" lon="1.296645"></trkpt>
      <trkpt lat="41.149024" lon="1.294366"></trkpt>
      <trkpt lat="41.147602" lon="1.291726"></trkpt>
      <trkpt lat="41.146889" lon="1.29013"></trkpt>
      <trkpt lat="41.146149" lon="1.287233"></trkpt>
      <trkpt lat="41.14597" lon="1.284463"></trkpt>
      <trkpt lat="41.146434" lon="1.278224"></trkpt>
      <trkpt lat="41.146249" lon="1.274381"></trkpt>
      <trkpt lat="41.14562" lon="1.270675"></trkpt>
      <trkpt lat="41.143958" lon="1.264097"></trkpt>
      <trkpt lat="41.143413" lon="1.261031"></trkpt>
      <trkpt lat="41.143234" lon="1.259328"></trkpt>
      <trkpt lat="41.143103" lon="1.256471"></trkpt>
      <trkpt lat="41.143269" lon="1.25246"></trkpt>
      <trkpt lat="41.143575" lon="1.250012"></trkpt>
      <trkpt lat="41.145159" lon="1.240321"></trkpt>
      <trkpt lat="41.14541" lon="1.237521"></trkpt>
      <trkpt lat="41.145539" lon="1.233804"></trkpt>
      <trkpt lat="41.145296" lon="1.227963"></trkpt>
      <trkpt lat="41.14453" lon="1.220909"></trkpt>
      <trkpt lat="41.144335" lon="1.217382"></trkpt>
      <trkpt lat="41.14458" lon="1.208456"></trkpt>
      <trkpt lat="41.144471" lon="1.203796"></trkpt>
      <trkpt lat="41.143735" lon="1.198078"></trkpt>
      <trkpt lat="41.14282" lon="1.193946"></trkpt>
      <trkpt lat="41.141761" lon="1.190432"></trkpt>
      <trkpt lat="41.140448" lon="1.186982"></trkpt>
      <trkpt lat="41.139737" lon="1.185442"></trkpt>
      <trkpt lat="41.137829" lon="1.181852"></trkpt>
      <trkpt lat="41.134168" lon="1.175922"></trkpt>
      <trkpt lat="41.132432" lon="1.172271"></trkpt>
      <trkpt lat="41.131144" lon="1.168436"></trkpt>
      <trkpt lat="41.129079" lon="1.16044"></trkpt>
      <trkpt lat="41.127921" lon="1.157263"></trkpt>
      <trkpt lat="41.126776" lon="1.154826"></trkpt>
      <trkpt lat="41.125562" lon="1.152705"></trkpt>
      <trkpt lat="41.123874" lon="1.150302"></trkpt>
      <trkpt lat="41.119962" lon="1.145935"></trkpt>
      <trkpt lat="41.118906" lon="1.144444"></trkpt>
      <trkpt lat="41.11789" lon="1.142389"></trkpt>
      <trkpt lat="41.115965" lon="1.137024"></trkpt>
      <trkpt lat="41.114685" lon="1.134695"></trkpt>
      <trkpt lat="41.113105" lon="1.132672"></trkpt>
      <trkpt lat="41.109519" lon="1.129315"></trkpt>
      <trkpt lat="41.107393" lon="1.126923"></trkpt>
      <trkpt lat="41.105647" lon="1.124274"></trkpt>
      <trkpt lat="41.103978" lon="1.120722"></trkpt>
      <trkpt lat="41.102977" lon="1.117781"></trkpt>
      <trkpt lat="41.102079" lon="1.114388"></trkpt>
      <trkpt lat="41.10049" lon="1.105703"></trkpt>
      <trkpt lat="41.100127" lon="1.104182"></trkpt>
      <trkpt lat="41.099309" lon="1.101468"></trkpt>
      <trkpt lat="41.098628" lon="1.099664"></trkpt>
      <trkpt lat="41.097048" lon="1.096337"></trkpt>
      <trkpt lat="41.096408" lon="1.095218"></trkpt>
      <trkpt lat="41.092227" lon="1.088677"></trkpt>
      <trkpt lat="41.090127" lon="1.084855"></trkpt>
      <trkpt lat="41.087628" lon="1.079248"></trkpt>
      <trkpt lat="41.086501" lon="1.076164"></trkpt>
      <trkpt lat="41.085224" lon="1.071967"></trkpt>
      <trkpt lat="41.084066" lon="1.067054"></trkpt>
      <trkpt lat="41.083133" lon="1.061219"></trkpt>
      <trkpt lat="41.082716" lon="1.056434"></trkpt>
      <trkpt lat="41.0826" lon="1.053668"></trkpt>
      <trkpt lat="41.082568" lon="1.046961"></trkpt>
      <trkpt lat="41.082178" lon="1.042677"></trkpt>
      <trkpt lat="41.081527" lon="1.039336"></trkpt>
      <trkpt lat="41.080406" lon="1.035576"></trkpt>
      <trkpt lat="41.077799" lon="1.02921"></trkpt>
      <trkpt lat="41.075231" lon="1.02202"></trkpt>
      <trkpt lat="41.071277" lon="1.013043"></trkpt>
      <trkpt lat="41.068233" lon="1.003926"></trkpt>
      <trkpt lat="41.066063" lon="0.998984"></trkpt>
      <trkpt lat="41.064326" lon="0.995916"></trkpt>
      <trkpt lat="41.062451" lon="0.993148"></trkpt>
      <trkpt lat="41.057184" lon="0.986712"></trkpt>
      <trkpt lat="41.055201" lon="0.983965"></trkpt>
      <trkpt lat="41.053821" lon="0.981734"></trkpt>
      <trkpt lat="41.052719" lon="0.979743"></trkpt>
      <trkpt lat="41.051088" lon="0.976334"></trkpt>
      <trkpt lat="41.047928" lon="0.968031"></trkpt>
      <trkpt lat="41.046466" lon="0.964808"></trkpt>
      <trkpt lat="41.044377" lon="0.961106"></trkpt>
      <trkpt lat="41.041346" lon="0.956294"></trkpt>
      <trkpt lat="41.040336" lon="0.954311"></trkpt>
      <trkpt lat="41.039506" lon="0.952358"></trkpt>
      <trkpt lat="41.038877" lon="0.950635"></trkpt>
      <trkpt lat="41.038097" lon="0.947907"></trkpt>
      <trkpt lat="41.037556" lon="0.945291"></trkpt>
      <trkpt lat="41.037192" lon="0.942605"></trkpt>
      <trkpt lat="41.03701" lon="0.938891"></trkpt>
      <trkpt lat="41.037274" lon="0.932022"></trkpt>
      <trkpt lat="41.037176" lon="0.929544"></trkpt>
      <trkpt lat="41.036798" lon="0.926576"></trkpt>
      <trkpt lat="41.036122" lon="0.923645"></trkpt>
      <trkpt lat="41.035295" lon="0.921159"></trkpt>
      <trkpt lat="41.034389" lon="0.919077"></trkpt>
      <trkpt lat="41.033074" lon="0.916713"></trkpt>
      <trkpt lat="41.031658" lon="0.914713"></trkpt>
      <trkpt lat="41.03077" lon="0.913669"></trkpt>
      <trkpt lat="41.02975" lon="0.912619"></trkpt>
      <trkpt lat="41.027935" lon="0.911108"></trkpt>
      <trkpt lat="41.025239" lon="0.909502"></trkpt>
      <trkpt lat="41.024199" lon="0.909045"></trkpt>
      <trkpt lat="41.02174" lon="0.908233"></trkpt>
      <trkpt lat="41.020115" lon="0.907825"></trkpt>
      <trkpt lat="41.017336" lon="0.90736"></trkpt>
      <trkpt lat="41.013434" lon="0.907184"></trkpt>
      <trkpt lat="41.01209" lon="0.907247"></trkpt>
      <trkpt lat="41.008985" lon="0.907668"></trkpt>
      <trkpt lat="41.003584" lon="0.909024"></trkpt>
      <trkpt lat="41.001479" lon="0.909151"></trkpt>
      <trkpt lat="40.999689" lon="0.908913"></trkpt>
      <trkpt lat="40.998281" lon="0.908518"></trkpt>
      <trkpt lat="40.996864" lon="0.907859"></trkpt>
      <trkpt lat="40.995131" lon="0.906736"></trkpt>
      <trkpt lat="40.993959" lon="0.905712"></trkpt>
      <trkpt lat="40.99281" lon="0.904473"></trkpt>
      <trkpt lat="40.989643" lon="0.900234"></trkpt>
      <trkpt lat="40.987172" lon="0.897617"></trkpt>
      <trkpt lat="40.985736" lon="0.895837"></trkpt>
      <trkpt lat="40.984226" lon="0.893279"></trkpt>
      <trkpt lat="40.982442" lon="0.889398"></trkpt>
      <trkpt lat="40.981009" lon="0.886838"></trkpt>
      <trkpt lat="40.979602" lon="0.884809"></trkpt>
      <trkpt lat="40.978172" lon="0.883178"></trkpt>
      <trkpt lat="40.97645" lon="0.881657"></trkpt>
      <trkpt lat="40.97552" lon="0.880991"></trkpt>
      <trkpt lat="40.970319" lon="0.87788"></trkpt>
      <trkpt lat="40.967704" lon="0.875911"></trkpt>
      <trkpt lat="40.966541" lon="0.874888"></trkpt>
      <trkpt lat="40.964411" lon="0.872729"></trkpt>
      <trkpt lat="40.960597" lon="0.86815"></trkpt>
      <trkpt lat="40.958871" lon="0.866363"></trkpt>
      <trkpt lat="40.956971" lon="0.864849"></trkpt>
      <trkpt lat="40.952374" lon="0.862109"></trkpt>
      <trkpt lat="40.951027" lon="0.861196"></trkpt>
      <trkpt lat="40.949936" lon="0.86038"></trkpt>
      <trkpt lat="40.946114" lon="0.857072"></trkpt>
      <trkpt lat="40.938841" lon="0.849727"></trkpt>
      <trkpt lat="40.925185" lon="0.837088"></trkpt>
      <trkpt lat="40.918953" lon="0.830925"></trkpt>
      <trkpt lat="40.912977" lon="0.82528"></trkpt>
      <trkpt lat="40.906136" lon="0.818036"></trkpt>
      <trkpt lat="40.899582" lon="0.811981"></trkpt>
      <trkpt lat="40.893887" lon="0.806286"></trkpt>
      <trkpt lat="40.890245" lon="0.802884"></trkpt>
      <trkpt lat="40.884815" lon="0.79722"></trkpt>
      <trkpt lat="40.878299" lon="0.791061"></trkpt>
      <trkpt lat="40.876343" lon="0.788994"></trkpt>
      <trkpt lat="40.871289" lon="0.782667"></trkpt>
      <trkpt lat="40.86551" lon="0.775803"></trkpt>
      <trkpt lat="40.859464" lon="0.768209"></trkpt>
      <trkpt lat="40.853218" lon="0.761096"></trkpt>
      <trkpt lat="40.850488" lon="0.757244"></trkpt>
      <trkpt lat="40.846794" lon="0.75087"></trkpt>
      <trkpt lat="40.84493" lon="0.748364"></trkpt>
      <trkpt lat="40.843378" lon="0.746765"></trkpt>
      <trkpt lat="40.841748" lon="0.745426"></trkpt>
      <trkpt lat="40.839578" lon="0.744043"></trkpt>
      <trkpt lat="40.836091" lon="0.742111"></trkpt>
      <trkpt lat="40.834055" lon="0.740602"></trkpt>
      <trkpt lat="40.831975" lon="0.738535"></trkpt>
      <trkpt lat="40.830086" lon="0.735959"></trkpt>
      <trkpt lat="40.826267" lon="0.729435"></trkpt>
      <trkpt lat="40.823043" lon="0.724864"></trkpt>
      <trkpt lat="40.820941" lon="0.721665"></trkpt>
      <trkpt lat="40.81911" lon="0.718232"></trkpt>
      <trkpt lat="40.815516" lon="0.710567"></trkpt>
      <trkpt lat="40.812685" lon="0.703389"></trkpt>
      <trkpt lat="40.811764" lon="0.701349"></trkpt>
      <trkpt lat="40.810585" lon="0.699336"></trkpt>
      <trkpt lat="40.806488" lon="0.693651"></trkpt>
      <trkpt lat="40.805276" lon="0.691337"></trkpt>
      <trkpt lat="40.804563" lon="0.689776"></trkpt>
      <trkpt lat="40.803978" lon="0.688033"></trkpt>
      <trkpt lat="40.803524" lon="0.686181"></trkpt>
      <trkpt lat="40.802737" lon="0.680894"></trkpt>
      <trkpt lat="40.801881" lon="0.677575"></trkpt>
      <trkpt lat="40.800886" lon="0.674891"></trkpt>
      <trkpt lat="40.799555" lon="0.672267"></trkpt>
      <trkpt lat="40.798499" lon="0.670637"></trkpt>
      <trkpt lat="40.797073" lon="0.668801"></trkpt>
      <trkpt lat="40.792387" lon="0.663664"></trkpt>
      <trkpt lat="40.789938" lon="0.660526"></trkpt>
      <trkpt lat="40.787843" lon="0.657387"></trkpt>
      <trkpt lat="40.783289" lon="0.650083"></trkpt>
      <trkpt lat="40.780961" lon="0.646821"></trkpt>
      <trkpt lat="40.777506" lon="0.642382"></trkpt>
      <trkpt lat="40.7755" lon="0.640027"></trkpt>
      <trkpt lat="40.772366" lon="0.636806"></trkpt>
      <trkpt lat="40.768403" lon="0.632345"></trkpt>
      <trkpt lat="40.765334" lon="0.628113"></trkpt>
      <trkpt lat="40.762668" lon="0.623624"></trkpt>
      <trkpt lat="40.760496" lon="0.619183"></trkpt>
      <trkpt lat="40.75886" lon="0.615064"></trkpt>
      <trkpt lat="40.755928" lon="0.60661"></trkpt>
      <trkpt lat="40.755229" lon="0.605016"></trkpt>
      <trkpt lat="40.754094" lon="0.602849"></trkpt>
      <trkpt lat="40.752245" lon="0.599975"></trkpt>
      <trkpt lat="40.750148" lon="0.59737"></trkpt>
      <trkpt lat="40.748105" lon="0.595527"></trkpt>
      <trkpt lat="40.746402" lon="0.594211"></trkpt>
      <trkpt lat="40.743897" lon="0.592814"></trkpt>
      <trkpt lat="40.742474" lon="0.592183"></trkpt>
      <trkpt lat="40.739087" lon="0.591111"></trkpt>
      <trkpt lat="40.737151" lon="0.590337"></trkpt>
      <trkpt lat="40.735703" lon="0.589376"></trkpt>
      <trkpt lat="40.734089" lon="0.587766"></trkpt>
      <trkpt lat="40.732696" lon="0.58578"></trkpt>
      <trkpt lat="40.732103" lon="0.584598"></trkpt>
      <trkpt lat="40.73156" lon="0.583245"></trkpt>
      <trkpt lat="40.729313" lon="0.576207"></trkpt>
      <trkpt lat="40.72778" lon="0.572777"></trkpt>
      <trkpt lat="40.725836" lon="0.569413"></trkpt>
      <trkpt lat="40.724009" lon="0.566823"></trkpt>
      <trkpt lat="40.721163" lon="0.563622"></trkpt>
      <trkpt lat="40.716608" lon="0.559624"></trkpt>
      <trkpt lat="40.713364" lon="0.556163"></trkpt>
      <trkpt lat="40.711674" lon="0.55471"></trkpt>
      <trkpt lat="40.708958" lon="0.552734"></trkpt>
      <trkpt lat="40.707097" lon="0.551043"></trkpt>
      <trkpt lat="40.702633" lon="0.545486"></trkpt>
      <trkpt lat="40.699628" lon="0.542558"></trkpt>
      <trkpt lat="40.697852" lon="0.540466"></trkpt>
      <trkpt lat="40.69645" lon="0.538344"></trkpt>
      <trkpt lat="40.694093" lon="0.533989"></trkpt>
      <trkpt lat="40.693179" lon="0.53257"></trkpt>
      <trkpt lat="40.691953" lon="0.530974"></trkpt>
      <trkpt lat="40.690132" lon="0.529086"></trkpt>
      <trkpt lat="40.688794" lon="0.527992"></trkpt>
      <trkpt lat="40.686839" lon="0.526737"></trkpt>
      <trkpt lat="40.685011" lon="0.52588"></trkpt>
      <trkpt lat="40.682049" lon="0.524747"></trkpt>
      <trkpt lat="40.680699" lon="0.524019"></trkpt>
      <trkpt lat="40.679625" lon="0.523265"></trkpt>
      <trkpt lat="40.678448" lon="0.522233"></trkpt>
      <trkpt lat="40.677485" lon="0.521202"></trkpt>
      <trkpt lat="40.67458" lon="0.517517"></trkpt>
      <trkpt lat="40.67286" lon="0.515973"></trkpt>
      <trkpt lat="40.671517" lon="0.515068"></trkpt>
      <trkpt lat="40.669525" lon="0.514153"></trkpt>
      <trkpt lat="40.664809" lon="0.512809"></trkpt>
      <trkpt lat="40.66" lon="0.510785"></trkpt>
      <trkpt lat="40.654989" lon="0.509488"></trkpt>
      <trkpt lat="40.652773" lon="0.508694"></trkpt>
      <trkpt lat="40.650784" lon="0.507693"></trkpt>
      <trkpt lat="40.645694" lon="0.504621"></trkpt>
      <trkpt lat="40.640983" lon="0.502286"></trkpt>
      <trkpt lat="40.638056" lon="0.500496"></trkpt>
      <trkpt lat="40.636431" lon="0.499376"></trkpt>
      <trkpt lat="40.633114" lon="0.496673"></trkpt>
      <trkpt lat="40.628167" lon="0.491892"></trkpt>
      <trkpt lat="40.623462" lon="0.488002"></trkpt>
      <trkpt lat="40.620175" lon="0.484898"></trkpt>
      <trkpt lat="40.618735" lon="0.48337"></trkpt>
      <trkpt lat="40.615529" lon="0.480432"></trkpt>
      <trkpt lat="40.613385" lon="0.478697"></trkpt>
      <trkpt lat="40.611772" lon="0.477573"></trkpt>
      <trkpt lat="40.608302" lon="0.475434"></trkpt>
      <trkpt lat="40.599232" lon="0.471299"></trkpt>
      <trkpt lat="40.596057" lon="0.469352"></trkpt>
      <trkpt lat="40.594604" lon="0.468313"></trkpt>
      <trkpt lat="40.592334" lon="0.466336"></trkpt>
      <trkpt lat="40.590473" lon="0.464378"></trkpt>
      <trkpt lat="40.586543" lon="0.45951"></trkpt>
      <trkpt lat="40.581981" lon="0.454708"></trkpt>
      <trkpt lat="40.579822" lon="0.452008"></trkpt>
      <trkpt lat="40.578328" lon="0.44973"></trkpt>
      <trkpt lat="40.577201" lon="0.447723"></trkpt>
      <trkpt lat="40.574253" lon="0.441266"></trkpt>
      <trkpt lat="40.572988" lon="0.438923"></trkpt>
      <trkpt lat="40.571305" lon="0.436405"></trkpt>
      <trkpt lat="40.569811" lon="0.43458"></trkpt>
      <trkpt lat="40.567101" lon="0.432001"></trkpt>
      <trkpt lat="40.565421" lon="0.430762"></trkpt>
      <trkpt lat="40.563712" lon="0.429736"></trkpt>
      <trkpt lat="40.55799" lon="0.426843"></trkpt>
      <trkpt lat="40.550479" lon="0.421724"></trkpt>
      <trkpt lat="40.548533" lon="0.420684"></trkpt>
      <trkpt lat="40.546794" lon="0.419934"></trkpt>
      <trkpt lat="40.545005" lon="0.419349"></trkpt>
      <trkpt lat="40.543003" lon="0.41888"></trkpt>
      <trkpt lat="40.541099" lon="0.418627"></trkpt>
      <trkpt lat="40.533358" lon="0.418561"></trkpt>
      <trkpt lat="40.530012" lon="0.418244"></trkpt>
      <trkpt lat="40.527864" lon="0.417856"></trkpt>
      <trkpt lat="40.52162" lon="0.416297"></trkpt>
      <trkpt lat="40.51964" lon="0.41592"></trkpt>
      <trkpt lat="40.517326" lon="0.415585"></trkpt>
      <trkpt lat="40.513247" lon="0.415263"></trkpt>
      <trkpt lat="40.509345" lon="0.415288"></trkpt>
      <trkpt lat="40.504188" lon="0.41575"></trkpt>
      <trkpt lat="40.500911" lon="0.41583"></trkpt>
      <trkpt lat="40.497192" lon="0.415544"></trkpt>
      <trkpt lat="40.493068" lon="0.414968"></trkpt>
      <trkpt lat="40.490562" lon="0.414973"></trkpt>
      <trkpt lat="40.488177" lon="0.415317"></trkpt>
      <trkpt lat="40.486402" lon="0.415794"></trkpt>
      <trkpt lat="40.484721" lon="0.416426"></trkpt>
      <trkpt lat="40.480914" lon="0.418142"></trkpt>
      <trkpt lat="40.478748" lon="0.418752"></trkpt>
      <trkpt lat="40.477627" lon="0.418902"></trkpt>
      <trkpt lat="40.475796" lon="0.418897"></trkpt>
      <trkpt lat="40.474374" lon="0.418705"></trkpt>
      <trkpt lat="40.472453" lon="0.418156"></trkpt>
      <trkpt lat="40.470055" lon="0.41695"></trkpt>
      <trkpt lat="40.468079" lon="0.415455"></trkpt>
      <trkpt lat="40.466834" lon="0.414209"></trkpt>
      <trkpt lat="40.463319" lon="0.410187"></trkpt>
      <trkpt lat="40.461198" lon="0.408133"></trkpt>
      <trkpt lat="40.45921" lon="0.406513"></trkpt>
      <trkpt lat="40.454416" lon="0.403238"></trkpt>
      <trkpt lat="40.451625" lon="0.401067"></trkpt>
      <trkpt lat="40.449427" lon="0.399024"></trkpt>
      <trkpt lat="40.445401" lon="0.394939"></trkpt>
      <trkpt lat="40.443414" lon="0.393169"></trkpt>
      <trkpt lat="40.441453" lon="0.391666"></trkpt>
      <trkpt lat="40.438987" lon="0.390055"></trkpt>
      <trkpt lat="40.436227" lon="0.388606"></trkpt>
      <trkpt lat="40.431107" lon="0.38624"></trkpt>
      <trkpt lat="40.428749" lon="0.384935"></trkpt>
      <trkpt lat="40.426382" lon="0.383404"></trkpt>
      <trkpt lat="40.424688" lon="0.382169"></trkpt>
      <trkpt lat="40.422517" lon="0.380379"></trkpt>
      <trkpt lat="40.416978" lon="0.375178"></trkpt>
      <trkpt lat="40.413909" lon="0.372795"></trkpt>
      <trkpt lat="40.412523" lon="0.37198"></trkpt>
      <trkpt lat="40.411242" lon="0.371381"></trkpt>
      <trkpt lat="40.409675" lon="0.370836"></trkpt>
      <trkpt lat="40.408357" lon="0.370527"></trkpt>
      <trkpt lat="40.40703" lon="0.37034"></trkpt>
      <trkpt lat="40.405565" lon="0.370287"></trkpt>
      <trkpt lat="40.401616" lon="0.370702"></trkpt>
      <trkpt lat="40.40025" lon="0.370641"></trkpt>
      <trkpt lat="40.398249" lon="0.370043"></trkpt>
      <trkpt lat="40.396994" lon="0.369318"></trkpt>
      <trkpt lat="40.395809" lon="0.368317"></trkpt>
      <trkpt lat="40.394838" lon="0.367198"></trkpt>
      <trkpt lat="40.393942" lon="0.365787"></trkpt>
      <trkpt lat="40.393276" lon="0.364362"></trkpt>
      <trkpt lat="40.392582" lon="0.361941"></trkpt>
      <trkpt lat="40.391861" lon="0.356777"></trkpt>
      <trkpt lat="40.391321" lon="0.354535"></trkpt>
      <trkpt lat="40.390588" lon="0.352375"></trkpt>
      <trkpt lat="40.389715" lon="0.350434"></trkpt>
      <trkpt lat="40.388028" lon="0.347639"></trkpt>
      <trkpt lat="40.3866" lon="0.345891"></trkpt>
      <trkpt lat="40.385358" lon="0.344671"></trkpt>
      <trkpt lat="40.383733" lon="0.343418"></trkpt>
      <trkpt lat="40.380518" lon="0.341295"></trkpt>
      <trkpt lat="40.37902" lon="0.340053"></trkpt>
      <trkpt lat="40.377912" lon="0.338936"></trkpt>
      <trkpt lat="40.375043" lon="0.335515"></trkpt>
      <trkpt lat="40.373188" lon="0.33351"></trkpt>
      <trkpt lat="40.371451" lon="0.331926"></trkpt>
      <trkpt lat="40.367133" lon="0.32862"></trkpt>
      <trkpt lat="40.365649" lon="0.327219"></trkpt>
      <trkpt lat="40.364" lon="0.325253"></trkpt>
      <trkpt lat="40.360795" lon="0.320659"></trkpt>
      <trkpt lat="40.357088" lon="0.316103"></trkpt>
      <trkpt lat="40.355605" lon="0.313802"></trkpt>
      <trkpt lat="40.354525" lon="0.311658"></trkpt>
      <trkpt lat="40.353388" lon="0.308627"></trkpt>
      <trkpt lat="40.351681" lon="0.301285"></trkpt>
      <trkpt lat="40.350761" lon="0.298149"></trkpt>
      <trkpt lat="40.349847" lon="0.295677"></trkpt>
      <trkpt lat="40.347873" lon="0.291172"></trkpt>
      <trkpt lat="40.347056" lon="0.288977"></trkpt>
      <trkpt lat="40.346418" lon="0.286672"></trkpt>
      <trkpt lat="40.345352" lon="0.281407"></trkpt>
      <trkpt lat="40.344391" lon="0.278138"></trkpt>
      <trkpt lat="40.343053" lon="0.275074"></trkpt>
      <trkpt lat="40.341571" lon="0.272572"></trkpt>
      <trkpt lat="40.340253" lon="0.270813"></trkpt>
      <trkpt lat="40.339374" lon="0.269829"></trkpt>
      <trkpt lat="40.334263" lon="0.264969"></trkpt>
      <trkpt lat="40.329371" lon="0.259372"></trkpt>
      <trkpt lat="40.326673" lon="0.25662"></trkpt>
      <trkpt lat="40.319136" lon="0.25047"></trkpt>
      <trkpt lat="40.316889" lon="0.248388"></trkpt>
      <trkpt lat="40.312996" lon="0.244414"></trkpt>
      <trkpt lat="40.311129" lon="0.242665"></trkpt>
      <trkpt lat="40.309035" lon="0.240947"></trkpt>
      <trkpt lat="40.30706" lon="0.23955"></trkpt>
      <trkpt lat="40.299101" lon="0.23502"></trkpt>
      <trkpt lat="40.2969" lon="0.233477"></trkpt>
      <trkpt lat="40.293473" lon="0.230754"></trkpt>
      <trkpt lat="40.292177" lon="0.229889"></trkpt>
      <trkpt lat="40.289977" lon="0.228868"></trkpt>
      <trkpt lat="40.287587" lon="0.228298"></trkpt>
      <trkpt lat="40.286369" lon="0.228212"></trkpt>
      <trkpt lat="40.285056" lon="0.228272"></trkpt>
      <trkpt lat="40.283444" lon="0.228553"></trkpt>
      <trkpt lat="40.281858" lon="0.229076"></trkpt>
      <trkpt lat="40.27936" lon="0.230443"></trkpt>
      <trkpt lat="40.275928" lon="0.233116"></trkpt>
      <trkpt lat="40.273889" lon="0.234413"></trkpt>
      <trkpt lat="40.271944" lon="0.235327"></trkpt>
      <trkpt lat="40.270004" lon="0.235975"></trkpt>
      <trkpt lat="40.267927" lon="0.236377"></trkpt>
      <trkpt lat="40.266365" lon="0.236441"></trkpt>
      <trkpt lat="40.265345" lon="0.236353"></trkpt>
      <trkpt lat="40.263415" lon="0.235902"></trkpt>
      <trkpt lat="40.261503" lon="0.235068"></trkpt>
      <trkpt lat="40.256449" lon="0.232034"></trkpt>
      <trkpt lat="40.251002" lon="0.229346"></trkpt>
      <trkpt lat="40.249008" lon="0.228099"></trkpt>
      <trkpt lat="40.246977" lon="0.226535"></trkpt>
      <trkpt lat="40.245075" lon="0.224767"></trkpt>
      <trkpt lat="40.238972" lon="0.217739"></trkpt>
      <trkpt lat="40.233155" lon="0.212045"></trkpt>
      <trkpt lat="40.231761" lon="0.21043"></trkpt>
      <trkpt lat="40.230682" lon="0.20894"></trkpt>
      <trkpt lat="40.22963" lon="0.207245"></trkpt>
      <trkpt lat="40.228735" lon="0.205534"></trkpt>
      <trkpt lat="40.227858" lon="0.20354"></trkpt>
      <trkpt lat="40.227001" lon="0.2011"></trkpt>
      <trkpt lat="40.225657" lon="0.195767"></trkpt>
      <trkpt lat="40.22504" lon="0.193921"></trkpt>
      <trkpt lat="40.224303" lon="0.192247"></trkpt>
      <trkpt lat="40.222697" lon="0.189668"></trkpt>
      <trkpt lat="40.221464" lon="0.188206"></trkpt>
      <trkpt lat="40.220061" lon="0.186953"></trkpt>
      <trkpt lat="40.21613" lon="0.18432"></trkpt>
      <trkpt lat="40.214121" lon="0.182731"></trkpt>
      <trkpt lat="40.210246" lon="0.179395"></trkpt>
      <trkpt lat="40.208245" lon="0.178"></trkpt>
      <trkpt lat="40.205849" lon="0.176674"></trkpt>
      <trkpt lat="40.20349" lon="0.175705"></trkpt>
      <trkpt lat="40.19485" lon="0.17342"></trkpt>
      <trkpt lat="40.191642" lon="0.172219"></trkpt>
      <trkpt lat="40.188706" lon="0.170809"></trkpt>
      <trkpt lat="40.18637" lon="0.169471"></trkpt>
      <trkpt lat="40.181049" lon="0.165955"></trkpt>
      <trkpt lat="40.177377" lon="0.16391"></trkpt>
      <trkpt lat="40.173983" lon="0.162321"></trkpt>
      <trkpt lat="40.168566" lon="0.16007"></trkpt>
      <trkpt lat="40.166847" lon="0.159228"></trkpt>
      <trkpt lat="40.164178" lon="0.157705"></trkpt>
      <trkpt lat="40.162068" lon="0.156357"></trkpt>
      <trkpt lat="40.15905" lon="0.15416"></trkpt>
      <trkpt lat="40.154822" lon="0.150564"></trkpt>
      <trkpt lat="40.152397" lon="0.148684"></trkpt>
      <trkpt lat="40.150587" lon="0.147444"></trkpt>
      <trkpt lat="40.148244" lon="0.146044"></trkpt>
      <trkpt lat="40.145656" lon="0.144735"></trkpt>
      <trkpt lat="40.143811" lon="0.143945"></trkpt>
      <trkpt lat="40.141602" lon="0.143145"></trkpt>
      <trkpt lat="40.137194" lon="0.141793"></trkpt>
      <trkpt lat="40.132754" lon="0.139902"></trkpt>
      <trkpt lat="40.129609" lon="0.138139"></trkpt>
      <trkpt lat="40.123329" lon="0.13402"></trkpt>
      <trkpt lat="40.120896" lon="0.132792"></trkpt>
      <trkpt lat="40.118463" lon="0.131894"></trkpt>
      <trkpt lat="40.115654" lon="0.131244"></trkpt>
      <trkpt lat="40.111557" lon="0.130839"></trkpt>
      <trkpt lat="40.105931" lon="0.130537"></trkpt>
      <trkpt lat="40.103723" lon="0.130175"></trkpt>
      <trkpt lat="40.101123" lon="0.129399"></trkpt>
      <trkpt lat="40.099164" lon="0.128524"></trkpt>
      <trkpt lat="40.096632" lon="0.126973"></trkpt>
      <trkpt lat="40.095273" lon="0.125916"></trkpt>
      <trkpt lat="40.092311" lon="0.12315"></trkpt>
      <trkpt lat="40.090836" lon="0.122067"></trkpt>
      <trkpt lat="40.087244" lon="0.120518"></trkpt>
      <trkpt lat="40.084554" lon="0.118881"></trkpt>
      <trkpt lat="40.083303" lon="0.118328"></trkpt>
      <trkpt lat="40.081609" lon="0.118056"></trkpt>
      <trkpt lat="40.080274" lon="0.118206"></trkpt>
      <trkpt lat="40.079091" lon="0.118616"></trkpt>
      <trkpt lat="40.076761" lon="0.119867"></trkpt>
      <trkpt lat="40.075855" lon="0.120171"></trkpt>
      <trkpt lat="40.074846" lon="0.120333"></trkpt>
      <trkpt lat="40.073894" lon="0.12031"></trkpt>
      <trkpt lat="40.072743" lon="0.120052"></trkpt>
      <trkpt lat="40.071513" lon="0.119484"></trkpt>
      <trkpt lat="40.070494" lon="0.11873"></trkpt>
      <trkpt lat="40.06933" lon="0.11743"></trkpt>
      <trkpt lat="40.068425" lon="0.115879"></trkpt>
      <trkpt lat="40.067778" lon="0.114082"></trkpt>
      <trkpt lat="40.06751" lon="0.112739"></trkpt>
      <trkpt lat="40.067403" lon="0.111369"></trkpt>
      <trkpt lat="40.067473" lon="0.10979"></trkpt>
      <trkpt lat="40.068331" lon="0.105577"></trkpt>
      <trkpt lat="40.068621" lon="0.103596"></trkpt>
      <trkpt lat="40.068699" lon="0.102168"></trkpt>
      <trkpt lat="40.068603" lon="0.099976"></trkpt>
      <trkpt lat="40.06824" lon="0.097767"></trkpt>
      <trkpt lat="40.066712" lon="0.091316"></trkpt>
      <trkpt lat="40.066329" lon="0.088482"></trkpt>
      <trkpt lat="40.066223" lon="0.08523"></trkpt>
      <trkpt lat="40.066487" lon="0.079843"></trkpt>
      <trkpt lat="40.066392" lon="0.077835"></trkpt>
      <trkpt lat="40.066175" lon="0.076314"></trkpt>
      <trkpt lat="40.065643" lon="0.074101"></trkpt>
      <trkpt lat="40.065156" lon="0.07269"></trkpt>
      <trkpt lat="40.062708" lon="0.067518"></trkpt>
      <trkpt lat="40.062204" lon="0.065906"></trkpt>
      <trkpt lat="40.061872" lon="0.06422"></trkpt>
      <trkpt lat="40.061716" lon="0.062491"></trkpt>
      <trkpt lat="40.061738" lon="0.060811"></trkpt>
      <trkpt lat="40.061975" lon="0.05889"></trkpt>
      <trkpt lat="40.062586" lon="0.055528"></trkpt>
      <trkpt lat="40.062675" lon="0.053324"></trkpt>
      <trkpt lat="40.062354" lon="0.050663"></trkpt>
      <trkpt lat="40.061998" lon="0.049318"></trkpt>
      <trkpt lat="40.061345" lon="0.04764"></trkpt>
      <trkpt lat="40.060642" lon="0.046346"></trkpt>
      <trkpt lat="40.059804" lon="0.045172"></trkpt>
      <trkpt lat="40.058352" lon="0.043731"></trkpt>
      <trkpt lat="40.057228" lon="0.042956"></trkpt>
      <trkpt lat="40.053972" lon="0.04154"></trkpt>
      <trkpt lat="40.052803" lon="0.040863"></trkpt>
      <trkpt lat="40.051401" lon="0.039772"></trkpt>
      <trkpt lat="40.049853" lon="0.038068"></trkpt>
      <trkpt lat="40.048978" lon="0.03678"></trkpt>
      <trkpt lat="40.04816" lon="0.03525"></trkpt>
      <trkpt lat="40.045301" lon="0.028863"></trkpt>
      <trkpt lat="40.039971" lon="0.019904"></trkpt>
      <trkpt lat="40.038151" lon="0.016454"></trkpt>
      <trkpt lat="40.03663" lon="0.013256"></trkpt>
      <trkpt lat="40.03537" lon="0.01024"></trkpt>
      <trkpt lat="40.033723" lon="0.005496"></trkpt>
      <trkpt lat="40.031793" lon="-0.001755"></trkpt>
      <trkpt lat="40.029705" lon="-0.008818"></trkpt>
      <trkpt lat="40.029235" lon="-0.011086"></trkpt>
      <trkpt lat="40.028969" lon="-0.01317"></trkpt>
      <trkpt lat="40.028853" lon="-0.015057"></trkpt>
      <trkpt lat="40.028794" lon="-0.020672"></trkpt>
      <trkpt lat="40.028415" lon="-0.024007"></trkpt>
      <trkpt lat="40.027903" lon="-0.026355"></trkpt>
      <trkpt lat="40.027321" lon="-0.028233"></trkpt>
      <trkpt lat="40.026371" lon="-0.030496"></trkpt>
      <trkpt lat="40.025534" lon="-0.032067"></trkpt>
      <trkpt lat="40.023847" lon="-0.034534"></trkpt>
      <trkpt lat="40.022346" lon="-0.036203"></trkpt>
      <trkpt lat="40.018576" lon="-0.039698"></trkpt>
      <trkpt lat="40.016561" lon="-0.042037"></trkpt>
      <trkpt lat="40.015657" lon="-0.043285"></trkpt>
      <trkpt lat="40.012762" lon="-0.048053"></trkpt>
      <trkpt lat="40.011955" lon="-0.049162"></trkpt>
      <trkpt lat="40.010142" lon="-0.05101"></trkpt>
      <trkpt lat="40.008271" lon="-0.052522"></trkpt>
      <trkpt lat="40.007003" lon="-0.053955"></trkpt>
      <trkpt lat="40.006512" lon="-0.05474"></trkpt>
      <trkpt lat="40.00576" lon="-0.056497"></trkpt>
      <trkpt lat="40.005336" lon="-0.058184"></trkpt>
      <trkpt lat="40.004913" lon="-0.060965"></trkpt>
      <trkpt lat="40.004065" lon="-0.06375"></trkpt>
      <trkpt lat="40.002827" lon="-0.066017"></trkpt>
      <trkpt lat="40.000417" lon="-0.069125"></trkpt>
      <trkpt lat="39.99942" lon="-0.070749"></trkpt>
      <trkpt lat="39.998629" lon="-0.072329"></trkpt>
      <trkpt lat="39.996889" lon="-0.076897"></trkpt>
      <trkpt lat="39.995521" lon="-0.079494"></trkpt>
      <trkpt lat="39.994558" lon="-0.080829"></trkpt>
      <trkpt lat="39.992193" lon="-0.083696"></trkpt>
      <trkpt lat="39.991283" lon="-0.0853"></trkpt>
      <trkpt lat="39.98974" lon="-0.088482"></trkpt>
      <trkpt lat="39.989188" lon="-0.089318"></trkpt>
      <trkpt lat="39.986104" lon="-0.092706"></trkpt>
      <trkpt lat="39.984827" lon="-0.094431"></trkpt>
      <trkpt lat="39.983706" lon="-0.096469"></trkpt>
      <trkpt lat="39.981701" lon="-0.101112"></trkpt>
      <trkpt lat="39.980259" lon="-0.103434"></trkpt>
      <trkpt lat="39.976787" lon="-0.107536"></trkpt>
      <trkpt lat="39.975643" lon="-0.109205"></trkpt>
      <trkpt lat="39.973674" lon="-0.112501"></trkpt>
      <trkpt lat="39.972706" lon="-0.113862"></trkpt>
      <trkpt lat="39.968085" lon="-0.118646"></trkpt>
      <trkpt lat="39.96686" lon="-0.120363"></trkpt>
      <trkpt lat="39.96499" lon="-0.123422"></trkpt>
      <trkpt lat="39.963256" lon="-0.125619"></trkpt>
      <trkpt lat="39.961807" lon="-0.126913"></trkpt>
      <trkpt lat="39.960302" lon="-0.127908"></trkpt>
      <trkpt lat="39.959061" lon="-0.128494"></trkpt>
      <trkpt lat="39.957618" lon="-0.128965"></trkpt>
      <trkpt lat="39.956113" lon="-0.129208"></trkpt>
      <trkpt lat="39.951971" lon="-0.129367"></trkpt>
      <trkpt lat="39.950332" lon="-0.129662"></trkpt>
      <trkpt lat="39.948593" lon="-0.130229"></trkpt>
      <trkpt lat="39.943887" lon="-0.132523"></trkpt>
      <trkpt lat="39.942178" lon="-0.133145"></trkpt>
      <trkpt lat="39.939753" lon="-0.133658"></trkpt>
      <trkpt lat="39.93498" lon="-0.134217"></trkpt>
      <trkpt lat="39.929366" lon="-0.135861"></trkpt>
      <trkpt lat="39.926645" lon="-0.136231"></trkpt>
      <trkpt lat="39.924201" lon="-0.136115"></trkpt>
      <trkpt lat="39.919653" lon="-0.135221"></trkpt>
      <trkpt lat="39.917295" lon="-0.13493"></trkpt>
      <trkpt lat="39.915667" lon="-0.134916"></trkpt>
      <trkpt lat="39.910695" lon="-0.135291"></trkpt>
      <trkpt lat="39.90796" lon="-0.135149"></trkpt>
      <trkpt lat="39.906624" lon="-0.134882"></trkpt>
      <trkpt lat="39.903927" lon="-0.133923"></trkpt>
      <trkpt lat="39.900474" lon="-0.132322"></trkpt>
      <trkpt lat="39.893279" lon="-0.129737"></trkpt>
      <trkpt lat="39.890588" lon="-0.128573"></trkpt>
      <trkpt lat="39.885535" lon="-0.126099"></trkpt>
      <trkpt lat="39.881574" lon="-0.124545"></trkpt>
      <trkpt lat="39.878674" lon="-0.123638"></trkpt>
      <trkpt lat="39.875408" lon="-0.122831"></trkpt>
      <trkpt lat="39.873782" lon="-0.122528"></trkpt>
      <trkpt lat="39.871395" lon="-0.122284"></trkpt>
      <trkpt lat="39.869288" lon="-0.122217"></trkpt>
      <trkpt lat="39.866339" lon="-0.122421"></trkpt>
      <trkpt lat="39.859958" lon="-0.12349"></trkpt>
      <trkpt lat="39.85409" lon="-0.124088"></trkpt>
      <trkpt lat="39.851267" lon="-0.124574"></trkpt>
      <trkpt lat="39.848238" lon="-0.125443"></trkpt>
      <trkpt lat="39.8448" lon="-0.126866"></trkpt>
      <trkpt lat="39.842029" lon="-0.128405"></trkpt>
      <trkpt lat="39.839743" lon="-0.129936"></trkpt>
      <trkpt lat="39.836886" lon="-0.132284"></trkpt>
      <trkpt lat="39.832468" lon="-0.136449"></trkpt>
      <trkpt lat="39.828518" lon="-0.139642"></trkpt>
      <trkpt lat="39.82611" lon="-0.141768"></trkpt>
      <trkpt lat="39.82316" lon="-0.144804"></trkpt>
      <trkpt lat="39.816845" lon="-0.152541"></trkpt>
      <trkpt lat="39.815742" lon="-0.153703"></trkpt>
      <trkpt lat="39.813313" lon="-0.155936"></trkpt>
      <trkpt lat="39.811099" lon="-0.157682"></trkpt>
      <trkpt lat="39.809044" lon="-0.159056"></trkpt>
      <trkpt lat="39.80717" lon="-0.160146"></trkpt>
      <trkpt lat="39.801773" lon="-0.16291"></trkpt>
      <trkpt lat="39.798116" lon="-0.165257"></trkpt>
      <trkpt lat="39.794434" lon="-0.168191"></trkpt>
      <trkpt lat="39.791894" lon="-0.170545"></trkpt>
      <trkpt lat="39.785636" lon="-0.17602"></trkpt>
      <trkpt lat="39.783018" lon="-0.178776"></trkpt>
      <trkpt lat="39.781688" lon="-0.180355"></trkpt>
      <trkpt lat="39.779094" lon="-0.18382"></trkpt>
      <trkpt lat="39.776873" lon="-0.187285"></trkpt>
      <trkpt lat="39.773165" lon="-0.193759"></trkpt>
      <trkpt lat="39.770676" lon="-0.19734"></trkpt>
      <trkpt lat="39.767835" lon="-0.200643"></trkpt>
      <trkpt lat="39.764897" lon="-0.203417"></trkpt>
      <trkpt lat="39.762435" lon="-0.205315"></trkpt>
      <trkpt lat="39.759187" lon="-0.207371"></trkpt>
      <trkpt lat="39.756725" lon="-0.208643"></trkpt>
      <trkpt lat="39.752145" lon="-0.21062"></trkpt>
      <trkpt lat="39.75095" lon="-0.211205"></trkpt>
      <trkpt lat="39.749368" lon="-0.212171"></trkpt>
      <trkpt lat="39.747259" lon="-0.213882"></trkpt>
      <trkpt lat="39.743685" lon="-0.217687"></trkpt>
      <trkpt lat="39.741087" lon="-0.220224"></trkpt>
      <trkpt lat="39.737709" lon="-0.222994"></trkpt>
      <trkpt lat="39.73561" lon="-0.224456"></trkpt>
      <trkpt lat="39.733195" lon="-0.225926"></trkpt>
      <trkpt lat="39.72617" lon="-0.229416"></trkpt>
      <trkpt lat="39.72329" lon="-0.23119"></trkpt>
      <trkpt lat="39.717382" lon="-0.235643"></trkpt>
      <trkpt lat="39.711976" lon="-0.239138"></trkpt>
      <trkpt lat="39.710047" lon="-0.240662"></trkpt>
      <trkpt lat="39.708407" lon="-0.242269"></trkpt>
      <trkpt lat="39.707276" lon="-0.243603"></trkpt>
      <trkpt lat="39.706253" lon="-0.245107"></trkpt>
      <trkpt lat="39.705116" lon="-0.247548"></trkpt>
      <trkpt lat="39.704583" lon="-0.249539"></trkpt>
      <trkpt lat="39.703793" lon="-0.253979"></trkpt>
      <trkpt lat="39.702645" lon="-0.257158"></trkpt>
      <trkpt lat="39.702128" lon="-0.258934"></trkpt>
      <trkpt lat="39.701879" lon="-0.260434"></trkpt>
      <trkpt lat="39.701508" lon="-0.265007"></trkpt>
      <trkpt lat="39.700995" lon="-0.267085"></trkpt>
      <trkpt lat="39.70016" lon="-0.269153"></trkpt>
      <trkpt lat="39.697813" lon="-0.273019"></trkpt>
      <trkpt lat="39.696127" lon="-0.277748"></trkpt>
      <trkpt lat="39.695398" lon="-0.279437"></trkpt>
      <trkpt lat="39.694489" lon="-0.281091"></trkpt>
      <trkpt lat="39.693503" lon="-0.28252"></trkpt>
      <trkpt lat="39.689356" lon="-0.287513"></trkpt>
      <trkpt lat="39.68639" lon="-0.292195"></trkpt>
      <trkpt lat="39.684988" lon="-0.294217"></trkpt>
      <trkpt lat="39.683047" lon="-0.296488"></trkpt>
      <trkpt lat="39.681761" lon="-0.297741"></trkpt>
      <trkpt lat="39.68051" lon="-0.298781"></trkpt>
      <trkpt lat="39.67924" lon="-0.299626"></trkpt>
      <trkpt lat="39.677299" lon="-0.300534"></trkpt>
      <trkpt lat="39.675219" lon="-0.301075"></trkpt>
      <trkpt lat="39.670901" lon="-0.301363"></trkpt>
      <trkpt lat="39.669521" lon="-0.30163"></trkpt>
      <trkpt lat="39.668312" lon="-0.302022"></trkpt>
      <trkpt lat="39.667189" lon="-0.302534"></trkpt>
      <trkpt lat="39.663497" lon="-0.304644"></trkpt>
      <trkpt lat="39.662277" lon="-0.30513"></trkpt>
      <trkpt lat="39.660703" lon="-0.305519"></trkpt>
      <trkpt lat="39.658414" lon="-0.305612"></trkpt>
      <trkpt lat="39.657201" lon="-0.305449"></trkpt>
      <trkpt lat="39.65578" lon="-0.305056"></trkpt>
      <trkpt lat="39.653653" lon="-0.304037"></trkpt>
      <trkpt lat="39.651005" lon="-0.302228"></trkpt>
      <trkpt lat="39.649267" lon="-0.301254"></trkpt>
      <trkpt lat="39.647117" lon="-0.300526"></trkpt>
      <trkpt lat="39.644762" lon="-0.300268"></trkpt>
      <trkpt lat="39.64313" lon="-0.300408"></trkpt>
      <trkpt lat="39.640943" lon="-0.301033"></trkpt>
      <trkpt lat="39.637716" lon="-0.30302"></trkpt>
      <trkpt lat="39.634201" lon="-0.304217"></trkpt>
      <trkpt lat="39.632942" lon="-0.30525"></trkpt>
      <trkpt lat="39.630053" lon="-0.309629"></trkpt>
      <trkpt lat="39.628502" lon="-0.3125"></trkpt>
      <trkpt lat="39.627017" lon="-0.315988"></trkpt>
      <trkpt lat="39.62537" lon="-0.320778"></trkpt>
      <trkpt lat="39.623942" lon="-0.324501"></trkpt>
      <trkpt lat="39.621767" lon="-0.329162"></trkpt>
      <trkpt lat="39.619491" lon="-0.333169"></trkpt>
      <trkpt lat="39.616826" lon="-0.337107"></trkpt>
      <trkpt lat="39.613846" lon="-0.340778"></trkpt>
      <trkpt lat="39.611905" lon="-0.342833"></trkpt>
      <trkpt lat="39.606734" lon="-0.34775"></trkpt>
      <trkpt lat="39.604392" lon="-0.350359"></trkpt>
      <trkpt lat="39.603087" lon="-0.351999"></trkpt>
      <trkpt lat="39.601556" lon="-0.354091"></trkpt>
      <trkpt lat="39.599551" lon="-0.357178"></trkpt>
      <trkpt lat="39.597801" lon="-0.360288"></trkpt>
      <trkpt lat="39.596027" lon="-0.363898"></trkpt>
      <trkpt lat="39.594077" lon="-0.368712"></trkpt>
      <trkpt lat="39.591307" lon="-0.378064"></trkpt>
      <trkpt lat="39.58816" lon="-0.387276"></trkpt>
      <trkpt lat="39.587224" lon="-0.390929"></trkpt>
      <trkpt lat="39.586562" lon="-0.394451"></trkpt>
      <trkpt lat="39.586161" lon="-0.397609"></trkpt>
      <trkpt lat="39.585609" lon="-0.404341"></trkpt>
      <trkpt lat="39.585071" lon="-0.407315"></trkpt>
      <trkpt lat="39.584427" lon="-0.409605"></trkpt>
      <trkpt lat="39.583727" lon="-0.411507"></trkpt>
      <trkpt lat="39.582681" lon="-0.413741"></trkpt>
      <trkpt lat="39.581743" lon="-0.415359"></trkpt>
      <trkpt lat="39.580604" lon="-0.416987"></trkpt>
      <trkpt lat="39.579196" lon="-0.418626"></trkpt>
      <trkpt lat="39.577236" lon="-0.420424"></trkpt>
      <trkpt lat="39.576331" lon="-0.421089"></trkpt>
      <trkpt lat="39.575072" lon="-0.421887"></trkpt>
      <trkpt lat="39.573498" lon="-0.422671"></trkpt>
      <trkpt lat="39.568194" lon="-0.424527"></trkpt>
      <trkpt lat="39.566161" lon="-0.425433"></trkpt>
      <trkpt lat="39.56436" lon="-0.426399"></trkpt>
      <trkpt lat="39.562944" lon="-0.427294"></trkpt>
      <trkpt lat="39.560889" lon="-0.428819"></trkpt>
      <trkpt lat="39.559427" lon="-0.430028"></trkpt>
      <trkpt lat="39.557917" lon="-0.431477"></trkpt>
      <trkpt lat="39.555418" lon="-0.434318"></trkpt>
      <trkpt lat="39.550783" lon="-0.440465"></trkpt>
      <trkpt lat="39.549173" lon="-0.442218"></trkpt>
      <trkpt lat="39.544947" lon="-0.446422"></trkpt>
      <trkpt lat="39.543026" lon="-0.448689"></trkpt>
      <trkpt lat="39.538642" lon="-0.454897"></trkpt>
      <trkpt lat="39.536322" lon="-0.457687"></trkpt>
      <trkpt lat="39.53376" lon="-0.460261"></trkpt>
      <trkpt lat="39.529785" lon="-0.463801"></trkpt>
      <trkpt lat="39.528008" lon="-0.46575"></trkpt>
      <trkpt lat="39.526737" lon="-0.467517"></trkpt>
      <trkpt lat="39.523081" lon="-0.473634"></trkpt>
      <trkpt lat="39.521725" lon="-0.475324"></trkpt>
      <trkpt lat="39.520086" lon="-0.476985"></trkpt>
      <trkpt lat="39.519209" lon="-0.478541"></trkpt>
      <trkpt lat="39.518725" lon="-0.47917"></trkpt>
      <trkpt lat="39.518086" lon="-0.479643"></trkpt>
      <trkpt lat="39.517747" lon="-0.479758"></trkpt>
      <trkpt lat="39.516513" lon="-0.47984"></trkpt>
      <trkpt lat="39.515742" lon="-0.479626"></trkpt>
      <trkpt lat="39.515215" lon="-0.479346"></trkpt>
      <trkpt lat="39.514713" lon="-0.479006"></trkpt>
      <trkpt lat="39.514165" lon="-0.478436"></trkpt>
      <trkpt lat="39.511112" lon="-0.474517"></trkpt>
      <trkpt lat="39.510443" lon="-0.473267"></trkpt>
      <trkpt lat="39.509824" lon="-0.471458"></trkpt>
      <trkpt lat="39.509173" lon="-0.46781"></trkpt>
      <trkpt lat="39.508321" lon="-0.465034"></trkpt>
      <trkpt lat="39.507012" lon="-0.46247"></trkpt>
      <trkpt lat="39.505412" lon="-0.460054"></trkpt>
      <trkpt lat="39.503734" lon="-0.458034"></trkpt>
      <trkpt lat="39.502179" lon="-0.456466"></trkpt>
      <trkpt lat="39.500965" lon="-0.455433"></trkpt>
      <trkpt lat="39.496919" lon="-0.452358"></trkpt>
      <trkpt lat="39.494323" lon="-0.450914"></trkpt>
      <trkpt lat="39.493788" lon="-0.451125"></trkpt>
      <trkpt lat="39.492867" lon="-0.452662"></trkpt>
      <trkpt lat="39.492827" lon="-0.452968"></trkpt>
      <trkpt lat="39.494073" lon="-0.455116"></trkpt>
      <trkpt lat="39.494426" lon="-0.455397"></trkpt>
      <trkpt lat="39.495695" lon="-0.455849"></trkpt>
      <trkpt lat="39.496151" lon="-0.456434"></trkpt>
      <trkpt lat="39.496413" lon="-0.457004"></trkpt>
      <trkpt lat="39.496426" lon="-0.45748"></trkpt>
      <trkpt lat="39.496839" lon="-0.458664"></trkpt>
      <trkpt lat="39.497105" lon="-0.459103"></trkpt>
      <trkpt lat="39.49766" lon="-0.462565"></trkpt>
      <trkpt lat="39.497564" lon="-0.463395"></trkpt>
      <trkpt lat="39.497022" lon="-0.464581"></trkpt>
      <trkpt lat="39.496993" lon="-0.465678"></trkpt>
      <trkpt lat="39.497087" lon="-0.466089"></trkpt>
      <trkpt lat="39.497213" lon="-0.466108"></trkpt>
      <trkpt lat="39.496812" lon="-0.466378"></trkpt>
      <trkpt lat="39.496791" lon="-0.466983"></trkpt>
      <trkpt lat="39.496919" lon="-0.467474"></trkpt>
      <trkpt lat="39.496096" lon="-0.467793"></trkpt>
      <trkpt lat="39.49646" lon="-0.469278"></trkpt>
      <trkpt lat="39.494426" lon="-0.469627"></trkpt>
      <trkpt lat="39.494259" lon="-0.469817"></trkpt>
      <trkpt lat="39.494182" lon="-0.469324"></trkpt>
      <trkpt lat="39.493971" lon="-0.469413"></trkpt>
      <trkpt lat="39.494182" lon="-0.469324"></trkpt>
      <trkpt lat="39.493501" lon="-0.466434"></trkpt>
      <trkpt lat="39.495527" lon="-0.465745"></trkpt>
      <trkpt lat="39.495898" lon="-0.465324"></trkpt>
      <trkpt lat="39.495594" lon="-0.465022"></trkpt>
      <trkpt lat="39.495791" lon="-0.464663"></trkpt>
      <trkpt lat="39.496972" lon="-0.464538"></trkpt>
      <trkpt lat="39.497564" lon="-0.463395"></trkpt>
      <trkpt lat="39.497638" lon="-0.462276"></trkpt>
      <trkpt lat="39.497149" lon="-0.459732"></trkpt>
      <trkpt lat="39.49688" lon="-0.459238"></trkpt>
      <trkpt lat="39.496839" lon="-0.458664"></trkpt>
      <trkpt lat="39.496426" lon="-0.45748"></trkpt>
      <trkpt lat="39.496157" lon="-0.457109"></trkpt>
      <trkpt lat="39.49623" lon="-0.456904"></trkpt>
      <trkpt lat="39.496151" lon="-0.456434"></trkpt>
      <trkpt lat="39.495695" lon="-0.455849"></trkpt>
      <trkpt lat="39.494426" lon="-0.455397"></trkpt>
      <trkpt lat="39.494073" lon="-0.455116"></trkpt>
      <trkpt lat="39.492927" lon="-0.453265"></trkpt>
      <trkpt lat="39.492597" lon="-0.452914"></trkpt>
      <trkpt lat="39.492891" lon="-0.452626"></trkpt>
      <trkpt lat="39.493788" lon="-0.451125"></trkpt>
      <trkpt lat="39.493935" lon="-0.450604"></trkpt>
      <trkpt lat="39.494374" lon="-0.450567"></trkpt>
      <trkpt lat="39.496162" lon="-0.449532"></trkpt>
      <trkpt lat="39.496549" lon="-0.449174"></trkpt>
      <trkpt lat="39.496626" lon="-0.448738"></trkpt>
      <trkpt lat="39.49643" lon="-0.447881"></trkpt>
      <trkpt lat="39.496306" lon="-0.447628"></trkpt>
      <trkpt lat="39.495935" lon="-0.447386"></trkpt>
      <trkpt lat="39.49571" lon="-0.447409"></trkpt>
      <trkpt lat="39.494045" lon="-0.448357"></trkpt>
      <trkpt lat="39.493773" lon="-0.448897"></trkpt>
      <trkpt lat="39.493851" lon="-0.449556"></trkpt>
      <trkpt lat="39.494567" lon="-0.450349"></trkpt>
      <trkpt lat="39.50038" lon="-0.454807"></trkpt>
      <trkpt lat="39.502258" lon="-0.456368"></trkpt>
      <trkpt lat="39.504405" lon="-0.458598"></trkpt>
      <trkpt lat="39.505947" lon="-0.460604"></trkpt>
      <trkpt lat="39.507714" lon="-0.463469"></trkpt>
      <trkpt lat="39.508649" lon="-0.465541"></trkpt>
      <trkpt lat="39.509226" lon="-0.467395"></trkpt>
      <trkpt lat="39.510117" lon="-0.471997"></trkpt>
      <trkpt lat="39.510816" lon="-0.473713"></trkpt>
      <trkpt lat="39.511669" lon="-0.475075"></trkpt>
      <trkpt lat="39.513598" lon="-0.477447"></trkpt>
      <trkpt lat="39.514348" lon="-0.478033"></trkpt>
      <trkpt lat="39.514921" lon="-0.478311"></trkpt>
      <trkpt lat="39.516097" lon="-0.478595"></trkpt>
      <trkpt lat="39.516734" lon="-0.47858"></trkpt>
      <trkpt lat="39.517783" lon="-0.478296"></trkpt>
      <trkpt lat="39.51837" lon="-0.477965"></trkpt>
      <trkpt lat="39.52204" lon="-0.474389"></trkpt>
      <trkpt lat="39.52309" lon="-0.473156"></trkpt>
      <trkpt lat="39.523963" lon="-0.471872"></trkpt>
      <trkpt lat="39.526629" lon="-0.467392"></trkpt>
      <trkpt lat="39.527918" lon="-0.465614"></trkpt>
      <trkpt lat="39.529687" lon="-0.463673"></trkpt>
      <trkpt lat="39.533671" lon="-0.460121"></trkpt>
      <trkpt lat="39.536213" lon="-0.457571"></trkpt>
      <trkpt lat="39.538539" lon="-0.454776"></trkpt>
      <trkpt lat="39.542915" lon="-0.448612"></trkpt>
      <trkpt lat="39.544187" lon="-0.447044"></trkpt>
      <trkpt lat="39.550668" lon="-0.440361"></trkpt>
      <trkpt lat="39.555299" lon="-0.434198"></trkpt>
      <trkpt lat="39.558207" lon="-0.430962"></trkpt>
      <trkpt lat="39.559345" lon="-0.429881"></trkpt>
      <trkpt lat="39.561559" lon="-0.428067"></trkpt>
      <trkpt lat="39.564291" lon="-0.426247"></trkpt>
      <trkpt lat="39.567189" lon="-0.424755"></trkpt>
      <trkpt lat="39.572351" lon="-0.422925"></trkpt>
      <trkpt lat="39.574161" lon="-0.422176"></trkpt>
      <trkpt lat="39.576695" lon="-0.420626"></trkpt>
      <trkpt lat="39.577979" lon="-0.419577"></trkpt>
      <trkpt lat="39.579123" lon="-0.418462"></trkpt>
      <trkpt lat="39.580492" lon="-0.416869"></trkpt>
      <trkpt lat="39.582091" lon="-0.414479"></trkpt>
      <trkpt lat="39.58311" lon="-0.412548"></trkpt>
      <trkpt lat="39.584294" lon="-0.409545"></trkpt>
      <trkpt lat="39.584946" lon="-0.407226"></trkpt>
      <trkpt lat="39.585316" lon="-0.405364"></trkpt>
      <trkpt lat="39.586173" lon="-0.396246"></trkpt>
      <trkpt lat="39.586628" lon="-0.393212"></trkpt>
      <trkpt lat="39.587382" lon="-0.389619"></trkpt>
      <trkpt lat="39.588186" lon="-0.386647"></trkpt>
      <trkpt lat="39.591172" lon="-0.378009"></trkpt>
      <trkpt lat="39.593949" lon="-0.368648"></trkpt>
      <trkpt lat="39.595039" lon="-0.365781"></trkpt>
      <trkpt lat="39.596576" lon="-0.362395"></trkpt>
      <trkpt lat="39.597677" lon="-0.360191"></trkpt>
      <trkpt lat="39.599443" lon="-0.35706"></trkpt>
      <trkpt lat="39.601437" lon="-0.35399"></trkpt>
      <trkpt lat="39.602988" lon="-0.351859"></trkpt>
      <trkpt lat="39.606611" lon="-0.347627"></trkpt>
      <trkpt lat="39.611425" lon="-0.343079"></trkpt>
      <trkpt lat="39.613741" lon="-0.340652"></trkpt>
      <trkpt lat="39.616728" lon="-0.336984"></trkpt>
      <trkpt lat="39.618667" lon="-0.334186"></trkpt>
      <trkpt lat="39.620815" lon="-0.330609"></trkpt>
      <trkpt lat="39.623144" lon="-0.325966"></trkpt>
      <trkpt lat="39.624569" lon="-0.322531"></trkpt>
      <trkpt lat="39.626892" lon="-0.31591"></trkpt>
      <trkpt lat="39.628371" lon="-0.312435"></trkpt>
      <trkpt lat="39.629949" lon="-0.309531"></trkpt>
      <trkpt lat="39.633297" lon="-0.304522"></trkpt>
      <trkpt lat="39.634483" lon="-0.303566"></trkpt>
      <trkpt lat="39.638265" lon="-0.3021"></trkpt>
      <trkpt lat="39.640496" lon="-0.300877"></trkpt>
      <trkpt lat="39.642377" lon="-0.300325"></trkpt>
      <trkpt lat="39.644751" lon="-0.300042"></trkpt>
      <trkpt lat="39.647143" lon="-0.300307"></trkpt>
      <trkpt lat="39.649305" lon="-0.30103"></trkpt>
      <trkpt lat="39.651073" lon="-0.302024"></trkpt>
      <trkpt lat="39.65372" lon="-0.303824"></trkpt>
      <trkpt lat="39.655824" lon="-0.30484"></trkpt>
      <trkpt lat="39.657228" lon="-0.305227"></trkpt>
      <trkpt lat="39.658403" lon="-0.305381"></trkpt>
      <trkpt lat="39.659443" lon="-0.305411"></trkpt>
      <trkpt lat="39.660685" lon="-0.305289"></trkpt>
      <trkpt lat="39.662263" lon="-0.304905"></trkpt>
      <trkpt lat="39.663455" lon="-0.304427"></trkpt>
      <trkpt lat="39.667132" lon="-0.302326"></trkpt>
      <trkpt lat="39.668797" lon="-0.301614"></trkpt>
      <trkpt lat="39.67088" lon="-0.30114"></trkpt>
      <trkpt lat="39.675211" lon="-0.300844"></trkpt>
      <trkpt lat="39.677261" lon="-0.300317"></trkpt>
      <trkpt lat="39.679165" lon="-0.299422"></trkpt>
      <trkpt lat="39.680365" lon="-0.298618"></trkpt>
      <trkpt lat="39.681609" lon="-0.297597"></trkpt>
      <trkpt lat="39.682902" lon="-0.296358"></trkpt>
      <trkpt lat="39.684831" lon="-0.294102"></trkpt>
      <trkpt lat="39.686217" lon="-0.292108"></trkpt>
      <trkpt lat="39.689193" lon="-0.287411"></trkpt>
      <trkpt lat="39.690861" lon="-0.285279"></trkpt>
      <trkpt lat="39.693345" lon="-0.282411"></trkpt>
      <trkpt lat="39.694329" lon="-0.281001"></trkpt>
      <trkpt lat="39.695236" lon="-0.279361"></trkpt>
      <trkpt lat="39.695966" lon="-0.277645"></trkpt>
      <trkpt lat="39.697398" lon="-0.273452"></trkpt>
      <trkpt lat="39.697898" lon="-0.272405"></trkpt>
      <trkpt lat="39.700006" lon="-0.269046"></trkpt>
      <trkpt lat="39.700547" lon="-0.267871"></trkpt>
      <trkpt lat="39.701032" lon="-0.266457"></trkpt>
      <trkpt lat="39.701496" lon="-0.264015"></trkpt>
      <trkpt lat="39.701747" lon="-0.260402"></trkpt>
      <trkpt lat="39.701999" lon="-0.25888"></trkpt>
      <trkpt lat="39.70251" lon="-0.257104"></trkpt>
      <trkpt lat="39.703662" lon="-0.25391"></trkpt>
      <trkpt lat="39.704447" lon="-0.249512"></trkpt>
      <trkpt lat="39.704999" lon="-0.247445"></trkpt>
      <trkpt lat="39.706135" lon="-0.245003"></trkpt>
      <trkpt lat="39.707191" lon="-0.243463"></trkpt>
      <trkpt lat="39.708324" lon="-0.242132"></trkpt>
      <trkpt lat="39.709962" lon="-0.240522"></trkpt>
      <trkpt lat="39.711887" lon="-0.238999"></trkpt>
      <trkpt lat="39.717318" lon="-0.235475"></trkpt>
      <trkpt lat="39.721986" lon="-0.231864"></trkpt>
      <trkpt lat="39.723223" lon="-0.23103"></trkpt>
      <trkpt lat="39.726093" lon="-0.229264"></trkpt>
      <trkpt lat="39.728093" lon="-0.228202"></trkpt>
      <trkpt lat="39.733118" lon="-0.225777"></trkpt>
      <trkpt lat="39.735546" lon="-0.224298"></trkpt>
      <trkpt lat="39.737653" lon="-0.222831"></trkpt>
      <trkpt lat="39.740993" lon="-0.220093"></trkpt>
      <trkpt lat="39.743596" lon="-0.21755"></trkpt>
      <trkpt lat="39.747158" lon="-0.213754"></trkpt>
      <trkpt lat="39.749283" lon="-0.212025"></trkpt>
      <trkpt lat="39.750903" lon="-0.211036"></trkpt>
      <trkpt lat="39.756693" lon="-0.208469"></trkpt>
      <trkpt lat="39.759131" lon="-0.207203"></trkpt>
      <trkpt lat="39.762377" lon="-0.205158"></trkpt>
      <trkpt lat="39.764849" lon="-0.20324"></trkpt>
      <trkpt lat="39.767726" lon="-0.200523"></trkpt>
      <trkpt lat="39.770565" lon="-0.19722"></trkpt>
      <trkpt lat="39.773063" lon="-0.193636"></trkpt>
      <trkpt lat="39.776754" lon="-0.1872"></trkpt>
      <trkpt lat="39.778987" lon="-0.183713"></trkpt>
      <trkpt lat="39.78159" lon="-0.180223"></trkpt>
      <trkpt lat="39.782915" lon="-0.178659"></trkpt>
      <trkpt lat="39.785538" lon="-0.175893"></trkpt>
      <trkpt lat="39.794361" lon="-0.168039"></trkpt>
      <trkpt lat="39.79804" lon="-0.165103"></trkpt>
      <trkpt lat="39.801722" lon="-0.162741"></trkpt>
      <trkpt lat="39.807099" lon="-0.159989"></trkpt>
      <trkpt lat="39.808959" lon="-0.15891"></trkpt>
      <trkpt lat="39.812329" lon="-0.156549"></trkpt>
      <trkpt lat="39.814413" lon="-0.154768"></trkpt>
      <trkpt lat="39.816744" lon="-0.15242"></trkpt>
      <trkpt lat="39.818062" lon="-0.150905"></trkpt>
      <trkpt lat="39.82221" lon="-0.14563"></trkpt>
      <trkpt lat="39.825092" lon="-0.142503"></trkpt>
      <trkpt lat="39.827839" lon="-0.139975"></trkpt>
      <trkpt lat="39.832706" lon="-0.136024"></trkpt>
      <trkpt lat="39.836815" lon="-0.132137"></trkpt>
      <trkpt lat="39.839662" lon="-0.129806"></trkpt>
      <trkpt lat="39.841965" lon="-0.128249"></trkpt>
      <trkpt lat="39.844735" lon="-0.126722"></trkpt>
      <trkpt lat="39.847433" lon="-0.125552"></trkpt>
      <trkpt lat="39.850583" lon="-0.124561"></trkpt>
      <trkpt lat="39.853119" lon="-0.124043"></trkpt>
      <trkpt lat="39.85998" lon="-0.123309"></trkpt>
      <trkpt lat="39.866308" lon="-0.122249"></trkpt>
      <trkpt lat="39.869283" lon="-0.122049"></trkpt>
      <trkpt lat="39.871403" lon="-0.122101"></trkpt>
      <trkpt lat="39.873769" lon="-0.122353"></trkpt>
      <trkpt lat="39.875416" lon="-0.122649"></trkpt>
      <trkpt lat="39.878806" lon="-0.123489"></trkpt>
      <trkpt lat="39.881603" lon="-0.124368"></trkpt>
      <trkpt lat="39.885601" lon="-0.125938"></trkpt>
      <trkpt lat="39.890681" lon="-0.128433"></trkpt>
      <trkpt lat="39.894146" lon="-0.129873"></trkpt>
      <trkpt lat="39.898802" lon="-0.131471"></trkpt>
      <trkpt lat="39.903967" lon="-0.133748"></trkpt>
      <trkpt lat="39.906666" lon="-0.134709"></trkpt>
      <trkpt lat="39.909266" lon="-0.135105"></trkpt>
      <trkpt lat="39.910593" lon="-0.135115"></trkpt>
      <trkpt lat="39.915662" lon="-0.134742"></trkpt>
      <trkpt lat="39.917308" lon="-0.134761"></trkpt>
      <trkpt lat="39.919671" lon="-0.135047"></trkpt>
      <trkpt lat="39.924227" lon="-0.135927"></trkpt>
      <trkpt lat="39.926638" lon="-0.136056"></trkpt>
      <trkpt lat="39.929353" lon="-0.135688"></trkpt>
      <trkpt lat="39.934958" lon="-0.134037"></trkpt>
      <trkpt lat="39.93975" lon="-0.13348"></trkpt>
      <trkpt lat="39.94217" lon="-0.13297"></trkpt>
      <trkpt lat="39.943819" lon="-0.13237"></trkpt>
      <trkpt lat="39.94854" lon="-0.13007"></trkpt>
      <trkpt lat="39.950319" lon="-0.129495"></trkpt>
      <trkpt lat="39.95195" lon="-0.129197"></trkpt>
      <trkpt lat="39.956097" lon="-0.129032"></trkpt>
      <trkpt lat="39.957604" lon="-0.128784"></trkpt>
      <trkpt lat="39.958987" lon="-0.128342"></trkpt>
      <trkpt lat="39.960249" lon="-0.127741"></trkpt>
      <trkpt lat="39.961708" lon="-0.126776"></trkpt>
      <trkpt lat="39.963139" lon="-0.125501"></trkpt>
      <trkpt lat="39.964859" lon="-0.123341"></trkpt>
      <trkpt lat="39.967155" lon="-0.119612"></trkpt>
      <trkpt lat="39.967969" lon="-0.118543"></trkpt>
      <trkpt lat="39.971958" lon="-0.114501"></trkpt>
      <trkpt lat="39.972605" lon="-0.113715"></trkpt>
      <trkpt lat="39.973544" lon="-0.11241"></trkpt>
      <trkpt lat="39.975531" lon="-0.109096"></trkpt>
      <trkpt lat="39.976655" lon="-0.107433"></trkpt>
      <trkpt lat="39.980144" lon="-0.103319"></trkpt>
      <trkpt lat="39.981573" lon="-0.100999"></trkpt>
      <trkpt lat="39.983586" lon="-0.096398"></trkpt>
      <trkpt lat="39.984722" lon="-0.09433"></trkpt>
      <trkpt lat="39.986012" lon="-0.092568"></trkpt>
      <trkpt lat="39.989022" lon="-0.08928"></trkpt>
      <trkpt lat="39.98962" lon="-0.088401"></trkpt>
      <trkpt lat="39.991153" lon="-0.085226"></trkpt>
      <trkpt lat="39.992077" lon="-0.083591"></trkpt>
      <trkpt lat="39.9954" lon="-0.079408"></trkpt>
      <trkpt lat="39.996764" lon="-0.076825"></trkpt>
      <trkpt lat="39.998062" lon="-0.073338"></trkpt>
      <trkpt lat="39.999059" lon="-0.071085"></trkpt>
      <trkpt lat="40.000281" lon="-0.069056"></trkpt>
      <trkpt lat="40.002716" lon="-0.065905"></trkpt>
      <trkpt lat="40.00393" lon="-0.063697"></trkpt>
      <trkpt lat="40.00453" lon="-0.061969"></trkpt>
      <trkpt lat="40.005198" lon="-0.058137"></trkpt>
      <trkpt lat="40.005624" lon="-0.056436"></trkpt>
      <trkpt lat="40.00638" lon="-0.054661"></trkpt>
      <trkpt lat="40.006872" lon="-0.05389"></trkpt>
      <trkpt lat="40.008141" lon="-0.052414"></trkpt>
      <trkpt lat="40.010087" lon="-0.050848"></trkpt>
      <trkpt lat="40.01186" lon="-0.049033"></trkpt>
      <trkpt lat="40.012663" lon="-0.047917"></trkpt>
      <trkpt lat="40.015523" lon="-0.043221"></trkpt>
      <trkpt lat="40.016447" lon="-0.041935"></trkpt>
      <trkpt lat="40.018492" lon="-0.039549"></trkpt>
      <trkpt lat="40.022309" lon="-0.036019"></trkpt>
      <trkpt lat="40.023246" lon="-0.035"></trkpt>
      <trkpt lat="40.02425" lon="-0.033738"></trkpt>
      <trkpt lat="40.02543" lon="-0.03196"></trkpt>
      <trkpt lat="40.026227" lon="-0.030474"></trkpt>
      <trkpt lat="40.027197" lon="-0.028158"></trkpt>
      <trkpt lat="40.027783" lon="-0.026286"></trkpt>
      <trkpt lat="40.028269" lon="-0.024069"></trkpt>
      <trkpt lat="40.028658" lon="-0.020684"></trkpt>
      <trkpt lat="40.028833" lon="-0.013157"></trkpt>
      <trkpt lat="40.029102" lon="-0.011048"></trkpt>
      <trkpt lat="40.029559" lon="-0.008813"></trkpt>
      <trkpt lat="40.031659" lon="-0.001715"></trkpt>
      <trkpt lat="40.033606" lon="0.005575"></trkpt>
      <trkpt lat="40.03468" lon="0.008801"></trkpt>
      <trkpt lat="40.036516" lon="0.013351"></trkpt>
      <trkpt lat="40.03805" lon="0.016571"></trkpt>
      <trkpt lat="40.039856" lon="0.020003"></trkpt>
      <trkpt lat="40.045199" lon="0.02898"></trkpt>
      <trkpt lat="40.045997" lon="0.030591"></trkpt>
      <trkpt lat="40.04804" lon="0.035334"></trkpt>
      <trkpt lat="40.049298" lon="0.037553"></trkpt>
      <trkpt lat="40.05083" lon="0.039428"></trkpt>
      <trkpt lat="40.052306" lon="0.040715"></trkpt>
      <trkpt lat="40.053925" lon="0.041704"></trkpt>
      <trkpt lat="40.057179" lon="0.04312"></trkpt>
      <trkpt lat="40.058288" lon="0.043878"></trkpt>
      <trkpt lat="40.059298" lon="0.044823"></trkpt>
      <trkpt lat="40.06011" lon="0.045814"></trkpt>
      <trkpt lat="40.061234" lon="0.047726"></trkpt>
      <trkpt lat="40.061869" lon="0.049367"></trkpt>
      <trkpt lat="40.062226" lon="0.050702"></trkpt>
      <trkpt lat="40.062536" lon="0.05335"></trkpt>
      <trkpt lat="40.062449" lon="0.055503"></trkpt>
      <trkpt lat="40.061608" lon="0.060797"></trkpt>
      <trkpt lat="40.061586" lon="0.062499"></trkpt>
      <trkpt lat="40.061738" lon="0.06425"></trkpt>
      <trkpt lat="40.062074" lon="0.065957"></trkpt>
      <trkpt lat="40.062588" lon="0.067586"></trkpt>
      <trkpt lat="40.06502" lon="0.072729"></trkpt>
      <trkpt lat="40.065506" lon="0.074129"></trkpt>
      <trkpt lat="40.066035" lon="0.076328"></trkpt>
      <trkpt lat="40.066249" lon="0.077839"></trkpt>
      <trkpt lat="40.066357" lon="0.079792"></trkpt>
      <trkpt lat="40.06609" lon="0.085207"></trkpt>
      <trkpt lat="40.066193" lon="0.08849"></trkpt>
      <trkpt lat="40.066776" lon="0.09232"></trkpt>
      <trkpt lat="40.068117" lon="0.097818"></trkpt>
      <trkpt lat="40.068469" lon="0.099962"></trkpt>
      <trkpt lat="40.068571" lon="0.102168"></trkpt>
      <trkpt lat="40.06849" lon="0.10361"></trkpt>
      <trkpt lat="40.067338" lon="0.109786"></trkpt>
      <trkpt lat="40.067266" lon="0.111364"></trkpt>
      <trkpt lat="40.06738" lon="0.112763"></trkpt>
      <trkpt lat="40.06765" lon="0.114127"></trkpt>
      <trkpt lat="40.068301" lon="0.115943"></trkpt>
      <trkpt lat="40.068893" lon="0.117046"></trkpt>
      <trkpt lat="40.06999" lon="0.118454"></trkpt>
      <trkpt lat="40.070889" lon="0.119257"></trkpt>
      <trkpt lat="40.072118" lon="0.119987"></trkpt>
      <trkpt lat="40.073342" lon="0.120395"></trkpt>
      <trkpt lat="40.074369" lon="0.120515"></trkpt>
      <trkpt lat="40.075359" lon="0.120445"></trkpt>
      <trkpt lat="40.076312" lon="0.120217"></trkpt>
      <trkpt lat="40.079142" lon="0.11878"></trkpt>
      <trkpt lat="40.080285" lon="0.118379"></trkpt>
      <trkpt lat="40.08173" lon="0.118238"></trkpt>
      <trkpt lat="40.082871" lon="0.118382"></trkpt>
      <trkpt lat="40.084499" lon="0.119035"></trkpt>
      <trkpt lat="40.087209" lon="0.120686"></trkpt>
      <trkpt lat="40.090782" lon="0.122229"></trkpt>
      <trkpt lat="40.092228" lon="0.123292"></trkpt>
      <trkpt lat="40.094189" lon="0.125164"></trkpt>
      <trkpt lat="40.096581" lon="0.127139"></trkpt>
      <trkpt lat="40.099117" lon="0.12869"></trkpt>
      <trkpt lat="40.101089" lon="0.12957"></trkpt>
      <trkpt lat="40.102709" lon="0.130098"></trkpt>
      <trkpt lat="40.104638" lon="0.13055"></trkpt>
      <trkpt lat="40.107408" lon="0.130852"></trkpt>
      <trkpt lat="40.11363" lon="0.131171"></trkpt>
      <trkpt lat="40.115645" lon="0.13142"></trkpt>
      <trkpt lat="40.118441" lon="0.132067"></trkpt>
      <trkpt lat="40.120852" lon="0.132955"></trkpt>
      <trkpt lat="40.12327" lon="0.134177"></trkpt>
      <trkpt lat="40.129598" lon="0.138328"></trkpt>
      <trkpt lat="40.132739" lon="0.140079"></trkpt>
      <trkpt lat="40.134248" lon="0.140798"></trkpt>
      <trkpt lat="40.137183" lon="0.141971"></trkpt>
      <trkpt lat="40.141571" lon="0.143314"></trkpt>
      <trkpt lat="40.143792" lon="0.144114"></trkpt>
      <trkpt lat="40.148193" lon="0.146209"></trkpt>
      <trkpt lat="40.150522" lon="0.147606"></trkpt>
      <trkpt lat="40.152312" lon="0.148827"></trkpt>
      <trkpt lat="40.154739" lon="0.150703"></trkpt>
      <trkpt lat="40.158998" lon="0.154326"></trkpt>
      <trkpt lat="40.162007" lon="0.156516"></trkpt>
      <trkpt lat="40.164097" lon="0.157852"></trkpt>
      <trkpt lat="40.166785" lon="0.159394"></trkpt>
      <trkpt lat="40.168517" lon="0.160241"></trkpt>
      <trkpt lat="40.173974" lon="0.162504"></trkpt>
      <trkpt lat="40.177327" lon="0.164072"></trkpt>
      <trkpt lat="40.180975" lon="0.166111"></trkpt>
      <trkpt lat="40.186298" lon="0.169618"></trkpt>
      <trkpt lat="40.18866" lon="0.170975"></trkpt>
      <trkpt lat="40.191589" lon="0.172383"></trkpt>
      <trkpt lat="40.193451" lon="0.173124"></trkpt>
      <trkpt lat="40.196084" lon="0.173972"></trkpt>
      <trkpt lat="40.202524" lon="0.175571"></trkpt>
      <trkpt lat="40.204517" lon="0.176274"></trkpt>
      <trkpt lat="40.206946" lon="0.17743"></trkpt>
      <trkpt lat="40.208167" lon="0.178145"></trkpt>
      <trkpt lat="40.210175" lon="0.179547"></trkpt>
      <trkpt lat="40.214044" lon="0.182876"></trkpt>
      <trkpt lat="40.216062" lon="0.184467"></trkpt>
      <trkpt lat="40.21997" lon="0.187081"></trkpt>
      <trkpt lat="40.222032" lon="0.189065"></trkpt>
      <trkpt lat="40.223601" lon="0.191272"></trkpt>
      <trkpt lat="40.224572" lon="0.193156"></trkpt>
      <trkpt lat="40.225223" lon="0.194815"></trkpt>
      <trkpt lat="40.226877" lon="0.201146"></trkpt>
      <trkpt lat="40.22774" lon="0.203624"></trkpt>
      <trkpt lat="40.228986" lon="0.206363"></trkpt>
      <trkpt lat="40.230615" lon="0.209108"></trkpt>
      <trkpt lat="40.231658" lon="0.210535"></trkpt>
      <trkpt lat="40.233061" lon="0.212172"></trkpt>
      <trkpt lat="40.238878" lon="0.217879"></trkpt>
      <trkpt lat="40.244988" lon="0.224909"></trkpt>
      <trkpt lat="40.246873" lon="0.226659"></trkpt>
      <trkpt lat="40.248922" lon="0.228243"></trkpt>
      <trkpt lat="40.250927" lon="0.229508"></trkpt>
      <trkpt lat="40.256376" lon="0.232185"></trkpt>
      <trkpt lat="40.261433" lon="0.235228"></trkpt>
      <trkpt lat="40.262532" lon="0.235762"></trkpt>
      <trkpt lat="40.264172" lon="0.23631"></trkpt>
      <trkpt lat="40.266334" lon="0.236618"></trkpt>
      <trkpt lat="40.267929" lon="0.236553"></trkpt>
      <trkpt lat="40.270008" lon="0.236153"></trkpt>
      <trkpt lat="40.273" lon="0.235058"></trkpt>
      <trkpt lat="40.275884" lon="0.233354"></trkpt>
      <trkpt lat="40.280085" lon="0.230166"></trkpt>
      <trkpt lat="40.281892" lon="0.22925"></trkpt>
      <trkpt lat="40.28346" lon="0.228731"></trkpt>
      <trkpt lat="40.285815" lon="0.228399"></trkpt>
      <trkpt lat="40.287578" lon="0.228476"></trkpt>
      <trkpt lat="40.289318" lon="0.228833"></trkpt>
      <trkpt lat="40.291432" lon="0.229679"></trkpt>
      <trkpt lat="40.293384" lon="0.23089"></trkpt>
      <trkpt lat="40.298003" lon="0.234489"></trkpt>
      <trkpt lat="40.30012" lon="0.235846"></trkpt>
      <trkpt lat="40.3048" lon="0.238391"></trkpt>
      <trkpt lat="40.30698" lon="0.239701"></trkpt>
      <trkpt lat="40.308939" lon="0.241077"></trkpt>
      <trkpt lat="40.311037" lon="0.242794"></trkpt>
      <trkpt lat="40.312909" lon="0.244543"></trkpt>
      <trkpt lat="40.316808" lon="0.248526"></trkpt>
      <trkpt lat="40.31905" lon="0.250614"></trkpt>
      <trkpt lat="40.32449" lon="0.254954"></trkpt>
      <trkpt lat="40.327722" lon="0.257854"></trkpt>
      <trkpt lat="40.33416" lon="0.265089"></trkpt>
      <trkpt lat="40.339273" lon="0.26995"></trkpt>
      <trkpt lat="40.340867" lon="0.271839"></trkpt>
      <trkpt lat="40.341871" lon="0.273296"></trkpt>
      <trkpt lat="40.342946" lon="0.275177"></trkpt>
      <trkpt lat="40.344264" lon="0.278209"></trkpt>
      <trkpt lat="40.345008" lon="0.280575"></trkpt>
      <trkpt lat="40.346285" lon="0.286716"></trkpt>
      <trkpt lat="40.346931" lon="0.289043"></trkpt>
      <trkpt lat="40.347749" lon="0.291244"></trkpt>
      <trkpt lat="40.349725" lon="0.295751"></trkpt>
      <trkpt lat="40.350634" lon="0.298207"></trkpt>
      <trkpt lat="40.351543" lon="0.301299"></trkpt>
      <trkpt lat="40.352986" lon="0.307739"></trkpt>
      <trkpt lat="40.353656" lon="0.309875"></trkpt>
      <trkpt lat="40.354936" lon="0.312877"></trkpt>
      <trkpt lat="40.355947" lon="0.314681"></trkpt>
      <trkpt lat="40.357529" lon="0.316925"></trkpt>
      <trkpt lat="40.360678" lon="0.320759"></trkpt>
      <trkpt lat="40.363894" lon="0.325363"></trkpt>
      <trkpt lat="40.365544" lon="0.327336"></trkpt>
      <trkpt lat="40.367044" lon="0.328752"></trkpt>
      <trkpt lat="40.371366" lon="0.332066"></trkpt>
      <trkpt lat="40.373079" lon="0.333621"></trkpt>
      <trkpt lat="40.374969" lon="0.335661"></trkpt>
      <trkpt lat="40.377835" lon="0.339084"></trkpt>
      <trkpt lat="40.378951" lon="0.340202"></trkpt>
      <trkpt lat="40.38041" lon="0.341417"></trkpt>
      <trkpt lat="40.383643" lon="0.343555"></trkpt>
      <trkpt lat="40.385282" lon="0.344819"></trkpt>
      <trkpt lat="40.38651" lon="0.346022"></trkpt>
      <trkpt lat="40.387897" lon="0.34772"></trkpt>
      <trkpt lat="40.3896" lon="0.350521"></trkpt>
      <trkpt lat="40.390827" lon="0.353434"></trkpt>
      <trkpt lat="40.391731" lon="0.356808"></trkpt>
      <trkpt lat="40.392326" lon="0.361234"></trkpt>
      <trkpt lat="40.392643" lon="0.362829"></trkpt>
      <trkpt lat="40.393154" lon="0.364433"></trkpt>
      <trkpt lat="40.39384" lon="0.365903"></trkpt>
      <trkpt lat="40.395248" lon="0.367952"></trkpt>
      <trkpt lat="40.39739" lon="0.370178"></trkpt>
      <trkpt lat="40.397985" lon="0.371206"></trkpt>
      <trkpt lat="40.398995" lon="0.373861"></trkpt>
      <trkpt lat="40.40157" lon="0.377169"></trkpt>
      <trkpt lat="40.4023" lon="0.377843"></trkpt>
      <trkpt lat="40.403828" lon="0.378263"></trkpt>
      <trkpt lat="40.404837" lon="0.378722"></trkpt>
      <trkpt lat="40.404914" lon="0.37886"></trkpt>
      <trkpt lat="40.404819" lon="0.379247"></trkpt>
      <trkpt lat="40.404023" lon="0.378577"></trkpt>
      <trkpt lat="40.402673" lon="0.378232"></trkpt>
      <trkpt lat="40.401329" lon="0.381608"></trkpt>
      <trkpt lat="40.400187" lon="0.383983"></trkpt>
      <trkpt lat="40.399254" lon="0.386243"></trkpt>
      <trkpt lat="40.396784" lon="0.390932"></trkpt>
      <trkpt lat="40.395044" lon="0.391632"></trkpt>
      <trkpt lat="40.39439" lon="0.391747"></trkpt>
      <trkpt lat="40.393295" lon="0.392908"></trkpt>
      <trkpt lat="40.392416" lon="0.393569"></trkpt>
      <trkpt lat="40.390874" lon="0.39518"></trkpt>
      <trkpt lat="40.389864" lon="0.396548"></trkpt>
      <trkpt lat="40.389174" lon="0.397157"></trkpt>
      <trkpt lat="40.388858" lon="0.396838"></trkpt>
      <trkpt lat="40.386016" lon="0.400958"></trkpt>
      <trkpt lat="40.383885" lon="0.39978"></trkpt>
      <trkpt lat="40.383083" lon="0.398925"></trkpt>
      <trkpt lat="40.382586" lon="0.398148"></trkpt>
      <trkpt lat="40.381966" lon="0.397925"></trkpt>
      <trkpt lat="40.38049" lon="0.396951"></trkpt>
      <trkpt lat="40.380032" lon="0.396852"></trkpt>
      <trkpt lat="40.37859" lon="0.397352"></trkpt>
      <trkpt lat="40.378077" lon="0.397406"></trkpt>
      <trkpt lat="40.375473" lon="0.39682"></trkpt>
      <trkpt lat="40.374182" lon="0.396377"></trkpt>
      <trkpt lat="40.373101" lon="0.395596"></trkpt>
      <trkpt lat="40.371404" lon="0.395155"></trkpt>
      <trkpt lat="40.37097" lon="0.394821"></trkpt>
      <trkpt lat="40.369896" lon="0.39433"></trkpt>
      <trkpt lat="40.368082" lon="0.393755"></trkpt>
      <trkpt lat="40.367899" lon="0.393248"></trkpt>
      <trkpt lat="40.367672" lon="0.393157"></trkpt>
      <trkpt lat="40.367528" lon="0.393254"></trkpt>
      <trkpt lat="40.367337" lon="0.393691"></trkpt>
      <trkpt lat="40.365453" lon="0.394887"></trkpt>
      <trkpt lat="40.364974" lon="0.394716"></trkpt>
      <trkpt lat="40.364762" lon="0.394992"></trkpt>
      <trkpt lat="40.363771" lon="0.395377"></trkpt>
      <trkpt lat="40.359452" lon="0.397977"></trkpt>
      <trkpt lat="40.358433" lon="0.39942"></trkpt>
      <trkpt lat="40.35858" lon="0.3999"></trkpt>
      <trkpt lat="40.358766" lon="0.401732"></trkpt>
      <trkpt lat="40.35851" lon="0.403293"></trkpt>
      <trkpt lat="40.358796" lon="0.403453"></trkpt>
      <trkpt lat="40.358903" lon="0.40314"></trkpt>
      <trkpt lat="40.358796" lon="0.403453"></trkpt>
      <trkpt lat="40.35851" lon="0.403293"></trkpt>
      <trkpt lat="40.358766" lon="0.401732"></trkpt>
      <trkpt lat="40.3586" lon="0.400082"></trkpt>
      <trkpt lat="40.359051" lon="0.399689"></trkpt>
      <trkpt lat="40.35891" lon="0.398976"></trkpt>
      <trkpt lat="40.358993" lon="0.398696"></trkpt>
      <trkpt lat="40.359878" lon="0.397689"></trkpt>
      <trkpt lat="40.363771" lon="0.395377"></trkpt>
      <trkpt lat="40.364783" lon="0.395094"></trkpt>
      <trkpt lat="40.36506" lon="0.395185"></trkpt>
      <trkpt lat="40.367379" lon="0.393782"></trkpt>
      <trkpt lat="40.367832" lon="0.393817"></trkpt>
      <trkpt lat="40.367977" lon="0.393433"></trkpt>
      <trkpt lat="40.368267" lon="0.393185"></trkpt>
      <trkpt lat="40.375835" lon="0.389003"></trkpt>
      <trkpt lat="40.378267" lon="0.388057"></trkpt>
      <trkpt lat="40.378624" lon="0.388099"></trkpt>
      <trkpt lat="40.379207" lon="0.387154"></trkpt>
      <trkpt lat="40.392207" lon="0.374639"></trkpt>
      <trkpt lat="40.393032" lon="0.373161"></trkpt>
      <trkpt lat="40.395836" lon="0.365702"></trkpt>
      <trkpt lat="40.396013" lon="0.364803"></trkpt>
      <trkpt lat="40.395915" lon="0.363266"></trkpt>
      <trkpt lat="40.395512" lon="0.362239"></trkpt>
      <trkpt lat="40.394867" lon="0.361422"></trkpt>
      <trkpt lat="40.393627" lon="0.360508"></trkpt>
      <trkpt lat="40.393244" lon="0.359731"></trkpt>
      <trkpt lat="40.393183" lon="0.359058"></trkpt>
      <trkpt lat="40.393297" lon="0.358485"></trkpt>
      <trkpt lat="40.393557" lon="0.358116"></trkpt>
      <trkpt lat="40.393839" lon="0.358056"></trkpt>
      <trkpt lat="40.394298" lon="0.358583"></trkpt>
      <trkpt lat="40.395693" lon="0.360762"></trkpt>
      <trkpt lat="40.398905" lon="0.366881"></trkpt>
      <trkpt lat="40.400537" lon="0.369435"></trkpt>
      <trkpt lat="40.402282" lon="0.372668"></trkpt>
      <trkpt lat="40.40307" lon="0.373797"></trkpt>
      <trkpt lat="40.403826" lon="0.374646"></trkpt>
      <trkpt lat="40.404323" lon="0.375528"></trkpt>
      <trkpt lat="40.404577" lon="0.377224"></trkpt>
      <trkpt lat="40.404844" lon="0.378165"></trkpt>
      <trkpt lat="40.404686" lon="0.378562"></trkpt>
      <trkpt lat="40.40455" lon="0.378605"></trkpt>
      <trkpt lat="40.403828" lon="0.378263"></trkpt>
      <trkpt lat="40.402563" lon="0.377972"></trkpt>
      <trkpt lat="40.402039" lon="0.377656"></trkpt>
      <trkpt lat="40.399588" lon="0.374708"></trkpt>
      <trkpt lat="40.399172" lon="0.373695"></trkpt>
      <trkpt lat="40.399086" lon="0.372944"></trkpt>
      <trkpt lat="40.399301" lon="0.371939"></trkpt>
      <trkpt lat="40.399763" lon="0.371308"></trkpt>
      <trkpt lat="40.400113" lon="0.371079"></trkpt>
      <trkpt lat="40.400465" lon="0.370962"></trkpt>
      <trkpt lat="40.402504" lon="0.370843"></trkpt>
      <trkpt lat="40.404428" lon="0.370527"></trkpt>
      <trkpt lat="40.40698" lon="0.370515"></trkpt>
      <trkpt lat="40.409037" lon="0.370845"></trkpt>
      <trkpt lat="40.410394" lon="0.371239"></trkpt>
      <trkpt lat="40.411861" lon="0.371834"></trkpt>
      <trkpt lat="40.413166" lon="0.372528"></trkpt>
      <trkpt lat="40.414533" lon="0.373418"></trkpt>
      <trkpt lat="40.416885" lon="0.375307"></trkpt>
      <trkpt lat="40.422439" lon="0.380525"></trkpt>
      <trkpt lat="40.426294" lon="0.38354"></trkpt>
      <trkpt lat="40.428686" lon="0.385089"></trkpt>
      <trkpt lat="40.431053" lon="0.386397"></trkpt>
      <trkpt lat="40.436094" lon="0.388727"></trkpt>
      <trkpt lat="40.438909" lon="0.390206"></trkpt>
      <trkpt lat="40.441288" lon="0.391753"></trkpt>
      <trkpt lat="40.44326" lon="0.393259"></trkpt>
      <trkpt lat="40.445326" lon="0.395086"></trkpt>
      <trkpt lat="40.449317" lon="0.399138"></trkpt>
      <trkpt lat="40.451544" lon="0.401205"></trkpt>
      <trkpt lat="40.454349" lon="0.403389"></trkpt>
      <trkpt lat="40.459137" lon="0.406655"></trkpt>
      <trkpt lat="40.461116" lon="0.408279"></trkpt>
      <trkpt lat="40.463244" lon="0.410331"></trkpt>
      <trkpt lat="40.46667" lon="0.414259"></trkpt>
      <trkpt lat="40.467966" lon="0.415565"></trkpt>
      <trkpt lat="40.470006" lon="0.417114"></trkpt>
      <trkpt lat="40.471623" lon="0.417992"></trkpt>
      <trkpt lat="40.473282" lon="0.418612"></trkpt>
      <trkpt lat="40.475028" lon="0.418993"></trkpt>
      <trkpt lat="40.477029" lon="0.419107"></trkpt>
      <trkpt lat="40.478238" lon="0.419007"></trkpt>
      <trkpt lat="40.479994" lon="0.418637"></trkpt>
      <trkpt lat="40.480929" lon="0.418318"></trkpt>
      <trkpt lat="40.484747" lon="0.416597"></trkpt>
      <trkpt lat="40.487478" lon="0.415658"></trkpt>
      <trkpt lat="40.489649" lon="0.415238"></trkpt>
      <trkpt lat="40.491772" lon="0.415101"></trkpt>
      <trkpt lat="40.493905" lon="0.415229"></trkpt>
      <trkpt lat="40.498805" lon="0.415896"></trkpt>
      <trkpt lat="40.500907" lon="0.416006"></trkpt>
      <trkpt lat="40.504208" lon="0.415917"></trkpt>
      <trkpt lat="40.509352" lon="0.415458"></trkpt>
      <trkpt lat="40.513235" lon="0.415443"></trkpt>
      <trkpt lat="40.515329" lon="0.415563"></trkpt>
      <trkpt lat="40.519625" lon="0.416086"></trkpt>
      <trkpt lat="40.521598" lon="0.416466"></trkpt>
      <trkpt lat="40.527853" lon="0.418037"></trkpt>
      <trkpt lat="40.530005" lon="0.418414"></trkpt>
      <trkpt lat="40.533381" lon="0.418739"></trkpt>
      <trkpt lat="40.539273" lon="0.418724"></trkpt>
      <trkpt lat="40.541111" lon="0.418801"></trkpt>
      <trkpt lat="40.542991" lon="0.419047"></trkpt>
      <trkpt lat="40.544971" lon="0.419518"></trkpt>
      <trkpt lat="40.546777" lon="0.420109"></trkpt>
      <trkpt lat="40.54847" lon="0.420839"></trkpt>
      <trkpt lat="40.55042" lon="0.421871"></trkpt>
      <trkpt lat="40.555619" lon="0.425514"></trkpt>
      <trkpt lat="40.557926" lon="0.427"></trkpt>
      <trkpt lat="40.563647" lon="0.429897"></trkpt>
      <trkpt lat="40.566174" lon="0.43149"></trkpt>
      <trkpt lat="40.568192" lon="0.433155"></trkpt>
      <trkpt lat="40.569703" lon="0.434691"></trkpt>
      <trkpt lat="40.57211" lon="0.437803"></trkpt>
      <trkpt lat="40.573949" lon="0.440979"></trkpt>
      <trkpt lat="40.576294" lon="0.446204"></trkpt>
      <trkpt lat="40.577638" lon="0.44885"></trkpt>
      <trkpt lat="40.57903" lon="0.451135"></trkpt>
      <trkpt lat="40.580923" lon="0.453709"></trkpt>
      <trkpt lat="40.586365" lon="0.459636"></trkpt>
      <trkpt lat="40.590295" lon="0.464504"></trkpt>
      <trkpt lat="40.592156" lon="0.466462"></trkpt>
      <trkpt lat="40.594426" lon="0.468439"></trkpt>
      <trkpt lat="40.598057" lon="0.470872"></trkpt>
      <trkpt lat="40.599054" lon="0.471425"></trkpt>
      <trkpt lat="40.608124" lon="0.47556"></trkpt>
      <trkpt lat="40.611594" lon="0.477699"></trkpt>
      <trkpt lat="40.613207" lon="0.478823"></trkpt>
      <trkpt lat="40.615351" lon="0.480558"></trkpt>
      <trkpt lat="40.618589" lon="0.483523"></trkpt>
      <trkpt lat="40.623317" lon="0.488155"></trkpt>
      <trkpt lat="40.628054" lon="0.491983"></trkpt>
      <trkpt lat="40.63281" lon="0.496603"></trkpt>
      <trkpt lat="40.636285" lon="0.499529"></trkpt>
      <trkpt lat="40.63791" lon="0.500649"></trkpt>
      <trkpt lat="40.640838" lon="0.502439"></trkpt>
      <trkpt lat="40.645549" lon="0.504774"></trkpt>
      <trkpt lat="40.650679" lon="0.507829"></trkpt>
      <trkpt lat="40.652758" lon="0.508877"></trkpt>
      <trkpt lat="40.655364" lon="0.509771"></trkpt>
      <trkpt lat="40.659579" lon="0.510832"></trkpt>
      <trkpt lat="40.665206" lon="0.513138"></trkpt>
      <trkpt lat="40.669036" lon="0.514176"></trkpt>
      <trkpt lat="40.670961" lon="0.514962"></trkpt>
      <trkpt lat="40.672681" lon="0.516042"></trkpt>
      <trkpt lat="40.673833" lon="0.516999"></trkpt>
      <trkpt lat="40.675068" lon="0.518303"></trkpt>
      <trkpt lat="40.67774" lon="0.52172"></trkpt>
      <trkpt lat="40.679518" lon="0.523384"></trkpt>
      <trkpt lat="40.680761" lon="0.524249"></trkpt>
      <trkpt lat="40.682004" lon="0.524913"></trkpt>
      <trkpt lat="40.686304" lon="0.52663"></trkpt>
      <trkpt lat="40.688712" lon="0.528134"></trkpt>
      <trkpt lat="40.691078" lon="0.530232"></trkpt>
      <trkpt lat="40.69306" lon="0.532663"></trkpt>
      <trkpt lat="40.694492" lon="0.534994"></trkpt>
      <trkpt lat="40.696493" lon="0.538695"></trkpt>
      <trkpt lat="40.698285" lon="0.541268"></trkpt>
      <trkpt lat="40.699165" lon="0.542299"></trkpt>
      <trkpt lat="40.701955" lon="0.545"></trkpt>
      <trkpt lat="40.703188" lon="0.546349"></trkpt>
      <trkpt lat="40.705919" lon="0.54994"></trkpt>
      <trkpt lat="40.706986" lon="0.551141"></trkpt>
      <trkpt lat="40.709151" lon="0.553071"></trkpt>
      <trkpt lat="40.712591" lon="0.55565"></trkpt>
      <trkpt lat="40.716482" lon="0.559754"></trkpt>
      <trkpt lat="40.721037" lon="0.563752"></trkpt>
      <trkpt lat="40.722538" lon="0.565352"></trkpt>
      <trkpt lat="40.724786" lon="0.56811"></trkpt>
      <trkpt lat="40.726254" lon="0.570324"></trkpt>
      <trkpt lat="40.727657" lon="0.572848"></trkpt>
      <trkpt lat="40.729203" lon="0.576292"></trkpt>
      <trkpt lat="40.731682" lon="0.583997"></trkpt>
      <trkpt lat="40.732275" lon="0.585292"></trkpt>
      <trkpt lat="40.733362" lon="0.58708"></trkpt>
      <trkpt lat="40.734692" lon="0.588672"></trkpt>
      <trkpt lat="40.735377" lon="0.589304"></trkpt>
      <trkpt lat="40.737221" lon="0.590565"></trkpt>
      <trkpt lat="40.738456" lon="0.591124"></trkpt>
      <trkpt lat="40.741856" lon="0.592153"></trkpt>
      <trkpt lat="40.743343" lon="0.592736"></trkpt>
      <trkpt lat="40.744799" lon="0.59347"></trkpt>
      <trkpt lat="40.746257" lon="0.594367"></trkpt>
      <trkpt lat="40.74796" lon="0.595684"></trkpt>
      <trkpt lat="40.750003" lon="0.597526"></trkpt>
      <trkpt lat="40.751411" lon="0.599168"></trkpt>
      <trkpt lat="40.75316" lon="0.601602"></trkpt>
      <trkpt lat="40.75511" lon="0.605115"></trkpt>
      <trkpt lat="40.756606" lon="0.608815"></trkpt>
      <trkpt lat="40.758771" lon="0.615378"></trkpt>
      <trkpt lat="40.761304" lon="0.621417"></trkpt>
      <trkpt lat="40.763495" lon="0.625415"></trkpt>
      <trkpt lat="40.76522" lon="0.628216"></trkpt>
      <trkpt lat="40.767337" lon="0.631229"></trkpt>
      <trkpt lat="40.769792" lon="0.634396"></trkpt>
      <trkpt lat="40.775411" lon="0.640341"></trkpt>
      <trkpt lat="40.779082" lon="0.64474"></trkpt>
      <trkpt lat="40.7832" lon="0.650414"></trkpt>
      <trkpt lat="40.78515" lon="0.653403"></trkpt>
      <trkpt lat="40.787754" lon="0.657719"></trkpt>
      <trkpt lat="40.789849" lon="0.660857"></trkpt>
      <trkpt lat="40.792297" lon="0.663995"></trkpt>
      <trkpt lat="40.796984" lon="0.669133"></trkpt>
      <trkpt lat="40.79841" lon="0.670969"></trkpt>
      <trkpt lat="40.799465" lon="0.672599"></trkpt>
      <trkpt lat="40.800797" lon="0.675223"></trkpt>
      <trkpt lat="40.801791" lon="0.677907"></trkpt>
      <trkpt lat="40.802648" lon="0.681225"></trkpt>
      <trkpt lat="40.803434" lon="0.686512"></trkpt>
      <trkpt lat="40.803889" lon="0.688365"></trkpt>
      <trkpt lat="40.804474" lon="0.690107"></trkpt>
      <trkpt lat="40.805107" lon="0.691466"></trkpt>
      <trkpt lat="40.80638" lon="0.693767"></trkpt>
      <trkpt lat="40.810484" lon="0.699467"></trkpt>
      <trkpt lat="40.811666" lon="0.70148"></trkpt>
      <trkpt lat="40.812556" lon="0.703464"></trkpt>
      <trkpt lat="40.81537" lon="0.710661"></trkpt>
      <trkpt lat="40.818959" lon="0.718468"></trkpt>
      <trkpt lat="40.820815" lon="0.721938"></trkpt>
      <trkpt lat="40.826169" lon="0.729593"></trkpt>
      <trkpt lat="40.829522" lon="0.735341"></trkpt>
      <trkpt lat="40.830891" lon="0.737412"></trkpt>
      <trkpt lat="40.832674" lon="0.739527"></trkpt>
      <trkpt lat="40.834505" lon="0.741189"></trkpt>
      <trkpt lat="40.836065" lon="0.742298"></trkpt>
      <trkpt lat="40.839554" lon="0.744235"></trkpt>
      <trkpt lat="40.841612" lon="0.745532"></trkpt>
      <trkpt lat="40.843259" lon="0.746879"></trkpt>
      <trkpt lat="40.84486" lon="0.748533"></trkpt>
      <trkpt lat="40.846724" lon="0.751059"></trkpt>
      <trkpt lat="40.850406" lon="0.757408"></trkpt>
      <trkpt lat="40.853175" lon="0.761295"></trkpt>
      <trkpt lat="40.85937" lon="0.768331"></trkpt>
      <trkpt lat="40.865226" lon="0.775705"></trkpt>
      <trkpt lat="40.871183" lon="0.782791"></trkpt>
      <trkpt lat="40.875441" lon="0.788187"></trkpt>
      <trkpt lat="40.877548" lon="0.790537"></trkpt>
      <trkpt lat="40.883544" lon="0.796189"></trkpt>
      <trkpt lat="40.889242" lon="0.802124"></trkpt>
      <trkpt lat="40.894382" lon="0.806998"></trkpt>
      <trkpt lat="40.899256" lon="0.811891"></trkpt>
      <trkpt lat="40.90594" lon="0.818072"></trkpt>
      <trkpt lat="40.910006" lon="0.822467"></trkpt>
      <trkpt lat="40.913573" lon="0.826108"></trkpt>
      <trkpt lat="40.918595" lon="0.83081"></trkpt>
      <trkpt lat="40.925019" lon="0.837157"></trkpt>
      <trkpt lat="40.938748" lon="0.849892"></trkpt>
      <trkpt lat="40.944962" lon="0.856247"></trkpt>
      <trkpt lat="40.948546" lon="0.859458"></trkpt>
      <trkpt lat="40.950408" lon="0.860977"></trkpt>
      <trkpt lat="40.95287" lon="0.862629"></trkpt>
      <trkpt lat="40.956254" lon="0.864607"></trkpt>
      <trkpt lat="40.958328" lon="0.866106"></trkpt>
      <trkpt lat="40.960526" lon="0.868307"></trkpt>
      <trkpt lat="40.964319" lon="0.872869"></trkpt>
      <trkpt lat="40.967625" lon="0.876065"></trkpt>
      <trkpt lat="40.970265" lon="0.878051"></trkpt>
      <trkpt lat="40.97548" lon="0.881172"></trkpt>
      <trkpt lat="40.976363" lon="0.881805"></trkpt>
      <trkpt lat="40.9781" lon="0.883338"></trkpt>
      <trkpt lat="40.979496" lon="0.884925"></trkpt>
      <trkpt lat="40.980914" lon="0.886963"></trkpt>
      <trkpt lat="40.982305" lon="0.889461"></trkpt>
      <trkpt lat="40.98414" lon="0.893424"></trkpt>
      <trkpt lat="40.985619" lon="0.895936"></trkpt>
      <trkpt lat="40.987102" lon="0.897778"></trkpt>
      <trkpt lat="40.989592" lon="0.900412"></trkpt>
      <trkpt lat="40.992729" lon="0.904624"></trkpt>
      <trkpt lat="40.99387" lon="0.905857"></trkpt>
      <trkpt lat="40.995064" lon="0.906898"></trkpt>
      <trkpt lat="40.997177" lon="0.908219"></trkpt>
      <trkpt lat="40.998638" lon="0.908817"></trkpt>
      <trkpt lat="41.00047" lon="0.909246"></trkpt>
      <trkpt lat="41.00149" lon="0.909339"></trkpt>
      <trkpt lat="41.003593" lon="0.909207"></trkpt>
      <trkpt lat="41.007539" lon="0.908174"></trkpt>
      <trkpt lat="41.010386" lon="0.907618"></trkpt>
      <trkpt lat="41.01345" lon="0.907365"></trkpt>
      <trkpt lat="41.01733" lon="0.90754"></trkpt>
      <trkpt lat="41.020106" lon="0.907999"></trkpt>
      <trkpt lat="41.021724" lon="0.908413"></trkpt>
      <trkpt lat="41.025208" lon="0.909674"></trkpt>
      <trkpt lat="41.027896" lon="0.91128"></trkpt>
      <trkpt lat="41.029643" lon="0.91274"></trkpt>
      <trkpt lat="41.030695" lon="0.913823"></trkpt>
      <trkpt lat="41.032171" lon="0.915652"></trkpt>
      <trkpt lat="41.032951" lon="0.916806"></trkpt>
      <trkpt lat="41.034267" lon="0.919146"></trkpt>
      <trkpt lat="41.035173" lon="0.921234"></trkpt>
      <trkpt lat="41.035992" lon="0.923692"></trkpt>
      <trkpt lat="41.036668" lon="0.926627"></trkpt>
      <trkpt lat="41.036901" lon="0.928109"></trkpt>
      <trkpt lat="41.037114" lon="0.930726"></trkpt>
      <trkpt lat="41.037111" lon="0.933432"></trkpt>
      <trkpt lat="41.036878" lon="0.938896"></trkpt>
      <trkpt lat="41.037059" lon="0.942633"></trkpt>
      <trkpt lat="41.037424" lon="0.945335"></trkpt>
      <trkpt lat="41.037961" lon="0.947936"></trkpt>
      <trkpt lat="41.038761" lon="0.950731"></trkpt>
      <trkpt lat="41.039383" lon="0.952453"></trkpt>
      <trkpt lat="41.040028" lon="0.953998"></trkpt>
      <trkpt lat="41.041235" lon="0.956407"></trkpt>
      <trkpt lat="41.044267" lon="0.961199"></trkpt>
      <trkpt lat="41.04635" lon="0.964895"></trkpt>
      <trkpt lat="41.047805" lon="0.968107"></trkpt>
      <trkpt lat="41.050964" lon="0.976417"></trkpt>
      <trkpt lat="41.052591" lon="0.979815"></trkpt>
      <trkpt lat="41.053708" lon="0.981843"></trkpt>
      <trkpt lat="41.055467" lon="0.984612"></trkpt>
      <trkpt lat="41.057081" lon="0.986822"></trkpt>
      <trkpt lat="41.062343" lon="0.993253"></trkpt>
      <trkpt lat="41.064191" lon="0.995974"></trkpt>
      <trkpt lat="41.065931" lon="0.99905"></trkpt>
      <trkpt lat="41.067131" lon="1.001597"></trkpt>
      <trkpt lat="41.068103" lon="1.003995"></trkpt>
      <trkpt lat="41.071161" lon="1.013123"></trkpt>
      <trkpt lat="41.07537" lon="1.022759"></trkpt>
      <trkpt lat="41.077673" lon="1.029294"></trkpt>
      <trkpt lat="41.080288" lon="1.035673"></trkpt>
      <trkpt lat="41.081398" lon="1.039393"></trkpt>
      <trkpt lat="41.082043" lon="1.0427"></trkpt>
      <trkpt lat="41.082425" lon="1.047006"></trkpt>
      <trkpt lat="41.082433" lon="1.052201"></trkpt>
      <trkpt lat="41.082568" lon="1.056441"></trkpt>
      <trkpt lat="41.082994" lon="1.061125"></trkpt>
      <trkpt lat="41.08397" lon="1.067291"></trkpt>
      <trkpt lat="41.085319" lon="1.072839"></trkpt>
      <trkpt lat="41.08633" lon="1.076083"></trkpt>
      <trkpt lat="41.087511" lon="1.079352"></trkpt>
      <trkpt lat="41.089981" lon="1.084886"></trkpt>
      <trkpt lat="41.09212" lon="1.088783"></trkpt>
      <trkpt lat="41.096304" lon="1.095332"></trkpt>
      <trkpt lat="41.097936" lon="1.098413"></trkpt>
      <trkpt lat="41.098505" lon="1.099736"></trkpt>
      <trkpt lat="41.099179" lon="1.101507"></trkpt>
      <trkpt lat="41.099995" lon="1.104213"></trkpt>
      <trkpt lat="41.102138" lon="1.115246"></trkpt>
      <trkpt lat="41.102881" lon="1.11799"></trkpt>
      <trkpt lat="41.103846" lon="1.120804"></trkpt>
      <trkpt lat="41.105522" lon="1.124362"></trkpt>
      <trkpt lat="41.107475" lon="1.127295"></trkpt>
      <trkpt lat="41.109385" lon="1.129426"></trkpt>
      <trkpt lat="41.112943" lon="1.132711"></trkpt>
      <trkpt lat="41.114501" lon="1.134662"></trkpt>
      <trkpt lat="41.115472" lon="1.136311"></trkpt>
      <trkpt lat="41.116165" lon="1.137806"></trkpt>
      <trkpt lat="41.117722" lon="1.142333"></trkpt>
      <trkpt lat="41.118751" lon="1.144459"></trkpt>
      <trkpt lat="41.119958" lon="1.146152"></trkpt>
      <trkpt lat="41.12384" lon="1.150483"></trkpt>
      <trkpt lat="41.125146" lon="1.152311"></trkpt>
      <trkpt lat="41.126612" lon="1.154797"></trkpt>
      <trkpt lat="41.127833" lon="1.157384"></trkpt>
      <trkpt lat="41.128989" lon="1.160579"></trkpt>
      <trkpt lat="41.131113" lon="1.168794"></trkpt>
      <trkpt lat="41.132487" lon="1.172747"></trkpt>
      <trkpt lat="41.134196" lon="1.17624"></trkpt>
      <trkpt lat="41.138093" lon="1.182567"></trkpt>
      <trkpt lat="41.139497" lon="1.185243"></trkpt>
      <trkpt lat="41.141362" lon="1.189685"></trkpt>
      <trkpt lat="41.142684" lon="1.193978"></trkpt>
      <trkpt lat="41.143771" lon="1.199101"></trkpt>
      <trkpt lat="41.144312" lon="1.203993"></trkpt>
      <trkpt lat="41.144424" lon="1.207856"></trkpt>
      <trkpt lat="41.144203" lon="1.214704"></trkpt>
      <trkpt lat="41.144248" lon="1.21843"></trkpt>
      <trkpt lat="41.144497" lon="1.221896"></trkpt>
      <trkpt lat="41.145164" lon="1.227844"></trkpt>
      <trkpt lat="41.145406" lon="1.232429"></trkpt>
      <trkpt lat="41.145262" lon="1.237207"></trkpt>
      <trkpt lat="41.144835" lon="1.241684"></trkpt>
      <trkpt lat="41.143463" lon="1.249813"></trkpt>
      <trkpt lat="41.143103" lon="1.252831"></trkpt>
      <trkpt lat="41.142971" lon="1.255693"></trkpt>
      <trkpt lat="41.143057" lon="1.258758"></trkpt>
      <trkpt lat="41.143604" lon="1.263233"></trkpt>
      <trkpt lat="41.14546" lon="1.270712"></trkpt>
      <trkpt lat="41.146072" lon="1.274392"></trkpt>
      <trkpt lat="41.146285" lon="1.278222"></trkpt>
      <trkpt lat="41.145855" lon="1.283624"></trkpt>
      <trkpt lat="41.145815" lon="1.28531"></trkpt>
      <trkpt lat="41.146125" lon="1.288029"></trkpt>
      <trkpt lat="41.146745" lon="1.290217"></trkpt>
      <trkpt lat="41.147486" lon="1.291853"></trkpt>
      <trkpt lat="41.148923" lon="1.294508"></trkpt>
      <trkpt lat="41.14978" lon="1.296911"></trkpt>
      <trkpt lat="41.150364" lon="1.300001"></trkpt>
      <trkpt lat="41.150452" lon="1.30275"></trkpt>
      <trkpt lat="41.150176" lon="1.305227"></trkpt>
      <trkpt lat="41.149654" lon="1.307322"></trkpt>
      <trkpt lat="41.148964" lon="1.309147"></trkpt>
      <trkpt lat="41.147219" lon="1.312776"></trkpt>
      <trkpt lat="41.146573" lon="1.314441"></trkpt>
      <trkpt lat="41.14519" lon="1.319766"></trkpt>
      <trkpt lat="41.14449" lon="1.321738"></trkpt>
      <trkpt lat="41.143863" lon="1.323069"></trkpt>
      <trkpt lat="41.143164" lon="1.324205"></trkpt>
      <trkpt lat="41.140152" lon="1.328205"></trkpt>
      <trkpt lat="41.139224" lon="1.329644"></trkpt>
      <trkpt lat="41.138424" lon="1.331233"></trkpt>
      <trkpt lat="41.137949" lon="1.332484"></trkpt>
      <trkpt lat="41.137555" lon="1.334038"></trkpt>
      <trkpt lat="41.137315" lon="1.3356"></trkpt>
      <trkpt lat="41.137266" lon="1.337963"></trkpt>
      <trkpt lat="41.137438" lon="1.339612"></trkpt>
      <trkpt lat="41.138047" lon="1.34209"></trkpt>
      <trkpt lat="41.138623" lon="1.343507"></trkpt>
      <trkpt lat="41.139433" lon="1.344991"></trkpt>
      <trkpt lat="41.140614" lon="1.34648"></trkpt>
      <trkpt lat="41.14334" lon="1.34882"></trkpt>
      <trkpt lat="41.14434" lon="1.349834"></trkpt>
      <trkpt lat="41.145186" lon="1.350928"></trkpt>
      <trkpt lat="41.14614" lon="1.352441"></trkpt>
      <trkpt lat="41.148114" lon="1.357624"></trkpt>
      <trkpt lat="41.149053" lon="1.359512"></trkpt>
      <trkpt lat="41.150501" lon="1.361564"></trkpt>
      <trkpt lat="41.153732" lon="1.365031"></trkpt>
      <trkpt lat="41.154781" lon="1.366667"></trkpt>
      <trkpt lat="41.155787" lon="1.368867"></trkpt>
      <trkpt lat="41.156412" lon="1.370938"></trkpt>
      <trkpt lat="41.156789" lon="1.373254"></trkpt>
      <trkpt lat="41.156828" lon="1.376498"></trkpt>
      <trkpt lat="41.156608" lon="1.379802"></trkpt>
      <trkpt lat="41.156703" lon="1.381514"></trkpt>
      <trkpt lat="41.156958" lon="1.383196"></trkpt>
      <trkpt lat="41.157369" lon="1.384693"></trkpt>
      <trkpt lat="41.158974" lon="1.388611"></trkpt>
      <trkpt lat="41.159396" lon="1.389979"></trkpt>
      <trkpt lat="41.159791" lon="1.391898"></trkpt>
      <trkpt lat="41.160237" lon="1.396074"></trkpt>
      <trkpt lat="41.160548" lon="1.3977"></trkpt>
      <trkpt lat="41.162592" lon="1.403929"></trkpt>
      <trkpt lat="41.163529" lon="1.410273"></trkpt>
      <trkpt lat="41.164621" lon="1.413388"></trkpt>
      <trkpt lat="41.165351" lon="1.414616"></trkpt>
      <trkpt lat="41.167082" lon="1.417095"></trkpt>
      <trkpt lat="41.167735" lon="1.418332"></trkpt>
      <trkpt lat="41.169519" lon="1.422615"></trkpt>
      <trkpt lat="41.170236" lon="1.423748"></trkpt>
      <trkpt lat="41.171076" lon="1.424744"></trkpt>
      <trkpt lat="41.173072" lon="1.426392"></trkpt>
      <trkpt lat="41.176348" lon="1.42792"></trkpt>
      <trkpt lat="41.177478" lon="1.42858"></trkpt>
      <trkpt lat="41.17835" lon="1.429396"></trkpt>
      <trkpt lat="41.179177" lon="1.430237"></trkpt>
      <trkpt lat="41.180063" lon="1.43154"></trkpt>
      <trkpt lat="41.180708" lon="1.432786"></trkpt>
      <trkpt lat="41.181283" lon="1.43428"></trkpt>
      <trkpt lat="41.181677" lon="1.435764"></trkpt>
      <trkpt lat="41.181929" lon="1.437301"></trkpt>
      <trkpt lat="41.182" lon="1.439017"></trkpt>
      <trkpt lat="41.181865" lon="1.440717"></trkpt>
      <trkpt lat="41.180928" lon="1.445267"></trkpt>
      <trkpt lat="41.180725" lon="1.447727"></trkpt>
      <trkpt lat="41.180751" lon="1.449269"></trkpt>
      <trkpt lat="41.181186" lon="1.453865"></trkpt>
      <trkpt lat="41.181103" lon="1.457713"></trkpt>
      <trkpt lat="41.181168" lon="1.45929"></trkpt>
      <trkpt lat="41.18178" lon="1.463994"></trkpt>
      <trkpt lat="41.181822" lon="1.46577"></trkpt>
      <trkpt lat="41.181485" lon="1.46917"></trkpt>
      <trkpt lat="41.181473" lon="1.4708"></trkpt>
      <trkpt lat="41.181626" lon="1.472371"></trkpt>
      <trkpt lat="41.181955" lon="1.473993"></trkpt>
      <trkpt lat="41.182407" lon="1.475421"></trkpt>
      <trkpt lat="41.182898" lon="1.476543"></trkpt>
      <trkpt lat="41.183597" lon="1.477732"></trkpt>
      <trkpt lat="41.184386" lon="1.478841"></trkpt>
      <trkpt lat="41.187059" lon="1.481981"></trkpt>
      <trkpt lat="41.187801" lon="1.48322"></trkpt>
      <trkpt lat="41.189129" lon="1.485904"></trkpt>
      <trkpt lat="41.190695" lon="1.488404"></trkpt>
      <trkpt lat="41.19404" lon="1.491881"></trkpt>
      <trkpt lat="41.194886" lon="1.493014"></trkpt>
      <trkpt lat="41.19558" lon="1.49418"></trkpt>
      <trkpt lat="41.196283" lon="1.495731"></trkpt>
      <trkpt lat="41.196794" lon="1.497223"></trkpt>
      <trkpt lat="41.197675" lon="1.500677"></trkpt>
      <trkpt lat="41.198656" lon="1.50318"></trkpt>
      <trkpt lat="41.199991" lon="1.505392"></trkpt>
      <trkpt lat="41.200656" lon="1.506223"></trkpt>
      <trkpt lat="41.20188" lon="1.507438"></trkpt>
      <trkpt lat="41.203797" lon="1.508741"></trkpt>
      <trkpt lat="41.20674" lon="1.509944"></trkpt>
      <trkpt lat="41.210261" lon="1.511919"></trkpt>
      <trkpt lat="41.211416" lon="1.512323"></trkpt>
      <trkpt lat="41.21422" lon="1.512874"></trkpt>
      <trkpt lat="41.215447" lon="1.513245"></trkpt>
      <trkpt lat="41.217042" lon="1.513956"></trkpt>
      <trkpt lat="41.217913" lon="1.51454"></trkpt>
      <trkpt lat="41.219889" lon="1.516239"></trkpt>
      <trkpt lat="41.220773" lon="1.517304"></trkpt>
      <trkpt lat="41.223439" lon="1.521238"></trkpt>
      <trkpt lat="41.225359" lon="1.523484"></trkpt>
      <trkpt lat="41.227339" lon="1.525174"></trkpt>
      <trkpt lat="41.228468" lon="1.525895"></trkpt>
      <trkpt lat="41.230787" lon="1.526997"></trkpt>
      <trkpt lat="41.233034" lon="1.527592"></trkpt>
      <trkpt lat="41.235152" lon="1.527759"></trkpt>
      <trkpt lat="41.238649" lon="1.527732"></trkpt>
      <trkpt lat="41.24014" lon="1.528097"></trkpt>
      <trkpt lat="41.24081" lon="1.528384"></trkpt>
      <trkpt lat="41.241681" lon="1.528839"></trkpt>
      <trkpt lat="41.244829" lon="1.53154"></trkpt>
      <trkpt lat="41.24584" lon="1.532261"></trkpt>
      <trkpt lat="41.247101" lon="1.532917"></trkpt>
      <trkpt lat="41.249883" lon="1.53393"></trkpt>
      <trkpt lat="41.251703" lon="1.534993"></trkpt>
      <trkpt lat="41.254442" lon="1.537486"></trkpt>
      <trkpt lat="41.255889" lon="1.538549"></trkpt>
      <trkpt lat="41.257002" lon="1.539122"></trkpt>
      <trkpt lat="41.258536" lon="1.539628"></trkpt>
      <trkpt lat="41.26161" lon="1.539955"></trkpt>
      <trkpt lat="41.263243" lon="1.540381"></trkpt>
      <trkpt lat="41.264537" lon="1.541039"></trkpt>
      <trkpt lat="41.265487" lon="1.541737"></trkpt>
      <trkpt lat="41.267013" lon="1.543355"></trkpt>
      <trkpt lat="41.267839" lon="1.54461"></trkpt>
      <trkpt lat="41.268587" lon="1.546159"></trkpt>
      <trkpt lat="41.269143" lon="1.547863"></trkpt>
      <trkpt lat="41.270122" lon="1.551784"></trkpt>
      <trkpt lat="41.271337" lon="1.55451"></trkpt>
      <trkpt lat="41.272761" lon="1.556628"></trkpt>
      <trkpt lat="41.275548" lon="1.559604"></trkpt>
      <trkpt lat="41.277056" lon="1.561521"></trkpt>
      <trkpt lat="41.27873" lon="1.564216"></trkpt>
      <trkpt lat="41.279911" lon="1.56672"></trkpt>
      <trkpt lat="41.280717" lon="1.568816"></trkpt>
      <trkpt lat="41.282154" lon="1.573846"></trkpt>
      <trkpt lat="41.282584" lon="1.574982"></trkpt>
      <trkpt lat="41.283508" lon="1.576858"></trkpt>
      <trkpt lat="41.285665" lon="1.580068"></trkpt>
      <trkpt lat="41.286911" lon="1.582812"></trkpt>
      <trkpt lat="41.287546" lon="1.585176"></trkpt>
      <trkpt lat="41.288014" lon="1.588472"></trkpt>
      <trkpt lat="41.288425" lon="1.590507"></trkpt>
      <trkpt lat="41.288915" lon="1.592068"></trkpt>
      <trkpt lat="41.289897" lon="1.594242"></trkpt>
      <trkpt lat="41.291036" lon="1.596"></trkpt>
      <trkpt lat="41.292637" lon="1.597741"></trkpt>
      <trkpt lat="41.294012" lon="1.598784"></trkpt>
      <trkpt lat="41.296951" lon="1.600414"></trkpt>
      <trkpt lat="41.298068" lon="1.601212"></trkpt>
      <trkpt lat="41.299798" lon="1.602851"></trkpt>
      <trkpt lat="41.301121" lon="1.604551"></trkpt>
      <trkpt lat="41.302232" lon="1.60642"></trkpt>
      <trkpt lat="41.303276" lon="1.608845"></trkpt>
      <trkpt lat="41.303949" lon="1.611109"></trkpt>
      <trkpt lat="41.304887" lon="1.615516"></trkpt>
      <trkpt lat="41.305782" lon="1.617945"></trkpt>
      <trkpt lat="41.307177" lon="1.620507"></trkpt>
      <trkpt lat="41.309642" lon="1.623201"></trkpt>
      <trkpt lat="41.310647" lon="1.624499"></trkpt>
      <trkpt lat="41.311895" lon="1.626619"></trkpt>
      <trkpt lat="41.312593" lon="1.628404"></trkpt>
      <trkpt lat="41.313761" lon="1.632529"></trkpt>
      <trkpt lat="41.314795" lon="1.634864"></trkpt>
      <trkpt lat="41.315877" lon="1.636564"></trkpt>
      <trkpt lat="41.317033" lon="1.637898"></trkpt>
      <trkpt lat="41.318382" lon="1.639065"></trkpt>
      <trkpt lat="41.321439" lon="1.641134"></trkpt>
      <trkpt lat="41.323214" lon="1.643029"></trkpt>
      <trkpt lat="41.324391" lon="1.644849"></trkpt>
      <trkpt lat="41.325327" lon="1.64665"></trkpt>
      <trkpt lat="41.327185" lon="1.650902"></trkpt>
      <trkpt lat="41.328727" lon="1.655482"></trkpt>
      <trkpt lat="41.32944" lon="1.658334"></trkpt>
      <trkpt lat="41.329953" lon="1.660631"></trkpt>
      <trkpt lat="41.330688" lon="1.665421"></trkpt>
      <trkpt lat="41.330739" lon="1.667827"></trkpt>
      <trkpt lat="41.330417" lon="1.670595"></trkpt>
      <trkpt lat="41.329865" lon="1.672701"></trkpt>
      <trkpt lat="41.328451" lon="1.67629"></trkpt>
      <trkpt lat="41.327936" lon="1.677999"></trkpt>
      <trkpt lat="41.327492" lon="1.680567"></trkpt>
      <trkpt lat="41.327408" lon="1.683181"></trkpt>
      <trkpt lat="41.327738" lon="1.686098"></trkpt>
      <trkpt lat="41.329076" lon="1.690924"></trkpt>
      <trkpt lat="41.329511" lon="1.693654"></trkpt>
      <trkpt lat="41.329547" lon="1.696126"></trkpt>
      <trkpt lat="41.329108" lon="1.701363"></trkpt>
      <trkpt lat="41.329326" lon="1.704224"></trkpt>
      <trkpt lat="41.329544" lon="1.705415"></trkpt>
      <trkpt lat="41.330087" lon="1.707343"></trkpt>
      <trkpt lat="41.330823" lon="1.709131"></trkpt>
      <trkpt lat="41.33154" lon="1.710447"></trkpt>
      <trkpt lat="41.3329" lon="1.712363"></trkpt>
      <trkpt lat="41.33494" lon="1.714516"></trkpt>
      <trkpt lat="41.337074" lon="1.716124"></trkpt>
      <trkpt lat="41.338791" lon="1.717039"></trkpt>
      <trkpt lat="41.340325" lon="1.717626"></trkpt>
      <trkpt lat="41.342458" lon="1.718086"></trkpt>
      <trkpt lat="41.343841" lon="1.71819"></trkpt>
      <trkpt lat="41.347378" lon="1.718083"></trkpt>
      <trkpt lat="41.348593" lon="1.718256"></trkpt>
      <trkpt lat="41.3496" lon="1.718537"></trkpt>
      <trkpt lat="41.350944" lon="1.719142"></trkpt>
      <trkpt lat="41.352428" lon="1.720139"></trkpt>
      <trkpt lat="41.355602" lon="1.723323"></trkpt>
      <trkpt lat="41.356966" lon="1.724333"></trkpt>
      <trkpt lat="41.358197" lon="1.72502"></trkpt>
      <trkpt lat="41.359344" lon="1.725439"></trkpt>
      <trkpt lat="41.360526" lon="1.725694"></trkpt>
      <trkpt lat="41.364015" lon="1.725736"></trkpt>
      <trkpt lat="41.364914" lon="1.725836"></trkpt>
      <trkpt lat="41.366396" lon="1.726232"></trkpt>
      <trkpt lat="41.36754" lon="1.726742"></trkpt>
      <trkpt lat="41.36889" lon="1.727618"></trkpt>
      <trkpt lat="41.370141" lon="1.728735"></trkpt>
      <trkpt lat="41.370975" lon="1.729671"></trkpt>
      <trkpt lat="41.373273" lon="1.73302"></trkpt>
      <trkpt lat="41.374977" lon="1.734785"></trkpt>
      <trkpt lat="41.376767" lon="1.735993"></trkpt>
      <trkpt lat="41.380096" lon="1.737526"></trkpt>
      <trkpt lat="41.381185" lon="1.738278"></trkpt>
      <trkpt lat="41.382201" lon="1.739194"></trkpt>
      <trkpt lat="41.383132" lon="1.740257"></trkpt>
      <trkpt lat="41.384161" lon="1.741779"></trkpt>
      <trkpt lat="41.384855" lon="1.743113"></trkpt>
      <trkpt lat="41.385556" lon="1.744931"></trkpt>
      <trkpt lat="41.385969" lon="1.746465"></trkpt>
      <trkpt lat="41.38625" lon="1.748058"></trkpt>
      <trkpt lat="41.386516" lon="1.751901"></trkpt>
      <trkpt lat="41.386795" lon="1.753902"></trkpt>
      <trkpt lat="41.387168" lon="1.75546"></trkpt>
      <trkpt lat="41.387821" lon="1.757339"></trkpt>
      <trkpt lat="41.388492" lon="1.758747"></trkpt>
      <trkpt lat="41.389266" lon="1.760025"></trkpt>
      <trkpt lat="41.392078" lon="1.763527"></trkpt>
      <trkpt lat="41.393272" lon="1.765414"></trkpt>
      <trkpt lat="41.394398" lon="1.767866"></trkpt>
      <trkpt lat="41.39591" lon="1.772056"></trkpt>
      <trkpt lat="41.397154" lon="1.774287"></trkpt>
      <trkpt lat="41.398869" lon="1.776336"></trkpt>
      <trkpt lat="41.399817" lon="1.777145"></trkpt>
      <trkpt lat="41.401025" lon="1.777934"></trkpt>
      <trkpt lat="41.40275" lon="1.778679"></trkpt>
      <trkpt lat="41.405412" lon="1.779236"></trkpt>
      <trkpt lat="41.407057" lon="1.779791"></trkpt>
      <trkpt lat="41.408453" lon="1.780568"></trkpt>
      <trkpt lat="41.409598" lon="1.781458"></trkpt>
      <trkpt lat="41.410302" lon="1.782145"></trkpt>
      <trkpt lat="41.411448" lon="1.783558"></trkpt>
      <trkpt lat="41.414009" lon="1.788119"></trkpt>
      <trkpt lat="41.416526" lon="1.791312"></trkpt>
      <trkpt lat="41.417676" lon="1.793171"></trkpt>
      <trkpt lat="41.418516" lon="1.795097"></trkpt>
      <trkpt lat="41.419208" lon="1.797569"></trkpt>
      <trkpt lat="41.419461" lon="1.799164"></trkpt>
      <trkpt lat="41.419974" lon="1.805282"></trkpt>
      <trkpt lat="41.4218" lon="1.813691"></trkpt>
      <trkpt lat="41.422982" lon="1.823365"></trkpt>
      <trkpt lat="41.423522" lon="1.825813"></trkpt>
      <trkpt lat="41.424237" lon="1.828049"></trkpt>
      <trkpt lat="41.425065" lon="1.829969"></trkpt>
      <trkpt lat="41.426307" lon="1.832165"></trkpt>
      <trkpt lat="41.428577" lon="1.835304"></trkpt>
      <trkpt lat="41.430705" lon="1.837733"></trkpt>
      <trkpt lat="41.432061" lon="1.838907"></trkpt>
      <trkpt lat="41.433247" lon="1.839642"></trkpt>
      <trkpt lat="41.436602" lon="1.840827"></trkpt>
      <trkpt lat="41.43831" lon="1.84186"></trkpt>
      <trkpt lat="41.439148" lon="1.842605"></trkpt>
      <trkpt lat="41.439978" lon="1.843552"></trkpt>
      <trkpt lat="41.441297" lon="1.845697"></trkpt>
      <trkpt lat="41.441902" lon="1.84718"></trkpt>
      <trkpt lat="41.44236" lon="1.848806"></trkpt>
      <trkpt lat="41.443201" lon="1.854374"></trkpt>
      <trkpt lat="41.444865" lon="1.860314"></trkpt>
      <trkpt lat="41.445214" lon="1.863044"></trkpt>
      <trkpt lat="41.445358" lon="1.8679"></trkpt>
      <trkpt lat="41.445686" lon="1.86993"></trkpt>
      <trkpt lat="41.44635" lon="1.872193"></trkpt>
      <trkpt lat="41.447468" lon="1.874606"></trkpt>
      <trkpt lat="41.448754" lon="1.87657"></trkpt>
      <trkpt lat="41.451226" lon="1.879345"></trkpt>
      <trkpt lat="41.452158" lon="1.880835"></trkpt>
      <trkpt lat="41.453692" lon="1.884043"></trkpt>
      <trkpt lat="41.454366" lon="1.885184"></trkpt>
      <trkpt lat="41.457487" lon="1.889272"></trkpt>
      <trkpt lat="41.458703" lon="1.891642"></trkpt>
      <trkpt lat="41.459341" lon="1.893533"></trkpt>
      <trkpt lat="41.460523" lon="1.897774"></trkpt>
      <trkpt lat="41.461934" lon="1.901834"></trkpt>
      <trkpt lat="41.462772" lon="1.906205"></trkpt>
      <trkpt lat="41.463438" lon="1.908733"></trkpt>
      <trkpt lat="41.465058" lon="1.912379"></trkpt>
      <trkpt lat="41.466351" lon="1.916952"></trkpt>
      <trkpt lat="41.466908" lon="1.918411"></trkpt>
      <trkpt lat="41.467785" lon="1.920036"></trkpt>
      <trkpt lat="41.469757" lon="1.922774"></trkpt>
      <trkpt lat="41.470767" lon="1.924802"></trkpt>
      <trkpt lat="41.471212" lon="1.926192"></trkpt>
      <trkpt lat="41.471885" lon="1.929955"></trkpt>
      <trkpt lat="41.472871" lon="1.933707"></trkpt>
      <trkpt lat="41.473089" lon="1.936028"></trkpt>
      <trkpt lat="41.472921" lon="1.938112"></trkpt>
      <trkpt lat="41.472438" lon="1.939998"></trkpt>
      <trkpt lat="41.470709" lon="1.944547"></trkpt>
      <trkpt lat="41.470495" lon="1.945594"></trkpt>
      <trkpt lat="41.470326" lon="1.947464"></trkpt>
      <trkpt lat="41.470352" lon="1.949119"></trkpt>
      <trkpt lat="41.470518" lon="1.950548"></trkpt>
      <trkpt lat="41.471646" lon="1.954548"></trkpt>
      <trkpt lat="41.471901" lon="1.956009"></trkpt>
      <trkpt lat="41.471978" lon="1.957405"></trkpt>
      <trkpt lat="41.4719" lon="1.958818"></trkpt>
      <trkpt lat="41.471422" lon="1.961064"></trkpt>
      <trkpt lat="41.470344" lon="1.963708"></trkpt>
      <trkpt lat="41.469806" lon="1.965638"></trkpt>
      <trkpt lat="41.469506" lon="1.967792"></trkpt>
      <trkpt lat="41.469436" lon="1.971931"></trkpt>
      <trkpt lat="41.469149" lon="1.97352"></trkpt>
      <trkpt lat="41.468611" lon="1.975153"></trkpt>
      <trkpt lat="41.467986" lon="1.976402"></trkpt>
      <trkpt lat="41.467219" lon="1.977505"></trkpt>
      <trkpt lat="41.466333" lon="1.978429"></trkpt>
      <trkpt lat="41.465344" lon="1.979157"></trkpt>
      <trkpt lat="41.463971" lon="1.979816"></trkpt>
      <trkpt lat="41.458697" lon="1.981139"></trkpt>
      <trkpt lat="41.456237" lon="1.982088"></trkpt>
      <trkpt lat="41.453505" lon="1.983668"></trkpt>
      <trkpt lat="41.452145" lon="1.984706"></trkpt>
      <trkpt lat="41.451094" lon="1.985684"></trkpt>
      <trkpt lat="41.449892" lon="1.987114"></trkpt>
      <trkpt lat="41.449002" lon="1.988488"></trkpt>
      <trkpt lat="41.44664" lon="1.993302"></trkpt>
      <trkpt lat="41.446352" lon="1.994382"></trkpt>
      <trkpt lat="41.446292" lon="1.995156"></trkpt>
      <trkpt lat="41.446372" lon="1.996133"></trkpt>
      <trkpt lat="41.446636" lon="1.997098"></trkpt>
      <trkpt lat="41.447129" lon="1.998034"></trkpt>
      <trkpt lat="41.447855" lon="1.99876"></trkpt>
      <trkpt lat="41.448752" lon="1.999205"></trkpt>
      <trkpt lat="41.45019" lon="1.999372"></trkpt>
      <trkpt lat="41.451107" lon="1.999678"></trkpt>
      <trkpt lat="41.452792" lon="2.001049"></trkpt>
      <trkpt lat="41.453937" lon="2.002142"></trkpt>
      <trkpt lat="41.456264" lon="2.004679"></trkpt>
      <trkpt lat="41.457438" lon="2.006173"></trkpt>
      <trkpt lat="41.45908" lon="2.008554"></trkpt>
      <trkpt lat="41.460296" lon="2.010683"></trkpt>
      <trkpt lat="41.461302" lon="2.01336"></trkpt>
      <trkpt lat="41.461661" lon="2.01499"></trkpt>
      <trkpt lat="41.46186" lon="2.016829"></trkpt>
      <trkpt lat="41.461807" lon="2.019407"></trkpt>
      <trkpt lat="41.461279" lon="2.023192"></trkpt>
      <trkpt lat="41.46133" lon="2.025589"></trkpt>
      <trkpt lat="41.461965" lon="2.0282"></trkpt>
      <trkpt lat="41.462359" lon="2.029153"></trkpt>
      <trkpt lat="41.46326" lon="2.030706"></trkpt>
      <trkpt lat="41.464389" lon="2.032008"></trkpt>
      <trkpt lat="41.465398" lon="2.032785"></trkpt>
      <trkpt lat="41.466652" lon="2.033413"></trkpt>
      <trkpt lat="41.469377" lon="2.034386"></trkpt>
      <trkpt lat="41.470503" lon="2.035051"></trkpt>
      <trkpt lat="41.471995" lon="2.036231"></trkpt>
      <trkpt lat="41.473019" lon="2.037289"></trkpt>
      <trkpt lat="41.473991" lon="2.038503"></trkpt>
      <trkpt lat="41.476363" lon="2.042352"></trkpt>
      <trkpt lat="41.477963" lon="2.0444"></trkpt>
      <trkpt lat="41.479641" lon="2.045967"></trkpt>
      <trkpt lat="41.482537" lon="2.047946"></trkpt>
      <trkpt lat="41.483999" lon="2.049177"></trkpt>
      <trkpt lat="41.485204" lon="2.050485"></trkpt>
      <trkpt lat="41.485966" lon="2.051498"></trkpt>
      <trkpt lat="41.487144" lon="2.053459"></trkpt>
      <trkpt lat="41.488197" lon="2.05585"></trkpt>
      <trkpt lat="41.488834" lon="2.057921"></trkpt>
      <trkpt lat="41.489372" lon="2.060841"></trkpt>
      <trkpt lat="41.489526" lon="2.06305"></trkpt>
      <trkpt lat="41.48948" lon="2.064974"></trkpt>
      <trkpt lat="41.489248" lon="2.067318"></trkpt>
      <trkpt lat="41.488088" lon="2.07348"></trkpt>
      <trkpt lat="41.487749" lon="2.076333"></trkpt>
      <trkpt lat="41.487683" lon="2.079433"></trkpt>
      <trkpt lat="41.487924" lon="2.082301"></trkpt>
      <trkpt lat="41.488709" lon="2.086084"></trkpt>
      <trkpt lat="41.491537" lon="2.094237"></trkpt>
      <trkpt lat="41.492215" lon="2.097588"></trkpt>
      <trkpt lat="41.493185" lon="2.104199"></trkpt>
      <trkpt lat="41.493928" lon="2.107038"></trkpt>
      <trkpt lat="41.494806" lon="2.109414"></trkpt>
      <trkpt lat="41.495727" lon="2.111368"></trkpt>
      <trkpt lat="41.496765" lon="2.113149"></trkpt>
      <trkpt lat="41.498257" lon="2.115212"></trkpt>
      <trkpt lat="41.502285" lon="2.120309"></trkpt>
      <trkpt lat="41.503381" lon="2.121963"></trkpt>
      <trkpt lat="41.505209" lon="2.125129"></trkpt>
      <trkpt lat="41.507195" lon="2.129352"></trkpt>
      <trkpt lat="41.509838" lon="2.136884"></trkpt>
      <trkpt lat="41.510508" lon="2.13839"></trkpt>
      <trkpt lat="41.512218" lon="2.141329"></trkpt>
      <trkpt lat="41.515553" lon="2.145804"></trkpt>
      <trkpt lat="41.516632" lon="2.147417"></trkpt>
      <trkpt lat="41.518613" lon="2.151098"></trkpt>
      <trkpt lat="41.519876" lon="2.15422"></trkpt>
      <trkpt lat="41.521517" lon="2.160187"></trkpt>
      <trkpt lat="41.522343" lon="2.162181"></trkpt>
      <trkpt lat="41.523473" lon="2.164225"></trkpt>
      <trkpt lat="41.524486" lon="2.165632"></trkpt>
      <trkpt lat="41.525496" lon="2.166785"></trkpt>
      <trkpt lat="41.52696" lon="2.168099"></trkpt>
      <trkpt lat="41.528206" lon="2.168962"></trkpt>
      <trkpt lat="41.530373" lon="2.169987"></trkpt>
      <trkpt lat="41.534108" lon="2.17091"></trkpt>
      <trkpt lat="41.535121" lon="2.171354"></trkpt>
      <trkpt lat="41.536229" lon="2.172061"></trkpt>
      <trkpt lat="41.537183" lon="2.172886"></trkpt>
      <trkpt lat="41.538082" lon="2.173917"></trkpt>
      <trkpt lat="41.538968" lon="2.17524"></trkpt>
      <trkpt lat="41.539605" lon="2.176542"></trkpt>
      <trkpt lat="41.540453" lon="2.179051"></trkpt>
      <trkpt lat="41.543452" lon="2.189902"></trkpt>
      <trkpt lat="41.544646" lon="2.193106"></trkpt>
      <trkpt lat="41.548102" lon="2.200723"></trkpt>
      <trkpt lat="41.549129" lon="2.203864"></trkpt>
      <trkpt lat="41.549726" lon="2.206633"></trkpt>
      <trkpt lat="41.55003" lon="2.208932"></trkpt>
      <trkpt lat="41.550151" lon="2.212239"></trkpt>
      <trkpt lat="41.549961" lon="2.215214"></trkpt>
      <trkpt lat="41.549029" lon="2.220663"></trkpt>
      <trkpt lat="41.5489" lon="2.222286"></trkpt>
      <trkpt lat="41.548948" lon="2.227483"></trkpt>
      <trkpt lat="41.548656" lon="2.232646"></trkpt>
      <trkpt lat="41.5489" lon="2.234659"></trkpt>
      <trkpt lat="41.549637" lon="2.236608"></trkpt>
      <trkpt lat="41.550321" lon="2.237626"></trkpt>
      <trkpt lat="41.551154" lon="2.238579"></trkpt>
      <trkpt lat="41.552565" lon="2.239791"></trkpt>
      <trkpt lat="41.555472" lon="2.241592"></trkpt>
      <trkpt lat="41.556474" lon="2.242566"></trkpt>
      <trkpt lat="41.557093" lon="2.243554"></trkpt>
      <trkpt lat="41.557944" lon="2.245752"></trkpt>
      <trkpt lat="41.558297" lon="2.247156"></trkpt>
      <trkpt lat="41.55858" lon="2.249206"></trkpt>
      <trkpt lat="41.558722" lon="2.257241"></trkpt>
      <trkpt lat="41.559117" lon="2.261391"></trkpt>
      <trkpt lat="41.559486" lon="2.263686"></trkpt>
      <trkpt lat="41.559945" lon="2.265647"></trkpt>
      <trkpt lat="41.560419" lon="2.267168"></trkpt>
      <trkpt lat="41.561104" lon="2.268821"></trkpt>
      <trkpt lat="41.562233" lon="2.270809"></trkpt>
      <trkpt lat="41.565252" lon="2.27502"></trkpt>
      <trkpt lat="41.567365" lon="2.279982"></trkpt>
      <trkpt lat="41.568365" lon="2.281596"></trkpt>
      <trkpt lat="41.569283" lon="2.282614"></trkpt>
      <trkpt lat="41.570344" lon="2.2835"></trkpt>
      <trkpt lat="41.57183" lon="2.28429"></trkpt>
      <trkpt lat="41.573285" lon="2.284681"></trkpt>
      <trkpt lat="41.576246" lon="2.285102"></trkpt>
      <trkpt lat="41.57776" lon="2.285637"></trkpt>
      <trkpt lat="41.579347" lon="2.28679"></trkpt>
      <trkpt lat="41.580524" lon="2.288194"></trkpt>
      <trkpt lat="41.581353" lon="2.289728"></trkpt>
      <trkpt lat="41.581724" lon="2.290731"></trkpt>
      <trkpt lat="41.58295" lon="2.295731"></trkpt>
      <trkpt lat="41.584155" lon="2.298578"></trkpt>
      <trkpt lat="41.585916" lon="2.301351"></trkpt>
      <trkpt lat="41.591574" lon="2.308876"></trkpt>
      <trkpt lat="41.594733" lon="2.314686"></trkpt>
      <trkpt lat="41.596455" lon="2.319006"></trkpt>
      <trkpt lat="41.599535" lon="2.329031"></trkpt>
      <trkpt lat="41.600689" lon="2.332334"></trkpt>
      <trkpt lat="41.602081" lon="2.335569"></trkpt>
      <trkpt lat="41.603358" lon="2.338054"></trkpt>
      <trkpt lat="41.605447" lon="2.34132"></trkpt>
      <trkpt lat="41.607895" lon="2.344215"></trkpt>
      <trkpt lat="41.610107" lon="2.3462"></trkpt>
      <trkpt lat="41.613539" lon="2.348849"></trkpt>
      <trkpt lat="41.614962" lon="2.350217"></trkpt>
      <trkpt lat="41.615964" lon="2.351462"></trkpt>
      <trkpt lat="41.616936" lon="2.35293"></trkpt>
      <trkpt lat="41.619135" lon="2.357009"></trkpt>
      <trkpt lat="41.619774" lon="2.357886"></trkpt>
      <trkpt lat="41.622008" lon="2.360434"></trkpt>
      <trkpt lat="41.622921" lon="2.361855"></trkpt>
      <trkpt lat="41.623799" lon="2.363831"></trkpt>
      <trkpt lat="41.62429" lon="2.365615"></trkpt>
      <trkpt lat="41.625292" lon="2.373522"></trkpt>
      <trkpt lat="41.626098" lon="2.376647"></trkpt>
      <trkpt lat="41.627347" lon="2.37961"></trkpt>
      <trkpt lat="41.630467" lon="2.384908"></trkpt>
      <trkpt lat="41.631159" lon="2.386608"></trkpt>
      <trkpt lat="41.631537" lon="2.387938"></trkpt>
      <trkpt lat="41.631839" lon="2.389768"></trkpt>
      <trkpt lat="41.632298" lon="2.396244"></trkpt>
      <trkpt lat="41.633031" lon="2.399169"></trkpt>
      <trkpt lat="41.634132" lon="2.401596"></trkpt>
      <trkpt lat="41.636758" lon="2.405916"></trkpt>
      <trkpt lat="41.638742" lon="2.41075"></trkpt>
      <trkpt lat="41.639658" lon="2.412564"></trkpt>
      <trkpt lat="41.640814" lon="2.414332"></trkpt>
      <trkpt lat="41.643989" lon="2.41823"></trkpt>
      <trkpt lat="41.645015" lon="2.419824"></trkpt>
      <trkpt lat="41.646112" lon="2.422075"></trkpt>
      <trkpt lat="41.646944" lon="2.424333"></trkpt>
      <trkpt lat="41.647508" lon="2.426629"></trkpt>
      <trkpt lat="41.648975" lon="2.435298"></trkpt>
      <trkpt lat="41.650185" lon="2.439554"></trkpt>
      <trkpt lat="41.650763" lon="2.441247"></trkpt>
      <trkpt lat="41.65186" lon="2.443778"></trkpt>
      <trkpt lat="41.652537" lon="2.445046"></trkpt>
      <trkpt lat="41.653317" lon="2.446209"></trkpt>
      <trkpt lat="41.656204" lon="2.449666"></trkpt>
      <trkpt lat="41.657432" lon="2.451329"></trkpt>
      <trkpt lat="41.659023" lon="2.454328"></trkpt>
      <trkpt lat="41.659782" lon="2.456405"></trkpt>
      <trkpt lat="41.661059" lon="2.461498"></trkpt>
      <trkpt lat="41.662196" lon="2.464118"></trkpt>
      <trkpt lat="41.662865" lon="2.465228"></trkpt>
      <trkpt lat="41.666995" lon="2.470368"></trkpt>
      <trkpt lat="41.668688" lon="2.47283"></trkpt>
      <trkpt lat="41.670488" lon="2.476168"></trkpt>
      <trkpt lat="41.67313" lon="2.481918"></trkpt>
      <trkpt lat="41.674483" lon="2.484369"></trkpt>
      <trkpt lat="41.675206" lon="2.485455"></trkpt>
      <trkpt lat="41.676561" lon="2.487101"></trkpt>
      <trkpt lat="41.680137" lon="2.490229"></trkpt>
      <trkpt lat="41.681642" lon="2.492022"></trkpt>
      <trkpt lat="41.682155" lon="2.492857"></trkpt>
      <trkpt lat="41.68495" lon="2.498574"></trkpt>
      <trkpt lat="41.686132" lon="2.500195"></trkpt>
      <trkpt lat="41.688924" lon="2.503344"></trkpt>
      <trkpt lat="41.689721" lon="2.504463"></trkpt>
      <trkpt lat="41.690703" lon="2.506182"></trkpt>
      <trkpt lat="41.691965" lon="2.508931"></trkpt>
      <trkpt lat="41.692732" lon="2.510219"></trkpt>
      <trkpt lat="41.694013" lon="2.511765"></trkpt>
      <trkpt lat="41.697941" lon="2.514845"></trkpt>
      <trkpt lat="41.700017" lon="2.516775"></trkpt>
      <trkpt lat="41.70205" lon="2.519243"></trkpt>
      <trkpt lat="41.703557" lon="2.521712"></trkpt>
      <trkpt lat="41.70463" lon="2.524084"></trkpt>
      <trkpt lat="41.706962" lon="2.529815"></trkpt>
      <trkpt lat="41.70844" lon="2.532402"></trkpt>
      <trkpt lat="41.709339" lon="2.533628"></trkpt>
      <trkpt lat="41.710647" lon="2.535909"></trkpt>
      <trkpt lat="41.711626" lon="2.538181"></trkpt>
      <trkpt lat="41.712255" lon="2.540147"></trkpt>
      <trkpt lat="41.712586" lon="2.541626"></trkpt>
      <trkpt lat="41.712907" lon="2.543709"></trkpt>
      <trkpt lat="41.713972" lon="2.553364"></trkpt>
      <trkpt lat="41.714385" lon="2.555645"></trkpt>
      <trkpt lat="41.715115" lon="2.558667"></trkpt>
      <trkpt lat="41.716344" lon="2.562488"></trkpt>
      <trkpt lat="41.717094" lon="2.564313"></trkpt>
      <trkpt lat="41.720942" lon="2.572505"></trkpt>
      <trkpt lat="41.722535" lon="2.576175"></trkpt>
      <trkpt lat="41.723969" lon="2.580261"></trkpt>
      <trkpt lat="41.724753" lon="2.583444"></trkpt>
      <trkpt lat="41.72553" lon="2.588479"></trkpt>
      <trkpt lat="41.725741" lon="2.592191"></trkpt>
      <trkpt lat="41.725791" lon="2.597928"></trkpt>
      <trkpt lat="41.725963" lon="2.600189"></trkpt>
      <trkpt lat="41.726332" lon="2.60246"></trkpt>
      <trkpt lat="41.728366" lon="2.610732"></trkpt>
      <trkpt lat="41.729028" lon="2.615158"></trkpt>
      <trkpt lat="41.729234" lon="2.618706"></trkpt>
      <trkpt lat="41.729201" lon="2.62712"></trkpt>
      <trkpt lat="41.729367" lon="2.629033"></trkpt>
      <trkpt lat="41.729934" lon="2.631713"></trkpt>
      <trkpt lat="41.730392" lon="2.633125"></trkpt>
      <trkpt lat="41.73105" lon="2.634615"></trkpt>
      <trkpt lat="41.732619" lon="2.637126"></trkpt>
      <trkpt lat="41.733325" lon="2.638005"></trkpt>
      <trkpt lat="41.734499" lon="2.639137"></trkpt>
      <trkpt lat="41.738035" lon="2.641475"></trkpt>
      <trkpt lat="41.739307" lon="2.642491"></trkpt>
      <trkpt lat="41.740193" lon="2.643567"></trkpt>
      <trkpt lat="41.740843" lon="2.644637"></trkpt>
      <trkpt lat="41.741419" lon="2.645953"></trkpt>
      <trkpt lat="41.741816" lon="2.647324"></trkpt>
      <trkpt lat="41.742105" lon="2.649416"></trkpt>
      <trkpt lat="41.742069" lon="2.651265"></trkpt>
      <trkpt lat="41.741842" lon="2.652992"></trkpt>
      <trkpt lat="41.740857" lon="2.657616"></trkpt>
      <trkpt lat="41.740268" lon="2.661069"></trkpt>
      <trkpt lat="41.74008" lon="2.663888"></trkpt>
      <trkpt lat="41.740209" lon="2.666431"></trkpt>
      <trkpt lat="41.740525" lon="2.668465"></trkpt>
      <trkpt lat="41.741017" lon="2.67043"></trkpt>
      <trkpt lat="41.744753" lon="2.681446"></trkpt>
      <trkpt lat="41.745468" lon="2.684084"></trkpt>
      <trkpt lat="41.746048" lon="2.687502"></trkpt>
      <trkpt lat="41.74664" lon="2.69356"></trkpt>
      <trkpt lat="41.747276" lon="2.696589"></trkpt>
      <trkpt lat="41.747863" lon="2.698146"></trkpt>
      <trkpt lat="41.749712" lon="2.701769"></trkpt>
      <trkpt lat="41.751114" lon="2.705807"></trkpt>
      <trkpt lat="41.752087" lon="2.707628"></trkpt>
      <trkpt lat="41.753398" lon="2.70929"></trkpt>
      <trkpt lat="41.756817" lon="2.712604"></trkpt>
      <trkpt lat="41.757933" lon="2.71408"></trkpt>
      <trkpt lat="41.758996" lon="2.715875"></trkpt>
      <trkpt lat="41.760228" lon="2.718659"></trkpt>
      <trkpt lat="41.762505" lon="2.725303"></trkpt>
      <trkpt lat="41.763551" lon="2.727933"></trkpt>
      <trkpt lat="41.765031" lon="2.730861"></trkpt>
      <trkpt lat="41.766815" lon="2.733633"></trkpt>
      <trkpt lat="41.768392" lon="2.735591"></trkpt>
      <trkpt lat="41.769735" lon="2.737"></trkpt>
      <trkpt lat="41.771547" lon="2.738578"></trkpt>
      <trkpt lat="41.773081" lon="2.73968"></trkpt>
      <trkpt lat="41.776113" lon="2.741503"></trkpt>
      <trkpt lat="41.782086" lon="2.744249"></trkpt>
      <trkpt lat="41.782944" lon="2.745274"></trkpt>
      <trkpt lat="41.783715" lon="2.747406"></trkpt>
      <trkpt lat="41.784872" lon="2.749338"></trkpt>
      <trkpt lat="41.785381" lon="2.751047"></trkpt>
      <trkpt lat="41.785742" lon="2.753041"></trkpt>
      <trkpt lat="41.785999" lon="2.755497"></trkpt>
      <trkpt lat="41.786015" lon="2.756755"></trkpt>
      <trkpt lat="41.785713" lon="2.759435"></trkpt>
      <trkpt lat="41.784207" lon="2.765537"></trkpt>
      <trkpt lat="41.783763" lon="2.769201"></trkpt>
      <trkpt lat="41.783698" lon="2.771532"></trkpt>
      <trkpt lat="41.78382" lon="2.774526"></trkpt>
      <trkpt lat="41.784154" lon="2.777978"></trkpt>
      <trkpt lat="41.784464" lon="2.779937"></trkpt>
      <trkpt lat="41.784971" lon="2.782448"></trkpt>
      <trkpt lat="41.785721" lon="2.785217"></trkpt>
      <trkpt lat="41.794008" lon="2.809768"></trkpt>
      <trkpt lat="41.798975" lon="2.821812"></trkpt>
      <trkpt lat="41.79923" lon="2.823344"></trkpt>
      <trkpt lat="41.799226" lon="2.825813"></trkpt>
      <trkpt lat="41.799402" lon="2.827161"></trkpt>
      <trkpt lat="41.801128" lon="2.835265"></trkpt>
      <trkpt lat="41.802294" lon="2.839672"></trkpt>
      <trkpt lat="41.80231" lon="2.840646"></trkpt>
      <trkpt lat="41.802076" lon="2.843354"></trkpt>
      <trkpt lat="41.802198" lon="2.84448"></trkpt>
      <trkpt lat="41.80257" lon="2.845538"></trkpt>
      <trkpt lat="41.803611" lon="2.847367"></trkpt>
      <trkpt lat="41.804" lon="2.848291"></trkpt>
      <trkpt lat="41.804177" lon="2.849216"></trkpt>
      <trkpt lat="41.8043" lon="2.851936"></trkpt>
      <trkpt lat="41.805668" lon="2.856236"></trkpt>
      <trkpt lat="41.806269" lon="2.857248"></trkpt>
      <trkpt lat="41.807911" lon="2.858813"></trkpt>
      <trkpt lat="41.808384" lon="2.859675"></trkpt>
      <trkpt lat="41.80864" lon="2.860519"></trkpt>
      <trkpt lat="41.808869" lon="2.866657"></trkpt>
      <trkpt lat="41.809191" lon="2.869596"></trkpt>
      <trkpt lat="41.809216" lon="2.870745"></trkpt>
      <trkpt lat="41.808997" lon="2.87278"></trkpt>
      <trkpt lat="41.808364" lon="2.87587"></trkpt>
      <trkpt lat="41.808206" lon="2.878202"></trkpt>
      <trkpt lat="41.808411" lon="2.880785"></trkpt>
      <trkpt lat="41.809006" lon="2.884845"></trkpt>
      <trkpt lat="41.809503" lon="2.890213"></trkpt>
      <trkpt lat="41.809871" lon="2.892088"></trkpt>
      <trkpt lat="41.810452" lon="2.894122"></trkpt>
      <trkpt lat="41.810944" lon="2.895333"></trkpt>
      <trkpt lat="41.811941" lon="2.896985"></trkpt>
      <trkpt lat="41.812703" lon="2.897873"></trkpt>
      <trkpt lat="41.814039" lon="2.898936"></trkpt>
      <trkpt lat="41.81497" lon="2.899468"></trkpt>
      <trkpt lat="41.817064" lon="2.9004"></trkpt>
      <trkpt lat="41.81826" lon="2.90113"></trkpt>
      <trkpt lat="41.81938" lon="2.90216"></trkpt>
      <trkpt lat="41.820058" lon="2.903035"></trkpt>
      <trkpt lat="41.820819" lon="2.9044"></trkpt>
      <trkpt lat="41.821113" lon="2.905353"></trkpt>
      <trkpt lat="41.821561" lon="2.907844"></trkpt>
      <trkpt lat="41.821892" lon="2.908935"></trkpt>
      <trkpt lat="41.82524" lon="2.917273"></trkpt>
      <trkpt lat="41.825974" lon="2.918459"></trkpt>
      <trkpt lat="41.82742" lon="2.919764"></trkpt>
      <trkpt lat="41.827897" lon="2.920336"></trkpt>
      <trkpt lat="41.828272" lon="2.921066"></trkpt>
      <trkpt lat="41.828518" lon="2.922026"></trkpt>
      <trkpt lat="41.828549" lon="2.923043"></trkpt>
      <trkpt lat="41.828123" lon="2.925128"></trkpt>
      <trkpt lat="41.828108" lon="2.926511"></trkpt>
      <trkpt lat="41.829468" lon="2.930689"></trkpt>
      <trkpt lat="41.829685" lon="2.932327"></trkpt>
      <trkpt lat="41.82953" lon="2.933725"></trkpt>
      <trkpt lat="41.828799" lon="2.93758"></trkpt>
      <trkpt lat="41.827728" lon="2.942567"></trkpt>
      <trkpt lat="41.826936" lon="2.948229"></trkpt>
      <trkpt lat="41.826884" lon="2.950431"></trkpt>
      <trkpt lat="41.827619" lon="2.96378"></trkpt>
      <trkpt lat="41.827162" lon="2.969168"></trkpt>
      <trkpt lat="41.826982" lon="2.970255"></trkpt>
      <trkpt lat="41.826667" lon="2.971182"></trkpt>
      <trkpt lat="41.826256" lon="2.971985"></trkpt>
      <trkpt lat="41.824215" lon="2.974787"></trkpt>
      <trkpt lat="41.822982" lon="2.976054"></trkpt>
      <trkpt lat="41.819497" lon="2.979095"></trkpt>
      <trkpt lat="41.818347" lon="2.980428"></trkpt>
      <trkpt lat="41.817412" lon="2.981863"></trkpt>
      <trkpt lat="41.814027" lon="2.988936"></trkpt>
      <trkpt lat="41.809506" lon="2.996136"></trkpt>
      <trkpt lat="41.80903" lon="2.997308"></trkpt>
      <trkpt lat="41.808783" lon="2.998323"></trkpt>
      <trkpt lat="41.808584" lon="2.999679"></trkpt>
      <trkpt lat="41.808374" lon="3.002897"></trkpt>
      <trkpt lat="41.807847" lon="3.004776"></trkpt>
      <trkpt lat="41.804061" lon="3.010761"></trkpt>
      <trkpt lat="41.803054" lon="3.01174"></trkpt>
      <trkpt lat="41.802255" lon="3.012228"></trkpt>
      <trkpt lat="41.801189" lon="3.013116"></trkpt>
      <trkpt lat="41.800479" lon="3.014093"></trkpt>
      <trkpt lat="41.798929" lon="3.016727"></trkpt>
      <trkpt lat="41.798237" lon="3.017623"></trkpt>
      <trkpt lat="41.797397" lon="3.018409"></trkpt>
      <trkpt lat="41.79635" lon="3.019155"></trkpt>
      <trkpt lat="41.795683" lon="3.019468"></trkpt>
      <trkpt lat="41.79537" lon="3.019419"></trkpt>
      <trkpt lat="41.795161" lon="3.019697"></trkpt>
      <trkpt lat="41.793771" lon="3.020311"></trkpt>
      <trkpt lat="41.793531" lon="3.020272"></trkpt>
      <trkpt lat="41.793335" lon="3.020501"></trkpt>
      <trkpt lat="41.792101" lon="3.021015"></trkpt>
      <trkpt lat="41.790827" lon="3.021833"></trkpt>
      <trkpt lat="41.788337" lon="3.021224"></trkpt>
      <trkpt lat="41.78818" lon="3.020964"></trkpt>
      <trkpt lat="41.787836" lon="3.020948"></trkpt>
      <trkpt lat="41.786161" lon="3.019701"></trkpt>
      <trkpt lat="41.785233" lon="3.019488"></trkpt>
      <trkpt lat="41.784048" lon="3.019535"></trkpt>
      <trkpt lat="41.783938" lon="3.019673"></trkpt>
      <trkpt lat="41.781145" lon="3.020259"></trkpt>
      <trkpt lat="41.780966" lon="3.020208"></trkpt>
      <trkpt lat="41.780919" lon="3.020355"></trkpt>
      <trkpt lat="41.781043" lon="3.020662"></trkpt>
      <trkpt lat="41.780976" lon="3.02184"></trkpt>
      <trkpt lat="41.781323" lon="3.024741"></trkpt>
      <trkpt lat="41.78061" lon="3.026897"></trkpt>
      <trkpt lat="41.780493" lon="3.027005"></trkpt>
      <trkpt lat="41.78059" lon="3.027112"></trkpt>
      <trkpt lat="41.78066" lon="3.026994"></trkpt>
      <trkpt lat="41.780852" lon="3.027055"></trkpt>
      <trkpt lat="41.781399" lon="3.027495"></trkpt>
  </trkseg></trk>
</gpx>
