<?xml version="1.0" encoding="UTF-8"?>
<gpx version="1.1" creator="yatutbuv" xmlns="http://www.topografix.com/GPX/1/1">
  <trk><name>GraphHopper Track</name><trkseg>
      <trkpt lat="49.830668" lon="23.98253"></trkpt>
      <trkpt lat="49.830595" lon="23.982297"></trkpt>
      <trkpt lat="49.828181" lon="23.985321"></trkpt>
      <trkpt lat="49.827437" lon="23.983594"></trkpt>
      <trkpt lat="49.82711" lon="23.98305"></trkpt>
      <trkpt lat="49.826939" lon="23.983005"></trkpt>
      <trkpt lat="49.826456" lon="23.984175"></trkpt>
      <trkpt lat="49.824946" lon="23.989662"></trkpt>
      <trkpt lat="49.820793" lon="23.988469"></trkpt>
      <trkpt lat="49.819006" lon="23.987836"></trkpt>
      <trkpt lat="49.81277" lon="23.984403"></trkpt>
      <trkpt lat="49.812161" lon="23.983424"></trkpt>
      <trkpt lat="49.81191" lon="23.98342"></trkpt>
      <trkpt lat="49.811667" lon="23.983612"></trkpt>
      <trkpt lat="49.811258" lon="23.983575"></trkpt>
      <trkpt lat="49.809091" lon="23.98243"></trkpt>
      <trkpt lat="49.807514" lon="23.981808"></trkpt>
      <trkpt lat="49.806258" lon="23.981529"></trkpt>
      <trkpt lat="49.805725" lon="23.980922"></trkpt>
      <trkpt lat="49.80557" lon="23.980921"></trkpt>
      <trkpt lat="49.805106" lon="23.98125"></trkpt>
      <trkpt lat="49.801153" lon="23.980247"></trkpt>
      <trkpt lat="49.793921" lon="23.979031"></trkpt>
      <trkpt lat="49.791251" lon="23.978651"></trkpt>
      <trkpt lat="49.788617" lon="23.978437"></trkpt>
      <trkpt lat="49.787998" lon="23.977993"></trkpt>
      <trkpt lat="49.787532" lon="23.978397"></trkpt>
      <trkpt lat="49.785206" lon="23.978185"></trkpt>
      <trkpt lat="49.781387" lon="23.976282"></trkpt>
      <trkpt lat="49.778441" lon="23.976237"></trkpt>
      <trkpt lat="49.778048" lon="23.975821"></trkpt>
      <trkpt lat="49.772082" lon="23.993775"></trkpt>
      <trkpt lat="49.771004" lon="23.997685"></trkpt>
      <trkpt lat="49.770046" lon="24.002792"></trkpt>
      <trkpt lat="49.769656" lon="24.005967"></trkpt>
      <trkpt lat="49.769431" lon="24.009161"></trkpt>
      <trkpt lat="49.76926" lon="24.009837"></trkpt>
      <trkpt lat="49.768777" lon="24.01072"></trkpt>
      <trkpt lat="49.767024" lon="24.013293"></trkpt>
      <trkpt lat="49.766431" lon="24.013911"></trkpt>
      <trkpt lat="49.765662" lon="24.014284"></trkpt>
      <trkpt lat="49.763516" lon="24.014344"></trkpt>
      <trkpt lat="49.759565" lon="24.014779"></trkpt>
      <trkpt lat="49.754172" lon="24.014942"></trkpt>
      <trkpt lat="49.750514" lon="24.014739"></trkpt>
      <trkpt lat="49.742698" lon="24.014934"></trkpt>
      <trkpt lat="49.741826" lon="24.014795"></trkpt>
      <trkpt lat="49.708942" lon="23.99879"></trkpt>
      <trkpt lat="49.707647" lon="23.998256"></trkpt>
      <trkpt lat="49.707207" lon="23.998279"></trkpt>
      <trkpt lat="49.706746" lon="23.998491"></trkpt>
      <trkpt lat="49.700127" lon="24.002662"></trkpt>
      <trkpt lat="49.692104" lon="24.004025"></trkpt>
      <trkpt lat="49.679862" lon="24.00511"></trkpt>
      <trkpt lat="49.679286" lon="24.004865"></trkpt>
      <trkpt lat="49.67724" lon="24.00305"></trkpt>
      <trkpt lat="49.676073" lon="24.002577"></trkpt>
      <trkpt lat="49.674741" lon="24.002641"></trkpt>
      <trkpt lat="49.67157" lon="24.003558"></trkpt>
      <trkpt lat="49.670292" lon="24.00367"></trkpt>
      <trkpt lat="49.661162" lon="24.002476"></trkpt>
      <trkpt lat="49.630718" lon="23.995388"></trkpt>
      <trkpt lat="49.626927" lon="23.995207"></trkpt>
      <trkpt lat="49.615327" lon="23.99506"></trkpt>
      <trkpt lat="49.614488" lon="23.99514"></trkpt>
      <trkpt lat="49.612983" lon="23.995574"></trkpt>
      <trkpt lat="49.601692" lon="24.000154"></trkpt>
      <trkpt lat="49.600198" lon="24.000864"></trkpt>
      <trkpt lat="49.597509" lon="24.002469"></trkpt>
      <trkpt lat="49.596826" lon="24.002761"></trkpt>
      <trkpt lat="49.595981" lon="24.002946"></trkpt>
      <trkpt lat="49.594858" lon="24.002883"></trkpt>
      <trkpt lat="49.593395" lon="24.002315"></trkpt>
      <trkpt lat="49.578749" lon="23.994311"></trkpt>
      <trkpt lat="49.576589" lon="23.993195"></trkpt>
      <trkpt lat="49.57269" lon="23.99141"></trkpt>
      <trkpt lat="49.571124" lon="23.990913"></trkpt>
      <trkpt lat="49.567367" lon="23.990684"></trkpt>
      <trkpt lat="49.563818" lon="23.989556"></trkpt>
      <trkpt lat="49.55765" lon="23.98838"></trkpt>
      <trkpt lat="49.556852" lon="23.98811"></trkpt>
      <trkpt lat="49.555623" lon="23.987291"></trkpt>
      <trkpt lat="49.554202" lon="23.985778"></trkpt>
      <trkpt lat="49.553576" lon="23.984729"></trkpt>
      <trkpt lat="49.550632" lon="23.97794"></trkpt>
      <trkpt lat="49.547422" lon="23.971708"></trkpt>
      <trkpt lat="49.544646" lon="23.965021"></trkpt>
      <trkpt lat="49.5432" lon="23.958367"></trkpt>
      <trkpt lat="49.542495" lon="23.956499"></trkpt>
      <trkpt lat="49.541999" lon="23.95562"></trkpt>
      <trkpt lat="49.541072" lon="23.954525"></trkpt>
      <trkpt lat="49.540261" lon="23.953937"></trkpt>
      <trkpt lat="49.536944" lon="23.952383"></trkpt>
      <trkpt lat="49.533812" lon="23.950446"></trkpt>
      <trkpt lat="49.532535" lon="23.949896"></trkpt>
      <trkpt lat="49.528911" lon="23.949256"></trkpt>
      <trkpt lat="49.52815" lon="23.949249"></trkpt>
      <trkpt lat="49.527179" lon="23.949511"></trkpt>
      <trkpt lat="49.525102" lon="23.950622"></trkpt>
      <trkpt lat="49.523846" lon="23.95151"></trkpt>
      <trkpt lat="49.52145" lon="23.954169"></trkpt>
      <trkpt lat="49.520917" lon="23.954691"></trkpt>
      <trkpt lat="49.52009" lon="23.955258"></trkpt>
      <trkpt lat="49.518727" lon="23.95569"></trkpt>
      <trkpt lat="49.515611" lon="23.955636"></trkpt>
      <trkpt lat="49.514778" lon="23.95581"></trkpt>
      <trkpt lat="49.514139" lon="23.9561"></trkpt>
      <trkpt lat="49.513394" lon="23.956598"></trkpt>
      <trkpt lat="49.512391" lon="23.957713"></trkpt>
      <trkpt lat="49.509174" lon="23.962575"></trkpt>
      <trkpt lat="49.507306" lon="23.964734"></trkpt>
      <trkpt lat="49.502599" lon="23.968096"></trkpt>
      <trkpt lat="49.501875" lon="23.968868"></trkpt>
      <trkpt lat="49.500231" lon="23.971127"></trkpt>
      <trkpt lat="49.499398" lon="23.971975"></trkpt>
      <trkpt lat="49.498323" lon="23.972607"></trkpt>
      <trkpt lat="49.496648" lon="23.972817"></trkpt>
      <trkpt lat="49.495537" lon="23.972607"></trkpt>
      <trkpt lat="49.494569" lon="23.972099"></trkpt>
      <trkpt lat="49.492191" lon="23.969755"></trkpt>
      <trkpt lat="49.491166" lon="23.968508"></trkpt>
      <trkpt lat="49.490417" lon="23.967092"></trkpt>
      <trkpt lat="49.489942" lon="23.965724"></trkpt>
      <trkpt lat="49.489092" lon="23.960832"></trkpt>
      <trkpt lat="49.488623" lon="23.959264"></trkpt>
      <trkpt lat="49.488139" lon="23.95838"></trkpt>
      <trkpt lat="49.487571" lon="23.957712"></trkpt>
      <trkpt lat="49.486947" lon="23.957249"></trkpt>
      <trkpt lat="49.486278" lon="23.956975"></trkpt>
      <trkpt lat="49.485424" lon="23.956835"></trkpt>
      <trkpt lat="49.479507" lon="23.956563"></trkpt>
      <trkpt lat="49.476441" lon="23.956297"></trkpt>
      <trkpt lat="49.473185" lon="23.956273"></trkpt>
      <trkpt lat="49.453608" lon="23.955288"></trkpt>
      <trkpt lat="49.451805" lon="23.954785"></trkpt>
      <trkpt lat="49.425529" lon="23.94618"></trkpt>
      <trkpt lat="49.411953" lon="23.94185"></trkpt>
      <trkpt lat="49.410881" lon="23.941602"></trkpt>
      <trkpt lat="49.410143" lon="23.941624"></trkpt>
      <trkpt lat="49.408469" lon="23.941921"></trkpt>
      <trkpt lat="49.400363" lon="23.943505"></trkpt>
      <trkpt lat="49.396468" lon="23.944719"></trkpt>
      <trkpt lat="49.393197" lon="23.945922"></trkpt>
      <trkpt lat="49.392682" lon="23.945951"></trkpt>
      <trkpt lat="49.39189" lon="23.945734"></trkpt>
      <trkpt lat="49.390926" lon="23.945048"></trkpt>
      <trkpt lat="49.389479" lon="23.943145"></trkpt>
      <trkpt lat="49.388622" lon="23.942405"></trkpt>
      <trkpt lat="49.33662" lon="23.910702"></trkpt>
      <trkpt lat="49.296422" lon="23.886034"></trkpt>
      <trkpt lat="49.273454" lon="23.871544"></trkpt>
      <trkpt lat="49.271461" lon="23.875493"></trkpt>
      <trkpt lat="49.271265" lon="23.875487"></trkpt>
      <trkpt lat="49.270949" lon="23.875153"></trkpt>
      <trkpt lat="49.268961" lon="23.872686"></trkpt>
      <trkpt lat="49.268728" lon="23.872836"></trkpt>
      <trkpt lat="49.26737" lon="23.875748"></trkpt>
      <trkpt lat="49.266905" lon="23.875949"></trkpt>
      <trkpt lat="49.266168" lon="23.875715"></trkpt>
      <trkpt lat="49.265327" lon="23.874995"></trkpt>
      <trkpt lat="49.261331" lon="23.869014"></trkpt>
      <trkpt lat="49.260455" lon="23.867936"></trkpt>
      <trkpt lat="49.250219" lon="23.859917"></trkpt>
      <trkpt lat="49.249264" lon="23.859"></trkpt>
      <trkpt lat="49.247307" lon="23.856499"></trkpt>
      <trkpt lat="49.246865" lon="23.85444"></trkpt>
      <trkpt lat="49.246611" lon="23.854324"></trkpt>
      <trkpt lat="49.246159" lon="23.854644"></trkpt>
      <trkpt lat="49.245906" lon="23.854453"></trkpt>
      <trkpt lat="49.245009" lon="23.853144"></trkpt>
      <trkpt lat="49.24304" lon="23.849633"></trkpt>
      <trkpt lat="49.242364" lon="23.847679"></trkpt>
      <trkpt lat="49.241774" lon="23.845347"></trkpt>
      <trkpt lat="49.241399" lon="23.844633"></trkpt>
      <trkpt lat="49.239956" lon="23.842564"></trkpt>
      <trkpt lat="49.2384" lon="23.838705"></trkpt>
      <trkpt lat="49.236632" lon="23.836028"></trkpt>
      <trkpt lat="49.235197" lon="23.832135"></trkpt>
      <trkpt lat="49.232763" lon="23.828579"></trkpt>
      <trkpt lat="49.231232" lon="23.826026"></trkpt>
      <trkpt lat="49.230836" lon="23.824923"></trkpt>
      <trkpt lat="49.23033" lon="23.821966"></trkpt>
      <trkpt lat="49.229652" lon="23.820243"></trkpt>
      <trkpt lat="49.223652" lon="23.811844"></trkpt>
      <trkpt lat="49.222832" lon="23.810395"></trkpt>
      <trkpt lat="49.222347" lon="23.80927"></trkpt>
      <trkpt lat="49.222013" lon="23.807938"></trkpt>
      <trkpt lat="49.221874" lon="23.803521"></trkpt>
      <trkpt lat="49.221621" lon="23.80188"></trkpt>
      <trkpt lat="49.221134" lon="23.800274"></trkpt>
      <trkpt lat="49.220487" lon="23.798927"></trkpt>
      <trkpt lat="49.214005" lon="23.788471"></trkpt>
      <trkpt lat="49.198763" lon="23.764495"></trkpt>
      <trkpt lat="49.196646" lon="23.760748"></trkpt>
      <trkpt lat="49.19227" lon="23.754275"></trkpt>
      <trkpt lat="49.163783" lon="23.717358"></trkpt>
      <trkpt lat="49.150336" lon="23.703641"></trkpt>
      <trkpt lat="49.140742" lon="23.693548"></trkpt>
      <trkpt lat="49.133424" lon="23.685749"></trkpt>
      <trkpt lat="49.128099" lon="23.679375"></trkpt>
      <trkpt lat="49.121336" lon="23.672977"></trkpt>
      <trkpt lat="49.12085" lon="23.672289"></trkpt>
      <trkpt lat="49.119888" lon="23.670514"></trkpt>
      <trkpt lat="49.119544" lon="23.670103"></trkpt>
      <trkpt lat="49.118896" lon="23.66971"></trkpt>
      <trkpt lat="49.11779" lon="23.669597"></trkpt>
      <trkpt lat="49.11713" lon="23.669228"></trkpt>
      <trkpt lat="49.116233" lon="23.668401"></trkpt>
      <trkpt lat="49.115476" lon="23.667328"></trkpt>
      <trkpt lat="49.113517" lon="23.663"></trkpt>
      <trkpt lat="49.113144" lon="23.661859"></trkpt>
      <trkpt lat="49.105571" lon="23.635342"></trkpt>
      <trkpt lat="49.104373" lon="23.630112"></trkpt>
      <trkpt lat="49.102737" lon="23.615662"></trkpt>
      <trkpt lat="49.102708" lon="23.614916"></trkpt>
      <trkpt lat="49.102852" lon="23.613727"></trkpt>
      <trkpt lat="49.103322" lon="23.611458"></trkpt>
      <trkpt lat="49.103658" lon="23.610564"></trkpt>
      <trkpt lat="49.104256" lon="23.609791"></trkpt>
      <trkpt lat="49.107878" lon="23.607267"></trkpt>
      <trkpt lat="49.109259" lon="23.604208"></trkpt>
      <trkpt lat="49.109974" lon="23.602157"></trkpt>
      <trkpt lat="49.110218" lon="23.600531"></trkpt>
      <trkpt lat="49.110119" lon="23.598746"></trkpt>
      <trkpt lat="49.109396" lon="23.594222"></trkpt>
      <trkpt lat="49.108992" lon="23.592748"></trkpt>
      <trkpt lat="49.108762" lon="23.592271"></trkpt>
      <trkpt lat="49.108437" lon="23.591868"></trkpt>
      <trkpt lat="49.107843" lon="23.591514"></trkpt>
      <trkpt lat="49.106851" lon="23.591271"></trkpt>
      <trkpt lat="49.102192" lon="23.59058"></trkpt>
      <trkpt lat="49.101451" lon="23.590336"></trkpt>
      <trkpt lat="49.088827" lon="23.583702"></trkpt>
      <trkpt lat="49.087438" lon="23.582867"></trkpt>
      <trkpt lat="49.072663" lon="23.564873"></trkpt>
      <trkpt lat="49.06328" lon="23.553642"></trkpt>
      <trkpt lat="49.062581" lon="23.552583"></trkpt>
      <trkpt lat="49.055311" lon="23.538307"></trkpt>
      <trkpt lat="49.053269" lon="23.533862"></trkpt>
      <trkpt lat="49.052814" lon="23.532298"></trkpt>
      <trkpt lat="49.052634" lon="23.532119"></trkpt>
      <trkpt lat="49.052171" lon="23.530396"></trkpt>
      <trkpt lat="49.051457" lon="23.528684"></trkpt>
      <trkpt lat="49.049013" lon="23.525445"></trkpt>
      <trkpt lat="49.048037" lon="23.523276"></trkpt>
      <trkpt lat="49.047764" lon="23.523025"></trkpt>
      <trkpt lat="49.046898" lon="23.52261"></trkpt>
      <trkpt lat="49.046124" lon="23.521993"></trkpt>
      <trkpt lat="49.046551" lon="23.521794"></trkpt>
      <trkpt lat="49.047235" lon="23.520944"></trkpt>
      <trkpt lat="49.04732" lon="23.520926"></trkpt>
      <trkpt lat="49.047496" lon="23.521268"></trkpt>
      <trkpt lat="49.047303" lon="23.521477"></trkpt>
      <trkpt lat="49.045858" lon="23.515767"></trkpt>
      <trkpt lat="49.04529" lon="23.514329"></trkpt>
      <trkpt lat="49.043957" lon="23.512543"></trkpt>
      <trkpt lat="49.043691" lon="23.512015"></trkpt>
      <trkpt lat="49.041504" lon="23.506189"></trkpt>
      <trkpt lat="49.040725" lon="23.504424"></trkpt>
      <trkpt lat="49.040309" lon="23.503749"></trkpt>
      <trkpt lat="49.039751" lon="23.503134"></trkpt>
      <trkpt lat="49.039129" lon="23.502654"></trkpt>
      <trkpt lat="49.037624" lon="23.50201"></trkpt>
      <trkpt lat="49.036653" lon="23.501763"></trkpt>
      <trkpt lat="49.034737" lon="23.501713"></trkpt>
      <trkpt lat="49.029366" lon="23.501889"></trkpt>
      <trkpt lat="49.02901" lon="23.501822"></trkpt>
      <trkpt lat="49.028585" lon="23.501567"></trkpt>
      <trkpt lat="49.026193" lon="23.498508"></trkpt>
      <trkpt lat="49.025532" lon="23.497386"></trkpt>
      <trkpt lat="49.019262" lon="23.479274"></trkpt>
      <trkpt lat="49.018039" lon="23.476708"></trkpt>
      <trkpt lat="49.017586" lon="23.476194"></trkpt>
      <trkpt lat="49.016143" lon="23.475221"></trkpt>
      <trkpt lat="49.010596" lon="23.473483"></trkpt>
      <trkpt lat="49.009856" lon="23.473128"></trkpt>
      <trkpt lat="49.009198" lon="23.47244"></trkpt>
      <trkpt lat="49.007644" lon="23.469353"></trkpt>
      <trkpt lat="49.006813" lon="23.468895"></trkpt>
      <trkpt lat="49.004603" lon="23.468398"></trkpt>
      <trkpt lat="49.004211" lon="23.46805"></trkpt>
      <trkpt lat="49.003242" lon="23.465653"></trkpt>
      <trkpt lat="49.003079" lon="23.464646"></trkpt>
      <trkpt lat="49.005459" lon="23.454731"></trkpt>
      <trkpt lat="49.006765" lon="23.438389"></trkpt>
      <trkpt lat="49.00711" lon="23.436662"></trkpt>
      <trkpt lat="49.009146" lon="23.429658"></trkpt>
      <trkpt lat="49.009339" lon="23.428293"></trkpt>
      <trkpt lat="49.009325" lon="23.426943"></trkpt>
      <trkpt lat="49.008939" lon="23.425645"></trkpt>
      <trkpt lat="49.0062" lon="23.419166"></trkpt>
      <trkpt lat="49.003817" lon="23.415182"></trkpt>
      <trkpt lat="49.003103" lon="23.414106"></trkpt>
      <trkpt lat="49.000123" lon="23.411932"></trkpt>
      <trkpt lat="48.999466" lon="23.411146"></trkpt>
      <trkpt lat="48.998696" lon="23.408856"></trkpt>
      <trkpt lat="48.998206" lon="23.406148"></trkpt>
      <trkpt lat="48.997812" lon="23.40502"></trkpt>
      <trkpt lat="48.997242" lon="23.404285"></trkpt>
      <trkpt lat="48.996325" lon="23.403797"></trkpt>
      <trkpt lat="48.995454" lon="23.403732"></trkpt>
      <trkpt lat="48.994356" lon="23.40391"></trkpt>
      <trkpt lat="48.993628" lon="23.403657"></trkpt>
      <trkpt lat="48.991584" lon="23.402344"></trkpt>
      <trkpt lat="48.990062" lon="23.400172"></trkpt>
      <trkpt lat="48.987977" lon="23.398904"></trkpt>
      <trkpt lat="48.986833" lon="23.397967"></trkpt>
      <trkpt lat="48.986262" lon="23.397633"></trkpt>
      <trkpt lat="48.98451" lon="23.397003"></trkpt>
      <trkpt lat="48.984154" lon="23.396737"></trkpt>
      <trkpt lat="48.983568" lon="23.395848"></trkpt>
      <trkpt lat="48.981747" lon="23.392093"></trkpt>
      <trkpt lat="48.981257" lon="23.392032"></trkpt>
      <trkpt lat="48.97877" lon="23.392541"></trkpt>
      <trkpt lat="48.977268" lon="23.392059"></trkpt>
      <trkpt lat="48.974934" lon="23.392199"></trkpt>
      <trkpt lat="48.974406" lon="23.392124"></trkpt>
      <trkpt lat="48.974107" lon="23.391937"></trkpt>
      <trkpt lat="48.971728" lon="23.389619"></trkpt>
      <trkpt lat="48.970791" lon="23.388273"></trkpt>
      <trkpt lat="48.96964" lon="23.387573"></trkpt>
      <trkpt lat="48.967464" lon="23.385439"></trkpt>
      <trkpt lat="48.966336" lon="23.384045"></trkpt>
      <trkpt lat="48.964688" lon="23.382498"></trkpt>
      <trkpt lat="48.963991" lon="23.381894"></trkpt>
      <trkpt lat="48.962735" lon="23.381344"></trkpt>
      <trkpt lat="48.962453" lon="23.381076"></trkpt>
      <trkpt lat="48.96223" lon="23.380567"></trkpt>
      <trkpt lat="48.960919" lon="23.374357"></trkpt>
      <trkpt lat="48.95968" lon="23.367363"></trkpt>
      <trkpt lat="48.958125" lon="23.364699"></trkpt>
      <trkpt lat="48.956964" lon="23.361402"></trkpt>
      <trkpt lat="48.954757" lon="23.358626"></trkpt>
      <trkpt lat="48.953634" lon="23.35669"></trkpt>
      <trkpt lat="48.951628" lon="23.354401"></trkpt>
      <trkpt lat="48.951325" lon="23.353806"></trkpt>
      <trkpt lat="48.950685" lon="23.35013"></trkpt>
      <trkpt lat="48.950253" lon="23.345613"></trkpt>
      <trkpt lat="48.949409" lon="23.34127"></trkpt>
      <trkpt lat="48.949283" lon="23.339667"></trkpt>
      <trkpt lat="48.947557" lon="23.335662"></trkpt>
      <trkpt lat="48.947116" lon="23.335381"></trkpt>
      <trkpt lat="48.945408" lon="23.335219"></trkpt>
      <trkpt lat="48.944778" lon="23.335051"></trkpt>
      <trkpt lat="48.944258" lon="23.334592"></trkpt>
      <trkpt lat="48.943108" lon="23.33323"></trkpt>
      <trkpt lat="48.941762" lon="23.332402"></trkpt>
      <trkpt lat="48.939376" lon="23.330449"></trkpt>
      <trkpt lat="48.937168" lon="23.326642"></trkpt>
      <trkpt lat="48.935428" lon="23.325103"></trkpt>
      <trkpt lat="48.934482" lon="23.322881"></trkpt>
      <trkpt lat="48.932671" lon="23.321455"></trkpt>
      <trkpt lat="48.930287" lon="23.31881"></trkpt>
      <trkpt lat="48.927857" lon="23.317299"></trkpt>
      <trkpt lat="48.926905" lon="23.315746"></trkpt>
      <trkpt lat="48.925231" lon="23.314209"></trkpt>
      <trkpt lat="48.924469" lon="23.312942"></trkpt>
      <trkpt lat="48.924044" lon="23.3112"></trkpt>
      <trkpt lat="48.92355" lon="23.310257"></trkpt>
      <trkpt lat="48.921426" lon="23.308724"></trkpt>
      <trkpt lat="48.918982" lon="23.307159"></trkpt>
      <trkpt lat="48.918639" lon="23.306802"></trkpt>
      <trkpt lat="48.918234" lon="23.306012"></trkpt>
      <trkpt lat="48.917233" lon="23.303147"></trkpt>
      <trkpt lat="48.916649" lon="23.302112"></trkpt>
      <trkpt lat="48.914936" lon="23.300092"></trkpt>
      <trkpt lat="48.913772" lon="23.29805"></trkpt>
      <trkpt lat="48.911786" lon="23.296358"></trkpt>
      <trkpt lat="48.909556" lon="23.293477"></trkpt>
      <trkpt lat="48.908516" lon="23.292787"></trkpt>
      <trkpt lat="48.907641" lon="23.292535"></trkpt>
      <trkpt lat="48.906599" lon="23.292779"></trkpt>
      <trkpt lat="48.905956" lon="23.293156"></trkpt>
      <trkpt lat="48.905154" lon="23.293998"></trkpt>
      <trkpt lat="48.904599" lon="23.294946"></trkpt>
      <trkpt lat="48.904351" lon="23.295544"></trkpt>
      <trkpt lat="48.903385" lon="23.299603"></trkpt>
      <trkpt lat="48.903047" lon="23.300398"></trkpt>
      <trkpt lat="48.902296" lon="23.3014"></trkpt>
      <trkpt lat="48.901684" lon="23.301898"></trkpt>
      <trkpt lat="48.90105" lon="23.302173"></trkpt>
      <trkpt lat="48.899031" lon="23.302426"></trkpt>
      <trkpt lat="48.896682" lon="23.303311"></trkpt>
      <trkpt lat="48.896035" lon="23.303421"></trkpt>
      <trkpt lat="48.895519" lon="23.303347"></trkpt>
      <trkpt lat="48.894926" lon="23.303052"></trkpt>
      <trkpt lat="48.894341" lon="23.302358"></trkpt>
      <trkpt lat="48.893374" lon="23.300784"></trkpt>
      <trkpt lat="48.893018" lon="23.300522"></trkpt>
      <trkpt lat="48.891874" lon="23.300016"></trkpt>
      <trkpt lat="48.891329" lon="23.299526"></trkpt>
      <trkpt lat="48.890243" lon="23.29799"></trkpt>
      <trkpt lat="48.889066" lon="23.295475"></trkpt>
      <trkpt lat="48.887497" lon="23.293221"></trkpt>
      <trkpt lat="48.887122" lon="23.293103"></trkpt>
      <trkpt lat="48.885874" lon="23.293831"></trkpt>
      <trkpt lat="48.885196" lon="23.29388"></trkpt>
      <trkpt lat="48.884009" lon="23.293203"></trkpt>
      <trkpt lat="48.881879" lon="23.292612"></trkpt>
      <trkpt lat="48.881351" lon="23.291977"></trkpt>
      <trkpt lat="48.881164" lon="23.291275"></trkpt>
      <trkpt lat="48.88045" lon="23.285541"></trkpt>
      <trkpt lat="48.8829" lon="23.282362"></trkpt>
      <trkpt lat="48.883152" lon="23.281567"></trkpt>
      <trkpt lat="48.883585" lon="23.279207"></trkpt>
      <trkpt lat="48.883864" lon="23.278476"></trkpt>
      <trkpt lat="48.884301" lon="23.2779"></trkpt>
      <trkpt lat="48.885174" lon="23.277196"></trkpt>
      <trkpt lat="48.885511" lon="23.276596"></trkpt>
      <trkpt lat="48.886037" lon="23.274981"></trkpt>
      <trkpt lat="48.886685" lon="23.272261"></trkpt>
      <trkpt lat="48.888332" lon="23.263695"></trkpt>
      <trkpt lat="48.888551" lon="23.261565"></trkpt>
      <trkpt lat="48.888593" lon="23.259359"></trkpt>
      <trkpt lat="48.888368" lon="23.258303"></trkpt>
      <trkpt lat="48.887529" lon="23.255911"></trkpt>
      <trkpt lat="48.887235" lon="23.254537"></trkpt>
      <trkpt lat="48.88734" lon="23.252587"></trkpt>
      <trkpt lat="48.887589" lon="23.250808"></trkpt>
      <trkpt lat="48.888544" lon="23.248812"></trkpt>
      <trkpt lat="48.888883" lon="23.248356"></trkpt>
      <trkpt lat="48.88936" lon="23.24814"></trkpt>
      <trkpt lat="48.890986" lon="23.248094"></trkpt>
      <trkpt lat="48.891455" lon="23.247616"></trkpt>
      <trkpt lat="48.893254" lon="23.241635"></trkpt>
      <trkpt lat="48.893955" lon="23.239764"></trkpt>
      <trkpt lat="48.894364" lon="23.239047"></trkpt>
      <trkpt lat="48.896432" lon="23.236529"></trkpt>
      <trkpt lat="48.89737" lon="23.23502"></trkpt>
      <trkpt lat="48.900233" lon="23.229133"></trkpt>
      <trkpt lat="48.901748" lon="23.225789"></trkpt>
      <trkpt lat="48.902365" lon="23.224031"></trkpt>
      <trkpt lat="48.902423" lon="23.222358"></trkpt>
      <trkpt lat="48.901813" lon="23.219882"></trkpt>
      <trkpt lat="48.901681" lon="23.218223"></trkpt>
      <trkpt lat="48.901809" lon="23.214192"></trkpt>
      <trkpt lat="48.901457" lon="23.212923"></trkpt>
      <trkpt lat="48.900056" lon="23.209637"></trkpt>
      <trkpt lat="48.899638" lon="23.207424"></trkpt>
      <trkpt lat="48.89965" lon="23.205788"></trkpt>
      <trkpt lat="48.901158" lon="23.183696"></trkpt>
      <trkpt lat="48.901193" lon="23.181214"></trkpt>
      <trkpt lat="48.900979" lon="23.177066"></trkpt>
      <trkpt lat="48.901008" lon="23.175605"></trkpt>
      <trkpt lat="48.901248" lon="23.173867"></trkpt>
      <trkpt lat="48.901826" lon="23.172075"></trkpt>
      <trkpt lat="48.90218" lon="23.171371"></trkpt>
      <trkpt lat="48.903069" lon="23.169918"></trkpt>
      <trkpt lat="48.910348" lon="23.159231"></trkpt>
      <trkpt lat="48.911531" lon="23.156828"></trkpt>
      <trkpt lat="48.912313" lon="23.154049"></trkpt>
      <trkpt lat="48.912658" lon="23.15219"></trkpt>
      <trkpt lat="48.912919" lon="23.149587"></trkpt>
      <trkpt lat="48.912907" lon="23.146417"></trkpt>
      <trkpt lat="48.912677" lon="23.143308"></trkpt>
      <trkpt lat="48.911423" lon="23.133575"></trkpt>
      <trkpt lat="48.910831" lon="23.131751"></trkpt>
      <trkpt lat="48.909751" lon="23.130142"></trkpt>
      <trkpt lat="48.90895" lon="23.129357"></trkpt>
      <trkpt lat="48.90805" lon="23.128717"></trkpt>
      <trkpt lat="48.904948" lon="23.127564"></trkpt>
      <trkpt lat="48.903367" lon="23.127443"></trkpt>
      <trkpt lat="48.899717" lon="23.127725"></trkpt>
      <trkpt lat="48.896825" lon="23.127514"></trkpt>
      <trkpt lat="48.895961" lon="23.127282"></trkpt>
      <trkpt lat="48.895354" lon="23.126878"></trkpt>
      <trkpt lat="48.894715" lon="23.126007"></trkpt>
      <trkpt lat="48.893749" lon="23.123788"></trkpt>
      <trkpt lat="48.893278" lon="23.12299"></trkpt>
      <trkpt lat="48.892552" lon="23.122308"></trkpt>
      <trkpt lat="48.891966" lon="23.122051"></trkpt>
      <trkpt lat="48.891481" lon="23.121974"></trkpt>
      <trkpt lat="48.88634" lon="23.123283"></trkpt>
      <trkpt lat="48.883935" lon="23.124175"></trkpt>
      <trkpt lat="48.880119" lon="23.124391"></trkpt>
      <trkpt lat="48.879572" lon="23.124529"></trkpt>
      <trkpt lat="48.878706" lon="23.125229"></trkpt>
      <trkpt lat="48.877491" lon="23.127739"></trkpt>
      <trkpt lat="48.876804" lon="23.128442"></trkpt>
      <trkpt lat="48.876278" lon="23.128691"></trkpt>
      <trkpt lat="48.874233" lon="23.129133"></trkpt>
      <trkpt lat="48.871941" lon="23.129898"></trkpt>
      <trkpt lat="48.87123" lon="23.130454"></trkpt>
      <trkpt lat="48.870116" lon="23.132082"></trkpt>
      <trkpt lat="48.869295" lon="23.132803"></trkpt>
      <trkpt lat="48.86862" lon="23.132932"></trkpt>
      <trkpt lat="48.867919" lon="23.132593"></trkpt>
      <trkpt lat="48.863386" lon="23.126167"></trkpt>
      <trkpt lat="48.862443" lon="23.125473"></trkpt>
      <trkpt lat="48.860539" lon="23.124834"></trkpt>
      <trkpt lat="48.859981" lon="23.124203"></trkpt>
      <trkpt lat="48.859734" lon="23.123684"></trkpt>
      <trkpt lat="48.858958" lon="23.121094"></trkpt>
      <trkpt lat="48.858432" lon="23.120444"></trkpt>
      <trkpt lat="48.857011" lon="23.119395"></trkpt>
      <trkpt lat="48.856469" lon="23.118623"></trkpt>
      <trkpt lat="48.856163" lon="23.117432"></trkpt>
      <trkpt lat="48.856216" lon="23.11548"></trkpt>
      <trkpt lat="48.856086" lon="23.114432"></trkpt>
      <trkpt lat="48.855753" lon="23.113777"></trkpt>
      <trkpt lat="48.854511" lon="23.11239"></trkpt>
      <trkpt lat="48.85425" lon="23.111729"></trkpt>
      <trkpt lat="48.854204" lon="23.110684"></trkpt>
      <trkpt lat="48.854996" lon="23.10744"></trkpt>
      <trkpt lat="48.855059" lon="23.106452"></trkpt>
      <trkpt lat="48.854716" lon="23.105805"></trkpt>
      <trkpt lat="48.853805" lon="23.105154"></trkpt>
      <trkpt lat="48.853335" lon="23.104666"></trkpt>
      <trkpt lat="48.852895" lon="23.10373"></trkpt>
      <trkpt lat="48.852749" lon="23.10279"></trkpt>
      <trkpt lat="48.853002" lon="23.102129"></trkpt>
      <trkpt lat="48.854865" lon="23.100602"></trkpt>
      <trkpt lat="48.855171" lon="23.100013"></trkpt>
      <trkpt lat="48.855195" lon="23.098685"></trkpt>
      <trkpt lat="48.854805" lon="23.096923"></trkpt>
      <trkpt lat="48.854758" lon="23.096185"></trkpt>
      <trkpt lat="48.854975" lon="23.095467"></trkpt>
      <trkpt lat="48.855949" lon="23.094522"></trkpt>
      <trkpt lat="48.85634" lon="23.093785"></trkpt>
      <trkpt lat="48.856347" lon="23.093023"></trkpt>
      <trkpt lat="48.85591" lon="23.091771"></trkpt>
      <trkpt lat="48.85524" lon="23.090869"></trkpt>
      <trkpt lat="48.854181" lon="23.090201"></trkpt>
      <trkpt lat="48.851669" lon="23.090069"></trkpt>
      <trkpt lat="48.850492" lon="23.08955"></trkpt>
      <trkpt lat="48.84991" lon="23.088972"></trkpt>
      <trkpt lat="48.848866" lon="23.087144"></trkpt>
      <trkpt lat="48.848226" lon="23.08521"></trkpt>
      <trkpt lat="48.847712" lon="23.084765"></trkpt>
      <trkpt lat="48.847073" lon="23.08449"></trkpt>
      <trkpt lat="48.84646" lon="23.083872"></trkpt>
      <trkpt lat="48.842589" lon="23.07769"></trkpt>
      <trkpt lat="48.841967" lon="23.075719"></trkpt>
      <trkpt lat="48.841003" lon="23.071022"></trkpt>
      <trkpt lat="48.840209" lon="23.069104"></trkpt>
      <trkpt lat="48.839647" lon="23.068288"></trkpt>
      <trkpt lat="48.839047" lon="23.067679"></trkpt>
      <trkpt lat="48.838041" lon="23.066996"></trkpt>
      <trkpt lat="48.837354" lon="23.066678"></trkpt>
      <trkpt lat="48.836613" lon="23.066563"></trkpt>
      <trkpt lat="48.83587" lon="23.066656"></trkpt>
      <trkpt lat="48.832154" lon="23.068171"></trkpt>
      <trkpt lat="48.831222" lon="23.068411"></trkpt>
      <trkpt lat="48.826322" lon="23.068843"></trkpt>
      <trkpt lat="48.825706" lon="23.069102"></trkpt>
      <trkpt lat="48.824255" lon="23.070558"></trkpt>
      <trkpt lat="48.823499" lon="23.07099"></trkpt>
      <trkpt lat="48.82272" lon="23.071033"></trkpt>
      <trkpt lat="48.819493" lon="23.070594"></trkpt>
      <trkpt lat="48.81865" lon="23.070683"></trkpt>
      <trkpt lat="48.818163" lon="23.070854"></trkpt>
      <trkpt lat="48.817426" lon="23.071548"></trkpt>
      <trkpt lat="48.814146" lon="23.076852"></trkpt>
      <trkpt lat="48.813189" lon="23.078116"></trkpt>
      <trkpt lat="48.812209" lon="23.079079"></trkpt>
      <trkpt lat="48.81141" lon="23.079558"></trkpt>
      <trkpt lat="48.810434" lon="23.079852"></trkpt>
      <trkpt lat="48.802148" lon="23.081068"></trkpt>
      <trkpt lat="48.800881" lon="23.081447"></trkpt>
      <trkpt lat="48.800157" lon="23.081874"></trkpt>
      <trkpt lat="48.799686" lon="23.082345"></trkpt>
      <trkpt lat="48.797183" lon="23.086015"></trkpt>
      <trkpt lat="48.796082" lon="23.086987"></trkpt>
      <trkpt lat="48.795371" lon="23.087279"></trkpt>
      <trkpt lat="48.78997" lon="23.087096"></trkpt>
      <trkpt lat="48.783138" lon="23.088129"></trkpt>
      <trkpt lat="48.773041" lon="23.089841"></trkpt>
      <trkpt lat="48.77237" lon="23.09028"></trkpt>
      <trkpt lat="48.771296" lon="23.09179"></trkpt>
      <trkpt lat="48.76873" lon="23.093853"></trkpt>
      <trkpt lat="48.767939" lon="23.094167"></trkpt>
      <trkpt lat="48.762811" lon="23.094424"></trkpt>
      <trkpt lat="48.75979" lon="23.094271"></trkpt>
      <trkpt lat="48.755155" lon="23.093894"></trkpt>
      <trkpt lat="48.753539" lon="23.09323"></trkpt>
      <trkpt lat="48.753115" lon="23.0932"></trkpt>
      <trkpt lat="48.751239" lon="23.093609"></trkpt>
      <trkpt lat="48.750721" lon="23.093623"></trkpt>
      <trkpt lat="48.750171" lon="23.093424"></trkpt>
      <trkpt lat="48.749548" lon="23.092946"></trkpt>
      <trkpt lat="48.748876" lon="23.092008"></trkpt>
      <trkpt lat="48.748503" lon="23.091145"></trkpt>
      <trkpt lat="48.74718" lon="23.086854"></trkpt>
      <trkpt lat="48.746807" lon="23.083104"></trkpt>
      <trkpt lat="48.746288" lon="23.081959"></trkpt>
      <trkpt lat="48.745504" lon="23.081229"></trkpt>
      <trkpt lat="48.742797" lon="23.079898"></trkpt>
      <trkpt lat="48.740628" lon="23.078295"></trkpt>
      <trkpt lat="48.739502" lon="23.077088"></trkpt>
      <trkpt lat="48.738858" lon="23.075962"></trkpt>
      <trkpt lat="48.735909" lon="23.068997"></trkpt>
      <trkpt lat="48.735572" lon="23.067966"></trkpt>
      <trkpt lat="48.735437" lon="23.06682"></trkpt>
      <trkpt lat="48.735485" lon="23.064053"></trkpt>
      <trkpt lat="48.734271" lon="23.056563"></trkpt>
      <trkpt lat="48.733804" lon="23.055687"></trkpt>
      <trkpt lat="48.733231" lon="23.05504"></trkpt>
      <trkpt lat="48.732559" lon="23.054569"></trkpt>
      <trkpt lat="48.730492" lon="23.053497"></trkpt>
      <trkpt lat="48.730129" lon="23.053132"></trkpt>
      <trkpt lat="48.729884" lon="23.052569"></trkpt>
      <trkpt lat="48.72916" lon="23.049303"></trkpt>
      <trkpt lat="48.72863" lon="23.048392"></trkpt>
      <trkpt lat="48.728008" lon="23.047906"></trkpt>
      <trkpt lat="48.727273" lon="23.047757"></trkpt>
      <trkpt lat="48.725942" lon="23.047744"></trkpt>
      <trkpt lat="48.724166" lon="23.047193"></trkpt>
      <trkpt lat="48.722066" lon="23.0476"></trkpt>
      <trkpt lat="48.721501" lon="23.047607"></trkpt>
      <trkpt lat="48.720686" lon="23.047406"></trkpt>
      <trkpt lat="48.719455" lon="23.04679"></trkpt>
      <trkpt lat="48.71859" lon="23.046674"></trkpt>
      <trkpt lat="48.717867" lon="23.0469"></trkpt>
      <trkpt lat="48.717264" lon="23.047368"></trkpt>
      <trkpt lat="48.715965" lon="23.049258"></trkpt>
      <trkpt lat="48.715341" lon="23.049864"></trkpt>
      <trkpt lat="48.714863" lon="23.050058"></trkpt>
      <trkpt lat="48.714135" lon="23.050038"></trkpt>
      <trkpt lat="48.712911" lon="23.049425"></trkpt>
      <trkpt lat="48.7115" lon="23.048504"></trkpt>
      <trkpt lat="48.707985" lon="23.045493"></trkpt>
      <trkpt lat="48.706506" lon="23.044858"></trkpt>
      <trkpt lat="48.704521" lon="23.044292"></trkpt>
      <trkpt lat="48.701743" lon="23.043707"></trkpt>
      <trkpt lat="48.700883" lon="23.043713"></trkpt>
      <trkpt lat="48.698552" lon="23.044029"></trkpt>
      <trkpt lat="48.697171" lon="23.044393"></trkpt>
      <trkpt lat="48.69678" lon="23.044365"></trkpt>
      <trkpt lat="48.696311" lon="23.044168"></trkpt>
      <trkpt lat="48.695446" lon="23.043484"></trkpt>
      <trkpt lat="48.692853" lon="23.039988"></trkpt>
      <trkpt lat="48.692424" lon="23.03959"></trkpt>
      <trkpt lat="48.69203" lon="23.039395"></trkpt>
      <trkpt lat="48.691535" lon="23.039336"></trkpt>
      <trkpt lat="48.690321" lon="23.039835"></trkpt>
      <trkpt lat="48.687818" lon="23.041736"></trkpt>
      <trkpt lat="48.687415" lon="23.042148"></trkpt>
      <trkpt lat="48.686883" lon="23.043191"></trkpt>
      <trkpt lat="48.686188" lon="23.045886"></trkpt>
      <trkpt lat="48.685596" lon="23.046672"></trkpt>
      <trkpt lat="48.685004" lon="23.047184"></trkpt>
      <trkpt lat="48.683938" lon="23.04756"></trkpt>
      <trkpt lat="48.683466" lon="23.047547"></trkpt>
      <trkpt lat="48.681691" lon="23.046796"></trkpt>
      <trkpt lat="48.680989" lon="23.046669"></trkpt>
      <trkpt lat="48.680316" lon="23.046744"></trkpt>
      <trkpt lat="48.67905" lon="23.047122"></trkpt>
      <trkpt lat="48.677951" lon="23.047701"></trkpt>
      <trkpt lat="48.676794" lon="23.048587"></trkpt>
      <trkpt lat="48.674456" lon="23.051296"></trkpt>
      <trkpt lat="48.673774" lon="23.051942"></trkpt>
      <trkpt lat="48.672977" lon="23.052492"></trkpt>
      <trkpt lat="48.672249" lon="23.052768"></trkpt>
      <trkpt lat="48.671286" lon="23.052714"></trkpt>
      <trkpt lat="48.668912" lon="23.051925"></trkpt>
      <trkpt lat="48.668353" lon="23.051846"></trkpt>
      <trkpt lat="48.663439" lon="23.051906"></trkpt>
      <trkpt lat="48.662217" lon="23.052189"></trkpt>
      <trkpt lat="48.661355" lon="23.052569"></trkpt>
      <trkpt lat="48.660908" lon="23.052898"></trkpt>
      <trkpt lat="48.658604" lon="23.055777"></trkpt>
      <trkpt lat="48.657712" lon="23.056686"></trkpt>
      <trkpt lat="48.65683" lon="23.057226"></trkpt>
      <trkpt lat="48.655232" lon="23.057763"></trkpt>
      <trkpt lat="48.654367" lon="23.057799"></trkpt>
      <trkpt lat="48.653613" lon="23.057455"></trkpt>
      <trkpt lat="48.651976" lon="23.055696"></trkpt>
      <trkpt lat="48.650741" lon="23.054835"></trkpt>
      <trkpt lat="48.64909" lon="23.054343"></trkpt>
      <trkpt lat="48.64772" lon="23.05411"></trkpt>
      <trkpt lat="48.646799" lon="23.054066"></trkpt>
      <trkpt lat="48.644771" lon="23.054335"></trkpt>
      <trkpt lat="48.644091" lon="23.054179"></trkpt>
      <trkpt lat="48.642964" lon="23.053473"></trkpt>
      <trkpt lat="48.641666" lon="23.051737"></trkpt>
      <trkpt lat="48.641333" lon="23.051433"></trkpt>
      <trkpt lat="48.640848" lon="23.051185"></trkpt>
      <trkpt lat="48.639721" lon="23.051012"></trkpt>
      <trkpt lat="48.639018" lon="23.050708"></trkpt>
      <trkpt lat="48.636923" lon="23.048897"></trkpt>
      <trkpt lat="48.635658" lon="23.048447"></trkpt>
      <trkpt lat="48.633887" lon="23.048598"></trkpt>
      <trkpt lat="48.633489" lon="23.048528"></trkpt>
      <trkpt lat="48.630339" lon="23.046283"></trkpt>
      <trkpt lat="48.629494" lon="23.045934"></trkpt>
      <trkpt lat="48.628562" lon="23.045851"></trkpt>
      <trkpt lat="48.627055" lon="23.04587"></trkpt>
      <trkpt lat="48.626451" lon="23.04601"></trkpt>
      <trkpt lat="48.625974" lon="23.046329"></trkpt>
      <trkpt lat="48.62558" lon="23.046789"></trkpt>
      <trkpt lat="48.625021" lon="23.047922"></trkpt>
      <trkpt lat="48.623676" lon="23.052581"></trkpt>
      <trkpt lat="48.623193" lon="23.053243"></trkpt>
      <trkpt lat="48.622639" lon="23.053568"></trkpt>
      <trkpt lat="48.622124" lon="23.05362"></trkpt>
      <trkpt lat="48.618179" lon="23.052276"></trkpt>
      <trkpt lat="48.6175" lon="23.052506"></trkpt>
      <trkpt lat="48.616941" lon="23.053113"></trkpt>
      <trkpt lat="48.616003" lon="23.055367"></trkpt>
      <trkpt lat="48.614969" lon="23.057008"></trkpt>
      <trkpt lat="48.614279" lon="23.057839"></trkpt>
      <trkpt lat="48.613427" lon="23.058123"></trkpt>
      <trkpt lat="48.612853" lon="23.05795"></trkpt>
      <trkpt lat="48.612032" lon="23.057345"></trkpt>
      <trkpt lat="48.609839" lon="23.05488"></trkpt>
      <trkpt lat="48.608009" lon="23.053981"></trkpt>
      <trkpt lat="48.607228" lon="23.053275"></trkpt>
      <trkpt lat="48.606564" lon="23.052043"></trkpt>
      <trkpt lat="48.605111" lon="23.047647"></trkpt>
      <trkpt lat="48.604409" lon="23.04652"></trkpt>
      <trkpt lat="48.603912" lon="23.046139"></trkpt>
      <trkpt lat="48.600601" lon="23.044327"></trkpt>
      <trkpt lat="48.598978" lon="23.042547"></trkpt>
      <trkpt lat="48.598618" lon="23.042482"></trkpt>
      <trkpt lat="48.598146" lon="23.042598"></trkpt>
      <trkpt lat="48.595381" lon="23.043888"></trkpt>
      <trkpt lat="48.594322" lon="23.043973"></trkpt>
      <trkpt lat="48.593169" lon="23.043733"></trkpt>
      <trkpt lat="48.588641" lon="23.042055"></trkpt>
      <trkpt lat="48.587069" lon="23.041002"></trkpt>
      <trkpt lat="48.583771" lon="23.037703"></trkpt>
      <trkpt lat="48.582491" lon="23.03676"></trkpt>
      <trkpt lat="48.575906" lon="23.034089"></trkpt>
      <trkpt lat="48.574763" lon="23.033427"></trkpt>
      <trkpt lat="48.574025" lon="23.032708"></trkpt>
      <trkpt lat="48.571105" lon="23.029302"></trkpt>
      <trkpt lat="48.570471" lon="23.028683"></trkpt>
      <trkpt lat="48.569216" lon="23.027786"></trkpt>
      <trkpt lat="48.568145" lon="23.02725"></trkpt>
      <trkpt lat="48.559887" lon="23.024433"></trkpt>
      <trkpt lat="48.559556" lon="23.024244"></trkpt>
      <trkpt lat="48.55912" lon="23.023761"></trkpt>
      <trkpt lat="48.558867" lon="23.023157"></trkpt>
      <trkpt lat="48.558466" lon="23.021316"></trkpt>
      <trkpt lat="48.557952" lon="23.017611"></trkpt>
      <trkpt lat="48.557962" lon="23.015539"></trkpt>
      <trkpt lat="48.558512" lon="23.009385"></trkpt>
      <trkpt lat="48.557845" lon="23.003154"></trkpt>
      <trkpt lat="48.557865" lon="23.001871"></trkpt>
      <trkpt lat="48.558119" lon="23.000371"></trkpt>
      <trkpt lat="48.560283" lon="22.99344"></trkpt>
      <trkpt lat="48.560921" lon="22.988018"></trkpt>
      <trkpt lat="48.561996" lon="22.983657"></trkpt>
      <trkpt lat="48.562664" lon="22.9776"></trkpt>
      <trkpt lat="48.563173" lon="22.976262"></trkpt>
      <trkpt lat="48.565198" lon="22.972635"></trkpt>
      <trkpt lat="48.56548" lon="22.971484"></trkpt>
      <trkpt lat="48.565511" lon="22.970397"></trkpt>
      <trkpt lat="48.565145" lon="22.968439"></trkpt>
      <trkpt lat="48.559703" lon="22.949939"></trkpt>
      <trkpt lat="48.558156" lon="22.945379"></trkpt>
      <trkpt lat="48.557054" lon="22.942995"></trkpt>
      <trkpt lat="48.556219" lon="22.94049"></trkpt>
      <trkpt lat="48.555688" lon="22.938423"></trkpt>
      <trkpt lat="48.554896" lon="22.937103"></trkpt>
      <trkpt lat="48.55144" lon="22.932901"></trkpt>
      <trkpt lat="48.550733" lon="22.93215"></trkpt>
      <trkpt lat="48.547427" lon="22.929617"></trkpt>
      <trkpt lat="48.546353" lon="22.929061"></trkpt>
      <trkpt lat="48.545433" lon="22.928976"></trkpt>
      <trkpt lat="48.543549" lon="22.929591"></trkpt>
      <trkpt lat="48.542525" lon="22.929634"></trkpt>
      <trkpt lat="48.54128" lon="22.929213"></trkpt>
      <trkpt lat="48.540284" lon="22.928385"></trkpt>
      <trkpt lat="48.539572" lon="22.927457"></trkpt>
      <trkpt lat="48.538805" lon="22.925829"></trkpt>
      <trkpt lat="48.536554" lon="22.920183"></trkpt>
      <trkpt lat="48.53614" lon="22.918735"></trkpt>
      <trkpt lat="48.535964" lon="22.917475"></trkpt>
      <trkpt lat="48.535939" lon="22.915949"></trkpt>
      <trkpt lat="48.536151" lon="22.914182"></trkpt>
      <trkpt lat="48.536551" lon="22.912857"></trkpt>
      <trkpt lat="48.537873" lon="22.909415"></trkpt>
      <trkpt lat="48.538123" lon="22.908241"></trkpt>
      <trkpt lat="48.538177" lon="22.907327"></trkpt>
      <trkpt lat="48.538117" lon="22.90615"></trkpt>
      <trkpt lat="48.536034" lon="22.893293"></trkpt>
      <trkpt lat="48.535726" lon="22.892219"></trkpt>
      <trkpt lat="48.533221" lon="22.888322"></trkpt>
      <trkpt lat="48.530701" lon="22.886119"></trkpt>
      <trkpt lat="48.523586" lon="22.878941"></trkpt>
      <trkpt lat="48.52307" lon="22.878256"></trkpt>
      <trkpt lat="48.520099" lon="22.872607"></trkpt>
      <trkpt lat="48.519294" lon="22.871297"></trkpt>
      <trkpt lat="48.501268" lon="22.846464"></trkpt>
      <trkpt lat="48.500074" lon="22.844206"></trkpt>
      <trkpt lat="48.498325" lon="22.839324"></trkpt>
      <trkpt lat="48.497416" lon="22.837435"></trkpt>
      <trkpt lat="48.496368" lon="22.836001"></trkpt>
      <trkpt lat="48.494324" lon="22.834135"></trkpt>
      <trkpt lat="48.493845" lon="22.833545"></trkpt>
      <trkpt lat="48.493472" lon="22.832859"></trkpt>
      <trkpt lat="48.493192" lon="22.831989"></trkpt>
      <trkpt lat="48.492416" lon="22.828314"></trkpt>
      <trkpt lat="48.491968" lon="22.827006"></trkpt>
      <trkpt lat="48.491412" lon="22.826065"></trkpt>
      <trkpt lat="48.489632" lon="22.823625"></trkpt>
      <trkpt lat="48.488689" lon="22.820942"></trkpt>
      <trkpt lat="48.488393" lon="22.818997"></trkpt>
      <trkpt lat="48.488288" lon="22.814645"></trkpt>
      <trkpt lat="48.488" lon="22.812561"></trkpt>
      <trkpt lat="48.487544" lon="22.810386"></trkpt>
      <trkpt lat="48.486611" lon="22.808348"></trkpt>
      <trkpt lat="48.485862" lon="22.807526"></trkpt>
      <trkpt lat="48.484695" lon="22.806519"></trkpt>
      <trkpt lat="48.484063" lon="22.805719"></trkpt>
      <trkpt lat="48.483561" lon="22.804742"></trkpt>
      <trkpt lat="48.483285" lon="22.803853"></trkpt>
      <trkpt lat="48.478688" lon="22.782436"></trkpt>
      <trkpt lat="48.477846" lon="22.779217"></trkpt>
      <trkpt lat="48.476872" lon="22.777128"></trkpt>
      <trkpt lat="48.474041" lon="22.77248"></trkpt>
      <trkpt lat="48.473401" lon="22.770617"></trkpt>
      <trkpt lat="48.471925" lon="22.76182"></trkpt>
      <trkpt lat="48.471654" lon="22.75447"></trkpt>
      <trkpt lat="48.471162" lon="22.752783"></trkpt>
      <trkpt lat="48.469812" lon="22.750591"></trkpt>
      <trkpt lat="48.469394" lon="22.748806"></trkpt>
      <trkpt lat="48.469481" lon="22.74753"></trkpt>
      <trkpt lat="48.470277" lon="22.744605"></trkpt>
      <trkpt lat="48.470363" lon="22.743069"></trkpt>
      <trkpt lat="48.470074" lon="22.740651"></trkpt>
      <trkpt lat="48.468779" lon="22.736727"></trkpt>
      <trkpt lat="48.468473" lon="22.735177"></trkpt>
      <trkpt lat="48.468456" lon="22.73339"></trkpt>
      <trkpt lat="48.468757" lon="22.72998"></trkpt>
      <trkpt lat="48.46867" lon="22.728522"></trkpt>
      <trkpt lat="48.468405" lon="22.727326"></trkpt>
      <trkpt lat="48.467917" lon="22.726185"></trkpt>
      <trkpt lat="48.467325" lon="22.725361"></trkpt>
      <trkpt lat="48.46299" lon="22.72113"></trkpt>
      <trkpt lat="48.462255" lon="22.720269"></trkpt>
      <trkpt lat="48.461145" lon="22.718557"></trkpt>
      <trkpt lat="48.460469" lon="22.717041"></trkpt>
      <trkpt lat="48.459751" lon="22.714858"></trkpt>
      <trkpt lat="48.458734" lon="22.710799"></trkpt>
      <trkpt lat="48.458542" lon="22.70988"></trkpt>
      <trkpt lat="48.458565" lon="22.709516"></trkpt>
      <trkpt lat="48.458153" lon="22.708514"></trkpt>
      <trkpt lat="48.456732" lon="22.703127"></trkpt>
      <trkpt lat="48.451918" lon="22.688114"></trkpt>
      <trkpt lat="48.451616" lon="22.686992"></trkpt>
      <trkpt lat="48.451442" lon="22.685721"></trkpt>
      <trkpt lat="48.451286" lon="22.6857"></trkpt>
      <trkpt lat="48.450788" lon="22.686053"></trkpt>
      <trkpt lat="48.442536" lon="22.68621"></trkpt>
      <trkpt lat="48.441107" lon="22.686376"></trkpt>
      <trkpt lat="48.439181" lon="22.687151"></trkpt>
      <trkpt lat="48.436285" lon="22.689272"></trkpt>
      <trkpt lat="48.4356" lon="22.688173"></trkpt>
      <trkpt lat="48.435211" lon="22.687866"></trkpt>
      <trkpt lat="48.434549" lon="22.687613"></trkpt>
      <trkpt lat="48.434403" lon="22.687383"></trkpt>
      <trkpt lat="48.434008" lon="22.685633"></trkpt>
      <trkpt lat="48.433194" lon="22.683479"></trkpt>
      <trkpt lat="48.432518" lon="22.67851"></trkpt>
      <trkpt lat="48.424354" lon="22.648221"></trkpt>
      <trkpt lat="48.424197" lon="22.645859"></trkpt>
      <trkpt lat="48.415212" lon="22.600792"></trkpt>
      <trkpt lat="48.389447" lon="22.563522"></trkpt>
      <trkpt lat="48.388888" lon="22.561681"></trkpt>
      <trkpt lat="48.388486" lon="22.556465"></trkpt>
      <trkpt lat="48.38862" lon="22.552842"></trkpt>
      <trkpt lat="48.388422" lon="22.548636"></trkpt>
      <trkpt lat="48.388519" lon="22.548131"></trkpt>
      <trkpt lat="48.389545" lon="22.54616"></trkpt>
      <trkpt lat="48.389606" lon="22.545807"></trkpt>
      <trkpt lat="48.389253" lon="22.543416"></trkpt>
      <trkpt lat="48.388332" lon="22.531606"></trkpt>
      <trkpt lat="48.387396" lon="22.518955"></trkpt>
      <trkpt lat="48.387415" lon="22.517524"></trkpt>
      <trkpt lat="48.395589" lon="22.488597"></trkpt>
      <trkpt lat="48.395916" lon="22.486033"></trkpt>
      <trkpt lat="48.396189" lon="22.484794"></trkpt>
      <trkpt lat="48.401082" lon="22.466882"></trkpt>
      <trkpt lat="48.401666" lon="22.46346"></trkpt>
      <trkpt lat="48.401884" lon="22.46043"></trkpt>
      <trkpt lat="48.402404" lon="22.457416"></trkpt>
      <trkpt lat="48.402564" lon="22.455375"></trkpt>
      <trkpt lat="48.403233" lon="22.45373"></trkpt>
      <trkpt lat="48.421293" lon="22.394587"></trkpt>
      <trkpt lat="48.431241" lon="22.361642"></trkpt>
      <trkpt lat="48.431391" lon="22.360831"></trkpt>
      <trkpt lat="48.431399" lon="22.35998"></trkpt>
      <trkpt lat="48.429972" lon="22.347445"></trkpt>
      <trkpt lat="48.426286" lon="22.331981"></trkpt>
      <trkpt lat="48.418357" lon="22.30818"></trkpt>
      <trkpt lat="48.418203" lon="22.307005"></trkpt>
      <trkpt lat="48.418463" lon="22.30399"></trkpt>
      <trkpt lat="48.419533" lon="22.297368"></trkpt>
      <trkpt lat="48.420108" lon="22.295579"></trkpt>
      <trkpt lat="48.419988" lon="22.29412"></trkpt>
      <trkpt lat="48.421187" lon="22.283689"></trkpt>
      <trkpt lat="48.422456" lon="22.267006"></trkpt>
      <trkpt lat="48.424308" lon="22.252094"></trkpt>
      <trkpt lat="48.425457" lon="22.249313"></trkpt>
      <trkpt lat="48.439231" lon="22.220117"></trkpt>
      <trkpt lat="48.439605" lon="22.219203"></trkpt>
      <trkpt lat="48.439926" lon="22.217907"></trkpt>
      <trkpt lat="48.440088" lon="22.215845"></trkpt>
      <trkpt lat="48.440144" lon="22.193365"></trkpt>
      <trkpt lat="48.440225" lon="22.193257"></trkpt>
      <trkpt lat="48.441569" lon="22.193156"></trkpt>
      <trkpt lat="48.442013" lon="22.193281"></trkpt>
      <trkpt lat="48.442877" lon="22.19562"></trkpt>
      <trkpt lat="48.443021" lon="22.195631"></trkpt>
      <trkpt lat="48.443083" lon="22.195453"></trkpt>
      <trkpt lat="48.442449" lon="22.194123"></trkpt>
      <trkpt lat="48.438272" lon="22.182514"></trkpt>
      <trkpt lat="48.437284" lon="22.180531"></trkpt>
      <trkpt lat="48.43595" lon="22.178849"></trkpt>
      <trkpt lat="48.434907" lon="22.178038"></trkpt>
      <trkpt lat="48.428715" lon="22.174635"></trkpt>
      <trkpt lat="48.422558" lon="22.170936"></trkpt>
      <trkpt lat="48.421198" lon="22.170334"></trkpt>
      <trkpt lat="48.41985" lon="22.170157"></trkpt>
      <trkpt lat="48.418671" lon="22.170283"></trkpt>
      <trkpt lat="48.418387" lon="22.170023"></trkpt>
      <trkpt lat="48.418157" lon="22.169546"></trkpt>
      <trkpt lat="48.417968" lon="22.169382"></trkpt>
      <trkpt lat="48.417711" lon="22.169356"></trkpt>
      <trkpt lat="48.417169" lon="22.169569"></trkpt>
      <trkpt lat="48.416783" lon="22.170505"></trkpt>
      <trkpt lat="48.41648" lon="22.170747"></trkpt>
      <trkpt lat="48.411817" lon="22.172054"></trkpt>
      <trkpt lat="48.411318" lon="22.17155"></trkpt>
      <trkpt lat="48.410843" lon="22.171615"></trkpt>
      <trkpt lat="48.410503" lon="22.171314"></trkpt>
      <trkpt lat="48.410009" lon="22.171404"></trkpt>
      <trkpt lat="48.410047" lon="22.172012"></trkpt>
      <trkpt lat="48.40901" lon="22.171277"></trkpt>
      <trkpt lat="48.408044" lon="22.170089"></trkpt>
      <trkpt lat="48.406811" lon="22.168925"></trkpt>
      <trkpt lat="48.404711" lon="22.16739"></trkpt>
      <trkpt lat="48.403558" lon="22.166763"></trkpt>
      <trkpt lat="48.402091" lon="22.166404"></trkpt>
      <trkpt lat="48.398795" lon="22.166428"></trkpt>
      <trkpt lat="48.397224" lon="22.166329"></trkpt>
      <trkpt lat="48.394737" lon="22.165786"></trkpt>
      <trkpt lat="48.392418" lon="22.164854"></trkpt>
      <trkpt lat="48.391359" lon="22.164261"></trkpt>
      <trkpt lat="48.389146" lon="22.162762"></trkpt>
      <trkpt lat="48.387594" lon="22.161418"></trkpt>
      <trkpt lat="48.386158" lon="22.159943"></trkpt>
      <trkpt lat="48.384363" lon="22.157664"></trkpt>
      <trkpt lat="48.3832" lon="22.155903"></trkpt>
      <trkpt lat="48.382367" lon="22.154498"></trkpt>
      <trkpt lat="48.379434" lon="22.148878"></trkpt>
      <trkpt lat="48.377294" lon="22.14566"></trkpt>
      <trkpt lat="48.375923" lon="22.143997"></trkpt>
      <trkpt lat="48.374879" lon="22.142948"></trkpt>
      <trkpt lat="48.374544" lon="22.142325"></trkpt>
      <trkpt lat="48.374136" lon="22.142234"></trkpt>
      <trkpt lat="48.372306" lon="22.140759"></trkpt>
      <trkpt lat="48.371321" lon="22.140102"></trkpt>
      <trkpt lat="48.369611" lon="22.139131"></trkpt>
      <trkpt lat="48.367435" lon="22.1382"></trkpt>
      <trkpt lat="48.352956" lon="22.13416"></trkpt>
      <trkpt lat="48.350251" lon="22.133297"></trkpt>
      <trkpt lat="48.348534" lon="22.132529"></trkpt>
      <trkpt lat="48.346655" lon="22.13147"></trkpt>
      <trkpt lat="48.338622" lon="22.125978"></trkpt>
      <trkpt lat="48.336692" lon="22.124871"></trkpt>
      <trkpt lat="48.33544" lon="22.124271"></trkpt>
      <trkpt lat="48.319468" lon="22.117866"></trkpt>
      <trkpt lat="48.317415" lon="22.117112"></trkpt>
      <trkpt lat="48.316233" lon="22.11681"></trkpt>
      <trkpt lat="48.309777" lon="22.115946"></trkpt>
      <trkpt lat="48.308213" lon="22.115501"></trkpt>
      <trkpt lat="48.306647" lon="22.11482"></trkpt>
      <trkpt lat="48.295694" lon="22.108097"></trkpt>
      <trkpt lat="48.295462" lon="22.107677"></trkpt>
      <trkpt lat="48.295105" lon="22.107731"></trkpt>
      <trkpt lat="48.287448" lon="22.102959"></trkpt>
      <trkpt lat="48.286013" lon="22.101923"></trkpt>
      <trkpt lat="48.283752" lon="22.099755"></trkpt>
      <trkpt lat="48.27858" lon="22.093144"></trkpt>
      <trkpt lat="48.27664" lon="22.091426"></trkpt>
      <trkpt lat="48.275153" lon="22.090567"></trkpt>
      <trkpt lat="48.27407" lon="22.090146"></trkpt>
      <trkpt lat="48.272753" lon="22.089847"></trkpt>
      <trkpt lat="48.271534" lon="22.089773"></trkpt>
      <trkpt lat="48.269896" lon="22.089975"></trkpt>
      <trkpt lat="48.268149" lon="22.090592"></trkpt>
      <trkpt lat="48.264067" lon="22.092774"></trkpt>
      <trkpt lat="48.262671" lon="22.093238"></trkpt>
      <trkpt lat="48.261604" lon="22.093411"></trkpt>
      <trkpt lat="48.260444" lon="22.093439"></trkpt>
      <trkpt lat="48.259374" lon="22.093311"></trkpt>
      <trkpt lat="48.258203" lon="22.092996"></trkpt>
      <trkpt lat="48.25693" lon="22.092432"></trkpt>
      <trkpt lat="48.255985" lon="22.091858"></trkpt>
      <trkpt lat="48.254916" lon="22.09102"></trkpt>
      <trkpt lat="48.25312" lon="22.089065"></trkpt>
      <trkpt lat="48.245857" lon="22.078641"></trkpt>
      <trkpt lat="48.245582" lon="22.077819"></trkpt>
      <trkpt lat="48.244552" lon="22.07675"></trkpt>
      <trkpt lat="48.239778" lon="22.069867"></trkpt>
      <trkpt lat="48.238492" lon="22.068169"></trkpt>
      <trkpt lat="48.23631" lon="22.06583"></trkpt>
      <trkpt lat="48.235179" lon="22.064876"></trkpt>
      <trkpt lat="48.233951" lon="22.06403"></trkpt>
      <trkpt lat="48.233576" lon="22.063574"></trkpt>
      <trkpt lat="48.233204" lon="22.063549"></trkpt>
      <trkpt lat="48.230751" lon="22.062387"></trkpt>
      <trkpt lat="48.213582" lon="22.055656"></trkpt>
      <trkpt lat="48.211286" lon="22.054562"></trkpt>
      <trkpt lat="48.207759" lon="22.052475"></trkpt>
      <trkpt lat="48.207403" lon="22.05197"></trkpt>
      <trkpt lat="48.206849" lon="22.051872"></trkpt>
      <trkpt lat="48.195479" lon="22.043981"></trkpt>
      <trkpt lat="48.193252" lon="22.04275"></trkpt>
      <trkpt lat="48.190882" lon="22.041956"></trkpt>
      <trkpt lat="48.188967" lon="22.041693"></trkpt>
      <trkpt lat="48.186524" lon="22.041752"></trkpt>
      <trkpt lat="48.182776" lon="22.042134"></trkpt>
      <trkpt lat="48.180629" lon="22.042073"></trkpt>
      <trkpt lat="48.178598" lon="22.04166"></trkpt>
      <trkpt lat="48.176699" lon="22.040942"></trkpt>
      <trkpt lat="48.174986" lon="22.039992"></trkpt>
      <trkpt lat="48.17366" lon="22.03905"></trkpt>
      <trkpt lat="48.160939" lon="22.028451"></trkpt>
      <trkpt lat="48.159656" lon="22.027651"></trkpt>
      <trkpt lat="48.159017" lon="22.027513"></trkpt>
      <trkpt lat="48.158293" lon="22.02755"></trkpt>
      <trkpt lat="48.15186" lon="22.028914"></trkpt>
      <trkpt lat="48.15079" lon="22.028768"></trkpt>
      <trkpt lat="48.149022" lon="22.02793"></trkpt>
      <trkpt lat="48.148372" lon="22.02776"></trkpt>
      <trkpt lat="48.147596" lon="22.027769"></trkpt>
      <trkpt lat="48.146226" lon="22.028111"></trkpt>
      <trkpt lat="48.145515" lon="22.028093"></trkpt>
      <trkpt lat="48.144865" lon="22.027901"></trkpt>
      <trkpt lat="48.14404" lon="22.027406"></trkpt>
      <trkpt lat="48.143136" lon="22.02646"></trkpt>
      <trkpt lat="48.141863" lon="22.023967"></trkpt>
      <trkpt lat="48.141172" lon="22.023067"></trkpt>
      <trkpt lat="48.121976" lon="22.006283"></trkpt>
      <trkpt lat="48.121383" lon="22.005397"></trkpt>
      <trkpt lat="48.12028" lon="22.003103"></trkpt>
      <trkpt lat="48.116675" lon="21.993445"></trkpt>
      <trkpt lat="48.116052" lon="21.99252"></trkpt>
      <trkpt lat="48.115137" lon="21.991645"></trkpt>
      <trkpt lat="48.11311" lon="21.990513"></trkpt>
      <trkpt lat="48.111022" lon="21.989584"></trkpt>
      <trkpt lat="48.103958" lon="21.987873"></trkpt>
      <trkpt lat="48.101121" lon="21.987433"></trkpt>
      <trkpt lat="48.098726" lon="21.987243"></trkpt>
      <trkpt lat="48.089363" lon="21.987077"></trkpt>
      <trkpt lat="48.088345" lon="21.986973"></trkpt>
      <trkpt lat="48.08738" lon="21.986772"></trkpt>
      <trkpt lat="48.086394" lon="21.986394"></trkpt>
      <trkpt lat="48.084769" lon="21.98537"></trkpt>
      <trkpt lat="48.083921" lon="21.984586"></trkpt>
      <trkpt lat="48.082941" lon="21.983403"></trkpt>
      <trkpt lat="48.082209" lon="21.982221"></trkpt>
      <trkpt lat="48.081265" lon="21.980332"></trkpt>
      <trkpt lat="48.076851" lon="21.970061"></trkpt>
      <trkpt lat="48.072163" lon="21.957536"></trkpt>
      <trkpt lat="48.07066" lon="21.952895"></trkpt>
      <trkpt lat="48.069218" lon="21.947519"></trkpt>
      <trkpt lat="48.067899" lon="21.941204"></trkpt>
      <trkpt lat="48.066937" lon="21.93506"></trkpt>
      <trkpt lat="48.066653" lon="21.933739"></trkpt>
      <trkpt lat="48.066238" lon="21.932487"></trkpt>
      <trkpt lat="48.065727" lon="21.931425"></trkpt>
      <trkpt lat="48.065004" lon="21.930387"></trkpt>
      <trkpt lat="48.061479" lon="21.927116"></trkpt>
      <trkpt lat="48.060245" lon="21.9257"></trkpt>
      <trkpt lat="48.059111" lon="21.923797"></trkpt>
      <trkpt lat="48.058345" lon="21.921952"></trkpt>
      <trkpt lat="48.057534" lon="21.919048"></trkpt>
      <trkpt lat="48.055393" lon="21.909631"></trkpt>
      <trkpt lat="48.054352" lon="21.905908"></trkpt>
      <trkpt lat="48.053948" lon="21.904893"></trkpt>
      <trkpt lat="48.052325" lon="21.901813"></trkpt>
      <trkpt lat="48.049734" lon="21.893533"></trkpt>
      <trkpt lat="48.046432" lon="21.886769"></trkpt>
      <trkpt lat="48.045764" lon="21.885322"></trkpt>
      <trkpt lat="48.045254" lon="21.883875"></trkpt>
      <trkpt lat="48.044553" lon="21.880479"></trkpt>
      <trkpt lat="48.043088" lon="21.867777"></trkpt>
      <trkpt lat="48.042504" lon="21.865728"></trkpt>
      <trkpt lat="48.04159" lon="21.863837"></trkpt>
      <trkpt lat="48.040633" lon="21.862552"></trkpt>
      <trkpt lat="48.038844" lon="21.860692"></trkpt>
      <trkpt lat="48.023547" lon="21.845189"></trkpt>
      <trkpt lat="48.022353" lon="21.844093"></trkpt>
      <trkpt lat="48.021236" lon="21.843346"></trkpt>
      <trkpt lat="48.020014" lon="21.84294"></trkpt>
      <trkpt lat="48.018736" lon="21.842834"></trkpt>
      <trkpt lat="48.012463" lon="21.844008"></trkpt>
      <trkpt lat="48.01196" lon="21.843826"></trkpt>
      <trkpt lat="48.011721" lon="21.844054"></trkpt>
      <trkpt lat="48.011349" lon="21.844197"></trkpt>
      <trkpt lat="48.009553" lon="21.844391"></trkpt>
      <trkpt lat="48.008304" lon="21.844212"></trkpt>
      <trkpt lat="48.007566" lon="21.843964"></trkpt>
      <trkpt lat="48.006678" lon="21.843515"></trkpt>
      <trkpt lat="48.005685" lon="21.842792"></trkpt>
      <trkpt lat="48.004607" lon="21.841688"></trkpt>
      <trkpt lat="48.00368" lon="21.840442"></trkpt>
      <trkpt lat="47.994234" lon="21.826219"></trkpt>
      <trkpt lat="47.992511" lon="21.824202"></trkpt>
      <trkpt lat="47.991479" lon="21.82321"></trkpt>
      <trkpt lat="47.990063" lon="21.822078"></trkpt>
      <trkpt lat="47.988906" lon="21.821326"></trkpt>
      <trkpt lat="47.987439" lon="21.820565"></trkpt>
      <trkpt lat="47.986061" lon="21.820038"></trkpt>
      <trkpt lat="47.984641" lon="21.819654"></trkpt>
      <trkpt lat="47.96366" lon="21.815682"></trkpt>
      <trkpt lat="47.962087" lon="21.81567"></trkpt>
      <trkpt lat="47.960684" lon="21.816016"></trkpt>
      <trkpt lat="47.959461" lon="21.816596"></trkpt>
      <trkpt lat="47.953686" lon="21.820228"></trkpt>
      <trkpt lat="47.951879" lon="21.820827"></trkpt>
      <trkpt lat="47.951383" lon="21.820861"></trkpt>
      <trkpt lat="47.950933" lon="21.820571"></trkpt>
      <trkpt lat="47.950627" lon="21.820847"></trkpt>
      <trkpt lat="47.950351" lon="21.820887"></trkpt>
      <trkpt lat="47.94897" lon="21.820636"></trkpt>
      <trkpt lat="47.943833" lon="21.819084"></trkpt>
      <trkpt lat="47.941955" lon="21.818698"></trkpt>
      <trkpt lat="47.940035" lon="21.818464"></trkpt>
      <trkpt lat="47.938077" lon="21.818377"></trkpt>
      <trkpt lat="47.935252" lon="21.81853"></trkpt>
      <trkpt lat="47.928072" lon="21.819698"></trkpt>
      <trkpt lat="47.926254" lon="21.819887"></trkpt>
      <trkpt lat="47.923992" lon="21.819938"></trkpt>
      <trkpt lat="47.922127" lon="21.819813"></trkpt>
      <trkpt lat="47.901827" lon="21.817307"></trkpt>
      <trkpt lat="47.900357" lon="21.817086"></trkpt>
      <trkpt lat="47.898987" lon="21.816472"></trkpt>
      <trkpt lat="47.897956" lon="21.815549"></trkpt>
      <trkpt lat="47.89733" lon="21.814718"></trkpt>
      <trkpt lat="47.896836" lon="21.813833"></trkpt>
      <trkpt lat="47.89571" lon="21.810799"></trkpt>
      <trkpt lat="47.894331" lon="21.806307"></trkpt>
      <trkpt lat="47.892277" lon="21.798412"></trkpt>
      <trkpt lat="47.891287" lon="21.79362"></trkpt>
      <trkpt lat="47.890481" lon="21.788547"></trkpt>
      <trkpt lat="47.890052" lon="21.785127"></trkpt>
      <trkpt lat="47.889564" lon="21.779661"></trkpt>
      <trkpt lat="47.887951" lon="21.750302"></trkpt>
      <trkpt lat="47.887448" lon="21.743428"></trkpt>
      <trkpt lat="47.88677" lon="21.737645"></trkpt>
      <trkpt lat="47.886225" lon="21.73411"></trkpt>
      <trkpt lat="47.883539" lon="21.720137"></trkpt>
      <trkpt lat="47.883189" lon="21.716782"></trkpt>
      <trkpt lat="47.883113" lon="21.713838"></trkpt>
      <trkpt lat="47.88329" lon="21.710565"></trkpt>
      <trkpt lat="47.88372" lon="21.707442"></trkpt>
      <trkpt lat="47.884301" lon="21.704783"></trkpt>
      <trkpt lat="47.885281" lon="21.701615"></trkpt>
      <trkpt lat="47.886251" lon="21.699257"></trkpt>
      <trkpt lat="47.887697" lon="21.696412"></trkpt>
      <trkpt lat="47.895789" lon="21.68288"></trkpt>
      <trkpt lat="47.896639" lon="21.681317"></trkpt>
      <trkpt lat="47.898279" lon="21.677823"></trkpt>
      <trkpt lat="47.899662" lon="21.674072"></trkpt>
      <trkpt lat="47.900804" lon="21.669988"></trkpt>
      <trkpt lat="47.901528" lon="21.666436"></trkpt>
      <trkpt lat="47.902123" lon="21.661712"></trkpt>
      <trkpt lat="47.902315" lon="21.658143"></trkpt>
      <trkpt lat="47.902323" lon="21.65549"></trkpt>
      <trkpt lat="47.902121" lon="21.65175"></trkpt>
      <trkpt lat="47.901757" lon="21.648549"></trkpt>
      <trkpt lat="47.901226" lon="21.645397"></trkpt>
      <trkpt lat="47.900585" lon="21.642576"></trkpt>
      <trkpt lat="47.897403" lon="21.631899"></trkpt>
      <trkpt lat="47.896485" lon="21.628132"></trkpt>
      <trkpt lat="47.896002" lon="21.625457"></trkpt>
      <trkpt lat="47.895697" lon="21.622896"></trkpt>
      <trkpt lat="47.895509" lon="21.618324"></trkpt>
      <trkpt lat="47.895802" lon="21.613255"></trkpt>
      <trkpt lat="47.896568" lon="21.608721"></trkpt>
      <trkpt lat="47.897843" lon="21.603999"></trkpt>
      <trkpt lat="47.901429" lon="21.593734"></trkpt>
      <trkpt lat="47.902134" lon="21.591385"></trkpt>
      <trkpt lat="47.903204" lon="21.58652"></trkpt>
      <trkpt lat="47.903758" lon="21.581507"></trkpt>
      <trkpt lat="47.903832" lon="21.57763"></trkpt>
      <trkpt lat="47.903499" lon="21.57259"></trkpt>
      <trkpt lat="47.902856" lon="21.568412"></trkpt>
      <trkpt lat="47.900952" lon="21.558939"></trkpt>
      <trkpt lat="47.899973" lon="21.553236"></trkpt>
      <trkpt lat="47.899431" lon="21.548435"></trkpt>
      <trkpt lat="47.899217" lon="21.543449"></trkpt>
      <trkpt lat="47.899347" lon="21.538687"></trkpt>
      <trkpt lat="47.899848" lon="21.533567"></trkpt>
      <trkpt lat="47.900452" lon="21.529577"></trkpt>
      <trkpt lat="47.902864" lon="21.516283"></trkpt>
      <trkpt lat="47.903679" lon="21.509698"></trkpt>
      <trkpt lat="47.903892" lon="21.504772"></trkpt>
      <trkpt lat="47.903762" lon="21.499901"></trkpt>
      <trkpt lat="47.903325" lon="21.49534"></trkpt>
      <trkpt lat="47.902742" lon="21.491644"></trkpt>
      <trkpt lat="47.901616" lon="21.486721"></trkpt>
      <trkpt lat="47.899926" lon="21.481446"></trkpt>
      <trkpt lat="47.898082" lon="21.476979"></trkpt>
      <trkpt lat="47.893363" lon="21.466895"></trkpt>
      <trkpt lat="47.891902" lon="21.463497"></trkpt>
      <trkpt lat="47.890027" lon="21.458441"></trkpt>
      <trkpt lat="47.888809" lon="21.454465"></trkpt>
      <trkpt lat="47.887552" lon="21.449402"></trkpt>
      <trkpt lat="47.886511" lon="21.443869"></trkpt>
      <trkpt lat="47.882323" lon="21.413038"></trkpt>
      <trkpt lat="47.881707" lon="21.409433"></trkpt>
      <trkpt lat="47.880653" lon="21.404345"></trkpt>
      <trkpt lat="47.879255" lon="21.398857"></trkpt>
      <trkpt lat="47.877355" lon="21.392744"></trkpt>
      <trkpt lat="47.874956" lon="21.386379"></trkpt>
      <trkpt lat="47.872716" lon="21.381349"></trkpt>
      <trkpt lat="47.8697" lon="21.375562"></trkpt>
      <trkpt lat="47.867648" lon="21.372072"></trkpt>
      <trkpt lat="47.864808" lon="21.367572"></trkpt>
      <trkpt lat="47.860714" lon="21.361601"></trkpt>
      <trkpt lat="47.855814" lon="21.355143"></trkpt>
      <trkpt lat="47.850236" lon="21.348589"></trkpt>
      <trkpt lat="47.844626" lon="21.342743"></trkpt>
      <trkpt lat="47.839672" lon="21.338138"></trkpt>
      <trkpt lat="47.829371" lon="21.329246"></trkpt>
      <trkpt lat="47.82689" lon="21.326788"></trkpt>
      <trkpt lat="47.824592" lon="21.324286"></trkpt>
      <trkpt lat="47.821408" lon="21.320396"></trkpt>
      <trkpt lat="47.818761" lon="21.316788"></trkpt>
      <trkpt lat="47.80388" lon="21.295441"></trkpt>
      <trkpt lat="47.801683" lon="21.291863"></trkpt>
      <trkpt lat="47.799735" lon="21.288091"></trkpt>
      <trkpt lat="47.798053" lon="21.28416"></trkpt>
      <trkpt lat="47.796215" lon="21.278724"></trkpt>
      <trkpt lat="47.795109" lon="21.274424"></trkpt>
      <trkpt lat="47.794209" lon="21.269689"></trkpt>
      <trkpt lat="47.793651" lon="21.265324"></trkpt>
      <trkpt lat="47.793366" lon="21.260184"></trkpt>
      <trkpt lat="47.793437" lon="21.256147"></trkpt>
      <trkpt lat="47.793871" lon="21.251436"></trkpt>
      <trkpt lat="47.794516" lon="21.247513"></trkpt>
      <trkpt lat="47.796333" lon="21.238717"></trkpt>
      <trkpt lat="47.797333" lon="21.232686"></trkpt>
      <trkpt lat="47.80465" lon="21.177908"></trkpt>
      <trkpt lat="47.805325" lon="21.174179"></trkpt>
      <trkpt lat="47.806108" lon="21.171003"></trkpt>
      <trkpt lat="47.807098" lon="21.167981"></trkpt>
      <trkpt lat="47.808015" lon="21.165728"></trkpt>
      <trkpt lat="47.809064" lon="21.163557"></trkpt>
      <trkpt lat="47.81041" lon="21.16123"></trkpt>
      <trkpt lat="47.812173" lon="21.158735"></trkpt>
      <trkpt lat="47.813733" lon="21.156928"></trkpt>
      <trkpt lat="47.814961" lon="21.155719"></trkpt>
      <trkpt lat="47.816929" lon="21.154119"></trkpt>
      <trkpt lat="47.818475" lon="21.153108"></trkpt>
      <trkpt lat="47.82062" lon="21.152033"></trkpt>
      <trkpt lat="47.822509" lon="21.151356"></trkpt>
      <trkpt lat="47.823595" lon="21.151096"></trkpt>
      <trkpt lat="47.825415" lon="21.150826"></trkpt>
      <trkpt lat="47.826728" lon="21.150769"></trkpt>
      <trkpt lat="47.829706" lon="21.150988"></trkpt>
      <trkpt lat="47.836299" lon="21.152128"></trkpt>
      <trkpt lat="47.83813" lon="21.152239"></trkpt>
      <trkpt lat="47.83931" lon="21.152094"></trkpt>
      <trkpt lat="47.840183" lon="21.151861"></trkpt>
      <trkpt lat="47.842048" lon="21.150998"></trkpt>
      <trkpt lat="47.844041" lon="21.149431"></trkpt>
      <trkpt lat="47.844935" lon="21.148451"></trkpt>
      <trkpt lat="47.846107" lon="21.146801"></trkpt>
      <trkpt lat="47.847492" lon="21.144018"></trkpt>
      <trkpt lat="47.848108" lon="21.142251"></trkpt>
      <trkpt lat="47.848533" lon="21.140565"></trkpt>
      <trkpt lat="47.848979" lon="21.137662"></trkpt>
      <trkpt lat="47.84906" lon="21.134761"></trkpt>
      <trkpt lat="47.848919" lon="21.132734"></trkpt>
      <trkpt lat="47.848251" lon="21.127265"></trkpt>
      <trkpt lat="47.848075" lon="21.12186"></trkpt>
      <trkpt lat="47.849119" lon="21.099608"></trkpt>
      <trkpt lat="47.849189" lon="21.095835"></trkpt>
      <trkpt lat="47.84895" lon="21.091963"></trkpt>
      <trkpt lat="47.847494" lon="21.079395"></trkpt>
      <trkpt lat="47.847427" lon="21.076062"></trkpt>
      <trkpt lat="47.847635" lon="21.073051"></trkpt>
      <trkpt lat="47.847944" lon="21.070892"></trkpt>
      <trkpt lat="47.848408" lon="21.068712"></trkpt>
      <trkpt lat="47.849062" lon="21.066452"></trkpt>
      <trkpt lat="47.84993" lon="21.064152"></trkpt>
      <trkpt lat="47.850821" lon="21.062266"></trkpt>
      <trkpt lat="47.851923" lon="21.060343"></trkpt>
      <trkpt lat="47.858586" lon="21.04987"></trkpt>
      <trkpt lat="47.860257" lon="21.046815"></trkpt>
      <trkpt lat="47.861321" lon="21.044343"></trkpt>
      <trkpt lat="47.862291" lon="21.041519"></trkpt>
      <trkpt lat="47.862838" lon="21.039501"></trkpt>
      <trkpt lat="47.863474" lon="21.036381"></trkpt>
      <trkpt lat="47.863963" lon="21.032272"></trkpt>
      <trkpt lat="47.864081" lon="21.029374"></trkpt>
      <trkpt lat="47.863757" lon="21.004406"></trkpt>
      <trkpt lat="47.863837" lon="21.000779"></trkpt>
      <trkpt lat="47.864213" lon="20.995923"></trkpt>
      <trkpt lat="47.865006" lon="20.990459"></trkpt>
      <trkpt lat="47.865864" lon="20.986388"></trkpt>
      <trkpt lat="47.870719" lon="20.968617"></trkpt>
      <trkpt lat="47.871731" lon="20.964188"></trkpt>
      <trkpt lat="47.872604" lon="20.959485"></trkpt>
      <trkpt lat="47.873093" lon="20.956188"></trkpt>
      <trkpt lat="47.873663" lon="20.951071"></trkpt>
      <trkpt lat="47.875169" lon="20.92911"></trkpt>
      <trkpt lat="47.87618" lon="20.920267"></trkpt>
      <trkpt lat="47.877217" lon="20.91408"></trkpt>
      <trkpt lat="47.883146" lon="20.883948"></trkpt>
      <trkpt lat="47.884021" lon="20.878249"></trkpt>
      <trkpt lat="47.884726" lon="20.870965"></trkpt>
      <trkpt lat="47.884976" lon="20.86441"></trkpt>
      <trkpt lat="47.884946" lon="20.860259"></trkpt>
      <trkpt lat="47.884775" lon="20.856131"></trkpt>
      <trkpt lat="47.884203" lon="20.849595"></trkpt>
      <trkpt lat="47.883655" lon="20.845426"></trkpt>
      <trkpt lat="47.882898" lon="20.84109"></trkpt>
      <trkpt lat="47.882012" lon="20.836938"></trkpt>
      <trkpt lat="47.880845" lon="20.832336"></trkpt>
      <trkpt lat="47.863907" lon="20.769222"></trkpt>
      <trkpt lat="47.86211" lon="20.763394"></trkpt>
      <trkpt lat="47.861001" lon="20.760557"></trkpt>
      <trkpt lat="47.859979" lon="20.758375"></trkpt>
      <trkpt lat="47.858256" lon="20.75533"></trkpt>
      <trkpt lat="47.856345" lon="20.752621"></trkpt>
      <trkpt lat="47.854116" lon="20.7501"></trkpt>
      <trkpt lat="47.851982" lon="20.748192"></trkpt>
      <trkpt lat="47.849907" lon="20.746727"></trkpt>
      <trkpt lat="47.847874" lon="20.745593"></trkpt>
      <trkpt lat="47.84021" lon="20.742253"></trkpt>
      <trkpt lat="47.835765" lon="20.739739"></trkpt>
      <trkpt lat="47.832659" lon="20.737569"></trkpt>
      <trkpt lat="47.830033" lon="20.735447"></trkpt>
      <trkpt lat="47.827505" lon="20.733124"></trkpt>
      <trkpt lat="47.824964" lon="20.730492"></trkpt>
      <trkpt lat="47.82269" lon="20.727852"></trkpt>
      <trkpt lat="47.820609" lon="20.725139"></trkpt>
      <trkpt lat="47.818345" lon="20.721854"></trkpt>
      <trkpt lat="47.816236" lon="20.71841"></trkpt>
      <trkpt lat="47.814133" lon="20.71455"></trkpt>
      <trkpt lat="47.812485" lon="20.711131"></trkpt>
      <trkpt lat="47.8113" lon="20.70844"></trkpt>
      <trkpt lat="47.80961" lon="20.704074"></trkpt>
      <trkpt lat="47.807977" lon="20.699174"></trkpt>
      <trkpt lat="47.806861" lon="20.695227"></trkpt>
      <trkpt lat="47.805737" lon="20.690503"></trkpt>
      <trkpt lat="47.805064" lon="20.687119"></trkpt>
      <trkpt lat="47.804025" lon="20.680206"></trkpt>
      <trkpt lat="47.802888" lon="20.669136"></trkpt>
      <trkpt lat="47.802268" lon="20.664179"></trkpt>
      <trkpt lat="47.801049" lon="20.65739"></trkpt>
      <trkpt lat="47.799754" lon="20.651963"></trkpt>
      <trkpt lat="47.798082" lon="20.646304"></trkpt>
      <trkpt lat="47.778293" lon="20.587862"></trkpt>
      <trkpt lat="47.777374" lon="20.584939"></trkpt>
      <trkpt lat="47.775919" lon="20.579586"></trkpt>
      <trkpt lat="47.774512" lon="20.572858"></trkpt>
      <trkpt lat="47.773625" lon="20.56708"></trkpt>
      <trkpt lat="47.773039" lon="20.561355"></trkpt>
      <trkpt lat="47.771434" lon="20.5407"></trkpt>
      <trkpt lat="47.770882" lon="20.535867"></trkpt>
      <trkpt lat="47.769938" lon="20.53007"></trkpt>
      <trkpt lat="47.768818" lon="20.52484"></trkpt>
      <trkpt lat="47.767936" lon="20.521448"></trkpt>
      <trkpt lat="47.756963" lon="20.483183"></trkpt>
      <trkpt lat="47.756229" lon="20.480342"></trkpt>
      <trkpt lat="47.755476" lon="20.476332"></trkpt>
      <trkpt lat="47.753412" lon="20.460046"></trkpt>
      <trkpt lat="47.752665" lon="20.456675"></trkpt>
      <trkpt lat="47.752031" lon="20.454761"></trkpt>
      <trkpt lat="47.75125" lon="20.452945"></trkpt>
      <trkpt lat="47.750093" lon="20.450854"></trkpt>
      <trkpt lat="47.748834" lon="20.449096"></trkpt>
      <trkpt lat="47.747834" lon="20.447994"></trkpt>
      <trkpt lat="47.74678" lon="20.447038"></trkpt>
      <trkpt lat="47.742642" lon="20.444117"></trkpt>
      <trkpt lat="47.741275" lon="20.442973"></trkpt>
      <trkpt lat="47.738096" lon="20.439629"></trkpt>
      <trkpt lat="47.735896" lon="20.43694"></trkpt>
      <trkpt lat="47.734568" lon="20.434681"></trkpt>
      <trkpt lat="47.73352" lon="20.432271"></trkpt>
      <trkpt lat="47.732475" lon="20.428754"></trkpt>
      <trkpt lat="47.731744" lon="20.425279"></trkpt>
      <trkpt lat="47.731217" lon="20.421372"></trkpt>
      <trkpt lat="47.731007" lon="20.418365"></trkpt>
      <trkpt lat="47.72924" lon="20.364164"></trkpt>
      <trkpt lat="47.729037" lon="20.360352"></trkpt>
      <trkpt lat="47.728512" lon="20.354791"></trkpt>
      <trkpt lat="47.727781" lon="20.349645"></trkpt>
      <trkpt lat="47.727095" lon="20.345845"></trkpt>
      <trkpt lat="47.725329" lon="20.337835"></trkpt>
      <trkpt lat="47.724608" lon="20.334085"></trkpt>
      <trkpt lat="47.723904" lon="20.329547"></trkpt>
      <trkpt lat="47.723416" lon="20.325199"></trkpt>
      <trkpt lat="47.722936" lon="20.317255"></trkpt>
      <trkpt lat="47.722417" lon="20.290535"></trkpt>
      <trkpt lat="47.722123" lon="20.285781"></trkpt>
      <trkpt lat="47.721799" lon="20.283343"></trkpt>
      <trkpt lat="47.721153" lon="20.280027"></trkpt>
      <trkpt lat="47.713494" lon="20.248133"></trkpt>
      <trkpt lat="47.712591" lon="20.243884"></trkpt>
      <trkpt lat="47.71214" lon="20.240976"></trkpt>
      <trkpt lat="47.711803" lon="20.237481"></trkpt>
      <trkpt lat="47.711668" lon="20.233232"></trkpt>
      <trkpt lat="47.71175" lon="20.230349"></trkpt>
      <trkpt lat="47.712621" lon="20.215696"></trkpt>
      <trkpt lat="47.712669" lon="20.21125"></trkpt>
      <trkpt lat="47.712388" lon="20.204943"></trkpt>
      <trkpt lat="47.711888" lon="20.200075"></trkpt>
      <trkpt lat="47.711088" lon="20.19488"></trkpt>
      <trkpt lat="47.70791" lon="20.17917"></trkpt>
      <trkpt lat="47.706998" lon="20.174044"></trkpt>
      <trkpt lat="47.706129" lon="20.16654"></trkpt>
      <trkpt lat="47.705862" lon="20.161208"></trkpt>
      <trkpt lat="47.705862" lon="20.1569"></trkpt>
      <trkpt lat="47.706694" lon="20.141194"></trkpt>
      <trkpt lat="47.70684" lon="20.1344"></trkpt>
      <trkpt lat="47.706555" lon="20.096959"></trkpt>
      <trkpt lat="47.706213" lon="20.088998"></trkpt>
      <trkpt lat="47.704398" lon="20.069227"></trkpt>
      <trkpt lat="47.704117" lon="20.063215"></trkpt>
      <trkpt lat="47.704174" lon="20.055946"></trkpt>
      <trkpt lat="47.706199" lon="20.023092"></trkpt>
      <trkpt lat="47.706718" lon="20.018603"></trkpt>
      <trkpt lat="47.707475" lon="20.01515"></trkpt>
      <trkpt lat="47.708953" lon="20.010963"></trkpt>
      <trkpt lat="47.710415" lon="20.008015"></trkpt>
      <trkpt lat="47.722793" lon="19.988225"></trkpt>
      <trkpt lat="47.725312" lon="19.983741"></trkpt>
      <trkpt lat="47.726755" lon="19.980693"></trkpt>
      <trkpt lat="47.728746" lon="19.975605"></trkpt>
      <trkpt lat="47.730295" lon="19.97042"></trkpt>
      <trkpt lat="47.731382" lon="19.96552"></trkpt>
      <trkpt lat="47.732269" lon="19.95943"></trkpt>
      <trkpt lat="47.732586" lon="19.955581"></trkpt>
      <trkpt lat="47.732693" lon="19.952475"></trkpt>
      <trkpt lat="47.732671" lon="19.948713"></trkpt>
      <trkpt lat="47.73249" lon="19.945147"></trkpt>
      <trkpt lat="47.73203" lon="19.940451"></trkpt>
      <trkpt lat="47.729049" lon="19.917423"></trkpt>
      <trkpt lat="47.728171" lon="19.908937"></trkpt>
      <trkpt lat="47.727542" lon="19.899121"></trkpt>
      <trkpt lat="47.7261" lon="19.869123"></trkpt>
      <trkpt lat="47.725451" lon="19.861612"></trkpt>
      <trkpt lat="47.724454" lon="19.855212"></trkpt>
      <trkpt lat="47.723656" lon="19.851544"></trkpt>
      <trkpt lat="47.722431" lon="19.846927"></trkpt>
      <trkpt lat="47.720963" lon="19.842395"></trkpt>
      <trkpt lat="47.719646" lon="19.83894"></trkpt>
      <trkpt lat="47.717916" lon="19.834948"></trkpt>
      <trkpt lat="47.711203" lon="19.820579"></trkpt>
      <trkpt lat="47.710204" lon="19.818169"></trkpt>
      <trkpt lat="47.709314" lon="19.815592"></trkpt>
      <trkpt lat="47.708094" lon="19.810726"></trkpt>
      <trkpt lat="47.704816" lon="19.792008"></trkpt>
      <trkpt lat="47.703104" lon="19.785071"></trkpt>
      <trkpt lat="47.701305" lon="19.779368"></trkpt>
      <trkpt lat="47.686258" lon="19.734837"></trkpt>
      <trkpt lat="47.684801" lon="19.729733"></trkpt>
      <trkpt lat="47.684221" lon="19.727022"></trkpt>
      <trkpt lat="47.683813" lon="19.724108"></trkpt>
      <trkpt lat="47.683618" lon="19.720398"></trkpt>
      <trkpt lat="47.683702" lon="19.717307"></trkpt>
      <trkpt lat="47.684158" lon="19.713567"></trkpt>
      <trkpt lat="47.684622" lon="19.711119"></trkpt>
      <trkpt lat="47.687031" lon="19.701176"></trkpt>
      <trkpt lat="47.687604" lon="19.698308"></trkpt>
      <trkpt lat="47.688114" lon="19.694683"></trkpt>
      <trkpt lat="47.688379" lon="19.691302"></trkpt>
      <trkpt lat="47.688447" lon="19.687726"></trkpt>
      <trkpt lat="47.688255" lon="19.683574"></trkpt>
      <trkpt lat="47.687901" lon="19.680346"></trkpt>
      <trkpt lat="47.687111" lon="19.675948"></trkpt>
      <trkpt lat="47.685858" lon="19.67122"></trkpt>
      <trkpt lat="47.683953" lon="19.665727"></trkpt>
      <trkpt lat="47.670478" lon="19.631369"></trkpt>
      <trkpt lat="47.668909" lon="19.627012"></trkpt>
      <trkpt lat="47.667679" lon="19.623017"></trkpt>
      <trkpt lat="47.65495" lon="19.575189"></trkpt>
      <trkpt lat="47.653438" lon="19.568614"></trkpt>
      <trkpt lat="47.650579" lon="19.553928"></trkpt>
      <trkpt lat="47.64994" lon="19.551118"></trkpt>
      <trkpt lat="47.643269" lon="19.529461"></trkpt>
      <trkpt lat="47.642414" lon="19.525506"></trkpt>
      <trkpt lat="47.641897" lon="19.520908"></trkpt>
      <trkpt lat="47.640713" lon="19.492676"></trkpt>
      <trkpt lat="47.640518" lon="19.489984"></trkpt>
      <trkpt lat="47.640164" lon="19.487263"></trkpt>
      <trkpt lat="47.63953" lon="19.484436"></trkpt>
      <trkpt lat="47.638724" lon="19.482068"></trkpt>
      <trkpt lat="47.635874" lon="19.476316"></trkpt>
      <trkpt lat="47.634616" lon="19.473245"></trkpt>
      <trkpt lat="47.633719" lon="19.470416"></trkpt>
      <trkpt lat="47.631513" lon="19.462176"></trkpt>
      <trkpt lat="47.630701" lon="19.458228"></trkpt>
      <trkpt lat="47.629331" lon="19.4495"></trkpt>
      <trkpt lat="47.626813" lon="19.439701"></trkpt>
      <trkpt lat="47.626073" lon="19.435941"></trkpt>
      <trkpt lat="47.625558" lon="19.431777"></trkpt>
      <trkpt lat="47.624865" lon="19.421544"></trkpt>
      <trkpt lat="47.624543" lon="19.4192"></trkpt>
      <trkpt lat="47.624042" lon="19.416924"></trkpt>
      <trkpt lat="47.622887" lon="19.413569"></trkpt>
      <trkpt lat="47.621538" lon="19.410918"></trkpt>
      <trkpt lat="47.620469" lon="19.409342"></trkpt>
      <trkpt lat="47.619154" lon="19.407804"></trkpt>
      <trkpt lat="47.615942" lon="19.405085"></trkpt>
      <trkpt lat="47.614834" lon="19.40385"></trkpt>
      <trkpt lat="47.61402" lon="19.402544"></trkpt>
      <trkpt lat="47.613491" lon="19.401365"></trkpt>
      <trkpt lat="47.612833" lon="19.39902"></trkpt>
      <trkpt lat="47.612517" lon="19.396502"></trkpt>
      <trkpt lat="47.61251" lon="19.393942"></trkpt>
      <trkpt lat="47.613364" lon="19.383229"></trkpt>
      <trkpt lat="47.614104" lon="19.379318"></trkpt>
      <trkpt lat="47.615567" lon="19.374403"></trkpt>
      <trkpt lat="47.616298" lon="19.371326"></trkpt>
      <trkpt lat="47.616868" lon="19.367078"></trkpt>
      <trkpt lat="47.616974" lon="19.363187"></trkpt>
      <trkpt lat="47.616845" lon="19.359687"></trkpt>
      <trkpt lat="47.616526" lon="19.355413"></trkpt>
      <trkpt lat="47.612865" lon="19.312409"></trkpt>
      <trkpt lat="47.612326" lon="19.308573"></trkpt>
      <trkpt lat="47.61191" lon="19.306648"></trkpt>
      <trkpt lat="47.611125" lon="19.304095"></trkpt>
      <trkpt lat="47.602844" lon="19.285356"></trkpt>
      <trkpt lat="47.601594" lon="19.281829"></trkpt>
      <trkpt lat="47.600871" lon="19.278966"></trkpt>
      <trkpt lat="47.600417" lon="19.275889"></trkpt>
      <trkpt lat="47.600265" lon="19.271977"></trkpt>
      <trkpt lat="47.60039" lon="19.268595"></trkpt>
      <trkpt lat="47.601322" lon="19.256704"></trkpt>
      <trkpt lat="47.601216" lon="19.254004"></trkpt>
      <trkpt lat="47.600836" lon="19.252072"></trkpt>
      <trkpt lat="47.60032" lon="19.250551"></trkpt>
      <trkpt lat="47.599456" lon="19.24889"></trkpt>
      <trkpt lat="47.598411" lon="19.247559"></trkpt>
      <trkpt lat="47.596354" lon="19.245451"></trkpt>
      <trkpt lat="47.59495" lon="19.24329"></trkpt>
      <trkpt lat="47.593667" lon="19.240172"></trkpt>
      <trkpt lat="47.59285" lon="19.236831"></trkpt>
      <trkpt lat="47.592398" lon="19.233015"></trkpt>
      <trkpt lat="47.592289" lon="19.228884"></trkpt>
      <trkpt lat="47.592436" lon="19.225213"></trkpt>
      <trkpt lat="47.593669" lon="19.209203"></trkpt>
      <trkpt lat="47.593801" lon="19.205104"></trkpt>
      <trkpt lat="47.593768" lon="19.201989"></trkpt>
      <trkpt lat="47.593582" lon="19.198721"></trkpt>
      <trkpt lat="47.593051" lon="19.194617"></trkpt>
      <trkpt lat="47.592266" lon="19.191069"></trkpt>
      <trkpt lat="47.591204" lon="19.187796"></trkpt>
      <trkpt lat="47.589222" lon="19.183368"></trkpt>
      <trkpt lat="47.586397" lon="19.178363"></trkpt>
      <trkpt lat="47.564764" lon="19.143079"></trkpt>
      <trkpt lat="47.561244" lon="19.137543"></trkpt>
      <trkpt lat="47.557426" lon="19.132253"></trkpt>
      <trkpt lat="47.546721" lon="19.118477"></trkpt>
      <trkpt lat="47.539091" lon="19.107833"></trkpt>
      <trkpt lat="47.536001" lon="19.104285"></trkpt>
      <trkpt lat="47.534238" lon="19.102648"></trkpt>
      <trkpt lat="47.526315" lon="19.09723"></trkpt>
      <trkpt lat="47.524103" lon="19.095302"></trkpt>
      <trkpt lat="47.521224" lon="19.091608"></trkpt>
      <trkpt lat="47.520541" lon="19.090195"></trkpt>
      <trkpt lat="47.520003" lon="19.087783"></trkpt>
      <trkpt lat="47.519623" lon="19.08718"></trkpt>
      <trkpt lat="47.519345" lon="19.087133"></trkpt>
      <trkpt lat="47.519042" lon="19.087376"></trkpt>
      <trkpt lat="47.518259" lon="19.089045"></trkpt>
      <trkpt lat="47.515246" lon="19.093557"></trkpt>
      <trkpt lat="47.511453" lon="19.098781"></trkpt>
      <trkpt lat="47.504744" lon="19.08997"></trkpt>
      <trkpt lat="47.503964" lon="19.088894"></trkpt>
      <trkpt lat="47.499613" lon="19.079611"></trkpt>
      <trkpt lat="47.497175" lon="19.070441"></trkpt>
      <trkpt lat="47.495766" lon="19.065712"></trkpt>
      <trkpt lat="47.49322" lon="19.055679"></trkpt>
      <trkpt lat="47.491987" lon="19.052477"></trkpt>
      <trkpt lat="47.491702" lon="19.051421"></trkpt>
      <trkpt lat="47.490099" lon="19.046942"></trkpt>
      <trkpt lat="47.490061" lon="19.046139"></trkpt>
      <trkpt lat="47.490902" lon="19.044801"></trkpt>
      <trkpt lat="47.490791" lon="19.04444"></trkpt>
      <trkpt lat="47.490333" lon="19.044171"></trkpt>
      <trkpt lat="47.49025" lon="19.04397"></trkpt>
      <trkpt lat="47.490662" lon="19.040757"></trkpt>
      <trkpt lat="47.490699" lon="19.039226"></trkpt>
      <trkpt lat="47.490426" lon="19.037807"></trkpt>
      <trkpt lat="47.488863" lon="19.033687"></trkpt>
      <trkpt lat="47.48835" lon="19.030251"></trkpt>
      <trkpt lat="47.488389" lon="19.029273"></trkpt>
      <trkpt lat="47.48819" lon="19.026563"></trkpt>
      <trkpt lat="47.48781" lon="19.025245"></trkpt>
      <trkpt lat="47.487209" lon="19.024571"></trkpt>
      <trkpt lat="47.486454" lon="19.024376"></trkpt>
      <trkpt lat="47.485701" lon="19.024704"></trkpt>
      <trkpt lat="47.484724" lon="19.025546"></trkpt>
      <trkpt lat="47.482587" lon="19.026684"></trkpt>
      <trkpt lat="47.481944" lon="19.026804"></trkpt>
      <trkpt lat="47.4812" lon="19.026741"></trkpt>
      <trkpt lat="47.4795" lon="19.02632"></trkpt>
      <trkpt lat="47.475587" lon="19.023745"></trkpt>
      <trkpt lat="47.474367" lon="19.022714"></trkpt>
      <trkpt lat="47.47219" lon="19.021396"></trkpt>
      <trkpt lat="47.471071" lon="19.020204"></trkpt>
      <trkpt lat="47.466857" lon="19.016703"></trkpt>
      <trkpt lat="47.465752" lon="19.015368"></trkpt>
      <trkpt lat="47.464856" lon="19.013799"></trkpt>
      <trkpt lat="47.463233" lon="19.010043"></trkpt>
      <trkpt lat="47.462194" lon="19.006494"></trkpt>
      <trkpt lat="47.461291" lon="19.00234"></trkpt>
      <trkpt lat="47.458972" lon="18.988276"></trkpt>
      <trkpt lat="47.458574" lon="18.986358"></trkpt>
      <trkpt lat="47.45792" lon="18.983755"></trkpt>
      <trkpt lat="47.453999" lon="18.970478"></trkpt>
      <trkpt lat="47.453049" lon="18.965683"></trkpt>
      <trkpt lat="47.452513" lon="18.960952"></trkpt>
      <trkpt lat="47.452311" lon="18.954452"></trkpt>
      <trkpt lat="47.452096" lon="18.929678"></trkpt>
      <trkpt lat="47.452149" lon="18.927685"></trkpt>
      <trkpt lat="47.452581" lon="18.922834"></trkpt>
      <trkpt lat="47.452578" lon="18.920733"></trkpt>
      <trkpt lat="47.452366" lon="18.918602"></trkpt>
      <trkpt lat="47.451993" lon="18.91707"></trkpt>
      <trkpt lat="47.451539" lon="18.915873"></trkpt>
      <trkpt lat="47.450841" lon="18.914549"></trkpt>
      <trkpt lat="47.449667" lon="18.91307"></trkpt>
      <trkpt lat="47.447288" lon="18.910526"></trkpt>
      <trkpt lat="47.428947" lon="18.891968"></trkpt>
      <trkpt lat="47.425113" lon="18.888264"></trkpt>
      <trkpt lat="47.421814" lon="18.885437"></trkpt>
      <trkpt lat="47.418928" lon="18.883233"></trkpt>
      <trkpt lat="47.409646" lon="18.877148"></trkpt>
      <trkpt lat="47.405714" lon="18.874344"></trkpt>
      <trkpt lat="47.402739" lon="18.871687"></trkpt>
      <trkpt lat="47.400755" lon="18.869469"></trkpt>
      <trkpt lat="47.398632" lon="18.866558"></trkpt>
      <trkpt lat="47.396233" lon="18.862404"></trkpt>
      <trkpt lat="47.394513" lon="18.858891"></trkpt>
      <trkpt lat="47.386893" lon="18.84211"></trkpt>
      <trkpt lat="47.385656" lon="18.839999"></trkpt>
      <trkpt lat="47.384281" lon="18.838084"></trkpt>
      <trkpt lat="47.382561" lon="18.836171"></trkpt>
      <trkpt lat="47.380442" lon="18.834356"></trkpt>
      <trkpt lat="47.369956" lon="18.826794"></trkpt>
      <trkpt lat="47.367076" lon="18.824601"></trkpt>
      <trkpt lat="47.365293" lon="18.823021"></trkpt>
      <trkpt lat="47.363201" lon="18.820776"></trkpt>
      <trkpt lat="47.361665" lon="18.818817"></trkpt>
      <trkpt lat="47.360157" lon="18.816572"></trkpt>
      <trkpt lat="47.354365" lon="18.806205"></trkpt>
      <trkpt lat="47.351456" lon="18.801583"></trkpt>
      <trkpt lat="47.348506" lon="18.797387"></trkpt>
      <trkpt lat="47.344771" lon="18.792735"></trkpt>
      <trkpt lat="47.330287" lon="18.776106"></trkpt>
      <trkpt lat="47.327903" lon="18.773145"></trkpt>
      <trkpt lat="47.326397" lon="18.770816"></trkpt>
      <trkpt lat="47.317529" lon="18.755101"></trkpt>
      <trkpt lat="47.315348" lon="18.751815"></trkpt>
      <trkpt lat="47.313459" lon="18.749593"></trkpt>
      <trkpt lat="47.311293" lon="18.747568"></trkpt>
      <trkpt lat="47.308877" lon="18.745831"></trkpt>
      <trkpt lat="47.299861" lon="18.740138"></trkpt>
      <trkpt lat="47.29817" lon="18.738612"></trkpt>
      <trkpt lat="47.296692" lon="18.736788"></trkpt>
      <trkpt lat="47.295303" lon="18.734474"></trkpt>
      <trkpt lat="47.287253" lon="18.718926"></trkpt>
      <trkpt lat="47.285544" lon="18.715918"></trkpt>
      <trkpt lat="47.283355" lon="18.71284"></trkpt>
      <trkpt lat="47.276257" lon="18.705023"></trkpt>
      <trkpt lat="47.273852" lon="18.701854"></trkpt>
      <trkpt lat="47.271991" lon="18.698701"></trkpt>
      <trkpt lat="47.261136" lon="18.678144"></trkpt>
      <trkpt lat="47.259411" lon="18.675059"></trkpt>
      <trkpt lat="47.257599" lon="18.67234"></trkpt>
      <trkpt lat="47.253374" lon="18.667065"></trkpt>
      <trkpt lat="47.251226" lon="18.663762"></trkpt>
      <trkpt lat="47.249517" lon="18.660316"></trkpt>
      <trkpt lat="47.248602" lon="18.657983"></trkpt>
      <trkpt lat="47.247907" lon="18.655844"></trkpt>
      <trkpt lat="47.247153" lon="18.652984"></trkpt>
      <trkpt lat="47.244124" lon="18.639574"></trkpt>
      <trkpt lat="47.242768" lon="18.634924"></trkpt>
      <trkpt lat="47.232698" lon="18.60989"></trkpt>
      <trkpt lat="47.23176" lon="18.606861"></trkpt>
      <trkpt lat="47.231222" lon="18.603648"></trkpt>
      <trkpt lat="47.231088" lon="18.600821"></trkpt>
      <trkpt lat="47.231159" lon="18.598779"></trkpt>
      <trkpt lat="47.231798" lon="18.590578"></trkpt>
      <trkpt lat="47.231826" lon="18.587136"></trkpt>
      <trkpt lat="47.231657" lon="18.585332"></trkpt>
      <trkpt lat="47.231328" lon="18.583395"></trkpt>
      <trkpt lat="47.230801" lon="18.581376"></trkpt>
      <trkpt lat="47.230217" lon="18.579726"></trkpt>
      <trkpt lat="47.229567" lon="18.578287"></trkpt>
      <trkpt lat="47.228562" lon="18.576464"></trkpt>
      <trkpt lat="47.216613" lon="18.556956"></trkpt>
      <trkpt lat="47.213719" lon="18.5518"></trkpt>
      <trkpt lat="47.211817" lon="18.548016"></trkpt>
      <trkpt lat="47.210136" lon="18.544331"></trkpt>
      <trkpt lat="47.203608" lon="18.528224"></trkpt>
      <trkpt lat="47.201066" lon="18.522715"></trkpt>
      <trkpt lat="47.198666" lon="18.518313"></trkpt>
      <trkpt lat="47.183971" lon="18.493465"></trkpt>
      <trkpt lat="47.181653" lon="18.488636"></trkpt>
      <trkpt lat="47.179101" lon="18.482099"></trkpt>
      <trkpt lat="47.178825" lon="18.480864"></trkpt>
      <trkpt lat="47.178761" lon="18.479756"></trkpt>
      <trkpt lat="47.17884" lon="18.478586"></trkpt>
      <trkpt lat="47.179306" lon="18.476507"></trkpt>
      <trkpt lat="47.183817" lon="18.46345"></trkpt>
      <trkpt lat="47.185681" lon="18.45882"></trkpt>
      <trkpt lat="47.186318" lon="18.457662"></trkpt>
      <trkpt lat="47.187964" lon="18.45402"></trkpt>
      <trkpt lat="47.187391" lon="18.453657"></trkpt>
      <trkpt lat="47.187421" lon="18.453518"></trkpt>
      <trkpt lat="47.187391" lon="18.453657"></trkpt>
      <trkpt lat="47.187964" lon="18.45402"></trkpt>
      <trkpt lat="47.186459" lon="18.457302"></trkpt>
      <trkpt lat="47.185876" lon="18.458148"></trkpt>
      <trkpt lat="47.185537" lon="18.458353"></trkpt>
      <trkpt lat="47.185543" lon="18.45886"></trkpt>
      <trkpt lat="47.185079" lon="18.460359"></trkpt>
      <trkpt lat="47.183313" lon="18.464797"></trkpt>
      <trkpt lat="47.179209" lon="18.476781"></trkpt>
      <trkpt lat="47.178901" lon="18.476932"></trkpt>
      <trkpt lat="47.177313" lon="18.475358"></trkpt>
      <trkpt lat="47.17602" lon="18.474556"></trkpt>
      <trkpt lat="47.175494" lon="18.473843"></trkpt>
      <trkpt lat="47.173384" lon="18.469487"></trkpt>
      <trkpt lat="47.171215" lon="18.465421"></trkpt>
      <trkpt lat="47.168559" lon="18.461106"></trkpt>
      <trkpt lat="47.165905" lon="18.45736"></trkpt>
      <trkpt lat="47.162553" lon="18.453253"></trkpt>
      <trkpt lat="47.153514" lon="18.442929"></trkpt>
      <trkpt lat="47.148558" lon="18.436522"></trkpt>
      <trkpt lat="47.144342" lon="18.430232"></trkpt>
      <trkpt lat="47.137164" lon="18.418399"></trkpt>
      <trkpt lat="47.133972" lon="18.41341"></trkpt>
      <trkpt lat="47.131162" lon="18.409445"></trkpt>
      <trkpt lat="47.128187" lon="18.405677"></trkpt>
      <trkpt lat="47.123913" lon="18.400901"></trkpt>
      <trkpt lat="47.113068" lon="18.389807"></trkpt>
      <trkpt lat="47.105897" lon="18.382188"></trkpt>
      <trkpt lat="47.100058" lon="18.375731"></trkpt>
      <trkpt lat="47.084514" lon="18.357902"></trkpt>
      <trkpt lat="47.081588" lon="18.354908"></trkpt>
      <trkpt lat="47.077531" lon="18.351149"></trkpt>
      <trkpt lat="47.069618" lon="18.344464"></trkpt>
      <trkpt lat="47.064924" lon="18.340207"></trkpt>
      <trkpt lat="47.061163" lon="18.33607"></trkpt>
      <trkpt lat="47.057545" lon="18.331316"></trkpt>
      <trkpt lat="47.055741" lon="18.328587"></trkpt>
      <trkpt lat="47.053512" lon="18.324827"></trkpt>
      <trkpt lat="47.051549" lon="18.321062"></trkpt>
      <trkpt lat="47.049664" lon="18.316952"></trkpt>
      <trkpt lat="47.047919" lon="18.312604"></trkpt>
      <trkpt lat="47.035806" lon="18.280068"></trkpt>
      <trkpt lat="47.034546" lon="18.277047"></trkpt>
      <trkpt lat="47.031941" lon="18.271428"></trkpt>
      <trkpt lat="47.029931" lon="18.267685"></trkpt>
      <trkpt lat="47.02681" lon="18.26246"></trkpt>
      <trkpt lat="47.020439" lon="18.253302"></trkpt>
      <trkpt lat="47.016362" lon="18.246924"></trkpt>
      <trkpt lat="47.011791" lon="18.238758"></trkpt>
      <trkpt lat="47.008956" lon="18.232997"></trkpt>
      <trkpt lat="47.006042" lon="18.226388"></trkpt>
      <trkpt lat="47.003198" lon="18.219044"></trkpt>
      <trkpt lat="47.001203" lon="18.213246"></trkpt>
      <trkpt lat="46.997249" lon="18.200513"></trkpt>
      <trkpt lat="46.996074" lon="18.197182"></trkpt>
      <trkpt lat="46.994923" lon="18.194379"></trkpt>
      <trkpt lat="46.99359" lon="18.191573"></trkpt>
      <trkpt lat="46.992553" lon="18.189612"></trkpt>
      <trkpt lat="46.990653" lon="18.186467"></trkpt>
      <trkpt lat="46.988978" lon="18.184081"></trkpt>
      <trkpt lat="46.987302" lon="18.181967"></trkpt>
      <trkpt lat="46.984248" lon="18.178733"></trkpt>
      <trkpt lat="46.981694" lon="18.176528"></trkpt>
      <trkpt lat="46.975151" lon="18.171789"></trkpt>
      <trkpt lat="46.97129" lon="18.168649"></trkpt>
      <trkpt lat="46.968098" lon="18.165696"></trkpt>
      <trkpt lat="46.962773" lon="18.160363"></trkpt>
      <trkpt lat="46.959372" lon="18.157363"></trkpt>
      <trkpt lat="46.956303" lon="18.155051"></trkpt>
      <trkpt lat="46.9536" lon="18.15331"></trkpt>
      <trkpt lat="46.941002" lon="18.146219"></trkpt>
      <trkpt lat="46.937486" lon="18.143843"></trkpt>
      <trkpt lat="46.934667" lon="18.141564"></trkpt>
      <trkpt lat="46.931799" lon="18.138716"></trkpt>
      <trkpt lat="46.929816" lon="18.136291"></trkpt>
      <trkpt lat="46.927715" lon="18.133102"></trkpt>
      <trkpt lat="46.926099" lon="18.130066"></trkpt>
      <trkpt lat="46.924195" lon="18.125687"></trkpt>
      <trkpt lat="46.920573" lon="18.116267"></trkpt>
      <trkpt lat="46.91842" lon="18.111093"></trkpt>
      <trkpt lat="46.91544" lon="18.104538"></trkpt>
      <trkpt lat="46.907863" lon="18.088761"></trkpt>
      <trkpt lat="46.90369" lon="18.079171"></trkpt>
      <trkpt lat="46.900905" lon="18.072025"></trkpt>
      <trkpt lat="46.897669" lon="18.063076"></trkpt>
      <trkpt lat="46.892246" lon="18.047498"></trkpt>
      <trkpt lat="46.889871" lon="18.040241"></trkpt>
      <trkpt lat="46.888058" lon="18.033918"></trkpt>
      <trkpt lat="46.886356" lon="18.027042"></trkpt>
      <trkpt lat="46.884976" lon="18.020475"></trkpt>
      <trkpt lat="46.883973" lon="18.014815"></trkpt>
      <trkpt lat="46.88269" lon="18.005586"></trkpt>
      <trkpt lat="46.881941" lon="17.997837"></trkpt>
      <trkpt lat="46.881537" lon="17.991376"></trkpt>
      <trkpt lat="46.881066" lon="17.978468"></trkpt>
      <trkpt lat="46.880713" lon="17.976464"></trkpt>
      <trkpt lat="46.88029" lon="17.974957"></trkpt>
      <trkpt lat="46.879721" lon="17.973471"></trkpt>
      <trkpt lat="46.878854" lon="17.971834"></trkpt>
      <trkpt lat="46.877971" lon="17.970594"></trkpt>
      <trkpt lat="46.876986" lon="17.969542"></trkpt>
      <trkpt lat="46.876104" lon="17.968816"></trkpt>
      <trkpt lat="46.874522" lon="17.967947"></trkpt>
      <trkpt lat="46.873021" lon="17.967545"></trkpt>
      <trkpt lat="46.863463" lon="17.96621"></trkpt>
      <trkpt lat="46.861511" lon="17.965718"></trkpt>
      <trkpt lat="46.859493" lon="17.964852"></trkpt>
      <trkpt lat="46.857716" lon="17.963715"></trkpt>
      <trkpt lat="46.85632" lon="17.962543"></trkpt>
      <trkpt lat="46.851494" lon="17.957166"></trkpt>
      <trkpt lat="46.850193" lon="17.956004"></trkpt>
      <trkpt lat="46.849009" lon="17.95514"></trkpt>
      <trkpt lat="46.8478" lon="17.954431"></trkpt>
      <trkpt lat="46.846147" lon="17.953716"></trkpt>
      <trkpt lat="46.840235" lon="17.952232"></trkpt>
      <trkpt lat="46.839119" lon="17.951735"></trkpt>
      <trkpt lat="46.837915" lon="17.950969"></trkpt>
      <trkpt lat="46.836993" lon="17.950196"></trkpt>
      <trkpt lat="46.835904" lon="17.949024"></trkpt>
      <trkpt lat="46.834474" lon="17.946908"></trkpt>
      <trkpt lat="46.833527" lon="17.945011"></trkpt>
      <trkpt lat="46.83031" lon="17.937635"></trkpt>
      <trkpt lat="46.829427" lon="17.935899"></trkpt>
      <trkpt lat="46.828501" lon="17.934486"></trkpt>
      <trkpt lat="46.827459" lon="17.933298"></trkpt>
      <trkpt lat="46.826326" lon="17.932356"></trkpt>
      <trkpt lat="46.822834" lon="17.930517"></trkpt>
      <trkpt lat="46.821402" lon="17.929478"></trkpt>
      <trkpt lat="46.81997" lon="17.927889"></trkpt>
      <trkpt lat="46.819276" lon="17.926822"></trkpt>
      <trkpt lat="46.81861" lon="17.925519"></trkpt>
      <trkpt lat="46.817557" lon="17.922371"></trkpt>
      <trkpt lat="46.817068" lon="17.920066"></trkpt>
      <trkpt lat="46.816702" lon="17.917485"></trkpt>
      <trkpt lat="46.816371" lon="17.911693"></trkpt>
      <trkpt lat="46.816527" lon="17.905293"></trkpt>
      <trkpt lat="46.817192" lon="17.899126"></trkpt>
      <trkpt lat="46.817788" lon="17.89571"></trkpt>
      <trkpt lat="46.818549" lon="17.89233"></trkpt>
      <trkpt lat="46.819643" lon="17.888472"></trkpt>
      <trkpt lat="46.822886" lon="17.879168"></trkpt>
      <trkpt lat="46.823551" lon="17.876695"></trkpt>
      <trkpt lat="46.82381" lon="17.874718"></trkpt>
      <trkpt lat="46.823838" lon="17.872736"></trkpt>
      <trkpt lat="46.823482" lon="17.86951"></trkpt>
      <trkpt lat="46.82303" lon="17.867013"></trkpt>
      <trkpt lat="46.821708" lon="17.861811"></trkpt>
      <trkpt lat="46.819885" lon="17.857003"></trkpt>
      <trkpt lat="46.81869" lon="17.854839"></trkpt>
      <trkpt lat="46.815032" lon="17.850029"></trkpt>
      <trkpt lat="46.81357" lon="17.847891"></trkpt>
      <trkpt lat="46.812675" lon="17.846333"></trkpt>
      <trkpt lat="46.811752" lon="17.844186"></trkpt>
      <trkpt lat="46.811027" lon="17.841686"></trkpt>
      <trkpt lat="46.810564" lon="17.839408"></trkpt>
      <trkpt lat="46.809218" lon="17.830522"></trkpt>
      <trkpt lat="46.808449" lon="17.826497"></trkpt>
      <trkpt lat="46.807857" lon="17.824121"></trkpt>
      <trkpt lat="46.806979" lon="17.821261"></trkpt>
      <trkpt lat="46.805613" lon="17.817716"></trkpt>
      <trkpt lat="46.8044" lon="17.815148"></trkpt>
      <trkpt lat="46.80279" lon="17.812268"></trkpt>
      <trkpt lat="46.792671" lon="17.796338"></trkpt>
      <trkpt lat="46.791377" lon="17.79377"></trkpt>
      <trkpt lat="46.790229" lon="17.790336"></trkpt>
      <trkpt lat="46.789755" lon="17.788116"></trkpt>
      <trkpt lat="46.789445" lon="17.78545"></trkpt>
      <trkpt lat="46.789395" lon="17.782766"></trkpt>
      <trkpt lat="46.789495" lon="17.781049"></trkpt>
      <trkpt lat="46.790091" lon="17.777311"></trkpt>
      <trkpt lat="46.79229" lon="17.769416"></trkpt>
      <trkpt lat="46.792983" lon="17.766269"></trkpt>
      <trkpt lat="46.793423" lon="17.762733"></trkpt>
      <trkpt lat="46.793517" lon="17.759555"></trkpt>
      <trkpt lat="46.793242" lon="17.755588"></trkpt>
      <trkpt lat="46.792763" lon="17.752737"></trkpt>
      <trkpt lat="46.791466" lon="17.747696"></trkpt>
      <trkpt lat="46.789978" lon="17.743157"></trkpt>
      <trkpt lat="46.788462" lon="17.739303"></trkpt>
      <trkpt lat="46.786673" lon="17.73543"></trkpt>
      <trkpt lat="46.785134" lon="17.732545"></trkpt>
      <trkpt lat="46.783124" lon="17.729215"></trkpt>
      <trkpt lat="46.781264" lon="17.726525"></trkpt>
      <trkpt lat="46.778962" lon="17.723612"></trkpt>
      <trkpt lat="46.771897" lon="17.715847"></trkpt>
      <trkpt lat="46.769356" lon="17.712697"></trkpt>
      <trkpt lat="46.768115" lon="17.710748"></trkpt>
      <trkpt lat="46.767091" lon="17.708763"></trkpt>
      <trkpt lat="46.76635" lon="17.707005"></trkpt>
      <trkpt lat="46.765576" lon="17.704665"></trkpt>
      <trkpt lat="46.764814" lon="17.701271"></trkpt>
      <trkpt lat="46.764355" lon="17.6969"></trkpt>
      <trkpt lat="46.764191" lon="17.67751"></trkpt>
      <trkpt lat="46.763805" lon="17.669052"></trkpt>
      <trkpt lat="46.76333" lon="17.663804"></trkpt>
      <trkpt lat="46.762457" lon="17.657635"></trkpt>
      <trkpt lat="46.761629" lon="17.653299"></trkpt>
      <trkpt lat="46.760267" lon="17.647658"></trkpt>
      <trkpt lat="46.75915" lon="17.643865"></trkpt>
      <trkpt lat="46.756364" lon="17.63571"></trkpt>
      <trkpt lat="46.754456" lon="17.630833"></trkpt>
      <trkpt lat="46.75276" lon="17.626879"></trkpt>
      <trkpt lat="46.751035" lon="17.62317"></trkpt>
      <trkpt lat="46.748884" lon="17.618964"></trkpt>
      <trkpt lat="46.745292" lon="17.612809"></trkpt>
      <trkpt lat="46.743294" lon="17.609767"></trkpt>
      <trkpt lat="46.739985" lon="17.605172"></trkpt>
      <trkpt lat="46.724116" lon="17.584906"></trkpt>
      <trkpt lat="46.722009" lon="17.582463"></trkpt>
      <trkpt lat="46.719614" lon="17.579952"></trkpt>
      <trkpt lat="46.714574" lon="17.575243"></trkpt>
      <trkpt lat="46.712432" lon="17.573058"></trkpt>
      <trkpt lat="46.710616" lon="17.570945"></trkpt>
      <trkpt lat="46.708904" lon="17.568679"></trkpt>
      <trkpt lat="46.70619" lon="17.564403"></trkpt>
      <trkpt lat="46.703592" lon="17.559276"></trkpt>
      <trkpt lat="46.701555" lon="17.55406"></trkpt>
      <trkpt lat="46.699964" lon="17.54868"></trkpt>
      <trkpt lat="46.698941" lon="17.543964"></trkpt>
      <trkpt lat="46.698198" lon="17.53893"></trkpt>
      <trkpt lat="46.697768" lon="17.533354"></trkpt>
      <trkpt lat="46.697747" lon="17.527701"></trkpt>
      <trkpt lat="46.697946" lon="17.524063"></trkpt>
      <trkpt lat="46.698509" lon="17.519108"></trkpt>
      <trkpt lat="46.699161" lon="17.515327"></trkpt>
      <trkpt lat="46.701784" lon="17.50363"></trkpt>
      <trkpt lat="46.702497" lon="17.499299"></trkpt>
      <trkpt lat="46.702931" lon="17.495256"></trkpt>
      <trkpt lat="46.703161" lon="17.490748"></trkpt>
      <trkpt lat="46.703124" lon="17.486045"></trkpt>
      <trkpt lat="46.702805" lon="17.481461"></trkpt>
      <trkpt lat="46.702129" lon="17.476326"></trkpt>
      <trkpt lat="46.701462" lon="17.472873"></trkpt>
      <trkpt lat="46.700447" lon="17.468763"></trkpt>
      <trkpt lat="46.694871" lon="17.450507"></trkpt>
      <trkpt lat="46.692395" lon="17.441642"></trkpt>
      <trkpt lat="46.691056" lon="17.436222"></trkpt>
      <trkpt lat="46.689363" lon="17.428206"></trkpt>
      <trkpt lat="46.68806" lon="17.42046"></trkpt>
      <trkpt lat="46.686858" lon="17.410936"></trkpt>
      <trkpt lat="46.686144" lon="17.402039"></trkpt>
      <trkpt lat="46.685457" lon="17.38863"></trkpt>
      <trkpt lat="46.685059" lon="17.38349"></trkpt>
      <trkpt lat="46.684314" lon="17.378355"></trkpt>
      <trkpt lat="46.683436" lon="17.374374"></trkpt>
      <trkpt lat="46.682686" lon="17.371709"></trkpt>
      <trkpt lat="46.681567" lon="17.368429"></trkpt>
      <trkpt lat="46.680516" lon="17.365799"></trkpt>
      <trkpt lat="46.679182" lon="17.362961"></trkpt>
      <trkpt lat="46.677127" lon="17.359328"></trkpt>
      <trkpt lat="46.671769" lon="17.351141"></trkpt>
      <trkpt lat="46.670384" lon="17.348623"></trkpt>
      <trkpt lat="46.669275" lon="17.346119"></trkpt>
      <trkpt lat="46.668294" lon="17.343168"></trkpt>
      <trkpt lat="46.667627" lon="17.340365"></trkpt>
      <trkpt lat="46.666396" lon="17.331048"></trkpt>
      <trkpt lat="46.665751" lon="17.327505"></trkpt>
      <trkpt lat="46.664582" lon="17.323287"></trkpt>
      <trkpt lat="46.663341" lon="17.320068"></trkpt>
      <trkpt lat="46.662166" lon="17.31764"></trkpt>
      <trkpt lat="46.660536" lon="17.314892"></trkpt>
      <trkpt lat="46.658956" lon="17.312728"></trkpt>
      <trkpt lat="46.654464" lon="17.307241"></trkpt>
      <trkpt lat="46.652633" lon="17.304619"></trkpt>
      <trkpt lat="46.650513" lon="17.300916"></trkpt>
      <trkpt lat="46.646848" lon="17.293769"></trkpt>
      <trkpt lat="46.645327" lon="17.291375"></trkpt>
      <trkpt lat="46.644175" lon="17.289864"></trkpt>
      <trkpt lat="46.642854" lon="17.288363"></trkpt>
      <trkpt lat="46.641234" lon="17.286819"></trkpt>
      <trkpt lat="46.638981" lon="17.285092"></trkpt>
      <trkpt lat="46.633096" lon="17.281047"></trkpt>
      <trkpt lat="46.629993" lon="17.278295"></trkpt>
      <trkpt lat="46.628064" lon="17.276172"></trkpt>
      <trkpt lat="46.626804" lon="17.274602"></trkpt>
      <trkpt lat="46.621424" lon="17.267173"></trkpt>
      <trkpt lat="46.618188" lon="17.262985"></trkpt>
      <trkpt lat="46.615854" lon="17.260406"></trkpt>
      <trkpt lat="46.613703" lon="17.258387"></trkpt>
      <trkpt lat="46.611151" lon="17.256364"></trkpt>
      <trkpt lat="46.607916" lon="17.254354"></trkpt>
      <trkpt lat="46.605785" lon="17.253275"></trkpt>
      <trkpt lat="46.603623" lon="17.25242"></trkpt>
      <trkpt lat="46.600972" lon="17.25164"></trkpt>
      <trkpt lat="46.599123" lon="17.251269"></trkpt>
      <trkpt lat="46.596055" lon="17.250965"></trkpt>
      <trkpt lat="46.593463" lon="17.250945"></trkpt>
      <trkpt lat="46.584781" lon="17.251318"></trkpt>
      <trkpt lat="46.581955" lon="17.251114"></trkpt>
      <trkpt lat="46.579625" lon="17.250626"></trkpt>
      <trkpt lat="46.577757" lon="17.249976"></trkpt>
      <trkpt lat="46.576171" lon="17.249225"></trkpt>
      <trkpt lat="46.574267" lon="17.248058"></trkpt>
      <trkpt lat="46.572924" lon="17.247048"></trkpt>
      <trkpt lat="46.571374" lon="17.245663"></trkpt>
      <trkpt lat="46.569608" lon="17.243737"></trkpt>
      <trkpt lat="46.568289" lon="17.24204"></trkpt>
      <trkpt lat="46.566173" lon="17.238811"></trkpt>
      <trkpt lat="46.560004" lon="17.228052"></trkpt>
      <trkpt lat="46.557699" lon="17.224405"></trkpt>
      <trkpt lat="46.554641" lon="17.220323"></trkpt>
      <trkpt lat="46.55208" lon="17.217566"></trkpt>
      <trkpt lat="46.550009" lon="17.215708"></trkpt>
      <trkpt lat="46.548191" lon="17.214311"></trkpt>
      <trkpt lat="46.546341" lon="17.213064"></trkpt>
      <trkpt lat="46.543886" lon="17.211617"></trkpt>
      <trkpt lat="46.539124" lon="17.209262"></trkpt>
      <trkpt lat="46.524151" lon="17.20266"></trkpt>
      <trkpt lat="46.520962" lon="17.201035"></trkpt>
      <trkpt lat="46.51847" lon="17.199363"></trkpt>
      <trkpt lat="46.516773" lon="17.197925"></trkpt>
      <trkpt lat="46.515188" lon="17.196302"></trkpt>
      <trkpt lat="46.513874" lon="17.19471"></trkpt>
      <trkpt lat="46.512679" lon="17.193021"></trkpt>
      <trkpt lat="46.511611" lon="17.191289"></trkpt>
      <trkpt lat="46.51048" lon="17.189116"></trkpt>
      <trkpt lat="46.509358" lon="17.186508"></trkpt>
      <trkpt lat="46.508518" lon="17.184114"></trkpt>
      <trkpt lat="46.507351" lon="17.179549"></trkpt>
      <trkpt lat="46.506815" lon="17.176147"></trkpt>
      <trkpt lat="46.506491" lon="17.172131"></trkpt>
      <trkpt lat="46.506322" lon="17.162342"></trkpt>
      <trkpt lat="46.505981" lon="17.157267"></trkpt>
      <trkpt lat="46.505097" lon="17.151157"></trkpt>
      <trkpt lat="46.504198" lon="17.147125"></trkpt>
      <trkpt lat="46.50331" lon="17.143987"></trkpt>
      <trkpt lat="46.502227" lon="17.140772"></trkpt>
      <trkpt lat="46.499996" lon="17.135514"></trkpt>
      <trkpt lat="46.498214" lon="17.132142"></trkpt>
      <trkpt lat="46.494283" lon="17.12588"></trkpt>
      <trkpt lat="46.492533" lon="17.12288"></trkpt>
      <trkpt lat="46.491186" lon="17.12"></trkpt>
      <trkpt lat="46.490159" lon="17.117247"></trkpt>
      <trkpt lat="46.488765" lon="17.112085"></trkpt>
      <trkpt lat="46.486521" lon="17.101344"></trkpt>
      <trkpt lat="46.485158" lon="17.095779"></trkpt>
      <trkpt lat="46.483748" lon="17.09086"></trkpt>
      <trkpt lat="46.480082" lon="17.079835"></trkpt>
      <trkpt lat="46.478858" lon="17.07558"></trkpt>
      <trkpt lat="46.478068" lon="17.071838"></trkpt>
      <trkpt lat="46.477461" lon="17.067315"></trkpt>
      <trkpt lat="46.477233" lon="17.063858"></trkpt>
      <trkpt lat="46.477168" lon="17.060748"></trkpt>
      <trkpt lat="46.47748" lon="17.045712"></trkpt>
      <trkpt lat="46.477462" lon="17.039478"></trkpt>
      <trkpt lat="46.477064" lon="17.032496"></trkpt>
      <trkpt lat="46.476034" lon="17.020883"></trkpt>
      <trkpt lat="46.475896" lon="17.015721"></trkpt>
      <trkpt lat="46.476057" lon="17.013035"></trkpt>
      <trkpt lat="46.476349" lon="17.010729"></trkpt>
      <trkpt lat="46.477007" lon="17.007224"></trkpt>
      <trkpt lat="46.478221" lon="17.00186"></trkpt>
      <trkpt lat="46.478623" lon="16.999429"></trkpt>
      <trkpt lat="46.478868" lon="16.996899"></trkpt>
      <trkpt lat="46.478935" lon="16.994109"></trkpt>
      <trkpt lat="46.478829" lon="16.991656"></trkpt>
      <trkpt lat="46.47785" lon="16.98296"></trkpt>
      <trkpt lat="46.477635" lon="16.980004"></trkpt>
      <trkpt lat="46.477541" lon="16.977541"></trkpt>
      <trkpt lat="46.477519" lon="16.967578"></trkpt>
      <trkpt lat="46.477372" lon="16.964622"></trkpt>
      <trkpt lat="46.476946" lon="16.96104"></trkpt>
      <trkpt lat="46.474773" lon="16.948691"></trkpt>
      <trkpt lat="46.474469" lon="16.945489"></trkpt>
      <trkpt lat="46.474387" lon="16.941907"></trkpt>
      <trkpt lat="46.474661" lon="16.937547"></trkpt>
      <trkpt lat="46.475369" lon="16.933148"></trkpt>
      <trkpt lat="46.476494" lon="16.928798"></trkpt>
      <trkpt lat="46.478176" lon="16.923317"></trkpt>
      <trkpt lat="46.478837" lon="16.920013"></trkpt>
      <trkpt lat="46.479018" lon="16.918265"></trkpt>
      <trkpt lat="46.479092" lon="16.915926"></trkpt>
      <trkpt lat="46.478766" lon="16.911964"></trkpt>
      <trkpt lat="46.478118" lon="16.908947"></trkpt>
      <trkpt lat="46.477375" lon="16.906685"></trkpt>
      <trkpt lat="46.476226" lon="16.904165"></trkpt>
      <trkpt lat="46.474682" lon="16.901759"></trkpt>
      <trkpt lat="46.473389" lon="16.900238"></trkpt>
      <trkpt lat="46.471893" lon="16.898793"></trkpt>
      <trkpt lat="46.459262" lon="16.888229"></trkpt>
      <trkpt lat="46.456982" lon="16.886063"></trkpt>
      <trkpt lat="46.455537" lon="16.884399"></trkpt>
      <trkpt lat="46.453963" lon="16.882131"></trkpt>
      <trkpt lat="46.452838" lon="16.880092"></trkpt>
      <trkpt lat="46.452048" lon="16.878372"></trkpt>
      <trkpt lat="46.450837" lon="16.874911"></trkpt>
      <trkpt lat="46.45028" lon="16.872699"></trkpt>
      <trkpt lat="46.449906" lon="16.870698"></trkpt>
      <trkpt lat="46.449578" lon="16.86791"></trkpt>
      <trkpt lat="46.449396" lon="16.863823"></trkpt>
      <trkpt lat="46.449456" lon="16.845446"></trkpt>
      <trkpt lat="46.449273" lon="16.841081"></trkpt>
      <trkpt lat="46.448944" lon="16.837186"></trkpt>
      <trkpt lat="46.448455" lon="16.833336"></trkpt>
      <trkpt lat="46.447785" lon="16.829435"></trkpt>
      <trkpt lat="46.446703" lon="16.824573"></trkpt>
      <trkpt lat="46.445855" lon="16.821498"></trkpt>
      <trkpt lat="46.444813" lon="16.818193"></trkpt>
      <trkpt lat="46.443487" lon="16.814611"></trkpt>
      <trkpt lat="46.440963" lon="16.808945"></trkpt>
      <trkpt lat="46.422218" lon="16.773361"></trkpt>
      <trkpt lat="46.420232" lon="16.769371"></trkpt>
      <trkpt lat="46.418333" lon="16.764747"></trkpt>
      <trkpt lat="46.41758" lon="16.76235"></trkpt>
      <trkpt lat="46.416987" lon="16.759987"></trkpt>
      <trkpt lat="46.416454" lon="16.757162"></trkpt>
      <trkpt lat="46.415851" lon="16.752485"></trkpt>
      <trkpt lat="46.414342" lon="16.734097"></trkpt>
      <trkpt lat="46.413992" lon="16.731899"></trkpt>
      <trkpt lat="46.412649" lon="16.725986"></trkpt>
      <trkpt lat="46.412357" lon="16.723716"></trkpt>
      <trkpt lat="46.412272" lon="16.721246"></trkpt>
      <trkpt lat="46.412506" lon="16.706745"></trkpt>
      <trkpt lat="46.41242" lon="16.704255"></trkpt>
      <trkpt lat="46.412189" lon="16.70188"></trkpt>
      <trkpt lat="46.411612" lon="16.698686"></trkpt>
      <trkpt lat="46.410984" lon="16.696344"></trkpt>
      <trkpt lat="46.409071" lon="16.691013"></trkpt>
      <trkpt lat="46.408018" lon="16.687257"></trkpt>
      <trkpt lat="46.407428" lon="16.683645"></trkpt>
      <trkpt lat="46.407225" lon="16.680862"></trkpt>
      <trkpt lat="46.407239" lon="16.677733"></trkpt>
      <trkpt lat="46.407588" lon="16.674255"></trkpt>
      <trkpt lat="46.411854" lon="16.649986"></trkpt>
      <trkpt lat="46.4126" lon="16.644338"></trkpt>
      <trkpt lat="46.412893" lon="16.639363"></trkpt>
      <trkpt lat="46.413398" lon="16.622962"></trkpt>
      <trkpt lat="46.413354" lon="16.618518"></trkpt>
      <trkpt lat="46.41309" lon="16.613702"></trkpt>
      <trkpt lat="46.412645" lon="16.609305"></trkpt>
      <trkpt lat="46.411733" lon="16.60337"></trkpt>
      <trkpt lat="46.41059" lon="16.598001"></trkpt>
      <trkpt lat="46.409472" lon="16.593849"></trkpt>
      <trkpt lat="46.407889" lon="16.588984"></trkpt>
      <trkpt lat="46.406374" lon="16.585037"></trkpt>
      <trkpt lat="46.404177" lon="16.580201"></trkpt>
      <trkpt lat="46.401898" lon="16.575945"></trkpt>
      <trkpt lat="46.400482" lon="16.573598"></trkpt>
      <trkpt lat="46.398454" lon="16.570568"></trkpt>
      <trkpt lat="46.39536" lon="16.566568"></trkpt>
      <trkpt lat="46.392883" lon="16.563796"></trkpt>
      <trkpt lat="46.391148" lon="16.56207"></trkpt>
      <trkpt lat="46.38702" lon="16.558534"></trkpt>
      <trkpt lat="46.380095" lon="16.553787"></trkpt>
      <trkpt lat="46.37751" lon="16.551888"></trkpt>
      <trkpt lat="46.367991" lon="16.544121"></trkpt>
      <trkpt lat="46.363074" lon="16.540666"></trkpt>
      <trkpt lat="46.359958" lon="16.538735"></trkpt>
      <trkpt lat="46.356732" lon="16.536945"></trkpt>
      <trkpt lat="46.353741" lon="16.535468"></trkpt>
      <trkpt lat="46.346702" lon="16.532419"></trkpt>
      <trkpt lat="46.344296" lon="16.531265"></trkpt>
      <trkpt lat="46.3408" lon="16.52939"></trkpt>
      <trkpt lat="46.338105" lon="16.527775"></trkpt>
      <trkpt lat="46.334126" lon="16.525109"></trkpt>
      <trkpt lat="46.331254" lon="16.522975"></trkpt>
      <trkpt lat="46.328274" lon="16.520558"></trkpt>
      <trkpt lat="46.321555" lon="16.514714"></trkpt>
      <trkpt lat="46.315986" lon="16.510512"></trkpt>
      <trkpt lat="46.31213" lon="16.508008"></trkpt>
      <trkpt lat="46.308899" lon="16.506161"></trkpt>
      <trkpt lat="46.304951" lon="16.504108"></trkpt>
      <trkpt lat="46.30259" lon="16.502578"></trkpt>
      <trkpt lat="46.30014" lon="16.500553"></trkpt>
      <trkpt lat="46.298144" lon="16.49849"></trkpt>
      <trkpt lat="46.294271" lon="16.493602"></trkpt>
      <trkpt lat="46.290013" lon="16.488479"></trkpt>
      <trkpt lat="46.288065" lon="16.485649"></trkpt>
      <trkpt lat="46.286568" lon="16.482708"></trkpt>
      <trkpt lat="46.285801" lon="16.480768"></trkpt>
      <trkpt lat="46.285099" lon="16.47855"></trkpt>
      <trkpt lat="46.284265" lon="16.474742"></trkpt>
      <trkpt lat="46.283898" lon="16.471696"></trkpt>
      <trkpt lat="46.2838" lon="16.469118"></trkpt>
      <trkpt lat="46.284333" lon="16.455459"></trkpt>
      <trkpt lat="46.284272" lon="16.451231"></trkpt>
      <trkpt lat="46.284085" lon="16.448966"></trkpt>
      <trkpt lat="46.283606" lon="16.445733"></trkpt>
      <trkpt lat="46.282964" lon="16.442785"></trkpt>
      <trkpt lat="46.282205" lon="16.440173"></trkpt>
      <trkpt lat="46.281129" lon="16.437258"></trkpt>
      <trkpt lat="46.279203" lon="16.433331"></trkpt>
      <trkpt lat="46.277132" lon="16.430175"></trkpt>
      <trkpt lat="46.273265" lon="16.42521"></trkpt>
      <trkpt lat="46.271985" lon="16.423123"></trkpt>
      <trkpt lat="46.270948" lon="16.421017"></trkpt>
      <trkpt lat="46.269535" lon="16.417203"></trkpt>
      <trkpt lat="46.267767" lon="16.410125"></trkpt>
      <trkpt lat="46.266977" lon="16.407986"></trkpt>
      <trkpt lat="46.266165" lon="16.406282"></trkpt>
      <trkpt lat="46.264451" lon="16.403634"></trkpt>
      <trkpt lat="46.263092" lon="16.402093"></trkpt>
      <trkpt lat="46.262121" lon="16.401225"></trkpt>
      <trkpt lat="46.260739" lon="16.40024"></trkpt>
      <trkpt lat="46.258823" lon="16.399302"></trkpt>
      <trkpt lat="46.257146" lon="16.398836"></trkpt>
      <trkpt lat="46.255544" lon="16.398681"></trkpt>
      <trkpt lat="46.254276" lon="16.398749"></trkpt>
      <trkpt lat="46.25317" lon="16.398947"></trkpt>
      <trkpt lat="46.249297" lon="16.400408"></trkpt>
      <trkpt lat="46.248182" lon="16.40054"></trkpt>
      <trkpt lat="46.246745" lon="16.400534"></trkpt>
      <trkpt lat="46.245789" lon="16.400767"></trkpt>
      <trkpt lat="46.244554" lon="16.401539"></trkpt>
      <trkpt lat="46.243486" lon="16.402738"></trkpt>
      <trkpt lat="46.242722" lon="16.404242"></trkpt>
      <trkpt lat="46.241731" lon="16.407317"></trkpt>
      <trkpt lat="46.240884" lon="16.408803"></trkpt>
      <trkpt lat="46.239748" lon="16.409936"></trkpt>
      <trkpt lat="46.239137" lon="16.410304"></trkpt>
      <trkpt lat="46.238173" lon="16.410636"></trkpt>
      <trkpt lat="46.23689" lon="16.410627"></trkpt>
      <trkpt lat="46.236012" lon="16.41034"></trkpt>
      <trkpt lat="46.232269" lon="16.408163"></trkpt>
      <trkpt lat="46.231008" lon="16.407668"></trkpt>
      <trkpt lat="46.230204" lon="16.407556"></trkpt>
      <trkpt lat="46.226236" lon="16.407795"></trkpt>
      <trkpt lat="46.224568" lon="16.407595"></trkpt>
      <trkpt lat="46.219367" lon="16.405963"></trkpt>
      <trkpt lat="46.216459" lon="16.404461"></trkpt>
      <trkpt lat="46.214841" lon="16.40416"></trkpt>
      <trkpt lat="46.213845" lon="16.404253"></trkpt>
      <trkpt lat="46.213218" lon="16.404428"></trkpt>
      <trkpt lat="46.212605" lon="16.404682"></trkpt>
      <trkpt lat="46.211482" lon="16.405384"></trkpt>
      <trkpt lat="46.210304" lon="16.406572"></trkpt>
      <trkpt lat="46.208738" lon="16.408854"></trkpt>
      <trkpt lat="46.208032" lon="16.409668"></trkpt>
      <trkpt lat="46.206751" lon="16.41066"></trkpt>
      <trkpt lat="46.205314" lon="16.411293"></trkpt>
      <trkpt lat="46.204518" lon="16.411436"></trkpt>
      <trkpt lat="46.203542" lon="16.411431"></trkpt>
      <trkpt lat="46.202094" lon="16.411024"></trkpt>
      <trkpt lat="46.200796" lon="16.410943"></trkpt>
      <trkpt lat="46.196381" lon="16.41179"></trkpt>
      <trkpt lat="46.195549" lon="16.411832"></trkpt>
      <trkpt lat="46.194561" lon="16.411676"></trkpt>
      <trkpt lat="46.193928" lon="16.411409"></trkpt>
      <trkpt lat="46.193149" lon="16.410912"></trkpt>
      <trkpt lat="46.19261" lon="16.410418"></trkpt>
      <trkpt lat="46.191449" lon="16.408809"></trkpt>
      <trkpt lat="46.189379" lon="16.40348"></trkpt>
      <trkpt lat="46.188798" lon="16.402372"></trkpt>
      <trkpt lat="46.187926" lon="16.401109"></trkpt>
      <trkpt lat="46.187164" lon="16.400257"></trkpt>
      <trkpt lat="46.186183" lon="16.399431"></trkpt>
      <trkpt lat="46.183757" lon="16.397953"></trkpt>
      <trkpt lat="46.18255" lon="16.39706"></trkpt>
      <trkpt lat="46.181573" lon="16.39598"></trkpt>
      <trkpt lat="46.180559" lon="16.394351"></trkpt>
      <trkpt lat="46.179702" lon="16.392109"></trkpt>
      <trkpt lat="46.179287" lon="16.389883"></trkpt>
      <trkpt lat="46.179223" lon="16.387794"></trkpt>
      <trkpt lat="46.179384" lon="16.383794"></trkpt>
      <trkpt lat="46.178967" lon="16.381105"></trkpt>
      <trkpt lat="46.17842" lon="16.379499"></trkpt>
      <trkpt lat="46.177903" lon="16.378432"></trkpt>
      <trkpt lat="46.17716" lon="16.377309"></trkpt>
      <trkpt lat="46.176325" lon="16.376379"></trkpt>
      <trkpt lat="46.174822" lon="16.375324"></trkpt>
      <trkpt lat="46.173156" lon="16.374816"></trkpt>
      <trkpt lat="46.160961" lon="16.375192"></trkpt>
      <trkpt lat="46.1597" lon="16.374971"></trkpt>
      <trkpt lat="46.15872" lon="16.374592"></trkpt>
      <trkpt lat="46.157303" lon="16.373685"></trkpt>
      <trkpt lat="46.156202" lon="16.372608"></trkpt>
      <trkpt lat="46.155275" lon="16.371333"></trkpt>
      <trkpt lat="46.154139" lon="16.369461"></trkpt>
      <trkpt lat="46.15279" lon="16.367888"></trkpt>
      <trkpt lat="46.151467" lon="16.366983"></trkpt>
      <trkpt lat="46.149264" lon="16.366067"></trkpt>
      <trkpt lat="46.148457" lon="16.365556"></trkpt>
      <trkpt lat="46.147585" lon="16.364768"></trkpt>
      <trkpt lat="46.145421" lon="16.362266"></trkpt>
      <trkpt lat="46.143152" lon="16.360215"></trkpt>
      <trkpt lat="46.142434" lon="16.359297"></trkpt>
      <trkpt lat="46.141884" lon="16.358358"></trkpt>
      <trkpt lat="46.14122" lon="16.356698"></trkpt>
      <trkpt lat="46.140143" lon="16.352652"></trkpt>
      <trkpt lat="46.138307" lon="16.34948"></trkpt>
      <trkpt lat="46.137093" lon="16.346282"></trkpt>
      <trkpt lat="46.136616" lon="16.345315"></trkpt>
      <trkpt lat="46.135704" lon="16.343937"></trkpt>
      <trkpt lat="46.134554" lon="16.342753"></trkpt>
      <trkpt lat="46.133516" lon="16.342026"></trkpt>
      <trkpt lat="46.13119" lon="16.340726"></trkpt>
      <trkpt lat="46.130234" lon="16.339945"></trkpt>
      <trkpt lat="46.129094" lon="16.338486"></trkpt>
      <trkpt lat="46.128121" lon="16.336326"></trkpt>
      <trkpt lat="46.127783" lon="16.335014"></trkpt>
      <trkpt lat="46.127546" lon="16.332683"></trkpt>
      <trkpt lat="46.127903" lon="16.328565"></trkpt>
      <trkpt lat="46.127857" lon="16.327292"></trkpt>
      <trkpt lat="46.127497" lon="16.325592"></trkpt>
      <trkpt lat="46.126018" lon="16.322154"></trkpt>
      <trkpt lat="46.125685" lon="16.320077"></trkpt>
      <trkpt lat="46.125824" lon="16.318057"></trkpt>
      <trkpt lat="46.126778" lon="16.314497"></trkpt>
      <trkpt lat="46.126896" lon="16.31315"></trkpt>
      <trkpt lat="46.126828" lon="16.311915"></trkpt>
      <trkpt lat="46.126567" lon="16.310563"></trkpt>
      <trkpt lat="46.125695" lon="16.307832"></trkpt>
      <trkpt lat="46.125286" lon="16.305189"></trkpt>
      <trkpt lat="46.124935" lon="16.303962"></trkpt>
      <trkpt lat="46.124234" lon="16.302557"></trkpt>
      <trkpt lat="46.1222" lon="16.299991"></trkpt>
      <trkpt lat="46.121137" lon="16.29772"></trkpt>
      <trkpt lat="46.120139" lon="16.296137"></trkpt>
      <trkpt lat="46.119317" lon="16.295266"></trkpt>
      <trkpt lat="46.115913" lon="16.292172"></trkpt>
      <trkpt lat="46.114491" lon="16.291018"></trkpt>
      <trkpt lat="46.113554" lon="16.290571"></trkpt>
      <trkpt lat="46.111745" lon="16.290208"></trkpt>
      <trkpt lat="46.110452" lon="16.289704"></trkpt>
      <trkpt lat="46.109786" lon="16.289272"></trkpt>
      <trkpt lat="46.107442" lon="16.287013"></trkpt>
      <trkpt lat="46.105874" lon="16.285775"></trkpt>
      <trkpt lat="46.104718" lon="16.285075"></trkpt>
      <trkpt lat="46.10295" lon="16.284302"></trkpt>
      <trkpt lat="46.100681" lon="16.283817"></trkpt>
      <trkpt lat="46.096525" lon="16.283663"></trkpt>
      <trkpt lat="46.092713" lon="16.283212"></trkpt>
      <trkpt lat="46.091299" lon="16.283156"></trkpt>
      <trkpt lat="46.089911" lon="16.283253"></trkpt>
      <trkpt lat="46.087769" lon="16.283721"></trkpt>
      <trkpt lat="46.085849" lon="16.284464"></trkpt>
      <trkpt lat="46.084298" lon="16.28532"></trkpt>
      <trkpt lat="46.08256" lon="16.286575"></trkpt>
      <trkpt lat="46.08116" lon="16.287856"></trkpt>
      <trkpt lat="46.079845" lon="16.289307"></trkpt>
      <trkpt lat="46.076976" lon="16.292864"></trkpt>
      <trkpt lat="46.07583" lon="16.294067"></trkpt>
      <trkpt lat="46.074406" lon="16.295306"></trkpt>
      <trkpt lat="46.072817" lon="16.296422"></trkpt>
      <trkpt lat="46.071217" lon="16.297297"></trkpt>
      <trkpt lat="46.068853" lon="16.298179"></trkpt>
      <trkpt lat="46.067379" lon="16.298491"></trkpt>
      <trkpt lat="46.065993" lon="16.298632"></trkpt>
      <trkpt lat="46.064002" lon="16.298579"></trkpt>
      <trkpt lat="46.057912" lon="16.297383"></trkpt>
      <trkpt lat="46.052291" lon="16.296579"></trkpt>
      <trkpt lat="46.049511" lon="16.296376"></trkpt>
      <trkpt lat="46.039999" lon="16.296049"></trkpt>
      <trkpt lat="46.030183" lon="16.294933"></trkpt>
      <trkpt lat="46.022847" lon="16.294689"></trkpt>
      <trkpt lat="46.017156" lon="16.294346"></trkpt>
      <trkpt lat="46.014841" lon="16.294399"></trkpt>
      <trkpt lat="46.011792" lon="16.294643"></trkpt>
      <trkpt lat="46.010304" lon="16.294613"></trkpt>
      <trkpt lat="46.007996" lon="16.294234"></trkpt>
      <trkpt lat="46.00586" lon="16.293479"></trkpt>
      <trkpt lat="46.003639" lon="16.292239"></trkpt>
      <trkpt lat="46.000134" lon="16.289539"></trkpt>
      <trkpt lat="45.998481" lon="16.288401"></trkpt>
      <trkpt lat="45.996059" lon="16.287235"></trkpt>
      <trkpt lat="45.994163" lon="16.286683"></trkpt>
      <trkpt lat="45.992128" lon="16.286379"></trkpt>
      <trkpt lat="45.963744" lon="16.283371"></trkpt>
      <trkpt lat="45.961933" lon="16.283071"></trkpt>
      <trkpt lat="45.96059" lon="16.2827"></trkpt>
      <trkpt lat="45.958331" lon="16.281709"></trkpt>
      <trkpt lat="45.95578" lon="16.279973"></trkpt>
      <trkpt lat="45.953674" lon="16.277959"></trkpt>
      <trkpt lat="45.950157" lon="16.273779"></trkpt>
      <trkpt lat="45.947989" lon="16.27179"></trkpt>
      <trkpt lat="45.946518" lon="16.270763"></trkpt>
      <trkpt lat="45.944928" lon="16.269904"></trkpt>
      <trkpt lat="45.942272" lon="16.268985"></trkpt>
      <trkpt lat="45.940269" lon="16.268678"></trkpt>
      <trkpt lat="45.939118" lon="16.268649"></trkpt>
      <trkpt lat="45.936667" lon="16.268942"></trkpt>
      <trkpt lat="45.916714" lon="16.274651"></trkpt>
      <trkpt lat="45.915589" lon="16.274913"></trkpt>
      <trkpt lat="45.913687" lon="16.275133"></trkpt>
      <trkpt lat="45.912478" lon="16.275127"></trkpt>
      <trkpt lat="45.910452" lon="16.274848"></trkpt>
      <trkpt lat="45.909076" lon="16.274463"></trkpt>
      <trkpt lat="45.907552" lon="16.273848"></trkpt>
      <trkpt lat="45.906669" lon="16.273401"></trkpt>
      <trkpt lat="45.904936" lon="16.272274"></trkpt>
      <trkpt lat="45.903661" lon="16.271226"></trkpt>
      <trkpt lat="45.902258" lon="16.269842"></trkpt>
      <trkpt lat="45.900916" lon="16.268204"></trkpt>
      <trkpt lat="45.899586" lon="16.26623"></trkpt>
      <trkpt lat="45.898188" lon="16.263575"></trkpt>
      <trkpt lat="45.897424" lon="16.261782"></trkpt>
      <trkpt lat="45.856317" lon="16.159143"></trkpt>
      <trkpt lat="45.854834" lon="16.155877"></trkpt>
      <trkpt lat="45.853627" lon="16.153602"></trkpt>
      <trkpt lat="45.851997" lon="16.15097"></trkpt>
      <trkpt lat="45.850478" lon="16.148827"></trkpt>
      <trkpt lat="45.847489" lon="16.145359"></trkpt>
      <trkpt lat="45.844453" lon="16.14262"></trkpt>
      <trkpt lat="45.842818" lon="16.141418"></trkpt>
      <trkpt lat="45.840576" lon="16.140022"></trkpt>
      <trkpt lat="45.837376" lon="16.138517"></trkpt>
      <trkpt lat="45.833826" lon="16.137459"></trkpt>
      <trkpt lat="45.830414" lon="16.136999"></trkpt>
      <trkpt lat="45.828122" lon="16.136992"></trkpt>
      <trkpt lat="45.826676" lon="16.13711"></trkpt>
      <trkpt lat="45.820678" lon="16.138068"></trkpt>
      <trkpt lat="45.81871" lon="16.138046"></trkpt>
      <trkpt lat="45.816939" lon="16.137774"></trkpt>
      <trkpt lat="45.815534" lon="16.137375"></trkpt>
      <trkpt lat="45.814061" lon="16.136766"></trkpt>
      <trkpt lat="45.809617" lon="16.134179"></trkpt>
      <trkpt lat="45.808103" lon="16.133489"></trkpt>
      <trkpt lat="45.798591" lon="16.13055"></trkpt>
      <trkpt lat="45.796401" lon="16.129255"></trkpt>
      <trkpt lat="45.795868" lon="16.129051"></trkpt>
      <trkpt lat="45.794335" lon="16.12875"></trkpt>
      <trkpt lat="45.79343" lon="16.128415"></trkpt>
      <trkpt lat="45.79192" lon="16.127432"></trkpt>
      <trkpt lat="45.789855" lon="16.125783"></trkpt>
      <trkpt lat="45.78696" lon="16.123185"></trkpt>
      <trkpt lat="45.785112" lon="16.121254"></trkpt>
      <trkpt lat="45.782535" lon="16.118091"></trkpt>
      <trkpt lat="45.779742" lon="16.113903"></trkpt>
      <trkpt lat="45.774285" lon="16.103842"></trkpt>
      <trkpt lat="45.770804" lon="16.098251"></trkpt>
      <trkpt lat="45.768528" lon="16.095093"></trkpt>
      <trkpt lat="45.766422" lon="16.092444"></trkpt>
      <trkpt lat="45.759789" lon="16.084898"></trkpt>
      <trkpt lat="45.757091" lon="16.081492"></trkpt>
      <trkpt lat="45.754352" lon="16.077233"></trkpt>
      <trkpt lat="45.75251" lon="16.073739"></trkpt>
      <trkpt lat="45.751446" lon="16.071397"></trkpt>
      <trkpt lat="45.749286" lon="16.065498"></trkpt>
      <trkpt lat="45.747765" lon="16.059649"></trkpt>
      <trkpt lat="45.746747" lon="16.053495"></trkpt>
      <trkpt lat="45.746475" lon="16.050893"></trkpt>
      <trkpt lat="45.74623" lon="16.046195"></trkpt>
      <trkpt lat="45.746355" lon="16.040106"></trkpt>
      <trkpt lat="45.746857" lon="16.035028"></trkpt>
      <trkpt lat="45.752532" lon="15.998308"></trkpt>
      <trkpt lat="45.753248" lon="15.99132"></trkpt>
      <trkpt lat="45.753543" lon="15.984376"></trkpt>
      <trkpt lat="45.753478" lon="15.978589"></trkpt>
      <trkpt lat="45.753113" lon="15.972653"></trkpt>
      <trkpt lat="45.75248" lon="15.966606"></trkpt>
      <trkpt lat="45.748474" lon="15.93294"></trkpt>
      <trkpt lat="45.748155" lon="15.928496"></trkpt>
      <trkpt lat="45.748181" lon="15.925117"></trkpt>
      <trkpt lat="45.748464" lon="15.921867"></trkpt>
      <trkpt lat="45.749109" lon="15.918052"></trkpt>
      <trkpt lat="45.749909" lon="15.914755"></trkpt>
      <trkpt lat="45.751147" lon="15.911209"></trkpt>
      <trkpt lat="45.752073" lon="15.909069"></trkpt>
      <trkpt lat="45.753698" lon="15.906108"></trkpt>
      <trkpt lat="45.754694" lon="15.904888"></trkpt>
      <trkpt lat="45.756093" lon="15.903673"></trkpt>
      <trkpt lat="45.756617" lon="15.902891"></trkpt>
      <trkpt lat="45.756914" lon="15.902118"></trkpt>
      <trkpt lat="45.757638" lon="15.896176"></trkpt>
      <trkpt lat="45.757459" lon="15.894528"></trkpt>
      <trkpt lat="45.756993" lon="15.89337"></trkpt>
      <trkpt lat="45.75557" lon="15.891805"></trkpt>
      <trkpt lat="45.753676" lon="15.889056"></trkpt>
      <trkpt lat="45.750653" lon="15.885634"></trkpt>
      <trkpt lat="45.74803" lon="15.883271"></trkpt>
      <trkpt lat="45.746653" lon="15.882276"></trkpt>
      <trkpt lat="45.744501" lon="15.880965"></trkpt>
      <trkpt lat="45.735762" lon="15.87713"></trkpt>
      <trkpt lat="45.732878" lon="15.875592"></trkpt>
      <trkpt lat="45.730403" lon="15.874118"></trkpt>
      <trkpt lat="45.726907" lon="15.87177"></trkpt>
      <trkpt lat="45.723743" lon="15.869353"></trkpt>
      <trkpt lat="45.721207" lon="15.867144"></trkpt>
      <trkpt lat="45.718395" lon="15.864495"></trkpt>
      <trkpt lat="45.71541" lon="15.861368"></trkpt>
      <trkpt lat="45.712768" lon="15.858306"></trkpt>
      <trkpt lat="45.710371" lon="15.855267"></trkpt>
      <trkpt lat="45.70709" lon="15.85074"></trkpt>
      <trkpt lat="45.702565" lon="15.843682"></trkpt>
      <trkpt lat="45.699996" lon="15.839191"></trkpt>
      <trkpt lat="45.697956" lon="15.835307"></trkpt>
      <trkpt lat="45.695014" lon="15.829135"></trkpt>
      <trkpt lat="45.691484" lon="15.820538"></trkpt>
      <trkpt lat="45.689035" lon="15.813506"></trkpt>
      <trkpt lat="45.686476" lon="15.804811"></trkpt>
      <trkpt lat="45.684819" lon="15.797997"></trkpt>
      <trkpt lat="45.67524" lon="15.751319"></trkpt>
      <trkpt lat="45.67336" lon="15.743695"></trkpt>
      <trkpt lat="45.671844" lon="15.738107"></trkpt>
      <trkpt lat="45.670185" lon="15.732583"></trkpt>
      <trkpt lat="45.667164" lon="15.723541"></trkpt>
      <trkpt lat="45.663692" lon="15.714515"></trkpt>
      <trkpt lat="45.659898" lon="15.705719"></trkpt>
      <trkpt lat="45.656598" lon="15.698808"></trkpt>
      <trkpt lat="45.654103" lon="15.693997"></trkpt>
      <trkpt lat="45.649427" lon="15.685779"></trkpt>
      <trkpt lat="45.645963" lon="15.680312"></trkpt>
      <trkpt lat="45.641818" lon="15.674166"></trkpt>
      <trkpt lat="45.637576" lon="15.668447"></trkpt>
      <trkpt lat="45.633932" lon="15.663888"></trkpt>
      <trkpt lat="45.630036" lon="15.659408"></trkpt>
      <trkpt lat="45.625295" lon="15.654368"></trkpt>
      <trkpt lat="45.619764" lon="15.649037"></trkpt>
      <trkpt lat="45.613829" lon="15.643938"></trkpt>
      <trkpt lat="45.610578" lon="15.64138"></trkpt>
      <trkpt lat="45.607117" lon="15.638838"></trkpt>
      <trkpt lat="45.601367" lon="15.634989"></trkpt>
      <trkpt lat="45.59423" lon="15.630844"></trkpt>
      <trkpt lat="45.583484" lon="15.625477"></trkpt>
      <trkpt lat="45.576989" lon="15.621624"></trkpt>
      <trkpt lat="45.572126" lon="15.618327"></trkpt>
      <trkpt lat="45.569107" lon="15.616117"></trkpt>
      <trkpt lat="45.562781" lon="15.610979"></trkpt>
      <trkpt lat="45.558605" lon="15.607152"></trkpt>
      <trkpt lat="45.554746" lon="15.603342"></trkpt>
      <trkpt lat="45.551427" lon="15.59981"></trkpt>
      <trkpt lat="45.548112" lon="15.59603"></trkpt>
      <trkpt lat="45.544163" lon="15.591185"></trkpt>
      <trkpt lat="45.540987" lon="15.586944"></trkpt>
      <trkpt lat="45.517882" lon="15.554793"></trkpt>
      <trkpt lat="45.516437" lon="15.552527"></trkpt>
      <trkpt lat="45.515194" lon="15.550027"></trkpt>
      <trkpt lat="45.514203" lon="15.547471"></trkpt>
      <trkpt lat="45.513432" lon="15.544788"></trkpt>
      <trkpt lat="45.512678" lon="15.541189"></trkpt>
      <trkpt lat="45.511668" lon="15.535378"></trkpt>
      <trkpt lat="45.510443" lon="15.5259"></trkpt>
      <trkpt lat="45.509893" lon="15.519324"></trkpt>
      <trkpt lat="45.509753" lon="15.516024"></trkpt>
      <trkpt lat="45.509804" lon="15.51341"></trkpt>
      <trkpt lat="45.509987" lon="15.511035"></trkpt>
      <trkpt lat="45.510269" lon="15.508823"></trkpt>
      <trkpt lat="45.510895" lon="15.505619"></trkpt>
      <trkpt lat="45.512082" lon="15.501501"></trkpt>
      <trkpt lat="45.514874" lon="15.493619"></trkpt>
      <trkpt lat="45.515357" lon="15.49175"></trkpt>
      <trkpt lat="45.515897" lon="15.488499"></trkpt>
      <trkpt lat="45.516094" lon="15.485551"></trkpt>
      <trkpt lat="45.515989" lon="15.482021"></trkpt>
      <trkpt lat="45.515511" lon="15.478619"></trkpt>
      <trkpt lat="45.514483" lon="15.47475"></trkpt>
      <trkpt lat="45.513171" lon="15.471564"></trkpt>
      <trkpt lat="45.511975" lon="15.469412"></trkpt>
      <trkpt lat="45.509953" lon="15.466607"></trkpt>
      <trkpt lat="45.504986" lon="15.460599"></trkpt>
      <trkpt lat="45.502661" lon="15.457085"></trkpt>
      <trkpt lat="45.499277" lon="15.451127"></trkpt>
      <trkpt lat="45.498477" lon="15.449896"></trkpt>
      <trkpt lat="45.497595" lon="15.448893"></trkpt>
      <trkpt lat="45.496461" lon="15.447973"></trkpt>
      <trkpt lat="45.494773" lon="15.447225"></trkpt>
      <trkpt lat="45.491406" lon="15.446112"></trkpt>
      <trkpt lat="45.489782" lon="15.445126"></trkpt>
      <trkpt lat="45.488577" lon="15.444027"></trkpt>
      <trkpt lat="45.487504" lon="15.44263"></trkpt>
      <trkpt lat="45.486644" lon="15.441138"></trkpt>
      <trkpt lat="45.484592" lon="15.436531"></trkpt>
      <trkpt lat="45.483399" lon="15.434369"></trkpt>
      <trkpt lat="45.482136" lon="15.432592"></trkpt>
      <trkpt lat="45.476347" lon="15.425334"></trkpt>
      <trkpt lat="45.474974" lon="15.423181"></trkpt>
      <trkpt lat="45.473959" lon="15.421009"></trkpt>
      <trkpt lat="45.471549" lon="15.414611"></trkpt>
      <trkpt lat="45.470306" lon="15.412487"></trkpt>
      <trkpt lat="45.468596" lon="15.410279"></trkpt>
      <trkpt lat="45.467402" lon="15.408506"></trkpt>
      <trkpt lat="45.466702" lon="15.407146"></trkpt>
      <trkpt lat="45.46605" lon="15.405543"></trkpt>
      <trkpt lat="45.465227" lon="15.402628"></trkpt>
      <trkpt lat="45.46306" lon="15.388156"></trkpt>
      <trkpt lat="45.462624" lon="15.386418"></trkpt>
      <trkpt lat="45.461796" lon="15.384052"></trkpt>
      <trkpt lat="45.46064" lon="15.381688"></trkpt>
      <trkpt lat="45.45894" lon="15.379195"></trkpt>
      <trkpt lat="45.457251" lon="15.377438"></trkpt>
      <trkpt lat="45.455803" lon="15.376288"></trkpt>
      <trkpt lat="45.452665" lon="15.374123"></trkpt>
      <trkpt lat="45.450846" lon="15.372515"></trkpt>
      <trkpt lat="45.449806" lon="15.371355"></trkpt>
      <trkpt lat="45.448404" lon="15.369486"></trkpt>
      <trkpt lat="45.44692" lon="15.366848"></trkpt>
      <trkpt lat="45.445637" lon="15.36365"></trkpt>
      <trkpt lat="45.44485" lon="15.360822"></trkpt>
      <trkpt lat="45.444278" lon="15.357457"></trkpt>
      <trkpt lat="45.443396" lon="15.35062"></trkpt>
      <trkpt lat="45.442602" lon="15.345603"></trkpt>
      <trkpt lat="45.441383" lon="15.340795"></trkpt>
      <trkpt lat="45.440275" lon="15.337625"></trkpt>
      <trkpt lat="45.43834" lon="15.333344"></trkpt>
      <trkpt lat="45.432696" lon="15.32306"></trkpt>
      <trkpt lat="45.43133" lon="15.320196"></trkpt>
      <trkpt lat="45.430139" lon="15.317336"></trkpt>
      <trkpt lat="45.424142" lon="15.301359"></trkpt>
      <trkpt lat="45.421938" lon="15.296217"></trkpt>
      <trkpt lat="45.420711" lon="15.293812"></trkpt>
      <trkpt lat="45.418377" lon="15.289879"></trkpt>
      <trkpt lat="45.417108" lon="15.287521"></trkpt>
      <trkpt lat="45.415583" lon="15.283689"></trkpt>
      <trkpt lat="45.414865" lon="15.282234"></trkpt>
      <trkpt lat="45.413788" lon="15.280492"></trkpt>
      <trkpt lat="45.411069" lon="15.2768"></trkpt>
      <trkpt lat="45.410007" lon="15.274578"></trkpt>
      <trkpt lat="45.40934" lon="15.272315"></trkpt>
      <trkpt lat="45.409061" lon="15.270709"></trkpt>
      <trkpt lat="45.408519" lon="15.262921"></trkpt>
      <trkpt lat="45.408514" lon="15.259956"></trkpt>
      <trkpt lat="45.408285" lon="15.258235"></trkpt>
      <trkpt lat="45.40786" lon="15.256818"></trkpt>
      <trkpt lat="45.406623" lon="15.254343"></trkpt>
      <trkpt lat="45.406236" lon="15.253292"></trkpt>
      <trkpt lat="45.405983" lon="15.252042"></trkpt>
      <trkpt lat="45.40564" lon="15.248714"></trkpt>
      <trkpt lat="45.40535" lon="15.247462"></trkpt>
      <trkpt lat="45.404939" lon="15.246203"></trkpt>
      <trkpt lat="45.40268" lon="15.240805"></trkpt>
      <trkpt lat="45.401683" lon="15.237473"></trkpt>
      <trkpt lat="45.401124" lon="15.234821"></trkpt>
      <trkpt lat="45.400765" lon="15.232344"></trkpt>
      <trkpt lat="45.400567" lon="15.229967"></trkpt>
      <trkpt lat="45.400448" lon="15.223743"></trkpt>
      <trkpt lat="45.400213" lon="15.220603"></trkpt>
      <trkpt lat="45.399616" lon="15.216577"></trkpt>
      <trkpt lat="45.398822" lon="15.213231"></trkpt>
      <trkpt lat="45.397337" lon="15.208853"></trkpt>
      <trkpt lat="45.395212" lon="15.204468"></trkpt>
      <trkpt lat="45.394065" lon="15.202573"></trkpt>
      <trkpt lat="45.392642" lon="15.200569"></trkpt>
      <trkpt lat="45.391253" lon="15.198922"></trkpt>
      <trkpt lat="45.388903" lon="15.19649"></trkpt>
      <trkpt lat="45.387498" lon="15.194575"></trkpt>
      <trkpt lat="45.38642" lon="15.192424"></trkpt>
      <trkpt lat="45.385532" lon="15.189468"></trkpt>
      <trkpt lat="45.385206" lon="15.187412"></trkpt>
      <trkpt lat="45.385124" lon="15.186138"></trkpt>
      <trkpt lat="45.385157" lon="15.184124"></trkpt>
      <trkpt lat="45.385564" lon="15.179347"></trkpt>
      <trkpt lat="45.385617" lon="15.177081"></trkpt>
      <trkpt lat="45.38556" lon="15.175195"></trkpt>
      <trkpt lat="45.385175" lon="15.171613"></trkpt>
      <trkpt lat="45.384448" lon="15.16813"></trkpt>
      <trkpt lat="45.383417" lon="15.164681"></trkpt>
      <trkpt lat="45.382504" lon="15.162449"></trkpt>
      <trkpt lat="45.380202" lon="15.157811"></trkpt>
      <trkpt lat="45.379511" lon="15.155719"></trkpt>
      <trkpt lat="45.379226" lon="15.15448"></trkpt>
      <trkpt lat="45.378968" lon="15.152749"></trkpt>
      <trkpt lat="45.378822" lon="15.150609"></trkpt>
      <trkpt lat="45.378312" lon="15.1365"></trkpt>
      <trkpt lat="45.377851" lon="15.132299"></trkpt>
      <trkpt lat="45.377241" lon="15.129273"></trkpt>
      <trkpt lat="45.376573" lon="15.126787"></trkpt>
      <trkpt lat="45.375265" lon="15.123152"></trkpt>
      <trkpt lat="45.373244" lon="15.118706"></trkpt>
      <trkpt lat="45.372926" lon="15.117722"></trkpt>
      <trkpt lat="45.372571" lon="15.115936"></trkpt>
      <trkpt lat="45.37245" lon="15.114116"></trkpt>
      <trkpt lat="45.37253" lon="15.112544"></trkpt>
      <trkpt lat="45.373989" lon="15.105"></trkpt>
      <trkpt lat="45.374137" lon="15.103626"></trkpt>
      <trkpt lat="45.374104" lon="15.102141"></trkpt>
      <trkpt lat="45.373795" lon="15.100394"></trkpt>
      <trkpt lat="45.373176" lon="15.098714"></trkpt>
      <trkpt lat="45.372661" lon="15.097822"></trkpt>
      <trkpt lat="45.371662" lon="15.096651"></trkpt>
      <trkpt lat="45.369185" lon="15.094616"></trkpt>
      <trkpt lat="45.368167" lon="15.093133"></trkpt>
      <trkpt lat="45.364089" lon="15.084185"></trkpt>
      <trkpt lat="45.360537" lon="15.078119"></trkpt>
      <trkpt lat="45.359789" lon="15.076621"></trkpt>
      <trkpt lat="45.35906" lon="15.074613"></trkpt>
      <trkpt lat="45.358589" lon="15.072552"></trkpt>
      <trkpt lat="45.358338" lon="15.070046"></trkpt>
      <trkpt lat="45.358506" lon="15.067387"></trkpt>
      <trkpt lat="45.359096" lon="15.0651"></trkpt>
      <trkpt lat="45.35967" lon="15.063812"></trkpt>
      <trkpt lat="45.360574" lon="15.062435"></trkpt>
      <trkpt lat="45.361802" lon="15.061191"></trkpt>
      <trkpt lat="45.363106" lon="15.060419"></trkpt>
      <trkpt lat="45.364121" lon="15.060106"></trkpt>
      <trkpt lat="45.366387" lon="15.059963"></trkpt>
      <trkpt lat="45.367512" lon="15.059696"></trkpt>
      <trkpt lat="45.370257" lon="15.058126"></trkpt>
      <trkpt lat="45.372397" lon="15.057317"></trkpt>
      <trkpt lat="45.373654" lon="15.056563"></trkpt>
      <trkpt lat="45.374925" lon="15.055247"></trkpt>
      <trkpt lat="45.375989" lon="15.053507"></trkpt>
      <trkpt lat="45.376743" lon="15.051467"></trkpt>
      <trkpt lat="45.377172" lon="15.049493"></trkpt>
      <trkpt lat="45.377318" lon="15.047492"></trkpt>
      <trkpt lat="45.377265" lon="15.046071"></trkpt>
      <trkpt lat="45.376558" lon="15.041326"></trkpt>
      <trkpt lat="45.376296" lon="15.038462"></trkpt>
      <trkpt lat="45.376433" lon="15.033547"></trkpt>
      <trkpt lat="45.376356" lon="15.031963"></trkpt>
      <trkpt lat="45.376089" lon="15.030324"></trkpt>
      <trkpt lat="45.374851" lon="15.026095"></trkpt>
      <trkpt lat="45.374476" lon="15.023691"></trkpt>
      <trkpt lat="45.374415" lon="15.021818"></trkpt>
      <trkpt lat="45.374713" lon="15.016995"></trkpt>
      <trkpt lat="45.37472" lon="15.014798"></trkpt>
      <trkpt lat="45.374508" lon="15.011995"></trkpt>
      <trkpt lat="45.373994" lon="15.009147"></trkpt>
      <trkpt lat="45.373599" lon="15.00545"></trkpt>
      <trkpt lat="45.373653" lon="14.993014"></trkpt>
      <trkpt lat="45.373228" lon="14.989149"></trkpt>
      <trkpt lat="45.373218" lon="14.987295"></trkpt>
      <trkpt lat="45.373509" lon="14.985427"></trkpt>
      <trkpt lat="45.374745" lon="14.981624"></trkpt>
      <trkpt lat="45.375085" lon="14.980002"></trkpt>
      <trkpt lat="45.375198" lon="14.97844"></trkpt>
      <trkpt lat="45.375068" lon="14.972723"></trkpt>
      <trkpt lat="45.375233" lon="14.968585"></trkpt>
      <trkpt lat="45.375602" lon="14.965191"></trkpt>
      <trkpt lat="45.376907" lon="14.958567"></trkpt>
      <trkpt lat="45.37774" lon="14.955415"></trkpt>
      <trkpt lat="45.381795" lon="14.944969"></trkpt>
      <trkpt lat="45.382245" lon="14.943697"></trkpt>
      <trkpt lat="45.382652" lon="14.941838"></trkpt>
      <trkpt lat="45.383021" lon="14.937892"></trkpt>
      <trkpt lat="45.384248" lon="14.913265"></trkpt>
      <trkpt lat="45.38469" lon="14.909293"></trkpt>
      <trkpt lat="45.386194" lon="14.899654"></trkpt>
      <trkpt lat="45.386412" lon="14.896675"></trkpt>
      <trkpt lat="45.386385" lon="14.894807"></trkpt>
      <trkpt lat="45.386183" lon="14.892522"></trkpt>
      <trkpt lat="45.385604" lon="14.889597"></trkpt>
      <trkpt lat="45.384928" lon="14.887371"></trkpt>
      <trkpt lat="45.382995" lon="14.882518"></trkpt>
      <trkpt lat="45.382387" lon="14.880223"></trkpt>
      <trkpt lat="45.382095" lon="14.87846"></trkpt>
      <trkpt lat="45.381944" lon="14.875293"></trkpt>
      <trkpt lat="45.382365" lon="14.868097"></trkpt>
      <trkpt lat="45.382371" lon="14.8652"></trkpt>
      <trkpt lat="45.381906" lon="14.860257"></trkpt>
      <trkpt lat="45.381004" lon="14.854524"></trkpt>
      <trkpt lat="45.380863" lon="14.85254"></trkpt>
      <trkpt lat="45.380936" lon="14.850071"></trkpt>
      <trkpt lat="45.381224" lon="14.848017"></trkpt>
      <trkpt lat="45.381954" lon="14.845284"></trkpt>
      <trkpt lat="45.383102" lon="14.842388"></trkpt>
      <trkpt lat="45.384739" lon="14.839003"></trkpt>
      <trkpt lat="45.385675" lon="14.837438"></trkpt>
      <trkpt lat="45.386609" lon="14.836139"></trkpt>
      <trkpt lat="45.387478" lon="14.835153"></trkpt>
      <trkpt lat="45.390146" lon="14.83258"></trkpt>
      <trkpt lat="45.39083" lon="14.831724"></trkpt>
      <trkpt lat="45.391561" lon="14.830553"></trkpt>
      <trkpt lat="45.392137" lon="14.829296"></trkpt>
      <trkpt lat="45.393267" lon="14.825554"></trkpt>
      <trkpt lat="45.393859" lon="14.822491"></trkpt>
      <trkpt lat="45.393902" lon="14.819943"></trkpt>
      <trkpt lat="45.393519" lon="14.817647"></trkpt>
      <trkpt lat="45.39267" lon="14.815393"></trkpt>
      <trkpt lat="45.391672" lon="14.8138"></trkpt>
      <trkpt lat="45.389945" lon="14.811587"></trkpt>
      <trkpt lat="45.387448" lon="14.806218"></trkpt>
      <trkpt lat="45.38655" lon="14.804813"></trkpt>
      <trkpt lat="45.385665" lon="14.803799"></trkpt>
      <trkpt lat="45.384437" lon="14.802711"></trkpt>
      <trkpt lat="45.380312" lon="14.79953"></trkpt>
      <trkpt lat="45.378629" lon="14.797953"></trkpt>
      <trkpt lat="45.376672" lon="14.795693"></trkpt>
      <trkpt lat="45.374518" lon="14.792476"></trkpt>
      <trkpt lat="45.372798" lon="14.789108"></trkpt>
      <trkpt lat="45.371643" lon="14.786118"></trkpt>
      <trkpt lat="45.370897" lon="14.783721"></trkpt>
      <trkpt lat="45.368588" lon="14.774496"></trkpt>
      <trkpt lat="45.368096" lon="14.773168"></trkpt>
      <trkpt lat="45.367021" lon="14.771331"></trkpt>
      <trkpt lat="45.366339" lon="14.770495"></trkpt>
      <trkpt lat="45.365317" lon="14.769529"></trkpt>
      <trkpt lat="45.36277" lon="14.767487"></trkpt>
      <trkpt lat="45.359409" lon="14.764063"></trkpt>
      <trkpt lat="45.357768" lon="14.762634"></trkpt>
      <trkpt lat="45.355546" lon="14.761198"></trkpt>
      <trkpt lat="45.351553" lon="14.759295"></trkpt>
      <trkpt lat="45.350193" lon="14.758382"></trkpt>
      <trkpt lat="45.348323" lon="14.756625"></trkpt>
      <trkpt lat="45.347097" lon="14.75509"></trkpt>
      <trkpt lat="45.344341" lon="14.750773"></trkpt>
      <trkpt lat="45.337265" lon="14.740596"></trkpt>
      <trkpt lat="45.336143" lon="14.739399"></trkpt>
      <trkpt lat="45.33491" lon="14.738592"></trkpt>
      <trkpt lat="45.334265" lon="14.738332"></trkpt>
      <trkpt lat="45.333178" lon="14.738138"></trkpt>
      <trkpt lat="45.332035" lon="14.738207"></trkpt>
      <trkpt lat="45.329669" lon="14.738954"></trkpt>
      <trkpt lat="45.328859" lon="14.739045"></trkpt>
      <trkpt lat="45.32788" lon="14.738964"></trkpt>
      <trkpt lat="45.326915" lon="14.738653"></trkpt>
      <trkpt lat="45.326119" lon="14.738228"></trkpt>
      <trkpt lat="45.325006" lon="14.737346"></trkpt>
      <trkpt lat="45.324139" lon="14.736491"></trkpt>
      <trkpt lat="45.323024" lon="14.735169"></trkpt>
      <trkpt lat="45.322343" lon="14.734086"></trkpt>
      <trkpt lat="45.320184" lon="14.729027"></trkpt>
      <trkpt lat="45.317729" lon="14.724509"></trkpt>
      <trkpt lat="45.31691" lon="14.722087"></trkpt>
      <trkpt lat="45.31651" lon="14.719617"></trkpt>
      <trkpt lat="45.316503" lon="14.717398"></trkpt>
      <trkpt lat="45.316808" lon="14.713393"></trkpt>
      <trkpt lat="45.316821" lon="14.710978"></trkpt>
      <trkpt lat="45.315868" lon="14.700797"></trkpt>
      <trkpt lat="45.31575" lon="14.69841"></trkpt>
      <trkpt lat="45.315779" lon="14.695972"></trkpt>
      <trkpt lat="45.316215" lon="14.693416"></trkpt>
      <trkpt lat="45.317811" lon="14.689539"></trkpt>
      <trkpt lat="45.318211" lon="14.688124"></trkpt>
      <trkpt lat="45.318434" lon="14.686644"></trkpt>
      <trkpt lat="45.318467" lon="14.684716"></trkpt>
      <trkpt lat="45.318117" lon="14.678524"></trkpt>
      <trkpt lat="45.318267" lon="14.675809"></trkpt>
      <trkpt lat="45.319246" lon="14.671534"></trkpt>
      <trkpt lat="45.319737" lon="14.668589"></trkpt>
      <trkpt lat="45.320205" lon="14.666823"></trkpt>
      <trkpt lat="45.321297" lon="14.664517"></trkpt>
      <trkpt lat="45.324972" lon="14.658527"></trkpt>
      <trkpt lat="45.325637" lon="14.656676"></trkpt>
      <trkpt lat="45.325971" lon="14.654711"></trkpt>
      <trkpt lat="45.32595" lon="14.653047"></trkpt>
      <trkpt lat="45.325506" lon="14.650158"></trkpt>
      <trkpt lat="45.322148" lon="14.636777"></trkpt>
      <trkpt lat="45.321697" lon="14.634421"></trkpt>
      <trkpt lat="45.321566" lon="14.632501"></trkpt>
      <trkpt lat="45.321622" lon="14.630363"></trkpt>
      <trkpt lat="45.321911" lon="14.628547"></trkpt>
      <trkpt lat="45.322533" lon="14.626198"></trkpt>
      <trkpt lat="45.322933" lon="14.625118"></trkpt>
      <trkpt lat="45.323919" lon="14.623158"></trkpt>
      <trkpt lat="45.32485" lon="14.6218"></trkpt>
      <trkpt lat="45.327081" lon="14.619146"></trkpt>
      <trkpt lat="45.327581" lon="14.618345"></trkpt>
      <trkpt lat="45.32819" lon="14.616988"></trkpt>
      <trkpt lat="45.328565" lon="14.615717"></trkpt>
      <trkpt lat="45.328826" lon="14.614156"></trkpt>
      <trkpt lat="45.328877" lon="14.609298"></trkpt>
      <trkpt lat="45.329173" lon="14.607129"></trkpt>
      <trkpt lat="45.33048" lon="14.601792"></trkpt>
      <trkpt lat="45.331066" lon="14.600236"></trkpt>
      <trkpt lat="45.331816" lon="14.598939"></trkpt>
      <trkpt lat="45.332614" lon="14.597983"></trkpt>
      <trkpt lat="45.333628" lon="14.597131"></trkpt>
      <trkpt lat="45.339584" lon="14.593931"></trkpt>
      <trkpt lat="45.340868" lon="14.593583"></trkpt>
      <trkpt lat="45.343555" lon="14.593774"></trkpt>
      <trkpt lat="45.344771" lon="14.593721"></trkpt>
      <trkpt lat="45.34583" lon="14.593399"></trkpt>
      <trkpt lat="45.347242" lon="14.592478"></trkpt>
      <trkpt lat="45.348246" lon="14.591397"></trkpt>
      <trkpt lat="45.348959" lon="14.590288"></trkpt>
      <trkpt lat="45.349684" lon="14.588634"></trkpt>
      <trkpt lat="45.3506" lon="14.585798"></trkpt>
      <trkpt lat="45.351532" lon="14.584057"></trkpt>
      <trkpt lat="45.352383" lon="14.58302"></trkpt>
      <trkpt lat="45.35414" lon="14.581311"></trkpt>
      <trkpt lat="45.356043" lon="14.579034"></trkpt>
      <trkpt lat="45.358954" lon="14.576665"></trkpt>
      <trkpt lat="45.360051" lon="14.575362"></trkpt>
      <trkpt lat="45.360803" lon="14.574136"></trkpt>
      <trkpt lat="45.361664" lon="14.572111"></trkpt>
      <trkpt lat="45.361939" lon="14.571123"></trkpt>
      <trkpt lat="45.362267" lon="14.56952"></trkpt>
      <trkpt lat="45.362412" lon="14.568017"></trkpt>
      <trkpt lat="45.362374" lon="14.565739"></trkpt>
      <trkpt lat="45.361603" lon="14.560286"></trkpt>
      <trkpt lat="45.361502" lon="14.558891"></trkpt>
      <trkpt lat="45.361725" lon="14.55633"></trkpt>
      <trkpt lat="45.362299" lon="14.554352"></trkpt>
      <trkpt lat="45.362835" lon="14.553203"></trkpt>
      <trkpt lat="45.363682" lon="14.551949"></trkpt>
      <trkpt lat="45.364687" lon="14.55094"></trkpt>
      <trkpt lat="45.366553" lon="14.549358"></trkpt>
      <trkpt lat="45.368463" lon="14.547056"></trkpt>
      <trkpt lat="45.371074" lon="14.544844"></trkpt>
      <trkpt lat="45.37187" lon="14.543966"></trkpt>
      <trkpt lat="45.372537" lon="14.543006"></trkpt>
      <trkpt lat="45.376568" lon="14.534519"></trkpt>
      <trkpt lat="45.377183" lon="14.532132"></trkpt>
      <trkpt lat="45.37737" lon="14.53017"></trkpt>
      <trkpt lat="45.377283" lon="14.528106"></trkpt>
      <trkpt lat="45.377045" lon="14.525914"></trkpt>
      <trkpt lat="45.377011" lon="14.524049"></trkpt>
      <trkpt lat="45.376606" lon="14.520063"></trkpt>
      <trkpt lat="45.37668" lon="14.495257"></trkpt>
      <trkpt lat="45.376286" lon="14.492775"></trkpt>
      <trkpt lat="45.375887" lon="14.491707"></trkpt>
      <trkpt lat="45.37522" lon="14.490558"></trkpt>
      <trkpt lat="45.374265" lon="14.4894"></trkpt>
      <trkpt lat="45.373538" lon="14.488806"></trkpt>
      <trkpt lat="45.372689" lon="14.488357"></trkpt>
      <trkpt lat="45.372041" lon="14.488153"></trkpt>
      <trkpt lat="45.37087" lon="14.488076"></trkpt>
      <trkpt lat="45.370055" lon="14.488243"></trkpt>
      <trkpt lat="45.36363" lon="14.491416"></trkpt>
      <trkpt lat="45.361068" lon="14.492544"></trkpt>
      <trkpt lat="45.357827" lon="14.493548"></trkpt>
      <trkpt lat="45.357002" lon="14.493602"></trkpt>
      <trkpt lat="45.356284" lon="14.493447"></trkpt>
      <trkpt lat="45.354343" lon="14.492496"></trkpt>
      <trkpt lat="45.353149" lon="14.49213"></trkpt>
      <trkpt lat="45.352086" lon="14.492009"></trkpt>
      <trkpt lat="45.347768" lon="14.491876"></trkpt>
      <trkpt lat="45.346846" lon="14.49152"></trkpt>
      <trkpt lat="45.346427" lon="14.491145"></trkpt>
      <trkpt lat="45.34598" lon="14.490426"></trkpt>
      <trkpt lat="45.345664" lon="14.489218"></trkpt>
      <trkpt lat="45.345328" lon="14.482784"></trkpt>
      <trkpt lat="45.34539" lon="14.480358"></trkpt>
      <trkpt lat="45.34577" lon="14.478552"></trkpt>
      <trkpt lat="45.346174" lon="14.477579"></trkpt>
      <trkpt lat="45.348532" lon="14.473673"></trkpt>
      <trkpt lat="45.349519" lon="14.471443"></trkpt>
      <trkpt lat="45.350455" lon="14.468287"></trkpt>
      <trkpt lat="45.350453" lon="14.467404"></trkpt>
      <trkpt lat="45.350199" lon="14.466331"></trkpt>
      <trkpt lat="45.349511" lon="14.465319"></trkpt>
      <trkpt lat="45.348614" lon="14.464879"></trkpt>
      <trkpt lat="45.346209" lon="14.465078"></trkpt>
      <trkpt lat="45.342625" lon="14.466148"></trkpt>
      <trkpt lat="45.342014" lon="14.46646"></trkpt>
      <trkpt lat="45.341232" lon="14.467191"></trkpt>
      <trkpt lat="45.339719" lon="14.469821"></trkpt>
      <trkpt lat="45.339012" lon="14.47035"></trkpt>
      <trkpt lat="45.338326" lon="14.470415"></trkpt>
      <trkpt lat="45.337643" lon="14.4701"></trkpt>
      <trkpt lat="45.336902" lon="14.469202"></trkpt>
      <trkpt lat="45.334318" lon="14.464329"></trkpt>
      <trkpt lat="45.333679" lon="14.462768"></trkpt>
      <trkpt lat="45.333507" lon="14.461974"></trkpt>
      <trkpt lat="45.333509" lon="14.46072"></trkpt>
      <trkpt lat="45.3338" lon="14.45966"></trkpt>
      <trkpt lat="45.335908" lon="14.454923"></trkpt>
      <trkpt lat="45.336353" lon="14.453311"></trkpt>
      <trkpt lat="45.33634" lon="14.452257"></trkpt>
      <trkpt lat="45.336136" lon="14.451541"></trkpt>
      <trkpt lat="45.334608" lon="14.448639"></trkpt>
      <trkpt lat="45.334364" lon="14.447963"></trkpt>
      <trkpt lat="45.334272" lon="14.447002"></trkpt>
      <trkpt lat="45.334413" lon="14.446089"></trkpt>
      <trkpt lat="45.334791" lon="14.445297"></trkpt>
      <trkpt lat="45.336225" lon="14.443576"></trkpt>
      <trkpt lat="45.336825" lon="14.442552"></trkpt>
      <trkpt lat="45.337087" lon="14.441443"></trkpt>
      <trkpt lat="45.33708" lon="14.438841"></trkpt>
      <trkpt lat="45.337183" lon="14.437955"></trkpt>
      <trkpt lat="45.337555" lon="14.436948"></trkpt>
      <trkpt lat="45.33944" lon="14.432917"></trkpt>
      <trkpt lat="45.340235" lon="14.431654"></trkpt>
      <trkpt lat="45.342541" lon="14.430272"></trkpt>
      <trkpt lat="45.343286" lon="14.429395"></trkpt>
      <trkpt lat="45.343808" lon="14.428348"></trkpt>
      <trkpt lat="45.344114" lon="14.427335"></trkpt>
      <trkpt lat="45.345028" lon="14.423606"></trkpt>
      <trkpt lat="45.345173" lon="14.422126"></trkpt>
      <trkpt lat="45.3451" lon="14.420675"></trkpt>
      <trkpt lat="45.343307" lon="14.411072"></trkpt>
      <trkpt lat="45.343195" lon="14.409793"></trkpt>
      <trkpt lat="45.343224" lon="14.408309"></trkpt>
      <trkpt lat="45.343686" lon="14.402234"></trkpt>
      <trkpt lat="45.343978" lon="14.400219"></trkpt>
      <trkpt lat="45.346532" lon="14.392606"></trkpt>
      <trkpt lat="45.347287" lon="14.38898"></trkpt>
      <trkpt lat="45.347841" lon="14.382059"></trkpt>
      <trkpt lat="45.348457" lon="14.377862"></trkpt>
      <trkpt lat="45.348248" lon="14.370514"></trkpt>
      <trkpt lat="45.348351" lon="14.368648"></trkpt>
      <trkpt lat="45.348659" lon="14.366678"></trkpt>
      <trkpt lat="45.349321" lon="14.364386"></trkpt>
      <trkpt lat="45.35026" lon="14.362213"></trkpt>
      <trkpt lat="45.350974" lon="14.361005"></trkpt>
      <trkpt lat="45.353407" lon="14.357485"></trkpt>
      <trkpt lat="45.35437" lon="14.355649"></trkpt>
      <trkpt lat="45.354936" lon="14.353924"></trkpt>
      <trkpt lat="45.355674" lon="14.349648"></trkpt>
      <trkpt lat="45.356154" lon="14.348016"></trkpt>
      <trkpt lat="45.359868" lon="14.339974"></trkpt>
      <trkpt lat="45.361279" lon="14.33738"></trkpt>
      <trkpt lat="45.361837" lon="14.337093"></trkpt>
      <trkpt lat="45.362786" lon="14.337071"></trkpt>
      <trkpt lat="45.363064" lon="14.336715"></trkpt>
      <trkpt lat="45.363195" lon="14.336298"></trkpt>
      <trkpt lat="45.363109" lon="14.335239"></trkpt>
      <trkpt lat="45.361136" lon="14.327954"></trkpt>
      <trkpt lat="45.358745" lon="14.317728"></trkpt>
      <trkpt lat="45.357814" lon="14.30908"></trkpt>
      <trkpt lat="45.35765" lon="14.308428"></trkpt>
      <trkpt lat="45.357169" lon="14.30746"></trkpt>
      <trkpt lat="45.356834" lon="14.307081"></trkpt>
      <trkpt lat="45.356061" lon="14.306632"></trkpt>
      <trkpt lat="45.35526" lon="14.306608"></trkpt>
      <trkpt lat="45.353734" lon="14.306971"></trkpt>
      <trkpt lat="45.353265" lon="14.306906"></trkpt>
      <trkpt lat="45.35168" lon="14.306354"></trkpt>
      <trkpt lat="45.349485" lon="14.306643"></trkpt>
      <trkpt lat="45.348495" lon="14.306287"></trkpt>
      <trkpt lat="45.347897" lon="14.305739"></trkpt>
      <trkpt lat="45.34736" lon="14.304859"></trkpt>
      <trkpt lat="45.347087" lon="14.303899"></trkpt>
      <trkpt lat="45.346696" lon="14.301372"></trkpt>
      <trkpt lat="45.346366" lon="14.300404"></trkpt>
      <trkpt lat="45.345816" lon="14.299551"></trkpt>
      <trkpt lat="45.34539" lon="14.299177"></trkpt>
      <trkpt lat="45.344711" lon="14.298862"></trkpt>
      <trkpt lat="45.343903" lon="14.298754"></trkpt>
      <trkpt lat="45.342179" lon="14.298834"></trkpt>
      <trkpt lat="45.341639" lon="14.298657"></trkpt>
      <trkpt lat="45.341023" lon="14.29818"></trkpt>
      <trkpt lat="45.340363" lon="14.297059"></trkpt>
      <trkpt lat="45.34008" lon="14.295601"></trkpt>
      <trkpt lat="45.340143" lon="14.294289"></trkpt>
      <trkpt lat="45.340718" lon="14.29147"></trkpt>
      <trkpt lat="45.340616" lon="14.290061"></trkpt>
      <trkpt lat="45.340297" lon="14.289206"></trkpt>
      <trkpt lat="45.339865" lon="14.288522"></trkpt>
      <trkpt lat="45.338778" lon="14.287479"></trkpt>
      <trkpt lat="45.337548" lon="14.286831"></trkpt>
      <trkpt lat="45.336712" lon="14.286755"></trkpt>
      <trkpt lat="45.336048" lon="14.286964"></trkpt>
      <trkpt lat="45.334824" lon="14.287767"></trkpt>
      <trkpt lat="45.334057" lon="14.288121"></trkpt>
      <trkpt lat="45.333181" lon="14.288316"></trkpt>
      <trkpt lat="45.332025" lon="14.288224"></trkpt>
      <trkpt lat="45.330166" lon="14.28767"></trkpt>
      <trkpt lat="45.328624" lon="14.286977"></trkpt>
      <trkpt lat="45.327602" lon="14.286321"></trkpt>
      <trkpt lat="45.326747" lon="14.285495"></trkpt>
      <trkpt lat="45.326141" lon="14.284515"></trkpt>
      <trkpt lat="45.325886" lon="14.283886"></trkpt>
      <trkpt lat="45.325477" lon="14.281784"></trkpt>
      <trkpt lat="45.32551" lon="14.280463"></trkpt>
      <trkpt lat="45.326116" lon="14.27757"></trkpt>
      <trkpt lat="45.326377" lon="14.275702"></trkpt>
      <trkpt lat="45.326284" lon="14.271892"></trkpt>
      <trkpt lat="45.326375" lon="14.27045"></trkpt>
      <trkpt lat="45.326624" lon="14.269334"></trkpt>
      <trkpt lat="45.327234" lon="14.268058"></trkpt>
      <trkpt lat="45.327762" lon="14.267406"></trkpt>
      <trkpt lat="45.329321" lon="14.265922"></trkpt>
      <trkpt lat="45.329764" lon="14.265175"></trkpt>
      <trkpt lat="45.33009" lon="14.263759"></trkpt>
      <trkpt lat="45.329924" lon="14.262286"></trkpt>
      <trkpt lat="45.329282" lon="14.261033"></trkpt>
      <trkpt lat="45.328289" lon="14.260296"></trkpt>
      <trkpt lat="45.326461" lon="14.259764"></trkpt>
      <trkpt lat="45.325608" lon="14.259681"></trkpt>
      <trkpt lat="45.322783" lon="14.259805"></trkpt>
      <trkpt lat="45.321223" lon="14.259497"></trkpt>
      <trkpt lat="45.319588" lon="14.258749"></trkpt>
      <trkpt lat="45.316925" lon="14.257005"></trkpt>
      <trkpt lat="45.315782" lon="14.256089"></trkpt>
      <trkpt lat="45.314842" lon="14.254784"></trkpt>
      <trkpt lat="45.314353" lon="14.253483"></trkpt>
      <trkpt lat="45.314191" lon="14.251868"></trkpt>
      <trkpt lat="45.314251" lon="14.250297"></trkpt>
      <trkpt lat="45.315165" lon="14.245347"></trkpt>
      <trkpt lat="45.315637" lon="14.241788"></trkpt>
      <trkpt lat="45.315824" lon="14.23721"></trkpt>
      <trkpt lat="45.315547" lon="14.232505"></trkpt>
      <trkpt lat="45.31224" lon="14.190044"></trkpt>
      <trkpt lat="45.312203" lon="14.186732"></trkpt>
      <trkpt lat="45.312643" lon="14.183353"></trkpt>
      <trkpt lat="45.313115" lon="14.181562"></trkpt>
      <trkpt lat="45.313788" lon="14.179759"></trkpt>
      <trkpt lat="45.314739" lon="14.177904"></trkpt>
      <trkpt lat="45.315673" lon="14.176525"></trkpt>
      <trkpt lat="45.316722" lon="14.175323"></trkpt>
      <trkpt lat="45.318098" lon="14.174045"></trkpt>
      <trkpt lat="45.321974" lon="14.170879"></trkpt>
      <trkpt lat="45.322981" lon="14.16961"></trkpt>
      <trkpt lat="45.323587" lon="14.168503"></trkpt>
      <trkpt lat="45.324158" lon="14.166916"></trkpt>
      <trkpt lat="45.324419" lon="14.164989"></trkpt>
      <trkpt lat="45.324157" lon="14.159494"></trkpt>
      <trkpt lat="45.32436" lon="14.154726"></trkpt>
      <trkpt lat="45.324667" lon="14.152879"></trkpt>
      <trkpt lat="45.32545" lon="14.15053"></trkpt>
      <trkpt lat="45.326528" lon="14.14856"></trkpt>
      <trkpt lat="45.328278" lon="14.146185"></trkpt>
      <trkpt lat="45.330279" lon="14.143883"></trkpt>
      <trkpt lat="45.331204" lon="14.142183"></trkpt>
      <trkpt lat="45.331637" lon="14.140946"></trkpt>
      <trkpt lat="45.33188" lon="14.139768"></trkpt>
      <trkpt lat="45.331934" lon="14.136535"></trkpt>
      <trkpt lat="45.332049" lon="14.13552"></trkpt>
      <trkpt lat="45.33261" lon="14.133945"></trkpt>
      <trkpt lat="45.333249" lon="14.133041"></trkpt>
      <trkpt lat="45.334907" lon="14.131417"></trkpt>
      <trkpt lat="45.337083" lon="14.128618"></trkpt>
      <trkpt lat="45.339174" lon="14.126897"></trkpt>
      <trkpt lat="45.339928" lon="14.125987"></trkpt>
      <trkpt lat="45.340414" lon="14.124584"></trkpt>
      <trkpt lat="45.340503" lon="14.121938"></trkpt>
      <trkpt lat="45.340909" lon="14.120447"></trkpt>
      <trkpt lat="45.34147" lon="14.119462"></trkpt>
      <trkpt lat="45.342119" lon="14.118628"></trkpt>
      <trkpt lat="45.344369" lon="14.116466"></trkpt>
      <trkpt lat="45.345067" lon="14.1154"></trkpt>
      <trkpt lat="45.345517" lon="14.114362"></trkpt>
      <trkpt lat="45.345932" lon="14.112513"></trkpt>
      <trkpt lat="45.345983" lon="14.108847"></trkpt>
      <trkpt lat="45.346234" lon="14.107416"></trkpt>
      <trkpt lat="45.346833" lon="14.105994"></trkpt>
      <trkpt lat="45.349584" lon="14.101241"></trkpt>
      <trkpt lat="45.350104" lon="14.099932"></trkpt>
      <trkpt lat="45.350545" lon="14.098005"></trkpt>
      <trkpt lat="45.35067" lon="14.096523"></trkpt>
      <trkpt lat="45.350596" lon="14.094868"></trkpt>
      <trkpt lat="45.349804" lon="14.090993"></trkpt>
      <trkpt lat="45.349751" lon="14.087209"></trkpt>
      <trkpt lat="45.349554" lon="14.086265"></trkpt>
      <trkpt lat="45.34922" lon="14.085402"></trkpt>
      <trkpt lat="45.348766" lon="14.08466"></trkpt>
      <trkpt lat="45.348058" lon="14.083952"></trkpt>
      <trkpt lat="45.346534" lon="14.083252"></trkpt>
      <trkpt lat="45.345524" lon="14.082575"></trkpt>
      <trkpt lat="45.343195" lon="14.079569"></trkpt>
      <trkpt lat="45.342368" lon="14.078826"></trkpt>
      <trkpt lat="45.341702" lon="14.078528"></trkpt>
      <trkpt lat="45.341084" lon="14.078457"></trkpt>
      <trkpt lat="45.338758" lon="14.078885"></trkpt>
      <trkpt lat="45.338125" lon="14.078848"></trkpt>
      <trkpt lat="45.337243" lon="14.078603"></trkpt>
      <trkpt lat="45.336363" lon="14.078094"></trkpt>
      <trkpt lat="45.332873" lon="14.075244"></trkpt>
      <trkpt lat="45.331567" lon="14.07448"></trkpt>
      <trkpt lat="45.330704" lon="14.074122"></trkpt>
      <trkpt lat="45.329359" lon="14.073885"></trkpt>
      <trkpt lat="45.328417" lon="14.074067"></trkpt>
      <trkpt lat="45.326207" lon="14.075534"></trkpt>
      <trkpt lat="45.325411" lon="14.075813"></trkpt>
      <trkpt lat="45.324627" lon="14.075748"></trkpt>
      <trkpt lat="45.322042" lon="14.074841"></trkpt>
      <trkpt lat="45.321212" lon="14.074826"></trkpt>
      <trkpt lat="45.319773" lon="14.075095"></trkpt>
      <trkpt lat="45.319218" lon="14.074966"></trkpt>
      <trkpt lat="45.318734" lon="14.074672"></trkpt>
      <trkpt lat="45.318213" lon="14.074095"></trkpt>
      <trkpt lat="45.316805" lon="14.071405"></trkpt>
      <trkpt lat="45.315926" lon="14.070047"></trkpt>
      <trkpt lat="45.313694" lon="14.067344"></trkpt>
      <trkpt lat="45.312466" lon="14.066134"></trkpt>
      <trkpt lat="45.311024" lon="14.064921"></trkpt>
      <trkpt lat="45.309227" lon="14.063678"></trkpt>
      <trkpt lat="45.306367" lon="14.061948"></trkpt>
      <trkpt lat="45.305796" lon="14.061478"></trkpt>
      <trkpt lat="45.305212" lon="14.060768"></trkpt>
      <trkpt lat="45.304507" lon="14.059194"></trkpt>
      <trkpt lat="45.30363" lon="14.055106"></trkpt>
      <trkpt lat="45.30328" lon="14.054137"></trkpt>
      <trkpt lat="45.302629" lon="14.052842"></trkpt>
      <trkpt lat="45.30178" lon="14.051605"></trkpt>
      <trkpt lat="45.294598" lon="14.042759"></trkpt>
      <trkpt lat="45.292005" lon="14.038704"></trkpt>
      <trkpt lat="45.289911" lon="14.034938"></trkpt>
      <trkpt lat="45.288431" lon="14.032516"></trkpt>
      <trkpt lat="45.286369" lon="14.02968"></trkpt>
      <trkpt lat="45.283666" lon="14.026336"></trkpt>
      <trkpt lat="45.280741" lon="14.021611"></trkpt>
      <trkpt lat="45.27993" lon="14.020757"></trkpt>
      <trkpt lat="45.279011" lon="14.020108"></trkpt>
      <trkpt lat="45.275769" lon="14.018522"></trkpt>
      <trkpt lat="45.273625" lon="14.017219"></trkpt>
      <trkpt lat="45.269559" lon="14.014059"></trkpt>
      <trkpt lat="45.267677" lon="14.013036"></trkpt>
      <trkpt lat="45.266789" lon="14.012302"></trkpt>
      <trkpt lat="45.266342" lon="14.011777"></trkpt>
      <trkpt lat="45.264546" lon="14.00859"></trkpt>
      <trkpt lat="45.262828" lon="14.006444"></trkpt>
      <trkpt lat="45.262192" lon="14.005445"></trkpt>
      <trkpt lat="45.261513" lon="14.003638"></trkpt>
      <trkpt lat="45.260755" lon="14.000356"></trkpt>
      <trkpt lat="45.260033" lon="13.998709"></trkpt>
      <trkpt lat="45.258887" lon="13.997091"></trkpt>
      <trkpt lat="45.256447" lon="13.994776"></trkpt>
      <trkpt lat="45.255439" lon="13.993283"></trkpt>
      <trkpt lat="45.254779" lon="13.991501"></trkpt>
      <trkpt lat="45.254104" lon="13.987556"></trkpt>
      <trkpt lat="45.25342" lon="13.985977"></trkpt>
      <trkpt lat="45.253014" lon="13.985363"></trkpt>
      <trkpt lat="45.252098" lon="13.984416"></trkpt>
      <trkpt lat="45.249218" lon="13.982756"></trkpt>
      <trkpt lat="45.247626" lon="13.981304"></trkpt>
      <trkpt lat="45.246485" lon="13.979668"></trkpt>
      <trkpt lat="45.245157" lon="13.976969"></trkpt>
      <trkpt lat="45.244317" lon="13.974354"></trkpt>
      <trkpt lat="45.24383" lon="13.971369"></trkpt>
      <trkpt lat="45.243554" lon="13.958486"></trkpt>
      <trkpt lat="45.243466" lon="13.95706"></trkpt>
      <trkpt lat="45.243167" lon="13.955154"></trkpt>
      <trkpt lat="45.242525" lon="13.953284"></trkpt>
      <trkpt lat="45.241942" lon="13.95209"></trkpt>
      <trkpt lat="45.241101" lon="13.950825"></trkpt>
      <trkpt lat="45.240472" lon="13.950097"></trkpt>
      <trkpt lat="45.239169" lon="13.94909"></trkpt>
      <trkpt lat="45.237955" lon="13.948741"></trkpt>
      <trkpt lat="45.236233" lon="13.948634"></trkpt>
      <trkpt lat="45.235256" lon="13.948188"></trkpt>
      <trkpt lat="45.234177" lon="13.947146"></trkpt>
      <trkpt lat="45.233446" lon="13.945797"></trkpt>
      <trkpt lat="45.233107" lon="13.944543"></trkpt>
      <trkpt lat="45.232981" lon="13.943153"></trkpt>
      <trkpt lat="45.233037" lon="13.942175"></trkpt>
      <trkpt lat="45.233465" lon="13.939913"></trkpt>
      <trkpt lat="45.233603" lon="13.938522"></trkpt>
      <trkpt lat="45.23354" lon="13.937321"></trkpt>
      <trkpt lat="45.233318" lon="13.936099"></trkpt>
      <trkpt lat="45.23278" lon="13.934603"></trkpt>
      <trkpt lat="45.22823" lon="13.925916"></trkpt>
      <trkpt lat="45.227605" lon="13.92429"></trkpt>
      <trkpt lat="45.226979" lon="13.921819"></trkpt>
      <trkpt lat="45.226763" lon="13.919778"></trkpt>
      <trkpt lat="45.226852" lon="13.918178"></trkpt>
      <trkpt lat="45.227996" lon="13.91356"></trkpt>
      <trkpt lat="45.228022" lon="13.911848"></trkpt>
      <trkpt lat="45.227805" lon="13.910512"></trkpt>
      <trkpt lat="45.227024" lon="13.908345"></trkpt>
      <trkpt lat="45.225834" lon="13.905993"></trkpt>
      <trkpt lat="45.224826" lon="13.904451"></trkpt>
      <trkpt lat="45.223193" lon="13.902551"></trkpt>
      <trkpt lat="45.222351" lon="13.90177"></trkpt>
      <trkpt lat="45.220746" lon="13.900619"></trkpt>
      <trkpt lat="45.217275" lon="13.898938"></trkpt>
      <trkpt lat="45.215732" lon="13.897945"></trkpt>
      <trkpt lat="45.214166" lon="13.896666"></trkpt>
      <trkpt lat="45.211171" lon="13.893722"></trkpt>
      <trkpt lat="45.210388" lon="13.893179"></trkpt>
      <trkpt lat="45.209023" lon="13.892463"></trkpt>
      <trkpt lat="45.208139" lon="13.892197"></trkpt>
      <trkpt lat="45.207326" lon="13.892056"></trkpt>
      <trkpt lat="45.205523" lon="13.892131"></trkpt>
      <trkpt lat="45.20444" lon="13.892412"></trkpt>
      <trkpt lat="45.201863" lon="13.893347"></trkpt>
      <trkpt lat="45.200049" lon="13.893603"></trkpt>
      <trkpt lat="45.197959" lon="13.893456"></trkpt>
      <trkpt lat="45.196798" lon="13.893186"></trkpt>
      <trkpt lat="45.192456" lon="13.891752"></trkpt>
      <trkpt lat="45.188918" lon="13.891153"></trkpt>
      <trkpt lat="45.187009" lon="13.890435"></trkpt>
      <trkpt lat="45.185765" lon="13.889715"></trkpt>
      <trkpt lat="45.184551" lon="13.888834"></trkpt>
      <trkpt lat="45.182488" lon="13.886855"></trkpt>
      <trkpt lat="45.18119" lon="13.885777"></trkpt>
      <trkpt lat="45.180515" lon="13.885365"></trkpt>
      <trkpt lat="45.179" lon="13.884757"></trkpt>
      <trkpt lat="45.177619" lon="13.884462"></trkpt>
      <trkpt lat="45.176276" lon="13.884442"></trkpt>
      <trkpt lat="45.175495" lon="13.884546"></trkpt>
      <trkpt lat="45.170432" lon="13.886294"></trkpt>
      <trkpt lat="45.169007" lon="13.886578"></trkpt>
      <trkpt lat="45.167303" lon="13.886704"></trkpt>
      <trkpt lat="45.164697" lon="13.886517"></trkpt>
      <trkpt lat="45.161309" lon="13.885662"></trkpt>
      <trkpt lat="45.159695" lon="13.885381"></trkpt>
      <trkpt lat="45.158377" lon="13.885332"></trkpt>
      <trkpt lat="45.154732" lon="13.885652"></trkpt>
      <trkpt lat="45.152788" lon="13.885424"></trkpt>
      <trkpt lat="45.15077" lon="13.884726"></trkpt>
      <trkpt lat="45.147954" lon="13.88307"></trkpt>
      <trkpt lat="45.146426" lon="13.882435"></trkpt>
      <trkpt lat="45.145141" lon="13.882173"></trkpt>
      <trkpt lat="45.142422" lon="13.882103"></trkpt>
      <trkpt lat="45.141454" lon="13.881963"></trkpt>
      <trkpt lat="45.140187" lon="13.881577"></trkpt>
      <trkpt lat="45.136949" lon="13.880171"></trkpt>
      <trkpt lat="45.133278" lon="13.879305"></trkpt>
      <trkpt lat="45.132049" lon="13.878726"></trkpt>
      <trkpt lat="45.130915" lon="13.877955"></trkpt>
      <trkpt lat="45.128924" lon="13.87597"></trkpt>
      <trkpt lat="45.127844" lon="13.874615"></trkpt>
      <trkpt lat="45.126252" lon="13.872033"></trkpt>
      <trkpt lat="45.125493" lon="13.870302"></trkpt>
      <trkpt lat="45.124179" lon="13.866453"></trkpt>
      <trkpt lat="45.123401" lon="13.865022"></trkpt>
      <trkpt lat="45.12167" lon="13.862481"></trkpt>
      <trkpt lat="45.120819" lon="13.860693"></trkpt>
      <trkpt lat="45.120278" lon="13.858851"></trkpt>
      <trkpt lat="45.119998" lon="13.857177"></trkpt>
      <trkpt lat="45.119932" lon="13.855498"></trkpt>
      <trkpt lat="45.120053" lon="13.851539"></trkpt>
      <trkpt lat="45.119933" lon="13.850226"></trkpt>
      <trkpt lat="45.119649" lon="13.848799"></trkpt>
      <trkpt lat="45.119196" lon="13.847347"></trkpt>
      <trkpt lat="45.118721" lon="13.846254"></trkpt>
      <trkpt lat="45.116412" lon="13.842062"></trkpt>
      <trkpt lat="45.11553" lon="13.839773"></trkpt>
      <trkpt lat="45.115166" lon="13.838475"></trkpt>
      <trkpt lat="45.114591" lon="13.835676"></trkpt>
      <trkpt lat="45.114491" lon="13.833058"></trkpt>
      <trkpt lat="45.114618" lon="13.83178"></trkpt>
      <trkpt lat="45.115611" lon="13.826673"></trkpt>
      <trkpt lat="45.115698" lon="13.824296"></trkpt>
      <trkpt lat="45.11555" lon="13.822524"></trkpt>
      <trkpt lat="45.115195" lon="13.820636"></trkpt>
      <trkpt lat="45.114623" lon="13.818837"></trkpt>
      <trkpt lat="45.111741" lon="13.812677"></trkpt>
      <trkpt lat="45.111588" lon="13.811765"></trkpt>
      <trkpt lat="45.111791" lon="13.81109"></trkpt>
      <trkpt lat="45.112034" lon="13.810807"></trkpt>
      <trkpt lat="45.112546" lon="13.810608"></trkpt>
      <trkpt lat="45.113242" lon="13.810712"></trkpt>
      <trkpt lat="45.113703" lon="13.811024"></trkpt>
      <trkpt lat="45.114162" lon="13.811655"></trkpt>
      <trkpt lat="45.114315" lon="13.812303"></trkpt>
      <trkpt lat="45.114217" lon="13.812797"></trkpt>
      <trkpt lat="45.113945" lon="13.813322"></trkpt>
      <trkpt lat="45.111286" lon="13.815234"></trkpt>
      <trkpt lat="45.109551" lon="13.81621"></trkpt>
      <trkpt lat="45.107963" lon="13.816888"></trkpt>
      <trkpt lat="45.105854" lon="13.817522"></trkpt>
      <trkpt lat="45.102386" lon="13.818246"></trkpt>
      <trkpt lat="45.100816" lon="13.818825"></trkpt>
      <trkpt lat="45.098881" lon="13.819968"></trkpt>
      <trkpt lat="45.09694" lon="13.821521"></trkpt>
      <trkpt lat="45.095492" lon="13.822945"></trkpt>
      <trkpt lat="45.0935" lon="13.825337"></trkpt>
      <trkpt lat="45.090023" lon="13.830679"></trkpt>
      <trkpt lat="45.088403" lon="13.832926"></trkpt>
      <trkpt lat="45.086928" lon="13.834614"></trkpt>
      <trkpt lat="45.085305" lon="13.836127"></trkpt>
      <trkpt lat="45.083413" lon="13.83729"></trkpt>
      <trkpt lat="45.078603" lon="13.83921"></trkpt>
      <trkpt lat="45.075577" lon="13.841362"></trkpt>
      <trkpt lat="45.074808" lon="13.841808"></trkpt>
      <trkpt lat="45.07359" lon="13.842252"></trkpt>
      <trkpt lat="45.071984" lon="13.842367"></trkpt>
      <trkpt lat="45.070533" lon="13.842029"></trkpt>
      <trkpt lat="45.069202" lon="13.841316"></trkpt>
      <trkpt lat="45.066718" lon="13.839598"></trkpt>
      <trkpt lat="45.065154" lon="13.839042"></trkpt>
      <trkpt lat="45.063554" lon="13.838987"></trkpt>
      <trkpt lat="45.061019" lon="13.839653"></trkpt>
      <trkpt lat="45.060044" lon="13.839779"></trkpt>
      <trkpt lat="45.058905" lon="13.839675"></trkpt>
      <trkpt lat="45.057956" lon="13.839369"></trkpt>
      <trkpt lat="45.056898" lon="13.838773"></trkpt>
      <trkpt lat="45.055817" lon="13.837823"></trkpt>
      <trkpt lat="45.053543" lon="13.834951"></trkpt>
      <trkpt lat="45.051943" lon="13.833446"></trkpt>
      <trkpt lat="45.050119" lon="13.83232"></trkpt>
      <trkpt lat="45.048819" lon="13.831821"></trkpt>
      <trkpt lat="45.046831" lon="13.831482"></trkpt>
      <trkpt lat="45.045363" lon="13.831569"></trkpt>
      <trkpt lat="45.043145" lon="13.831928"></trkpt>
      <trkpt lat="45.041995" lon="13.831948"></trkpt>
      <trkpt lat="45.040703" lon="13.831707"></trkpt>
      <trkpt lat="45.037778" lon="13.830705"></trkpt>
      <trkpt lat="45.03635" lon="13.830509"></trkpt>
      <trkpt lat="45.035445" lon="13.830549"></trkpt>
      <trkpt lat="45.034046" lon="13.83087"></trkpt>
      <trkpt lat="45.032864" lon="13.831407"></trkpt>
      <trkpt lat="45.031801" lon="13.832109"></trkpt>
      <trkpt lat="45.030057" lon="13.833704"></trkpt>
      <trkpt lat="45.028799" lon="13.835081"></trkpt>
      <trkpt lat="45.025882" lon="13.839007"></trkpt>
      <trkpt lat="45.02477" lon="13.840288"></trkpt>
      <trkpt lat="45.023186" lon="13.841527"></trkpt>
      <trkpt lat="45.02211" lon="13.84206"></trkpt>
      <trkpt lat="45.021135" lon="13.842373"></trkpt>
      <trkpt lat="45.019569" lon="13.842549"></trkpt>
      <trkpt lat="45.018291" lon="13.842405"></trkpt>
      <trkpt lat="45.017639" lon="13.842216"></trkpt>
      <trkpt lat="45.016557" lon="13.841759"></trkpt>
      <trkpt lat="45.013262" lon="13.839884"></trkpt>
      <trkpt lat="45.011254" lon="13.838972"></trkpt>
      <trkpt lat="45.008899" lon="13.838219"></trkpt>
      <trkpt lat="45.006668" lon="13.837814"></trkpt>
      <trkpt lat="45.004071" lon="13.837704"></trkpt>
      <trkpt lat="45.001462" lon="13.837979"></trkpt>
      <trkpt lat="44.999733" lon="13.838382"></trkpt>
      <trkpt lat="44.997244" lon="13.839278"></trkpt>
      <trkpt lat="44.994227" lon="13.840879"></trkpt>
      <trkpt lat="44.988942" lon="13.844084"></trkpt>
      <trkpt lat="44.987996" lon="13.844812"></trkpt>
      <trkpt lat="44.986666" lon="13.846225"></trkpt>
      <trkpt lat="44.985406" lon="13.848265"></trkpt>
      <trkpt lat="44.984668" lon="13.850029"></trkpt>
      <trkpt lat="44.981783" lon="13.859439"></trkpt>
      <trkpt lat="44.981275" lon="13.860854"></trkpt>
      <trkpt lat="44.980322" lon="13.862971"></trkpt>
      <trkpt lat="44.979432" lon="13.864576"></trkpt>
      <trkpt lat="44.978203" lon="13.866382"></trkpt>
      <trkpt lat="44.976711" lon="13.868126"></trkpt>
      <trkpt lat="44.975089" lon="13.869609"></trkpt>
      <trkpt lat="44.973794" lon="13.870522"></trkpt>
      <trkpt lat="44.97213" lon="13.871421"></trkpt>
      <trkpt lat="44.970419" lon="13.872051"></trkpt>
      <trkpt lat="44.968668" lon="13.872435"></trkpt>
      <trkpt lat="44.967334" lon="13.872537"></trkpt>
      <trkpt lat="44.956691" lon="13.871944"></trkpt>
      <trkpt lat="44.954439" lon="13.871935"></trkpt>
      <trkpt lat="44.952864" lon="13.872125"></trkpt>
      <trkpt lat="44.951247" lon="13.872509"></trkpt>
      <trkpt lat="44.949109" lon="13.873331"></trkpt>
      <trkpt lat="44.947255" lon="13.874352"></trkpt>
      <trkpt lat="44.946116" lon="13.875138"></trkpt>
      <trkpt lat="44.944678" lon="13.876319"></trkpt>
      <trkpt lat="44.943134" lon="13.877865"></trkpt>
      <trkpt lat="44.940983" lon="13.880617"></trkpt>
      <trkpt lat="44.93741" lon="13.886587"></trkpt>
      <trkpt lat="44.935852" lon="13.888436"></trkpt>
      <trkpt lat="44.93461" lon="13.889483"></trkpt>
      <trkpt lat="44.933283" lon="13.890292"></trkpt>
      <trkpt lat="44.932321" lon="13.8907"></trkpt>
      <trkpt lat="44.930923" lon="13.891062"></trkpt>
      <trkpt lat="44.92911" lon="13.891132"></trkpt>
      <trkpt lat="44.928036" lon="13.890971"></trkpt>
      <trkpt lat="44.926776" lon="13.890582"></trkpt>
      <trkpt lat="44.925225" lon="13.889775"></trkpt>
      <trkpt lat="44.922558" lon="13.88775"></trkpt>
      <trkpt lat="44.921206" lon="13.886921"></trkpt>
      <trkpt lat="44.919182" lon="13.886133"></trkpt>
      <trkpt lat="44.917403" lon="13.88584"></trkpt>
      <trkpt lat="44.915787" lon="13.885883"></trkpt>
      <trkpt lat="44.912411" lon="13.886397"></trkpt>
      <trkpt lat="44.909812" lon="13.886588"></trkpt>
      <trkpt lat="44.907778" lon="13.88655"></trkpt>
      <trkpt lat="44.903333" lon="13.886215"></trkpt>
      <trkpt lat="44.900897" lon="13.886229"></trkpt>
      <trkpt lat="44.898481" lon="13.886632"></trkpt>
      <trkpt lat="44.896886" lon="13.887132"></trkpt>
      <trkpt lat="44.895532" lon="13.887713"></trkpt>
      <trkpt lat="44.894751" lon="13.887864"></trkpt>
      <trkpt lat="44.892915" lon="13.887298"></trkpt>
      <trkpt lat="44.892445" lon="13.886851"></trkpt>
      <trkpt lat="44.891974" lon="13.885971"></trkpt>
      <trkpt lat="44.891203" lon="13.884008"></trkpt>
      <trkpt lat="44.891216" lon="13.883731"></trkpt>
      <trkpt lat="44.890978" lon="13.883487"></trkpt>
      <trkpt lat="44.888518" lon="13.877323"></trkpt>
      <trkpt lat="44.887009" lon="13.874144"></trkpt>
      <trkpt lat="44.88636" lon="13.873227"></trkpt>
      <trkpt lat="44.884542" lon="13.871257"></trkpt>
      <trkpt lat="44.88449" lon="13.870994"></trkpt>
      <trkpt lat="44.884205" lon="13.870896"></trkpt>
      <trkpt lat="44.882535" lon="13.869002"></trkpt>
      <trkpt lat="44.882233" lon="13.8685"></trkpt>
      <trkpt lat="44.881045" lon="13.865727"></trkpt>
      <trkpt lat="44.881034" lon="13.865297"></trkpt>
      <trkpt lat="44.881431" lon="13.864317"></trkpt>
      <trkpt lat="44.881286" lon="13.863635"></trkpt>
      <trkpt lat="44.880837" lon="13.863281"></trkpt>
      <trkpt lat="44.880576" lon="13.863308"></trkpt>
      <trkpt lat="44.880115" lon="13.863569"></trkpt>
      <trkpt lat="44.879811" lon="13.863501"></trkpt>
      <trkpt lat="44.878956" lon="13.862242"></trkpt>
      <trkpt lat="44.878462" lon="13.86122"></trkpt>
      <trkpt lat="44.878013" lon="13.861121"></trkpt>
      <trkpt lat="44.876776" lon="13.860231"></trkpt>
      <trkpt lat="44.876268" lon="13.859446"></trkpt>
      <trkpt lat="44.875768" lon="13.857829"></trkpt>
      <trkpt lat="44.875113" lon="13.85652"></trkpt>
      <trkpt lat="44.874469" lon="13.854345"></trkpt>
      <trkpt lat="44.868591" lon="13.851812"></trkpt>
      <trkpt lat="44.867122" lon="13.850993"></trkpt>
      <trkpt lat="44.86513" lon="13.849546"></trkpt>
      <trkpt lat="44.860738" lon="13.847638"></trkpt>
      <trkpt lat="44.860647" lon="13.84729"></trkpt>
      <trkpt lat="44.860988" lon="13.84581"></trkpt>
      <trkpt lat="44.858123" lon="13.84462"></trkpt>
      <trkpt lat="44.857528" lon="13.843958"></trkpt>
      <trkpt lat="44.856701" lon="13.843957"></trkpt>
      <trkpt lat="44.856392" lon="13.843817"></trkpt>
      <trkpt lat="44.853971" lon="13.840718"></trkpt>
      <trkpt lat="44.853313" lon="13.839376"></trkpt>
      <trkpt lat="44.851916" lon="13.840339"></trkpt>
      <trkpt lat="44.850807" lon="13.840795"></trkpt>
      <trkpt lat="44.849745" lon="13.841048"></trkpt>
      <trkpt lat="44.848731" lon="13.841138"></trkpt>
      <trkpt lat="44.848337" lon="13.841112"></trkpt>
      <trkpt lat="44.848058" lon="13.840952"></trkpt>
      <trkpt lat="44.847946" lon="13.841041"></trkpt>
      <trkpt lat="44.84718" lon="13.840975"></trkpt>
      <trkpt lat="44.845875" lon="13.840459"></trkpt>
      <trkpt lat="44.846305" lon="13.838314"></trkpt>
      <trkpt lat="44.846256" lon="13.837319"></trkpt>
      <trkpt lat="44.846103" lon="13.836122"></trkpt>
      <trkpt lat="44.845875" lon="13.835341"></trkpt>
      <trkpt lat="44.845067" lon="13.833822"></trkpt>
      <trkpt lat="44.845875" lon="13.835341"></trkpt>
      <trkpt lat="44.846103" lon="13.836122"></trkpt>
      <trkpt lat="44.846256" lon="13.837319"></trkpt>
      <trkpt lat="44.846305" lon="13.838314"></trkpt>
      <trkpt lat="44.845875" lon="13.840459"></trkpt>
      <trkpt lat="44.846947" lon="13.840923"></trkpt>
      <trkpt lat="44.847934" lon="13.841134"></trkpt>
      <trkpt lat="44.848045" lon="13.84128"></trkpt>
      <trkpt lat="44.848107" lon="13.842695"></trkpt>
      <trkpt lat="44.847997" lon="13.843958"></trkpt>
      <trkpt lat="44.847285" lon="13.847075"></trkpt>
      <trkpt lat="44.847171" lon="13.847198"></trkpt>
      <trkpt lat="44.84741" lon="13.84984"></trkpt>
      <trkpt lat="44.847727" lon="13.850947"></trkpt>
      <trkpt lat="44.848253" lon="13.852195"></trkpt>
      <trkpt lat="44.848217" lon="13.852389"></trkpt>
      <trkpt lat="44.848355" lon="13.852439"></trkpt>
      <trkpt lat="44.850624" lon="13.857035"></trkpt>
      <trkpt lat="44.850588" lon="13.857229"></trkpt>
      <trkpt lat="44.850725" lon="13.857279"></trkpt>
      <trkpt lat="44.853098" lon="13.8614"></trkpt>
      <trkpt lat="44.854339" lon="13.862854"></trkpt>
      <trkpt lat="44.854347" lon="13.863031"></trkpt>
      <trkpt lat="44.854516" lon="13.863024"></trkpt>
      <trkpt lat="44.855445" lon="13.863546"></trkpt>
      <trkpt lat="44.856278" lon="13.863765"></trkpt>
      <trkpt lat="44.857242" lon="13.863748"></trkpt>
      <trkpt lat="44.858978" lon="13.86337"></trkpt>
      <trkpt lat="44.859693" lon="13.863422"></trkpt>
      <trkpt lat="44.861215" lon="13.864446"></trkpt>
      <trkpt lat="44.861497" lon="13.865248"></trkpt>
      <trkpt lat="44.862054" lon="13.865507"></trkpt>
      <trkpt lat="44.863155" lon="13.867162"></trkpt>
      <trkpt lat="44.864012" lon="13.868181"></trkpt>
      <trkpt lat="44.86478" lon="13.868804"></trkpt>
      <trkpt lat="44.865641" lon="13.869263"></trkpt>
      <trkpt lat="44.867178" lon="13.869587"></trkpt>
      <trkpt lat="44.867417" lon="13.869777"></trkpt>
      <trkpt lat="44.867898" lon="13.869493"></trkpt>
      <trkpt lat="44.875884" lon="13.867478"></trkpt>
      <trkpt lat="44.876253" lon="13.867556"></trkpt>
      <trkpt lat="44.876525" lon="13.867234"></trkpt>
      <trkpt lat="44.877387" lon="13.866768"></trkpt>
      <trkpt lat="44.879966" lon="13.865021"></trkpt>
      <trkpt lat="44.880252" lon="13.86499"></trkpt>
      <trkpt lat="44.880654" lon="13.865224"></trkpt>
      <trkpt lat="44.882438" lon="13.869058"></trkpt>
      <trkpt lat="44.884084" lon="13.870899"></trkpt>
      <trkpt lat="44.884277" lon="13.871386"></trkpt>
      <trkpt lat="44.884648" lon="13.871513"></trkpt>
      <trkpt lat="44.886504" lon="13.873569"></trkpt>
      <trkpt lat="44.886926" lon="13.874206"></trkpt>
      <trkpt lat="44.888205" lon="13.876831"></trkpt>
      <trkpt lat="44.890859" lon="13.883421"></trkpt>
      <trkpt lat="44.890917" lon="13.883977"></trkpt>
      <trkpt lat="44.89124" lon="13.884322"></trkpt>
      <trkpt lat="44.892191" lon="13.886894"></trkpt>
      <trkpt lat="44.892916" lon="13.889547"></trkpt>
      <trkpt lat="44.892869" lon="13.890286"></trkpt>
      <trkpt lat="44.892657" lon="13.890516"></trkpt>
      <trkpt lat="44.892437" lon="13.890523"></trkpt>
      <trkpt lat="44.892198" lon="13.890262"></trkpt>
      <trkpt lat="44.892139" lon="13.889957"></trkpt>
      <trkpt lat="44.892276" lon="13.889545"></trkpt>
      <trkpt lat="44.892514" lon="13.88933"></trkpt>
      <trkpt lat="44.896951" lon="13.887269"></trkpt>
      <trkpt lat="44.899714" lon="13.886527"></trkpt>
      <trkpt lat="44.902016" lon="13.88635"></trkpt>
      <trkpt lat="44.904894" lon="13.886582"></trkpt>
      <trkpt lat="44.909956" lon="13.886746"></trkpt>
      <trkpt lat="44.912513" lon="13.886551"></trkpt>
      <trkpt lat="44.915237" lon="13.886117"></trkpt>
      <trkpt lat="44.917006" lon="13.885987"></trkpt>
      <trkpt lat="44.918008" lon="13.886062"></trkpt>
      <trkpt lat="44.919274" lon="13.886319"></trkpt>
      <trkpt lat="44.92099" lon="13.886982"></trkpt>
      <trkpt lat="44.922436" lon="13.887831"></trkpt>
      <trkpt lat="44.924986" lon="13.889789"></trkpt>
      <trkpt lat="44.926484" lon="13.890627"></trkpt>
      <trkpt lat="44.928234" lon="13.891172"></trkpt>
      <trkpt lat="44.929886" lon="13.89131"></trkpt>
      <trkpt lat="44.931179" lon="13.89117"></trkpt>
      <trkpt lat="44.932607" lon="13.890755"></trkpt>
      <trkpt lat="44.934135" lon="13.889981"></trkpt>
      <trkpt lat="44.935374" lon="13.889066"></trkpt>
      <trkpt lat="44.93635" lon="13.888119"></trkpt>
      <trkpt lat="44.937412" lon="13.886805"></trkpt>
      <trkpt lat="44.940988" lon="13.880842"></trkpt>
      <trkpt lat="44.94284" lon="13.8784"></trkpt>
      <trkpt lat="44.944423" lon="13.876744"></trkpt>
      <trkpt lat="44.945952" lon="13.875443"></trkpt>
      <trkpt lat="44.94725" lon="13.874527"></trkpt>
      <trkpt lat="44.949151" lon="13.873475"></trkpt>
      <trkpt lat="44.951541" lon="13.872581"></trkpt>
      <trkpt lat="44.953169" lon="13.872242"></trkpt>
      <trkpt lat="44.954702" lon="13.872075"></trkpt>
      <trkpt lat="44.956132" lon="13.872067"></trkpt>
      <trkpt lat="44.966801" lon="13.872686"></trkpt>
      <trkpt lat="44.968634" lon="13.872602"></trkpt>
      <trkpt lat="44.970534" lon="13.872174"></trkpt>
      <trkpt lat="44.972383" lon="13.871464"></trkpt>
      <trkpt lat="44.973724" lon="13.870738"></trkpt>
      <trkpt lat="44.97504" lon="13.869819"></trkpt>
      <trkpt lat="44.976666" lon="13.868362"></trkpt>
      <trkpt lat="44.978061" lon="13.866778"></trkpt>
      <trkpt lat="44.979319" lon="13.864993"></trkpt>
      <trkpt lat="44.980414" lon="13.863054"></trkpt>
      <trkpt lat="44.981376" lon="13.860921"></trkpt>
      <trkpt lat="44.981886" lon="13.859498"></trkpt>
      <trkpt lat="44.984993" lon="13.849482"></trkpt>
      <trkpt lat="44.985775" lon="13.847819"></trkpt>
      <trkpt lat="44.986999" lon="13.846019"></trkpt>
      <trkpt lat="44.988225" lon="13.844792"></trkpt>
      <trkpt lat="44.990092" lon="13.843543"></trkpt>
      <trkpt lat="44.99539" lon="13.84035"></trkpt>
      <trkpt lat="44.997092" lon="13.839492"></trkpt>
      <trkpt lat="44.998864" lon="13.838795"></trkpt>
      <trkpt lat="45.001081" lon="13.838201"></trkpt>
      <trkpt lat="45.003707" lon="13.83786"></trkpt>
      <trkpt lat="45.005833" lon="13.837879"></trkpt>
      <trkpt lat="45.007631" lon="13.838095"></trkpt>
      <trkpt lat="45.009871" lon="13.838631"></trkpt>
      <trkpt lat="45.011933" lon="13.839402"></trkpt>
      <trkpt lat="45.01363" lon="13.840228"></trkpt>
      <trkpt lat="45.016339" lon="13.841799"></trkpt>
      <trkpt lat="45.017703" lon="13.842397"></trkpt>
      <trkpt lat="45.019486" lon="13.842693"></trkpt>
      <trkpt lat="45.020967" lon="13.842555"></trkpt>
      <trkpt lat="45.022706" lon="13.841941"></trkpt>
      <trkpt lat="45.023451" lon="13.841515"></trkpt>
      <trkpt lat="45.024603" lon="13.840625"></trkpt>
      <trkpt lat="45.025748" lon="13.839369"></trkpt>
      <trkpt lat="45.028065" lon="13.836177"></trkpt>
      <trkpt lat="45.02918" lon="13.834822"></trkpt>
      <trkpt lat="45.031715" lon="13.832343"></trkpt>
      <trkpt lat="45.032843" lon="13.831568"></trkpt>
      <trkpt lat="45.034101" lon="13.830993"></trkpt>
      <trkpt lat="45.035204" lon="13.830727"></trkpt>
      <trkpt lat="45.036524" lon="13.830658"></trkpt>
      <trkpt lat="45.037821" lon="13.830861"></trkpt>
      <trkpt lat="45.040342" lon="13.831743"></trkpt>
      <trkpt lat="45.041798" lon="13.832074"></trkpt>
      <trkpt lat="45.043062" lon="13.83208"></trkpt>
      <trkpt lat="45.04523" lon="13.831731"></trkpt>
      <trkpt lat="45.046575" lon="13.83163"></trkpt>
      <trkpt lat="45.047831" lon="13.831741"></trkpt>
      <trkpt lat="45.049318" lon="13.832127"></trkpt>
      <trkpt lat="45.050759" lon="13.832802"></trkpt>
      <trkpt lat="45.052167" lon="13.833792"></trkpt>
      <trkpt lat="45.053364" lon="13.834937"></trkpt>
      <trkpt lat="45.056202" lon="13.838377"></trkpt>
      <trkpt lat="45.057074" lon="13.83905"></trkpt>
      <trkpt lat="45.05829" lon="13.839651"></trkpt>
      <trkpt lat="45.059213" lon="13.839875"></trkpt>
      <trkpt lat="45.060186" lon="13.839917"></trkpt>
      <trkpt lat="45.061156" lon="13.839765"></trkpt>
      <trkpt lat="45.063388" lon="13.839158"></trkpt>
      <trkpt lat="45.065032" lon="13.839165"></trkpt>
      <trkpt lat="45.06662" lon="13.8397"></trkpt>
      <trkpt lat="45.069403" lon="13.841609"></trkpt>
      <trkpt lat="45.070771" lon="13.842261"></trkpt>
      <trkpt lat="45.071747" lon="13.842486"></trkpt>
      <trkpt lat="45.072857" lon="13.842514"></trkpt>
      <trkpt lat="45.074455" lon="13.842119"></trkpt>
      <trkpt lat="45.075808" lon="13.841357"></trkpt>
      <trkpt lat="45.078555" lon="13.839384"></trkpt>
      <trkpt lat="45.083858" lon="13.837223"></trkpt>
      <trkpt lat="45.085332" lon="13.836267"></trkpt>
      <trkpt lat="45.086168" lon="13.835552"></trkpt>
      <trkpt lat="45.087604" lon="13.834054"></trkpt>
      <trkpt lat="45.089191" lon="13.832079"></trkpt>
      <trkpt lat="45.092268" lon="13.827325"></trkpt>
      <trkpt lat="45.093869" lon="13.825044"></trkpt>
      <trkpt lat="45.096137" lon="13.822455"></trkpt>
      <trkpt lat="45.098203" lon="13.820632"></trkpt>
      <trkpt lat="45.099661" lon="13.819596"></trkpt>
      <trkpt lat="45.101492" lon="13.81869"></trkpt>
      <trkpt lat="45.102766" lon="13.81829"></trkpt>
      <trkpt lat="45.10603" lon="13.817624"></trkpt>
      <trkpt lat="45.107618" lon="13.817163"></trkpt>
      <trkpt lat="45.108869" lon="13.816682"></trkpt>
      <trkpt lat="45.11115" lon="13.815477"></trkpt>
      <trkpt lat="45.112426" lon="13.814646"></trkpt>
      <trkpt lat="45.114582" lon="13.812879"></trkpt>
      <trkpt lat="45.116667" lon="13.810706"></trkpt>
      <trkpt lat="45.117942" lon="13.809069"></trkpt>
      <trkpt lat="45.118874" lon="13.807642"></trkpt>
      <trkpt lat="45.119607" lon="13.805651"></trkpt>
      <trkpt lat="45.121948" lon="13.796805"></trkpt>
      <trkpt lat="45.122785" lon="13.794014"></trkpt>
      <trkpt lat="45.124228" lon="13.787673"></trkpt>
      <trkpt lat="45.125603" lon="13.778555"></trkpt>
      <trkpt lat="45.126151" lon="13.776651"></trkpt>
      <trkpt lat="45.126798" lon="13.775117"></trkpt>
      <trkpt lat="45.127408" lon="13.77401"></trkpt>
      <trkpt lat="45.128312" lon="13.772712"></trkpt>
      <trkpt lat="45.129802" lon="13.77106"></trkpt>
      <trkpt lat="45.131711" lon="13.769528"></trkpt>
      <trkpt lat="45.13439" lon="13.767864"></trkpt>
      <trkpt lat="45.135535" lon="13.76703"></trkpt>
      <trkpt lat="45.136923" lon="13.765683"></trkpt>
      <trkpt lat="45.138053" lon="13.764214"></trkpt>
      <trkpt lat="45.138736" lon="13.76309"></trkpt>
      <trkpt lat="45.13958" lon="13.761353"></trkpt>
      <trkpt lat="45.141778" lon="13.754562"></trkpt>
      <trkpt lat="45.142599" lon="13.752596"></trkpt>
      <trkpt lat="45.143389" lon="13.751104"></trkpt>
      <trkpt lat="45.144705" lon="13.749155"></trkpt>
      <trkpt lat="45.148224" lon="13.745149"></trkpt>
      <trkpt lat="45.149357" lon="13.743586"></trkpt>
      <trkpt lat="45.150103" lon="13.742358"></trkpt>
      <trkpt lat="45.154363" lon="13.734074"></trkpt>
      <trkpt lat="45.154797" lon="13.733447"></trkpt>
      <trkpt lat="45.156087" lon="13.731875"></trkpt>
      <trkpt lat="45.15774" lon="13.730472"></trkpt>
      <trkpt lat="45.158943" lon="13.729803"></trkpt>
      <trkpt lat="45.160071" lon="13.729388"></trkpt>
      <trkpt lat="45.161326" lon="13.729134"></trkpt>
      <trkpt lat="45.16287" lon="13.729138"></trkpt>
      <trkpt lat="45.164591" lon="13.729629"></trkpt>
      <trkpt lat="45.172741" lon="13.73318"></trkpt>
      <trkpt lat="45.17482" lon="13.733836"></trkpt>
      <trkpt lat="45.17605" lon="13.733993"></trkpt>
      <trkpt lat="45.177608" lon="13.73391"></trkpt>
      <trkpt lat="45.187127" lon="13.731697"></trkpt>
      <trkpt lat="45.189852" lon="13.731194"></trkpt>
      <trkpt lat="45.200404" lon="13.730435"></trkpt>
      <trkpt lat="45.202771" lon="13.729885"></trkpt>
      <trkpt lat="45.205457" lon="13.72901"></trkpt>
      <trkpt lat="45.214603" lon="13.724252"></trkpt>
      <trkpt lat="45.216132" lon="13.723609"></trkpt>
      <trkpt lat="45.218021" lon="13.722983"></trkpt>
      <trkpt lat="45.220563" lon="13.722463"></trkpt>
      <trkpt lat="45.222166" lon="13.722342"></trkpt>
      <trkpt lat="45.224844" lon="13.722458"></trkpt>
      <trkpt lat="45.227499" lon="13.722808"></trkpt>
      <trkpt lat="45.229371" lon="13.722758"></trkpt>
      <trkpt lat="45.231471" lon="13.722306"></trkpt>
      <trkpt lat="45.233362" lon="13.721476"></trkpt>
      <trkpt lat="45.234284" lon="13.720999"></trkpt>
      <trkpt lat="45.236042" lon="13.719636"></trkpt>
      <trkpt lat="45.237981" lon="13.717537"></trkpt>
      <trkpt lat="45.239709" lon="13.714841"></trkpt>
      <trkpt lat="45.24152" lon="13.711513"></trkpt>
      <trkpt lat="45.242599" lon="13.710058"></trkpt>
      <trkpt lat="45.24334" lon="13.709304"></trkpt>
      <trkpt lat="45.245092" lon="13.708099"></trkpt>
      <trkpt lat="45.246378" lon="13.707593"></trkpt>
      <trkpt lat="45.247473" lon="13.707381"></trkpt>
      <trkpt lat="45.248653" lon="13.707371"></trkpt>
      <trkpt lat="45.249623" lon="13.707524"></trkpt>
      <trkpt lat="45.251343" lon="13.708131"></trkpt>
      <trkpt lat="45.253194" lon="13.709416"></trkpt>
      <trkpt lat="45.25738" lon="13.712781"></trkpt>
      <trkpt lat="45.258606" lon="13.713649"></trkpt>
      <trkpt lat="45.260153" lon="13.714514"></trkpt>
      <trkpt lat="45.261209" lon="13.714919"></trkpt>
      <trkpt lat="45.263389" lon="13.715357"></trkpt>
      <trkpt lat="45.264647" lon="13.71537"></trkpt>
      <trkpt lat="45.266209" lon="13.715149"></trkpt>
      <trkpt lat="45.267461" lon="13.714787"></trkpt>
      <trkpt lat="45.268669" lon="13.714271"></trkpt>
      <trkpt lat="45.270751" lon="13.712859"></trkpt>
      <trkpt lat="45.273641" lon="13.710121"></trkpt>
      <trkpt lat="45.275172" lon="13.709109"></trkpt>
      <trkpt lat="45.276545" lon="13.708599"></trkpt>
      <trkpt lat="45.277358" lon="13.708442"></trkpt>
      <trkpt lat="45.279242" lon="13.708498"></trkpt>
      <trkpt lat="45.280218" lon="13.708752"></trkpt>
      <trkpt lat="45.28158" lon="13.709324"></trkpt>
      <trkpt lat="45.283024" lon="13.710407"></trkpt>
      <trkpt lat="45.284365" lon="13.711896"></trkpt>
      <trkpt lat="45.286426" lon="13.715197"></trkpt>
      <trkpt lat="45.287545" lon="13.7164"></trkpt>
      <trkpt lat="45.288169" lon="13.716855"></trkpt>
      <trkpt lat="45.289455" lon="13.717472"></trkpt>
      <trkpt lat="45.29069" lon="13.717702"></trkpt>
      <trkpt lat="45.291685" lon="13.717624"></trkpt>
      <trkpt lat="45.292668" lon="13.717298"></trkpt>
      <trkpt lat="45.29413" lon="13.716376"></trkpt>
      <trkpt lat="45.297128" lon="13.712924"></trkpt>
      <trkpt lat="45.298811" lon="13.711721"></trkpt>
      <trkpt lat="45.300383" lon="13.711137"></trkpt>
      <trkpt lat="45.30313" lon="13.710724"></trkpt>
      <trkpt lat="45.304302" lon="13.710354"></trkpt>
      <trkpt lat="45.30541" lon="13.709793"></trkpt>
      <trkpt lat="45.306465" lon="13.709011"></trkpt>
      <trkpt lat="45.307837" lon="13.707621"></trkpt>
      <trkpt lat="45.310058" lon="13.704174"></trkpt>
      <trkpt lat="45.311347" lon="13.702668"></trkpt>
      <trkpt lat="45.312604" lon="13.701659"></trkpt>
      <trkpt lat="45.315272" lon="13.700136"></trkpt>
      <trkpt lat="45.316745" lon="13.698837"></trkpt>
      <trkpt lat="45.318096" lon="13.696959"></trkpt>
      <trkpt lat="45.319194" lon="13.694753"></trkpt>
      <trkpt lat="45.319911" lon="13.692269"></trkpt>
      <trkpt lat="45.320282" lon="13.689291"></trkpt>
      <trkpt lat="45.320245" lon="13.687248"></trkpt>
      <trkpt lat="45.319758" lon="13.682597"></trkpt>
      <trkpt lat="45.319872" lon="13.679277"></trkpt>
      <trkpt lat="45.320103" lon="13.677773"></trkpt>
      <trkpt lat="45.320595" lon="13.675803"></trkpt>
      <trkpt lat="45.322284" lon="13.671478"></trkpt>
      <trkpt lat="45.322871" lon="13.669354"></trkpt>
      <trkpt lat="45.323134" lon="13.667687"></trkpt>
      <trkpt lat="45.323365" lon="13.662735"></trkpt>
      <trkpt lat="45.323784" lon="13.659187"></trkpt>
      <trkpt lat="45.323762" lon="13.656812"></trkpt>
      <trkpt lat="45.323196" lon="13.652703"></trkpt>
      <trkpt lat="45.323103" lon="13.651344"></trkpt>
      <trkpt lat="45.323161" lon="13.649354"></trkpt>
      <trkpt lat="45.323527" lon="13.64594"></trkpt>
      <trkpt lat="45.323546" lon="13.644049"></trkpt>
      <trkpt lat="45.323356" lon="13.641976"></trkpt>
      <trkpt lat="45.322795" lon="13.638585"></trkpt>
      <trkpt lat="45.322816" lon="13.635912"></trkpt>
      <trkpt lat="45.323421" lon="13.633209"></trkpt>
      <trkpt lat="45.324401" lon="13.630942"></trkpt>
      <trkpt lat="45.325379" lon="13.629612"></trkpt>
      <trkpt lat="45.3264" lon="13.628699"></trkpt>
      <trkpt lat="45.328232" lon="13.627561"></trkpt>
      <trkpt lat="45.330302" lon="13.626475"></trkpt>
      <trkpt lat="45.332588" lon="13.625515"></trkpt>
      <trkpt lat="45.334335" lon="13.624932"></trkpt>
      <trkpt lat="45.337348" lon="13.62424"></trkpt>
      <trkpt lat="45.342998" lon="13.623634"></trkpt>
      <trkpt lat="45.344721" lon="13.623045"></trkpt>
      <trkpt lat="45.346622" lon="13.622185"></trkpt>
      <trkpt lat="45.347948" lon="13.621378"></trkpt>
      <trkpt lat="45.351334" lon="13.618373"></trkpt>
      <trkpt lat="45.352076" lon="13.617951"></trkpt>
      <trkpt lat="45.353004" lon="13.617683"></trkpt>
      <trkpt lat="45.353823" lon="13.617717"></trkpt>
      <trkpt lat="45.354904" lon="13.618056"></trkpt>
      <trkpt lat="45.357696" lon="13.620189"></trkpt>
      <trkpt lat="45.360595" lon="13.621046"></trkpt>
      <trkpt lat="45.364965" lon="13.623806"></trkpt>
      <trkpt lat="45.365735" lon="13.624146"></trkpt>
      <trkpt lat="45.367711" lon="13.624573"></trkpt>
      <trkpt lat="45.369316" lon="13.624516"></trkpt>
      <trkpt lat="45.370582" lon="13.624171"></trkpt>
      <trkpt lat="45.371501" lon="13.623766"></trkpt>
      <trkpt lat="45.380585" lon="13.617901"></trkpt>
      <trkpt lat="45.382659" lon="13.61694"></trkpt>
      <trkpt lat="45.38345" lon="13.616688"></trkpt>
      <trkpt lat="45.384507" lon="13.616531"></trkpt>
      <trkpt lat="45.386717" lon="13.616602"></trkpt>
      <trkpt lat="45.389075" lon="13.617212"></trkpt>
      <trkpt lat="45.390001" lon="13.617683"></trkpt>
      <trkpt lat="45.392214" lon="13.619273"></trkpt>
      <trkpt lat="45.395545" lon="13.622612"></trkpt>
      <trkpt lat="45.396311" lon="13.623114"></trkpt>
      <trkpt lat="45.397713" lon="13.623571"></trkpt>
      <trkpt lat="45.398915" lon="13.623559"></trkpt>
      <trkpt lat="45.399471" lon="13.623426"></trkpt>
      <trkpt lat="45.404395" lon="13.620904"></trkpt>
      <trkpt lat="45.405613" lon="13.620555"></trkpt>
      <trkpt lat="45.406438" lon="13.620545"></trkpt>
      <trkpt lat="45.407004" lon="13.620668"></trkpt>
      <trkpt lat="45.409634" lon="13.621842"></trkpt>
      <trkpt lat="45.410601" lon="13.622124"></trkpt>
      <trkpt lat="45.412222" lon="13.622153"></trkpt>
      <trkpt lat="45.413292" lon="13.621908"></trkpt>
      <trkpt lat="45.416226" lon="13.620397"></trkpt>
      <trkpt lat="45.416836" lon="13.620206"></trkpt>
      <trkpt lat="45.417489" lon="13.620119"></trkpt>
      <trkpt lat="45.419611" lon="13.620237"></trkpt>
      <trkpt lat="45.420374" lon="13.620168"></trkpt>
      <trkpt lat="45.421163" lon="13.620003"></trkpt>
      <trkpt lat="45.422465" lon="13.619361"></trkpt>
      <trkpt lat="45.423325" lon="13.618719"></trkpt>
      <trkpt lat="45.424026" lon="13.617951"></trkpt>
      <trkpt lat="45.424872" lon="13.616628"></trkpt>
      <trkpt lat="45.42605" lon="13.614094"></trkpt>
      <trkpt lat="45.426743" lon="13.613147"></trkpt>
      <trkpt lat="45.427299" lon="13.612625"></trkpt>
      <trkpt lat="45.428012" lon="13.612169"></trkpt>
      <trkpt lat="45.428842" lon="13.611881"></trkpt>
      <trkpt lat="45.429606" lon="13.611822"></trkpt>
      <trkpt lat="45.430565" lon="13.612014"></trkpt>
      <trkpt lat="45.431603" lon="13.612595"></trkpt>
      <trkpt lat="45.433718" lon="13.6148"></trkpt>
      <trkpt lat="45.435048" lon="13.615771"></trkpt>
      <trkpt lat="45.435917" lon="13.616136"></trkpt>
      <trkpt lat="45.438471" lon="13.616783"></trkpt>
      <trkpt lat="45.43909" lon="13.617086"></trkpt>
      <trkpt lat="45.440835" lon="13.618333"></trkpt>
      <trkpt lat="45.441842" lon="13.618889"></trkpt>
      <trkpt lat="45.442793" lon="13.619146"></trkpt>
      <trkpt lat="45.443901" lon="13.619142"></trkpt>
      <trkpt lat="45.444769" lon="13.618912"></trkpt>
      <trkpt lat="45.447293" lon="13.617853"></trkpt>
      <trkpt lat="45.448387" lon="13.617696"></trkpt>
      <trkpt lat="45.449229" lon="13.617759"></trkpt>
      <trkpt lat="45.450478" lon="13.618149"></trkpt>
      <trkpt lat="45.45162" lon="13.618858"></trkpt>
      <trkpt lat="45.452554" lon="13.619747"></trkpt>
      <trkpt lat="45.453406" lon="13.62092"></trkpt>
      <trkpt lat="45.454483" lon="13.623211"></trkpt>
      <trkpt lat="45.455443" lon="13.627769"></trkpt>
      <trkpt lat="45.455459" lon="13.629546"></trkpt>
      <trkpt lat="45.454828" lon="13.635108"></trkpt>
      <trkpt lat="45.454897" lon="13.636889"></trkpt>
      <trkpt lat="45.455207" lon="13.637254"></trkpt>
      <trkpt lat="45.455266" lon="13.637627"></trkpt>
      <trkpt lat="45.454524" lon="13.639429"></trkpt>
      <trkpt lat="45.454342" lon="13.640187"></trkpt>
      <trkpt lat="45.454382" lon="13.642426"></trkpt>
      <trkpt lat="45.454022" lon="13.64512"></trkpt>
      <trkpt lat="45.453663" lon="13.645972"></trkpt>
      <trkpt lat="45.452472" lon="13.647375"></trkpt>
      <trkpt lat="45.45167" lon="13.649306"></trkpt>
      <trkpt lat="45.451726" lon="13.64948"></trkpt>
      <trkpt lat="45.451868" lon="13.649535"></trkpt>
      <trkpt lat="45.452281" lon="13.649084"></trkpt>
      <trkpt lat="45.452819" lon="13.649037"></trkpt>
      <trkpt lat="45.453264" lon="13.649276"></trkpt>
      <trkpt lat="45.453501" lon="13.649618"></trkpt>
      <trkpt lat="45.453611" lon="13.650413"></trkpt>
      <trkpt lat="45.453519" lon="13.651239"></trkpt>
      <trkpt lat="45.452515" lon="13.654327"></trkpt>
      <trkpt lat="45.452734" lon="13.654709"></trkpt>
      <trkpt lat="45.455906" lon="13.657873"></trkpt>
      <trkpt lat="45.456541" lon="13.658258"></trkpt>
      <trkpt lat="45.457449" lon="13.658246"></trkpt>
      <trkpt lat="45.458204" lon="13.657947"></trkpt>
      <trkpt lat="45.459384" lon="13.65725"></trkpt>
      <trkpt lat="45.460505" lon="13.65705"></trkpt>
      <trkpt lat="45.461055" lon="13.657404"></trkpt>
      <trkpt lat="45.461529" lon="13.658248"></trkpt>
      <trkpt lat="45.461994" lon="13.658686"></trkpt>
      <trkpt lat="45.464375" lon="13.660038"></trkpt>
      <trkpt lat="45.464881" lon="13.660896"></trkpt>
      <trkpt lat="45.465714" lon="13.66425"></trkpt>
      <trkpt lat="45.466676" lon="13.666242"></trkpt>
      <trkpt lat="45.467084" lon="13.667881"></trkpt>
      <trkpt lat="45.467332" lon="13.668381"></trkpt>
      <trkpt lat="45.468212" lon="13.669216"></trkpt>
      <trkpt lat="45.47038" lon="13.671677"></trkpt>
      <trkpt lat="45.472092" lon="13.672872"></trkpt>
      <trkpt lat="45.473096" lon="13.673353"></trkpt>
      <trkpt lat="45.473723" lon="13.673815"></trkpt>
      <trkpt lat="45.475191" lon="13.674587"></trkpt>
      <trkpt lat="45.476626" lon="13.674857"></trkpt>
      <trkpt lat="45.477856" lon="13.675578"></trkpt>
      <trkpt lat="45.479184" lon="13.675555"></trkpt>
      <trkpt lat="45.480739" lon="13.676113"></trkpt>
      <trkpt lat="45.483122" lon="13.677743"></trkpt>
      <trkpt lat="45.483422" lon="13.677838"></trkpt>
      <trkpt lat="45.485514" lon="13.677508"></trkpt>
      <trkpt lat="45.488627" lon="13.677418"></trkpt>
      <trkpt lat="45.489114" lon="13.677333"></trkpt>
      <trkpt lat="45.490762" lon="13.676656"></trkpt>
      <trkpt lat="45.491821" lon="13.67637"></trkpt>
      <trkpt lat="45.49265" lon="13.676237"></trkpt>
      <trkpt lat="45.493377" lon="13.676341"></trkpt>
      <trkpt lat="45.493751" lon="13.676559"></trkpt>
      <trkpt lat="45.494729" lon="13.677463"></trkpt>
      <trkpt lat="45.496445" lon="13.678276"></trkpt>
      <trkpt lat="45.497476" lon="13.679731"></trkpt>
      <trkpt lat="45.500083" lon="13.681079"></trkpt>
      <trkpt lat="45.500784" lon="13.681701"></trkpt>
      <trkpt lat="45.501914" lon="13.682265"></trkpt>
      <trkpt lat="45.502325" lon="13.682658"></trkpt>
      <trkpt lat="45.502622" lon="13.683327"></trkpt>
      <trkpt lat="45.502815" lon="13.684306"></trkpt>
      <trkpt lat="45.503242" lon="13.688576"></trkpt>
      <trkpt lat="45.503272" lon="13.690116"></trkpt>
      <trkpt lat="45.503767" lon="13.692095"></trkpt>
      <trkpt lat="45.503919" lon="13.693678"></trkpt>
      <trkpt lat="45.505097" lon="13.697336"></trkpt>
      <trkpt lat="45.505866" lon="13.699006"></trkpt>
      <trkpt lat="45.506031" lon="13.699741"></trkpt>
      <trkpt lat="45.506147" lon="13.701502"></trkpt>
      <trkpt lat="45.506719" lon="13.704298"></trkpt>
      <trkpt lat="45.507086" lon="13.70481"></trkpt>
      <trkpt lat="45.507532" lon="13.705065"></trkpt>
      <trkpt lat="45.508934" lon="13.704689"></trkpt>
      <trkpt lat="45.509656" lon="13.705126"></trkpt>
      <trkpt lat="45.511085" lon="13.707851"></trkpt>
      <trkpt lat="45.51165" lon="13.709437"></trkpt>
      <trkpt lat="45.512393" lon="13.710911"></trkpt>
      <trkpt lat="45.512878" lon="13.712537"></trkpt>
      <trkpt lat="45.513836" lon="13.714251"></trkpt>
      <trkpt lat="45.514436" lon="13.716018"></trkpt>
      <trkpt lat="45.514914" lon="13.716452"></trkpt>
      <trkpt lat="45.515817" lon="13.716529"></trkpt>
      <trkpt lat="45.516143" lon="13.717056"></trkpt>
      <trkpt lat="45.516055" lon="13.717652"></trkpt>
      <trkpt lat="45.515719" lon="13.717952"></trkpt>
      <trkpt lat="45.51503" lon="13.717835"></trkpt>
      <trkpt lat="45.514316" lon="13.717899"></trkpt>
      <trkpt lat="45.513565" lon="13.717609"></trkpt>
      <trkpt lat="45.512588" lon="13.717915"></trkpt>
      <trkpt lat="45.512164" lon="13.717886"></trkpt>
      <trkpt lat="45.511013" lon="13.717198"></trkpt>
      <trkpt lat="45.510135" lon="13.71713"></trkpt>
      <trkpt lat="45.509791" lon="13.716967"></trkpt>
      <trkpt lat="45.50918" lon="13.715694"></trkpt>
      <trkpt lat="45.508907" lon="13.715466"></trkpt>
      <trkpt lat="45.508652" lon="13.715452"></trkpt>
      <trkpt lat="45.508325" lon="13.715727"></trkpt>
      <trkpt lat="45.508229" lon="13.716394"></trkpt>
      <trkpt lat="45.509084" lon="13.718391"></trkpt>
      <trkpt lat="45.510037" lon="13.719225"></trkpt>
      <trkpt lat="45.510781" lon="13.720547"></trkpt>
      <trkpt lat="45.511253" lon="13.721017"></trkpt>
      <trkpt lat="45.5129" lon="13.721631"></trkpt>
      <trkpt lat="45.514789" lon="13.722903"></trkpt>
      <trkpt lat="45.519283" lon="13.725467"></trkpt>
      <trkpt lat="45.520224" lon="13.726209"></trkpt>
      <trkpt lat="45.521499" lon="13.727688"></trkpt>
      <trkpt lat="45.524485" lon="13.732477"></trkpt>
      <trkpt lat="45.525051" lon="13.733139"></trkpt>
      <trkpt lat="45.526206" lon="13.734108"></trkpt>
      <trkpt lat="45.527107" lon="13.734622"></trkpt>
      <trkpt lat="45.528581" lon="13.735253"></trkpt>
      <trkpt lat="45.529608" lon="13.735268"></trkpt>
      <trkpt lat="45.529817" lon="13.735375"></trkpt>
      <trkpt lat="45.530485" lon="13.735258"></trkpt>
      <trkpt lat="45.534656" lon="13.735258"></trkpt>
      <trkpt lat="45.534778" lon="13.735648"></trkpt>
      <trkpt lat="45.535816" lon="13.736582"></trkpt>
      <trkpt lat="45.536605" lon="13.737593"></trkpt>
      <trkpt lat="45.536917" lon="13.737557"></trkpt>
      <trkpt lat="45.537111" lon="13.737703"></trkpt>
      <trkpt lat="45.537321" lon="13.738339"></trkpt>
      <trkpt lat="45.537634" lon="13.740522"></trkpt>
      <trkpt lat="45.538305" lon="13.742677"></trkpt>
      <trkpt lat="45.545385" lon="13.759544"></trkpt>
      <trkpt lat="45.54995" lon="13.772799"></trkpt>
      <trkpt lat="45.55082" lon="13.774358"></trkpt>
      <trkpt lat="45.551354" lon="13.77505"></trkpt>
      <trkpt lat="45.553491" lon="13.777061"></trkpt>
      <trkpt lat="45.554285" lon="13.778072"></trkpt>
      <trkpt lat="45.554883" lon="13.779062"></trkpt>
      <trkpt lat="45.556199" lon="13.781996"></trkpt>
      <trkpt lat="45.557225" lon="13.783976"></trkpt>
      <trkpt lat="45.557705" lon="13.784768"></trkpt>
      <trkpt lat="45.558375" lon="13.785582"></trkpt>
      <trkpt lat="45.559215" lon="13.786068"></trkpt>
      <trkpt lat="45.559792" lon="13.786143"></trkpt>
      <trkpt lat="45.560369" lon="13.786007"></trkpt>
      <trkpt lat="45.561105" lon="13.785511"></trkpt>
      <trkpt lat="45.562321" lon="13.784182"></trkpt>
      <trkpt lat="45.563003" lon="13.783723"></trkpt>
      <trkpt lat="45.563695" lon="13.783467"></trkpt>
      <trkpt lat="45.565116" lon="13.783431"></trkpt>
      <trkpt lat="45.566292" lon="13.783808"></trkpt>
      <trkpt lat="45.568032" lon="13.785132"></trkpt>
      <trkpt lat="45.569524" lon="13.786702"></trkpt>
      <trkpt lat="45.571019" lon="13.788775"></trkpt>
      <trkpt lat="45.573417" lon="13.793053"></trkpt>
      <trkpt lat="45.574631" lon="13.79447"></trkpt>
      <trkpt lat="45.57557" lon="13.795206"></trkpt>
      <trkpt lat="45.577118" lon="13.795943"></trkpt>
      <trkpt lat="45.582295" lon="13.797513"></trkpt>
      <trkpt lat="45.584543" lon="13.797969"></trkpt>
      <trkpt lat="45.586548" lon="13.79816"></trkpt>
      <trkpt lat="45.587946" lon="13.798582"></trkpt>
      <trkpt lat="45.589224" lon="13.799307"></trkpt>
      <trkpt lat="45.591945" lon="13.801176"></trkpt>
      <trkpt lat="45.59437" lon="13.803358"></trkpt>
      <trkpt lat="45.595328" lon="13.804372"></trkpt>
      <trkpt lat="45.596409" lon="13.806022"></trkpt>
      <trkpt lat="45.598306" lon="13.810053"></trkpt>
      <trkpt lat="45.604222" lon="13.824199"></trkpt>
      <trkpt lat="45.605017" lon="13.825591"></trkpt>
      <trkpt lat="45.607454" lon="13.829097"></trkpt>
      <trkpt lat="45.607783" lon="13.829805"></trkpt>
      <trkpt lat="45.607899" lon="13.830787"></trkpt>
      <trkpt lat="45.607698" lon="13.833901"></trkpt>
      <trkpt lat="45.607731" lon="13.835459"></trkpt>
      <trkpt lat="45.60802" lon="13.837309"></trkpt>
      <trkpt lat="45.608436" lon="13.838625"></trkpt>
      <trkpt lat="45.614194" lon="13.84821"></trkpt>
      <trkpt lat="45.614716" lon="13.848922"></trkpt>
      <trkpt lat="45.615522" lon="13.849442"></trkpt>
      <trkpt lat="45.616078" lon="13.849529"></trkpt>
      <trkpt lat="45.616542" lon="13.849454"></trkpt>
      <trkpt lat="45.61739" lon="13.84892"></trkpt>
      <trkpt lat="45.618472" lon="13.847698"></trkpt>
      <trkpt lat="45.619159" lon="13.846626"></trkpt>
      <trkpt lat="45.621088" lon="13.842497"></trkpt>
      <trkpt lat="45.624429" lon="13.837952"></trkpt>
      <trkpt lat="45.624956" lon="13.837035"></trkpt>
      <trkpt lat="45.625265" lon="13.835717"></trkpt>
      <trkpt lat="45.62531" lon="13.833462"></trkpt>
      <trkpt lat="45.625747" lon="13.832185"></trkpt>
      <trkpt lat="45.626427" lon="13.831376"></trkpt>
      <trkpt lat="45.62862" lon="13.830466"></trkpt>
      <trkpt lat="45.629008" lon="13.830162"></trkpt>
      <trkpt lat="45.62942" lon="13.829603"></trkpt>
      <trkpt lat="45.629693" lon="13.828917"></trkpt>
      <trkpt lat="45.629846" lon="13.828111"></trkpt>
      <trkpt lat="45.629824" lon="13.823375"></trkpt>
      <trkpt lat="45.629972" lon="13.820936"></trkpt>
      <trkpt lat="45.630159" lon="13.819955"></trkpt>
      <trkpt lat="45.630622" lon="13.818935"></trkpt>
      <trkpt lat="45.632102" lon="13.817195"></trkpt>
      <trkpt lat="45.632341" lon="13.816714"></trkpt>
      <trkpt lat="45.632529" lon="13.816047"></trkpt>
      <trkpt lat="45.63282" lon="13.813863"></trkpt>
      <trkpt lat="45.633073" lon="13.8131"></trkpt>
      <trkpt lat="45.633764" lon="13.8121"></trkpt>
      <trkpt lat="45.634102" lon="13.81182"></trkpt>
      <trkpt lat="45.634604" lon="13.811608"></trkpt>
      <trkpt lat="45.635535" lon="13.811795"></trkpt>
      <trkpt lat="45.636392" lon="13.812466"></trkpt>
      <trkpt lat="45.63672" lon="13.812991"></trkpt>
      <trkpt lat="45.637027" lon="13.813859"></trkpt>
      <trkpt lat="45.637121" lon="13.815262"></trkpt>
      <trkpt lat="45.636293" lon="13.823077"></trkpt>
      <trkpt lat="45.635844" lon="13.825669"></trkpt>
      <trkpt lat="45.635245" lon="13.828094"></trkpt>
      <trkpt lat="45.633983" lon="13.831341"></trkpt>
      <trkpt lat="45.633551" lon="13.832968"></trkpt>
      <trkpt lat="45.633341" lon="13.835361"></trkpt>
      <trkpt lat="45.633567" lon="13.838103"></trkpt>
      <trkpt lat="45.634327" lon="13.840902"></trkpt>
      <trkpt lat="45.635079" lon="13.842255"></trkpt>
      <trkpt lat="45.63598" lon="13.843387"></trkpt>
      <trkpt lat="45.637489" lon="13.84443"></trkpt>
      <trkpt lat="45.638573" lon="13.844853"></trkpt>
      <trkpt lat="45.639828" lon="13.844948"></trkpt>
      <trkpt lat="45.641304" lon="13.844675"></trkpt>
      <trkpt lat="45.642795" lon="13.843889"></trkpt>
      <trkpt lat="45.656168" lon="13.834484"></trkpt>
      <trkpt lat="45.673389" lon="13.820023"></trkpt>
      <trkpt lat="45.675065" lon="13.818996"></trkpt>
      <trkpt lat="45.67912" lon="13.816938"></trkpt>
      <trkpt lat="45.681169" lon="13.815717"></trkpt>
      <trkpt lat="45.683174" lon="13.814247"></trkpt>
      <trkpt lat="45.686769" lon="13.811229"></trkpt>
      <trkpt lat="45.689602" lon="13.809305"></trkpt>
      <trkpt lat="45.691304" lon="13.808431"></trkpt>
      <trkpt lat="45.694806" lon="13.80692"></trkpt>
      <trkpt lat="45.697005" lon="13.805671"></trkpt>
      <trkpt lat="45.698193" lon="13.804717"></trkpt>
      <trkpt lat="45.699315" lon="13.803381"></trkpt>
      <trkpt lat="45.7007" lon="13.801246"></trkpt>
      <trkpt lat="45.701642" lon="13.799211"></trkpt>
      <trkpt lat="45.702441" lon="13.79655"></trkpt>
      <trkpt lat="45.702878" lon="13.793733"></trkpt>
      <trkpt lat="45.702956" lon="13.791758"></trkpt>
      <trkpt lat="45.702783" lon="13.788706"></trkpt>
      <trkpt lat="45.702539" lon="13.786952"></trkpt>
      <trkpt lat="45.700498" lon="13.775536"></trkpt>
      <trkpt lat="45.700186" lon="13.771532"></trkpt>
      <trkpt lat="45.700168" lon="13.768401"></trkpt>
      <trkpt lat="45.700269" lon="13.766615"></trkpt>
      <trkpt lat="45.700675" lon="13.762977"></trkpt>
      <trkpt lat="45.701469" lon="13.759051"></trkpt>
      <trkpt lat="45.70317" lon="13.752091"></trkpt>
      <trkpt lat="45.703973" lon="13.749938"></trkpt>
      <trkpt lat="45.704871" lon="13.748456"></trkpt>
      <trkpt lat="45.706776" lon="13.746127"></trkpt>
      <trkpt lat="45.71263" lon="13.737892"></trkpt>
      <trkpt lat="45.718762" lon="13.728968"></trkpt>
      <trkpt lat="45.742646" lon="13.691686"></trkpt>
      <trkpt lat="45.750077" lon="13.679074"></trkpt>
      <trkpt lat="45.751163" lon="13.677661"></trkpt>
      <trkpt lat="45.752752" lon="13.676011"></trkpt>
      <trkpt lat="45.757957" lon="13.672141"></trkpt>
      <trkpt lat="45.758993" lon="13.671087"></trkpt>
      <trkpt lat="45.759646" lon="13.67007"></trkpt>
      <trkpt lat="45.76029" lon="13.668575"></trkpt>
      <trkpt lat="45.762389" lon="13.662419"></trkpt>
      <trkpt lat="45.765626" lon="13.652166"></trkpt>
      <trkpt lat="45.766422" lon="13.650022"></trkpt>
      <trkpt lat="45.767549" lon="13.648139"></trkpt>
      <trkpt lat="45.772589" lon="13.642305"></trkpt>
      <trkpt lat="45.773327" lon="13.641045"></trkpt>
      <trkpt lat="45.773832" lon="13.639678"></trkpt>
      <trkpt lat="45.774169" lon="13.63793"></trkpt>
      <trkpt lat="45.774553" lon="13.633537"></trkpt>
      <trkpt lat="45.775918" lon="13.61394"></trkpt>
      <trkpt lat="45.777922" lon="13.603718"></trkpt>
      <trkpt lat="45.778634" lon="13.601712"></trkpt>
      <trkpt lat="45.779583" lon="13.600212"></trkpt>
      <trkpt lat="45.780616" lon="13.599227"></trkpt>
      <trkpt lat="45.787916" lon="13.594254"></trkpt>
      <trkpt lat="45.789117" lon="13.5933"></trkpt>
      <trkpt lat="45.790319" lon="13.591847"></trkpt>
      <trkpt lat="45.791964" lon="13.589218"></trkpt>
      <trkpt lat="45.793227" lon="13.587732"></trkpt>
      <trkpt lat="45.796953" lon="13.584958"></trkpt>
      <trkpt lat="45.801675" lon="13.581867"></trkpt>
      <trkpt lat="45.80287" lon="13.580769"></trkpt>
      <trkpt lat="45.80431" lon="13.578959"></trkpt>
      <trkpt lat="45.804859" lon="13.5786"></trkpt>
      <trkpt lat="45.805351" lon="13.578039"></trkpt>
      <trkpt lat="45.805819" lon="13.577068"></trkpt>
      <trkpt lat="45.807427" lon="13.574758"></trkpt>
      <trkpt lat="45.808241" lon="13.57301"></trkpt>
      <trkpt lat="45.808714" lon="13.571263"></trkpt>
      <trkpt lat="45.809598" lon="13.566316"></trkpt>
      <trkpt lat="45.810419" lon="13.563957"></trkpt>
      <trkpt lat="45.811358" lon="13.562447"></trkpt>
      <trkpt lat="45.814344" lon="13.558896"></trkpt>
      <trkpt lat="45.815298" lon="13.55696"></trkpt>
      <trkpt lat="45.815655" lon="13.555616"></trkpt>
      <trkpt lat="45.815824" lon="13.55438"></trkpt>
      <trkpt lat="45.815655" lon="13.548472"></trkpt>
      <trkpt lat="45.815806" lon="13.546609"></trkpt>
      <trkpt lat="45.816172" lon="13.544521"></trkpt>
      <trkpt lat="45.816596" lon="13.542935"></trkpt>
      <trkpt lat="45.819516" lon="13.534131"></trkpt>
      <trkpt lat="45.820292" lon="13.532132"></trkpt>
      <trkpt lat="45.821149" lon="13.530308"></trkpt>
      <trkpt lat="45.82222" lon="13.528439"></trkpt>
      <trkpt lat="45.823244" lon="13.526939"></trkpt>
      <trkpt lat="45.826859" lon="13.522666"></trkpt>
      <trkpt lat="45.829141" lon="13.518748"></trkpt>
      <trkpt lat="45.830388" lon="13.517084"></trkpt>
      <trkpt lat="45.831408" lon="13.516065"></trkpt>
      <trkpt lat="45.832579" lon="13.515164"></trkpt>
      <trkpt lat="45.835748" lon="13.513376"></trkpt>
      <trkpt lat="45.836919" lon="13.512546"></trkpt>
      <trkpt lat="45.837977" lon="13.511607"></trkpt>
      <trkpt lat="45.838951" lon="13.51053"></trkpt>
      <trkpt lat="45.839971" lon="13.509115"></trkpt>
      <trkpt lat="45.840865" lon="13.507561"></trkpt>
      <trkpt lat="45.841834" lon="13.504905"></trkpt>
      <trkpt lat="45.842844" lon="13.500652"></trkpt>
      <trkpt lat="45.843271" lon="13.49756"></trkpt>
      <trkpt lat="45.843143" lon="13.494362"></trkpt>
      <trkpt lat="45.842342" lon="13.489533"></trkpt>
      <trkpt lat="45.842252" lon="13.4884"></trkpt>
      <trkpt lat="45.842316" lon="13.48592"></trkpt>
      <trkpt lat="45.842699" lon="13.483719"></trkpt>
      <trkpt lat="45.843464" lon="13.481411"></trkpt>
      <trkpt lat="45.850901" lon="13.463293"></trkpt>
      <trkpt lat="45.851895" lon="13.460295"></trkpt>
      <trkpt lat="45.852491" lon="13.45728"></trkpt>
      <trkpt lat="45.855542" lon="13.436524"></trkpt>
      <trkpt lat="45.856355" lon="13.433211"></trkpt>
      <trkpt lat="45.859853" lon="13.424563"></trkpt>
      <trkpt lat="45.862401" lon="13.418711"></trkpt>
      <trkpt lat="45.866319" lon="13.409187"></trkpt>
      <trkpt lat="45.86938" lon="13.401484"></trkpt>
      <trkpt lat="45.870217" lon="13.398868"></trkpt>
      <trkpt lat="45.89086" lon="13.315777"></trkpt>
      <trkpt lat="45.895722" lon="13.29349"></trkpt>
      <trkpt lat="45.896883" lon="13.289177"></trkpt>
      <trkpt lat="45.897062" lon="13.287834"></trkpt>
      <trkpt lat="45.89705" lon="13.286519"></trkpt>
      <trkpt lat="45.896673" lon="13.284566"></trkpt>
      <trkpt lat="45.896239" lon="13.283547"></trkpt>
      <trkpt lat="45.895387" lon="13.282367"></trkpt>
      <trkpt lat="45.893005" lon="13.279655"></trkpt>
      <trkpt lat="45.891965" lon="13.278086"></trkpt>
      <trkpt lat="45.884709" lon="13.264617"></trkpt>
      <trkpt lat="45.88218" lon="13.259364"></trkpt>
      <trkpt lat="45.879903" lon="13.253522"></trkpt>
      <trkpt lat="45.866669" lon="13.217438"></trkpt>
      <trkpt lat="45.865248" lon="13.213242"></trkpt>
      <trkpt lat="45.853559" lon="13.174259"></trkpt>
      <trkpt lat="45.834779" lon="13.116831"></trkpt>
      <trkpt lat="45.833128" lon="13.110916"></trkpt>
      <trkpt lat="45.832223" lon="13.10664"></trkpt>
      <trkpt lat="45.831158" lon="13.099966"></trkpt>
      <trkpt lat="45.824189" lon="13.052029"></trkpt>
      <trkpt lat="45.823206" lon="13.047538"></trkpt>
      <trkpt lat="45.819762" lon="13.035343"></trkpt>
      <trkpt lat="45.818962" lon="13.031778"></trkpt>
      <trkpt lat="45.818598" lon="13.028956"></trkpt>
      <trkpt lat="45.817005" lon="13.009855"></trkpt>
      <trkpt lat="45.816334" lon="13.004051"></trkpt>
      <trkpt lat="45.814962" lon="12.994715"></trkpt>
      <trkpt lat="45.811549" lon="12.975812"></trkpt>
      <trkpt lat="45.809591" lon="12.96572"></trkpt>
      <trkpt lat="45.809147" lon="12.961581"></trkpt>
      <trkpt lat="45.805139" lon="12.911617"></trkpt>
      <trkpt lat="45.804904" lon="12.904717"></trkpt>
      <trkpt lat="45.805162" lon="12.894829"></trkpt>
      <trkpt lat="45.805135" lon="12.892134"></trkpt>
      <trkpt lat="45.804814" lon="12.886296"></trkpt>
      <trkpt lat="45.804261" lon="12.881464"></trkpt>
      <trkpt lat="45.797034" lon="12.841896"></trkpt>
      <trkpt lat="45.7956" lon="12.836106"></trkpt>
      <trkpt lat="45.791771" lon="12.823928"></trkpt>
      <trkpt lat="45.790594" lon="12.819353"></trkpt>
      <trkpt lat="45.789508" lon="12.813766"></trkpt>
      <trkpt lat="45.787717" lon="12.800821"></trkpt>
      <trkpt lat="45.786802" lon="12.796149"></trkpt>
      <trkpt lat="45.785726" lon="12.791717"></trkpt>
      <trkpt lat="45.784528" lon="12.787634"></trkpt>
      <trkpt lat="45.783055" lon="12.783274"></trkpt>
      <trkpt lat="45.780504" lon="12.777102"></trkpt>
      <trkpt lat="45.77826" lon="12.772566"></trkpt>
      <trkpt lat="45.764876" lon="12.748217"></trkpt>
      <trkpt lat="45.756899" lon="12.735831"></trkpt>
      <trkpt lat="45.755036" lon="12.73267"></trkpt>
      <trkpt lat="45.753403" lon="12.729486"></trkpt>
      <trkpt lat="45.751818" lon="12.725973"></trkpt>
      <trkpt lat="45.749782" lon="12.720563"></trkpt>
      <trkpt lat="45.728026" lon="12.652348"></trkpt>
      <trkpt lat="45.726538" lon="12.64837"></trkpt>
      <trkpt lat="45.724967" lon="12.644674"></trkpt>
      <trkpt lat="45.722239" lon="12.639163"></trkpt>
      <trkpt lat="45.711028" lon="12.61979"></trkpt>
      <trkpt lat="45.709395" lon="12.616748"></trkpt>
      <trkpt lat="45.707753" lon="12.613348"></trkpt>
      <trkpt lat="45.705652" lon="12.608293"></trkpt>
      <trkpt lat="45.69921" lon="12.590435"></trkpt>
      <trkpt lat="45.696721" lon="12.584414"></trkpt>
      <trkpt lat="45.670552" lon="12.529477"></trkpt>
      <trkpt lat="45.668299" lon="12.524372"></trkpt>
      <trkpt lat="45.664483" lon="12.514898"></trkpt>
      <trkpt lat="45.662595" lon="12.510501"></trkpt>
      <trkpt lat="45.660092" lon="12.505184"></trkpt>
      <trkpt lat="45.658387" lon="12.501278"></trkpt>
      <trkpt lat="45.64973" lon="12.480826"></trkpt>
      <trkpt lat="45.648155" lon="12.477536"></trkpt>
      <trkpt lat="45.64661" lon="12.474687"></trkpt>
      <trkpt lat="45.631971" lon="12.448312"></trkpt>
      <trkpt lat="45.617019" lon="12.41576"></trkpt>
      <trkpt lat="45.61507" lon="12.411961"></trkpt>
      <trkpt lat="45.600365" lon="12.385302"></trkpt>
      <trkpt lat="45.598902" lon="12.382874"></trkpt>
      <trkpt lat="45.597024" lon="12.379985"></trkpt>
      <trkpt lat="45.580194" lon="12.355559"></trkpt>
      <trkpt lat="45.578154" lon="12.352138"></trkpt>
      <trkpt lat="45.576913" lon="12.349983"></trkpt>
      <trkpt lat="45.5754" lon="12.346545"></trkpt>
      <trkpt lat="45.57494" lon="12.345156"></trkpt>
      <trkpt lat="45.574677" lon="12.342671"></trkpt>
      <trkpt lat="45.574185" lon="12.341456"></trkpt>
      <trkpt lat="45.573697" lon="12.34091"></trkpt>
      <trkpt lat="45.572015" lon="12.340206"></trkpt>
      <trkpt lat="45.571413" lon="12.339653"></trkpt>
      <trkpt lat="45.561507" lon="12.321852"></trkpt>
      <trkpt lat="45.557929" lon="12.316476"></trkpt>
      <trkpt lat="45.550692" lon="12.306784"></trkpt>
      <trkpt lat="45.549259" lon="12.304698"></trkpt>
      <trkpt lat="45.547403" lon="12.301634"></trkpt>
      <trkpt lat="45.526751" lon="12.26286"></trkpt>
      <trkpt lat="45.524382" lon="12.258969"></trkpt>
      <trkpt lat="45.518215" lon="12.249645"></trkpt>
      <trkpt lat="45.514959" lon="12.243738"></trkpt>
      <trkpt lat="45.511157" lon="12.23765"></trkpt>
      <trkpt lat="45.510227" lon="12.236641"></trkpt>
      <trkpt lat="45.509519" lon="12.236091"></trkpt>
      <trkpt lat="45.503504" lon="12.232425"></trkpt>
      <trkpt lat="45.50201" lon="12.231709"></trkpt>
      <trkpt lat="45.499264" lon="12.230733"></trkpt>
      <trkpt lat="45.497629" lon="12.229758"></trkpt>
      <trkpt lat="45.49642" lon="12.228569"></trkpt>
      <trkpt lat="45.491359" lon="12.222238"></trkpt>
      <trkpt lat="45.489599" lon="12.220776"></trkpt>
      <trkpt lat="45.487971" lon="12.219984"></trkpt>
      <trkpt lat="45.482535" lon="12.218316"></trkpt>
      <trkpt lat="45.481117" lon="12.21763"></trkpt>
      <trkpt lat="45.476023" lon="12.214516"></trkpt>
      <trkpt lat="45.475285" lon="12.213717"></trkpt>
      <trkpt lat="45.474575" lon="12.212524"></trkpt>
      <trkpt lat="45.474104" lon="12.211086"></trkpt>
      <trkpt lat="45.473431" lon="12.206395"></trkpt>
      <trkpt lat="45.471344" lon="12.196536"></trkpt>
      <trkpt lat="45.470859" lon="12.193554"></trkpt>
      <trkpt lat="45.470211" lon="12.19127"></trkpt>
      <trkpt lat="45.450738" lon="12.095929"></trkpt>
      <trkpt lat="45.449159" lon="12.087497"></trkpt>
      <trkpt lat="45.449117" lon="12.086799"></trkpt>
      <trkpt lat="45.449284" lon="12.085028"></trkpt>
      <trkpt lat="45.449195" lon="12.084345"></trkpt>
      <trkpt lat="45.447879" lon="12.080981"></trkpt>
      <trkpt lat="45.447032" lon="12.07784"></trkpt>
      <trkpt lat="45.419794" lon="11.945742"></trkpt>
      <trkpt lat="45.419512" lon="11.944053"></trkpt>
      <trkpt lat="45.419528" lon="11.942724"></trkpt>
      <trkpt lat="45.419697" lon="11.942034"></trkpt>
      <trkpt lat="45.42049" lon="11.940133"></trkpt>
      <trkpt lat="45.420524" lon="11.939565"></trkpt>
      <trkpt lat="45.420375" lon="11.939101"></trkpt>
      <trkpt lat="45.420123" lon="11.938773"></trkpt>
      <trkpt lat="45.418466" lon="11.937945"></trkpt>
      <trkpt lat="45.418108" lon="11.937387"></trkpt>
      <trkpt lat="45.417897" lon="11.936533"></trkpt>
      <trkpt lat="45.417792" lon="11.935786"></trkpt>
      <trkpt lat="45.417846" lon="11.934608"></trkpt>
      <trkpt lat="45.417595" lon="11.933445"></trkpt>
      <trkpt lat="45.417354" lon="11.933052"></trkpt>
      <trkpt lat="45.417263" lon="11.932645"></trkpt>
      <trkpt lat="45.417423" lon="11.931909"></trkpt>
      <trkpt lat="45.420897" lon="11.927419"></trkpt>
      <trkpt lat="45.42225" lon="11.926043"></trkpt>
      <trkpt lat="45.422812" lon="11.925675"></trkpt>
      <trkpt lat="45.423919" lon="11.926044"></trkpt>
      <trkpt lat="45.42434" lon="11.925762"></trkpt>
      <trkpt lat="45.424503" lon="11.925284"></trkpt>
      <trkpt lat="45.424498" lon="11.924732"></trkpt>
      <trkpt lat="45.423998" lon="11.922024"></trkpt>
      <trkpt lat="45.423338" lon="11.920345"></trkpt>
      <trkpt lat="45.423342" lon="11.919229"></trkpt>
      <trkpt lat="45.422657" lon="11.915975"></trkpt>
      <trkpt lat="45.422336" lon="11.913545"></trkpt>
      <trkpt lat="45.422138" lon="11.912735"></trkpt>
      <trkpt lat="45.421942" lon="11.912581"></trkpt>
      <trkpt lat="45.421604" lon="11.913094"></trkpt>
      <trkpt lat="45.419974" lon="11.913973"></trkpt>
      <trkpt lat="45.419737" lon="11.913911"></trkpt>
      <trkpt lat="45.419365" lon="11.913344"></trkpt>
      <trkpt lat="45.419041" lon="11.912056"></trkpt>
      <trkpt lat="45.419168" lon="11.911527"></trkpt>
      <trkpt lat="45.419116" lon="11.911312"></trkpt>
      <trkpt lat="45.418639" lon="11.911258"></trkpt>
      <trkpt lat="45.416163" lon="11.909613"></trkpt>
      <trkpt lat="45.415515" lon="11.907348"></trkpt>
      <trkpt lat="45.415531" lon="11.906592"></trkpt>
      <trkpt lat="45.415141" lon="11.906053"></trkpt>
      <trkpt lat="45.413982" lon="11.90293"></trkpt>
      <trkpt lat="45.413931" lon="11.90248"></trkpt>
      <trkpt lat="45.413479" lon="11.902625"></trkpt>
      <trkpt lat="45.409334" lon="11.902105"></trkpt>
      <trkpt lat="45.409197" lon="11.901621"></trkpt>
      <trkpt lat="45.409049" lon="11.901467"></trkpt>
      <trkpt lat="45.408876" lon="11.901533"></trkpt>
      <trkpt lat="45.408544" lon="11.90196"></trkpt>
      <trkpt lat="45.408364" lon="11.901973"></trkpt>
      <trkpt lat="45.407597" lon="11.901434"></trkpt>
      <trkpt lat="45.405295" lon="11.901051"></trkpt>
      <trkpt lat="45.403091" lon="11.900034"></trkpt>
      <trkpt lat="45.403453" lon="11.89789"></trkpt>
      <trkpt lat="45.404051" lon="11.896213"></trkpt>
      <trkpt lat="45.403586" lon="11.893736"></trkpt>
      <trkpt lat="45.403481" lon="11.893687"></trkpt>
      <trkpt lat="45.402577" lon="11.891796"></trkpt>
      <trkpt lat="45.40187" lon="11.889803"></trkpt>
      <trkpt lat="45.401838" lon="11.889169"></trkpt>
      <trkpt lat="45.401657" lon="11.88914"></trkpt>
      <trkpt lat="45.401323" lon="11.888708"></trkpt>
      <trkpt lat="45.399586" lon="11.887369"></trkpt>
      <trkpt lat="45.398787" lon="11.886483"></trkpt>
      <trkpt lat="45.398807" lon="11.886313"></trkpt>
      <trkpt lat="45.399067" lon="11.88603"></trkpt>
      <trkpt lat="45.40003" lon="11.885303"></trkpt>
      <trkpt lat="45.400383" lon="11.884539"></trkpt>
      <trkpt lat="45.402502" lon="11.883259"></trkpt>
      <trkpt lat="45.402054" lon="11.881811"></trkpt>
      <trkpt lat="45.401818" lon="11.879959"></trkpt>
      <trkpt lat="45.403246" lon="11.879135"></trkpt>
      <trkpt lat="45.403369" lon="11.879151"></trkpt>
      <trkpt lat="45.403535" lon="11.882573"></trkpt>
      <trkpt lat="45.40265" lon="11.883192"></trkpt>
      <trkpt lat="45.402939" lon="11.884121"></trkpt>
      <trkpt lat="45.403641" lon="11.885028"></trkpt>
      <trkpt lat="45.404157" lon="11.887634"></trkpt>
      <trkpt lat="45.401854" lon="11.889212"></trkpt>
      <trkpt lat="45.401685" lon="11.889113"></trkpt>
      <trkpt lat="45.401618" lon="11.889303"></trkpt>
      <trkpt lat="45.401788" lon="11.889432"></trkpt>
      <trkpt lat="45.402577" lon="11.891796"></trkpt>
      <trkpt lat="45.403481" lon="11.893687"></trkpt>
      <trkpt lat="45.404049" lon="11.895928"></trkpt>
      <trkpt lat="45.404023" lon="11.896366"></trkpt>
      <trkpt lat="45.403408" lon="11.898007"></trkpt>
      <trkpt lat="45.403091" lon="11.900034"></trkpt>
      <trkpt lat="45.402985" lon="11.900148"></trkpt>
      <trkpt lat="45.40305" lon="11.900261"></trkpt>
      <trkpt lat="45.405046" lon="11.901027"></trkpt>
      <trkpt lat="45.405202" lon="11.901187"></trkpt>
      <trkpt lat="45.405409" lon="11.901047"></trkpt>
      <trkpt lat="45.40686" lon="11.901316"></trkpt>
      <trkpt lat="45.407202" lon="11.901437"></trkpt>
      <trkpt lat="45.407323" lon="11.901662"></trkpt>
      <trkpt lat="45.407561" lon="11.90153"></trkpt>
      <trkpt lat="45.408531" lon="11.902174"></trkpt>
      <trkpt lat="45.40868" lon="11.90239"></trkpt>
      <trkpt lat="45.416247" lon="11.921828"></trkpt>
      <trkpt lat="45.416279" lon="11.922677"></trkpt>
      <trkpt lat="45.415601" lon="11.92332"></trkpt>
      <trkpt lat="45.415398" lon="11.92386"></trkpt>
      <trkpt lat="45.415317" lon="11.924472"></trkpt>
      <trkpt lat="45.415489" lon="11.925715"></trkpt>
      <trkpt lat="45.417379" lon="11.9343"></trkpt>
      <trkpt lat="45.41757" lon="11.93597"></trkpt>
      <trkpt lat="45.418973" lon="11.94285"></trkpt>
      <trkpt lat="45.420173" lon="11.948174"></trkpt>
      <trkpt lat="45.446758" lon="12.07716"></trkpt>
      <trkpt lat="45.447968" lon="12.083926"></trkpt>
      <trkpt lat="45.449081" lon="12.088413"></trkpt>
      <trkpt lat="45.455961" lon="12.122039"></trkpt>
      <trkpt lat="45.469318" lon="12.187391"></trkpt>
      <trkpt lat="45.47028" lon="12.193539"></trkpt>
      <trkpt lat="45.471439" lon="12.197513"></trkpt>
      <trkpt lat="45.472012" lon="12.20008"></trkpt>
      <trkpt lat="45.47334" lon="12.206421"></trkpt>
      <trkpt lat="45.473926" lon="12.210655"></trkpt>
      <trkpt lat="45.474524" lon="12.212619"></trkpt>
      <trkpt lat="45.475176" lon="12.21377"></trkpt>
      <trkpt lat="45.475966" lon="12.214644"></trkpt>
      <trkpt lat="45.481177" lon="12.217823"></trkpt>
      <trkpt lat="45.483006" lon="12.21864"></trkpt>
      <trkpt lat="45.488192" lon="12.220207"></trkpt>
      <trkpt lat="45.489522" lon="12.220895"></trkpt>
      <trkpt lat="45.491295" lon="12.222346"></trkpt>
      <trkpt lat="45.496331" lon="12.228645"></trkpt>
      <trkpt lat="45.497563" lon="12.229867"></trkpt>
      <trkpt lat="45.49869" lon="12.230613"></trkpt>
      <trkpt lat="45.502495" lon="12.23206"></trkpt>
      <trkpt lat="45.503467" lon="12.232557"></trkpt>
      <trkpt lat="45.509474" lon="12.236222"></trkpt>
      <trkpt lat="45.510484" lon="12.237066"></trkpt>
      <trkpt lat="45.511236" lon="12.237963"></trkpt>
      <trkpt lat="45.514598" lon="12.243349"></trkpt>
      <trkpt lat="45.517087" lon="12.247965"></trkpt>
      <trkpt lat="45.518433" lon="12.250219"></trkpt>
      <trkpt lat="45.524103" lon="12.258752"></trkpt>
      <trkpt lat="45.526802" lon="12.263186"></trkpt>
      <trkpt lat="45.547284" lon="12.301654"></trkpt>
      <trkpt lat="45.550635" lon="12.306881"></trkpt>
      <trkpt lat="45.557803" lon="12.316566"></trkpt>
      <trkpt lat="45.561386" lon="12.321985"></trkpt>
      <trkpt lat="45.571475" lon="12.340269"></trkpt>
      <trkpt lat="45.574083" lon="12.345109"></trkpt>
      <trkpt lat="45.575529" lon="12.348061"></trkpt>
      <trkpt lat="45.580076" lon="12.355603"></trkpt>
      <trkpt lat="45.598632" lon="12.382722"></trkpt>
      <trkpt lat="45.600935" lon="12.386653"></trkpt>
      <trkpt lat="45.615481" lon="12.413032"></trkpt>
      <trkpt lat="45.616936" lon="12.415926"></trkpt>
      <trkpt lat="45.630843" lon="12.446273"></trkpt>
      <trkpt lat="45.631889" lon="12.448371"></trkpt>
      <trkpt lat="45.646378" lon="12.474578"></trkpt>
      <trkpt lat="45.648664" lon="12.478898"></trkpt>
      <trkpt lat="45.649643" lon="12.480992"></trkpt>
      <trkpt lat="45.66905" lon="12.526531"></trkpt>
      <trkpt lat="45.696871" lon="12.584986"></trkpt>
      <trkpt lat="45.69936" lon="12.591105"></trkpt>
      <trkpt lat="45.705575" lon="12.608368"></trkpt>
      <trkpt lat="45.708324" lon="12.614795"></trkpt>
      <trkpt lat="45.710989" lon="12.619931"></trkpt>
      <trkpt lat="45.722132" lon="12.639178"></trkpt>
      <trkpt lat="45.724915" lon="12.644791"></trkpt>
      <trkpt lat="45.727223" lon="12.650412"></trkpt>
      <trkpt lat="45.728576" lon="12.654316"></trkpt>
      <trkpt lat="45.749697" lon="12.720598"></trkpt>
      <trkpt lat="45.751658" lon="12.725841"></trkpt>
      <trkpt lat="45.753268" lon="12.729434"></trkpt>
      <trkpt lat="45.755612" lon="12.733889"></trkpt>
      <trkpt lat="45.757302" lon="12.736657"></trkpt>
      <trkpt lat="45.763688" lon="12.74648"></trkpt>
      <trkpt lat="45.765508" lon="12.749488"></trkpt>
      <trkpt lat="45.778178" lon="12.772631"></trkpt>
      <trkpt lat="45.780426" lon="12.777175"></trkpt>
      <trkpt lat="45.781563" lon="12.779736"></trkpt>
      <trkpt lat="45.783025" lon="12.783468"></trkpt>
      <trkpt lat="45.784445" lon="12.787683"></trkpt>
      <trkpt lat="45.785662" lon="12.791842"></trkpt>
      <trkpt lat="45.786716" lon="12.796196"></trkpt>
      <trkpt lat="45.787634" lon="12.800888"></trkpt>
      <trkpt lat="45.789423" lon="12.813803"></trkpt>
      <trkpt lat="45.79051" lon="12.819411"></trkpt>
      <trkpt lat="45.791682" lon="12.823958"></trkpt>
      <trkpt lat="45.7957" lon="12.836822"></trkpt>
      <trkpt lat="45.796531" lon="12.840068"></trkpt>
      <trkpt lat="45.798546" lon="12.850486"></trkpt>
      <trkpt lat="45.804175" lon="12.881487"></trkpt>
      <trkpt lat="45.804804" lon="12.887311"></trkpt>
      <trkpt lat="45.805048" lon="12.892153"></trkpt>
      <trkpt lat="45.805044" lon="12.896572"></trkpt>
      <trkpt lat="45.804815" lon="12.904763"></trkpt>
      <trkpt lat="45.805042" lon="12.911549"></trkpt>
      <trkpt lat="45.809254" lon="12.964153"></trkpt>
      <trkpt lat="45.809719" lon="12.967508"></trkpt>
      <trkpt lat="45.810787" lon="12.972809"></trkpt>
      <trkpt lat="45.814935" lon="12.995637"></trkpt>
      <trkpt lat="45.816438" lon="13.005795"></trkpt>
      <trkpt lat="45.816795" lon="13.008932"></trkpt>
      <trkpt lat="45.818495" lon="13.028956"></trkpt>
      <trkpt lat="45.81888" lon="13.031876"></trkpt>
      <trkpt lat="45.819689" lon="13.035427"></trkpt>
      <trkpt lat="45.822868" lon="13.046639"></trkpt>
      <trkpt lat="45.824081" lon="13.052183"></trkpt>
      <trkpt lat="45.83172" lon="13.104604"></trkpt>
      <trkpt lat="45.833103" lon="13.111587"></trkpt>
      <trkpt lat="45.834605" lon="13.116894"></trkpt>
      <trkpt lat="45.853728" lon="13.17523"></trkpt>
      <trkpt lat="45.864966" lon="13.212643"></trkpt>
      <trkpt lat="45.866301" lon="13.216721"></trkpt>
      <trkpt lat="45.881541" lon="13.25811"></trkpt>
      <trkpt lat="45.883867" lon="13.263228"></trkpt>
      <trkpt lat="45.894529" lon="13.283021"></trkpt>
      <trkpt lat="45.895622" lon="13.285345"></trkpt>
      <trkpt lat="45.895918" lon="13.286306"></trkpt>
      <trkpt lat="45.896189" lon="13.287964"></trkpt>
      <trkpt lat="45.896177" lon="13.290064"></trkpt>
      <trkpt lat="45.895882" lon="13.292193"></trkpt>
      <trkpt lat="45.890767" lon="13.31576"></trkpt>
      <trkpt lat="45.870311" lon="13.398148"></trkpt>
      <trkpt lat="45.869051" lon="13.402058"></trkpt>
      <trkpt lat="45.864851" lon="13.412459"></trkpt>
      <trkpt lat="45.856809" lon="13.431681"></trkpt>
      <trkpt lat="45.856267" lon="13.433185"></trkpt>
      <trkpt lat="45.855444" lon="13.436529"></trkpt>
      <trkpt lat="45.852377" lon="13.457242"></trkpt>
      <trkpt lat="45.851566" lon="13.460997"></trkpt>
      <trkpt lat="45.850469" lon="13.464092"></trkpt>
      <trkpt lat="45.843163" lon="13.481906"></trkpt>
      <trkpt lat="45.842623" lon="13.483641"></trkpt>
      <trkpt lat="45.842244" lon="13.485729"></trkpt>
      <trkpt lat="45.842142" lon="13.487906"></trkpt>
      <trkpt lat="45.842278" lon="13.489743"></trkpt>
      <trkpt lat="45.843012" lon="13.494053"></trkpt>
      <trkpt lat="45.843174" lon="13.497551"></trkpt>
      <trkpt lat="45.842754" lon="13.500605"></trkpt>
      <trkpt lat="45.841745" lon="13.504843"></trkpt>
      <trkpt lat="45.840787" lon="13.507481"></trkpt>
      <trkpt lat="45.839897" lon="13.509028"></trkpt>
      <trkpt lat="45.838896" lon="13.510418"></trkpt>
      <trkpt lat="45.837922" lon="13.511495"></trkpt>
      <trkpt lat="45.836873" lon="13.51243"></trkpt>
      <trkpt lat="45.835707" lon="13.513258"></trkpt>
      <trkpt lat="45.832237" lon="13.515242"></trkpt>
      <trkpt lat="45.831358" lon="13.51593"></trkpt>
      <trkpt lat="45.830321" lon="13.516973"></trkpt>
      <trkpt lat="45.82906" lon="13.518666"></trkpt>
      <trkpt lat="45.826781" lon="13.522584"></trkpt>
      <trkpt lat="45.823172" lon="13.526839"></trkpt>
      <trkpt lat="45.822144" lon="13.528347"></trkpt>
      <trkpt lat="45.821063" lon="13.530243"></trkpt>
      <trkpt lat="45.820208" lon="13.53206"></trkpt>
      <trkpt lat="45.819428" lon="13.534067"></trkpt>
      <trkpt lat="45.816511" lon="13.54288"></trkpt>
      <trkpt lat="45.816086" lon="13.544474"></trkpt>
      <trkpt lat="45.815597" lon="13.547874"></trkpt>
      <trkpt lat="45.815554" lon="13.550138"></trkpt>
      <trkpt lat="45.815763" lon="13.55375"></trkpt>
      <trkpt lat="45.815623" lon="13.555271"></trkpt>
      <trkpt lat="45.81533" lon="13.556545"></trkpt>
      <trkpt lat="45.814833" lon="13.557829"></trkpt>
      <trkpt lat="45.814272" lon="13.558806"></trkpt>
      <trkpt lat="45.811287" lon="13.562346"></trkpt>
      <trkpt lat="45.810158" lon="13.564262"></trkpt>
      <trkpt lat="45.809502" lon="13.566258"></trkpt>
      <trkpt lat="45.808379" lon="13.572212"></trkpt>
      <trkpt lat="45.807754" lon="13.573883"></trkpt>
      <trkpt lat="45.807062" lon="13.575096"></trkpt>
      <trkpt lat="45.804882" lon="13.577782"></trkpt>
      <trkpt lat="45.802957" lon="13.580408"></trkpt>
      <trkpt lat="45.802112" lon="13.581309"></trkpt>
      <trkpt lat="45.801139" lon="13.582104"></trkpt>
      <trkpt lat="45.796918" lon="13.584836"></trkpt>
      <trkpt lat="45.793401" lon="13.587424"></trkpt>
      <trkpt lat="45.792222" lon="13.588682"></trkpt>
      <trkpt lat="45.790232" lon="13.591781"></trkpt>
      <trkpt lat="45.789037" lon="13.593211"></trkpt>
      <trkpt lat="45.788276" lon="13.593859"></trkpt>
      <trkpt lat="45.780524" lon="13.599139"></trkpt>
      <trkpt lat="45.779526" lon="13.600111"></trkpt>
      <trkpt lat="45.778667" lon="13.601422"></trkpt>
      <trkpt lat="45.778025" lon="13.602989"></trkpt>
      <trkpt lat="45.777738" lon="13.604153"></trkpt>
      <trkpt lat="45.775749" lon="13.614542"></trkpt>
      <trkpt lat="45.774539" lon="13.632417"></trkpt>
      <trkpt lat="45.774112" lon="13.63745"></trkpt>
      <trkpt lat="45.773722" lon="13.639638"></trkpt>
      <trkpt lat="45.773233" lon="13.640972"></trkpt>
      <trkpt lat="45.772506" lon="13.642212"></trkpt>
      <trkpt lat="45.767539" lon="13.647997"></trkpt>
      <trkpt lat="45.766194" lon="13.650211"></trkpt>
      <trkpt lat="45.76523" lon="13.652763"></trkpt>
      <trkpt lat="45.762891" lon="13.660519"></trkpt>
      <trkpt lat="45.761659" lon="13.664216"></trkpt>
      <trkpt lat="45.760171" lon="13.668572"></trkpt>
      <trkpt lat="45.759527" lon="13.67004"></trkpt>
      <trkpt lat="45.75891" lon="13.670972"></trkpt>
      <trkpt lat="45.758192" lon="13.671765"></trkpt>
      <trkpt lat="45.75269" lon="13.675904"></trkpt>
      <trkpt lat="45.751476" lon="13.677125"></trkpt>
      <trkpt lat="45.749963" lon="13.679019"></trkpt>
      <trkpt lat="45.74289" lon="13.691079"></trkpt>
      <trkpt lat="45.71868" lon="13.728883"></trkpt>
      <trkpt lat="45.712553" lon="13.737783"></trkpt>
      <trkpt lat="45.706686" lon="13.745968"></trkpt>
      <trkpt lat="45.704812" lon="13.748331"></trkpt>
      <trkpt lat="45.703926" lon="13.749773"></trkpt>
      <trkpt lat="45.703076" lon="13.752053"></trkpt>
      <trkpt lat="45.70138" lon="13.75903"></trkpt>
      <trkpt lat="45.700573" lon="13.762943"></trkpt>
      <trkpt lat="45.700162" lon="13.766606"></trkpt>
      <trkpt lat="45.700051" lon="13.770408"></trkpt>
      <trkpt lat="45.700287" lon="13.774546"></trkpt>
      <trkpt lat="45.700837" lon="13.778342"></trkpt>
      <trkpt lat="45.702454" lon="13.787029"></trkpt>
      <trkpt lat="45.702681" lon="13.788764"></trkpt>
      <trkpt lat="45.702859" lon="13.791735"></trkpt>
      <trkpt lat="45.702701" lon="13.794457"></trkpt>
      <trkpt lat="45.702331" lon="13.796541"></trkpt>
      <trkpt lat="45.701553" lon="13.799132"></trkpt>
      <trkpt lat="45.700614" lon="13.801145"></trkpt>
      <trkpt lat="45.699191" lon="13.803335"></trkpt>
      <trkpt lat="45.697784" lon="13.804916"></trkpt>
      <trkpt lat="45.695003" lon="13.806656"></trkpt>
      <trkpt lat="45.691656" lon="13.808112"></trkpt>
      <trkpt lat="45.689555" lon="13.809159"></trkpt>
      <trkpt lat="45.687199" lon="13.810726"></trkpt>
      <trkpt lat="45.683116" lon="13.814117"></trkpt>
      <trkpt lat="45.681118" lon="13.815581"></trkpt>
      <trkpt lat="45.679619" lon="13.816499"></trkpt>
      <trkpt lat="45.675605" lon="13.818542"></trkpt>
      <trkpt lat="45.67352" lon="13.819762"></trkpt>
      <trkpt lat="45.667613" lon="13.824764"></trkpt>
      <trkpt lat="45.656058" lon="13.834195"></trkpt>
      <trkpt lat="45.642686" lon="13.843528"></trkpt>
      <trkpt lat="45.641199" lon="13.844307"></trkpt>
      <trkpt lat="45.640365" lon="13.84452"></trkpt>
      <trkpt lat="45.638738" lon="13.844494"></trkpt>
      <trkpt lat="45.637549" lon="13.844023"></trkpt>
      <trkpt lat="45.636139" lon="13.843063"></trkpt>
      <trkpt lat="45.635274" lon="13.841987"></trkpt>
      <trkpt lat="45.634528" lon="13.840726"></trkpt>
      <trkpt lat="45.634291" lon="13.840106"></trkpt>
      <trkpt lat="45.633589" lon="13.837083"></trkpt>
      <trkpt lat="45.633473" lon="13.835356"></trkpt>
      <trkpt lat="45.633665" lon="13.833277"></trkpt>
      <trkpt lat="45.634146" lon="13.831426"></trkpt>
      <trkpt lat="45.635338" lon="13.828337"></trkpt>
      <trkpt lat="45.635758" lon="13.826634"></trkpt>
      <trkpt lat="45.636379" lon="13.823097"></trkpt>
      <trkpt lat="45.637164" lon="13.815622"></trkpt>
      <trkpt lat="45.637199" lon="13.814529"></trkpt>
      <trkpt lat="45.637034" lon="13.813589"></trkpt>
      <trkpt lat="45.636662" lon="13.812713"></trkpt>
      <trkpt lat="45.635961" lon="13.811925"></trkpt>
      <trkpt lat="45.635163" lon="13.811534"></trkpt>
      <trkpt lat="45.634625" lon="13.811488"></trkpt>
      <trkpt lat="45.634051" lon="13.811722"></trkpt>
      <trkpt lat="45.633488" lon="13.812253"></trkpt>
      <trkpt lat="45.633015" lon="13.813032"></trkpt>
      <trkpt lat="45.632807" lon="13.813603"></trkpt>
      <trkpt lat="45.632274" lon="13.816655"></trkpt>
      <trkpt lat="45.63191" lon="13.817297"></trkpt>
      <trkpt lat="45.630652" lon="13.818721"></trkpt>
      <trkpt lat="45.630182" lon="13.819609"></trkpt>
      <trkpt lat="45.629914" lon="13.820747"></trkpt>
      <trkpt lat="45.629748" lon="13.82339"></trkpt>
      <trkpt lat="45.629788" lon="13.827905"></trkpt>
      <trkpt lat="45.629688" lon="13.828639"></trkpt>
      <trkpt lat="45.629357" lon="13.829547"></trkpt>
      <trkpt lat="45.628633" lon="13.830341"></trkpt>
      <trkpt lat="45.626602" lon="13.831144"></trkpt>
      <trkpt lat="45.625813" lon="13.831915"></trkpt>
      <trkpt lat="45.625275" lon="13.833223"></trkpt>
      <trkpt lat="45.625153" lon="13.835997"></trkpt>
      <trkpt lat="45.624708" lon="13.837371"></trkpt>
      <trkpt lat="45.621152" lon="13.842238"></trkpt>
      <trkpt lat="45.620434" lon="13.843562"></trkpt>
      <trkpt lat="45.619092" lon="13.846577"></trkpt>
      <trkpt lat="45.618428" lon="13.847609"></trkpt>
      <trkpt lat="45.616998" lon="13.849119"></trkpt>
      <trkpt lat="45.61627" lon="13.849405"></trkpt>
      <trkpt lat="45.615538" lon="13.849336"></trkpt>
      <trkpt lat="45.614901" lon="13.848969"></trkpt>
      <trkpt lat="45.614245" lon="13.84813"></trkpt>
      <trkpt lat="45.609978" lon="13.84092"></trkpt>
      <trkpt lat="45.609194" lon="13.839394"></trkpt>
      <trkpt lat="45.608628" lon="13.837249"></trkpt>
      <trkpt lat="45.608617" lon="13.833561"></trkpt>
      <trkpt lat="45.609042" lon="13.831691"></trkpt>
      <trkpt lat="45.608938" lon="13.83083"></trkpt>
      <trkpt lat="45.607424" lon="13.82882"></trkpt>
      <trkpt lat="45.604844" lon="13.824927"></trkpt>
      <trkpt lat="45.597699" lon="13.808006"></trkpt>
      <trkpt lat="45.596785" lon="13.806176"></trkpt>
      <trkpt lat="45.595402" lon="13.804217"></trkpt>
      <trkpt lat="45.593296" lon="13.802146"></trkpt>
      <trkpt lat="45.591953" lon="13.801021"></trkpt>
      <trkpt lat="45.588211" lon="13.798539"></trkpt>
      <trkpt lat="45.587049" lon="13.798115"></trkpt>
      <trkpt lat="45.583223" lon="13.797596"></trkpt>
      <trkpt lat="45.582022" lon="13.7971"></trkpt>
      <trkpt lat="45.580602" lon="13.796829"></trkpt>
      <trkpt lat="45.577114" lon="13.795828"></trkpt>
      <trkpt lat="45.575634" lon="13.795111"></trkpt>
      <trkpt lat="45.57466" lon="13.794353"></trkpt>
      <trkpt lat="45.573473" lon="13.792955"></trkpt>
      <trkpt lat="45.571064" lon="13.78865"></trkpt>
      <trkpt lat="45.569657" lon="13.786707"></trkpt>
      <trkpt lat="45.568078" lon="13.785014"></trkpt>
      <trkpt lat="45.566296" lon="13.783674"></trkpt>
      <trkpt lat="45.565128" lon="13.78329"></trkpt>
      <trkpt lat="45.564013" lon="13.783282"></trkpt>
      <trkpt lat="45.563294" lon="13.783455"></trkpt>
      <trkpt lat="45.562312" lon="13.784042"></trkpt>
      <trkpt lat="45.560907" lon="13.785541"></trkpt>
      <trkpt lat="45.560547" lon="13.785794"></trkpt>
      <trkpt lat="45.559961" lon="13.785996"></trkpt>
      <trkpt lat="45.5592" lon="13.785923"></trkpt>
      <trkpt lat="45.558643" lon="13.785669"></trkpt>
      <trkpt lat="45.558271" lon="13.785345"></trkpt>
      <trkpt lat="45.557529" lon="13.784295"></trkpt>
      <trkpt lat="45.556222" lon="13.781785"></trkpt>
      <trkpt lat="45.555888" lon="13.7807"></trkpt>
      <trkpt lat="45.555626" lon="13.778858"></trkpt>
      <trkpt lat="45.555167" lon="13.777861"></trkpt>
      <trkpt lat="45.554308" lon="13.777016"></trkpt>
      <trkpt lat="45.551912" lon="13.775486"></trkpt>
      <trkpt lat="45.55121" lon="13.774718"></trkpt>
      <trkpt lat="45.550254" lon="13.773212"></trkpt>
      <trkpt lat="45.54965" lon="13.771794"></trkpt>
      <trkpt lat="45.54709" lon="13.763999"></trkpt>
      <trkpt lat="45.545535" lon="13.759657"></trkpt>
      <trkpt lat="45.538381" lon="13.742635"></trkpt>
      <trkpt lat="45.537608" lon="13.739856"></trkpt>
      <trkpt lat="45.537415" lon="13.7369"></trkpt>
      <trkpt lat="45.53754" lon="13.735266"></trkpt>
      <trkpt lat="45.537857" lon="13.733578"></trkpt>
      <trkpt lat="45.538208" lon="13.733069"></trkpt>
      <trkpt lat="45.538579" lon="13.733152"></trkpt>
      <trkpt lat="45.538724" lon="13.733621"></trkpt>
      <trkpt lat="45.538467" lon="13.734208"></trkpt>
      <trkpt lat="45.537638" lon="13.734722"></trkpt>
      <trkpt lat="45.536319" lon="13.735124"></trkpt>
      <trkpt lat="45.528489" lon="13.735138"></trkpt>
      <trkpt lat="45.526725" lon="13.734433"></trkpt>
      <trkpt lat="45.525643" lon="13.733671"></trkpt>
      <trkpt lat="45.524485" lon="13.732477"></trkpt>
      <trkpt lat="45.521499" lon="13.727688"></trkpt>
      <trkpt lat="45.520224" lon="13.726209"></trkpt>
      <trkpt lat="45.519283" lon="13.725467"></trkpt>
      <trkpt lat="45.514789" lon="13.722903"></trkpt>
      <trkpt lat="45.5129" lon="13.721631"></trkpt>
      <trkpt lat="45.511253" lon="13.721017"></trkpt>
      <trkpt lat="45.510781" lon="13.720547"></trkpt>
      <trkpt lat="45.510037" lon="13.719225"></trkpt>
      <trkpt lat="45.509315" lon="13.718654"></trkpt>
      <trkpt lat="45.508992" lon="13.718232"></trkpt>
      <trkpt lat="45.508229" lon="13.716394"></trkpt>
      <trkpt lat="45.508325" lon="13.715727"></trkpt>
      <trkpt lat="45.508652" lon="13.715452"></trkpt>
      <trkpt lat="45.508907" lon="13.715466"></trkpt>
      <trkpt lat="45.50918" lon="13.715694"></trkpt>
      <trkpt lat="45.509791" lon="13.716967"></trkpt>
      <trkpt lat="45.510135" lon="13.71713"></trkpt>
      <trkpt lat="45.511013" lon="13.717198"></trkpt>
      <trkpt lat="45.512164" lon="13.717886"></trkpt>
      <trkpt lat="45.512588" lon="13.717915"></trkpt>
      <trkpt lat="45.513565" lon="13.717609"></trkpt>
      <trkpt lat="45.514316" lon="13.717899"></trkpt>
      <trkpt lat="45.51503" lon="13.717835"></trkpt>
      <trkpt lat="45.515719" lon="13.717952"></trkpt>
      <trkpt lat="45.516055" lon="13.717652"></trkpt>
      <trkpt lat="45.516143" lon="13.717056"></trkpt>
      <trkpt lat="45.515817" lon="13.716529"></trkpt>
      <trkpt lat="45.514914" lon="13.716452"></trkpt>
      <trkpt lat="45.514436" lon="13.716018"></trkpt>
      <trkpt lat="45.513836" lon="13.714251"></trkpt>
      <trkpt lat="45.512878" lon="13.712537"></trkpt>
      <trkpt lat="45.512393" lon="13.710911"></trkpt>
      <trkpt lat="45.51165" lon="13.709437"></trkpt>
      <trkpt lat="45.511085" lon="13.707851"></trkpt>
      <trkpt lat="45.509792" lon="13.705346"></trkpt>
      <trkpt lat="45.509379" lon="13.704749"></trkpt>
      <trkpt lat="45.508763" lon="13.704704"></trkpt>
      <trkpt lat="45.508017" lon="13.705007"></trkpt>
      <trkpt lat="45.507532" lon="13.705065"></trkpt>
      <trkpt lat="45.507086" lon="13.70481"></trkpt>
      <trkpt lat="45.506719" lon="13.704298"></trkpt>
      <trkpt lat="45.506147" lon="13.701502"></trkpt>
      <trkpt lat="45.506031" lon="13.699741"></trkpt>
      <trkpt lat="45.505866" lon="13.699006"></trkpt>
      <trkpt lat="45.505097" lon="13.697336"></trkpt>
      <trkpt lat="45.503919" lon="13.693678"></trkpt>
      <trkpt lat="45.503767" lon="13.692095"></trkpt>
      <trkpt lat="45.503272" lon="13.690116"></trkpt>
      <trkpt lat="45.503242" lon="13.688576"></trkpt>
      <trkpt lat="45.502815" lon="13.684306"></trkpt>
      <trkpt lat="45.502622" lon="13.683327"></trkpt>
      <trkpt lat="45.502325" lon="13.682658"></trkpt>
      <trkpt lat="45.501914" lon="13.682265"></trkpt>
      <trkpt lat="45.500784" lon="13.681701"></trkpt>
      <trkpt lat="45.500083" lon="13.681079"></trkpt>
      <trkpt lat="45.497476" lon="13.679731"></trkpt>
      <trkpt lat="45.496445" lon="13.678276"></trkpt>
      <trkpt lat="45.494729" lon="13.677463"></trkpt>
      <trkpt lat="45.493751" lon="13.676559"></trkpt>
      <trkpt lat="45.493377" lon="13.676341"></trkpt>
      <trkpt lat="45.49265" lon="13.676237"></trkpt>
      <trkpt lat="45.491821" lon="13.67637"></trkpt>
      <trkpt lat="45.490762" lon="13.676656"></trkpt>
      <trkpt lat="45.489114" lon="13.677333"></trkpt>
      <trkpt lat="45.488627" lon="13.677418"></trkpt>
      <trkpt lat="45.485514" lon="13.677508"></trkpt>
      <trkpt lat="45.483422" lon="13.677838"></trkpt>
      <trkpt lat="45.483122" lon="13.677743"></trkpt>
      <trkpt lat="45.480739" lon="13.676113"></trkpt>
      <trkpt lat="45.479184" lon="13.675555"></trkpt>
      <trkpt lat="45.477856" lon="13.675578"></trkpt>
      <trkpt lat="45.476626" lon="13.674857"></trkpt>
      <trkpt lat="45.475191" lon="13.674587"></trkpt>
      <trkpt lat="45.473723" lon="13.673815"></trkpt>
      <trkpt lat="45.473096" lon="13.673353"></trkpt>
      <trkpt lat="45.472092" lon="13.672872"></trkpt>
      <trkpt lat="45.47038" lon="13.671677"></trkpt>
      <trkpt lat="45.468212" lon="13.669216"></trkpt>
      <trkpt lat="45.467332" lon="13.668381"></trkpt>
      <trkpt lat="45.467084" lon="13.667881"></trkpt>
      <trkpt lat="45.466676" lon="13.666242"></trkpt>
      <trkpt lat="45.465714" lon="13.66425"></trkpt>
      <trkpt lat="45.464881" lon="13.660896"></trkpt>
      <trkpt lat="45.464375" lon="13.660038"></trkpt>
      <trkpt lat="45.461994" lon="13.658686"></trkpt>
      <trkpt lat="45.461529" lon="13.658248"></trkpt>
      <trkpt lat="45.461055" lon="13.657404"></trkpt>
      <trkpt lat="45.460505" lon="13.65705"></trkpt>
      <trkpt lat="45.459384" lon="13.65725"></trkpt>
      <trkpt lat="45.458204" lon="13.657947"></trkpt>
      <trkpt lat="45.457449" lon="13.658246"></trkpt>
      <trkpt lat="45.456837" lon="13.658247"></trkpt>
      <trkpt lat="45.456493" lon="13.658095"></trkpt>
      <trkpt lat="45.45537" lon="13.657272"></trkpt>
      <trkpt lat="45.452606" lon="13.654545"></trkpt>
      <trkpt lat="45.452513" lon="13.654161"></trkpt>
      <trkpt lat="45.453519" lon="13.651239"></trkpt>
      <trkpt lat="45.453609" lon="13.650601"></trkpt>
      <trkpt lat="45.453547" lon="13.649777"></trkpt>
      <trkpt lat="45.453365" lon="13.649374"></trkpt>
      <trkpt lat="45.452819" lon="13.649037"></trkpt>
      <trkpt lat="45.452281" lon="13.649084"></trkpt>
      <trkpt lat="45.451868" lon="13.649535"></trkpt>
      <trkpt lat="45.451726" lon="13.64948"></trkpt>
      <trkpt lat="45.451674" lon="13.649252"></trkpt>
      <trkpt lat="45.452472" lon="13.647375"></trkpt>
      <trkpt lat="45.453808" lon="13.645716"></trkpt>
      <trkpt lat="45.454164" lon="13.644515"></trkpt>
      <trkpt lat="45.4544" lon="13.642035"></trkpt>
      <trkpt lat="45.454342" lon="13.640187"></trkpt>
      <trkpt lat="45.454524" lon="13.639429"></trkpt>
      <trkpt lat="45.455353" lon="13.637615"></trkpt>
      <trkpt lat="45.455225" lon="13.636707"></trkpt>
      <trkpt lat="45.455053" lon="13.636552"></trkpt>
      <trkpt lat="45.454894" lon="13.636094"></trkpt>
      <trkpt lat="45.454828" lon="13.635108"></trkpt>
      <trkpt lat="45.455459" lon="13.629546"></trkpt>
      <trkpt lat="45.455479" lon="13.628286"></trkpt>
      <trkpt lat="45.4552" lon="13.6263"></trkpt>
      <trkpt lat="45.454483" lon="13.623211"></trkpt>
      <trkpt lat="45.454095" lon="13.622084"></trkpt>
      <trkpt lat="45.453396" lon="13.62073"></trkpt>
      <trkpt lat="45.452785" lon="13.619829"></trkpt>
      <trkpt lat="45.451859" lon="13.618887"></trkpt>
      <trkpt lat="45.450876" lon="13.618202"></trkpt>
      <trkpt lat="45.449832" lon="13.617744"></trkpt>
      <trkpt lat="45.448962" lon="13.617582"></trkpt>
      <trkpt lat="45.447954" lon="13.61758"></trkpt>
      <trkpt lat="45.446895" lon="13.617836"></trkpt>
      <trkpt lat="45.444863" lon="13.618729"></trkpt>
      <trkpt lat="45.443943" lon="13.618999"></trkpt>
      <trkpt lat="45.443263" lon="13.619044"></trkpt>
      <trkpt lat="45.442234" lon="13.61888"></trkpt>
      <trkpt lat="45.441216" lon="13.618426"></trkpt>
      <trkpt lat="45.439432" lon="13.617149"></trkpt>
      <trkpt lat="45.438529" lon="13.616659"></trkpt>
      <trkpt lat="45.436175" lon="13.616069"></trkpt>
      <trkpt lat="45.435038" lon="13.615613"></trkpt>
      <trkpt lat="45.433868" lon="13.61477"></trkpt>
      <trkpt lat="45.431542" lon="13.612391"></trkpt>
      <trkpt lat="45.430849" lon="13.611978"></trkpt>
      <trkpt lat="45.43026" lon="13.611778"></trkpt>
      <trkpt lat="45.429183" lon="13.611691"></trkpt>
      <trkpt lat="45.428544" lon="13.611814"></trkpt>
      <trkpt lat="45.427689" lon="13.612192"></trkpt>
      <trkpt lat="45.426623" lon="13.613101"></trkpt>
      <trkpt lat="45.425925" lon="13.614091"></trkpt>
      <trkpt lat="45.424299" lon="13.617329"></trkpt>
      <trkpt lat="45.423378" lon="13.618457"></trkpt>
      <trkpt lat="45.422336" lon="13.619309"></trkpt>
      <trkpt lat="45.421308" lon="13.619798"></trkpt>
      <trkpt lat="45.420356" lon="13.620019"></trkpt>
      <trkpt lat="45.417798" lon="13.619924"></trkpt>
      <trkpt lat="45.416834" lon="13.620014"></trkpt>
      <trkpt lat="45.415738" lon="13.620432"></trkpt>
      <trkpt lat="45.413794" lon="13.621558"></trkpt>
      <trkpt lat="45.412609" lon="13.621969"></trkpt>
      <trkpt lat="45.41085" lon="13.62204"></trkpt>
      <trkpt lat="45.409687" lon="13.621713"></trkpt>
      <trkpt lat="45.40702" lon="13.620539"></trkpt>
      <trkpt lat="45.405596" lon="13.620418"></trkpt>
      <trkpt lat="45.40436" lon="13.620776"></trkpt>
      <trkpt lat="45.40137" lon="13.622387"></trkpt>
      <trkpt lat="45.399448" lon="13.623288"></trkpt>
      <trkpt lat="45.398672" lon="13.623443"></trkpt>
      <trkpt lat="45.397292" lon="13.623342"></trkpt>
      <trkpt lat="45.396642" lon="13.62314"></trkpt>
      <trkpt lat="45.395246" lon="13.622208"></trkpt>
      <trkpt lat="45.392633" lon="13.619512"></trkpt>
      <trkpt lat="45.391086" lon="13.618232"></trkpt>
      <trkpt lat="45.390002" lon="13.617534"></trkpt>
      <trkpt lat="45.389046" lon="13.617044"></trkpt>
      <trkpt lat="45.38677" lon="13.616465"></trkpt>
      <trkpt lat="45.384771" lon="13.616387"></trkpt>
      <trkpt lat="45.382883" lon="13.616709"></trkpt>
      <trkpt lat="45.380843" lon="13.617604"></trkpt>
      <trkpt lat="45.371452" lon="13.623617"></trkpt>
      <trkpt lat="45.370427" lon="13.624069"></trkpt>
      <trkpt lat="45.369302" lon="13.624371"></trkpt>
      <trkpt lat="45.368299" lon="13.624447"></trkpt>
      <trkpt lat="45.366635" lon="13.624259"></trkpt>
      <trkpt lat="45.364926" lon="13.623648"></trkpt>
      <trkpt lat="45.361273" lon="13.621244"></trkpt>
      <trkpt lat="45.359906" lon="13.620664"></trkpt>
      <trkpt lat="45.357716" lon="13.620049"></trkpt>
      <trkpt lat="45.35701" lon="13.61958"></trkpt>
      <trkpt lat="45.355643" lon="13.618388"></trkpt>
      <trkpt lat="45.354826" lon="13.617869"></trkpt>
      <trkpt lat="45.353989" lon="13.617595"></trkpt>
      <trkpt lat="45.352675" lon="13.617596"></trkpt>
      <trkpt lat="45.351448" lon="13.618131"></trkpt>
      <trkpt lat="45.350812" lon="13.618581"></trkpt>
      <trkpt lat="45.348874" lon="13.620474"></trkpt>
      <trkpt lat="45.347895" lon="13.621251"></trkpt>
      <trkpt lat="45.34681" lon="13.621921"></trkpt>
      <trkpt lat="45.344847" lon="13.622837"></trkpt>
      <trkpt lat="45.343135" lon="13.623403"></trkpt>
      <trkpt lat="45.341734" lon="13.62373"></trkpt>
      <trkpt lat="45.337348" lon="13.62424"></trkpt>
      <trkpt lat="45.334335" lon="13.624932"></trkpt>
      <trkpt lat="45.332588" lon="13.625515"></trkpt>
      <trkpt lat="45.330302" lon="13.626475"></trkpt>
      <trkpt lat="45.327123" lon="13.628213"></trkpt>
      <trkpt lat="45.326145" lon="13.6289"></trkpt>
      <trkpt lat="45.325379" lon="13.629612"></trkpt>
      <trkpt lat="45.324235" lon="13.631053"></trkpt>
      <trkpt lat="45.32333" lon="13.63302"></trkpt>
      <trkpt lat="45.322988" lon="13.63414"></trkpt>
      <trkpt lat="45.322708" lon="13.635622"></trkpt>
      <trkpt lat="45.322595" lon="13.637439"></trkpt>
      <trkpt lat="45.322644" lon="13.638528"></trkpt>
      <trkpt lat="45.323308" lon="13.642693"></trkpt>
      <trkpt lat="45.323435" lon="13.644609"></trkpt>
      <trkpt lat="45.323338" lon="13.646634"></trkpt>
      <trkpt lat="45.322995" lon="13.649735"></trkpt>
      <trkpt lat="45.322975" lon="13.651329"></trkpt>
      <trkpt lat="45.323068" lon="13.652712"></trkpt>
      <trkpt lat="45.323695" lon="13.656799"></trkpt>
      <trkpt lat="45.323686" lon="13.65936"></trkpt>
      <trkpt lat="45.323247" lon="13.662973"></trkpt>
      <trkpt lat="45.323044" lon="13.667651"></trkpt>
      <trkpt lat="45.322782" lon="13.669302"></trkpt>
      <trkpt lat="45.322204" lon="13.671395"></trkpt>
      <trkpt lat="45.320546" lon="13.675629"></trkpt>
      <trkpt lat="45.31985" lon="13.67869"></trkpt>
      <trkpt lat="45.31962" lon="13.682052"></trkpt>
      <trkpt lat="45.319707" lon="13.68374"></trkpt>
      <trkpt lat="45.320153" lon="13.687248"></trkpt>
      <trkpt lat="45.320197" lon="13.68931"></trkpt>
      <trkpt lat="45.319857" lon="13.692125"></trkpt>
      <trkpt lat="45.319453" lon="13.693673"></trkpt>
      <trkpt lat="45.318858" lon="13.695296"></trkpt>
      <trkpt lat="45.317914" lon="13.697068"></trkpt>
      <trkpt lat="45.316639" lon="13.698772"></trkpt>
      <trkpt lat="45.315292" lon="13.699974"></trkpt>
      <trkpt lat="45.312319" lon="13.701704"></trkpt>
      <trkpt lat="45.311283" lon="13.702569"></trkpt>
      <trkpt lat="45.309989" lon="13.704057"></trkpt>
      <trkpt lat="45.307761" lon="13.707533"></trkpt>
      <trkpt lat="45.307281" lon="13.708096"></trkpt>
      <trkpt lat="45.305939" lon="13.709295"></trkpt>
      <trkpt lat="45.304884" lon="13.709965"></trkpt>
      <trkpt lat="45.303558" lon="13.710487"></trkpt>
      <trkpt lat="45.300375" lon="13.71101"></trkpt>
      <trkpt lat="45.298644" lon="13.711664"></trkpt>
      <trkpt lat="45.297652" lon="13.712323"></trkpt>
      <trkpt lat="45.296733" lon="13.713141"></trkpt>
      <trkpt lat="45.294622" lon="13.71573"></trkpt>
      <trkpt lat="45.293603" lon="13.716631"></trkpt>
      <trkpt lat="45.292104" lon="13.71738"></trkpt>
      <trkpt lat="45.290988" lon="13.717548"></trkpt>
      <trkpt lat="45.290005" lon="13.71748"></trkpt>
      <trkpt lat="45.288619" lon="13.716975"></trkpt>
      <trkpt lat="45.287596" lon="13.716268"></trkpt>
      <trkpt lat="45.286999" lon="13.715714"></trkpt>
      <trkpt lat="45.286235" lon="13.714728"></trkpt>
      <trkpt lat="45.284875" lon="13.712425"></trkpt>
      <trkpt lat="45.284097" lon="13.711366"></trkpt>
      <trkpt lat="45.282866" lon="13.710099"></trkpt>
      <trkpt lat="45.281827" lon="13.709323"></trkpt>
      <trkpt lat="45.280491" lon="13.708704"></trkpt>
      <trkpt lat="45.278846" lon="13.708198"></trkpt>
      <trkpt lat="45.275487" lon="13.707466"></trkpt>
      <trkpt lat="45.274945" lon="13.707633"></trkpt>
      <trkpt lat="45.273913" lon="13.708739"></trkpt>
      <trkpt lat="45.273292" lon="13.708866"></trkpt>
      <trkpt lat="45.272254" lon="13.708335"></trkpt>
      <trkpt lat="45.271915" lon="13.708298"></trkpt>
      <trkpt lat="45.271654" lon="13.708405"></trkpt>
      <trkpt lat="45.271363" lon="13.707653"></trkpt>
      <trkpt lat="45.271081" lon="13.706644"></trkpt>
      <trkpt lat="45.269818" lon="13.698256"></trkpt>
      <trkpt lat="45.268802" lon="13.695277"></trkpt>
      <trkpt lat="45.268538" lon="13.694872"></trkpt>
      <trkpt lat="45.267431" lon="13.693795"></trkpt>
      <trkpt lat="45.267099" lon="13.693133"></trkpt>
      <trkpt lat="45.266957" lon="13.692414"></trkpt>
      <trkpt lat="45.266918" lon="13.690397"></trkpt>
      <trkpt lat="45.266187" lon="13.684167"></trkpt>
      <trkpt lat="45.266354" lon="13.679558"></trkpt>
      <trkpt lat="45.265955" lon="13.672183"></trkpt>
      <trkpt lat="45.264024" lon="13.661146"></trkpt>
      <trkpt lat="45.263865" lon="13.660633"></trkpt>
      <trkpt lat="45.263377" lon="13.659814"></trkpt>
      <trkpt lat="45.263837" lon="13.658357"></trkpt>
      <trkpt lat="45.263168" lon="13.657499"></trkpt>
      <trkpt lat="45.263325" lon="13.657205"></trkpt>
      <trkpt lat="45.263523" lon="13.65716"></trkpt>
      <trkpt lat="45.260056" lon="13.634134"></trkpt>
      <trkpt lat="45.259614" lon="13.631001"></trkpt>
      <trkpt lat="45.259703" lon="13.630473"></trkpt>
      <trkpt lat="45.25942" lon="13.630128"></trkpt>
      <trkpt lat="45.258853" lon="13.628821"></trkpt>
      <trkpt lat="45.253197" lon="13.621043"></trkpt>
      <trkpt lat="45.252946" lon="13.620274"></trkpt>
      <trkpt lat="45.252713" lon="13.620238"></trkpt>
      <trkpt lat="45.252341" lon="13.621057"></trkpt>
      <trkpt lat="45.251063" lon="13.622416"></trkpt>
      <trkpt lat="45.25" lon="13.623291"></trkpt>
      <trkpt lat="45.248216" lon="13.62431"></trkpt>
      <trkpt lat="45.246266" lon="13.624954"></trkpt>
      <trkpt lat="45.244552" lon="13.625105"></trkpt>
      <trkpt lat="45.242511" lon="13.624812"></trkpt>
      <trkpt lat="45.240936" lon="13.62433"></trkpt>
      <trkpt lat="45.237045" lon="13.622755"></trkpt>
      <trkpt lat="45.235728" lon="13.622411"></trkpt>
      <trkpt lat="45.234495" lon="13.622261"></trkpt>
      <trkpt lat="45.233154" lon="13.622341"></trkpt>
      <trkpt lat="45.231321" lon="13.622713"></trkpt>
      <trkpt lat="45.230795" lon="13.622583"></trkpt>
      <trkpt lat="45.230557" lon="13.622845"></trkpt>
      <trkpt lat="45.225977" lon="13.624827"></trkpt>
      <trkpt lat="45.224983" lon="13.625111"></trkpt>
      <trkpt lat="45.224601" lon="13.624912"></trkpt>
      <trkpt lat="45.224178" lon="13.620069"></trkpt>
      <trkpt lat="45.22424" lon="13.619318"></trkpt>
      <trkpt lat="45.224005" lon="13.618627"></trkpt>
      <trkpt lat="45.223872" lon="13.616387"></trkpt>
      <trkpt lat="45.224646" lon="13.613733"></trkpt>
      <trkpt lat="45.225233" lon="13.609929"></trkpt>
      <trkpt lat="45.225323" lon="13.606491"></trkpt>
      <trkpt lat="45.225526" lon="13.60547"></trkpt>
      <trkpt lat="45.22569" lon="13.605197"></trkpt>
      <trkpt lat="45.225592" lon="13.604408"></trkpt>
      <trkpt lat="45.226063" lon="13.601265"></trkpt>
      <trkpt lat="45.225362" lon="13.600709"></trkpt>
      <trkpt lat="45.224724" lon="13.599563"></trkpt>
      <trkpt lat="45.225052" lon="13.596506"></trkpt>
      <trkpt lat="45.225494" lon="13.595314"></trkpt>
      <trkpt lat="45.225802" lon="13.594984"></trkpt>
      <trkpt lat="45.226742" lon="13.594367"></trkpt>
      <trkpt lat="45.226858" lon="13.594571"></trkpt>
      <trkpt lat="45.226901" lon="13.595545"></trkpt>
      <trkpt lat="45.225476" lon="13.596166"></trkpt>
      <trkpt lat="45.225632" lon="13.596865"></trkpt>
      <trkpt lat="45.224924" lon="13.596484"></trkpt>
      <trkpt lat="45.224941" lon="13.596674"></trkpt>
      <trkpt lat="45.225044" lon="13.596649"></trkpt>
      <trkpt lat="45.224971" lon="13.597479"></trkpt>
      <trkpt lat="45.224724" lon="13.599563"></trkpt>
      <trkpt lat="45.224618" lon="13.599685"></trkpt>
      <trkpt lat="45.225458" lon="13.600828"></trkpt>
      <trkpt lat="45.226063" lon="13.601265"></trkpt>
      <trkpt lat="45.225592" lon="13.604408"></trkpt>
      <trkpt lat="45.225323" lon="13.605081"></trkpt>
      <trkpt lat="45.22545" lon="13.605827"></trkpt>
      <trkpt lat="45.225291" lon="13.60691"></trkpt>
      <trkpt lat="45.225233" lon="13.609929"></trkpt>
      <trkpt lat="45.224646" lon="13.613733"></trkpt>
      <trkpt lat="45.223872" lon="13.616387"></trkpt>
      <trkpt lat="45.224023" lon="13.618988"></trkpt>
      <trkpt lat="45.223931" lon="13.619344"></trkpt>
      <trkpt lat="45.224178" lon="13.620069"></trkpt>
      <trkpt lat="45.22449" lon="13.62315"></trkpt>
      <trkpt lat="45.224424" lon="13.624627"></trkpt>
      <trkpt lat="45.224136" lon="13.625218"></trkpt>
      <trkpt lat="45.224314" lon="13.625887"></trkpt>
      <trkpt lat="45.224183" lon="13.627163"></trkpt>
      <trkpt lat="45.223241" lon="13.630761"></trkpt>
      <trkpt lat="45.222604" lon="13.634239"></trkpt>
      <trkpt lat="45.219522" lon="13.647852"></trkpt>
      <trkpt lat="45.213212" lon="13.667333"></trkpt>
      <trkpt lat="45.212838" lon="13.66837"></trkpt>
      <trkpt lat="45.21175" lon="13.670344"></trkpt>
      <trkpt lat="45.211221" lon="13.671543"></trkpt>
      <trkpt lat="45.210237" lon="13.674997"></trkpt>
      <trkpt lat="45.209708" lon="13.678266"></trkpt>
      <trkpt lat="45.208208" lon="13.681808"></trkpt>
      <trkpt lat="45.207738" lon="13.683976"></trkpt>
      <trkpt lat="45.206983" lon="13.684208"></trkpt>
      <trkpt lat="45.206461" lon="13.685061"></trkpt>
      <trkpt lat="45.204707" lon="13.688734"></trkpt>
      <trkpt lat="45.202088" lon="13.695287"></trkpt>
      <trkpt lat="45.201908" lon="13.696157"></trkpt>
      <trkpt lat="45.201692" lon="13.699448"></trkpt>
      <trkpt lat="45.198319" lon="13.705079"></trkpt>
      <trkpt lat="45.197485" lon="13.707907"></trkpt>
      <trkpt lat="45.197036" lon="13.70889"></trkpt>
      <trkpt lat="45.191757" lon="13.716827"></trkpt>
      <trkpt lat="45.185889" lon="13.722179"></trkpt>
      <trkpt lat="45.183727" lon="13.725703"></trkpt>
      <trkpt lat="45.18255" lon="13.729247"></trkpt>
      <trkpt lat="45.181887" lon="13.731959"></trkpt>
      <trkpt lat="45.181569" lon="13.733843"></trkpt>
      <trkpt lat="45.18092" lon="13.734758"></trkpt>
      <trkpt lat="45.180632" lon="13.735421"></trkpt>
      <trkpt lat="45.178525" lon="13.742671"></trkpt>
      <trkpt lat="45.177555" lon="13.742573"></trkpt>
      <trkpt lat="45.177301" lon="13.74238"></trkpt>
      <trkpt lat="45.177107" lon="13.742456"></trkpt>
      <trkpt lat="45.174754" lon="13.741679"></trkpt>
      <trkpt lat="45.162187" lon="13.742396"></trkpt>
      <trkpt lat="45.156536" lon="13.740646"></trkpt>
      <trkpt lat="45.153917" lon="13.74093"></trkpt>
      <trkpt lat="45.153596" lon="13.740855"></trkpt>
      <trkpt lat="45.14951" lon="13.738666"></trkpt>
      <trkpt lat="45.146166" lon="13.732464"></trkpt>
      <trkpt lat="45.144672" lon="13.72919"></trkpt>
      <trkpt lat="45.143285" lon="13.727595"></trkpt>
      <trkpt lat="45.139449" lon="13.724097"></trkpt>
      <trkpt lat="45.139016" lon="13.724103"></trkpt>
      <trkpt lat="45.137893" lon="13.72485"></trkpt>
      <trkpt lat="45.137698" lon="13.72522"></trkpt>
      <trkpt lat="45.137156" lon="13.727238"></trkpt>
      <trkpt lat="45.136672" lon="13.727854"></trkpt>
      <trkpt lat="45.136234" lon="13.728773"></trkpt>
      <trkpt lat="45.135415" lon="13.731473"></trkpt>
      <trkpt lat="45.134608" lon="13.732654"></trkpt>
      <trkpt lat="45.133985" lon="13.733286"></trkpt>
      <trkpt lat="45.133796" lon="13.733675"></trkpt>
      <trkpt lat="45.133645" lon="13.736084"></trkpt>
      <trkpt lat="45.133543" lon="13.736413"></trkpt>
      <trkpt lat="45.133307" lon="13.736578"></trkpt>
      <trkpt lat="45.132528" lon="13.736523"></trkpt>
      <trkpt lat="45.1319" lon="13.736875"></trkpt>
      <trkpt lat="45.129534" lon="13.739959"></trkpt>
      <trkpt lat="45.12943" lon="13.74031"></trkpt>
      <trkpt lat="45.129412" lon="13.741432"></trkpt>
      <trkpt lat="45.129028" lon="13.743138"></trkpt>
      <trkpt lat="45.128632" lon="13.74378"></trkpt>
      <trkpt lat="45.128914" lon="13.742883"></trkpt>
      <trkpt lat="45.129042" lon="13.740636"></trkpt>
      <trkpt lat="45.129181" lon="13.739913"></trkpt>
      <trkpt lat="45.130709" lon="13.737366"></trkpt>
      <trkpt lat="45.131127" lon="13.736202"></trkpt>
      <trkpt lat="45.131295" lon="13.736016"></trkpt>
      <trkpt lat="45.131127" lon="13.736202"></trkpt>
      <trkpt lat="45.130709" lon="13.737366"></trkpt>
      <trkpt lat="45.129181" lon="13.739913"></trkpt>
      <trkpt lat="45.129042" lon="13.740636"></trkpt>
      <trkpt lat="45.128914" lon="13.742883"></trkpt>
      <trkpt lat="45.128632" lon="13.74378"></trkpt>
      <trkpt lat="45.127452" lon="13.74496"></trkpt>
      <trkpt lat="45.127299" lon="13.745238"></trkpt>
      <trkpt lat="45.127123" lon="13.746326"></trkpt>
      <trkpt lat="45.127229" lon="13.748001"></trkpt>
      <trkpt lat="45.127095" lon="13.748792"></trkpt>
      <trkpt lat="45.126734" lon="13.749256"></trkpt>
      <trkpt lat="45.125478" lon="13.750207"></trkpt>
      <trkpt lat="45.125076" lon="13.750632"></trkpt>
      <trkpt lat="45.12433" lon="13.752332"></trkpt>
      <trkpt lat="45.123958" lon="13.752873"></trkpt>
      <trkpt lat="45.123521" lon="13.753274"></trkpt>
      <trkpt lat="45.121841" lon="13.754061"></trkpt>
      <trkpt lat="45.12075" lon="13.754977"></trkpt>
      <trkpt lat="45.120226" lon="13.755745"></trkpt>
      <trkpt lat="45.119852" lon="13.756618"></trkpt>
      <trkpt lat="45.11972" lon="13.757257"></trkpt>
      <trkpt lat="45.119707" lon="13.759277"></trkpt>
      <trkpt lat="45.118668" lon="13.761038"></trkpt>
      <trkpt lat="45.117955" lon="13.763871"></trkpt>
      <trkpt lat="45.11727" lon="13.765858"></trkpt>
      <trkpt lat="45.116898" lon="13.76648"></trkpt>
      <trkpt lat="45.116461" lon="13.76687"></trkpt>
      <trkpt lat="45.11593" lon="13.767064"></trkpt>
      <trkpt lat="45.109689" lon="13.767848"></trkpt>
      <trkpt lat="45.109431" lon="13.767619"></trkpt>
      <trkpt lat="45.109548" lon="13.766833"></trkpt>
      <trkpt lat="45.109437" lon="13.766318"></trkpt>
      <trkpt lat="45.109207" lon="13.766103"></trkpt>
      <trkpt lat="45.108307" lon="13.766041"></trkpt>
      <trkpt lat="45.108316" lon="13.771563"></trkpt>
      <trkpt lat="45.108976" lon="13.774322"></trkpt>
      <trkpt lat="45.109051" lon="13.775012"></trkpt>
      <trkpt lat="45.108958" lon="13.776113"></trkpt>
      <trkpt lat="45.108429" lon="13.779074"></trkpt>
      <trkpt lat="45.108637" lon="13.782502"></trkpt>
      <trkpt lat="45.108894" lon="13.78454"></trkpt>
      <trkpt lat="45.110353" lon="13.791252"></trkpt>
      <trkpt lat="45.110508" lon="13.792356"></trkpt>
      <trkpt lat="45.110403" lon="13.793563"></trkpt>
      <trkpt lat="45.109912" lon="13.795426"></trkpt>
      <trkpt lat="45.109881" lon="13.796171"></trkpt>
      <trkpt lat="45.110077" lon="13.796787"></trkpt>
      <trkpt lat="45.110893" lon="13.798123"></trkpt>
      <trkpt lat="45.113353" lon="13.805554"></trkpt>
      <trkpt lat="45.113193" lon="13.805971"></trkpt>
      <trkpt lat="45.112003" lon="13.807312"></trkpt>
      <trkpt lat="45.111512" lon="13.808302"></trkpt>
      <trkpt lat="45.111038" lon="13.810946"></trkpt>
      <trkpt lat="45.110202" lon="13.812345"></trkpt>
      <trkpt lat="45.109956" lon="13.813045"></trkpt>
      <trkpt lat="45.109884" lon="13.814842"></trkpt>
      <trkpt lat="45.109642" lon="13.815731"></trkpt>
      <trkpt lat="45.108942" lon="13.816499"></trkpt>
      <trkpt lat="45.107963" lon="13.816888"></trkpt>
      <trkpt lat="45.105854" lon="13.817522"></trkpt>
      <trkpt lat="45.102386" lon="13.818246"></trkpt>
      <trkpt lat="45.100816" lon="13.818825"></trkpt>
      <trkpt lat="45.099322" lon="13.819663"></trkpt>
      <trkpt lat="45.097329" lon="13.821184"></trkpt>
      <trkpt lat="45.095492" lon="13.822945"></trkpt>
      <trkpt lat="45.0935" lon="13.825337"></trkpt>
      <trkpt lat="45.090023" lon="13.830679"></trkpt>
      <trkpt lat="45.088403" lon="13.832926"></trkpt>
      <trkpt lat="45.086517" lon="13.835038"></trkpt>
      <trkpt lat="45.085039" lon="13.836326"></trkpt>
      <trkpt lat="45.083413" lon="13.83729"></trkpt>
      <trkpt lat="45.078603" lon="13.83921"></trkpt>
      <trkpt lat="45.074808" lon="13.841808"></trkpt>
      <trkpt lat="45.073273" lon="13.842315"></trkpt>
      <trkpt lat="45.071668" lon="13.842332"></trkpt>
      <trkpt lat="45.070083" lon="13.841834"></trkpt>
      <trkpt lat="45.066718" lon="13.839598"></trkpt>
      <trkpt lat="45.065154" lon="13.839042"></trkpt>
      <trkpt lat="45.063554" lon="13.838987"></trkpt>
      <trkpt lat="45.061019" lon="13.839653"></trkpt>
      <trkpt lat="45.060044" lon="13.839779"></trkpt>
      <trkpt lat="45.058905" lon="13.839675"></trkpt>
      <trkpt lat="45.057956" lon="13.839369"></trkpt>
      <trkpt lat="45.056898" lon="13.838773"></trkpt>
      <trkpt lat="45.055817" lon="13.837823"></trkpt>
      <trkpt lat="45.053543" lon="13.834951"></trkpt>
      <trkpt lat="45.051943" lon="13.833446"></trkpt>
      <trkpt lat="45.050119" lon="13.83232"></trkpt>
      <trkpt lat="45.048819" lon="13.831821"></trkpt>
      <trkpt lat="45.046831" lon="13.831482"></trkpt>
      <trkpt lat="45.045363" lon="13.831569"></trkpt>
      <trkpt lat="45.043145" lon="13.831928"></trkpt>
      <trkpt lat="45.041995" lon="13.831948"></trkpt>
      <trkpt lat="45.040703" lon="13.831707"></trkpt>
      <trkpt lat="45.037778" lon="13.830705"></trkpt>
      <trkpt lat="45.036635" lon="13.830524"></trkpt>
      <trkpt lat="45.035789" lon="13.830518"></trkpt>
      <trkpt lat="45.034731" lon="13.830673"></trkpt>
      <trkpt lat="45.033596" lon="13.831048"></trkpt>
      <trkpt lat="45.031801" lon="13.832109"></trkpt>
      <trkpt lat="45.030057" lon="13.833704"></trkpt>
      <trkpt lat="45.028799" lon="13.835081"></trkpt>
      <trkpt lat="45.025882" lon="13.839007"></trkpt>
      <trkpt lat="45.02477" lon="13.840288"></trkpt>
      <trkpt lat="45.023186" lon="13.841527"></trkpt>
      <trkpt lat="45.02211" lon="13.84206"></trkpt>
      <trkpt lat="45.021135" lon="13.842373"></trkpt>
      <trkpt lat="45.019569" lon="13.842549"></trkpt>
      <trkpt lat="45.018291" lon="13.842405"></trkpt>
      <trkpt lat="45.017639" lon="13.842216"></trkpt>
      <trkpt lat="45.016557" lon="13.841759"></trkpt>
      <trkpt lat="45.013716" lon="13.840127"></trkpt>
      <trkpt lat="45.012011" lon="13.839287"></trkpt>
      <trkpt lat="45.009995" lon="13.838527"></trkpt>
      <trkpt lat="45.007911" lon="13.838005"></trkpt>
      <trkpt lat="45.006165" lon="13.837765"></trkpt>
      <trkpt lat="45.003579" lon="13.837728"></trkpt>
      <trkpt lat="45.001462" lon="13.837979"></trkpt>
      <trkpt lat="44.998798" lon="13.838674"></trkpt>
      <trkpt lat="44.997244" lon="13.839278"></trkpt>
      <trkpt lat="44.995396" lon="13.840203"></trkpt>
      <trkpt lat="44.98925" lon="13.843884"></trkpt>
      <trkpt lat="44.987996" lon="13.844812"></trkpt>
      <trkpt lat="44.986666" lon="13.846225"></trkpt>
      <trkpt lat="44.985406" lon="13.848265"></trkpt>
      <trkpt lat="44.984668" lon="13.850029"></trkpt>
      <trkpt lat="44.981783" lon="13.859439"></trkpt>
      <trkpt lat="44.981275" lon="13.860854"></trkpt>
      <trkpt lat="44.980322" lon="13.862971"></trkpt>
      <trkpt lat="44.979432" lon="13.864576"></trkpt>
      <trkpt lat="44.978203" lon="13.866382"></trkpt>
      <trkpt lat="44.976711" lon="13.868126"></trkpt>
      <trkpt lat="44.975089" lon="13.869609"></trkpt>
      <trkpt lat="44.973794" lon="13.870522"></trkpt>
      <trkpt lat="44.97213" lon="13.871421"></trkpt>
      <trkpt lat="44.970419" lon="13.872051"></trkpt>
      <trkpt lat="44.968668" lon="13.872435"></trkpt>
      <trkpt lat="44.967334" lon="13.872537"></trkpt>
      <trkpt lat="44.956691" lon="13.871944"></trkpt>
      <trkpt lat="44.954439" lon="13.871935"></trkpt>
      <trkpt lat="44.952864" lon="13.872125"></trkpt>
      <trkpt lat="44.951247" lon="13.872509"></trkpt>
      <trkpt lat="44.949109" lon="13.873331"></trkpt>
      <trkpt lat="44.947255" lon="13.874352"></trkpt>
      <trkpt lat="44.946116" lon="13.875138"></trkpt>
      <trkpt lat="44.944678" lon="13.876319"></trkpt>
      <trkpt lat="44.943134" lon="13.877865"></trkpt>
      <trkpt lat="44.940983" lon="13.880617"></trkpt>
      <trkpt lat="44.93741" lon="13.886587"></trkpt>
      <trkpt lat="44.935852" lon="13.888436"></trkpt>
      <trkpt lat="44.93461" lon="13.889483"></trkpt>
      <trkpt lat="44.933283" lon="13.890292"></trkpt>
      <trkpt lat="44.931548" lon="13.890931"></trkpt>
      <trkpt lat="44.930124" lon="13.891139"></trkpt>
      <trkpt lat="44.928464" lon="13.891055"></trkpt>
      <trkpt lat="44.926776" lon="13.890582"></trkpt>
      <trkpt lat="44.925225" lon="13.889775"></trkpt>
      <trkpt lat="44.922558" lon="13.88775"></trkpt>
      <trkpt lat="44.921206" lon="13.886921"></trkpt>
      <trkpt lat="44.919182" lon="13.886133"></trkpt>
      <trkpt lat="44.917403" lon="13.88584"></trkpt>
      <trkpt lat="44.915787" lon="13.885883"></trkpt>
      <trkpt lat="44.912411" lon="13.886397"></trkpt>
      <trkpt lat="44.909812" lon="13.886588"></trkpt>
      <trkpt lat="44.907778" lon="13.88655"></trkpt>
      <trkpt lat="44.903333" lon="13.886215"></trkpt>
      <trkpt lat="44.900897" lon="13.886229"></trkpt>
      <trkpt lat="44.898481" lon="13.886632"></trkpt>
      <trkpt lat="44.896886" lon="13.887132"></trkpt>
      <trkpt lat="44.895532" lon="13.887713"></trkpt>
      <trkpt lat="44.894751" lon="13.887864"></trkpt>
      <trkpt lat="44.892915" lon="13.887298"></trkpt>
      <trkpt lat="44.892445" lon="13.886851"></trkpt>
      <trkpt lat="44.891974" lon="13.885971"></trkpt>
      <trkpt lat="44.891203" lon="13.884008"></trkpt>
      <trkpt lat="44.891216" lon="13.883731"></trkpt>
      <trkpt lat="44.890978" lon="13.883487"></trkpt>
      <trkpt lat="44.888518" lon="13.877323"></trkpt>
      <trkpt lat="44.887009" lon="13.874144"></trkpt>
      <trkpt lat="44.88636" lon="13.873227"></trkpt>
      <trkpt lat="44.884542" lon="13.871257"></trkpt>
      <trkpt lat="44.88449" lon="13.870994"></trkpt>
      <trkpt lat="44.884205" lon="13.870896"></trkpt>
      <trkpt lat="44.882535" lon="13.869002"></trkpt>
      <trkpt lat="44.882233" lon="13.8685"></trkpt>
      <trkpt lat="44.881045" lon="13.865727"></trkpt>
      <trkpt lat="44.881034" lon="13.865297"></trkpt>
      <trkpt lat="44.881431" lon="13.864317"></trkpt>
      <trkpt lat="44.881286" lon="13.863635"></trkpt>
      <trkpt lat="44.880837" lon="13.863281"></trkpt>
      <trkpt lat="44.880576" lon="13.863308"></trkpt>
      <trkpt lat="44.880115" lon="13.863569"></trkpt>
      <trkpt lat="44.879811" lon="13.863501"></trkpt>
      <trkpt lat="44.878956" lon="13.862242"></trkpt>
      <trkpt lat="44.878462" lon="13.86122"></trkpt>
      <trkpt lat="44.878013" lon="13.861121"></trkpt>
      <trkpt lat="44.876776" lon="13.860231"></trkpt>
      <trkpt lat="44.876268" lon="13.859446"></trkpt>
      <trkpt lat="44.875768" lon="13.857829"></trkpt>
      <trkpt lat="44.875113" lon="13.85652"></trkpt>
      <trkpt lat="44.874469" lon="13.854345"></trkpt>
      <trkpt lat="44.873184" lon="13.853795"></trkpt>
      <trkpt lat="44.87347" lon="13.852448"></trkpt>
      <trkpt lat="44.872685" lon="13.850708"></trkpt>
      <trkpt lat="44.87315" lon="13.85092"></trkpt>
  </trkseg></trk>
</gpx>
