<?xml version="1.0" encoding="UTF-8"?>
<gpx version="1.1" creator="yatutbuv" xmlns="http://www.topografix.com/GPX/1/1">
  <trk><name>GraphHopper Track</name><trkseg>
      <trkpt lat="49.830668" lon="23.98253"></trkpt>
      <trkpt lat="49.829744" lon="23.979628"></trkpt>
      <trkpt lat="49.832402" lon="23.978096"></trkpt>
      <trkpt lat="49.827273" lon="23.949283"></trkpt>
      <trkpt lat="49.821641" lon="23.919068"></trkpt>
      <trkpt lat="49.820809" lon="23.913984"></trkpt>
      <trkpt lat="49.820819" lon="23.913099"></trkpt>
      <trkpt lat="49.821246" lon="23.91251"></trkpt>
      <trkpt lat="49.824004" lon="23.910548"></trkpt>
      <trkpt lat="49.838651" lon="23.899302"></trkpt>
      <trkpt lat="49.84104" lon="23.897846"></trkpt>
      <trkpt lat="49.842909" lon="23.897222"></trkpt>
      <trkpt lat="49.844241" lon="23.896905"></trkpt>
      <trkpt lat="49.84526" lon="23.896814"></trkpt>
      <trkpt lat="49.848452" lon="23.896955"></trkpt>
      <trkpt lat="49.871907" lon="23.899085"></trkpt>
      <trkpt lat="49.872446" lon="23.898979"></trkpt>
      <trkpt lat="49.872974" lon="23.898476"></trkpt>
      <trkpt lat="49.873309" lon="23.897343"></trkpt>
      <trkpt lat="49.87329" lon="23.895024"></trkpt>
      <trkpt lat="49.873526" lon="23.892999"></trkpt>
      <trkpt lat="49.874965" lon="23.886333"></trkpt>
      <trkpt lat="49.876492" lon="23.868388"></trkpt>
      <trkpt lat="49.881605" lon="23.835507"></trkpt>
      <trkpt lat="49.882381" lon="23.832473"></trkpt>
      <trkpt lat="49.888437" lon="23.813366"></trkpt>
      <trkpt lat="49.897504" lon="23.772397"></trkpt>
      <trkpt lat="49.901095" lon="23.760968"></trkpt>
      <trkpt lat="49.903345" lon="23.751017"></trkpt>
      <trkpt lat="49.903847" lon="23.748308"></trkpt>
      <trkpt lat="49.904406" lon="23.746942"></trkpt>
      <trkpt lat="49.904786" lon="23.746337"></trkpt>
      <trkpt lat="49.912793" lon="23.738189"></trkpt>
      <trkpt lat="49.915928" lon="23.736661"></trkpt>
      <trkpt lat="49.917095" lon="23.73513"></trkpt>
      <trkpt lat="49.917435" lon="23.734875"></trkpt>
      <trkpt lat="49.918092" lon="23.734812"></trkpt>
      <trkpt lat="49.919798" lon="23.735084"></trkpt>
      <trkpt lat="49.921114" lon="23.734794"></trkpt>
      <trkpt lat="49.92232" lon="23.731274"></trkpt>
      <trkpt lat="49.922506" lon="23.730407"></trkpt>
      <trkpt lat="49.920931" lon="23.719683"></trkpt>
      <trkpt lat="49.919694" lon="23.704803"></trkpt>
      <trkpt lat="49.919663" lon="23.702838"></trkpt>
      <trkpt lat="49.929083" lon="23.597108"></trkpt>
      <trkpt lat="49.929179" lon="23.595444"></trkpt>
      <trkpt lat="49.929121" lon="23.592555"></trkpt>
      <trkpt lat="49.928733" lon="23.5885"></trkpt>
      <trkpt lat="49.922269" lon="23.552044"></trkpt>
      <trkpt lat="49.920601" lon="23.544763"></trkpt>
      <trkpt lat="49.918045" lon="23.530672"></trkpt>
      <trkpt lat="49.916164" lon="23.522692"></trkpt>
      <trkpt lat="49.915677" lon="23.519504"></trkpt>
      <trkpt lat="49.914791" lon="23.51202"></trkpt>
      <trkpt lat="49.909855" lon="23.484141"></trkpt>
      <trkpt lat="49.908532" lon="23.476378"></trkpt>
      <trkpt lat="49.908304" lon="23.474505"></trkpt>
      <trkpt lat="49.908003" lon="23.471158"></trkpt>
      <trkpt lat="49.907924" lon="23.468225"></trkpt>
      <trkpt lat="49.908628" lon="23.4424"></trkpt>
      <trkpt lat="49.90934" lon="23.433972"></trkpt>
      <trkpt lat="49.909481" lon="23.430373"></trkpt>
      <trkpt lat="49.909433" lon="23.412383"></trkpt>
      <trkpt lat="49.911741" lon="23.391193"></trkpt>
      <trkpt lat="49.912347" lon="23.388493"></trkpt>
      <trkpt lat="49.913309" lon="23.385746"></trkpt>
      <trkpt lat="49.914547" lon="23.383384"></trkpt>
      <trkpt lat="49.927171" lon="23.363051"></trkpt>
      <trkpt lat="49.928326" lon="23.361961"></trkpt>
      <trkpt lat="49.932676" lon="23.3596"></trkpt>
      <trkpt lat="49.933479" lon="23.359049"></trkpt>
      <trkpt lat="49.933979" lon="23.358401"></trkpt>
      <trkpt lat="49.934384" lon="23.357551"></trkpt>
      <trkpt lat="49.934582" lon="23.35643"></trkpt>
      <trkpt lat="49.934516" lon="23.353909"></trkpt>
      <trkpt lat="49.933877" lon="23.3489"></trkpt>
      <trkpt lat="49.934222" lon="23.337488"></trkpt>
      <trkpt lat="49.934658" lon="23.333325"></trkpt>
      <trkpt lat="49.936061" lon="23.324736"></trkpt>
      <trkpt lat="49.937268" lon="23.314437"></trkpt>
      <trkpt lat="49.937166" lon="23.313506"></trkpt>
      <trkpt lat="49.936348" lon="23.310424"></trkpt>
      <trkpt lat="49.936186" lon="23.309413"></trkpt>
      <trkpt lat="49.935813" lon="23.301436"></trkpt>
      <trkpt lat="49.936548" lon="23.297744"></trkpt>
      <trkpt lat="49.937056" lon="23.28961"></trkpt>
      <trkpt lat="49.937788" lon="23.287228"></trkpt>
      <trkpt lat="49.940921" lon="23.271546"></trkpt>
      <trkpt lat="49.945563" lon="23.254204"></trkpt>
      <trkpt lat="49.951886" lon="23.239729"></trkpt>
      <trkpt lat="49.954275" lon="23.229794"></trkpt>
      <trkpt lat="49.954483" lon="23.228516"></trkpt>
      <trkpt lat="49.954572" lon="23.223142"></trkpt>
      <trkpt lat="49.954864" lon="23.218428"></trkpt>
      <trkpt lat="49.956083" lon="23.207454"></trkpt>
      <trkpt lat="49.95613" lon="23.204439"></trkpt>
      <trkpt lat="49.955906" lon="23.201952"></trkpt>
      <trkpt lat="49.955308" lon="23.198944"></trkpt>
      <trkpt lat="49.954855" lon="23.197441"></trkpt>
      <trkpt lat="49.954256" lon="23.195969"></trkpt>
      <trkpt lat="49.94927" lon="23.187064"></trkpt>
      <trkpt lat="49.948038" lon="23.184619"></trkpt>
      <trkpt lat="49.947514" lon="23.183295"></trkpt>
      <trkpt lat="49.946941" lon="23.180914"></trkpt>
      <trkpt lat="49.946767" lon="23.17777"></trkpt>
      <trkpt lat="49.948418" lon="23.157416"></trkpt>
      <trkpt lat="49.948897" lon="23.153319"></trkpt>
      <trkpt lat="49.949249" lon="23.15165"></trkpt>
      <trkpt lat="49.950117" lon="23.148533"></trkpt>
      <trkpt lat="49.950869" lon="23.146512"></trkpt>
      <trkpt lat="49.955059" lon="23.138128"></trkpt>
      <trkpt lat="49.955509" lon="23.136939"></trkpt>
      <trkpt lat="49.956024" lon="23.134874"></trkpt>
      <trkpt lat="49.95626" lon="23.132626"></trkpt>
      <trkpt lat="49.956363" lon="23.122474"></trkpt>
      <trkpt lat="49.95656" lon="23.121441"></trkpt>
      <trkpt lat="49.956464" lon="23.121173"></trkpt>
      <trkpt lat="49.956232" lon="23.121045"></trkpt>
      <trkpt lat="49.954971" lon="23.118852"></trkpt>
      <trkpt lat="49.955022" lon="23.116349"></trkpt>
      <trkpt lat="49.954812" lon="23.115456"></trkpt>
      <trkpt lat="49.954836" lon="23.114982"></trkpt>
      <trkpt lat="49.955093" lon="23.113282"></trkpt>
      <trkpt lat="49.955263" lon="23.112975"></trkpt>
      <trkpt lat="49.956033" lon="23.110133"></trkpt>
      <trkpt lat="49.956544" lon="23.109401"></trkpt>
      <trkpt lat="49.957335" lon="23.109808"></trkpt>
      <trkpt lat="49.957493" lon="23.109851"></trkpt>
      <trkpt lat="49.957652" lon="23.109742"></trkpt>
      <trkpt lat="49.959247" lon="23.102071"></trkpt>
      <trkpt lat="49.959837" lon="23.097759"></trkpt>
      <trkpt lat="49.960739" lon="23.085671"></trkpt>
      <trkpt lat="49.962599" lon="23.07418"></trkpt>
      <trkpt lat="49.962857" lon="23.071039"></trkpt>
      <trkpt lat="49.962884" lon="23.069408"></trkpt>
      <trkpt lat="49.962771" lon="23.066196"></trkpt>
      <trkpt lat="49.962358" lon="23.062521"></trkpt>
      <trkpt lat="49.961915" lon="23.060128"></trkpt>
      <trkpt lat="49.961042" lon="23.056833"></trkpt>
      <trkpt lat="49.959977" lon="23.053872"></trkpt>
      <trkpt lat="49.952442" lon="23.035678"></trkpt>
      <trkpt lat="49.950316" lon="23.030246"></trkpt>
      <trkpt lat="49.947989" lon="23.023085"></trkpt>
      <trkpt lat="49.946128" lon="23.015675"></trkpt>
      <trkpt lat="49.944853" lon="23.008858"></trkpt>
      <trkpt lat="49.94391" lon="23.001304"></trkpt>
      <trkpt lat="49.943471" lon="22.995599"></trkpt>
      <trkpt lat="49.941282" lon="22.957607"></trkpt>
      <trkpt lat="49.940804" lon="22.952636"></trkpt>
      <trkpt lat="49.940038" lon="22.948034"></trkpt>
      <trkpt lat="49.93936" lon="22.94521"></trkpt>
      <trkpt lat="49.93817" lon="22.941317"></trkpt>
      <trkpt lat="49.936651" lon="22.937412"></trkpt>
      <trkpt lat="49.933255" lon="22.929534"></trkpt>
      <trkpt lat="49.931629" lon="22.924792"></trkpt>
      <trkpt lat="49.930869" lon="22.921927"></trkpt>
      <trkpt lat="49.930217" lon="22.91876"></trkpt>
      <trkpt lat="49.928296" lon="22.906178"></trkpt>
      <trkpt lat="49.927628" lon="22.902742"></trkpt>
      <trkpt lat="49.92689" lon="22.899727"></trkpt>
      <trkpt lat="49.925148" lon="22.894243"></trkpt>
      <trkpt lat="49.920687" lon="22.882451"></trkpt>
      <trkpt lat="49.919705" lon="22.879404"></trkpt>
      <trkpt lat="49.918855" lon="22.876308"></trkpt>
      <trkpt lat="49.91798" lon="22.872447"></trkpt>
      <trkpt lat="49.917279" lon="22.868698"></trkpt>
      <trkpt lat="49.910998" lon="22.831137"></trkpt>
      <trkpt lat="49.910572" lon="22.82731"></trkpt>
      <trkpt lat="49.910379" lon="22.823596"></trkpt>
      <trkpt lat="49.910383" lon="22.820575"></trkpt>
      <trkpt lat="49.910567" lon="22.816932"></trkpt>
      <trkpt lat="49.911188" lon="22.8118"></trkpt>
      <trkpt lat="49.913365" lon="22.799224"></trkpt>
      <trkpt lat="49.914474" lon="22.791331"></trkpt>
      <trkpt lat="49.914976" lon="22.785637"></trkpt>
      <trkpt lat="49.916988" lon="22.756059"></trkpt>
      <trkpt lat="49.917794" lon="22.749198"></trkpt>
      <trkpt lat="49.919081" lon="22.743128"></trkpt>
      <trkpt lat="49.919879" lon="22.740292"></trkpt>
      <trkpt lat="49.921221" lon="22.736391"></trkpt>
      <trkpt lat="49.923285" lon="22.731635"></trkpt>
      <trkpt lat="49.927914" lon="22.722622"></trkpt>
      <trkpt lat="49.929353" lon="22.719107"></trkpt>
      <trkpt lat="49.930771" lon="22.714818"></trkpt>
      <trkpt lat="49.932229" lon="22.708841"></trkpt>
      <trkpt lat="49.936055" lon="22.687386"></trkpt>
      <trkpt lat="49.93672" lon="22.684444"></trkpt>
      <trkpt lat="49.937715" lon="22.681139"></trkpt>
      <trkpt lat="49.938809" lon="22.678182"></trkpt>
      <trkpt lat="49.940545" lon="22.674489"></trkpt>
      <trkpt lat="49.942303" lon="22.67154"></trkpt>
      <trkpt lat="49.944221" lon="22.668937"></trkpt>
      <trkpt lat="49.945739" lon="22.66722"></trkpt>
      <trkpt lat="49.946917" lon="22.666082"></trkpt>
      <trkpt lat="49.949577" lon="22.663988"></trkpt>
      <trkpt lat="49.952514" lon="22.662368"></trkpt>
      <trkpt lat="49.959015" lon="22.659787"></trkpt>
      <trkpt lat="49.960659" lon="22.658937"></trkpt>
      <trkpt lat="49.963686" lon="22.656829"></trkpt>
      <trkpt lat="49.965225" lon="22.655429"></trkpt>
      <trkpt lat="49.966669" lon="22.653911"></trkpt>
      <trkpt lat="49.969094" lon="22.650752"></trkpt>
      <trkpt lat="49.971328" lon="22.646953"></trkpt>
      <trkpt lat="49.972447" lon="22.644645"></trkpt>
      <trkpt lat="49.97881" lon="22.630057"></trkpt>
      <trkpt lat="49.981989" lon="22.62377"></trkpt>
      <trkpt lat="49.983889" lon="22.620483"></trkpt>
      <trkpt lat="49.98534" lon="22.618213"></trkpt>
      <trkpt lat="49.989355" lon="22.612789"></trkpt>
      <trkpt lat="49.991494" lon="22.610293"></trkpt>
      <trkpt lat="49.993875" lon="22.607801"></trkpt>
      <trkpt lat="49.997956" lon="22.60415"></trkpt>
      <trkpt lat="50.001227" lon="22.601721"></trkpt>
      <trkpt lat="50.010391" lon="22.595745"></trkpt>
      <trkpt lat="50.01272" lon="22.593822"></trkpt>
      <trkpt lat="50.014341" lon="22.592167"></trkpt>
      <trkpt lat="50.015939" lon="22.590258"></trkpt>
      <trkpt lat="50.021926" lon="22.582075"></trkpt>
      <trkpt lat="50.023373" lon="22.58042"></trkpt>
      <trkpt lat="50.025122" lon="22.578703"></trkpt>
      <trkpt lat="50.027339" lon="22.576921"></trkpt>
      <trkpt lat="50.028914" lon="22.575886"></trkpt>
      <trkpt lat="50.03079" lon="22.574898"></trkpt>
      <trkpt lat="50.033099" lon="22.573984"></trkpt>
      <trkpt lat="50.036357" lon="22.573207"></trkpt>
      <trkpt lat="50.048973" lon="22.571241"></trkpt>
      <trkpt lat="50.053218" lon="22.570481"></trkpt>
      <trkpt lat="50.056073" lon="22.569583"></trkpt>
      <trkpt lat="50.057132" lon="22.569119"></trkpt>
      <trkpt lat="50.060238" lon="22.567281"></trkpt>
      <trkpt lat="50.061956" lon="22.566004"></trkpt>
      <trkpt lat="50.06366" lon="22.564455"></trkpt>
      <trkpt lat="50.065604" lon="22.56244"></trkpt>
      <trkpt lat="50.067623" lon="22.559714"></trkpt>
      <trkpt lat="50.06876" lon="22.557982"></trkpt>
      <trkpt lat="50.070573" lon="22.55475"></trkpt>
      <trkpt lat="50.071918" lon="22.551826"></trkpt>
      <trkpt lat="50.073403" lon="22.547794"></trkpt>
      <trkpt lat="50.074455" lon="22.544098"></trkpt>
      <trkpt lat="50.075337" lon="22.539956"></trkpt>
      <trkpt lat="50.082157" lon="22.490254"></trkpt>
      <trkpt lat="50.08282" lon="22.486386"></trkpt>
      <trkpt lat="50.083729" lon="22.482922"></trkpt>
      <trkpt lat="50.085031" lon="22.479445"></trkpt>
      <trkpt lat="50.086609" lon="22.47635"></trkpt>
      <trkpt lat="50.101983" lon="22.452022"></trkpt>
      <trkpt lat="50.103328" lon="22.449761"></trkpt>
      <trkpt lat="50.104607" lon="22.447284"></trkpt>
      <trkpt lat="50.106495" lon="22.442766"></trkpt>
      <trkpt lat="50.109044" lon="22.435329"></trkpt>
      <trkpt lat="50.110552" lon="22.430529"></trkpt>
      <trkpt lat="50.11147" lon="22.426714"></trkpt>
      <trkpt lat="50.111961" lon="22.424035"></trkpt>
      <trkpt lat="50.11248" lon="22.419997"></trkpt>
      <trkpt lat="50.112701" lon="22.416663"></trkpt>
      <trkpt lat="50.112751" lon="22.413615"></trkpt>
      <trkpt lat="50.112596" lon="22.409198"></trkpt>
      <trkpt lat="50.111193" lon="22.393572"></trkpt>
      <trkpt lat="50.110887" lon="22.388978"></trkpt>
      <trkpt lat="50.110809" lon="22.384812"></trkpt>
      <trkpt lat="50.110931" lon="22.380595"></trkpt>
      <trkpt lat="50.111657" lon="22.372757"></trkpt>
      <trkpt lat="50.11617" lon="22.334118"></trkpt>
      <trkpt lat="50.116408" lon="22.330226"></trkpt>
      <trkpt lat="50.116428" lon="22.32635"></trkpt>
      <trkpt lat="50.116154" lon="22.32179"></trkpt>
      <trkpt lat="50.115626" lon="22.317699"></trkpt>
      <trkpt lat="50.114662" lon="22.313032"></trkpt>
      <trkpt lat="50.113967" lon="22.310479"></trkpt>
      <trkpt lat="50.112899" lon="22.307238"></trkpt>
      <trkpt lat="50.10809" lon="22.295133"></trkpt>
      <trkpt lat="50.106125" lon="22.289732"></trkpt>
      <trkpt lat="50.104607" lon="22.284328"></trkpt>
      <trkpt lat="50.103531" lon="22.279109"></trkpt>
      <trkpt lat="50.099185" lon="22.246955"></trkpt>
      <trkpt lat="50.09865" lon="22.242165"></trkpt>
      <trkpt lat="50.098505" lon="22.238974"></trkpt>
      <trkpt lat="50.098542" lon="22.235931"></trkpt>
      <trkpt lat="50.098689" lon="22.233503"></trkpt>
      <trkpt lat="50.099374" lon="22.226795"></trkpt>
      <trkpt lat="50.099456" lon="22.22478"></trkpt>
      <trkpt lat="50.099419" lon="22.221987"></trkpt>
      <trkpt lat="50.099184" lon="22.21897"></trkpt>
      <trkpt lat="50.098677" lon="22.215755"></trkpt>
      <trkpt lat="50.097728" lon="22.211925"></trkpt>
      <trkpt lat="50.096837" lon="22.209359"></trkpt>
      <trkpt lat="50.094636" lon="22.203966"></trkpt>
      <trkpt lat="50.093915" lon="22.201696"></trkpt>
      <trkpt lat="50.093308" lon="22.199183"></trkpt>
      <trkpt lat="50.091502" lon="22.189974"></trkpt>
      <trkpt lat="50.090746" lon="22.185329"></trkpt>
      <trkpt lat="50.090171" lon="22.179756"></trkpt>
      <trkpt lat="50.089977" lon="22.174138"></trkpt>
      <trkpt lat="50.090186" lon="22.167776"></trkpt>
      <trkpt lat="50.090639" lon="22.163064"></trkpt>
      <trkpt lat="50.095495" lon="22.127117"></trkpt>
      <trkpt lat="50.095981" lon="22.121529"></trkpt>
      <trkpt lat="50.096028" lon="22.11752"></trkpt>
      <trkpt lat="50.095782" lon="22.112848"></trkpt>
      <trkpt lat="50.09296" lon="22.085915"></trkpt>
      <trkpt lat="50.092694" lon="22.082728"></trkpt>
      <trkpt lat="50.092575" lon="22.079592"></trkpt>
      <trkpt lat="50.092722" lon="22.073958"></trkpt>
      <trkpt lat="50.094713" lon="22.038759"></trkpt>
      <trkpt lat="50.095411" lon="22.03363"></trkpt>
      <trkpt lat="50.096267" lon="22.029775"></trkpt>
      <trkpt lat="50.106533" lon="21.992629"></trkpt>
      <trkpt lat="50.107429" lon="21.987962"></trkpt>
      <trkpt lat="50.107913" lon="21.982918"></trkpt>
      <trkpt lat="50.107977" lon="21.980081"></trkpt>
      <trkpt lat="50.107849" lon="21.976197"></trkpt>
      <trkpt lat="50.105341" lon="21.940445"></trkpt>
      <trkpt lat="50.105178" lon="21.935633"></trkpt>
      <trkpt lat="50.107441" lon="21.861309"></trkpt>
      <trkpt lat="50.107915" lon="21.857133"></trkpt>
      <trkpt lat="50.10846" lon="21.854036"></trkpt>
      <trkpt lat="50.117558" lon="21.808535"></trkpt>
      <trkpt lat="50.118249" lon="21.804009"></trkpt>
      <trkpt lat="50.118535" lon="21.80031"></trkpt>
      <trkpt lat="50.118506" lon="21.795163"></trkpt>
      <trkpt lat="50.118066" lon="21.79056"></trkpt>
      <trkpt lat="50.112986" lon="21.760449"></trkpt>
      <trkpt lat="50.112423" lon="21.756082"></trkpt>
      <trkpt lat="50.112221" lon="21.752706"></trkpt>
      <trkpt lat="50.11229" lon="21.748066"></trkpt>
      <trkpt lat="50.11259" lon="21.744646"></trkpt>
      <trkpt lat="50.11538" lon="21.722396"></trkpt>
      <trkpt lat="50.115558" lon="21.719088"></trkpt>
      <trkpt lat="50.115517" lon="21.714625"></trkpt>
      <trkpt lat="50.115157" lon="21.710208"></trkpt>
      <trkpt lat="50.114406" lon="21.705488"></trkpt>
      <trkpt lat="50.109574" lon="21.685648"></trkpt>
      <trkpt lat="50.10884" lon="21.681864"></trkpt>
      <trkpt lat="50.108392" lon="21.67833"></trkpt>
      <trkpt lat="50.108175" lon="21.674703"></trkpt>
      <trkpt lat="50.1082" lon="21.671099"></trkpt>
      <trkpt lat="50.109608" lon="21.649506"></trkpt>
      <trkpt lat="50.109768" lon="21.645318"></trkpt>
      <trkpt lat="50.109631" lon="21.64195"></trkpt>
      <trkpt lat="50.10928" lon="21.638898"></trkpt>
      <trkpt lat="50.106687" lon="21.624626"></trkpt>
      <trkpt lat="50.106182" lon="21.619639"></trkpt>
      <trkpt lat="50.106238" lon="21.614676"></trkpt>
      <trkpt lat="50.107575" lon="21.599346"></trkpt>
      <trkpt lat="50.107648" lon="21.595982"></trkpt>
      <trkpt lat="50.107544" lon="21.593632"></trkpt>
      <trkpt lat="50.106888" lon="21.588481"></trkpt>
      <trkpt lat="50.099031" lon="21.542845"></trkpt>
      <trkpt lat="50.098714" lon="21.539958"></trkpt>
      <trkpt lat="50.09756" lon="21.52283"></trkpt>
      <trkpt lat="50.097076" lon="21.518659"></trkpt>
      <trkpt lat="50.096546" lon="21.515778"></trkpt>
      <trkpt lat="50.095707" lon="21.512445"></trkpt>
      <trkpt lat="50.094789" lon="21.509623"></trkpt>
      <trkpt lat="50.093615" lon="21.506732"></trkpt>
      <trkpt lat="50.091728" lon="21.503066"></trkpt>
      <trkpt lat="50.083957" lon="21.490021"></trkpt>
      <trkpt lat="50.082158" lon="21.486149"></trkpt>
      <trkpt lat="50.080939" lon="21.482431"></trkpt>
      <trkpt lat="50.080301" lon="21.479618"></trkpt>
      <trkpt lat="50.079794" lon="21.476082"></trkpt>
      <trkpt lat="50.07958" lon="21.47201"></trkpt>
      <trkpt lat="50.079743" lon="21.46795"></trkpt>
      <trkpt lat="50.080352" lon="21.463612"></trkpt>
      <trkpt lat="50.081309" lon="21.459782"></trkpt>
      <trkpt lat="50.085156" lon="21.447807"></trkpt>
      <trkpt lat="50.086002" lon="21.444817"></trkpt>
      <trkpt lat="50.086452" lon="21.442697"></trkpt>
      <trkpt lat="50.086841" lon="21.44011"></trkpt>
      <trkpt lat="50.087033" lon="21.43813"></trkpt>
      <trkpt lat="50.087146" lon="21.435112"></trkpt>
      <trkpt lat="50.086929" lon="21.430632"></trkpt>
      <trkpt lat="50.086386" lon="21.426918"></trkpt>
      <trkpt lat="50.081699" lon="21.407731"></trkpt>
      <trkpt lat="50.080677" lon="21.402674"></trkpt>
      <trkpt lat="50.080051" lon="21.398516"></trkpt>
      <trkpt lat="50.079392" lon="21.391932"></trkpt>
      <trkpt lat="50.078805" lon="21.379989"></trkpt>
      <trkpt lat="50.078775" lon="21.376122"></trkpt>
      <trkpt lat="50.078947" lon="21.373362"></trkpt>
      <trkpt lat="50.079558" lon="21.369051"></trkpt>
      <trkpt lat="50.080528" lon="21.365247"></trkpt>
      <trkpt lat="50.081463" lon="21.36261"></trkpt>
      <trkpt lat="50.08759" lon="21.347521"></trkpt>
      <trkpt lat="50.088587" lon="21.344191"></trkpt>
      <trkpt lat="50.089255" lon="21.34072"></trkpt>
      <trkpt lat="50.08962" lon="21.336661"></trkpt>
      <trkpt lat="50.089575" lon="21.33287"></trkpt>
      <trkpt lat="50.088125" lon="21.320498"></trkpt>
      <trkpt lat="50.087836" lon="21.316026"></trkpt>
      <trkpt lat="50.088026" lon="21.311872"></trkpt>
      <trkpt lat="50.08867" lon="21.307838"></trkpt>
      <trkpt lat="50.089477" lon="21.304829"></trkpt>
      <trkpt lat="50.090586" lon="21.301896"></trkpt>
      <trkpt lat="50.096571" lon="21.290115"></trkpt>
      <trkpt lat="50.09766" lon="21.287682"></trkpt>
      <trkpt lat="50.098904" lon="21.283974"></trkpt>
      <trkpt lat="50.099779" lon="21.279993"></trkpt>
      <trkpt lat="50.100186" lon="21.27686"></trkpt>
      <trkpt lat="50.100338" lon="21.274353"></trkpt>
      <trkpt lat="50.101465" lon="21.238587"></trkpt>
      <trkpt lat="50.101454" lon="21.236432"></trkpt>
      <trkpt lat="50.101177" lon="21.233325"></trkpt>
      <trkpt lat="50.100683" lon="21.230608"></trkpt>
      <trkpt lat="50.099834" lon="21.227676"></trkpt>
      <trkpt lat="50.097767" lon="21.222588"></trkpt>
      <trkpt lat="50.096702" lon="21.219385"></trkpt>
      <trkpt lat="50.095848" lon="21.21571"></trkpt>
      <trkpt lat="50.095336" lon="21.212013"></trkpt>
      <trkpt lat="50.095136" lon="21.208487"></trkpt>
      <trkpt lat="50.095235" lon="21.204744"></trkpt>
      <trkpt lat="50.096593" lon="21.192159"></trkpt>
      <trkpt lat="50.096779" lon="21.187205"></trkpt>
      <trkpt lat="50.096612" lon="21.183335"></trkpt>
      <trkpt lat="50.095797" lon="21.173653"></trkpt>
      <trkpt lat="50.095393" lon="21.170516"></trkpt>
      <trkpt lat="50.094775" lon="21.167294"></trkpt>
      <trkpt lat="50.093923" lon="21.164005"></trkpt>
      <trkpt lat="50.092373" lon="21.159615"></trkpt>
      <trkpt lat="50.091557" lon="21.157759"></trkpt>
      <trkpt lat="50.088795" lon="21.15229"></trkpt>
      <trkpt lat="50.087835" lon="21.149912"></trkpt>
      <trkpt lat="50.086966" lon="21.146812"></trkpt>
      <trkpt lat="50.086029" lon="21.141811"></trkpt>
      <trkpt lat="50.085269" lon="21.138967"></trkpt>
      <trkpt lat="50.084487" lon="21.136878"></trkpt>
      <trkpt lat="50.081908" lon="21.131085"></trkpt>
      <trkpt lat="50.080659" lon="21.127421"></trkpt>
      <trkpt lat="50.079848" lon="21.124065"></trkpt>
      <trkpt lat="50.079274" lon="21.120331"></trkpt>
      <trkpt lat="50.079032" lon="21.117231"></trkpt>
      <trkpt lat="50.078667" lon="21.105361"></trkpt>
      <trkpt lat="50.078173" lon="21.101133"></trkpt>
      <trkpt lat="50.077263" lon="21.096682"></trkpt>
      <trkpt lat="50.076281" lon="21.093321"></trkpt>
      <trkpt lat="50.075531" lon="21.091254"></trkpt>
      <trkpt lat="50.066589" lon="21.069559"></trkpt>
      <trkpt lat="50.065121" lon="21.065666"></trkpt>
      <trkpt lat="50.064434" lon="21.063106"></trkpt>
      <trkpt lat="50.064" lon="21.060614"></trkpt>
      <trkpt lat="50.063714" lon="21.057674"></trkpt>
      <trkpt lat="50.063279" lon="21.050385"></trkpt>
      <trkpt lat="50.062961" lon="21.048104"></trkpt>
      <trkpt lat="50.062485" lon="21.045895"></trkpt>
      <trkpt lat="50.061905" lon="21.043934"></trkpt>
      <trkpt lat="50.061063" lon="21.041768"></trkpt>
      <trkpt lat="50.05585" lon="21.031094"></trkpt>
      <trkpt lat="50.054884" lon="21.028218"></trkpt>
      <trkpt lat="50.054105" lon="21.024414"></trkpt>
      <trkpt lat="50.053789" lon="21.020341"></trkpt>
      <trkpt lat="50.053853" lon="21.014595"></trkpt>
      <trkpt lat="50.054132" lon="21.010869"></trkpt>
      <trkpt lat="50.054804" lon="21.006555"></trkpt>
      <trkpt lat="50.055716" lon="21.002819"></trkpt>
      <trkpt lat="50.056745" lon="20.999718"></trkpt>
      <trkpt lat="50.061429" lon="20.988969"></trkpt>
      <trkpt lat="50.062674" lon="20.985414"></trkpt>
      <trkpt lat="50.063524" lon="20.98217"></trkpt>
      <trkpt lat="50.064008" lon="20.979689"></trkpt>
      <trkpt lat="50.064475" lon="20.976158"></trkpt>
      <trkpt lat="50.0647" lon="20.972576"></trkpt>
      <trkpt lat="50.064563" lon="20.967159"></trkpt>
      <trkpt lat="50.064196" lon="20.963832"></trkpt>
      <trkpt lat="50.063779" lon="20.961367"></trkpt>
      <trkpt lat="50.062746" lon="20.957151"></trkpt>
      <trkpt lat="50.060139" lon="20.949334"></trkpt>
      <trkpt lat="50.059379" lon="20.94628"></trkpt>
      <trkpt lat="50.05885" lon="20.943385"></trkpt>
      <trkpt lat="50.058367" lon="20.938755"></trkpt>
      <trkpt lat="50.057976" lon="20.929817"></trkpt>
      <trkpt lat="50.057461" lon="20.926015"></trkpt>
      <trkpt lat="50.056784" lon="20.922792"></trkpt>
      <trkpt lat="50.055357" lon="20.91812"></trkpt>
      <trkpt lat="50.049565" lon="20.903375"></trkpt>
      <trkpt lat="50.047053" lon="20.898023"></trkpt>
      <trkpt lat="50.045412" lon="20.895074"></trkpt>
      <trkpt lat="50.043638" lon="20.892266"></trkpt>
      <trkpt lat="50.041749" lon="20.889623"></trkpt>
      <trkpt lat="50.039456" lon="20.886834"></trkpt>
      <trkpt lat="50.036784" lon="20.884054"></trkpt>
      <trkpt lat="50.034444" lon="20.88199"></trkpt>
      <trkpt lat="50.032543" lon="20.880536"></trkpt>
      <trkpt lat="50.029998" lon="20.878859"></trkpt>
      <trkpt lat="50.018029" lon="20.871652"></trkpt>
      <trkpt lat="50.016171" lon="20.870212"></trkpt>
      <trkpt lat="50.014502" lon="20.868504"></trkpt>
      <trkpt lat="50.012928" lon="20.86641"></trkpt>
      <trkpt lat="50.011984" lon="20.864853"></trkpt>
      <trkpt lat="50.010733" lon="20.86229"></trkpt>
      <trkpt lat="50.010038" lon="20.860502"></trkpt>
      <trkpt lat="50.008903" lon="20.856484"></trkpt>
      <trkpt lat="50.008495" lon="20.854263"></trkpt>
      <trkpt lat="50.008179" lon="20.851545"></trkpt>
      <trkpt lat="50.007983" lon="20.848093"></trkpt>
      <trkpt lat="50.005857" lon="20.777834"></trkpt>
      <trkpt lat="50.005942" lon="20.772684"></trkpt>
      <trkpt lat="50.006155" lon="20.768956"></trkpt>
      <trkpt lat="50.007429" lon="20.756071"></trkpt>
      <trkpt lat="50.007708" lon="20.752264"></trkpt>
      <trkpt lat="50.00784" lon="20.744878"></trkpt>
      <trkpt lat="50.007651" lon="20.740276"></trkpt>
      <trkpt lat="50.007229" lon="20.73545"></trkpt>
      <trkpt lat="50.004187" lon="20.714456"></trkpt>
      <trkpt lat="50.00355" lon="20.70697"></trkpt>
      <trkpt lat="50.00344" lon="20.699497"></trkpt>
      <trkpt lat="50.004469" lon="20.677564"></trkpt>
      <trkpt lat="50.004425" lon="20.671056"></trkpt>
      <trkpt lat="50.003866" lon="20.664925"></trkpt>
      <trkpt lat="50.001945" lon="20.653485"></trkpt>
      <trkpt lat="50.00148" lon="20.649947"></trkpt>
      <trkpt lat="50.000232" lon="20.631644"></trkpt>
      <trkpt lat="49.99973" lon="20.626842"></trkpt>
      <trkpt lat="49.999284" lon="20.623871"></trkpt>
      <trkpt lat="49.996669" lon="20.609299"></trkpt>
      <trkpt lat="49.993607" lon="20.595259"></trkpt>
      <trkpt lat="49.992588" lon="20.590008"></trkpt>
      <trkpt lat="49.992074" lon="20.585606"></trkpt>
      <trkpt lat="49.991933" lon="20.581695"></trkpt>
      <trkpt lat="49.992078" lon="20.578078"></trkpt>
      <trkpt lat="49.992472" lon="20.574368"></trkpt>
      <trkpt lat="49.993042" lon="20.571217"></trkpt>
      <trkpt lat="49.993814" lon="20.568165"></trkpt>
      <trkpt lat="49.994653" lon="20.56558"></trkpt>
      <trkpt lat="49.995936" lon="20.562371"></trkpt>
      <trkpt lat="50.004177" lon="20.543997"></trkpt>
      <trkpt lat="50.006035" lon="20.539249"></trkpt>
      <trkpt lat="50.007375" lon="20.534816"></trkpt>
      <trkpt lat="50.008241" lon="20.531084"></trkpt>
      <trkpt lat="50.008911" lon="20.527203"></trkpt>
      <trkpt lat="50.009355" lon="20.523393"></trkpt>
      <trkpt lat="50.009612" lon="20.519035"></trkpt>
      <trkpt lat="50.009613" lon="20.514608"></trkpt>
      <trkpt lat="50.009336" lon="20.510155"></trkpt>
      <trkpt lat="50.00882" lon="20.505941"></trkpt>
      <trkpt lat="50.008333" lon="20.503126"></trkpt>
      <trkpt lat="50.007422" lon="20.499098"></trkpt>
      <trkpt lat="50.004815" lon="20.490288"></trkpt>
      <trkpt lat="50.003954" lon="20.486836"></trkpt>
      <trkpt lat="50.003219" lon="20.482712"></trkpt>
      <trkpt lat="50.002816" lon="20.478102"></trkpt>
      <trkpt lat="50.002707" lon="20.453953"></trkpt>
      <trkpt lat="50.002787" lon="20.449961"></trkpt>
      <trkpt lat="50.003212" lon="20.443614"></trkpt>
      <trkpt lat="50.004943" lon="20.428292"></trkpt>
      <trkpt lat="50.005186" lon="20.424113"></trkpt>
      <trkpt lat="50.005147" lon="20.419488"></trkpt>
      <trkpt lat="50.004905" lon="20.416017"></trkpt>
      <trkpt lat="50.004493" lon="20.412641"></trkpt>
      <trkpt lat="50.003386" lon="20.407028"></trkpt>
      <trkpt lat="50.002296" lon="20.403155"></trkpt>
      <trkpt lat="49.996645" lon="20.384732"></trkpt>
      <trkpt lat="49.995574" lon="20.380349"></trkpt>
      <trkpt lat="49.994845" lon="20.375985"></trkpt>
      <trkpt lat="49.992797" lon="20.358207"></trkpt>
      <trkpt lat="49.99182" lon="20.352846"></trkpt>
      <trkpt lat="49.99083" lon="20.349144"></trkpt>
      <trkpt lat="49.983824" lon="20.327014"></trkpt>
      <trkpt lat="49.983334" lon="20.324823"></trkpt>
      <trkpt lat="49.982954" lon="20.322401"></trkpt>
      <trkpt lat="49.982748" lon="20.320221"></trkpt>
      <trkpt lat="49.982674" lon="20.317199"></trkpt>
      <trkpt lat="49.982895" lon="20.313556"></trkpt>
      <trkpt lat="49.98357" lon="20.309476"></trkpt>
      <trkpt lat="49.98893" lon="20.289541"></trkpt>
      <trkpt lat="49.989834" lon="20.285291"></trkpt>
      <trkpt lat="49.990435" lon="20.281006"></trkpt>
      <trkpt lat="49.990761" lon="20.276059"></trkpt>
      <trkpt lat="49.990756" lon="20.272294"></trkpt>
      <trkpt lat="49.989801" lon="20.254361"></trkpt>
      <trkpt lat="49.989652" lon="20.249832"></trkpt>
      <trkpt lat="49.989889" lon="20.244097"></trkpt>
      <trkpt lat="49.990645" lon="20.2384"></trkpt>
      <trkpt lat="49.991533" lon="20.234267"></trkpt>
      <trkpt lat="49.994781" lon="20.221464"></trkpt>
      <trkpt lat="49.995892" lon="20.216527"></trkpt>
      <trkpt lat="50.001338" lon="20.186011"></trkpt>
      <trkpt lat="50.002627" lon="20.179996"></trkpt>
      <trkpt lat="50.003827" lon="20.175608"></trkpt>
      <trkpt lat="50.005672" lon="20.1701"></trkpt>
      <trkpt lat="50.015495" lon="20.145207"></trkpt>
      <trkpt lat="50.017048" lon="20.140879"></trkpt>
      <trkpt lat="50.017864" lon="20.137619"></trkpt>
      <trkpt lat="50.018453" lon="20.133846"></trkpt>
      <trkpt lat="50.018687" lon="20.130531"></trkpt>
      <trkpt lat="50.018682" lon="20.127053"></trkpt>
      <trkpt lat="50.017555" lon="20.081019"></trkpt>
      <trkpt lat="50.01728" lon="20.074766"></trkpt>
      <trkpt lat="50.016977" lon="20.072622"></trkpt>
      <trkpt lat="50.016523" lon="20.070512"></trkpt>
      <trkpt lat="50.015969" lon="20.068604"></trkpt>
      <trkpt lat="50.015156" lon="20.066465"></trkpt>
      <trkpt lat="50.014161" lon="20.064441"></trkpt>
      <trkpt lat="50.013226" lon="20.062928"></trkpt>
      <trkpt lat="50.009972" lon="20.058875"></trkpt>
      <trkpt lat="50.008552" lon="20.056609"></trkpt>
      <trkpt lat="50.007823" lon="20.05503"></trkpt>
      <trkpt lat="50.00724" lon="20.053405"></trkpt>
      <trkpt lat="50.006774" lon="20.051692"></trkpt>
      <trkpt lat="50.006402" lon="20.049659"></trkpt>
      <trkpt lat="50.006143" lon="20.045628"></trkpt>
      <trkpt lat="50.006151" lon="20.031478"></trkpt>
      <trkpt lat="50.005841" lon="20.026206"></trkpt>
      <trkpt lat="50.005198" lon="20.021537"></trkpt>
      <trkpt lat="50.001414" lon="20.000288"></trkpt>
      <trkpt lat="50.001006" lon="19.997331"></trkpt>
      <trkpt lat="50.00078" lon="19.994329"></trkpt>
      <trkpt lat="50.000784" lon="19.989921"></trkpt>
      <trkpt lat="50.001816" lon="19.970364"></trkpt>
      <trkpt lat="50.001861" lon="19.96789"></trkpt>
      <trkpt lat="50.001672" lon="19.965397"></trkpt>
      <trkpt lat="50.000566" lon="19.957817"></trkpt>
      <trkpt lat="50.000379" lon="19.953229"></trkpt>
      <trkpt lat="50.000596" lon="19.949212"></trkpt>
      <trkpt lat="50.001482" lon="19.940975"></trkpt>
      <trkpt lat="50.001448" lon="19.937294"></trkpt>
      <trkpt lat="50.001202" lon="19.935457"></trkpt>
      <trkpt lat="50.000852" lon="19.933898"></trkpt>
      <trkpt lat="49.999985" lon="19.931381"></trkpt>
      <trkpt lat="49.998807" lon="19.929194"></trkpt>
      <trkpt lat="49.996259" lon="19.925823"></trkpt>
      <trkpt lat="49.994642" lon="19.923136"></trkpt>
      <trkpt lat="49.993345" lon="19.920012"></trkpt>
      <trkpt lat="49.992417" lon="19.916475"></trkpt>
      <trkpt lat="49.991266" lon="19.907601"></trkpt>
      <trkpt lat="49.990708" lon="19.900722"></trkpt>
      <trkpt lat="49.990585" lon="19.896107"></trkpt>
      <trkpt lat="49.990617" lon="19.892774"></trkpt>
      <trkpt lat="49.99102" lon="19.885789"></trkpt>
      <trkpt lat="49.991618" lon="19.880614"></trkpt>
      <trkpt lat="49.992184" lon="19.877052"></trkpt>
      <trkpt lat="49.995371" lon="19.860809"></trkpt>
      <trkpt lat="49.995753" lon="19.859273"></trkpt>
      <trkpt lat="49.996252" lon="19.857835"></trkpt>
      <trkpt lat="49.997487" lon="19.855504"></trkpt>
      <trkpt lat="49.998843" lon="19.853887"></trkpt>
      <trkpt lat="49.999508" lon="19.853323"></trkpt>
      <trkpt lat="50.000536" lon="19.852694"></trkpt>
      <trkpt lat="50.001638" lon="19.852266"></trkpt>
      <trkpt lat="50.007233" lon="19.850823"></trkpt>
      <trkpt lat="50.009256" lon="19.850152"></trkpt>
      <trkpt lat="50.010937" lon="19.849174"></trkpt>
      <trkpt lat="50.01256" lon="19.847749"></trkpt>
      <trkpt lat="50.013998" lon="19.845973"></trkpt>
      <trkpt lat="50.015495" lon="19.843345"></trkpt>
      <trkpt lat="50.016558" lon="19.840585"></trkpt>
      <trkpt lat="50.01796" lon="19.835315"></trkpt>
      <trkpt lat="50.018747" lon="19.833011"></trkpt>
      <trkpt lat="50.019787" lon="19.830735"></trkpt>
      <trkpt lat="50.021078" lon="19.828605"></trkpt>
      <trkpt lat="50.022252" lon="19.827106"></trkpt>
      <trkpt lat="50.02328" lon="19.826021"></trkpt>
      <trkpt lat="50.041522" lon="19.808483"></trkpt>
      <trkpt lat="50.042761" lon="19.807595"></trkpt>
      <trkpt lat="50.043879" lon="19.80707"></trkpt>
      <trkpt lat="50.045366" lon="19.806746"></trkpt>
      <trkpt lat="50.046526" lon="19.806756"></trkpt>
      <trkpt lat="50.04787" lon="19.807065"></trkpt>
      <trkpt lat="50.052784" lon="19.809323"></trkpt>
      <trkpt lat="50.05423" lon="19.809736"></trkpt>
      <trkpt lat="50.056241" lon="19.809906"></trkpt>
      <trkpt lat="50.060226" lon="19.809588"></trkpt>
      <trkpt lat="50.061924" lon="19.809578"></trkpt>
      <trkpt lat="50.063319" lon="19.809744"></trkpt>
      <trkpt lat="50.067995" lon="19.810665"></trkpt>
      <trkpt lat="50.070071" lon="19.810696"></trkpt>
      <trkpt lat="50.07202" lon="19.810397"></trkpt>
      <trkpt lat="50.079954" lon="19.808393"></trkpt>
      <trkpt lat="50.081272" lon="19.808245"></trkpt>
      <trkpt lat="50.083859" lon="19.808295"></trkpt>
      <trkpt lat="50.084506" lon="19.808168"></trkpt>
      <trkpt lat="50.085285" lon="19.807772"></trkpt>
      <trkpt lat="50.085978" lon="19.807124"></trkpt>
      <trkpt lat="50.086593" lon="19.806196"></trkpt>
      <trkpt lat="50.087144" lon="19.804733"></trkpt>
      <trkpt lat="50.087343" lon="19.80318"></trkpt>
      <trkpt lat="50.087095" lon="19.801596"></trkpt>
      <trkpt lat="50.086587" lon="19.800572"></trkpt>
      <trkpt lat="50.085361" lon="19.7994"></trkpt>
      <trkpt lat="50.085004" lon="19.798866"></trkpt>
      <trkpt lat="50.084717" lon="19.798151"></trkpt>
      <trkpt lat="50.084064" lon="19.795671"></trkpt>
      <trkpt lat="50.082659" lon="19.78706"></trkpt>
      <trkpt lat="50.080298" lon="19.770207"></trkpt>
      <trkpt lat="50.079988" lon="19.767129"></trkpt>
      <trkpt lat="50.079811" lon="19.76358"></trkpt>
      <trkpt lat="50.07976" lon="19.752172"></trkpt>
      <trkpt lat="50.079466" lon="19.748541"></trkpt>
      <trkpt lat="50.078663" lon="19.744068"></trkpt>
      <trkpt lat="50.076675" lon="19.736935"></trkpt>
      <trkpt lat="50.07607" lon="19.734082"></trkpt>
      <trkpt lat="50.075584" lon="19.730052"></trkpt>
      <trkpt lat="50.075481" lon="19.72565"></trkpt>
      <trkpt lat="50.075648" lon="19.722929"></trkpt>
      <trkpt lat="50.076084" lon="19.71963"></trkpt>
      <trkpt lat="50.076889" lon="19.716021"></trkpt>
      <trkpt lat="50.077758" lon="19.713254"></trkpt>
      <trkpt lat="50.079319" lon="19.709632"></trkpt>
      <trkpt lat="50.089483" lon="19.68983"></trkpt>
      <trkpt lat="50.091633" lon="19.685381"></trkpt>
      <trkpt lat="50.092718" lon="19.682537"></trkpt>
      <trkpt lat="50.093651" lon="19.679464"></trkpt>
      <trkpt lat="50.094414" lon="19.67612"></trkpt>
      <trkpt lat="50.095062" lon="19.671785"></trkpt>
      <trkpt lat="50.09536" lon="19.666776"></trkpt>
      <trkpt lat="50.095206" lon="19.661868"></trkpt>
      <trkpt lat="50.092792" lon="19.639804"></trkpt>
      <trkpt lat="50.092504" lon="19.635518"></trkpt>
      <trkpt lat="50.092571" lon="19.630888"></trkpt>
      <trkpt lat="50.093244" lon="19.621864"></trkpt>
      <trkpt lat="50.093139" lon="19.616537"></trkpt>
      <trkpt lat="50.09252" lon="19.611255"></trkpt>
      <trkpt lat="50.090518" lon="19.600814"></trkpt>
      <trkpt lat="50.090129" lon="19.597571"></trkpt>
      <trkpt lat="50.089921" lon="19.594708"></trkpt>
      <trkpt lat="50.089847" lon="19.590643"></trkpt>
      <trkpt lat="50.089965" lon="19.587485"></trkpt>
      <trkpt lat="50.090281" lon="19.583967"></trkpt>
      <trkpt lat="50.090778" lon="19.580558"></trkpt>
      <trkpt lat="50.091867" lon="19.57555"></trkpt>
      <trkpt lat="50.092818" lon="19.572355"></trkpt>
      <trkpt lat="50.094176" lon="19.568698"></trkpt>
      <trkpt lat="50.097511" lon="19.56052"></trkpt>
      <trkpt lat="50.099159" lon="19.555195"></trkpt>
      <trkpt lat="50.100005" lon="19.551618"></trkpt>
      <trkpt lat="50.105369" lon="19.525498"></trkpt>
      <trkpt lat="50.106559" lon="19.520875"></trkpt>
      <trkpt lat="50.107654" lon="19.517531"></trkpt>
      <trkpt lat="50.108653" lon="19.514936"></trkpt>
      <trkpt lat="50.109869" lon="19.512198"></trkpt>
      <trkpt lat="50.111901" lon="19.50837"></trkpt>
      <trkpt lat="50.132682" lon="19.476373"></trkpt>
      <trkpt lat="50.134691" lon="19.47286"></trkpt>
      <trkpt lat="50.136244" lon="19.469627"></trkpt>
      <trkpt lat="50.138055" lon="19.464967"></trkpt>
      <trkpt lat="50.139269" lon="19.461009"></trkpt>
      <trkpt lat="50.148374" lon="19.426952"></trkpt>
      <trkpt lat="50.149903" lon="19.420295"></trkpt>
      <trkpt lat="50.150541" lon="19.416127"></trkpt>
      <trkpt lat="50.151047" lon="19.410663"></trkpt>
      <trkpt lat="50.153556" lon="19.373354"></trkpt>
      <trkpt lat="50.153707" lon="19.369638"></trkpt>
      <trkpt lat="50.153715" lon="19.364947"></trkpt>
      <trkpt lat="50.153401" lon="19.358534"></trkpt>
      <trkpt lat="50.152896" lon="19.35366"></trkpt>
      <trkpt lat="50.14853" lon="19.32391"></trkpt>
      <trkpt lat="50.148016" lon="19.317784"></trkpt>
      <trkpt lat="50.147838" lon="19.313217"></trkpt>
      <trkpt lat="50.147854" lon="19.310634"></trkpt>
      <trkpt lat="50.148037" lon="19.305344"></trkpt>
      <trkpt lat="50.149847" lon="19.28031"></trkpt>
      <trkpt lat="50.150206" lon="19.258338"></trkpt>
      <trkpt lat="50.15038" lon="19.253784"></trkpt>
      <trkpt lat="50.150705" lon="19.250474"></trkpt>
      <trkpt lat="50.151054" lon="19.248204"></trkpt>
      <trkpt lat="50.152096" lon="19.243617"></trkpt>
      <trkpt lat="50.152945" lon="19.240914"></trkpt>
      <trkpt lat="50.154112" lon="19.237933"></trkpt>
      <trkpt lat="50.155259" lon="19.235529"></trkpt>
      <trkpt lat="50.15674" lon="19.232961"></trkpt>
      <trkpt lat="50.178308" lon="19.200937"></trkpt>
      <trkpt lat="50.180902" lon="19.19739"></trkpt>
      <trkpt lat="50.18358" lon="19.194438"></trkpt>
      <trkpt lat="50.185215" lon="19.192956"></trkpt>
      <trkpt lat="50.187021" lon="19.191524"></trkpt>
      <trkpt lat="50.189541" lon="19.189884"></trkpt>
      <trkpt lat="50.196824" lon="19.185917"></trkpt>
      <trkpt lat="50.198099" lon="19.185042"></trkpt>
      <trkpt lat="50.199411" lon="19.183904"></trkpt>
      <trkpt lat="50.201084" lon="19.182183"></trkpt>
      <trkpt lat="50.202206" lon="19.18078"></trkpt>
      <trkpt lat="50.203712" lon="19.178474"></trkpt>
      <trkpt lat="50.204871" lon="19.176263"></trkpt>
      <trkpt lat="50.206132" lon="19.173195"></trkpt>
      <trkpt lat="50.207224" lon="19.169505"></trkpt>
      <trkpt lat="50.216564" lon="19.12794"></trkpt>
      <trkpt lat="50.217153" lon="19.124841"></trkpt>
      <trkpt lat="50.217844" lon="19.120263"></trkpt>
      <trkpt lat="50.219662" lon="19.104846"></trkpt>
      <trkpt lat="50.220324" lon="19.10146"></trkpt>
      <trkpt lat="50.221251" lon="19.098032"></trkpt>
      <trkpt lat="50.230165" lon="19.069779"></trkpt>
      <trkpt lat="50.231361" lon="19.066504"></trkpt>
      <trkpt lat="50.232383" lon="19.064647"></trkpt>
      <trkpt lat="50.233588" lon="19.063131"></trkpt>
      <trkpt lat="50.234363" lon="19.062406"></trkpt>
      <trkpt lat="50.237727" lon="19.059832"></trkpt>
      <trkpt lat="50.239067" lon="19.058294"></trkpt>
      <trkpt lat="50.2399" lon="19.05698"></trkpt>
      <trkpt lat="50.240674" lon="19.055365"></trkpt>
      <trkpt lat="50.241148" lon="19.05406"></trkpt>
      <trkpt lat="50.241672" lon="19.052081"></trkpt>
      <trkpt lat="50.243359" lon="19.044101"></trkpt>
      <trkpt lat="50.245565" lon="19.032714"></trkpt>
      <trkpt lat="50.245964" lon="19.029005"></trkpt>
      <trkpt lat="50.247589" lon="19.005735"></trkpt>
      <trkpt lat="50.248177" lon="19.003574"></trkpt>
      <trkpt lat="50.249769" lon="19.000241"></trkpt>
      <trkpt lat="50.250285" lon="18.998879"></trkpt>
      <trkpt lat="50.251035" lon="18.995914"></trkpt>
      <trkpt lat="50.255565" lon="18.970043"></trkpt>
      <trkpt lat="50.255901" lon="18.967488"></trkpt>
      <trkpt lat="50.256047" lon="18.964915"></trkpt>
      <trkpt lat="50.255862" lon="18.960326"></trkpt>
      <trkpt lat="50.254888" lon="18.946922"></trkpt>
      <trkpt lat="50.25438" lon="18.941744"></trkpt>
      <trkpt lat="50.253741" lon="18.937233"></trkpt>
      <trkpt lat="50.247554" lon="18.899842"></trkpt>
      <trkpt lat="50.24732" lon="18.896967"></trkpt>
      <trkpt lat="50.247432" lon="18.894364"></trkpt>
      <trkpt lat="50.24774" lon="18.892389"></trkpt>
      <trkpt lat="50.248454" lon="18.889795"></trkpt>
      <trkpt lat="50.249148" lon="18.888152"></trkpt>
      <trkpt lat="50.250703" lon="18.885372"></trkpt>
      <trkpt lat="50.25165" lon="18.883284"></trkpt>
      <trkpt lat="50.252352" lon="18.880963"></trkpt>
      <trkpt lat="50.252726" lon="18.879019"></trkpt>
      <trkpt lat="50.258758" lon="18.833337"></trkpt>
      <trkpt lat="50.261265" lon="18.796027"></trkpt>
      <trkpt lat="50.261608" lon="18.792562"></trkpt>
      <trkpt lat="50.262316" lon="18.788619"></trkpt>
      <trkpt lat="50.26326" lon="18.785146"></trkpt>
      <trkpt lat="50.264261" lon="18.782366"></trkpt>
      <trkpt lat="50.26744" lon="18.774645"></trkpt>
      <trkpt lat="50.26811" lon="18.772548"></trkpt>
      <trkpt lat="50.268828" lon="18.76962"></trkpt>
      <trkpt lat="50.269308" lon="18.766741"></trkpt>
      <trkpt lat="50.26959" lon="18.763712"></trkpt>
      <trkpt lat="50.269655" lon="18.760688"></trkpt>
      <trkpt lat="50.269449" lon="18.7571"></trkpt>
      <trkpt lat="50.268794" lon="18.752808"></trkpt>
      <trkpt lat="50.2643" lon="18.732901"></trkpt>
      <trkpt lat="50.264307" lon="18.731302"></trkpt>
      <trkpt lat="50.265387" lon="18.725297"></trkpt>
      <trkpt lat="50.265269" lon="18.72427"></trkpt>
      <trkpt lat="50.264753" lon="18.723157"></trkpt>
      <trkpt lat="50.262521" lon="18.720336"></trkpt>
      <trkpt lat="50.261166" lon="18.719084"></trkpt>
      <trkpt lat="50.260144" lon="18.718436"></trkpt>
      <trkpt lat="50.258805" lon="18.717854"></trkpt>
      <trkpt lat="50.254408" lon="18.716374"></trkpt>
      <trkpt lat="50.252667" lon="18.716046"></trkpt>
      <trkpt lat="50.248906" lon="18.714697"></trkpt>
      <trkpt lat="50.24765" lon="18.714172"></trkpt>
      <trkpt lat="50.245733" lon="18.713146"></trkpt>
      <trkpt lat="50.242707" lon="18.711246"></trkpt>
      <trkpt lat="50.240367" lon="18.709437"></trkpt>
      <trkpt lat="50.237898" lon="18.707115"></trkpt>
      <trkpt lat="50.22769" lon="18.69616"></trkpt>
      <trkpt lat="50.225578" lon="18.6943"></trkpt>
      <trkpt lat="50.224648" lon="18.693627"></trkpt>
      <trkpt lat="50.222795" lon="18.692574"></trkpt>
      <trkpt lat="50.221017" lon="18.691888"></trkpt>
      <trkpt lat="50.220088" lon="18.691647"></trkpt>
      <trkpt lat="50.217913" lon="18.691372"></trkpt>
      <trkpt lat="50.215396" lon="18.691563"></trkpt>
      <trkpt lat="50.213109" lon="18.692234"></trkpt>
      <trkpt lat="50.211636" lon="18.692929"></trkpt>
      <trkpt lat="50.210224" lon="18.693765"></trkpt>
      <trkpt lat="50.20387" lon="18.698201"></trkpt>
      <trkpt lat="50.200712" lon="18.700153"></trkpt>
      <trkpt lat="50.197631" lon="18.701594"></trkpt>
      <trkpt lat="50.190025" lon="18.70461"></trkpt>
      <trkpt lat="50.187197" lon="18.706112"></trkpt>
      <trkpt lat="50.184886" lon="18.707648"></trkpt>
      <trkpt lat="50.178372" lon="18.71268"></trkpt>
      <trkpt lat="50.176529" lon="18.713874"></trkpt>
      <trkpt lat="50.175051" lon="18.714566"></trkpt>
      <trkpt lat="50.173476" lon="18.71506"></trkpt>
      <trkpt lat="50.171353" lon="18.715308"></trkpt>
      <trkpt lat="50.16955" lon="18.715172"></trkpt>
      <trkpt lat="50.167661" lon="18.714672"></trkpt>
      <trkpt lat="50.166564" lon="18.714203"></trkpt>
      <trkpt lat="50.164666" lon="18.713064"></trkpt>
      <trkpt lat="50.163446" lon="18.712085"></trkpt>
      <trkpt lat="50.161107" lon="18.709725"></trkpt>
      <trkpt lat="50.155591" lon="18.703587"></trkpt>
      <trkpt lat="50.152787" lon="18.700626"></trkpt>
      <trkpt lat="50.150022" lon="18.698293"></trkpt>
      <trkpt lat="50.147855" lon="18.69689"></trkpt>
      <trkpt lat="50.145833" lon="18.695881"></trkpt>
      <trkpt lat="50.144214" lon="18.695246"></trkpt>
      <trkpt lat="50.132543" lon="18.69161"></trkpt>
      <trkpt lat="50.128656" lon="18.690278"></trkpt>
      <trkpt lat="50.125462" lon="18.688769"></trkpt>
      <trkpt lat="50.122716" lon="18.687065"></trkpt>
      <trkpt lat="50.120053" lon="18.684997"></trkpt>
      <trkpt lat="50.117986" lon="18.683092"></trkpt>
      <trkpt lat="50.10581" lon="18.670445"></trkpt>
      <trkpt lat="50.103767" lon="18.66845"></trkpt>
      <trkpt lat="50.101451" lon="18.666545"></trkpt>
      <trkpt lat="50.098856" lon="18.664938"></trkpt>
      <trkpt lat="50.097398" lon="18.664254"></trkpt>
      <trkpt lat="50.095718" lon="18.663656"></trkpt>
      <trkpt lat="50.093939" lon="18.663216"></trkpt>
      <trkpt lat="50.092059" lon="18.662978"></trkpt>
      <trkpt lat="50.089432" lon="18.662927"></trkpt>
      <trkpt lat="50.074949" lon="18.663408"></trkpt>
      <trkpt lat="50.072807" lon="18.663301"></trkpt>
      <trkpt lat="50.071077" lon="18.662908"></trkpt>
      <trkpt lat="50.069411" lon="18.662138"></trkpt>
      <trkpt lat="50.068349" lon="18.661485"></trkpt>
      <trkpt lat="50.066779" lon="18.660191"></trkpt>
      <trkpt lat="50.064963" lon="18.658108"></trkpt>
      <trkpt lat="50.061314" lon="18.652216"></trkpt>
      <trkpt lat="50.059715" lon="18.650163"></trkpt>
      <trkpt lat="50.058047" lon="18.648669"></trkpt>
      <trkpt lat="50.054469" lon="18.646341"></trkpt>
      <trkpt lat="50.052692" lon="18.644928"></trkpt>
      <trkpt lat="50.051322" lon="18.643378"></trkpt>
      <trkpt lat="50.050208" lon="18.641683"></trkpt>
      <trkpt lat="50.048947" lon="18.638997"></trkpt>
      <trkpt lat="50.047842" lon="18.635599"></trkpt>
      <trkpt lat="50.042904" lon="18.616885"></trkpt>
      <trkpt lat="50.042054" lon="18.614123"></trkpt>
      <trkpt lat="50.041251" lon="18.612111"></trkpt>
      <trkpt lat="50.040444" lon="18.610488"></trkpt>
      <trkpt lat="50.039298" lon="18.608647"></trkpt>
      <trkpt lat="50.038478" lon="18.60757"></trkpt>
      <trkpt lat="50.036508" lon="18.605584"></trkpt>
      <trkpt lat="50.034484" lon="18.604231"></trkpt>
      <trkpt lat="50.032456" lon="18.603418"></trkpt>
      <trkpt lat="50.02664" lon="18.602267"></trkpt>
      <trkpt lat="50.024819" lon="18.601782"></trkpt>
      <trkpt lat="50.022547" lon="18.600656"></trkpt>
      <trkpt lat="50.021044" lon="18.599501"></trkpt>
      <trkpt lat="50.020153" lon="18.598657"></trkpt>
      <trkpt lat="50.018378" lon="18.596505"></trkpt>
      <trkpt lat="50.012479" lon="18.587465"></trkpt>
      <trkpt lat="50.011624" lon="18.586302"></trkpt>
      <trkpt lat="50.010007" lon="18.584441"></trkpt>
      <trkpt lat="50.007305" lon="18.582006"></trkpt>
      <trkpt lat="50.000846" lon="18.577535"></trkpt>
      <trkpt lat="49.999414" lon="18.576356"></trkpt>
      <trkpt lat="49.998001" lon="18.574943"></trkpt>
      <trkpt lat="49.991909" lon="18.568012"></trkpt>
      <trkpt lat="49.990525" lon="18.566614"></trkpt>
      <trkpt lat="49.989325" lon="18.565564"></trkpt>
      <trkpt lat="49.984843" lon="18.562273"></trkpt>
      <trkpt lat="49.982648" lon="18.560129"></trkpt>
      <trkpt lat="49.980933" lon="18.557814"></trkpt>
      <trkpt lat="49.979326" lon="18.554858"></trkpt>
      <trkpt lat="49.978144" lon="18.551892"></trkpt>
      <trkpt lat="49.975922" lon="18.545549"></trkpt>
      <trkpt lat="49.974581" lon="18.542888"></trkpt>
      <trkpt lat="49.973294" lon="18.540904"></trkpt>
      <trkpt lat="49.972008" lon="18.53939"></trkpt>
      <trkpt lat="49.970159" lon="18.537818"></trkpt>
      <trkpt lat="49.966615" lon="18.535726"></trkpt>
      <trkpt lat="49.964811" lon="18.534436"></trkpt>
      <trkpt lat="49.963128" lon="18.532738"></trkpt>
      <trkpt lat="49.961725" lon="18.530827"></trkpt>
      <trkpt lat="49.960273" lon="18.528119"></trkpt>
      <trkpt lat="49.95938" lon="18.525842"></trkpt>
      <trkpt lat="49.958438" lon="18.52226"></trkpt>
      <trkpt lat="49.957979" lon="18.518993"></trkpt>
      <trkpt lat="49.957777" lon="18.514265"></trkpt>
      <trkpt lat="49.957804" lon="18.498996"></trkpt>
      <trkpt lat="49.957585" lon="18.495234"></trkpt>
      <trkpt lat="49.956955" lon="18.490581"></trkpt>
      <trkpt lat="49.954699" lon="18.47861"></trkpt>
      <trkpt lat="49.954206" lon="18.474265"></trkpt>
      <trkpt lat="49.954168" lon="18.469602"></trkpt>
      <trkpt lat="49.954822" lon="18.46048"></trkpt>
      <trkpt lat="49.954918" lon="18.456821"></trkpt>
      <trkpt lat="49.95464" lon="18.452516"></trkpt>
      <trkpt lat="49.954254" lon="18.449906"></trkpt>
      <trkpt lat="49.953782" lon="18.447653"></trkpt>
      <trkpt lat="49.952758" lon="18.444161"></trkpt>
      <trkpt lat="49.951689" lon="18.44147"></trkpt>
      <trkpt lat="49.950639" lon="18.439347"></trkpt>
      <trkpt lat="49.94653" lon="18.431916"></trkpt>
      <trkpt lat="49.944877" lon="18.428533"></trkpt>
      <trkpt lat="49.942827" lon="18.423446"></trkpt>
      <trkpt lat="49.938776" lon="18.412582"></trkpt>
      <trkpt lat="49.937532" lon="18.409521"></trkpt>
      <trkpt lat="49.935325" lon="18.404876"></trkpt>
      <trkpt lat="49.930237" lon="18.394766"></trkpt>
      <trkpt lat="49.925666" lon="18.384744"></trkpt>
      <trkpt lat="49.921581" lon="18.374927"></trkpt>
      <trkpt lat="49.918402" lon="18.366251"></trkpt>
      <trkpt lat="49.916883" lon="18.361455"></trkpt>
      <trkpt lat="49.915511" lon="18.356597"></trkpt>
      <trkpt lat="49.91361" lon="18.348525"></trkpt>
      <trkpt lat="49.912842" lon="18.344179"></trkpt>
      <trkpt lat="49.912337" lon="18.340182"></trkpt>
      <trkpt lat="49.910627" lon="18.322282"></trkpt>
      <trkpt lat="49.909714" lon="18.317886"></trkpt>
      <trkpt lat="49.90911" lon="18.315982"></trkpt>
      <trkpt lat="49.908289" lon="18.313923"></trkpt>
      <trkpt lat="49.907127" lon="18.311622"></trkpt>
      <trkpt lat="49.906269" lon="18.310248"></trkpt>
      <trkpt lat="49.905343" lon="18.308962"></trkpt>
      <trkpt lat="49.903973" lon="18.307355"></trkpt>
      <trkpt lat="49.902881" lon="18.306311"></trkpt>
      <trkpt lat="49.901304" lon="18.30512"></trkpt>
      <trkpt lat="49.899904" lon="18.304309"></trkpt>
      <trkpt lat="49.898531" lon="18.303741"></trkpt>
      <trkpt lat="49.896492" lon="18.303232"></trkpt>
      <trkpt lat="49.895311" lon="18.30314"></trkpt>
      <trkpt lat="49.893759" lon="18.303203"></trkpt>
      <trkpt lat="49.891476" lon="18.3037"></trkpt>
      <trkpt lat="49.885539" lon="18.305676"></trkpt>
      <trkpt lat="49.883605" lon="18.305917"></trkpt>
      <trkpt lat="49.8819" lon="18.305698"></trkpt>
      <trkpt lat="49.880642" lon="18.305254"></trkpt>
      <trkpt lat="49.879382" lon="18.304581"></trkpt>
      <trkpt lat="49.877894" lon="18.30341"></trkpt>
      <trkpt lat="49.876109" lon="18.301303"></trkpt>
      <trkpt lat="49.875163" lon="18.299764"></trkpt>
      <trkpt lat="49.874255" lon="18.297853"></trkpt>
      <trkpt lat="49.873492" lon="18.29562"></trkpt>
      <trkpt lat="49.871684" lon="18.289395"></trkpt>
      <trkpt lat="49.869649" lon="18.283937"></trkpt>
      <trkpt lat="49.868021" lon="18.280407"></trkpt>
      <trkpt lat="49.865319" lon="18.27539"></trkpt>
      <trkpt lat="49.863913" lon="18.272344"></trkpt>
      <trkpt lat="49.86275" lon="18.268693"></trkpt>
      <trkpt lat="49.861455" lon="18.26316"></trkpt>
      <trkpt lat="49.860347" lon="18.260184"></trkpt>
      <trkpt lat="49.85897" lon="18.257695"></trkpt>
      <trkpt lat="49.854593" lon="18.25103"></trkpt>
      <trkpt lat="49.853381" lon="18.248487"></trkpt>
      <trkpt lat="49.852803" lon="18.246793"></trkpt>
      <trkpt lat="49.852207" lon="18.244272"></trkpt>
      <trkpt lat="49.851091" lon="18.235837"></trkpt>
      <trkpt lat="49.850515" lon="18.232921"></trkpt>
      <trkpt lat="49.850071" lon="18.231422"></trkpt>
      <trkpt lat="49.849232" lon="18.229293"></trkpt>
      <trkpt lat="49.847656" lon="18.226551"></trkpt>
      <trkpt lat="49.845886" lon="18.224266"></trkpt>
      <trkpt lat="49.8445" lon="18.222783"></trkpt>
      <trkpt lat="49.842389" lon="18.22093"></trkpt>
      <trkpt lat="49.840792" lon="18.219854"></trkpt>
      <trkpt lat="49.839637" lon="18.219281"></trkpt>
      <trkpt lat="49.83799" lon="18.218759"></trkpt>
      <trkpt lat="49.835809" lon="18.218533"></trkpt>
      <trkpt lat="49.8337" lon="18.21863"></trkpt>
      <trkpt lat="49.832469" lon="18.218562"></trkpt>
      <trkpt lat="49.830645" lon="18.218133"></trkpt>
      <trkpt lat="49.82935" lon="18.217576"></trkpt>
      <trkpt lat="49.827372" lon="18.216302"></trkpt>
      <trkpt lat="49.823501" lon="18.213063"></trkpt>
      <trkpt lat="49.820942" lon="18.211262"></trkpt>
      <trkpt lat="49.816953" lon="18.209298"></trkpt>
      <trkpt lat="49.814302" lon="18.20821"></trkpt>
      <trkpt lat="49.810764" lon="18.206961"></trkpt>
      <trkpt lat="49.809133" lon="18.20606"></trkpt>
      <trkpt lat="49.80818" lon="18.205319"></trkpt>
      <trkpt lat="49.807003" lon="18.204121"></trkpt>
      <trkpt lat="49.805477" lon="18.201921"></trkpt>
      <trkpt lat="49.804736" lon="18.200535"></trkpt>
      <trkpt lat="49.804046" lon="18.198817"></trkpt>
      <trkpt lat="49.803521" lon="18.197105"></trkpt>
      <trkpt lat="49.802857" lon="18.194312"></trkpt>
      <trkpt lat="49.801787" lon="18.18838"></trkpt>
      <trkpt lat="49.801213" lon="18.183334"></trkpt>
      <trkpt lat="49.800948" lon="18.178517"></trkpt>
      <trkpt lat="49.800177" lon="18.144776"></trkpt>
      <trkpt lat="49.799707" lon="18.139383"></trkpt>
      <trkpt lat="49.799005" lon="18.134988"></trkpt>
      <trkpt lat="49.797859" lon="18.129883"></trkpt>
      <trkpt lat="49.79576" lon="18.123034"></trkpt>
      <trkpt lat="49.794301" lon="18.11954"></trkpt>
      <trkpt lat="49.792878" lon="18.116791"></trkpt>
      <trkpt lat="49.79085" lon="18.11321"></trkpt>
      <trkpt lat="49.789769" lon="18.111532"></trkpt>
      <trkpt lat="49.783305" lon="18.102703"></trkpt>
      <trkpt lat="49.782249" lon="18.101349"></trkpt>
      <trkpt lat="49.780814" lon="18.099811"></trkpt>
      <trkpt lat="49.779871" lon="18.09897"></trkpt>
      <trkpt lat="49.777876" lon="18.097636"></trkpt>
      <trkpt lat="49.776141" lon="18.096803"></trkpt>
      <trkpt lat="49.774446" lon="18.096303"></trkpt>
      <trkpt lat="49.772948" lon="18.096039"></trkpt>
      <trkpt lat="49.757526" lon="18.095798"></trkpt>
      <trkpt lat="49.754636" lon="18.095689"></trkpt>
      <trkpt lat="49.753581" lon="18.095508"></trkpt>
      <trkpt lat="49.751484" lon="18.094743"></trkpt>
      <trkpt lat="49.749543" lon="18.09352"></trkpt>
      <trkpt lat="49.747433" lon="18.091482"></trkpt>
      <trkpt lat="49.745729" lon="18.089091"></trkpt>
      <trkpt lat="49.744624" lon="18.086984"></trkpt>
      <trkpt lat="49.743688" lon="18.084638"></trkpt>
      <trkpt lat="49.742818" lon="18.081443"></trkpt>
      <trkpt lat="49.742407" lon="18.079081"></trkpt>
      <trkpt lat="49.741855" lon="18.073434"></trkpt>
      <trkpt lat="49.741493" lon="18.062472"></trkpt>
      <trkpt lat="49.741121" lon="18.057265"></trkpt>
      <trkpt lat="49.74043" lon="18.051617"></trkpt>
      <trkpt lat="49.739468" lon="18.04628"></trkpt>
      <trkpt lat="49.73842" lon="18.041689"></trkpt>
      <trkpt lat="49.736302" lon="18.034684"></trkpt>
      <trkpt lat="49.734219" lon="18.029344"></trkpt>
      <trkpt lat="49.732299" lon="18.025087"></trkpt>
      <trkpt lat="49.731036" lon="18.022678"></trkpt>
      <trkpt lat="49.729006" lon="18.019208"></trkpt>
      <trkpt lat="49.726843" lon="18.01597"></trkpt>
      <trkpt lat="49.72541" lon="18.01405"></trkpt>
      <trkpt lat="49.723202" lon="18.011377"></trkpt>
      <trkpt lat="49.715516" lon="18.003336"></trkpt>
      <trkpt lat="49.713341" lon="18.000905"></trkpt>
      <trkpt lat="49.70881" lon="17.99524"></trkpt>
      <trkpt lat="49.703904" lon="17.987782"></trkpt>
      <trkpt lat="49.701038" lon="17.982723"></trkpt>
      <trkpt lat="49.697555" lon="17.975652"></trkpt>
      <trkpt lat="49.695761" lon="17.971449"></trkpt>
      <trkpt lat="49.693863" lon="17.966514"></trkpt>
      <trkpt lat="49.688975" lon="17.95256"></trkpt>
      <trkpt lat="49.687411" lon="17.948778"></trkpt>
      <trkpt lat="49.685122" lon="17.94406"></trkpt>
      <trkpt lat="49.682926" lon="17.940218"></trkpt>
      <trkpt lat="49.681633" lon="17.938206"></trkpt>
      <trkpt lat="49.671891" lon="17.92492"></trkpt>
      <trkpt lat="49.669116" lon="17.920695"></trkpt>
      <trkpt lat="49.666527" lon="17.9164"></trkpt>
      <trkpt lat="49.663217" lon="17.910369"></trkpt>
      <trkpt lat="49.63877" lon="17.863827"></trkpt>
      <trkpt lat="49.63658" lon="17.858983"></trkpt>
      <trkpt lat="49.634491" lon="17.853474"></trkpt>
      <trkpt lat="49.632978" lon="17.848689"></trkpt>
      <trkpt lat="49.629514" lon="17.836301"></trkpt>
      <trkpt lat="49.627675" lon="17.830879"></trkpt>
      <trkpt lat="49.625067" lon="17.8246"></trkpt>
      <trkpt lat="49.621756" lon="17.818223"></trkpt>
      <trkpt lat="49.619904" lon="17.815196"></trkpt>
      <trkpt lat="49.617574" lon="17.811813"></trkpt>
      <trkpt lat="49.615161" lon="17.808735"></trkpt>
      <trkpt lat="49.613207" lon="17.806495"></trkpt>
      <trkpt lat="49.610849" lon="17.804114"></trkpt>
      <trkpt lat="49.608997" lon="17.802425"></trkpt>
      <trkpt lat="49.602206" lon="17.796842"></trkpt>
      <trkpt lat="49.600422" lon="17.795115"></trkpt>
      <trkpt lat="49.598622" lon="17.793105"></trkpt>
      <trkpt lat="49.597195" lon="17.791279"></trkpt>
      <trkpt lat="49.595229" lon="17.788376"></trkpt>
      <trkpt lat="49.592836" lon="17.784026"></trkpt>
      <trkpt lat="49.591578" lon="17.781256"></trkpt>
      <trkpt lat="49.590546" lon="17.77862"></trkpt>
      <trkpt lat="49.589602" lon="17.775832"></trkpt>
      <trkpt lat="49.588715" lon="17.772696"></trkpt>
      <trkpt lat="49.587828" lon="17.768731"></trkpt>
      <trkpt lat="49.586129" lon="17.759405"></trkpt>
      <trkpt lat="49.585014" lon="17.755281"></trkpt>
      <trkpt lat="49.584375" lon="17.753644"></trkpt>
      <trkpt lat="49.583252" lon="17.751415"></trkpt>
      <trkpt lat="49.579981" lon="17.746646"></trkpt>
      <trkpt lat="49.578427" lon="17.743739"></trkpt>
      <trkpt lat="49.577078" lon="17.740063"></trkpt>
      <trkpt lat="49.576309" lon="17.736384"></trkpt>
      <trkpt lat="49.576079" lon="17.734476"></trkpt>
      <trkpt lat="49.57599" lon="17.732077"></trkpt>
      <trkpt lat="49.57628" lon="17.71926"></trkpt>
      <trkpt lat="49.576049" lon="17.71417"></trkpt>
      <trkpt lat="49.575516" lon="17.710059"></trkpt>
      <trkpt lat="49.572734" lon="17.693402"></trkpt>
      <trkpt lat="49.572353" lon="17.689594"></trkpt>
      <trkpt lat="49.572418" lon="17.685853"></trkpt>
      <trkpt lat="49.574109" lon="17.671878"></trkpt>
      <trkpt lat="49.574417" lon="17.667121"></trkpt>
      <trkpt lat="49.574365" lon="17.663527"></trkpt>
      <trkpt lat="49.574118" lon="17.660431"></trkpt>
      <trkpt lat="49.573356" lon="17.655678"></trkpt>
      <trkpt lat="49.57289" lon="17.653586"></trkpt>
      <trkpt lat="49.571994" lon="17.650567"></trkpt>
      <trkpt lat="49.570759" lon="17.647219"></trkpt>
      <trkpt lat="49.569618" lon="17.644757"></trkpt>
      <trkpt lat="49.56621" lon="17.638261"></trkpt>
      <trkpt lat="49.565065" lon="17.635602"></trkpt>
      <trkpt lat="49.563758" lon="17.631593"></trkpt>
      <trkpt lat="49.561799" lon="17.623468"></trkpt>
      <trkpt lat="49.561066" lon="17.621272"></trkpt>
      <trkpt lat="49.560432" lon="17.619766"></trkpt>
      <trkpt lat="49.559282" lon="17.617623"></trkpt>
      <trkpt lat="49.558219" lon="17.616052"></trkpt>
      <trkpt lat="49.553604" lon="17.609805"></trkpt>
      <trkpt lat="49.551994" lon="17.60739"></trkpt>
      <trkpt lat="49.550364" lon="17.604178"></trkpt>
      <trkpt lat="49.549458" lon="17.60188"></trkpt>
      <trkpt lat="49.548802" lon="17.599799"></trkpt>
      <trkpt lat="49.547916" lon="17.595841"></trkpt>
      <trkpt lat="49.547404" lon="17.591238"></trkpt>
      <trkpt lat="49.547338" lon="17.588526"></trkpt>
      <trkpt lat="49.547607" lon="17.573229"></trkpt>
      <trkpt lat="49.547521" lon="17.569868"></trkpt>
      <trkpt lat="49.546947" lon="17.565831"></trkpt>
      <trkpt lat="49.546205" lon="17.56303"></trkpt>
      <trkpt lat="49.54507" lon="17.56013"></trkpt>
      <trkpt lat="49.543839" lon="17.557852"></trkpt>
      <trkpt lat="49.536979" lon="17.54847"></trkpt>
      <trkpt lat="49.534475" lon="17.544435"></trkpt>
      <trkpt lat="49.532104" lon="17.539643"></trkpt>
      <trkpt lat="49.52682" lon="17.526995"></trkpt>
      <trkpt lat="49.524318" lon="17.52209"></trkpt>
      <trkpt lat="49.521589" lon="17.517813"></trkpt>
      <trkpt lat="49.515737" lon="17.510065"></trkpt>
      <trkpt lat="49.514714" lon="17.508455"></trkpt>
      <trkpt lat="49.513152" lon="17.505644"></trkpt>
      <trkpt lat="49.511739" lon="17.502567"></trkpt>
      <trkpt lat="49.510317" lon="17.498713"></trkpt>
      <trkpt lat="49.50953" lon="17.496097"></trkpt>
      <trkpt lat="49.507959" lon="17.489726"></trkpt>
      <trkpt lat="49.507199" lon="17.487063"></trkpt>
      <trkpt lat="49.505959" lon="17.483789"></trkpt>
      <trkpt lat="49.504699" lon="17.481289"></trkpt>
      <trkpt lat="49.503131" lon="17.478844"></trkpt>
      <trkpt lat="49.501556" lon="17.47689"></trkpt>
      <trkpt lat="49.489023" lon="17.463337"></trkpt>
      <trkpt lat="49.48679" lon="17.460543"></trkpt>
      <trkpt lat="49.484337" lon="17.456921"></trkpt>
      <trkpt lat="49.482348" lon="17.45351"></trkpt>
      <trkpt lat="49.480065" lon="17.448835"></trkpt>
      <trkpt lat="49.476089" lon="17.438808"></trkpt>
      <trkpt lat="49.474664" lon="17.435583"></trkpt>
      <trkpt lat="49.473039" lon="17.432532"></trkpt>
      <trkpt lat="49.47116" lon="17.429659"></trkpt>
      <trkpt lat="49.468429" lon="17.42633"></trkpt>
      <trkpt lat="49.465773" lon="17.423823"></trkpt>
      <trkpt lat="49.463308" lon="17.422029"></trkpt>
      <trkpt lat="49.460641" lon="17.420612"></trkpt>
      <trkpt lat="49.457703" lon="17.419531"></trkpt>
      <trkpt lat="49.455339" lon="17.418914"></trkpt>
      <trkpt lat="49.452545" lon="17.418394"></trkpt>
      <trkpt lat="49.449096" lon="17.418018"></trkpt>
      <trkpt lat="49.447763" lon="17.41811"></trkpt>
      <trkpt lat="49.446488" lon="17.418418"></trkpt>
      <trkpt lat="49.444927" lon="17.41909"></trkpt>
      <trkpt lat="49.443494" lon="17.420033"></trkpt>
      <trkpt lat="49.442544" lon="17.420852"></trkpt>
      <trkpt lat="49.441027" lon="17.422558"></trkpt>
      <trkpt lat="49.439929" lon="17.424205"></trkpt>
      <trkpt lat="49.439099" lon="17.425776"></trkpt>
      <trkpt lat="49.436868" lon="17.431334"></trkpt>
      <trkpt lat="49.435675" lon="17.433592"></trkpt>
      <trkpt lat="49.434496" lon="17.435292"></trkpt>
      <trkpt lat="49.433674" lon="17.436255"></trkpt>
      <trkpt lat="49.431695" lon="17.438012"></trkpt>
      <trkpt lat="49.430049" lon="17.438985"></trkpt>
      <trkpt lat="49.42805" lon="17.439669"></trkpt>
      <trkpt lat="49.413559" lon="17.442175"></trkpt>
      <trkpt lat="49.411478" lon="17.442627"></trkpt>
      <trkpt lat="49.408636" lon="17.44356"></trkpt>
      <trkpt lat="49.405403" lon="17.445105"></trkpt>
      <trkpt lat="49.403698" lon="17.446141"></trkpt>
      <trkpt lat="49.401794" lon="17.447501"></trkpt>
      <trkpt lat="49.398757" lon="17.450151"></trkpt>
      <trkpt lat="49.396623" lon="17.452414"></trkpt>
      <trkpt lat="49.391967" lon="17.45777"></trkpt>
      <trkpt lat="49.388978" lon="17.460645"></trkpt>
      <trkpt lat="49.38579" lon="17.463053"></trkpt>
      <trkpt lat="49.382336" lon="17.464994"></trkpt>
      <trkpt lat="49.378923" lon="17.466306"></trkpt>
      <trkpt lat="49.375533" lon="17.467058"></trkpt>
      <trkpt lat="49.37233" lon="17.467303"></trkpt>
      <trkpt lat="49.365709" lon="17.467393"></trkpt>
      <trkpt lat="49.363263" lon="17.467655"></trkpt>
      <trkpt lat="49.360205" lon="17.468268"></trkpt>
      <trkpt lat="49.357671" lon="17.469027"></trkpt>
      <trkpt lat="49.35506" lon="17.470053"></trkpt>
      <trkpt lat="49.3441" lon="17.475352"></trkpt>
      <trkpt lat="49.342675" lon="17.475894"></trkpt>
      <trkpt lat="49.341564" lon="17.476082"></trkpt>
      <trkpt lat="49.340613" lon="17.476066"></trkpt>
      <trkpt lat="49.339588" lon="17.475877"></trkpt>
      <trkpt lat="49.338308" lon="17.475378"></trkpt>
      <trkpt lat="49.337299" lon="17.474748"></trkpt>
      <trkpt lat="49.33618" lon="17.473768"></trkpt>
      <trkpt lat="49.3354" lon="17.472867"></trkpt>
      <trkpt lat="49.334022" lon="17.470637"></trkpt>
      <trkpt lat="49.327308" lon="17.45386"></trkpt>
      <trkpt lat="49.326091" lon="17.450589"></trkpt>
      <trkpt lat="49.325106" lon="17.447504"></trkpt>
      <trkpt lat="49.323837" lon="17.442433"></trkpt>
      <trkpt lat="49.321348" lon="17.429537"></trkpt>
      <trkpt lat="49.320789" lon="17.427315"></trkpt>
      <trkpt lat="49.319328" lon="17.422541"></trkpt>
      <trkpt lat="49.317381" lon="17.417681"></trkpt>
      <trkpt lat="49.314086" lon="17.41096"></trkpt>
      <trkpt lat="49.313596" lon="17.409662"></trkpt>
      <trkpt lat="49.313017" lon="17.4076"></trkpt>
      <trkpt lat="49.312634" lon="17.405525"></trkpt>
      <trkpt lat="49.312412" lon="17.402827"></trkpt>
      <trkpt lat="49.312453" lon="17.400556"></trkpt>
      <trkpt lat="49.312871" lon="17.393924"></trkpt>
      <trkpt lat="49.312833" lon="17.386244"></trkpt>
      <trkpt lat="49.312699" lon="17.383606"></trkpt>
      <trkpt lat="49.312144" lon="17.380338"></trkpt>
      <trkpt lat="49.308442" lon="17.365014"></trkpt>
      <trkpt lat="49.308083" lon="17.362966"></trkpt>
      <trkpt lat="49.307832" lon="17.36041"></trkpt>
      <trkpt lat="49.307789" lon="17.358116"></trkpt>
      <trkpt lat="49.307986" lon="17.355078"></trkpt>
      <trkpt lat="49.308582" lon="17.351677"></trkpt>
      <trkpt lat="49.30918" lon="17.349526"></trkpt>
      <trkpt lat="49.310471" lon="17.346315"></trkpt>
      <trkpt lat="49.314294" lon="17.338887"></trkpt>
      <trkpt lat="49.316087" lon="17.334862"></trkpt>
      <trkpt lat="49.318046" lon="17.329604"></trkpt>
      <trkpt lat="49.319445" lon="17.325002"></trkpt>
      <trkpt lat="49.32105" lon="17.31832"></trkpt>
      <trkpt lat="49.321737" lon="17.314515"></trkpt>
      <trkpt lat="49.322419" lon="17.309437"></trkpt>
      <trkpt lat="49.322862" lon="17.304119"></trkpt>
      <trkpt lat="49.323033" lon="17.299532"></trkpt>
      <trkpt lat="49.323006" lon="17.295949"></trkpt>
      <trkpt lat="49.322746" lon="17.290241"></trkpt>
      <trkpt lat="49.322228" lon="17.285203"></trkpt>
      <trkpt lat="49.320995" lon="17.276666"></trkpt>
      <trkpt lat="49.320665" lon="17.273699"></trkpt>
      <trkpt lat="49.320343" lon="17.268397"></trkpt>
      <trkpt lat="49.320345" lon="17.263878"></trkpt>
      <trkpt lat="49.320653" lon="17.258903"></trkpt>
      <trkpt lat="49.321538" lon="17.25236"></trkpt>
      <trkpt lat="49.322381" lon="17.248302"></trkpt>
      <trkpt lat="49.32419" lon="17.240666"></trkpt>
      <trkpt lat="49.324848" lon="17.237349"></trkpt>
      <trkpt lat="49.325376" lon="17.233814"></trkpt>
      <trkpt lat="49.32576" lon="17.23003"></trkpt>
      <trkpt lat="49.325958" lon="17.226567"></trkpt>
      <trkpt lat="49.325942" lon="17.221103"></trkpt>
      <trkpt lat="49.325597" lon="17.215995"></trkpt>
      <trkpt lat="49.324917" lon="17.210885"></trkpt>
      <trkpt lat="49.324114" lon="17.206781"></trkpt>
      <trkpt lat="49.32136" lon="17.194896"></trkpt>
      <trkpt lat="49.32029" lon="17.189232"></trkpt>
      <trkpt lat="49.31958" lon="17.183879"></trkpt>
      <trkpt lat="49.318486" lon="17.172312"></trkpt>
      <trkpt lat="49.317617" lon="17.166908"></trkpt>
      <trkpt lat="49.316943" lon="17.163886"></trkpt>
      <trkpt lat="49.315794" lon="17.159714"></trkpt>
      <trkpt lat="49.31477" lon="17.156673"></trkpt>
      <trkpt lat="49.311787" lon="17.148919"></trkpt>
      <trkpt lat="49.31035" lon="17.144291"></trkpt>
      <trkpt lat="49.309216" lon="17.139491"></trkpt>
      <trkpt lat="49.308142" lon="17.133453"></trkpt>
      <trkpt lat="49.307458" lon="17.130267"></trkpt>
      <trkpt lat="49.306144" lon="17.125494"></trkpt>
      <trkpt lat="49.304811" lon="17.12168"></trkpt>
      <trkpt lat="49.303016" lon="17.117496"></trkpt>
      <trkpt lat="49.301421" lon="17.114387"></trkpt>
      <trkpt lat="49.299509" lon="17.111208"></trkpt>
      <trkpt lat="49.295198" lon="17.104761"></trkpt>
      <trkpt lat="49.293137" lon="17.101034"></trkpt>
      <trkpt lat="49.291387" lon="17.097217"></trkpt>
      <trkpt lat="49.288473" lon="17.089779"></trkpt>
      <trkpt lat="49.287103" lon="17.086569"></trkpt>
      <trkpt lat="49.282437" lon="17.077521"></trkpt>
      <trkpt lat="49.281242" lon="17.074514"></trkpt>
      <trkpt lat="49.280506" lon="17.072036"></trkpt>
      <trkpt lat="49.279794" lon="17.068575"></trkpt>
      <trkpt lat="49.278929" lon="17.060346"></trkpt>
      <trkpt lat="49.278239" lon="17.056518"></trkpt>
      <trkpt lat="49.277735" lon="17.054634"></trkpt>
      <trkpt lat="49.276812" lon="17.051984"></trkpt>
      <trkpt lat="49.274247" lon="17.046017"></trkpt>
      <trkpt lat="49.273712" lon="17.044207"></trkpt>
      <trkpt lat="49.273346" lon="17.042473"></trkpt>
      <trkpt lat="49.273085" lon="17.040518"></trkpt>
      <trkpt lat="49.272983" lon="17.038715"></trkpt>
      <trkpt lat="49.273165" lon="17.032048"></trkpt>
      <trkpt lat="49.272948" lon="17.027653"></trkpt>
      <trkpt lat="49.272642" lon="17.025282"></trkpt>
      <trkpt lat="49.272035" lon="17.022002"></trkpt>
      <trkpt lat="49.270595" lon="17.016106"></trkpt>
      <trkpt lat="49.268899" lon="17.010897"></trkpt>
      <trkpt lat="49.26705" lon="17.006495"></trkpt>
      <trkpt lat="49.261641" lon="16.996254"></trkpt>
      <trkpt lat="49.259416" lon="16.991285"></trkpt>
      <trkpt lat="49.257426" lon="16.985348"></trkpt>
      <trkpt lat="49.254397" lon="16.974438"></trkpt>
      <trkpt lat="49.252782" lon="16.969074"></trkpt>
      <trkpt lat="49.251312" lon="16.964759"></trkpt>
      <trkpt lat="49.248536" lon="16.957896"></trkpt>
      <trkpt lat="49.245394" lon="16.951339"></trkpt>
      <trkpt lat="49.241655" lon="16.944849"></trkpt>
      <trkpt lat="49.238163" lon="16.939747"></trkpt>
      <trkpt lat="49.235806" lon="16.936663"></trkpt>
      <trkpt lat="49.23413" lon="16.934672"></trkpt>
      <trkpt lat="49.231676" lon="16.932023"></trkpt>
      <trkpt lat="49.230282" lon="16.930696"></trkpt>
      <trkpt lat="49.227889" lon="16.928776"></trkpt>
      <trkpt lat="49.225244" lon="16.927056"></trkpt>
      <trkpt lat="49.219688" lon="16.923835"></trkpt>
      <trkpt lat="49.216855" lon="16.92172"></trkpt>
      <trkpt lat="49.212431" lon="16.917564"></trkpt>
      <trkpt lat="49.210013" lon="16.914992"></trkpt>
      <trkpt lat="49.206753" lon="16.911085"></trkpt>
      <trkpt lat="49.204325" lon="16.90752"></trkpt>
      <trkpt lat="49.202331" lon="16.903897"></trkpt>
      <trkpt lat="49.198386" lon="16.894738"></trkpt>
      <trkpt lat="49.197287" lon="16.892603"></trkpt>
      <trkpt lat="49.195521" lon="16.889787"></trkpt>
      <trkpt lat="49.1925" lon="16.885486"></trkpt>
      <trkpt lat="49.191613" lon="16.883986"></trkpt>
      <trkpt lat="49.190493" lon="16.881733"></trkpt>
      <trkpt lat="49.189252" lon="16.878455"></trkpt>
      <trkpt lat="49.188467" lon="16.874875"></trkpt>
      <trkpt lat="49.188215" lon="16.871716"></trkpt>
      <trkpt lat="49.188322" lon="16.868823"></trkpt>
      <trkpt lat="49.189232" lon="16.860611"></trkpt>
      <trkpt lat="49.189287" lon="16.85813"></trkpt>
      <trkpt lat="49.189108" lon="16.854906"></trkpt>
      <trkpt lat="49.188658" lon="16.851776"></trkpt>
      <trkpt lat="49.188142" lon="16.849461"></trkpt>
      <trkpt lat="49.187356" lon="16.84686"></trkpt>
      <trkpt lat="49.184836" lon="16.839986"></trkpt>
      <trkpt lat="49.184243" lon="16.837742"></trkpt>
      <trkpt lat="49.183932" lon="16.835855"></trkpt>
      <trkpt lat="49.183737" lon="16.833735"></trkpt>
      <trkpt lat="49.183568" lon="16.825642"></trkpt>
      <trkpt lat="49.183256" lon="16.820743"></trkpt>
      <trkpt lat="49.180799" lon="16.798271"></trkpt>
      <trkpt lat="49.180424" lon="16.793542"></trkpt>
      <trkpt lat="49.180314" lon="16.79073"></trkpt>
      <trkpt lat="49.180329" lon="16.78665"></trkpt>
      <trkpt lat="49.180523" lon="16.783219"></trkpt>
      <trkpt lat="49.18126" lon="16.77728"></trkpt>
      <trkpt lat="49.182038" lon="16.773267"></trkpt>
      <trkpt lat="49.185074" lon="16.759986"></trkpt>
      <trkpt lat="49.185914" lon="16.755387"></trkpt>
      <trkpt lat="49.186478" lon="16.751104"></trkpt>
      <trkpt lat="49.186826" lon="16.74692"></trkpt>
      <trkpt lat="49.18699" lon="16.741559"></trkpt>
      <trkpt lat="49.186856" lon="16.736756"></trkpt>
      <trkpt lat="49.186474" lon="16.7318"></trkpt>
      <trkpt lat="49.185802" lon="16.726883"></trkpt>
      <trkpt lat="49.184995" lon="16.722727"></trkpt>
      <trkpt lat="49.184365" lon="16.720168"></trkpt>
      <trkpt lat="49.182593" lon="16.714587"></trkpt>
      <trkpt lat="49.181116" lon="16.710972"></trkpt>
      <trkpt lat="49.1791" lon="16.706986"></trkpt>
      <trkpt lat="49.178186" lon="16.705419"></trkpt>
      <trkpt lat="49.176263" lon="16.70253"></trkpt>
      <trkpt lat="49.170426" lon="16.695147"></trkpt>
      <trkpt lat="49.168829" lon="16.693036"></trkpt>
      <trkpt lat="49.167349" lon="16.690824"></trkpt>
      <trkpt lat="49.166358" lon="16.689039"></trkpt>
      <trkpt lat="49.165605" lon="16.687402"></trkpt>
      <trkpt lat="49.164798" lon="16.685173"></trkpt>
      <trkpt lat="49.164157" lon="16.682699"></trkpt>
      <trkpt lat="49.163648" lon="16.679422"></trkpt>
      <trkpt lat="49.163327" lon="16.675165"></trkpt>
      <trkpt lat="49.163246" lon="16.671892"></trkpt>
      <trkpt lat="49.163384" lon="16.661353"></trkpt>
      <trkpt lat="49.163072" lon="16.65526"></trkpt>
      <trkpt lat="49.1624" lon="16.650035"></trkpt>
      <trkpt lat="49.160177" lon="16.638209"></trkpt>
      <trkpt lat="49.159611" lon="16.633713"></trkpt>
      <trkpt lat="49.159277" lon="16.623095"></trkpt>
      <trkpt lat="49.159043" lon="16.609757"></trkpt>
      <trkpt lat="49.159362" lon="16.604788"></trkpt>
      <trkpt lat="49.161265" lon="16.588091"></trkpt>
      <trkpt lat="49.161495" lon="16.584885"></trkpt>
      <trkpt lat="49.161419" lon="16.580522"></trkpt>
      <trkpt lat="49.160861" lon="16.575148"></trkpt>
      <trkpt lat="49.160698" lon="16.572375"></trkpt>
      <trkpt lat="49.160862" lon="16.56815"></trkpt>
      <trkpt lat="49.161285" lon="16.565208"></trkpt>
      <trkpt lat="49.162096" lon="16.561878"></trkpt>
      <trkpt lat="49.166093" lon="16.550008"></trkpt>
      <trkpt lat="49.167645" lon="16.544262"></trkpt>
      <trkpt lat="49.168445" lon="16.540686"></trkpt>
      <trkpt lat="49.169407" lon="16.535046"></trkpt>
      <trkpt lat="49.17135" lon="16.520187"></trkpt>
      <trkpt lat="49.171989" lon="16.517642"></trkpt>
      <trkpt lat="49.173793" lon="16.512644"></trkpt>
      <trkpt lat="49.174693" lon="16.509546"></trkpt>
      <trkpt lat="49.175291" lon="16.506682"></trkpt>
      <trkpt lat="49.176549" lon="16.498144"></trkpt>
      <trkpt lat="49.177246" lon="16.495071"></trkpt>
      <trkpt lat="49.178254" lon="16.491715"></trkpt>
      <trkpt lat="49.181785" lon="16.481631"></trkpt>
      <trkpt lat="49.183177" lon="16.476604"></trkpt>
      <trkpt lat="49.18394" lon="16.473064"></trkpt>
      <trkpt lat="49.188109" lon="16.450128"></trkpt>
      <trkpt lat="49.189044" lon="16.446149"></trkpt>
      <trkpt lat="49.190066" lon="16.442601"></trkpt>
      <trkpt lat="49.191712" lon="16.438001"></trkpt>
      <trkpt lat="49.193998" lon="16.432934"></trkpt>
      <trkpt lat="49.196276" lon="16.42889"></trkpt>
      <trkpt lat="49.197876" lon="16.426508"></trkpt>
      <trkpt lat="49.199173" lon="16.424872"></trkpt>
      <trkpt lat="49.20135" lon="16.422608"></trkpt>
      <trkpt lat="49.203124" lon="16.421157"></trkpt>
      <trkpt lat="49.204831" lon="16.420013"></trkpt>
      <trkpt lat="49.2086" lon="16.417924"></trkpt>
      <trkpt lat="49.211307" lon="16.416085"></trkpt>
      <trkpt lat="49.212893" lon="16.414687"></trkpt>
      <trkpt lat="49.213992" lon="16.413508"></trkpt>
      <trkpt lat="49.215966" lon="16.410932"></trkpt>
      <trkpt lat="49.217674" lon="16.408031"></trkpt>
      <trkpt lat="49.218782" lon="16.405661"></trkpt>
      <trkpt lat="49.219738" lon="16.403137"></trkpt>
      <trkpt lat="49.222419" lon="16.394711"></trkpt>
      <trkpt lat="49.223545" lon="16.392129"></trkpt>
      <trkpt lat="49.224984" lon="16.389555"></trkpt>
      <trkpt lat="49.226652" lon="16.387224"></trkpt>
      <trkpt lat="49.231383" lon="16.38237"></trkpt>
      <trkpt lat="49.232712" lon="16.380667"></trkpt>
      <trkpt lat="49.235491" lon="16.376348"></trkpt>
      <trkpt lat="49.237213" lon="16.373974"></trkpt>
      <trkpt lat="49.242109" lon="16.368494"></trkpt>
      <trkpt lat="49.243527" lon="16.3667"></trkpt>
      <trkpt lat="49.244923" lon="16.364542"></trkpt>
      <trkpt lat="49.252287" lon="16.351795"></trkpt>
      <trkpt lat="49.253691" lon="16.349228"></trkpt>
      <trkpt lat="49.254902" lon="16.346532"></trkpt>
      <trkpt lat="49.256201" lon="16.342526"></trkpt>
      <trkpt lat="49.256859" lon="16.339597"></trkpt>
      <trkpt lat="49.257182" lon="16.337449"></trkpt>
      <trkpt lat="49.257484" lon="16.333421"></trkpt>
      <trkpt lat="49.257741" lon="16.322514"></trkpt>
      <trkpt lat="49.25815" lon="16.318216"></trkpt>
      <trkpt lat="49.258927" lon="16.313962"></trkpt>
      <trkpt lat="49.259531" lon="16.311581"></trkpt>
      <trkpt lat="49.260429" lon="16.308713"></trkpt>
      <trkpt lat="49.26761" lon="16.290874"></trkpt>
      <trkpt lat="49.268653" lon="16.287382"></trkpt>
      <trkpt lat="49.269498" lon="16.283433"></trkpt>
      <trkpt lat="49.270076" lon="16.278933"></trkpt>
      <trkpt lat="49.271017" lon="16.265555"></trkpt>
      <trkpt lat="49.2716" lon="16.255903"></trkpt>
      <trkpt lat="49.272217" lon="16.242455"></trkpt>
      <trkpt lat="49.272534" lon="16.239226"></trkpt>
      <trkpt lat="49.273495" lon="16.234099"></trkpt>
      <trkpt lat="49.276123" lon="16.223394"></trkpt>
      <trkpt lat="49.278871" lon="16.209326"></trkpt>
      <trkpt lat="49.280253" lon="16.20418"></trkpt>
      <trkpt lat="49.281671" lon="16.200089"></trkpt>
      <trkpt lat="49.283696" lon="16.195384"></trkpt>
      <trkpt lat="49.28639" lon="16.190292"></trkpt>
      <trkpt lat="49.290989" lon="16.182233"></trkpt>
      <trkpt lat="49.293011" lon="16.178438"></trkpt>
      <trkpt lat="49.294765" lon="16.174747"></trkpt>
      <trkpt lat="49.296827" lon="16.169704"></trkpt>
      <trkpt lat="49.297783" lon="16.167067"></trkpt>
      <trkpt lat="49.299894" lon="16.160308"></trkpt>
      <trkpt lat="49.30168" lon="16.152853"></trkpt>
      <trkpt lat="49.302613" lon="16.147728"></trkpt>
      <trkpt lat="49.30536" lon="16.129521"></trkpt>
      <trkpt lat="49.306368" lon="16.124705"></trkpt>
      <trkpt lat="49.307213" lon="16.121564"></trkpt>
      <trkpt lat="49.308923" lon="16.116415"></trkpt>
      <trkpt lat="49.310071" lon="16.113582"></trkpt>
      <trkpt lat="49.311091" lon="16.111344"></trkpt>
      <trkpt lat="49.314871" lon="16.103817"></trkpt>
      <trkpt lat="49.316187" lon="16.100803"></trkpt>
      <trkpt lat="49.317365" lon="16.097521"></trkpt>
      <trkpt lat="49.320101" lon="16.088808"></trkpt>
      <trkpt lat="49.320965" lon="16.086602"></trkpt>
      <trkpt lat="49.322256" lon="16.084007"></trkpt>
      <trkpt lat="49.323549" lon="16.081879"></trkpt>
      <trkpt lat="49.325066" lon="16.079832"></trkpt>
      <trkpt lat="49.328498" lon="16.075754"></trkpt>
      <trkpt lat="49.330542" lon="16.072568"></trkpt>
      <trkpt lat="49.336549" lon="16.059779"></trkpt>
      <trkpt lat="49.337718" lon="16.057597"></trkpt>
      <trkpt lat="49.341227" lon="16.051852"></trkpt>
      <trkpt lat="49.347154" lon="16.040886"></trkpt>
      <trkpt lat="49.349157" lon="16.037932"></trkpt>
      <trkpt lat="49.352554" lon="16.03394"></trkpt>
      <trkpt lat="49.35402" lon="16.031726"></trkpt>
      <trkpt lat="49.355587" lon="16.028531"></trkpt>
      <trkpt lat="49.358198" lon="16.020771"></trkpt>
      <trkpt lat="49.36068" lon="16.014867"></trkpt>
      <trkpt lat="49.361871" lon="16.010926"></trkpt>
      <trkpt lat="49.362572" lon="16.007504"></trkpt>
      <trkpt lat="49.362973" lon="16.004366"></trkpt>
      <trkpt lat="49.363392" lon="15.997293"></trkpt>
      <trkpt lat="49.363773" lon="15.993894"></trkpt>
      <trkpt lat="49.36448" lon="15.98986"></trkpt>
      <trkpt lat="49.365384" lon="15.986199"></trkpt>
      <trkpt lat="49.366304" lon="15.98327"></trkpt>
      <trkpt lat="49.372555" lon="15.96509"></trkpt>
      <trkpt lat="49.387938" lon="15.917604"></trkpt>
      <trkpt lat="49.389143" lon="15.913094"></trkpt>
      <trkpt lat="49.390589" lon="15.90576"></trkpt>
      <trkpt lat="49.391529" lon="15.901763"></trkpt>
      <trkpt lat="49.392611" lon="15.898105"></trkpt>
      <trkpt lat="49.395898" lon="15.888752"></trkpt>
      <trkpt lat="49.39674" lon="15.885858"></trkpt>
      <trkpt lat="49.397504" lon="15.881912"></trkpt>
      <trkpt lat="49.398307" lon="15.873994"></trkpt>
      <trkpt lat="49.398713" lon="15.871165"></trkpt>
      <trkpt lat="49.403919" lon="15.841499"></trkpt>
      <trkpt lat="49.40458" lon="15.835979"></trkpt>
      <trkpt lat="49.405685" lon="15.821686"></trkpt>
      <trkpt lat="49.407236" lon="15.809493"></trkpt>
      <trkpt lat="49.407629" lon="15.804589"></trkpt>
      <trkpt lat="49.407731" lon="15.800872"></trkpt>
      <trkpt lat="49.407696" lon="15.797364"></trkpt>
      <trkpt lat="49.407276" lon="15.787804"></trkpt>
      <trkpt lat="49.407268" lon="15.783372"></trkpt>
      <trkpt lat="49.407602" lon="15.778565"></trkpt>
      <trkpt lat="49.408751" lon="15.7692"></trkpt>
      <trkpt lat="49.408939" lon="15.766845"></trkpt>
      <trkpt lat="49.40904" lon="15.762728"></trkpt>
      <trkpt lat="49.408941" lon="15.755705"></trkpt>
      <trkpt lat="49.409057" lon="15.752147"></trkpt>
      <trkpt lat="49.409347" lon="15.748942"></trkpt>
      <trkpt lat="49.410928" lon="15.735748"></trkpt>
      <trkpt lat="49.412178" lon="15.72107"></trkpt>
      <trkpt lat="49.412792" lon="15.717362"></trkpt>
      <trkpt lat="49.413788" lon="15.713667"></trkpt>
      <trkpt lat="49.414711" lon="15.711172"></trkpt>
      <trkpt lat="49.419591" lon="15.700874"></trkpt>
      <trkpt lat="49.420842" lon="15.697497"></trkpt>
      <trkpt lat="49.421533" lon="15.695136"></trkpt>
      <trkpt lat="49.422583" lon="15.690059"></trkpt>
      <trkpt lat="49.424203" lon="15.677095"></trkpt>
      <trkpt lat="49.424825" lon="15.672979"></trkpt>
      <trkpt lat="49.425468" lon="15.669711"></trkpt>
      <trkpt lat="49.426105" lon="15.66703"></trkpt>
      <trkpt lat="49.427313" lon="15.662923"></trkpt>
      <trkpt lat="49.428478" lon="15.659644"></trkpt>
      <trkpt lat="49.429481" lon="15.657217"></trkpt>
      <trkpt lat="49.432305" lon="15.651479"></trkpt>
      <trkpt lat="49.436044" lon="15.644449"></trkpt>
      <trkpt lat="49.43983" lon="15.636972"></trkpt>
      <trkpt lat="49.442584" lon="15.631162"></trkpt>
      <trkpt lat="49.449752" lon="15.615178"></trkpt>
      <trkpt lat="49.450516" lon="15.613677"></trkpt>
      <trkpt lat="49.450979" lon="15.61317"></trkpt>
      <trkpt lat="49.452161" lon="15.612679"></trkpt>
      <trkpt lat="49.452433" lon="15.612346"></trkpt>
      <trkpt lat="49.452738" lon="15.611665"></trkpt>
      <trkpt lat="49.452985" lon="15.611452"></trkpt>
      <trkpt lat="49.455977" lon="15.611173"></trkpt>
      <trkpt lat="49.458579" lon="15.610475"></trkpt>
      <trkpt lat="49.458606" lon="15.611217"></trkpt>
      <trkpt lat="49.459195" lon="15.611106"></trkpt>
      <trkpt lat="49.459365" lon="15.610732"></trkpt>
      <trkpt lat="49.458982" lon="15.610779"></trkpt>
      <trkpt lat="49.458855" lon="15.611174"></trkpt>
      <trkpt lat="49.458606" lon="15.611217"></trkpt>
      <trkpt lat="49.458579" lon="15.610475"></trkpt>
      <trkpt lat="49.457017" lon="15.610949"></trkpt>
      <trkpt lat="49.455098" lon="15.611301"></trkpt>
      <trkpt lat="49.452822" lon="15.611266"></trkpt>
      <trkpt lat="49.452633" lon="15.611007"></trkpt>
      <trkpt lat="49.452406" lon="15.611179"></trkpt>
      <trkpt lat="49.451164" lon="15.611082"></trkpt>
      <trkpt lat="49.448471" lon="15.610436"></trkpt>
      <trkpt lat="49.446625" lon="15.609651"></trkpt>
      <trkpt lat="49.445527" lon="15.609013"></trkpt>
      <trkpt lat="49.44391" lon="15.607815"></trkpt>
      <trkpt lat="49.439838" lon="15.604067"></trkpt>
      <trkpt lat="49.42511" lon="15.589552"></trkpt>
      <trkpt lat="49.424235" lon="15.588466"></trkpt>
      <trkpt lat="49.423535" lon="15.587378"></trkpt>
      <trkpt lat="49.420333" lon="15.581279"></trkpt>
      <trkpt lat="49.419177" lon="15.579859"></trkpt>
      <trkpt lat="49.417967" lon="15.578999"></trkpt>
      <trkpt lat="49.417122" lon="15.578732"></trkpt>
      <trkpt lat="49.416196" lon="15.578641"></trkpt>
      <trkpt lat="49.414143" lon="15.578898"></trkpt>
      <trkpt lat="49.412888" lon="15.578828"></trkpt>
      <trkpt lat="49.412137" lon="15.578395"></trkpt>
      <trkpt lat="49.411415" lon="15.577543"></trkpt>
      <trkpt lat="49.411287" lon="15.577512"></trkpt>
      <trkpt lat="49.411052" lon="15.577762"></trkpt>
      <trkpt lat="49.410918" lon="15.577643"></trkpt>
      <trkpt lat="49.411023" lon="15.577324"></trkpt>
      <trkpt lat="49.411455" lon="15.577185"></trkpt>
      <trkpt lat="49.411023" lon="15.577324"></trkpt>
      <trkpt lat="49.410918" lon="15.577643"></trkpt>
      <trkpt lat="49.411052" lon="15.577762"></trkpt>
      <trkpt lat="49.410102" lon="15.579234"></trkpt>
      <trkpt lat="49.410308" lon="15.579494"></trkpt>
      <trkpt lat="49.411664" lon="15.579021"></trkpt>
      <trkpt lat="49.413797" lon="15.579073"></trkpt>
      <trkpt lat="49.41665" lon="15.578845"></trkpt>
      <trkpt lat="49.417916" lon="15.579163"></trkpt>
      <trkpt lat="49.418718" lon="15.579646"></trkpt>
      <trkpt lat="49.419544" lon="15.580414"></trkpt>
      <trkpt lat="49.420257" lon="15.581398"></trkpt>
      <trkpt lat="49.423171" lon="15.586973"></trkpt>
      <trkpt lat="49.424703" lon="15.589271"></trkpt>
      <trkpt lat="49.425748" lon="15.590429"></trkpt>
      <trkpt lat="49.437773" lon="15.602234"></trkpt>
      <trkpt lat="49.442211" lon="15.606483"></trkpt>
      <trkpt lat="49.444703" lon="15.608598"></trkpt>
      <trkpt lat="49.446588" lon="15.609786"></trkpt>
      <trkpt lat="49.44785" lon="15.61035"></trkpt>
      <trkpt lat="49.449589" lon="15.610912"></trkpt>
      <trkpt lat="49.452379" lon="15.611417"></trkpt>
      <trkpt lat="49.452543" lon="15.61169"></trkpt>
      <trkpt lat="49.452517" lon="15.612139"></trkpt>
      <trkpt lat="49.452289" lon="15.612553"></trkpt>
      <trkpt lat="49.451903" lon="15.612839"></trkpt>
      <trkpt lat="49.451568" lon="15.612793"></trkpt>
      <trkpt lat="49.451354" lon="15.612516"></trkpt>
      <trkpt lat="49.451297" lon="15.611915"></trkpt>
      <trkpt lat="49.452439" lon="15.608601"></trkpt>
      <trkpt lat="49.453383" lon="15.604656"></trkpt>
      <trkpt lat="49.4537" lon="15.602476"></trkpt>
      <trkpt lat="49.454229" lon="15.596367"></trkpt>
      <trkpt lat="49.454721" lon="15.593575"></trkpt>
      <trkpt lat="49.455619" lon="15.590547"></trkpt>
      <trkpt lat="49.456675" lon="15.588108"></trkpt>
      <trkpt lat="49.457604" lon="15.586485"></trkpt>
      <trkpt lat="49.458779" lon="15.584903"></trkpt>
      <trkpt lat="49.460676" lon="15.5829"></trkpt>
      <trkpt lat="49.463431" lon="15.580309"></trkpt>
      <trkpt lat="49.464968" lon="15.578512"></trkpt>
      <trkpt lat="49.466371" lon="15.576047"></trkpt>
      <trkpt lat="49.468209" lon="15.571454"></trkpt>
      <trkpt lat="49.469466" lon="15.569341"></trkpt>
      <trkpt lat="49.470858" lon="15.567809"></trkpt>
      <trkpt lat="49.474218" lon="15.5655"></trkpt>
      <trkpt lat="49.475161" lon="15.564675"></trkpt>
      <trkpt lat="49.476046" lon="15.563635"></trkpt>
      <trkpt lat="49.476696" lon="15.562665"></trkpt>
      <trkpt lat="49.477224" lon="15.561707"></trkpt>
      <trkpt lat="49.477975" lon="15.559906"></trkpt>
      <trkpt lat="49.478707" lon="15.557069"></trkpt>
      <trkpt lat="49.481131" lon="15.540919"></trkpt>
      <trkpt lat="49.482344" lon="15.534299"></trkpt>
      <trkpt lat="49.483427" lon="15.529925"></trkpt>
      <trkpt lat="49.486716" lon="15.518433"></trkpt>
      <trkpt lat="49.488094" lon="15.513119"></trkpt>
      <trkpt lat="49.492858" lon="15.491916"></trkpt>
      <trkpt lat="49.493754" lon="15.488705"></trkpt>
      <trkpt lat="49.494946" lon="15.485333"></trkpt>
      <trkpt lat="49.4963" lon="15.482348"></trkpt>
      <trkpt lat="49.498535" lon="15.478524"></trkpt>
      <trkpt lat="49.500128" lon="15.476385"></trkpt>
      <trkpt lat="49.503396" lon="15.472548"></trkpt>
      <trkpt lat="49.507625" lon="15.466129"></trkpt>
      <trkpt lat="49.509576" lon="15.463895"></trkpt>
      <trkpt lat="49.513599" lon="15.460569"></trkpt>
      <trkpt lat="49.515134" lon="15.458794"></trkpt>
      <trkpt lat="49.515937" lon="15.457522"></trkpt>
      <trkpt lat="49.516617" lon="15.456159"></trkpt>
      <trkpt lat="49.517572" lon="15.453487"></trkpt>
      <trkpt lat="49.518239" lon="15.45"></trkpt>
      <trkpt lat="49.51835" lon="15.44661"></trkpt>
      <trkpt lat="49.518157" lon="15.444398"></trkpt>
      <trkpt lat="49.517093" lon="15.438064"></trkpt>
      <trkpt lat="49.516485" lon="15.429388"></trkpt>
      <trkpt lat="49.515228" lon="15.419486"></trkpt>
      <trkpt lat="49.514998" lon="15.414211"></trkpt>
      <trkpt lat="49.515174" lon="15.409846"></trkpt>
      <trkpt lat="49.515728" lon="15.405283"></trkpt>
      <trkpt lat="49.51628" lon="15.402413"></trkpt>
      <trkpt lat="49.516938" lon="15.399777"></trkpt>
      <trkpt lat="49.51825" lon="15.395568"></trkpt>
      <trkpt lat="49.521893" lon="15.385042"></trkpt>
      <trkpt lat="49.522905" lon="15.381441"></trkpt>
      <trkpt lat="49.523657" lon="15.378051"></trkpt>
      <trkpt lat="49.524272" lon="15.374231"></trkpt>
      <trkpt lat="49.524704" lon="15.370175"></trkpt>
      <trkpt lat="49.52552" lon="15.35604"></trkpt>
      <trkpt lat="49.525794" lon="15.35283"></trkpt>
      <trkpt lat="49.526263" lon="15.34995"></trkpt>
      <trkpt lat="49.526715" lon="15.347972"></trkpt>
      <trkpt lat="49.527971" lon="15.34409"></trkpt>
      <trkpt lat="49.529246" lon="15.341297"></trkpt>
      <trkpt lat="49.530801" lon="15.3387"></trkpt>
      <trkpt lat="49.532504" lon="15.336513"></trkpt>
      <trkpt lat="49.533782" lon="15.335213"></trkpt>
      <trkpt lat="49.53485" lon="15.334315"></trkpt>
      <trkpt lat="49.536776" lon="15.33304"></trkpt>
      <trkpt lat="49.538799" lon="15.332081"></trkpt>
      <trkpt lat="49.541123" lon="15.331322"></trkpt>
      <trkpt lat="49.546916" lon="15.329721"></trkpt>
      <trkpt lat="49.549304" lon="15.328742"></trkpt>
      <trkpt lat="49.550487" lon="15.328095"></trkpt>
      <trkpt lat="49.552243" lon="15.326861"></trkpt>
      <trkpt lat="49.554396" lon="15.324839"></trkpt>
      <trkpt lat="49.555811" lon="15.323072"></trkpt>
      <trkpt lat="49.557116" lon="15.3211"></trkpt>
      <trkpt lat="49.558421" lon="15.318667"></trkpt>
      <trkpt lat="49.559359" lon="15.31649"></trkpt>
      <trkpt lat="49.560699" lon="15.312239"></trkpt>
      <trkpt lat="49.561532" lon="15.307823"></trkpt>
      <trkpt lat="49.562349" lon="15.299694"></trkpt>
      <trkpt lat="49.562932" lon="15.296494"></trkpt>
      <trkpt lat="49.5635" lon="15.294384"></trkpt>
      <trkpt lat="49.564952" lon="15.290301"></trkpt>
      <trkpt lat="49.567897" lon="15.283948"></trkpt>
      <trkpt lat="49.570374" lon="15.276927"></trkpt>
      <trkpt lat="49.571155" lon="15.275034"></trkpt>
      <trkpt lat="49.572394" lon="15.272588"></trkpt>
      <trkpt lat="49.574125" lon="15.269928"></trkpt>
      <trkpt lat="49.575663" lon="15.268065"></trkpt>
      <trkpt lat="49.583174" lon="15.259891"></trkpt>
      <trkpt lat="49.584417" lon="15.258389"></trkpt>
      <trkpt lat="49.585753" lon="15.256456"></trkpt>
      <trkpt lat="49.587623" lon="15.252926"></trkpt>
      <trkpt lat="49.591007" lon="15.244794"></trkpt>
      <trkpt lat="49.595888" lon="15.23582"></trkpt>
      <trkpt lat="49.597014" lon="15.2334"></trkpt>
      <trkpt lat="49.597869" lon="15.231147"></trkpt>
      <trkpt lat="49.598677" lon="15.228289"></trkpt>
      <trkpt lat="49.599011" lon="15.226536"></trkpt>
      <trkpt lat="49.599269" lon="15.223888"></trkpt>
      <trkpt lat="49.599247" lon="15.221633"></trkpt>
      <trkpt lat="49.599002" lon="15.21949"></trkpt>
      <trkpt lat="49.598503" lon="15.217305"></trkpt>
      <trkpt lat="49.596937" lon="15.212904"></trkpt>
      <trkpt lat="49.596378" lon="15.210591"></trkpt>
      <trkpt lat="49.596134" lon="15.208699"></trkpt>
      <trkpt lat="49.596066" lon="15.207174"></trkpt>
      <trkpt lat="49.596129" lon="15.205357"></trkpt>
      <trkpt lat="49.596323" lon="15.20374"></trkpt>
      <trkpt lat="49.596728" lon="15.201886"></trkpt>
      <trkpt lat="49.597217" lon="15.200306"></trkpt>
      <trkpt lat="49.59966" lon="15.194781"></trkpt>
      <trkpt lat="49.601407" lon="15.18769"></trkpt>
      <trkpt lat="49.603852" lon="15.180552"></trkpt>
      <trkpt lat="49.60473" lon="15.177561"></trkpt>
      <trkpt lat="49.605785" lon="15.17237"></trkpt>
      <trkpt lat="49.610132" lon="15.146017"></trkpt>
      <trkpt lat="49.610844" lon="15.143309"></trkpt>
      <trkpt lat="49.611892" lon="15.140899"></trkpt>
      <trkpt lat="49.612472" lon="15.139925"></trkpt>
      <trkpt lat="49.613467" lon="15.138634"></trkpt>
      <trkpt lat="49.614251" lon="15.137846"></trkpt>
      <trkpt lat="49.615396" lon="15.136981"></trkpt>
      <trkpt lat="49.626874" lon="15.131416"></trkpt>
      <trkpt lat="49.631677" lon="15.129288"></trkpt>
      <trkpt lat="49.635277" lon="15.128113"></trkpt>
      <trkpt lat="49.677599" lon="15.115798"></trkpt>
      <trkpt lat="49.679426" lon="15.115052"></trkpt>
      <trkpt lat="49.680442" lon="15.114448"></trkpt>
      <trkpt lat="49.68161" lon="15.113569"></trkpt>
      <trkpt lat="49.683022" lon="15.112192"></trkpt>
      <trkpt lat="49.68382" lon="15.111222"></trkpt>
      <trkpt lat="49.684603" lon="15.110129"></trkpt>
      <trkpt lat="49.685767" lon="15.108103"></trkpt>
      <trkpt lat="49.686866" lon="15.105577"></trkpt>
      <trkpt lat="49.689845" lon="15.096949"></trkpt>
      <trkpt lat="49.690691" lon="15.095336"></trkpt>
      <trkpt lat="49.691918" lon="15.093687"></trkpt>
      <trkpt lat="49.693218" lon="15.092501"></trkpt>
      <trkpt lat="49.69463" lon="15.091688"></trkpt>
      <trkpt lat="49.695878" lon="15.091329"></trkpt>
      <trkpt lat="49.699628" lon="15.090769"></trkpt>
      <trkpt lat="49.701047" lon="15.090309"></trkpt>
      <trkpt lat="49.701944" lon="15.089856"></trkpt>
      <trkpt lat="49.703225" lon="15.088995"></trkpt>
      <trkpt lat="49.704471" lon="15.087856"></trkpt>
      <trkpt lat="49.705757" lon="15.086296"></trkpt>
      <trkpt lat="49.706755" lon="15.084737"></trkpt>
      <trkpt lat="49.707988" lon="15.082092"></trkpt>
      <trkpt lat="49.708757" lon="15.079734"></trkpt>
      <trkpt lat="49.714063" lon="15.058466"></trkpt>
      <trkpt lat="49.714914" lon="15.056377"></trkpt>
      <trkpt lat="49.715631" lon="15.05508"></trkpt>
      <trkpt lat="49.716524" lon="15.053849"></trkpt>
      <trkpt lat="49.717653" lon="15.052676"></trkpt>
      <trkpt lat="49.718916" lon="15.051767"></trkpt>
      <trkpt lat="49.737629" lon="15.04046"></trkpt>
      <trkpt lat="49.739063" lon="15.039411"></trkpt>
      <trkpt lat="49.740101" lon="15.038454"></trkpt>
      <trkpt lat="49.741255" lon="15.037158"></trkpt>
      <trkpt lat="49.742363" lon="15.03563"></trkpt>
      <trkpt lat="49.744318" lon="15.032574"></trkpt>
      <trkpt lat="49.745508" lon="15.031051"></trkpt>
      <trkpt lat="49.746963" lon="15.029623"></trkpt>
      <trkpt lat="49.749492" lon="15.027435"></trkpt>
      <trkpt lat="49.750845" lon="15.025894"></trkpt>
      <trkpt lat="49.752089" lon="15.023679"></trkpt>
      <trkpt lat="49.752884" lon="15.021489"></trkpt>
      <trkpt lat="49.75343" lon="15.018536"></trkpt>
      <trkpt lat="49.753523" lon="15.016214"></trkpt>
      <trkpt lat="49.753394" lon="15.014267"></trkpt>
      <trkpt lat="49.753032" lon="15.012209"></trkpt>
      <trkpt lat="49.750618" lon="15.003054"></trkpt>
      <trkpt lat="49.749809" lon="14.998487"></trkpt>
      <trkpt lat="49.749537" lon="14.995616"></trkpt>
      <trkpt lat="49.749447" lon="14.992938"></trkpt>
      <trkpt lat="49.749502" lon="14.99042"></trkpt>
      <trkpt lat="49.749836" lon="14.986677"></trkpt>
      <trkpt lat="49.750664" lon="14.982163"></trkpt>
      <trkpt lat="49.751238" lon="14.980015"></trkpt>
      <trkpt lat="49.752388" lon="14.976658"></trkpt>
      <trkpt lat="49.753887" lon="14.973454"></trkpt>
      <trkpt lat="49.75676" lon="14.968614"></trkpt>
      <trkpt lat="49.757757" lon="14.966323"></trkpt>
      <trkpt lat="49.758392" lon="14.963922"></trkpt>
      <trkpt lat="49.759291" lon="14.958601"></trkpt>
      <trkpt lat="49.760206" lon="14.955932"></trkpt>
      <trkpt lat="49.761302" lon="14.953987"></trkpt>
      <trkpt lat="49.762381" lon="14.952674"></trkpt>
      <trkpt lat="49.763698" lon="14.951594"></trkpt>
      <trkpt lat="49.766088" lon="14.950069"></trkpt>
      <trkpt lat="49.767569" lon="14.948609"></trkpt>
      <trkpt lat="49.768568" lon="14.947162"></trkpt>
      <trkpt lat="49.773575" lon="14.938971"></trkpt>
      <trkpt lat="49.775303" lon="14.936941"></trkpt>
      <trkpt lat="49.776436" lon="14.935985"></trkpt>
      <trkpt lat="49.788339" lon="14.927048"></trkpt>
      <trkpt lat="49.789811" lon="14.926118"></trkpt>
      <trkpt lat="49.792621" lon="14.92482"></trkpt>
      <trkpt lat="49.793558" lon="14.924268"></trkpt>
      <trkpt lat="49.794707" lon="14.923299"></trkpt>
      <trkpt lat="49.795519" lon="14.922353"></trkpt>
      <trkpt lat="49.796603" lon="14.920618"></trkpt>
      <trkpt lat="49.797439" lon="14.91874"></trkpt>
      <trkpt lat="49.808682" lon="14.889674"></trkpt>
      <trkpt lat="49.810219" lon="14.886196"></trkpt>
      <trkpt lat="49.811226" lon="14.884293"></trkpt>
      <trkpt lat="49.813018" lon="14.88142"></trkpt>
      <trkpt lat="49.815352" lon="14.878468"></trkpt>
      <trkpt lat="49.82774" lon="14.865475"></trkpt>
      <trkpt lat="49.829163" lon="14.863602"></trkpt>
      <trkpt lat="49.830737" lon="14.860955"></trkpt>
      <trkpt lat="49.831961" lon="14.858329"></trkpt>
      <trkpt lat="49.832703" lon="14.856368"></trkpt>
      <trkpt lat="49.833412" lon="14.854035"></trkpt>
      <trkpt lat="49.834244" lon="14.850494"></trkpt>
      <trkpt lat="49.839742" lon="14.824457"></trkpt>
      <trkpt lat="49.840338" lon="14.820437"></trkpt>
      <trkpt lat="49.841889" lon="14.805873"></trkpt>
      <trkpt lat="49.842668" lon="14.803024"></trkpt>
      <trkpt lat="49.843644" lon="14.800948"></trkpt>
      <trkpt lat="49.844526" lon="14.799644"></trkpt>
      <trkpt lat="49.845436" lon="14.798648"></trkpt>
      <trkpt lat="49.84635" lon="14.797899"></trkpt>
      <trkpt lat="49.847309" lon="14.797351"></trkpt>
      <trkpt lat="49.848342" lon="14.796987"></trkpt>
      <trkpt lat="49.849354" lon="14.796833"></trkpt>
      <trkpt lat="49.853193" lon="14.797141"></trkpt>
      <trkpt lat="49.854677" lon="14.79694"></trkpt>
      <trkpt lat="49.855839" lon="14.796513"></trkpt>
      <trkpt lat="49.856795" lon="14.795958"></trkpt>
      <trkpt lat="49.858457" lon="14.794494"></trkpt>
      <trkpt lat="49.859581" lon="14.793009"></trkpt>
      <trkpt lat="49.862863" lon="14.787894"></trkpt>
      <trkpt lat="49.867185" lon="14.782648"></trkpt>
      <trkpt lat="49.868215" lon="14.780986"></trkpt>
      <trkpt lat="49.868813" lon="14.779712"></trkpt>
      <trkpt lat="49.869534" lon="14.777594"></trkpt>
      <trkpt lat="49.870803" lon="14.771322"></trkpt>
      <trkpt lat="49.871859" lon="14.767777"></trkpt>
      <trkpt lat="49.873168" lon="14.764691"></trkpt>
      <trkpt lat="49.875095" lon="14.761446"></trkpt>
      <trkpt lat="49.876801" lon="14.75957"></trkpt>
      <trkpt lat="49.878131" lon="14.758506"></trkpt>
      <trkpt lat="49.878983" lon="14.758006"></trkpt>
      <trkpt lat="49.880692" lon="14.75731"></trkpt>
      <trkpt lat="49.884382" lon="14.75656"></trkpt>
      <trkpt lat="49.885528" lon="14.756232"></trkpt>
      <trkpt lat="49.886811" lon="14.755638"></trkpt>
      <trkpt lat="49.888099" lon="14.754722"></trkpt>
      <trkpt lat="49.889691" lon="14.753051"></trkpt>
      <trkpt lat="49.893689" lon="14.747406"></trkpt>
      <trkpt lat="49.89568" lon="14.744966"></trkpt>
      <trkpt lat="49.905151" lon="14.734866"></trkpt>
      <trkpt lat="49.906847" lon="14.732833"></trkpt>
      <trkpt lat="49.907456" lon="14.731981"></trkpt>
      <trkpt lat="49.908611" lon="14.729967"></trkpt>
      <trkpt lat="49.909718" lon="14.727469"></trkpt>
      <trkpt lat="49.91085" lon="14.723732"></trkpt>
      <trkpt lat="49.911912" lon="14.71848"></trkpt>
      <trkpt lat="49.912507" lon="14.716157"></trkpt>
      <trkpt lat="49.913325" lon="14.71394"></trkpt>
      <trkpt lat="49.914622" lon="14.711458"></trkpt>
      <trkpt lat="49.915606" lon="14.710053"></trkpt>
      <trkpt lat="49.91691" lon="14.708588"></trkpt>
      <trkpt lat="49.924504" lon="14.702"></trkpt>
      <trkpt lat="49.926024" lon="14.700476"></trkpt>
      <trkpt lat="49.927818" lon="14.698406"></trkpt>
      <trkpt lat="49.92968" lon="14.696099"></trkpt>
      <trkpt lat="49.931566" lon="14.693524"></trkpt>
      <trkpt lat="49.933954" lon="14.689675"></trkpt>
      <trkpt lat="49.936292" lon="14.685578"></trkpt>
      <trkpt lat="49.937233" lon="14.683356"></trkpt>
      <trkpt lat="49.937819" lon="14.681565"></trkpt>
      <trkpt lat="49.946271" lon="14.650407"></trkpt>
      <trkpt lat="49.947064" lon="14.64816"></trkpt>
      <trkpt lat="49.947866" lon="14.646597"></trkpt>
      <trkpt lat="49.94896" lon="14.644985"></trkpt>
      <trkpt lat="49.968607" lon="14.621145"></trkpt>
      <trkpt lat="49.971747" lon="14.617685"></trkpt>
      <trkpt lat="49.978169" lon="14.60996"></trkpt>
      <trkpt lat="49.978741" lon="14.609484"></trkpt>
      <trkpt lat="49.979196" lon="14.60931"></trkpt>
      <trkpt lat="49.981203" lon="14.609094"></trkpt>
      <trkpt lat="49.981886" lon="14.608637"></trkpt>
      <trkpt lat="49.982413" lon="14.607876"></trkpt>
      <trkpt lat="49.982692" lon="14.607163"></trkpt>
      <trkpt lat="49.982874" lon="14.606216"></trkpt>
      <trkpt lat="49.982867" lon="14.605142"></trkpt>
      <trkpt lat="49.982708" lon="14.604309"></trkpt>
      <trkpt lat="49.98236" lon="14.60344"></trkpt>
      <trkpt lat="49.982016" lon="14.602919"></trkpt>
      <trkpt lat="49.981424" lon="14.602413"></trkpt>
      <trkpt lat="49.979789" lon="14.601417"></trkpt>
      <trkpt lat="49.979426" lon="14.601003"></trkpt>
      <trkpt lat="49.979028" lon="14.600171"></trkpt>
      <trkpt lat="49.977183" lon="14.593026"></trkpt>
      <trkpt lat="49.97673" lon="14.591644"></trkpt>
      <trkpt lat="49.97155" lon="14.570731"></trkpt>
      <trkpt lat="49.970754" lon="14.567889"></trkpt>
      <trkpt lat="49.969179" lon="14.563354"></trkpt>
      <trkpt lat="49.964401" lon="14.551591"></trkpt>
      <trkpt lat="49.963815" lon="14.549896"></trkpt>
      <trkpt lat="49.963259" lon="14.547805"></trkpt>
      <trkpt lat="49.962783" lon="14.545107"></trkpt>
      <trkpt lat="49.962528" lon="14.541867"></trkpt>
      <trkpt lat="49.96278" lon="14.531951"></trkpt>
      <trkpt lat="49.962611" lon="14.526866"></trkpt>
      <trkpt lat="49.96209" lon="14.522171"></trkpt>
      <trkpt lat="49.960783" lon="14.514432"></trkpt>
      <trkpt lat="49.960593" lon="14.511239"></trkpt>
      <trkpt lat="49.960824" lon="14.507599"></trkpt>
      <trkpt lat="49.961463" lon="14.504354"></trkpt>
      <trkpt lat="49.962363" lon="14.50164"></trkpt>
      <trkpt lat="49.963818" lon="14.498751"></trkpt>
      <trkpt lat="49.964995" lon="14.497081"></trkpt>
      <trkpt lat="49.966009" lon="14.495981"></trkpt>
      <trkpt lat="49.967092" lon="14.495043"></trkpt>
      <trkpt lat="49.96786" lon="14.494497"></trkpt>
      <trkpt lat="49.972839" lon="14.491854"></trkpt>
      <trkpt lat="49.974218" lon="14.490807"></trkpt>
      <trkpt lat="49.975418" lon="14.489565"></trkpt>
      <trkpt lat="49.976756" lon="14.487747"></trkpt>
      <trkpt lat="49.977842" lon="14.485749"></trkpt>
      <trkpt lat="49.978762" lon="14.483447"></trkpt>
      <trkpt lat="49.9795" lon="14.480743"></trkpt>
      <trkpt lat="49.979922" lon="14.478136"></trkpt>
      <trkpt lat="49.980094" lon="14.475382"></trkpt>
      <trkpt lat="49.979611" lon="14.461978"></trkpt>
      <trkpt lat="49.979816" lon="14.454526"></trkpt>
      <trkpt lat="49.980242" lon="14.449584"></trkpt>
      <trkpt lat="49.981894" lon="14.435858"></trkpt>
      <trkpt lat="49.982358" lon="14.429389"></trkpt>
      <trkpt lat="49.982264" lon="14.426308"></trkpt>
      <trkpt lat="49.981375" lon="14.416954"></trkpt>
      <trkpt lat="49.981281" lon="14.414606"></trkpt>
      <trkpt lat="49.981502" lon="14.409847"></trkpt>
      <trkpt lat="49.982113" lon="14.40584"></trkpt>
      <trkpt lat="49.982774" lon="14.40319"></trkpt>
      <trkpt lat="49.983317" lon="14.401498"></trkpt>
      <trkpt lat="49.992666" lon="14.377713"></trkpt>
      <trkpt lat="49.993548" lon="14.376174"></trkpt>
      <trkpt lat="49.99455" lon="14.374982"></trkpt>
      <trkpt lat="49.997893" lon="14.372352"></trkpt>
      <trkpt lat="49.998544" lon="14.371677"></trkpt>
      <trkpt lat="49.999577" lon="14.370081"></trkpt>
      <trkpt lat="50.00023" lon="14.368477"></trkpt>
      <trkpt lat="50.000711" lon="14.366109"></trkpt>
      <trkpt lat="50.000745" lon="14.363588"></trkpt>
      <trkpt lat="50.000605" lon="14.362445"></trkpt>
      <trkpt lat="49.99895" lon="14.354593"></trkpt>
      <trkpt lat="49.998742" lon="14.351963"></trkpt>
      <trkpt lat="49.998802" lon="14.35065"></trkpt>
      <trkpt lat="49.999088" lon="14.34875"></trkpt>
      <trkpt lat="49.999624" lon="14.3469"></trkpt>
      <trkpt lat="50.000192" lon="14.345609"></trkpt>
      <trkpt lat="50.000951" lon="14.344361"></trkpt>
      <trkpt lat="50.001828" lon="14.343325"></trkpt>
      <trkpt lat="50.002666" lon="14.342625"></trkpt>
      <trkpt lat="50.003874" lon="14.34199"></trkpt>
      <trkpt lat="50.005125" lon="14.341711"></trkpt>
      <trkpt lat="50.011741" lon="14.341094"></trkpt>
      <trkpt lat="50.013984" lon="14.340375"></trkpt>
      <trkpt lat="50.015651" lon="14.339428"></trkpt>
      <trkpt lat="50.017491" lon="14.337892"></trkpt>
      <trkpt lat="50.019083" lon="14.336043"></trkpt>
      <trkpt lat="50.020554" lon="14.333717"></trkpt>
      <trkpt lat="50.021693" lon="14.331276"></trkpt>
      <trkpt lat="50.02284" lon="14.327679"></trkpt>
      <trkpt lat="50.023555" lon="14.323556"></trkpt>
      <trkpt lat="50.025078" lon="14.299251"></trkpt>
      <trkpt lat="50.025389" lon="14.296271"></trkpt>
      <trkpt lat="50.025984" lon="14.293281"></trkpt>
      <trkpt lat="50.026909" lon="14.29051"></trkpt>
      <trkpt lat="50.027736" lon="14.288758"></trkpt>
      <trkpt lat="50.028844" lon="14.286934"></trkpt>
      <trkpt lat="50.031748" lon="14.282898"></trkpt>
      <trkpt lat="50.032501" lon="14.281678"></trkpt>
      <trkpt lat="50.0333" lon="14.280094"></trkpt>
      <trkpt lat="50.034864" lon="14.276297"></trkpt>
      <trkpt lat="50.035682" lon="14.274702"></trkpt>
      <trkpt lat="50.036748" lon="14.273178"></trkpt>
      <trkpt lat="50.037678" lon="14.272191"></trkpt>
      <trkpt lat="50.03883" lon="14.271294"></trkpt>
      <trkpt lat="50.040218" lon="14.270601"></trkpt>
      <trkpt lat="50.041505" lon="14.270287"></trkpt>
      <trkpt lat="50.042633" lon="14.270251"></trkpt>
      <trkpt lat="50.043915" lon="14.270483"></trkpt>
      <trkpt lat="50.045173" lon="14.271005"></trkpt>
      <trkpt lat="50.045936" lon="14.27148"></trkpt>
      <trkpt lat="50.046268" lon="14.271881"></trkpt>
      <trkpt lat="50.046611" lon="14.272445"></trkpt>
      <trkpt lat="50.047334" lon="14.274338"></trkpt>
      <trkpt lat="50.047736" lon="14.274859"></trkpt>
      <trkpt lat="50.048686" lon="14.275629"></trkpt>
      <trkpt lat="50.049619" lon="14.276156"></trkpt>
      <trkpt lat="50.051782" lon="14.276553"></trkpt>
      <trkpt lat="50.053542" lon="14.277198"></trkpt>
      <trkpt lat="50.053685" lon="14.277353"></trkpt>
      <trkpt lat="50.053877" lon="14.278439"></trkpt>
      <trkpt lat="50.053819" lon="14.2787"></trkpt>
      <trkpt lat="50.053598" lon="14.278892"></trkpt>
      <trkpt lat="50.053967" lon="14.280399"></trkpt>
      <trkpt lat="50.056271" lon="14.286384"></trkpt>
      <trkpt lat="50.056179" lon="14.28734"></trkpt>
      <trkpt lat="50.055557" lon="14.288314"></trkpt>
      <trkpt lat="50.05506" lon="14.288794"></trkpt>
      <trkpt lat="50.054796" lon="14.288054"></trkpt>
      <trkpt lat="50.054895" lon="14.287643"></trkpt>
      <trkpt lat="50.055129" lon="14.287623"></trkpt>
      <trkpt lat="50.055251" lon="14.287794"></trkpt>
      <trkpt lat="50.055176" lon="14.288287"></trkpt>
      <trkpt lat="50.053097" lon="14.290089"></trkpt>
      <trkpt lat="50.052467" lon="14.28868"></trkpt>
      <trkpt lat="50.052099" lon="14.289029"></trkpt>
      <trkpt lat="50.052733" lon="14.290459"></trkpt>
      <trkpt lat="50.055176" lon="14.288287"></trkpt>
      <trkpt lat="50.055251" lon="14.287794"></trkpt>
      <trkpt lat="50.055036" lon="14.287596"></trkpt>
      <trkpt lat="50.054811" lon="14.287807"></trkpt>
      <trkpt lat="50.05488" lon="14.288426"></trkpt>
      <trkpt lat="50.05506" lon="14.288794"></trkpt>
      <trkpt lat="50.05264" lon="14.291095"></trkpt>
      <trkpt lat="50.052426" lon="14.291076"></trkpt>
      <trkpt lat="50.051352" lon="14.289228"></trkpt>
      <trkpt lat="50.049529" lon="14.278285"></trkpt>
      <trkpt lat="50.049156" lon="14.274789"></trkpt>
      <trkpt lat="50.048905" lon="14.266273"></trkpt>
      <trkpt lat="50.04868" lon="14.262848"></trkpt>
      <trkpt lat="50.048207" lon="14.258748"></trkpt>
      <trkpt lat="50.047311" lon="14.253755"></trkpt>
      <trkpt lat="50.045584" lon="14.247073"></trkpt>
      <trkpt lat="50.041841" lon="14.235029"></trkpt>
      <trkpt lat="50.038802" lon="14.226276"></trkpt>
      <trkpt lat="50.036267" lon="14.220223"></trkpt>
      <trkpt lat="50.034983" lon="14.217672"></trkpt>
      <trkpt lat="50.033623" lon="14.215287"></trkpt>
      <trkpt lat="50.03169" lon="14.2123"></trkpt>
      <trkpt lat="50.030227" lon="14.210314"></trkpt>
      <trkpt lat="50.027119" lon="14.206726"></trkpt>
      <trkpt lat="50.023268" lon="14.20282"></trkpt>
      <trkpt lat="50.020475" lon="14.199807"></trkpt>
      <trkpt lat="50.018331" lon="14.197129"></trkpt>
      <trkpt lat="50.016503" lon="14.194503"></trkpt>
      <trkpt lat="50.015155" lon="14.19235"></trkpt>
      <trkpt lat="50.013366" lon="14.189124"></trkpt>
      <trkpt lat="50.00866" lon="14.179065"></trkpt>
      <trkpt lat="50.007404" lon="14.176593"></trkpt>
      <trkpt lat="50.006435" lon="14.174891"></trkpt>
      <trkpt lat="50.004878" lon="14.172546"></trkpt>
      <trkpt lat="50.003469" lon="14.170775"></trkpt>
      <trkpt lat="50.001507" lon="14.16873"></trkpt>
      <trkpt lat="49.997261" lon="14.165241"></trkpt>
      <trkpt lat="49.995999" lon="14.164064"></trkpt>
      <trkpt lat="49.994617" lon="14.162445"></trkpt>
      <trkpt lat="49.993558" lon="14.160765"></trkpt>
      <trkpt lat="49.992856" lon="14.159214"></trkpt>
      <trkpt lat="49.992136" lon="14.156984"></trkpt>
      <trkpt lat="49.991576" lon="14.154545"></trkpt>
      <trkpt lat="49.99028" lon="14.147476"></trkpt>
      <trkpt lat="49.989735" lon="14.14538"></trkpt>
      <trkpt lat="49.989063" lon="14.143482"></trkpt>
      <trkpt lat="49.988433" lon="14.142101"></trkpt>
      <trkpt lat="49.987496" lon="14.140555"></trkpt>
      <trkpt lat="49.984257" lon="14.136379"></trkpt>
      <trkpt lat="49.982958" lon="14.134527"></trkpt>
      <trkpt lat="49.981854" lon="14.132445"></trkpt>
      <trkpt lat="49.981157" lon="14.130669"></trkpt>
      <trkpt lat="49.980274" lon="14.127191"></trkpt>
      <trkpt lat="49.979251" lon="14.120491"></trkpt>
      <trkpt lat="49.978723" lon="14.117865"></trkpt>
      <trkpt lat="49.977796" lon="14.114545"></trkpt>
      <trkpt lat="49.976836" lon="14.111973"></trkpt>
      <trkpt lat="49.975811" lon="14.10969"></trkpt>
      <trkpt lat="49.974032" lon="14.106364"></trkpt>
      <trkpt lat="49.967486" lon="14.096181"></trkpt>
      <trkpt lat="49.965871" lon="14.093424"></trkpt>
      <trkpt lat="49.963782" lon="14.089264"></trkpt>
      <trkpt lat="49.96193" lon="14.084749"></trkpt>
      <trkpt lat="49.960628" lon="14.080885"></trkpt>
      <trkpt lat="49.959599" lon="14.077213"></trkpt>
      <trkpt lat="49.956362" lon="14.062346"></trkpt>
      <trkpt lat="49.954426" lon="14.055053"></trkpt>
      <trkpt lat="49.951933" lon="14.047813"></trkpt>
      <trkpt lat="49.949025" lon="14.041011"></trkpt>
      <trkpt lat="49.94728" lon="14.037554"></trkpt>
      <trkpt lat="49.945053" lon="14.033602"></trkpt>
      <trkpt lat="49.94294" lon="14.030283"></trkpt>
      <trkpt lat="49.94076" lon="14.027217"></trkpt>
      <trkpt lat="49.936965" lon="14.0226"></trkpt>
      <trkpt lat="49.927726" lon="14.013017"></trkpt>
      <trkpt lat="49.924162" lon="14.008958"></trkpt>
      <trkpt lat="49.922734" lon="14.007129"></trkpt>
      <trkpt lat="49.920738" lon="14.004258"></trkpt>
      <trkpt lat="49.918045" lon="13.999729"></trkpt>
      <trkpt lat="49.915761" lon="13.995324"></trkpt>
      <trkpt lat="49.91305" lon="13.989262"></trkpt>
      <trkpt lat="49.910642" lon="13.983013"></trkpt>
      <trkpt lat="49.906687" lon="13.972023"></trkpt>
      <trkpt lat="49.905243" lon="13.968433"></trkpt>
      <trkpt lat="49.902904" lon="13.96346"></trkpt>
      <trkpt lat="49.898273" lon="13.954567"></trkpt>
      <trkpt lat="49.89643" lon="13.950654"></trkpt>
      <trkpt lat="49.895326" lon="13.94802"></trkpt>
      <trkpt lat="49.893908" lon="13.944176"></trkpt>
      <trkpt lat="49.892457" lon="13.939484"></trkpt>
      <trkpt lat="49.889648" lon="13.927844"></trkpt>
      <trkpt lat="49.888975" lon="13.925479"></trkpt>
      <trkpt lat="49.887974" lon="13.922772"></trkpt>
      <trkpt lat="49.88701" lon="13.920661"></trkpt>
      <trkpt lat="49.885984" lon="13.918827"></trkpt>
      <trkpt lat="49.884" lon="13.915933"></trkpt>
      <trkpt lat="49.881206" lon="13.912632"></trkpt>
      <trkpt lat="49.877516" lon="13.908686"></trkpt>
      <trkpt lat="49.873813" lon="13.904368"></trkpt>
      <trkpt lat="49.871159" lon="13.900956"></trkpt>
      <trkpt lat="49.867883" lon="13.89637"></trkpt>
      <trkpt lat="49.864272" lon="13.890729"></trkpt>
      <trkpt lat="49.861514" lon="13.88595"></trkpt>
      <trkpt lat="49.858694" lon="13.880583"></trkpt>
      <trkpt lat="49.855808" lon="13.874467"></trkpt>
      <trkpt lat="49.852617" lon="13.86677"></trkpt>
      <trkpt lat="49.850048" lon="13.859618"></trkpt>
      <trkpt lat="49.847458" lon="13.851221"></trkpt>
      <trkpt lat="49.845474" lon="13.843582"></trkpt>
      <trkpt lat="49.844341" lon="13.838512"></trkpt>
      <trkpt lat="49.842835" lon="13.830589"></trkpt>
      <trkpt lat="49.837241" lon="13.793496"></trkpt>
      <trkpt lat="49.836346" lon="13.789509"></trkpt>
      <trkpt lat="49.835798" lon="13.787863"></trkpt>
      <trkpt lat="49.835079" lon="13.786165"></trkpt>
      <trkpt lat="49.833534" lon="13.783439"></trkpt>
      <trkpt lat="49.832036" lon="13.781548"></trkpt>
      <trkpt lat="49.830566" lon="13.780145"></trkpt>
      <trkpt lat="49.826822" lon="13.776911"></trkpt>
      <trkpt lat="49.824974" lon="13.774976"></trkpt>
      <trkpt lat="49.823899" lon="13.773655"></trkpt>
      <trkpt lat="49.821708" lon="13.770415"></trkpt>
      <trkpt lat="49.818625" lon="13.765018"></trkpt>
      <trkpt lat="49.817769" lon="13.76377"></trkpt>
      <trkpt lat="49.816281" lon="13.762063"></trkpt>
      <trkpt lat="49.814893" lon="13.760837"></trkpt>
      <trkpt lat="49.812704" lon="13.759489"></trkpt>
      <trkpt lat="49.806471" lon="13.756833"></trkpt>
      <trkpt lat="49.804629" lon="13.755831"></trkpt>
      <trkpt lat="49.802843" lon="13.754382"></trkpt>
      <trkpt lat="49.80114" lon="13.752452"></trkpt>
      <trkpt lat="49.799706" lon="13.750223"></trkpt>
      <trkpt lat="49.798644" lon="13.748024"></trkpt>
      <trkpt lat="49.792646" lon="13.731601"></trkpt>
      <trkpt lat="49.790729" lon="13.726945"></trkpt>
      <trkpt lat="49.7885" lon="13.72238"></trkpt>
      <trkpt lat="49.784853" lon="13.715801"></trkpt>
      <trkpt lat="49.783878" lon="13.713716"></trkpt>
      <trkpt lat="49.783237" lon="13.711957"></trkpt>
      <trkpt lat="49.782657" lon="13.709897"></trkpt>
      <trkpt lat="49.782023" lon="13.70633"></trkpt>
      <trkpt lat="49.781815" lon="13.703327"></trkpt>
      <trkpt lat="49.78187" lon="13.696961"></trkpt>
      <trkpt lat="49.781761" lon="13.693973"></trkpt>
      <trkpt lat="49.781463" lon="13.690562"></trkpt>
      <trkpt lat="49.780845" lon="13.686062"></trkpt>
      <trkpt lat="49.780275" lon="13.682719"></trkpt>
      <trkpt lat="49.779249" lon="13.677801"></trkpt>
      <trkpt lat="49.77742" lon="13.670861"></trkpt>
      <trkpt lat="49.775188" lon="13.664177"></trkpt>
      <trkpt lat="49.773936" lon="13.661002"></trkpt>
      <trkpt lat="49.772009" lon="13.656636"></trkpt>
      <trkpt lat="49.769597" lon="13.65196"></trkpt>
      <trkpt lat="49.764523" lon="13.64361"></trkpt>
      <trkpt lat="49.762369" lon="13.639286"></trkpt>
      <trkpt lat="49.760675" lon="13.634902"></trkpt>
      <trkpt lat="49.759809" lon="13.632135"></trkpt>
      <trkpt lat="49.759009" lon="13.628979"></trkpt>
      <trkpt lat="49.757997" lon="13.623417"></trkpt>
      <trkpt lat="49.752476" lon="13.576396"></trkpt>
      <trkpt lat="49.751381" lon="13.56957"></trkpt>
      <trkpt lat="49.750101" lon="13.563758"></trkpt>
      <trkpt lat="49.747981" lon="13.55645"></trkpt>
      <trkpt lat="49.746528" lon="13.552298"></trkpt>
      <trkpt lat="49.74269" lon="13.542933"></trkpt>
      <trkpt lat="49.741715" lon="13.540022"></trkpt>
      <trkpt lat="49.74073" lon="13.536436"></trkpt>
      <trkpt lat="49.739885" lon="13.532501"></trkpt>
      <trkpt lat="49.739347" lon="13.529221"></trkpt>
      <trkpt lat="49.738304" lon="13.518649"></trkpt>
      <trkpt lat="49.737892" lon="13.515956"></trkpt>
      <trkpt lat="49.73722" lon="13.513001"></trkpt>
      <trkpt lat="49.736467" lon="13.510559"></trkpt>
      <trkpt lat="49.735106" lon="13.50722"></trkpt>
      <trkpt lat="49.73124" lon="13.50022"></trkpt>
      <trkpt lat="49.730106" lon="13.497714"></trkpt>
      <trkpt lat="49.729397" lon="13.495573"></trkpt>
      <trkpt lat="49.728903" lon="13.493433"></trkpt>
      <trkpt lat="49.728568" lon="13.491067"></trkpt>
      <trkpt lat="49.72817" lon="13.483753"></trkpt>
      <trkpt lat="49.72781" lon="13.480915"></trkpt>
      <trkpt lat="49.727406" lon="13.478773"></trkpt>
      <trkpt lat="49.726255" lon="13.474236"></trkpt>
      <trkpt lat="49.7252" lon="13.47077"></trkpt>
      <trkpt lat="49.722785" lon="13.464235"></trkpt>
      <trkpt lat="49.721405" lon="13.461299"></trkpt>
      <trkpt lat="49.720138" lon="13.459054"></trkpt>
      <trkpt lat="49.71511" lon="13.451474"></trkpt>
      <trkpt lat="49.710497" lon="13.442178"></trkpt>
      <trkpt lat="49.70789" lon="13.43803"></trkpt>
      <trkpt lat="49.70617" lon="13.435892"></trkpt>
      <trkpt lat="49.705747" lon="13.434788"></trkpt>
      <trkpt lat="49.705674" lon="13.434073"></trkpt>
      <trkpt lat="49.705747" lon="13.433218"></trkpt>
      <trkpt lat="49.707076" lon="13.427602"></trkpt>
      <trkpt lat="49.707772" lon="13.42529"></trkpt>
      <trkpt lat="49.708743" lon="13.423096"></trkpt>
      <trkpt lat="49.70997" lon="13.421101"></trkpt>
      <trkpt lat="49.712447" lon="13.418202"></trkpt>
      <trkpt lat="49.713051" lon="13.417731"></trkpt>
      <trkpt lat="49.71373" lon="13.417385"></trkpt>
      <trkpt lat="49.714875" lon="13.417222"></trkpt>
      <trkpt lat="49.714512" lon="13.415649"></trkpt>
      <trkpt lat="49.712936" lon="13.410869"></trkpt>
      <trkpt lat="49.724823" lon="13.399412"></trkpt>
      <trkpt lat="49.725038" lon="13.397064"></trkpt>
      <trkpt lat="49.724689" lon="13.393405"></trkpt>
      <trkpt lat="49.724864" lon="13.392194"></trkpt>
      <trkpt lat="49.725252" lon="13.390754"></trkpt>
      <trkpt lat="49.72547" lon="13.387699"></trkpt>
      <trkpt lat="49.724487" lon="13.387269"></trkpt>
      <trkpt lat="49.723144" lon="13.38726"></trkpt>
      <trkpt lat="49.723247" lon="13.385826"></trkpt>
      <trkpt lat="49.722231" lon="13.385677"></trkpt>
      <trkpt lat="49.72226" lon="13.384951"></trkpt>
      <trkpt lat="49.722119" lon="13.384198"></trkpt>
      <trkpt lat="49.719972" lon="13.383919"></trkpt>
      <trkpt lat="49.719324" lon="13.381803"></trkpt>
      <trkpt lat="49.719403" lon="13.381593"></trkpt>
      <trkpt lat="49.719273" lon="13.381457"></trkpt>
      <trkpt lat="49.719176" lon="13.381631"></trkpt>
      <trkpt lat="49.715108" lon="13.382878"></trkpt>
      <trkpt lat="49.713745" lon="13.383643"></trkpt>
      <trkpt lat="49.711998" lon="13.385041"></trkpt>
      <trkpt lat="49.711063" lon="13.386016"></trkpt>
      <trkpt lat="49.709467" lon="13.387327"></trkpt>
      <trkpt lat="49.705302" lon="13.389604"></trkpt>
      <trkpt lat="49.698275" lon="13.393098"></trkpt>
      <trkpt lat="49.697941" lon="13.393133"></trkpt>
      <trkpt lat="49.697248" lon="13.39295"></trkpt>
      <trkpt lat="49.697115" lon="13.392696"></trkpt>
      <trkpt lat="49.697081" lon="13.391988"></trkpt>
      <trkpt lat="49.697117" lon="13.384876"></trkpt>
      <trkpt lat="49.696745" lon="13.382306"></trkpt>
      <trkpt lat="49.696688" lon="13.378768"></trkpt>
      <trkpt lat="49.696914" lon="13.376593"></trkpt>
      <trkpt lat="49.69697" lon="13.3747"></trkpt>
      <trkpt lat="49.696756" lon="13.372683"></trkpt>
      <trkpt lat="49.696689" lon="13.368475"></trkpt>
      <trkpt lat="49.696726" lon="13.367572"></trkpt>
      <trkpt lat="49.697604" lon="13.362565"></trkpt>
      <trkpt lat="49.698543" lon="13.363929"></trkpt>
      <trkpt lat="49.698593" lon="13.364329"></trkpt>
      <trkpt lat="49.698486" lon="13.364659"></trkpt>
      <trkpt lat="49.69789" lon="13.36509"></trkpt>
      <trkpt lat="49.692484" lon="13.366829"></trkpt>
      <trkpt lat="49.690623" lon="13.36715"></trkpt>
      <trkpt lat="49.68921" lon="13.367192"></trkpt>
      <trkpt lat="49.688338" lon="13.367137"></trkpt>
      <trkpt lat="49.687915" lon="13.366944"></trkpt>
      <trkpt lat="49.687467" lon="13.366542"></trkpt>
      <trkpt lat="49.686775" lon="13.365166"></trkpt>
      <trkpt lat="49.685912" lon="13.36415"></trkpt>
      <trkpt lat="49.685652" lon="13.363588"></trkpt>
      <trkpt lat="49.684046" lon="13.355232"></trkpt>
      <trkpt lat="49.683313" lon="13.352024"></trkpt>
      <trkpt lat="49.682024" lon="13.34723"></trkpt>
      <trkpt lat="49.679367" lon="13.338625"></trkpt>
      <trkpt lat="49.678341" lon="13.334276"></trkpt>
      <trkpt lat="49.677779" lon="13.330898"></trkpt>
      <trkpt lat="49.67733" lon="13.326457"></trkpt>
      <trkpt lat="49.677201" lon="13.323394"></trkpt>
      <trkpt lat="49.677269" lon="13.31924"></trkpt>
      <trkpt lat="49.67754" lon="13.315786"></trkpt>
      <trkpt lat="49.67794" lon="13.313107"></trkpt>
      <trkpt lat="49.678589" lon="13.310504"></trkpt>
      <trkpt lat="49.679794" lon="13.307462"></trkpt>
      <trkpt lat="49.680592" lon="13.305998"></trkpt>
      <trkpt lat="49.68133" lon="13.304959"></trkpt>
      <trkpt lat="49.682759" lon="13.30328"></trkpt>
      <trkpt lat="49.683455" lon="13.302682"></trkpt>
      <trkpt lat="49.691055" lon="13.297674"></trkpt>
      <trkpt lat="49.703415" lon="13.28888"></trkpt>
      <trkpt lat="49.705053" lon="13.287429"></trkpt>
      <trkpt lat="49.706234" lon="13.285985"></trkpt>
      <trkpt lat="49.706861" lon="13.28501"></trkpt>
      <trkpt lat="49.707692" lon="13.283483"></trkpt>
      <trkpt lat="49.708366" lon="13.28192"></trkpt>
      <trkpt lat="49.709315" lon="13.27876"></trkpt>
      <trkpt lat="49.709832" lon="13.275386"></trkpt>
      <trkpt lat="49.70989" lon="13.271594"></trkpt>
      <trkpt lat="49.709432" lon="13.266722"></trkpt>
      <trkpt lat="49.709288" lon="13.264"></trkpt>
      <trkpt lat="49.709484" lon="13.260417"></trkpt>
      <trkpt lat="49.710251" lon="13.253753"></trkpt>
      <trkpt lat="49.710215" lon="13.249516"></trkpt>
      <trkpt lat="49.709446" lon="13.243675"></trkpt>
      <trkpt lat="49.702183" lon="13.199125"></trkpt>
      <trkpt lat="49.701885" lon="13.1957"></trkpt>
      <trkpt lat="49.701969" lon="13.19139"></trkpt>
      <trkpt lat="49.702234" lon="13.189117"></trkpt>
      <trkpt lat="49.702767" lon="13.186372"></trkpt>
      <trkpt lat="49.703476" lon="13.183864"></trkpt>
      <trkpt lat="49.704179" lon="13.181959"></trkpt>
      <trkpt lat="49.705835" lon="13.178644"></trkpt>
      <trkpt lat="49.709344" lon="13.173601"></trkpt>
      <trkpt lat="49.710467" lon="13.171697"></trkpt>
      <trkpt lat="49.711624" lon="13.169083"></trkpt>
      <trkpt lat="49.712212" lon="13.167311"></trkpt>
      <trkpt lat="49.712795" lon="13.164961"></trkpt>
      <trkpt lat="49.713209" lon="13.162447"></trkpt>
      <trkpt lat="49.713393" lon="13.160361"></trkpt>
      <trkpt lat="49.713335" lon="13.150705"></trkpt>
      <trkpt lat="49.713515" lon="13.14688"></trkpt>
      <trkpt lat="49.713863" lon="13.143672"></trkpt>
      <trkpt lat="49.714759" lon="13.138677"></trkpt>
      <trkpt lat="49.720977" lon="13.114951"></trkpt>
      <trkpt lat="49.721928" lon="13.110614"></trkpt>
      <trkpt lat="49.722592" lon="13.105485"></trkpt>
      <trkpt lat="49.723032" lon="13.100078"></trkpt>
      <trkpt lat="49.723247" lon="13.094157"></trkpt>
      <trkpt lat="49.723219" lon="13.089619"></trkpt>
      <trkpt lat="49.722947" lon="13.085613"></trkpt>
      <trkpt lat="49.722538" lon="13.082854"></trkpt>
      <trkpt lat="49.721923" lon="13.080055"></trkpt>
      <trkpt lat="49.720737" lon="13.076329"></trkpt>
      <trkpt lat="49.71967" lon="13.073843"></trkpt>
      <trkpt lat="49.718733" lon="13.072058"></trkpt>
      <trkpt lat="49.714147" lon="13.065003"></trkpt>
      <trkpt lat="49.71173" lon="13.060352"></trkpt>
      <trkpt lat="49.709786" lon="13.05541"></trkpt>
      <trkpt lat="49.708619" lon="13.051525"></trkpt>
      <trkpt lat="49.708025" lon="13.049041"></trkpt>
      <trkpt lat="49.707398" lon="13.045244"></trkpt>
      <trkpt lat="49.707139" lon="13.042029"></trkpt>
      <trkpt lat="49.70697" lon="13.018973"></trkpt>
      <trkpt lat="49.706711" lon="13.013502"></trkpt>
      <trkpt lat="49.706373" lon="13.010688"></trkpt>
      <trkpt lat="49.70587" lon="13.007858"></trkpt>
      <trkpt lat="49.703652" lon="12.998001"></trkpt>
      <trkpt lat="49.702884" lon="12.993946"></trkpt>
      <trkpt lat="49.702461" lon="12.989237"></trkpt>
      <trkpt lat="49.702509" lon="12.984933"></trkpt>
      <trkpt lat="49.702875" lon="12.981128"></trkpt>
      <trkpt lat="49.706337" lon="12.954115"></trkpt>
      <trkpt lat="49.707262" lon="12.948459"></trkpt>
      <trkpt lat="49.708031" lon="12.94535"></trkpt>
      <trkpt lat="49.70888" lon="12.942673"></trkpt>
      <trkpt lat="49.716417" lon="12.923776"></trkpt>
      <trkpt lat="49.717645" lon="12.9201"></trkpt>
      <trkpt lat="49.718219" lon="12.917794"></trkpt>
      <trkpt lat="49.718732" lon="12.914916"></trkpt>
      <trkpt lat="49.720117" lon="12.902829"></trkpt>
      <trkpt lat="49.721113" lon="12.898625"></trkpt>
      <trkpt lat="49.722456" lon="12.895085"></trkpt>
      <trkpt lat="49.72463" lon="12.890646"></trkpt>
      <trkpt lat="49.726561" lon="12.886101"></trkpt>
      <trkpt lat="49.728121" lon="12.881419"></trkpt>
      <trkpt lat="49.730888" lon="12.871504"></trkpt>
      <trkpt lat="49.731929" lon="12.868472"></trkpt>
      <trkpt lat="49.733392" lon="12.864844"></trkpt>
      <trkpt lat="49.734585" lon="12.862266"></trkpt>
      <trkpt lat="49.736271" lon="12.8591"></trkpt>
      <trkpt lat="49.741479" lon="12.850991"></trkpt>
      <trkpt lat="49.743464" lon="12.847615"></trkpt>
      <trkpt lat="49.745128" lon="12.844324"></trkpt>
      <trkpt lat="49.746626" lon="12.840887"></trkpt>
      <trkpt lat="49.748267" lon="12.836405"></trkpt>
      <trkpt lat="49.749676" lon="12.831618"></trkpt>
      <trkpt lat="49.75064" lon="12.827456"></trkpt>
      <trkpt lat="49.7515" lon="12.822543"></trkpt>
      <trkpt lat="49.752012" lon="12.818081"></trkpt>
      <trkpt lat="49.752183" lon="12.813613"></trkpt>
      <trkpt lat="49.752026" lon="12.809693"></trkpt>
      <trkpt lat="49.751582" lon="12.805819"></trkpt>
      <trkpt lat="49.749392" lon="12.795013"></trkpt>
      <trkpt lat="49.748774" lon="12.791486"></trkpt>
      <trkpt lat="49.745823" lon="12.77047"></trkpt>
      <trkpt lat="49.745195" lon="12.766727"></trkpt>
      <trkpt lat="49.744044" lon="12.76176"></trkpt>
      <trkpt lat="49.741685" lon="12.753969"></trkpt>
      <trkpt lat="49.741097" lon="12.751703"></trkpt>
      <trkpt lat="49.740429" lon="12.748318"></trkpt>
      <trkpt lat="49.739433" lon="12.741756"></trkpt>
      <trkpt lat="49.738793" lon="12.739"></trkpt>
      <trkpt lat="49.737963" lon="12.736399"></trkpt>
      <trkpt lat="49.736707" lon="12.733486"></trkpt>
      <trkpt lat="49.735658" lon="12.731598"></trkpt>
      <trkpt lat="49.734324" lon="12.729649"></trkpt>
      <trkpt lat="49.732992" lon="12.72808"></trkpt>
      <trkpt lat="49.731373" lon="12.726588"></trkpt>
      <trkpt lat="49.729898" lon="12.725538"></trkpt>
      <trkpt lat="49.726174" lon="12.723536"></trkpt>
      <trkpt lat="49.724577" lon="12.722534"></trkpt>
      <trkpt lat="49.722326" lon="12.720668"></trkpt>
      <trkpt lat="49.720733" lon="12.718982"></trkpt>
      <trkpt lat="49.719363" lon="12.71722"></trkpt>
      <trkpt lat="49.715264" lon="12.711027"></trkpt>
      <trkpt lat="49.713662" lon="12.708782"></trkpt>
      <trkpt lat="49.71131" lon="12.705861"></trkpt>
      <trkpt lat="49.70709" lon="12.701014"></trkpt>
      <trkpt lat="49.704685" lon="12.697884"></trkpt>
      <trkpt lat="49.703109" lon="12.695491"></trkpt>
      <trkpt lat="49.701601" lon="12.692928"></trkpt>
      <trkpt lat="49.699389" lon="12.688532"></trkpt>
      <trkpt lat="49.697543" lon="12.684082"></trkpt>
      <trkpt lat="49.69618" lon="12.680089"></trkpt>
      <trkpt lat="49.694886" lon="12.675422"></trkpt>
      <trkpt lat="49.69283" lon="12.666861"></trkpt>
      <trkpt lat="49.69207" lon="12.664376"></trkpt>
      <trkpt lat="49.691328" lon="12.662467"></trkpt>
      <trkpt lat="49.69003" lon="12.659725"></trkpt>
      <trkpt lat="49.688803" lon="12.6576"></trkpt>
      <trkpt lat="49.687233" lon="12.655381"></trkpt>
      <trkpt lat="49.684804" lon="12.652261"></trkpt>
      <trkpt lat="49.683483" lon="12.650151"></trkpt>
      <trkpt lat="49.6822" lon="12.647326"></trkpt>
      <trkpt lat="49.681207" lon="12.644088"></trkpt>
      <trkpt lat="49.680815" lon="12.642196"></trkpt>
      <trkpt lat="49.680479" lon="12.63965"></trkpt>
      <trkpt lat="49.678242" lon="12.602985"></trkpt>
      <trkpt lat="49.677684" lon="12.599581"></trkpt>
      <trkpt lat="49.677109" lon="12.59741"></trkpt>
      <trkpt lat="49.676485" lon="12.595618"></trkpt>
      <trkpt lat="49.675751" lon="12.593913"></trkpt>
      <trkpt lat="49.674228" lon="12.591273"></trkpt>
      <trkpt lat="49.672372" lon="12.589025"></trkpt>
      <trkpt lat="49.670979" lon="12.587801"></trkpt>
      <trkpt lat="49.668466" lon="12.585879"></trkpt>
      <trkpt lat="49.667078" lon="12.584395"></trkpt>
      <trkpt lat="49.665495" lon="12.581989"></trkpt>
      <trkpt lat="49.664416" lon="12.579594"></trkpt>
      <trkpt lat="49.663816" lon="12.577632"></trkpt>
      <trkpt lat="49.663221" lon="12.574926"></trkpt>
      <trkpt lat="49.657855" lon="12.54735"></trkpt>
      <trkpt lat="49.657197" lon="12.544865"></trkpt>
      <trkpt lat="49.655883" lon="12.541587"></trkpt>
      <trkpt lat="49.654821" lon="12.539715"></trkpt>
      <trkpt lat="49.652965" lon="12.537312"></trkpt>
      <trkpt lat="49.6516" lon="12.535985"></trkpt>
      <trkpt lat="49.6492" lon="12.534171"></trkpt>
      <trkpt lat="49.647919" lon="12.533039"></trkpt>
      <trkpt lat="49.646347" lon="12.531155"></trkpt>
      <trkpt lat="49.645375" lon="12.529573"></trkpt>
      <trkpt lat="49.644659" lon="12.52812"></trkpt>
      <trkpt lat="49.64238" lon="12.521595"></trkpt>
      <trkpt lat="49.641181" lon="12.519018"></trkpt>
      <trkpt lat="49.640143" lon="12.517509"></trkpt>
      <trkpt lat="49.639253" lon="12.516528"></trkpt>
      <trkpt lat="49.636176" lon="12.513816"></trkpt>
      <trkpt lat="49.634674" lon="12.512263"></trkpt>
      <trkpt lat="49.633373" lon="12.510298"></trkpt>
      <trkpt lat="49.632302" lon="12.507787"></trkpt>
      <trkpt lat="49.631721" lon="12.505612"></trkpt>
      <trkpt lat="49.63147" lon="12.504048"></trkpt>
      <trkpt lat="49.631322" lon="12.501392"></trkpt>
      <trkpt lat="49.631443" lon="12.499261"></trkpt>
      <trkpt lat="49.631669" lon="12.497702"></trkpt>
      <trkpt lat="49.632086" lon="12.495922"></trkpt>
      <trkpt lat="49.633729" lon="12.490805"></trkpt>
      <trkpt lat="49.634563" lon="12.487647"></trkpt>
      <trkpt lat="49.635053" lon="12.484446"></trkpt>
      <trkpt lat="49.635206" lon="12.481629"></trkpt>
      <trkpt lat="49.635146" lon="12.479346"></trkpt>
      <trkpt lat="49.634804" lon="12.476287"></trkpt>
      <trkpt lat="49.634306" lon="12.473836"></trkpt>
      <trkpt lat="49.633194" lon="12.469663"></trkpt>
      <trkpt lat="49.632824" lon="12.467299"></trkpt>
      <trkpt lat="49.632778" lon="12.4652"></trkpt>
      <trkpt lat="49.633328" lon="12.459601"></trkpt>
      <trkpt lat="49.633295" lon="12.457724"></trkpt>
      <trkpt lat="49.633065" lon="12.455882"></trkpt>
      <trkpt lat="49.632795" lon="12.454665"></trkpt>
      <trkpt lat="49.632158" lon="12.45282"></trkpt>
      <trkpt lat="49.629916" lon="12.448258"></trkpt>
      <trkpt lat="49.628397" lon="12.444211"></trkpt>
      <trkpt lat="49.626427" lon="12.437046"></trkpt>
      <trkpt lat="49.624436" lon="12.428245"></trkpt>
      <trkpt lat="49.623133" lon="12.423875"></trkpt>
      <trkpt lat="49.622126" lon="12.421369"></trkpt>
      <trkpt lat="49.62049" lon="12.41826"></trkpt>
      <trkpt lat="49.618654" lon="12.415596"></trkpt>
      <trkpt lat="49.615771" lon="12.411884"></trkpt>
      <trkpt lat="49.614492" lon="12.40969"></trkpt>
      <trkpt lat="49.613939" lon="12.408469"></trkpt>
      <trkpt lat="49.613004" lon="12.405695"></trkpt>
      <trkpt lat="49.612676" lon="12.404387"></trkpt>
      <trkpt lat="49.611855" lon="12.399987"></trkpt>
      <trkpt lat="49.611528" lon="12.397204"></trkpt>
      <trkpt lat="49.611333" lon="12.393209"></trkpt>
      <trkpt lat="49.611471" lon="12.388464"></trkpt>
      <trkpt lat="49.611856" lon="12.384796"></trkpt>
      <trkpt lat="49.612381" lon="12.382024"></trkpt>
      <trkpt lat="49.612984" lon="12.380127"></trkpt>
      <trkpt lat="49.613975" lon="12.378178"></trkpt>
      <trkpt lat="49.616361" lon="12.374911"></trkpt>
      <trkpt lat="49.617436" lon="12.373095"></trkpt>
      <trkpt lat="49.61816" lon="12.371136"></trkpt>
      <trkpt lat="49.618583" lon="12.369216"></trkpt>
      <trkpt lat="49.6189" lon="12.365928"></trkpt>
      <trkpt lat="49.61894" lon="12.361692"></trkpt>
      <trkpt lat="49.618827" lon="12.359625"></trkpt>
      <trkpt lat="49.618505" lon="12.357584"></trkpt>
      <trkpt lat="49.617989" lon="12.355735"></trkpt>
      <trkpt lat="49.616128" lon="12.351472"></trkpt>
      <trkpt lat="49.615519" lon="12.349376"></trkpt>
      <trkpt lat="49.615136" lon="12.347145"></trkpt>
      <trkpt lat="49.61455" lon="12.341686"></trkpt>
      <trkpt lat="49.61384" lon="12.338395"></trkpt>
      <trkpt lat="49.612852" lon="12.335375"></trkpt>
      <trkpt lat="49.611359" lon="12.332188"></trkpt>
      <trkpt lat="49.610486" lon="12.330723"></trkpt>
      <trkpt lat="49.60953" lon="12.329391"></trkpt>
      <trkpt lat="49.60835" lon="12.327998"></trkpt>
      <trkpt lat="49.60729" lon="12.326963"></trkpt>
      <trkpt lat="49.605511" lon="12.325602"></trkpt>
      <trkpt lat="49.600468" lon="12.322439"></trkpt>
      <trkpt lat="49.598385" lon="12.320593"></trkpt>
      <trkpt lat="49.597106" lon="12.318938"></trkpt>
      <trkpt lat="49.59585" lon="12.316662"></trkpt>
      <trkpt lat="49.59528" lon="12.315124"></trkpt>
      <trkpt lat="49.594905" lon="12.313719"></trkpt>
      <trkpt lat="49.594527" lon="12.311298"></trkpt>
      <trkpt lat="49.594239" lon="12.308189"></trkpt>
      <trkpt lat="49.593848" lon="12.306183"></trkpt>
      <trkpt lat="49.590628" lon="12.294824"></trkpt>
      <trkpt lat="49.588547" lon="12.286565"></trkpt>
      <trkpt lat="49.587908" lon="12.284602"></trkpt>
      <trkpt lat="49.587032" lon="12.282573"></trkpt>
      <trkpt lat="49.585873" lon="12.280735"></trkpt>
      <trkpt lat="49.585292" lon="12.280016"></trkpt>
      <trkpt lat="49.584061" lon="12.278831"></trkpt>
      <trkpt lat="49.582849" lon="12.278047"></trkpt>
      <trkpt lat="49.579766" lon="12.276712"></trkpt>
      <trkpt lat="49.578596" lon="12.275783"></trkpt>
      <trkpt lat="49.577738" lon="12.274791"></trkpt>
      <trkpt lat="49.577228" lon="12.274056"></trkpt>
      <trkpt lat="49.576314" lon="12.272276"></trkpt>
      <trkpt lat="49.57154" lon="12.261788"></trkpt>
      <trkpt lat="49.569994" lon="12.259411"></trkpt>
      <trkpt lat="49.568385" lon="12.257636"></trkpt>
      <trkpt lat="49.567703" lon="12.25672"></trkpt>
      <trkpt lat="49.56694" lon="12.255406"></trkpt>
      <trkpt lat="49.56618" lon="12.25366"></trkpt>
      <trkpt lat="49.565492" lon="12.251359"></trkpt>
      <trkpt lat="49.565153" lon="12.249281"></trkpt>
      <trkpt lat="49.565004" lon="12.247135"></trkpt>
      <trkpt lat="49.565066" lon="12.245255"></trkpt>
      <trkpt lat="49.565355" lon="12.243035"></trkpt>
      <trkpt lat="49.565734" lon="12.241435"></trkpt>
      <trkpt lat="49.568118" lon="12.233621"></trkpt>
      <trkpt lat="49.568696" lon="12.23135"></trkpt>
      <trkpt lat="49.569093" lon="12.228614"></trkpt>
      <trkpt lat="49.569166" lon="12.225564"></trkpt>
      <trkpt lat="49.568786" lon="12.221881"></trkpt>
      <trkpt lat="49.567898" lon="12.218059"></trkpt>
      <trkpt lat="49.566319" lon="12.213303"></trkpt>
      <trkpt lat="49.565232" lon="12.210748"></trkpt>
      <trkpt lat="49.563149" lon="12.206763"></trkpt>
      <trkpt lat="49.561818" lon="12.204643"></trkpt>
      <trkpt lat="49.5604" lon="12.202689"></trkpt>
      <trkpt lat="49.559256" lon="12.20133"></trkpt>
      <trkpt lat="49.556222" lon="12.198285"></trkpt>
      <trkpt lat="49.553644" lon="12.196368"></trkpt>
      <trkpt lat="49.550543" lon="12.194674"></trkpt>
      <trkpt lat="49.54786" lon="12.193707"></trkpt>
      <trkpt lat="49.544861" lon="12.193142"></trkpt>
      <trkpt lat="49.540313" lon="12.192755"></trkpt>
      <trkpt lat="49.537599" lon="12.192118"></trkpt>
      <trkpt lat="49.536161" lon="12.191543"></trkpt>
      <trkpt lat="49.534593" lon="12.190727"></trkpt>
      <trkpt lat="49.533278" lon="12.189894"></trkpt>
      <trkpt lat="49.531829" lon="12.18867"></trkpt>
      <trkpt lat="49.529959" lon="12.186683"></trkpt>
      <trkpt lat="49.52832" lon="12.184547"></trkpt>
      <trkpt lat="49.526609" lon="12.18173"></trkpt>
      <trkpt lat="49.525263" lon="12.178875"></trkpt>
      <trkpt lat="49.524484" lon="12.17688"></trkpt>
      <trkpt lat="49.522996" lon="12.171718"></trkpt>
      <trkpt lat="49.522029" lon="12.168973"></trkpt>
      <trkpt lat="49.520779" lon="12.166324"></trkpt>
      <trkpt lat="49.519449" lon="12.164477"></trkpt>
      <trkpt lat="49.518057" lon="12.163237"></trkpt>
      <trkpt lat="49.51651" lon="12.162423"></trkpt>
      <trkpt lat="49.515543" lon="12.162172"></trkpt>
      <trkpt lat="49.514594" lon="12.162097"></trkpt>
      <trkpt lat="49.51235" lon="12.162351"></trkpt>
      <trkpt lat="49.511128" lon="12.162315"></trkpt>
      <trkpt lat="49.50978" lon="12.161832"></trkpt>
      <trkpt lat="49.508026" lon="12.160741"></trkpt>
      <trkpt lat="49.506913" lon="12.159675"></trkpt>
      <trkpt lat="49.505789" lon="12.158187"></trkpt>
      <trkpt lat="49.505131" lon="12.157039"></trkpt>
      <trkpt lat="49.50328" lon="12.153112"></trkpt>
      <trkpt lat="49.502735" lon="12.152222"></trkpt>
      <trkpt lat="49.501579" lon="12.150777"></trkpt>
      <trkpt lat="49.500714" lon="12.149966"></trkpt>
      <trkpt lat="49.499713" lon="12.149256"></trkpt>
      <trkpt lat="49.496318" lon="12.147701"></trkpt>
      <trkpt lat="49.49471" lon="12.146589"></trkpt>
      <trkpt lat="49.493286" lon="12.145251"></trkpt>
      <trkpt lat="49.490737" lon="12.142154"></trkpt>
      <trkpt lat="49.48932" lon="12.140658"></trkpt>
      <trkpt lat="49.486773" lon="12.138458"></trkpt>
      <trkpt lat="49.484973" lon="12.137262"></trkpt>
      <trkpt lat="49.483012" lon="12.136215"></trkpt>
      <trkpt lat="49.481283" lon="12.135555"></trkpt>
      <trkpt lat="49.478702" lon="12.13498"></trkpt>
      <trkpt lat="49.475579" lon="12.134803"></trkpt>
      <trkpt lat="49.469458" lon="12.135201"></trkpt>
      <trkpt lat="49.467692" lon="12.135215"></trkpt>
      <trkpt lat="49.465728" lon="12.135048"></trkpt>
      <trkpt lat="49.463577" lon="12.134554"></trkpt>
      <trkpt lat="49.462403" lon="12.134113"></trkpt>
      <trkpt lat="49.460496" lon="12.133158"></trkpt>
      <trkpt lat="49.458263" lon="12.131574"></trkpt>
      <trkpt lat="49.456407" lon="12.129813"></trkpt>
      <trkpt lat="49.454798" lon="12.12781"></trkpt>
      <trkpt lat="49.453801" lon="12.12632"></trkpt>
      <trkpt lat="49.452725" lon="12.124274"></trkpt>
      <trkpt lat="49.451874" lon="12.122272"></trkpt>
      <trkpt lat="49.451115" lon="12.120112"></trkpt>
      <trkpt lat="49.450253" lon="12.116592"></trkpt>
      <trkpt lat="49.449738" lon="12.113276"></trkpt>
      <trkpt lat="49.448812" lon="12.103821"></trkpt>
      <trkpt lat="49.448435" lon="12.100859"></trkpt>
      <trkpt lat="49.44768" lon="12.096361"></trkpt>
      <trkpt lat="49.447104" lon="12.093476"></trkpt>
      <trkpt lat="49.443379" lon="12.078372"></trkpt>
      <trkpt lat="49.442246" lon="12.072332"></trkpt>
      <trkpt lat="49.44136" lon="12.065603"></trkpt>
      <trkpt lat="49.440205" lon="12.052651"></trkpt>
      <trkpt lat="49.439255" lon="12.045736"></trkpt>
      <trkpt lat="49.4385" lon="12.041524"></trkpt>
      <trkpt lat="49.437442" lon="12.036612"></trkpt>
      <trkpt lat="49.435642" lon="12.029533"></trkpt>
      <trkpt lat="49.43421" lon="12.024714"></trkpt>
      <trkpt lat="49.432331" lon="12.01928"></trkpt>
      <trkpt lat="49.430179" lon="12.01407"></trkpt>
      <trkpt lat="49.428478" lon="12.010438"></trkpt>
      <trkpt lat="49.426329" lon="12.006301"></trkpt>
      <trkpt lat="49.423379" lon="12.001508"></trkpt>
      <trkpt lat="49.421075" lon="11.998651"></trkpt>
      <trkpt lat="49.420139" lon="11.997608"></trkpt>
      <trkpt lat="49.418956" lon="11.996531"></trkpt>
      <trkpt lat="49.415413" lon="11.99365"></trkpt>
      <trkpt lat="49.406735" lon="11.987109"></trkpt>
      <trkpt lat="49.40526" lon="11.985797"></trkpt>
      <trkpt lat="49.404055" lon="11.984489"></trkpt>
      <trkpt lat="49.402086" lon="11.981793"></trkpt>
      <trkpt lat="49.400809" lon="11.979321"></trkpt>
      <trkpt lat="49.399439" lon="11.975467"></trkpt>
      <trkpt lat="49.398611" lon="11.971819"></trkpt>
      <trkpt lat="49.398183" lon="11.96871"></trkpt>
      <trkpt lat="49.398017" lon="11.9665"></trkpt>
      <trkpt lat="49.397959" lon="11.962503"></trkpt>
      <trkpt lat="49.398178" lon="11.957419"></trkpt>
      <trkpt lat="49.399098" lon="11.944318"></trkpt>
      <trkpt lat="49.399182" lon="11.941529"></trkpt>
      <trkpt lat="49.399023" lon="11.935261"></trkpt>
      <trkpt lat="49.398815" lon="11.932478"></trkpt>
      <trkpt lat="49.39809" lon="11.926685"></trkpt>
      <trkpt lat="49.39348" lon="11.897256"></trkpt>
      <trkpt lat="49.392898" lon="11.891296"></trkpt>
      <trkpt lat="49.392772" lon="11.887816"></trkpt>
      <trkpt lat="49.392792" lon="11.883842"></trkpt>
      <trkpt lat="49.393037" lon="11.879319"></trkpt>
      <trkpt lat="49.393508" lon="11.875119"></trkpt>
      <trkpt lat="49.394678" lon="11.868526"></trkpt>
      <trkpt lat="49.396928" lon="11.858838"></trkpt>
      <trkpt lat="49.39762" lon="11.855217"></trkpt>
      <trkpt lat="49.398278" lon="11.850204"></trkpt>
      <trkpt lat="49.399246" lon="11.838545"></trkpt>
      <trkpt lat="49.399717" lon="11.835873"></trkpt>
      <trkpt lat="49.401557" lon="11.828274"></trkpt>
      <trkpt lat="49.401972" lon="11.824594"></trkpt>
      <trkpt lat="49.402008" lon="11.822234"></trkpt>
      <trkpt lat="49.401786" lon="11.819152"></trkpt>
      <trkpt lat="49.401463" lon="11.817072"></trkpt>
      <trkpt lat="49.401014" lon="11.815108"></trkpt>
      <trkpt lat="49.400313" lon="11.812841"></trkpt>
      <trkpt lat="49.398059" lon="11.807403"></trkpt>
      <trkpt lat="49.397109" lon="11.803989"></trkpt>
      <trkpt lat="49.396645" lon="11.800637"></trkpt>
      <trkpt lat="49.396686" lon="11.797472"></trkpt>
      <trkpt lat="49.396835" lon="11.796196"></trkpt>
      <trkpt lat="49.397399" lon="11.793677"></trkpt>
      <trkpt lat="49.397908" lon="11.792234"></trkpt>
      <trkpt lat="49.398815" lon="11.790281"></trkpt>
      <trkpt lat="49.400286" lon="11.788144"></trkpt>
      <trkpt lat="49.40335" lon="11.784552"></trkpt>
      <trkpt lat="49.404821" lon="11.782535"></trkpt>
      <trkpt lat="49.405812" lon="11.780762"></trkpt>
      <trkpt lat="49.407008" lon="11.777549"></trkpt>
      <trkpt lat="49.407459" lon="11.775612"></trkpt>
      <trkpt lat="49.407726" lon="11.773852"></trkpt>
      <trkpt lat="49.408067" lon="11.768"></trkpt>
      <trkpt lat="49.408469" lon="11.764802"></trkpt>
      <trkpt lat="49.408884" lon="11.763009"></trkpt>
      <trkpt lat="49.410669" lon="11.75798"></trkpt>
      <trkpt lat="49.411549" lon="11.754715"></trkpt>
      <trkpt lat="49.412087" lon="11.750994"></trkpt>
      <trkpt lat="49.412337" lon="11.746685"></trkpt>
      <trkpt lat="49.412957" lon="11.742603"></trkpt>
      <trkpt lat="49.414029" lon="11.739002"></trkpt>
      <trkpt lat="49.416923" lon="11.732424"></trkpt>
      <trkpt lat="49.417594" lon="11.730334"></trkpt>
      <trkpt lat="49.418017" lon="11.728566"></trkpt>
      <trkpt lat="49.418391" lon="11.726382"></trkpt>
      <trkpt lat="49.418917" lon="11.719103"></trkpt>
      <trkpt lat="49.419225" lon="11.716776"></trkpt>
      <trkpt lat="49.420221" lon="11.713084"></trkpt>
      <trkpt lat="49.421852" lon="11.709281"></trkpt>
      <trkpt lat="49.422696" lon="11.706331"></trkpt>
      <trkpt lat="49.423062" lon="11.704649"></trkpt>
      <trkpt lat="49.423416" lon="11.700812"></trkpt>
      <trkpt lat="49.423464" lon="11.694228"></trkpt>
      <trkpt lat="49.423614" lon="11.691522"></trkpt>
      <trkpt lat="49.423941" lon="11.688868"></trkpt>
      <trkpt lat="49.425142" lon="11.681846"></trkpt>
      <trkpt lat="49.425494" lon="11.678914"></trkpt>
      <trkpt lat="49.426181" lon="11.667867"></trkpt>
      <trkpt lat="49.426433" lon="11.665733"></trkpt>
      <trkpt lat="49.427115" lon="11.661789"></trkpt>
      <trkpt lat="49.428954" lon="11.653716"></trkpt>
      <trkpt lat="49.429221" lon="11.651479"></trkpt>
      <trkpt lat="49.42934" lon="11.648977"></trkpt>
      <trkpt lat="49.429298" lon="11.647043"></trkpt>
      <trkpt lat="49.429095" lon="11.644846"></trkpt>
      <trkpt lat="49.42875" lon="11.642902"></trkpt>
      <trkpt lat="49.4281" lon="11.640676"></trkpt>
      <trkpt lat="49.427423" lon="11.639045"></trkpt>
      <trkpt lat="49.426679" lon="11.637712"></trkpt>
      <trkpt lat="49.42368" lon="11.63378"></trkpt>
      <trkpt lat="49.422882" lon="11.632504"></trkpt>
      <trkpt lat="49.421739" lon="11.629935"></trkpt>
      <trkpt lat="49.421192" lon="11.628054"></trkpt>
      <trkpt lat="49.42003" lon="11.622809"></trkpt>
      <trkpt lat="49.419413" lon="11.620668"></trkpt>
      <trkpt lat="49.418484" lon="11.618389"></trkpt>
      <trkpt lat="49.416012" lon="11.613503"></trkpt>
      <trkpt lat="49.414959" lon="11.610735"></trkpt>
      <trkpt lat="49.414273" lon="11.608107"></trkpt>
      <trkpt lat="49.413101" lon="11.602015"></trkpt>
      <trkpt lat="49.412176" lon="11.59892"></trkpt>
      <trkpt lat="49.411477" lon="11.597251"></trkpt>
      <trkpt lat="49.409469" lon="11.593184"></trkpt>
      <trkpt lat="49.408357" lon="11.590429"></trkpt>
      <trkpt lat="49.407612" lon="11.587447"></trkpt>
      <trkpt lat="49.40729" lon="11.584856"></trkpt>
      <trkpt lat="49.407272" lon="11.583187"></trkpt>
      <trkpt lat="49.407406" lon="11.581216"></trkpt>
      <trkpt lat="49.408038" lon="11.578099"></trkpt>
      <trkpt lat="49.409197" lon="11.575043"></trkpt>
      <trkpt lat="49.411775" lon="11.569919"></trkpt>
      <trkpt lat="49.412547" lon="11.568126"></trkpt>
      <trkpt lat="49.41324" lon="11.565878"></trkpt>
      <trkpt lat="49.41363" lon="11.563782"></trkpt>
      <trkpt lat="49.413793" lon="11.560261"></trkpt>
      <trkpt lat="49.413448" lon="11.557174"></trkpt>
      <trkpt lat="49.412625" lon="11.554174"></trkpt>
      <trkpt lat="49.410093" lon="11.54781"></trkpt>
      <trkpt lat="49.409457" lon="11.545751"></trkpt>
      <trkpt lat="49.409069" lon="11.543943"></trkpt>
      <trkpt lat="49.408844" lon="11.542254"></trkpt>
      <trkpt lat="49.408723" lon="11.540098"></trkpt>
      <trkpt lat="49.408762" lon="11.538272"></trkpt>
      <trkpt lat="49.408986" lon="11.536132"></trkpt>
      <trkpt lat="49.40936" lon="11.534148"></trkpt>
      <trkpt lat="49.411561" lon="11.525786"></trkpt>
      <trkpt lat="49.412071" lon="11.523431"></trkpt>
      <trkpt lat="49.412472" lon="11.520751"></trkpt>
      <trkpt lat="49.413072" lon="11.515135"></trkpt>
      <trkpt lat="49.413823" lon="11.511023"></trkpt>
      <trkpt lat="49.414572" lon="11.508346"></trkpt>
      <trkpt lat="49.417368" lon="11.500317"></trkpt>
      <trkpt lat="49.417995" lon="11.497793"></trkpt>
      <trkpt lat="49.418454" lon="11.495197"></trkpt>
      <trkpt lat="49.418793" lon="11.492116"></trkpt>
      <trkpt lat="49.419855" lon="11.476308"></trkpt>
      <trkpt lat="49.42" lon="11.469787"></trkpt>
      <trkpt lat="49.419377" lon="11.456523"></trkpt>
      <trkpt lat="49.419065" lon="11.452611"></trkpt>
      <trkpt lat="49.418483" lon="11.449112"></trkpt>
      <trkpt lat="49.416598" lon="11.440729"></trkpt>
      <trkpt lat="49.416154" lon="11.437242"></trkpt>
      <trkpt lat="49.416015" lon="11.433863"></trkpt>
      <trkpt lat="49.416052" lon="11.427315"></trkpt>
      <trkpt lat="49.415692" lon="11.423333"></trkpt>
      <trkpt lat="49.414997" lon="11.41969"></trkpt>
      <trkpt lat="49.41294" lon="11.412892"></trkpt>
      <trkpt lat="49.412529" lon="11.411118"></trkpt>
      <trkpt lat="49.411504" lon="11.403917"></trkpt>
      <trkpt lat="49.410644" lon="11.401013"></trkpt>
      <trkpt lat="49.409794" lon="11.399255"></trkpt>
      <trkpt lat="49.408865" lon="11.39783"></trkpt>
      <trkpt lat="49.40756" lon="11.396365"></trkpt>
      <trkpt lat="49.404329" lon="11.393637"></trkpt>
      <trkpt lat="49.403347" lon="11.392458"></trkpt>
      <trkpt lat="49.402334" lon="11.390988"></trkpt>
      <trkpt lat="49.401289" lon="11.38898"></trkpt>
      <trkpt lat="49.400841" lon="11.387776"></trkpt>
      <trkpt lat="49.400311" lon="11.385451"></trkpt>
      <trkpt lat="49.40009" lon="11.383731"></trkpt>
      <trkpt lat="49.40002" lon="11.38188"></trkpt>
      <trkpt lat="49.400151" lon="11.379653"></trkpt>
      <trkpt lat="49.400827" lon="11.376106"></trkpt>
      <trkpt lat="49.401882" lon="11.372827"></trkpt>
      <trkpt lat="49.404052" lon="11.36719"></trkpt>
      <trkpt lat="49.404859" lon="11.364809"></trkpt>
      <trkpt lat="49.405841" lon="11.361223"></trkpt>
      <trkpt lat="49.406537" lon="11.357914"></trkpt>
      <trkpt lat="49.407175" lon="11.353669"></trkpt>
      <trkpt lat="49.407774" lon="11.348125"></trkpt>
      <trkpt lat="49.408227" lon="11.342202"></trkpt>
      <trkpt lat="49.408419" lon="11.337555"></trkpt>
      <trkpt lat="49.408437" lon="11.330553"></trkpt>
      <trkpt lat="49.408311" lon="11.327026"></trkpt>
      <trkpt lat="49.40796" lon="11.321532"></trkpt>
      <trkpt lat="49.407232" lon="11.314776"></trkpt>
      <trkpt lat="49.406561" lon="11.31024"></trkpt>
      <trkpt lat="49.40573" lon="11.305674"></trkpt>
      <trkpt lat="49.402399" lon="11.290719"></trkpt>
      <trkpt lat="49.40184" lon="11.286345"></trkpt>
      <trkpt lat="49.401729" lon="11.283785"></trkpt>
      <trkpt lat="49.401802" lon="11.280395"></trkpt>
      <trkpt lat="49.402708" lon="11.267269"></trkpt>
      <trkpt lat="49.403021" lon="11.257478"></trkpt>
      <trkpt lat="49.402879" lon="11.248381"></trkpt>
      <trkpt lat="49.402637" lon="11.243725"></trkpt>
      <trkpt lat="49.402142" lon="11.237649"></trkpt>
      <trkpt lat="49.401361" lon="11.230892"></trkpt>
      <trkpt lat="49.400301" lon="11.224016"></trkpt>
      <trkpt lat="49.392195" lon="11.180691"></trkpt>
      <trkpt lat="49.391256" lon="11.167948"></trkpt>
      <trkpt lat="49.39072" lon="11.163155"></trkpt>
      <trkpt lat="49.389595" lon="11.158213"></trkpt>
      <trkpt lat="49.388826" lon="11.155738"></trkpt>
      <trkpt lat="49.388015" lon="11.153616"></trkpt>
      <trkpt lat="49.386499" lon="11.150386"></trkpt>
      <trkpt lat="49.385214" lon="11.148197"></trkpt>
      <trkpt lat="49.378891" lon="11.138167"></trkpt>
      <trkpt lat="49.374102" lon="11.131137"></trkpt>
      <trkpt lat="49.361016" lon="11.114275"></trkpt>
      <trkpt lat="49.359531" lon="11.11249"></trkpt>
      <trkpt lat="49.354388" lon="11.106842"></trkpt>
      <trkpt lat="49.353308" lon="11.105447"></trkpt>
      <trkpt lat="49.351739" lon="11.103069"></trkpt>
      <trkpt lat="49.350225" lon="11.100237"></trkpt>
      <trkpt lat="49.34882" lon="11.096919"></trkpt>
      <trkpt lat="49.341638" lon="11.075955"></trkpt>
      <trkpt lat="49.340564" lon="11.073264"></trkpt>
      <trkpt lat="49.339403" lon="11.070767"></trkpt>
      <trkpt lat="49.336266" lon="11.06513"></trkpt>
      <trkpt lat="49.333533" lon="11.06082"></trkpt>
      <trkpt lat="49.330196" lon="11.056369"></trkpt>
      <trkpt lat="49.323077" lon="11.047661"></trkpt>
      <trkpt lat="49.321823" lon="11.045906"></trkpt>
      <trkpt lat="49.320138" lon="11.043206"></trkpt>
      <trkpt lat="49.316904" lon="11.036886"></trkpt>
      <trkpt lat="49.314593" lon="11.031682"></trkpt>
      <trkpt lat="49.312402" lon="11.026076"></trkpt>
      <trkpt lat="49.311177" lon="11.02208"></trkpt>
      <trkpt lat="49.310202" lon="11.017137"></trkpt>
      <trkpt lat="49.309932" lon="11.014698"></trkpt>
      <trkpt lat="49.309774" lon="11.011485"></trkpt>
      <trkpt lat="49.30981" lon="11.008584"></trkpt>
      <trkpt lat="49.310368" lon="10.998823"></trkpt>
      <trkpt lat="49.310459" lon="10.995406"></trkpt>
      <trkpt lat="49.310384" lon="10.990435"></trkpt>
      <trkpt lat="49.31004" lon="10.984941"></trkpt>
      <trkpt lat="49.3096" lon="10.980927"></trkpt>
      <trkpt lat="49.308601" lon="10.974872"></trkpt>
      <trkpt lat="49.307742" lon="10.970914"></trkpt>
      <trkpt lat="49.305108" lon="10.96015"></trkpt>
      <trkpt lat="49.304075" lon="10.954933"></trkpt>
      <trkpt lat="49.303566" lon="10.951581"></trkpt>
      <trkpt lat="49.302968" lon="10.946084"></trkpt>
      <trkpt lat="49.302726" lon="10.942246"></trkpt>
      <trkpt lat="49.302625" lon="10.937914"></trkpt>
      <trkpt lat="49.302679" lon="10.934189"></trkpt>
      <trkpt lat="49.302849" lon="10.930801"></trkpt>
      <trkpt lat="49.303162" lon="10.927553"></trkpt>
      <trkpt lat="49.303669" lon="10.924259"></trkpt>
      <trkpt lat="49.3045" lon="10.920611"></trkpt>
      <trkpt lat="49.305995" lon="10.916057"></trkpt>
      <trkpt lat="49.310197" lon="10.906205"></trkpt>
      <trkpt lat="49.31167" lon="10.902233"></trkpt>
      <trkpt lat="49.31324" lon="10.896836"></trkpt>
      <trkpt lat="49.314151" lon="10.892719"></trkpt>
      <trkpt lat="49.314992" lon="10.887373"></trkpt>
      <trkpt lat="49.31552" lon="10.882048"></trkpt>
      <trkpt lat="49.315866" lon="10.8757"></trkpt>
      <trkpt lat="49.316162" lon="10.864894"></trkpt>
      <trkpt lat="49.316002" lon="10.85974"></trkpt>
      <trkpt lat="49.31556" lon="10.852123"></trkpt>
      <trkpt lat="49.315141" lon="10.847992"></trkpt>
      <trkpt lat="49.314566" lon="10.844199"></trkpt>
      <trkpt lat="49.313653" lon="10.83975"></trkpt>
      <trkpt lat="49.312564" lon="10.835592"></trkpt>
      <trkpt lat="49.309493" lon="10.826391"></trkpt>
      <trkpt lat="49.307919" lon="10.820833"></trkpt>
      <trkpt lat="49.306792" lon="10.815354"></trkpt>
      <trkpt lat="49.305698" lon="10.807729"></trkpt>
      <trkpt lat="49.305112" lon="10.800563"></trkpt>
      <trkpt lat="49.304928" lon="10.793954"></trkpt>
      <trkpt lat="49.305035" lon="10.790139"></trkpt>
      <trkpt lat="49.305842" lon="10.778064"></trkpt>
      <trkpt lat="49.30586" lon="10.774775"></trkpt>
      <trkpt lat="49.305608" lon="10.770865"></trkpt>
      <trkpt lat="49.305139" lon="10.767303"></trkpt>
      <trkpt lat="49.304545" lon="10.764238"></trkpt>
      <trkpt lat="49.303686" lon="10.760815"></trkpt>
      <trkpt lat="49.302073" lon="10.755871"></trkpt>
      <trkpt lat="49.300383" lon="10.751563"></trkpt>
      <trkpt lat="49.298725" lon="10.747863"></trkpt>
      <trkpt lat="49.29579" lon="10.742062"></trkpt>
      <trkpt lat="49.292765" lon="10.736936"></trkpt>
      <trkpt lat="49.28935" lon="10.731906"></trkpt>
      <trkpt lat="49.286162" lon="10.727817"></trkpt>
      <trkpt lat="49.281291" lon="10.722091"></trkpt>
      <trkpt lat="49.278515" lon="10.718433"></trkpt>
      <trkpt lat="49.275705" lon="10.714297"></trkpt>
      <trkpt lat="49.274074" lon="10.71168"></trkpt>
      <trkpt lat="49.27122" lon="10.706524"></trkpt>
      <trkpt lat="49.269383" lon="10.702816"></trkpt>
      <trkpt lat="49.267323" lon="10.698074"></trkpt>
      <trkpt lat="49.265604" lon="10.69361"></trkpt>
      <trkpt lat="49.264337" lon="10.689955"></trkpt>
      <trkpt lat="49.262306" lon="10.68321"></trkpt>
      <trkpt lat="49.260357" lon="10.674889"></trkpt>
      <trkpt lat="49.257876" lon="10.66339"></trkpt>
      <trkpt lat="49.256063" lon="10.656882"></trkpt>
      <trkpt lat="49.253546" lon="10.649261"></trkpt>
      <trkpt lat="49.252133" lon="10.644581"></trkpt>
      <trkpt lat="49.251118" lon="10.640257"></trkpt>
      <trkpt lat="49.250274" lon="10.635078"></trkpt>
      <trkpt lat="49.249835" lon="10.630007"></trkpt>
      <trkpt lat="49.249753" lon="10.625109"></trkpt>
      <trkpt lat="49.249871" lon="10.622033"></trkpt>
      <trkpt lat="49.250354" lon="10.617008"></trkpt>
      <trkpt lat="49.250858" lon="10.613813"></trkpt>
      <trkpt lat="49.251678" lon="10.609852"></trkpt>
      <trkpt lat="49.252634" lon="10.606268"></trkpt>
      <trkpt lat="49.255642" lon="10.596224"></trkpt>
      <trkpt lat="49.256569" lon="10.592285"></trkpt>
      <trkpt lat="49.257216" lon="10.588786"></trkpt>
      <trkpt lat="49.258008" lon="10.582343"></trkpt>
      <trkpt lat="49.258201" lon="10.579186"></trkpt>
      <trkpt lat="49.258273" lon="10.573932"></trkpt>
      <trkpt lat="49.258037" lon="10.562876"></trkpt>
      <trkpt lat="49.258158" lon="10.559064"></trkpt>
      <trkpt lat="49.258532" lon="10.554549"></trkpt>
      <trkpt lat="49.25926" lon="10.549507"></trkpt>
      <trkpt lat="49.259948" lon="10.54602"></trkpt>
      <trkpt lat="49.261064" lon="10.541516"></trkpt>
      <trkpt lat="49.262925" lon="10.534765"></trkpt>
      <trkpt lat="49.263733" lon="10.53123"></trkpt>
      <trkpt lat="49.264294" lon="10.527719"></trkpt>
      <trkpt lat="49.264559" lon="10.523866"></trkpt>
      <trkpt lat="49.264538" lon="10.520922"></trkpt>
      <trkpt lat="49.264151" lon="10.516757"></trkpt>
      <trkpt lat="49.263515" lon="10.51309"></trkpt>
      <trkpt lat="49.262531" lon="10.509088"></trkpt>
      <trkpt lat="49.261568" lon="10.505918"></trkpt>
      <trkpt lat="49.260025" lon="10.501586"></trkpt>
      <trkpt lat="49.258106" lon="10.497059"></trkpt>
      <trkpt lat="49.254594" lon="10.489326"></trkpt>
      <trkpt lat="49.252224" lon="10.482965"></trkpt>
      <trkpt lat="49.251163" lon="10.479343"></trkpt>
      <trkpt lat="49.250401" lon="10.476129"></trkpt>
      <trkpt lat="49.249778" lon="10.472659"></trkpt>
      <trkpt lat="49.249446" lon="10.469845"></trkpt>
      <trkpt lat="49.249243" lon="10.465854"></trkpt>
      <trkpt lat="49.249309" lon="10.462661"></trkpt>
      <trkpt lat="49.249537" lon="10.459714"></trkpt>
      <trkpt lat="49.249989" lon="10.456497"></trkpt>
      <trkpt lat="49.250906" lon="10.452237"></trkpt>
      <trkpt lat="49.254045" lon="10.440743"></trkpt>
      <trkpt lat="49.254853" lon="10.436616"></trkpt>
      <trkpt lat="49.255258" lon="10.433571"></trkpt>
      <trkpt lat="49.255525" lon="10.430313"></trkpt>
      <trkpt lat="49.255601" lon="10.425839"></trkpt>
      <trkpt lat="49.255467" lon="10.422607"></trkpt>
      <trkpt lat="49.255126" lon="10.419082"></trkpt>
      <trkpt lat="49.254289" lon="10.414154"></trkpt>
      <trkpt lat="49.25352" lon="10.41098"></trkpt>
      <trkpt lat="49.252722" lon="10.408309"></trkpt>
      <trkpt lat="49.251128" lon="10.403909"></trkpt>
      <trkpt lat="49.24703" lon="10.394182"></trkpt>
      <trkpt lat="49.24575" lon="10.390321"></trkpt>
      <trkpt lat="49.244762" lon="10.386301"></trkpt>
      <trkpt lat="49.243965" lon="10.381608"></trkpt>
      <trkpt lat="49.243376" lon="10.376358"></trkpt>
      <trkpt lat="49.24185" lon="10.352247"></trkpt>
      <trkpt lat="49.241103" lon="10.344522"></trkpt>
      <trkpt lat="49.240229" lon="10.338245"></trkpt>
      <trkpt lat="49.239159" lon="10.332817"></trkpt>
      <trkpt lat="49.237396" lon="10.326107"></trkpt>
      <trkpt lat="49.236048" lon="10.322067"></trkpt>
      <trkpt lat="49.232351" lon="10.311941"></trkpt>
      <trkpt lat="49.231486" lon="10.309269"></trkpt>
      <trkpt lat="49.230465" lon="10.305571"></trkpt>
      <trkpt lat="49.229616" lon="10.301694"></trkpt>
      <trkpt lat="49.228854" lon="10.297019"></trkpt>
      <trkpt lat="49.227639" lon="10.28487"></trkpt>
      <trkpt lat="49.227229" lon="10.281808"></trkpt>
      <trkpt lat="49.226406" lon="10.277294"></trkpt>
      <trkpt lat="49.224973" lon="10.27168"></trkpt>
      <trkpt lat="49.224027" lon="10.268751"></trkpt>
      <trkpt lat="49.222971" lon="10.266"></trkpt>
      <trkpt lat="49.221547" lon="10.263045"></trkpt>
      <trkpt lat="49.22036" lon="10.260992"></trkpt>
      <trkpt lat="49.219234" lon="10.259355"></trkpt>
      <trkpt lat="49.217866" lon="10.257711"></trkpt>
      <trkpt lat="49.216594" lon="10.256405"></trkpt>
      <trkpt lat="49.21077" lon="10.250971"></trkpt>
      <trkpt lat="49.207898" lon="10.247363"></trkpt>
      <trkpt lat="49.206113" lon="10.244452"></trkpt>
      <trkpt lat="49.205168" lon="10.242508"></trkpt>
      <trkpt lat="49.204205" lon="10.239957"></trkpt>
      <trkpt lat="49.203474" lon="10.237088"></trkpt>
      <trkpt lat="49.203132" lon="10.235052"></trkpt>
      <trkpt lat="49.202912" lon="10.232135"></trkpt>
      <trkpt lat="49.203039" lon="10.228415"></trkpt>
      <trkpt lat="49.203698" lon="10.224695"></trkpt>
      <trkpt lat="49.205028" lon="10.219983"></trkpt>
      <trkpt lat="49.20546" lon="10.218085"></trkpt>
      <trkpt lat="49.205837" lon="10.215499"></trkpt>
      <trkpt lat="49.206006" lon="10.213001"></trkpt>
      <trkpt lat="49.20603" lon="10.210059"></trkpt>
      <trkpt lat="49.205905" lon="10.207965"></trkpt>
      <trkpt lat="49.205172" lon="10.200915"></trkpt>
      <trkpt lat="49.205176" lon="10.197322"></trkpt>
      <trkpt lat="49.205502" lon="10.194859"></trkpt>
      <trkpt lat="49.206297" lon="10.191496"></trkpt>
      <trkpt lat="49.209192" lon="10.183248"></trkpt>
      <trkpt lat="49.209778" lon="10.181226"></trkpt>
      <trkpt lat="49.21043" lon="10.178361"></trkpt>
      <trkpt lat="49.211027" lon="10.174859"></trkpt>
      <trkpt lat="49.21137" lon="10.171209"></trkpt>
      <trkpt lat="49.211458" lon="10.166682"></trkpt>
      <trkpt lat="49.211289" lon="10.16348"></trkpt>
      <trkpt lat="49.210976" lon="10.160531"></trkpt>
      <trkpt lat="49.210378" lon="10.156682"></trkpt>
      <trkpt lat="49.209144" lon="10.151214"></trkpt>
      <trkpt lat="49.207481" lon="10.145643"></trkpt>
      <trkpt lat="49.206411" lon="10.142603"></trkpt>
      <trkpt lat="49.204735" lon="10.138571"></trkpt>
      <trkpt lat="49.202957" lon="10.134733"></trkpt>
      <trkpt lat="49.195658" lon="10.120857"></trkpt>
      <trkpt lat="49.191802" lon="10.11287"></trkpt>
      <trkpt lat="49.190205" lon="10.109114"></trkpt>
      <trkpt lat="49.188784" lon="10.105338"></trkpt>
      <trkpt lat="49.187468" lon="10.101279"></trkpt>
      <trkpt lat="49.186469" lon="10.09763"></trkpt>
      <trkpt lat="49.185642" lon="10.094087"></trkpt>
      <trkpt lat="49.18473" lon="10.089057"></trkpt>
      <trkpt lat="49.184058" lon="10.084056"></trkpt>
      <trkpt lat="49.18374" lon="10.080497"></trkpt>
      <trkpt lat="49.183513" lon="10.07602"></trkpt>
      <trkpt lat="49.183486" lon="10.072019"></trkpt>
      <trkpt lat="49.183929" lon="10.055089"></trkpt>
      <trkpt lat="49.183809" lon="10.051222"></trkpt>
      <trkpt lat="49.18332" lon="10.046088"></trkpt>
      <trkpt lat="49.18237" lon="10.041207"></trkpt>
      <trkpt lat="49.181006" lon="10.036839"></trkpt>
      <trkpt lat="49.180299" lon="10.035022"></trkpt>
      <trkpt lat="49.176182" lon="10.02619"></trkpt>
      <trkpt lat="49.174737" lon="10.022071"></trkpt>
      <trkpt lat="49.174049" lon="10.019485"></trkpt>
      <trkpt lat="49.173363" lon="10.016054"></trkpt>
      <trkpt lat="49.172986" lon="10.013192"></trkpt>
      <trkpt lat="49.172758" lon="10.010232"></trkpt>
      <trkpt lat="49.17275" lon="10.006511"></trkpt>
      <trkpt lat="49.172958" lon="10.002969"></trkpt>
      <trkpt lat="49.177087" lon="9.965209"></trkpt>
      <trkpt lat="49.177585" lon="9.958967"></trkpt>
      <trkpt lat="49.177779" lon="9.952671"></trkpt>
      <trkpt lat="49.177742" lon="9.948686"></trkpt>
      <trkpt lat="49.177204" lon="9.934881"></trkpt>
      <trkpt lat="49.177116" lon="9.929627"></trkpt>
      <trkpt lat="49.177215" lon="9.924279"></trkpt>
      <trkpt lat="49.177812" lon="9.909222"></trkpt>
      <trkpt lat="49.17768" lon="9.899987"></trkpt>
      <trkpt lat="49.176941" lon="9.890295"></trkpt>
      <trkpt lat="49.175381" lon="9.877278"></trkpt>
      <trkpt lat="49.174898" lon="9.872594"></trkpt>
      <trkpt lat="49.174569" lon="9.868044"></trkpt>
      <trkpt lat="49.174377" lon="9.861457"></trkpt>
      <trkpt lat="49.174463" lon="9.849651"></trkpt>
      <trkpt lat="49.174336" lon="9.843439"></trkpt>
      <trkpt lat="49.173964" lon="9.83666"></trkpt>
      <trkpt lat="49.173066" lon="9.826498"></trkpt>
      <trkpt lat="49.172763" lon="9.821084"></trkpt>
      <trkpt lat="49.172795" lon="9.814639"></trkpt>
      <trkpt lat="49.173158" lon="9.808576"></trkpt>
      <trkpt lat="49.173762" lon="9.803563"></trkpt>
      <trkpt lat="49.174638" lon="9.798445"></trkpt>
      <trkpt lat="49.17944" lon="9.77797"></trkpt>
      <trkpt lat="49.180694" lon="9.771644"></trkpt>
      <trkpt lat="49.18112" lon="9.76726"></trkpt>
      <trkpt lat="49.181354" lon="9.758292"></trkpt>
      <trkpt lat="49.181687" lon="9.753603"></trkpt>
      <trkpt lat="49.182577" lon="9.747183"></trkpt>
      <trkpt lat="49.183193" lon="9.744157"></trkpt>
      <trkpt lat="49.184207" lon="9.740171"></trkpt>
      <trkpt lat="49.185195" lon="9.736923"></trkpt>
      <trkpt lat="49.186086" lon="9.734407"></trkpt>
      <trkpt lat="49.190051" lon="9.724328"></trkpt>
      <trkpt lat="49.192165" lon="9.717904"></trkpt>
      <trkpt lat="49.201443" lon="9.686213"></trkpt>
      <trkpt lat="49.202297" lon="9.682927"></trkpt>
      <trkpt lat="49.203341" lon="9.678162"></trkpt>
      <trkpt lat="49.204085" lon="9.673327"></trkpt>
      <trkpt lat="49.204525" lon="9.668872"></trkpt>
      <trkpt lat="49.204741" lon="9.663468"></trkpt>
      <trkpt lat="49.204906" lon="9.652148"></trkpt>
      <trkpt lat="49.205203" lon="9.647677"></trkpt>
      <trkpt lat="49.205835" lon="9.642188"></trkpt>
      <trkpt lat="49.206723" lon="9.636948"></trkpt>
      <trkpt lat="49.207979" lon="9.631468"></trkpt>
      <trkpt lat="49.211701" lon="9.618958"></trkpt>
      <trkpt lat="49.212821" lon="9.614534"></trkpt>
      <trkpt lat="49.213724" lon="9.610068"></trkpt>
      <trkpt lat="49.214473" lon="9.605131"></trkpt>
      <trkpt lat="49.215095" lon="9.598556"></trkpt>
      <trkpt lat="49.215744" lon="9.585632"></trkpt>
      <trkpt lat="49.217396" lon="9.572217"></trkpt>
      <trkpt lat="49.217582" lon="9.567932"></trkpt>
      <trkpt lat="49.217462" lon="9.5642"></trkpt>
      <trkpt lat="49.217102" lon="9.560735"></trkpt>
      <trkpt lat="49.216551" lon="9.557493"></trkpt>
      <trkpt lat="49.215676" lon="9.553907"></trkpt>
      <trkpt lat="49.213897" lon="9.547806"></trkpt>
      <trkpt lat="49.213065" lon="9.544555"></trkpt>
      <trkpt lat="49.21228" lon="9.540519"></trkpt>
      <trkpt lat="49.211665" lon="9.535942"></trkpt>
      <trkpt lat="49.211379" lon="9.53188"></trkpt>
      <trkpt lat="49.211325" lon="9.526988"></trkpt>
      <trkpt lat="49.211442" lon="9.524276"></trkpt>
      <trkpt lat="49.212058" lon="9.516521"></trkpt>
      <trkpt lat="49.212208" lon="9.511405"></trkpt>
      <trkpt lat="49.21201" lon="9.507509"></trkpt>
      <trkpt lat="49.21138" lon="9.503064"></trkpt>
      <trkpt lat="49.21042" lon="9.498468"></trkpt>
      <trkpt lat="49.209698" lon="9.495679"></trkpt>
      <trkpt lat="49.207546" lon="9.488717"></trkpt>
      <trkpt lat="49.206573" lon="9.485093"></trkpt>
      <trkpt lat="49.204714" lon="9.474728"></trkpt>
      <trkpt lat="49.203917" lon="9.471495"></trkpt>
      <trkpt lat="49.202704" lon="9.467625"></trkpt>
      <trkpt lat="49.199324" lon="9.459024"></trkpt>
      <trkpt lat="49.198384" lon="9.456002"></trkpt>
      <trkpt lat="49.197452" lon="9.452228"></trkpt>
      <trkpt lat="49.196911" lon="9.449341"></trkpt>
      <trkpt lat="49.196324" lon="9.44468"></trkpt>
      <trkpt lat="49.194916" lon="9.429936"></trkpt>
      <trkpt lat="49.19419" lon="9.426079"></trkpt>
      <trkpt lat="49.193405" lon="9.423695"></trkpt>
      <trkpt lat="49.192404" lon="9.421587"></trkpt>
      <trkpt lat="49.191382" lon="9.419988"></trkpt>
      <trkpt lat="49.189892" lon="9.418276"></trkpt>
      <trkpt lat="49.188722" lon="9.417311"></trkpt>
      <trkpt lat="49.187576" lon="9.416621"></trkpt>
      <trkpt lat="49.186741" lon="9.416247"></trkpt>
      <trkpt lat="49.183791" lon="9.415358"></trkpt>
      <trkpt lat="49.182238" lon="9.414529"></trkpt>
      <trkpt lat="49.181105" lon="9.413587"></trkpt>
      <trkpt lat="49.180299" lon="9.412702"></trkpt>
      <trkpt lat="49.17893" lon="9.410635"></trkpt>
      <trkpt lat="49.17811" lon="9.408828"></trkpt>
      <trkpt lat="49.177577" lon="9.407119"></trkpt>
      <trkpt lat="49.176394" lon="9.401983"></trkpt>
      <trkpt lat="49.174909" lon="9.396521"></trkpt>
      <trkpt lat="49.174291" lon="9.392878"></trkpt>
      <trkpt lat="49.173691" lon="9.385894"></trkpt>
      <trkpt lat="49.173278" lon="9.383945"></trkpt>
      <trkpt lat="49.1727" lon="9.382137"></trkpt>
      <trkpt lat="49.171728" lon="9.380088"></trkpt>
      <trkpt lat="49.1703" lon="9.378051"></trkpt>
      <trkpt lat="49.169015" lon="9.376829"></trkpt>
      <trkpt lat="49.166018" lon="9.374542"></trkpt>
      <trkpt lat="49.165094" lon="9.373565"></trkpt>
      <trkpt lat="49.164274" lon="9.372467"></trkpt>
      <trkpt lat="49.163401" lon="9.371003"></trkpt>
      <trkpt lat="49.16255" lon="9.369164"></trkpt>
      <trkpt lat="49.161553" lon="9.365956"></trkpt>
      <trkpt lat="49.161001" lon="9.362361"></trkpt>
      <trkpt lat="49.160218" lon="9.353514"></trkpt>
      <trkpt lat="49.160116" lon="9.350506"></trkpt>
      <trkpt lat="49.160455" lon="9.346321"></trkpt>
      <trkpt lat="49.162419" lon="9.334096"></trkpt>
      <trkpt lat="49.162586" lon="9.331977"></trkpt>
      <trkpt lat="49.162528" lon="9.329743"></trkpt>
      <trkpt lat="49.162225" lon="9.32758"></trkpt>
      <trkpt lat="49.161473" lon="9.32489"></trkpt>
      <trkpt lat="49.160581" lon="9.322886"></trkpt>
      <trkpt lat="49.158569" lon="9.319401"></trkpt>
      <trkpt lat="49.157528" lon="9.316879"></trkpt>
      <trkpt lat="49.156815" lon="9.314009"></trkpt>
      <trkpt lat="49.156495" lon="9.31078"></trkpt>
      <trkpt lat="49.156665" lon="9.305755"></trkpt>
      <trkpt lat="49.157532" lon="9.299037"></trkpt>
      <trkpt lat="49.157748" lon="9.298237"></trkpt>
      <trkpt lat="49.15794" lon="9.297991"></trkpt>
      <trkpt lat="49.158214" lon="9.297886"></trkpt>
      <trkpt lat="49.158574" lon="9.29816"></trkpt>
      <trkpt lat="49.15867" lon="9.298842"></trkpt>
      <trkpt lat="49.158526" lon="9.299214"></trkpt>
      <trkpt lat="49.158328" lon="9.299383"></trkpt>
      <trkpt lat="49.15801" lon="9.29948"></trkpt>
      <trkpt lat="49.156833" lon="9.29929"></trkpt>
      <trkpt lat="49.155255" lon="9.299216"></trkpt>
      <trkpt lat="49.153632" lon="9.299384"></trkpt>
      <trkpt lat="49.152904" lon="9.299611"></trkpt>
      <trkpt lat="49.151865" lon="9.30013"></trkpt>
      <trkpt lat="49.151128" lon="9.300667"></trkpt>
      <trkpt lat="49.148231" lon="9.303208"></trkpt>
      <trkpt lat="49.144699" lon="9.30496"></trkpt>
      <trkpt lat="49.142856" lon="9.305661"></trkpt>
      <trkpt lat="49.140966" lon="9.306064"></trkpt>
      <trkpt lat="49.139055" lon="9.305962"></trkpt>
      <trkpt lat="49.137467" lon="9.305469"></trkpt>
      <trkpt lat="49.136138" lon="9.30475"></trkpt>
      <trkpt lat="49.13227" lon="9.302129"></trkpt>
      <trkpt lat="49.130736" lon="9.3014"></trkpt>
      <trkpt lat="49.128422" lon="9.300695"></trkpt>
      <trkpt lat="49.125412" lon="9.300221"></trkpt>
      <trkpt lat="49.12238" lon="9.300146"></trkpt>
      <trkpt lat="49.120744" lon="9.300372"></trkpt>
      <trkpt lat="49.118745" lon="9.30106"></trkpt>
      <trkpt lat="49.115945" lon="9.3024"></trkpt>
      <trkpt lat="49.113642" lon="9.303018"></trkpt>
      <trkpt lat="49.111996" lon="9.303097"></trkpt>
      <trkpt lat="49.109896" lon="9.302941"></trkpt>
      <trkpt lat="49.108185" lon="9.302641"></trkpt>
      <trkpt lat="49.106856" lon="9.302232"></trkpt>
      <trkpt lat="49.105549" lon="9.301527"></trkpt>
      <trkpt lat="49.104656" lon="9.300828"></trkpt>
      <trkpt lat="49.098615" lon="9.294722"></trkpt>
      <trkpt lat="49.096908" lon="9.293546"></trkpt>
      <trkpt lat="49.095647" lon="9.293053"></trkpt>
      <trkpt lat="49.083327" lon="9.289786"></trkpt>
      <trkpt lat="49.081492" lon="9.289009"></trkpt>
      <trkpt lat="49.080512" lon="9.288405"></trkpt>
      <trkpt lat="49.067566" lon="9.278234"></trkpt>
      <trkpt lat="49.066077" lon="9.276792"></trkpt>
      <trkpt lat="49.061448" lon="9.27129"></trkpt>
      <trkpt lat="49.059987" lon="9.269922"></trkpt>
      <trkpt lat="49.058832" lon="9.269209"></trkpt>
      <trkpt lat="49.057576" lon="9.268701"></trkpt>
      <trkpt lat="49.049976" lon="9.267439"></trkpt>
      <trkpt lat="49.049011" lon="9.26715"></trkpt>
      <trkpt lat="49.047992" lon="9.26667"></trkpt>
      <trkpt lat="49.047143" lon="9.266103"></trkpt>
      <trkpt lat="49.046176" lon="9.265236"></trkpt>
      <trkpt lat="49.0376" lon="9.256359"></trkpt>
      <trkpt lat="49.036569" lon="9.255514"></trkpt>
      <trkpt lat="49.035419" lon="9.254764"></trkpt>
      <trkpt lat="49.033991" lon="9.254087"></trkpt>
      <trkpt lat="49.032878" lon="9.253728"></trkpt>
      <trkpt lat="49.029558" lon="9.253219"></trkpt>
      <trkpt lat="49.027929" lon="9.252721"></trkpt>
      <trkpt lat="49.025863" lon="9.251637"></trkpt>
      <trkpt lat="49.022291" lon="9.248825"></trkpt>
      <trkpt lat="49.020921" lon="9.248026"></trkpt>
      <trkpt lat="49.019021" lon="9.247369"></trkpt>
      <trkpt lat="49.015269" lon="9.246554"></trkpt>
      <trkpt lat="49.01298" lon="9.245492"></trkpt>
      <trkpt lat="49.011169" lon="9.244083"></trkpt>
      <trkpt lat="49.01027" lon="9.243239"></trkpt>
      <trkpt lat="49.004382" lon="9.237022"></trkpt>
      <trkpt lat="49.002214" lon="9.235177"></trkpt>
      <trkpt lat="49.000633" lon="9.234121"></trkpt>
      <trkpt lat="48.999213" lon="9.233463"></trkpt>
      <trkpt lat="48.997768" lon="9.23305"></trkpt>
      <trkpt lat="48.99236" lon="9.232622"></trkpt>
      <trkpt lat="48.991128" lon="9.232426"></trkpt>
      <trkpt lat="48.989808" lon="9.232012"></trkpt>
      <trkpt lat="48.985564" lon="9.230289"></trkpt>
      <trkpt lat="48.984442" lon="9.229995"></trkpt>
      <trkpt lat="48.975336" lon="9.229429"></trkpt>
      <trkpt lat="48.974079" lon="9.229222"></trkpt>
      <trkpt lat="48.971923" lon="9.228426"></trkpt>
      <trkpt lat="48.969881" lon="9.2271"></trkpt>
      <trkpt lat="48.960132" lon="9.218518"></trkpt>
      <trkpt lat="48.958571" lon="9.217031"></trkpt>
      <trkpt lat="48.956742" lon="9.214778"></trkpt>
      <trkpt lat="48.956018" lon="9.213711"></trkpt>
      <trkpt lat="48.949715" lon="9.202814"></trkpt>
      <trkpt lat="48.94836" lon="9.200891"></trkpt>
      <trkpt lat="48.945857" lon="9.198217"></trkpt>
      <trkpt lat="48.939639" lon="9.192972"></trkpt>
      <trkpt lat="48.936528" lon="9.19018"></trkpt>
      <trkpt lat="48.935526" lon="9.189128"></trkpt>
      <trkpt lat="48.934508" lon="9.187817"></trkpt>
      <trkpt lat="48.932971" lon="9.185233"></trkpt>
      <trkpt lat="48.931806" lon="9.182454"></trkpt>
      <trkpt lat="48.927269" lon="9.16789"></trkpt>
      <trkpt lat="48.926304" lon="9.165388"></trkpt>
      <trkpt lat="48.925033" lon="9.162899"></trkpt>
      <trkpt lat="48.923917" lon="9.161118"></trkpt>
      <trkpt lat="48.922539" lon="9.159356"></trkpt>
      <trkpt lat="48.920628" lon="9.157465"></trkpt>
      <trkpt lat="48.918962" lon="9.156244"></trkpt>
      <trkpt lat="48.917379" lon="9.15538"></trkpt>
      <trkpt lat="48.916226" lon="9.154939"></trkpt>
      <trkpt lat="48.914657" lon="9.154537"></trkpt>
      <trkpt lat="48.912727" lon="9.154368"></trkpt>
      <trkpt lat="48.903728" lon="9.154393"></trkpt>
      <trkpt lat="48.90233" lon="9.154196"></trkpt>
      <trkpt lat="48.901186" lon="9.153865"></trkpt>
      <trkpt lat="48.900067" lon="9.153382"></trkpt>
      <trkpt lat="48.882492" lon="9.144144"></trkpt>
      <trkpt lat="48.880105" lon="9.142665"></trkpt>
      <trkpt lat="48.877919" lon="9.141038"></trkpt>
      <trkpt lat="48.863717" lon="9.128893"></trkpt>
      <trkpt lat="48.849802" lon="9.119905"></trkpt>
      <trkpt lat="48.847738" lon="9.118163"></trkpt>
      <trkpt lat="48.846396" lon="9.116716"></trkpt>
      <trkpt lat="48.844448" lon="9.114022"></trkpt>
      <trkpt lat="48.842942" lon="9.11127"></trkpt>
      <trkpt lat="48.834757" lon="9.092252"></trkpt>
      <trkpt lat="48.833749" lon="9.090203"></trkpt>
      <trkpt lat="48.832608" lon="9.088289"></trkpt>
      <trkpt lat="48.831041" lon="9.08616"></trkpt>
      <trkpt lat="48.829568" lon="9.084558"></trkpt>
      <trkpt lat="48.823608" lon="9.079189"></trkpt>
      <trkpt lat="48.820759" lon="9.076416"></trkpt>
      <trkpt lat="48.818448" lon="9.073484"></trkpt>
      <trkpt lat="48.817472" lon="9.071864"></trkpt>
      <trkpt lat="48.815909" lon="9.068448"></trkpt>
      <trkpt lat="48.807535" lon="9.04555"></trkpt>
      <trkpt lat="48.806214" lon="9.04258"></trkpt>
      <trkpt lat="48.804389" lon="9.039272"></trkpt>
      <trkpt lat="48.8031" lon="9.037279"></trkpt>
      <trkpt lat="48.797408" lon="9.029909"></trkpt>
      <trkpt lat="48.79493" lon="9.025957"></trkpt>
      <trkpt lat="48.793249" lon="9.023028"></trkpt>
      <trkpt lat="48.791359" lon="9.020244"></trkpt>
      <trkpt lat="48.790297" lon="9.019105"></trkpt>
      <trkpt lat="48.789178" lon="9.018225"></trkpt>
      <trkpt lat="48.787847" lon="9.017394"></trkpt>
      <trkpt lat="48.786291" lon="9.016101"></trkpt>
      <trkpt lat="48.784943" lon="9.014548"></trkpt>
      <trkpt lat="48.784014" lon="9.013745"></trkpt>
      <trkpt lat="48.783184" lon="9.013424"></trkpt>
      <trkpt lat="48.782002" lon="9.013456"></trkpt>
      <trkpt lat="48.78109" lon="9.013848"></trkpt>
      <trkpt lat="48.780141" lon="9.014593"></trkpt>
      <trkpt lat="48.7791" lon="9.016146"></trkpt>
      <trkpt lat="48.776941" lon="9.021756"></trkpt>
      <trkpt lat="48.775415" lon="9.024428"></trkpt>
      <trkpt lat="48.774251" lon="9.025934"></trkpt>
      <trkpt lat="48.77268" lon="9.027434"></trkpt>
      <trkpt lat="48.771057" lon="9.028629"></trkpt>
      <trkpt lat="48.769205" lon="9.029661"></trkpt>
      <trkpt lat="48.763967" lon="9.032052"></trkpt>
      <trkpt lat="48.762068" lon="9.032631"></trkpt>
      <trkpt lat="48.745659" lon="9.034487"></trkpt>
      <trkpt lat="48.743409" lon="9.034877"></trkpt>
      <trkpt lat="48.742117" lon="9.035293"></trkpt>
      <trkpt lat="48.741055" lon="9.03579"></trkpt>
      <trkpt lat="48.740109" lon="9.036355"></trkpt>
      <trkpt lat="48.73893" lon="9.037253"></trkpt>
      <trkpt lat="48.737817" lon="9.038306"></trkpt>
      <trkpt lat="48.736342" lon="9.040114"></trkpt>
      <trkpt lat="48.735522" lon="9.041371"></trkpt>
      <trkpt lat="48.73439" lon="9.043458"></trkpt>
      <trkpt lat="48.730173" lon="9.052315"></trkpt>
      <trkpt lat="48.729187" lon="9.0546"></trkpt>
      <trkpt lat="48.727692" lon="9.059148"></trkpt>
      <trkpt lat="48.726759" lon="9.063175"></trkpt>
      <trkpt lat="48.726432" lon="9.063799"></trkpt>
      <trkpt lat="48.725967" lon="9.0642"></trkpt>
      <trkpt lat="48.725544" lon="9.06431"></trkpt>
      <trkpt lat="48.725224" lon="9.064262"></trkpt>
      <trkpt lat="48.724654" lon="9.063851"></trkpt>
      <trkpt lat="48.72038" lon="9.057227"></trkpt>
      <trkpt lat="48.719521" lon="9.056224"></trkpt>
      <trkpt lat="48.718335" lon="9.055195"></trkpt>
      <trkpt lat="48.717066" lon="9.05445"></trkpt>
      <trkpt lat="48.715488" lon="9.053917"></trkpt>
      <trkpt lat="48.71153" lon="9.05372"></trkpt>
      <trkpt lat="48.710059" lon="9.053252"></trkpt>
      <trkpt lat="48.708948" lon="9.052609"></trkpt>
      <trkpt lat="48.708185" lon="9.052017"></trkpt>
      <trkpt lat="48.707154" lon="9.050934"></trkpt>
      <trkpt lat="48.706047" lon="9.049363"></trkpt>
      <trkpt lat="48.70575" lon="9.048646"></trkpt>
      <trkpt lat="48.705304" lon="9.046799"></trkpt>
      <trkpt lat="48.705214" lon="9.043479"></trkpt>
      <trkpt lat="48.704754" lon="9.042416"></trkpt>
      <trkpt lat="48.706902" lon="9.033906"></trkpt>
      <trkpt lat="48.707071" lon="9.032566"></trkpt>
      <trkpt lat="48.70627" lon="9.0323"></trkpt>
      <trkpt lat="48.706113" lon="9.032061"></trkpt>
      <trkpt lat="48.705494" lon="9.029179"></trkpt>
      <trkpt lat="48.704712" lon="9.029209"></trkpt>
      <trkpt lat="48.704044" lon="9.029002"></trkpt>
      <trkpt lat="48.703526" lon="9.02903"></trkpt>
      <trkpt lat="48.703402" lon="9.029197"></trkpt>
      <trkpt lat="48.703413" lon="9.029604"></trkpt>
      <trkpt lat="48.703689" lon="9.029611"></trkpt>
      <trkpt lat="48.703843" lon="9.03033"></trkpt>
      <trkpt lat="48.704002" lon="9.030267"></trkpt>
      <trkpt lat="48.703843" lon="9.03033"></trkpt>
      <trkpt lat="48.703646" lon="9.02956"></trkpt>
      <trkpt lat="48.703413" lon="9.029604"></trkpt>
      <trkpt lat="48.703427" lon="9.029142"></trkpt>
      <trkpt lat="48.703268" lon="9.028838"></trkpt>
      <trkpt lat="48.703344" lon="9.026487"></trkpt>
      <trkpt lat="48.704377" lon="9.026531"></trkpt>
      <trkpt lat="48.707094" lon="9.026359"></trkpt>
      <trkpt lat="48.707019" lon="9.02062"></trkpt>
      <trkpt lat="48.706741" lon="9.018349"></trkpt>
      <trkpt lat="48.706327" lon="9.016404"></trkpt>
      <trkpt lat="48.704732" lon="9.012049"></trkpt>
      <trkpt lat="48.703813" lon="9.006783"></trkpt>
      <trkpt lat="48.70334" lon="9.007202"></trkpt>
      <trkpt lat="48.701065" lon="9.008332"></trkpt>
      <trkpt lat="48.700539" lon="9.007779"></trkpt>
      <trkpt lat="48.700209" lon="9.007233"></trkpt>
      <trkpt lat="48.698339" lon="9.002773"></trkpt>
      <trkpt lat="48.697676" lon="9.00223"></trkpt>
      <trkpt lat="48.69698" lon="9.001906"></trkpt>
      <trkpt lat="48.696282" lon="9.001742"></trkpt>
      <trkpt lat="48.695274" lon="9.001733"></trkpt>
      <trkpt lat="48.695095" lon="9.001589"></trkpt>
      <trkpt lat="48.694739" lon="9.000463"></trkpt>
      <trkpt lat="48.694023" lon="8.999722"></trkpt>
      <trkpt lat="48.693817" lon="8.999347"></trkpt>
      <trkpt lat="48.693353" lon="8.995128"></trkpt>
      <trkpt lat="48.69285" lon="8.993018"></trkpt>
      <trkpt lat="48.692061" lon="8.990864"></trkpt>
      <trkpt lat="48.691062" lon="8.988902"></trkpt>
      <trkpt lat="48.688406" lon="8.984866"></trkpt>
      <trkpt lat="48.687487" lon="8.983226"></trkpt>
      <trkpt lat="48.686075" lon="8.979894"></trkpt>
      <trkpt lat="48.684736" lon="8.975252"></trkpt>
      <trkpt lat="48.68326" lon="8.971178"></trkpt>
      <trkpt lat="48.68192" lon="8.968687"></trkpt>
      <trkpt lat="48.680435" lon="8.966782"></trkpt>
      <trkpt lat="48.679328" lon="8.965761"></trkpt>
      <trkpt lat="48.678295" lon="8.965039"></trkpt>
      <trkpt lat="48.676928" lon="8.964341"></trkpt>
      <trkpt lat="48.675957" lon="8.963993"></trkpt>
      <trkpt lat="48.674682" lon="8.963669"></trkpt>
      <trkpt lat="48.673064" lon="8.963432"></trkpt>
      <trkpt lat="48.667058" lon="8.96317"></trkpt>
      <trkpt lat="48.664156" lon="8.9627"></trkpt>
      <trkpt lat="48.661887" lon="8.962004"></trkpt>
      <trkpt lat="48.66041" lon="8.961311"></trkpt>
      <trkpt lat="48.658868" lon="8.96031"></trkpt>
      <trkpt lat="48.658133" lon="8.959695"></trkpt>
      <trkpt lat="48.656922" lon="8.958444"></trkpt>
      <trkpt lat="48.655788" lon="8.957035"></trkpt>
      <trkpt lat="48.652701" lon="8.95204"></trkpt>
      <trkpt lat="48.649754" lon="8.948043"></trkpt>
      <trkpt lat="48.648641" lon="8.946205"></trkpt>
      <trkpt lat="48.647118" lon="8.942593"></trkpt>
      <trkpt lat="48.645504" lon="8.938103"></trkpt>
      <trkpt lat="48.644349" lon="8.936076"></trkpt>
      <trkpt lat="48.64187" lon="8.932451"></trkpt>
      <trkpt lat="48.640456" lon="8.930036"></trkpt>
      <trkpt lat="48.639269" lon="8.927549"></trkpt>
      <trkpt lat="48.635446" lon="8.918624"></trkpt>
      <trkpt lat="48.634692" lon="8.917193"></trkpt>
      <trkpt lat="48.634012" lon="8.916233"></trkpt>
      <trkpt lat="48.632804" lon="8.915137"></trkpt>
      <trkpt lat="48.631847" lon="8.914535"></trkpt>
      <trkpt lat="48.630796" lon="8.914185"></trkpt>
      <trkpt lat="48.627889" lon="8.913854"></trkpt>
      <trkpt lat="48.625359" lon="8.912904"></trkpt>
      <trkpt lat="48.622569" lon="8.911614"></trkpt>
      <trkpt lat="48.620061" lon="8.910087"></trkpt>
      <trkpt lat="48.618051" lon="8.908443"></trkpt>
      <trkpt lat="48.616618" lon="8.907005"></trkpt>
      <trkpt lat="48.611696" lon="8.900958"></trkpt>
      <trkpt lat="48.610138" lon="8.899241"></trkpt>
      <trkpt lat="48.608502" lon="8.897844"></trkpt>
      <trkpt lat="48.606757" lon="8.896785"></trkpt>
      <trkpt lat="48.605587" lon="8.896281"></trkpt>
      <trkpt lat="48.603701" lon="8.895823"></trkpt>
      <trkpt lat="48.601338" lon="8.895645"></trkpt>
      <trkpt lat="48.597946" lon="8.896085"></trkpt>
      <trkpt lat="48.577353" lon="8.899594"></trkpt>
      <trkpt lat="48.575057" lon="8.899774"></trkpt>
      <trkpt lat="48.573112" lon="8.89966"></trkpt>
      <trkpt lat="48.570325" lon="8.899042"></trkpt>
      <trkpt lat="48.568465" lon="8.898327"></trkpt>
      <trkpt lat="48.567086" lon="8.897627"></trkpt>
      <trkpt lat="48.564773" lon="8.896097"></trkpt>
      <trkpt lat="48.560798" lon="8.892942"></trkpt>
      <trkpt lat="48.559274" lon="8.891861"></trkpt>
      <trkpt lat="48.556785" lon="8.890467"></trkpt>
      <trkpt lat="48.554212" lon="8.889492"></trkpt>
      <trkpt lat="48.552277" lon="8.889033"></trkpt>
      <trkpt lat="48.550747" lon="8.888857"></trkpt>
      <trkpt lat="48.547967" lon="8.888883"></trkpt>
      <trkpt lat="48.545436" lon="8.889297"></trkpt>
      <trkpt lat="48.539274" lon="8.890946"></trkpt>
      <trkpt lat="48.537034" lon="8.891166"></trkpt>
      <trkpt lat="48.534813" lon="8.891012"></trkpt>
      <trkpt lat="48.532597" lon="8.890555"></trkpt>
      <trkpt lat="48.530035" lon="8.889592"></trkpt>
      <trkpt lat="48.528784" lon="8.888936"></trkpt>
      <trkpt lat="48.527126" lon="8.887867"></trkpt>
      <trkpt lat="48.524822" lon="8.885955"></trkpt>
      <trkpt lat="48.522791" lon="8.883775"></trkpt>
      <trkpt lat="48.521544" lon="8.882143"></trkpt>
      <trkpt lat="48.51989" lon="8.879574"></trkpt>
      <trkpt lat="48.518536" lon="8.877036"></trkpt>
      <trkpt lat="48.51655" lon="8.872082"></trkpt>
      <trkpt lat="48.513883" lon="8.863751"></trkpt>
      <trkpt lat="48.511986" lon="8.858525"></trkpt>
      <trkpt lat="48.509708" lon="8.85341"></trkpt>
      <trkpt lat="48.506902" lon="8.848241"></trkpt>
      <trkpt lat="48.504413" lon="8.844399"></trkpt>
      <trkpt lat="48.501362" lon="8.840431"></trkpt>
      <trkpt lat="48.498528" lon="8.837237"></trkpt>
      <trkpt lat="48.494441" lon="8.833055"></trkpt>
      <trkpt lat="48.492329" lon="8.830557"></trkpt>
      <trkpt lat="48.490434" lon="8.82785"></trkpt>
      <trkpt lat="48.488703" lon="8.824855"></trkpt>
      <trkpt lat="48.487043" lon="8.821287"></trkpt>
      <trkpt lat="48.485799" lon="8.817956"></trkpt>
      <trkpt lat="48.484836" lon="8.814728"></trkpt>
      <trkpt lat="48.482769" lon="8.806926"></trkpt>
      <trkpt lat="48.481218" lon="8.802631"></trkpt>
      <trkpt lat="48.480186" lon="8.800338"></trkpt>
      <trkpt lat="48.478803" lon="8.797704"></trkpt>
      <trkpt lat="48.47733" lon="8.795323"></trkpt>
      <trkpt lat="48.475791" lon="8.793188"></trkpt>
      <trkpt lat="48.473643" lon="8.790718"></trkpt>
      <trkpt lat="48.471589" lon="8.788789"></trkpt>
      <trkpt lat="48.463596" lon="8.782744"></trkpt>
      <trkpt lat="48.460876" lon="8.780366"></trkpt>
      <trkpt lat="48.458877" lon="8.778355"></trkpt>
      <trkpt lat="48.454787" lon="8.773539"></trkpt>
      <trkpt lat="48.443105" lon="8.758483"></trkpt>
      <trkpt lat="48.440772" lon="8.755639"></trkpt>
      <trkpt lat="48.438806" lon="8.753531"></trkpt>
      <trkpt lat="48.436812" lon="8.751676"></trkpt>
      <trkpt lat="48.42989" lon="8.746258"></trkpt>
      <trkpt lat="48.427433" lon="8.743921"></trkpt>
      <trkpt lat="48.425584" lon="8.741865"></trkpt>
      <trkpt lat="48.423688" lon="8.739473"></trkpt>
      <trkpt lat="48.418105" lon="8.731381"></trkpt>
      <trkpt lat="48.416589" lon="8.729776"></trkpt>
      <trkpt lat="48.415249" lon="8.728643"></trkpt>
      <trkpt lat="48.413672" lon="8.727608"></trkpt>
      <trkpt lat="48.412002" lon="8.726833"></trkpt>
      <trkpt lat="48.410217" lon="8.72633"></trkpt>
      <trkpt lat="48.407922" lon="8.726123"></trkpt>
      <trkpt lat="48.406336" lon="8.726286"></trkpt>
      <trkpt lat="48.405123" lon="8.726555"></trkpt>
      <trkpt lat="48.399254" lon="8.728539"></trkpt>
      <trkpt lat="48.397463" lon="8.729021"></trkpt>
      <trkpt lat="48.395222" lon="8.729315"></trkpt>
      <trkpt lat="48.393123" lon="8.729196"></trkpt>
      <trkpt lat="48.391175" lon="8.72875"></trkpt>
      <trkpt lat="48.388469" lon="8.727596"></trkpt>
      <trkpt lat="48.386481" lon="8.726231"></trkpt>
      <trkpt lat="48.38489" lon="8.724831"></trkpt>
      <trkpt lat="48.383183" lon="8.722889"></trkpt>
      <trkpt lat="48.381766" lon="8.720857"></trkpt>
      <trkpt lat="48.380608" lon="8.718817"></trkpt>
      <trkpt lat="48.379583" lon="8.716592"></trkpt>
      <trkpt lat="48.378336" lon="8.712997"></trkpt>
      <trkpt lat="48.376581" lon="8.705312"></trkpt>
      <trkpt lat="48.376037" lon="8.7035"></trkpt>
      <trkpt lat="48.374582" lon="8.699667"></trkpt>
      <trkpt lat="48.372992" lon="8.696623"></trkpt>
      <trkpt lat="48.371219" lon="8.694099"></trkpt>
      <trkpt lat="48.369465" lon="8.692047"></trkpt>
      <trkpt lat="48.367695" lon="8.690261"></trkpt>
      <trkpt lat="48.362191" lon="8.685281"></trkpt>
      <trkpt lat="48.36023" lon="8.683367"></trkpt>
      <trkpt lat="48.357741" lon="8.680556"></trkpt>
      <trkpt lat="48.355667" lon="8.677846"></trkpt>
      <trkpt lat="48.353607" lon="8.674745"></trkpt>
      <trkpt lat="48.351529" lon="8.671104"></trkpt>
      <trkpt lat="48.349729" lon="8.667439"></trkpt>
      <trkpt lat="48.346146" lon="8.659584"></trkpt>
      <trkpt lat="48.344148" lon="8.655848"></trkpt>
      <trkpt lat="48.343108" lon="8.654206"></trkpt>
      <trkpt lat="48.341706" lon="8.652334"></trkpt>
      <trkpt lat="48.339543" lon="8.650105"></trkpt>
      <trkpt lat="48.337699" lon="8.648682"></trkpt>
      <trkpt lat="48.336229" lon="8.647823"></trkpt>
      <trkpt lat="48.334209" lon="8.646972"></trkpt>
      <trkpt lat="48.332085" lon="8.64648"></trkpt>
      <trkpt lat="48.330675" lon="8.646361"></trkpt>
      <trkpt lat="48.32935" lon="8.646405"></trkpt>
      <trkpt lat="48.324502" lon="8.64732"></trkpt>
      <trkpt lat="48.322541" lon="8.64749"></trkpt>
      <trkpt lat="48.320724" lon="8.647308"></trkpt>
      <trkpt lat="48.318344" lon="8.646594"></trkpt>
      <trkpt lat="48.31604" lon="8.645336"></trkpt>
      <trkpt lat="48.314357" lon="8.644007"></trkpt>
      <trkpt lat="48.312726" lon="8.642329"></trkpt>
      <trkpt lat="48.309944" lon="8.639005"></trkpt>
      <trkpt lat="48.30895" lon="8.638073"></trkpt>
      <trkpt lat="48.30756" lon="8.637053"></trkpt>
      <trkpt lat="48.305594" lon="8.636051"></trkpt>
      <trkpt lat="48.30366" lon="8.635373"></trkpt>
      <trkpt lat="48.302222" lon="8.635031"></trkpt>
      <trkpt lat="48.299833" lon="8.634772"></trkpt>
      <trkpt lat="48.298566" lon="8.634782"></trkpt>
      <trkpt lat="48.296527" lon="8.635008"></trkpt>
      <trkpt lat="48.293881" lon="8.635719"></trkpt>
      <trkpt lat="48.292236" lon="8.636398"></trkpt>
      <trkpt lat="48.290716" lon="8.637206"></trkpt>
      <trkpt lat="48.286241" lon="8.640006"></trkpt>
      <trkpt lat="48.284899" lon="8.640554"></trkpt>
      <trkpt lat="48.283535" lon="8.640881"></trkpt>
      <trkpt lat="48.281837" lon="8.641"></trkpt>
      <trkpt lat="48.28016" lon="8.640828"></trkpt>
      <trkpt lat="48.277701" lon="8.640179"></trkpt>
      <trkpt lat="48.274" lon="8.638979"></trkpt>
      <trkpt lat="48.271633" lon="8.638438"></trkpt>
      <trkpt lat="48.269336" lon="8.638257"></trkpt>
      <trkpt lat="48.26764" lon="8.638351"></trkpt>
      <trkpt lat="48.265273" lon="8.638822"></trkpt>
      <trkpt lat="48.262909" lon="8.639631"></trkpt>
      <trkpt lat="48.24147" lon="8.648365"></trkpt>
      <trkpt lat="48.236449" lon="8.650039"></trkpt>
      <trkpt lat="48.233676" lon="8.650478"></trkpt>
      <trkpt lat="48.231076" lon="8.650446"></trkpt>
      <trkpt lat="48.228358" lon="8.649925"></trkpt>
      <trkpt lat="48.226219" lon="8.649142"></trkpt>
      <trkpt lat="48.223714" lon="8.647798"></trkpt>
      <trkpt lat="48.221917" lon="8.646514"></trkpt>
      <trkpt lat="48.219178" lon="8.644135"></trkpt>
      <trkpt lat="48.217319" lon="8.642254"></trkpt>
      <trkpt lat="48.215282" lon="8.639924"></trkpt>
      <trkpt lat="48.213082" lon="8.637024"></trkpt>
      <trkpt lat="48.211565" lon="8.634767"></trkpt>
      <trkpt lat="48.209754" lon="8.631708"></trkpt>
      <trkpt lat="48.207141" lon="8.626443"></trkpt>
      <trkpt lat="48.205018" lon="8.621058"></trkpt>
      <trkpt lat="48.199774" lon="8.60387"></trkpt>
      <trkpt lat="48.198806" lon="8.600942"></trkpt>
      <trkpt lat="48.197603" lon="8.597791"></trkpt>
      <trkpt lat="48.19644" lon="8.595122"></trkpt>
      <trkpt lat="48.194479" lon="8.591319"></trkpt>
      <trkpt lat="48.19275" lon="8.588462"></trkpt>
      <trkpt lat="48.19064" lon="8.585469"></trkpt>
      <trkpt lat="48.188359" lon="8.58272"></trkpt>
      <trkpt lat="48.185291" lon="8.579668"></trkpt>
      <trkpt lat="48.182842" lon="8.577683"></trkpt>
      <trkpt lat="48.180079" lon="8.575853"></trkpt>
      <trkpt lat="48.177262" lon="8.574408"></trkpt>
      <trkpt lat="48.174925" lon="8.57349"></trkpt>
      <trkpt lat="48.172414" lon="8.572766"></trkpt>
      <trkpt lat="48.168931" lon="8.572223"></trkpt>
      <trkpt lat="48.165692" lon="8.572154"></trkpt>
      <trkpt lat="48.158363" lon="8.572898"></trkpt>
      <trkpt lat="48.155012" lon="8.572938"></trkpt>
      <trkpt lat="48.152429" lon="8.572675"></trkpt>
      <trkpt lat="48.144122" lon="8.570877"></trkpt>
      <trkpt lat="48.142226" lon="8.570634"></trkpt>
      <trkpt lat="48.13935" lon="8.570528"></trkpt>
      <trkpt lat="48.136518" lon="8.570747"></trkpt>
      <trkpt lat="48.134174" lon="8.57117"></trkpt>
      <trkpt lat="48.131417" lon="8.572008"></trkpt>
      <trkpt lat="48.129904" lon="8.572608"></trkpt>
      <trkpt lat="48.126689" lon="8.574238"></trkpt>
      <trkpt lat="48.120655" lon="8.578041"></trkpt>
      <trkpt lat="48.117588" lon="8.579742"></trkpt>
      <trkpt lat="48.114418" lon="8.58106"></trkpt>
      <trkpt lat="48.10799" lon="8.583196"></trkpt>
      <trkpt lat="48.105301" lon="8.584332"></trkpt>
      <trkpt lat="48.103102" lon="8.58552"></trkpt>
      <trkpt lat="48.097459" lon="8.589138"></trkpt>
      <trkpt lat="48.094238" lon="8.59097"></trkpt>
      <trkpt lat="48.092134" lon="8.591911"></trkpt>
      <trkpt lat="48.084276" lon="8.594857"></trkpt>
      <trkpt lat="48.082548" lon="8.595688"></trkpt>
      <trkpt lat="48.080179" lon="8.597073"></trkpt>
      <trkpt lat="48.076972" lon="8.599445"></trkpt>
      <trkpt lat="48.07475" lon="8.601457"></trkpt>
      <trkpt lat="48.073352" lon="8.602896"></trkpt>
      <trkpt lat="48.070766" lon="8.60585"></trkpt>
      <trkpt lat="48.063926" lon="8.614487"></trkpt>
      <trkpt lat="48.061871" lon="8.616792"></trkpt>
      <trkpt lat="48.060227" lon="8.618375"></trkpt>
      <trkpt lat="48.058307" lon="8.61994"></trkpt>
      <trkpt lat="48.055805" lon="8.621557"></trkpt>
      <trkpt lat="48.053451" lon="8.622689"></trkpt>
      <trkpt lat="48.050668" lon="8.623596"></trkpt>
      <trkpt lat="48.047906" lon="8.624043"></trkpt>
      <trkpt lat="48.045001" lon="8.624056"></trkpt>
      <trkpt lat="48.042117" lon="8.6236"></trkpt>
      <trkpt lat="48.039342" lon="8.622715"></trkpt>
      <trkpt lat="48.036406" lon="8.621248"></trkpt>
      <trkpt lat="48.034004" lon="8.619763"></trkpt>
      <trkpt lat="48.021197" lon="8.610687"></trkpt>
      <trkpt lat="48.01881" lon="8.609184"></trkpt>
      <trkpt lat="48.016348" lon="8.607869"></trkpt>
      <trkpt lat="48.013124" lon="8.606535"></trkpt>
      <trkpt lat="48.009691" lon="8.605574"></trkpt>
      <trkpt lat="48.006062" lon="8.605039"></trkpt>
      <trkpt lat="48.002822" lon="8.604972"></trkpt>
      <trkpt lat="48.000597" lon="8.60515"></trkpt>
      <trkpt lat="47.996768" lon="8.605909"></trkpt>
      <trkpt lat="47.993396" lon="8.607057"></trkpt>
      <trkpt lat="47.990926" lon="8.608141"></trkpt>
      <trkpt lat="47.988569" lon="8.609446"></trkpt>
      <trkpt lat="47.986959" lon="8.610489"></trkpt>
      <trkpt lat="47.980784" lon="8.615149"></trkpt>
      <trkpt lat="47.978213" lon="8.616926"></trkpt>
      <trkpt lat="47.974878" lon="8.618737"></trkpt>
      <trkpt lat="47.971926" lon="8.619896"></trkpt>
      <trkpt lat="47.96964" lon="8.620525"></trkpt>
      <trkpt lat="47.96813" lon="8.62082"></trkpt>
      <trkpt lat="47.965777" lon="8.621082"></trkpt>
      <trkpt lat="47.963487" lon="8.62112"></trkpt>
      <trkpt lat="47.961677" lon="8.620994"></trkpt>
      <trkpt lat="47.959429" lon="8.620648"></trkpt>
      <trkpt lat="47.953714" lon="8.619225"></trkpt>
      <trkpt lat="47.951934" lon="8.618897"></trkpt>
      <trkpt lat="47.949197" lon="8.61874"></trkpt>
      <trkpt lat="47.946941" lon="8.618974"></trkpt>
      <trkpt lat="47.944863" lon="8.619478"></trkpt>
      <trkpt lat="47.943231" lon="8.62008"></trkpt>
      <trkpt lat="47.940558" lon="8.621479"></trkpt>
      <trkpt lat="47.938868" lon="8.622665"></trkpt>
      <trkpt lat="47.937586" lon="8.623735"></trkpt>
      <trkpt lat="47.935054" lon="8.626356"></trkpt>
      <trkpt lat="47.932922" lon="8.629227"></trkpt>
      <trkpt lat="47.931432" lon="8.631716"></trkpt>
      <trkpt lat="47.929521" lon="8.635817"></trkpt>
      <trkpt lat="47.92831" lon="8.639263"></trkpt>
      <trkpt lat="47.927498" lon="8.642319"></trkpt>
      <trkpt lat="47.92678" lon="8.646143"></trkpt>
      <trkpt lat="47.925716" lon="8.657108"></trkpt>
      <trkpt lat="47.924853" lon="8.662026"></trkpt>
      <trkpt lat="47.923422" lon="8.667269"></trkpt>
      <trkpt lat="47.922332" lon="8.670242"></trkpt>
      <trkpt lat="47.921342" lon="8.672484"></trkpt>
      <trkpt lat="47.920278" lon="8.674369"></trkpt>
      <trkpt lat="47.918964" lon="8.676162"></trkpt>
      <trkpt lat="47.917783" lon="8.67744"></trkpt>
      <trkpt lat="47.914537" lon="8.680261"></trkpt>
      <trkpt lat="47.913767" lon="8.681138"></trkpt>
      <trkpt lat="47.912757" lon="8.682584"></trkpt>
      <trkpt lat="47.911756" lon="8.684478"></trkpt>
      <trkpt lat="47.910037" lon="8.689199"></trkpt>
      <trkpt lat="47.909215" lon="8.691086"></trkpt>
      <trkpt lat="47.907728" lon="8.693689"></trkpt>
      <trkpt lat="47.906184" lon="8.695963"></trkpt>
      <trkpt lat="47.904337" lon="8.698259"></trkpt>
      <trkpt lat="47.90257" lon="8.700076"></trkpt>
      <trkpt lat="47.901021" lon="8.701247"></trkpt>
      <trkpt lat="47.898075" lon="8.703015"></trkpt>
      <trkpt lat="47.89643" lon="8.704521"></trkpt>
      <trkpt lat="47.895336" lon="8.705903"></trkpt>
      <trkpt lat="47.894346" lon="8.707548"></trkpt>
      <trkpt lat="47.893514" lon="8.709394"></trkpt>
      <trkpt lat="47.892962" lon="8.711052"></trkpt>
      <trkpt lat="47.892468" lon="8.713064"></trkpt>
      <trkpt lat="47.892161" lon="8.715279"></trkpt>
      <trkpt lat="47.892048" lon="8.721084"></trkpt>
      <trkpt lat="47.891647" lon="8.724376"></trkpt>
      <trkpt lat="47.890791" lon="8.727511"></trkpt>
      <trkpt lat="47.889011" lon="8.731634"></trkpt>
      <trkpt lat="47.888496" lon="8.733155"></trkpt>
      <trkpt lat="47.887901" lon="8.735734"></trkpt>
      <trkpt lat="47.887604" lon="8.738439"></trkpt>
      <trkpt lat="47.887693" lon="8.74206"></trkpt>
      <trkpt lat="47.88821" lon="8.745111"></trkpt>
      <trkpt lat="47.889032" lon="8.74775"></trkpt>
      <trkpt lat="47.891226" lon="8.753005"></trkpt>
      <trkpt lat="47.891819" lon="8.755227"></trkpt>
      <trkpt lat="47.892231" lon="8.758128"></trkpt>
      <trkpt lat="47.892276" lon="8.761128"></trkpt>
      <trkpt lat="47.891989" lon="8.763828"></trkpt>
      <trkpt lat="47.891356" lon="8.766547"></trkpt>
      <trkpt lat="47.890707" lon="8.768355"></trkpt>
      <trkpt lat="47.890116" lon="8.769636"></trkpt>
      <trkpt lat="47.888855" lon="8.771702"></trkpt>
      <trkpt lat="47.887644" lon="8.773138"></trkpt>
      <trkpt lat="47.886295" lon="8.774309"></trkpt>
      <trkpt lat="47.884522" lon="8.775326"></trkpt>
      <trkpt lat="47.883281" lon="8.775735"></trkpt>
      <trkpt lat="47.882138" lon="8.775915"></trkpt>
      <trkpt lat="47.880888" lon="8.77593"></trkpt>
      <trkpt lat="47.878301" lon="8.775745"></trkpt>
      <trkpt lat="47.87636" lon="8.775829"></trkpt>
      <trkpt lat="47.874117" lon="8.776362"></trkpt>
      <trkpt lat="47.87192" lon="8.777373"></trkpt>
      <trkpt lat="47.86991" lon="8.778757"></trkpt>
      <trkpt lat="47.867379" lon="8.78095"></trkpt>
      <trkpt lat="47.865359" lon="8.78294"></trkpt>
      <trkpt lat="47.863379" lon="8.785139"></trkpt>
      <trkpt lat="47.86156" lon="8.787403"></trkpt>
      <trkpt lat="47.859776" lon="8.789879"></trkpt>
      <trkpt lat="47.857086" lon="8.794167"></trkpt>
      <trkpt lat="47.852332" lon="8.802487"></trkpt>
      <trkpt lat="47.850619" lon="8.805071"></trkpt>
      <trkpt lat="47.848573" lon="8.807744"></trkpt>
      <trkpt lat="47.846767" lon="8.809779"></trkpt>
      <trkpt lat="47.844759" lon="8.811759"></trkpt>
      <trkpt lat="47.837379" lon="8.817802"></trkpt>
      <trkpt lat="47.83545" lon="8.819545"></trkpt>
      <trkpt lat="47.832412" lon="8.822709"></trkpt>
      <trkpt lat="47.829917" lon="8.825765"></trkpt>
      <trkpt lat="47.828393" lon="8.827862"></trkpt>
      <trkpt lat="47.826427" lon="8.830872"></trkpt>
      <trkpt lat="47.815794" lon="8.848753"></trkpt>
      <trkpt lat="47.814641" lon="8.850033"></trkpt>
      <trkpt lat="47.813668" lon="8.850876"></trkpt>
      <trkpt lat="47.812788" lon="8.851464"></trkpt>
      <trkpt lat="47.81132" lon="8.852145"></trkpt>
      <trkpt lat="47.810408" lon="8.852877"></trkpt>
      <trkpt lat="47.807558" lon="8.856454"></trkpt>
      <trkpt lat="47.801356" lon="8.862344"></trkpt>
      <trkpt lat="47.800135" lon="8.863599"></trkpt>
      <trkpt lat="47.798606" lon="8.86543"></trkpt>
      <trkpt lat="47.796918" lon="8.868032"></trkpt>
      <trkpt lat="47.795626" lon="8.870576"></trkpt>
      <trkpt lat="47.794672" lon="8.872961"></trkpt>
      <trkpt lat="47.791945" lon="8.88118"></trkpt>
      <trkpt lat="47.790565" lon="8.884464"></trkpt>
      <trkpt lat="47.788347" lon="8.888606"></trkpt>
      <trkpt lat="47.786466" lon="8.891392"></trkpt>
      <trkpt lat="47.784801" lon="8.893497"></trkpt>
      <trkpt lat="47.7825" lon="8.896006"></trkpt>
      <trkpt lat="47.778145" lon="8.900452"></trkpt>
      <trkpt lat="47.776049" lon="8.902884"></trkpt>
      <trkpt lat="47.774472" lon="8.904974"></trkpt>
      <trkpt lat="47.772867" lon="8.907618"></trkpt>
      <trkpt lat="47.771517" lon="8.91052"></trkpt>
      <trkpt lat="47.770351" lon="8.91403"></trkpt>
      <trkpt lat="47.769527" lon="8.918043"></trkpt>
      <trkpt lat="47.769169" lon="8.922034"></trkpt>
      <trkpt lat="47.769177" lon="8.925265"></trkpt>
      <trkpt lat="47.769441" lon="8.928356"></trkpt>
      <trkpt lat="47.77102" lon="8.939084"></trkpt>
      <trkpt lat="47.771466" lon="8.943523"></trkpt>
      <trkpt lat="47.771656" lon="8.950539"></trkpt>
      <trkpt lat="47.771266" lon="8.957291"></trkpt>
      <trkpt lat="47.770499" lon="8.962956"></trkpt>
      <trkpt lat="47.769491" lon="8.967888"></trkpt>
      <trkpt lat="47.768125" lon="8.97287"></trkpt>
      <trkpt lat="47.766042" lon="8.978569"></trkpt>
      <trkpt lat="47.764691" lon="8.981589"></trkpt>
      <trkpt lat="47.763626" lon="8.983676"></trkpt>
      <trkpt lat="47.761303" lon="8.987707"></trkpt>
      <trkpt lat="47.755847" lon="8.995107"></trkpt>
      <trkpt lat="47.75367" lon="8.998394"></trkpt>
      <trkpt lat="47.751824" lon="9.001926"></trkpt>
      <trkpt lat="47.748978" lon="9.00795"></trkpt>
      <trkpt lat="47.747222" lon="9.010807"></trkpt>
      <trkpt lat="47.745746" lon="9.012646"></trkpt>
      <trkpt lat="47.744625" lon="9.01376"></trkpt>
      <trkpt lat="47.740054" lon="9.017565"></trkpt>
      <trkpt lat="47.737457" lon="9.020232"></trkpt>
      <trkpt lat="47.735178" lon="9.023175"></trkpt>
      <trkpt lat="47.733737" lon="9.025451"></trkpt>
      <trkpt lat="47.73281" lon="9.02716"></trkpt>
      <trkpt lat="47.731608" lon="9.029722"></trkpt>
      <trkpt lat="47.73006" lon="9.033644"></trkpt>
      <trkpt lat="47.728411" lon="9.038193"></trkpt>
      <trkpt lat="47.727645" lon="9.040979"></trkpt>
      <trkpt lat="47.726665" lon="9.047152"></trkpt>
      <trkpt lat="47.724861" lon="9.055883"></trkpt>
      <trkpt lat="47.724598" lon="9.058288"></trkpt>
      <trkpt lat="47.724461" lon="9.063892"></trkpt>
      <trkpt lat="47.724272" lon="9.065628"></trkpt>
      <trkpt lat="47.723716" lon="9.067991"></trkpt>
      <trkpt lat="47.722674" lon="9.07089"></trkpt>
      <trkpt lat="47.721119" lon="9.072983"></trkpt>
      <trkpt lat="47.719092" lon="9.074486"></trkpt>
      <trkpt lat="47.717386" lon="9.075506"></trkpt>
      <trkpt lat="47.716119" lon="9.076757"></trkpt>
      <trkpt lat="47.714022" lon="9.080006"></trkpt>
      <trkpt lat="47.712851" lon="9.082225"></trkpt>
      <trkpt lat="47.712429" lon="9.083534"></trkpt>
      <trkpt lat="47.711208" lon="9.084688"></trkpt>
      <trkpt lat="47.710404" lon="9.086913"></trkpt>
      <trkpt lat="47.709035" lon="9.092237"></trkpt>
      <trkpt lat="47.708163" lon="9.093645"></trkpt>
      <trkpt lat="47.708086" lon="9.095797"></trkpt>
      <trkpt lat="47.707708" lon="9.0974"></trkpt>
      <trkpt lat="47.706754" lon="9.099227"></trkpt>
      <trkpt lat="47.706137" lon="9.101582"></trkpt>
      <trkpt lat="47.704287" lon="9.104796"></trkpt>
      <trkpt lat="47.702722" lon="9.108668"></trkpt>
      <trkpt lat="47.702239" lon="9.109519"></trkpt>
      <trkpt lat="47.701552" lon="9.110341"></trkpt>
      <trkpt lat="47.700557" lon="9.111159"></trkpt>
      <trkpt lat="47.69784" lon="9.112463"></trkpt>
      <trkpt lat="47.695253" lon="9.114228"></trkpt>
      <trkpt lat="47.693313" lon="9.115047"></trkpt>
      <trkpt lat="47.692389" lon="9.115603"></trkpt>
      <trkpt lat="47.69134" lon="9.116572"></trkpt>
      <trkpt lat="47.69022" lon="9.117879"></trkpt>
      <trkpt lat="47.689206" lon="9.11937"></trkpt>
      <trkpt lat="47.688451" lon="9.120814"></trkpt>
      <trkpt lat="47.682701" lon="9.132583"></trkpt>
      <trkpt lat="47.679081" lon="9.142315"></trkpt>
      <trkpt lat="47.678449" lon="9.144345"></trkpt>
      <trkpt lat="47.677835" lon="9.14719"></trkpt>
      <trkpt lat="47.677428" lon="9.148464"></trkpt>
      <trkpt lat="47.676978" lon="9.14935"></trkpt>
      <trkpt lat="47.675219" lon="9.152113"></trkpt>
      <trkpt lat="47.673418" lon="9.157204"></trkpt>
      <trkpt lat="47.673176" lon="9.158561"></trkpt>
      <trkpt lat="47.673188" lon="9.160578"></trkpt>
      <trkpt lat="47.673085" lon="9.160881"></trkpt>
      <trkpt lat="47.672475" lon="9.161566"></trkpt>
      <trkpt lat="47.671996" lon="9.162847"></trkpt>
      <trkpt lat="47.671762" lon="9.164791"></trkpt>
      <trkpt lat="47.671595" lon="9.168068"></trkpt>
      <trkpt lat="47.6709" lon="9.171972"></trkpt>
      <trkpt lat="47.67071" lon="9.173719"></trkpt>
      <trkpt lat="47.670521" lon="9.173919"></trkpt>
      <trkpt lat="47.670625" lon="9.174252"></trkpt>
      <trkpt lat="47.670343" lon="9.175057"></trkpt>
      <trkpt lat="47.669807" lon="9.175841"></trkpt>
      <trkpt lat="47.668088" lon="9.176855"></trkpt>
      <trkpt lat="47.667314" lon="9.179379"></trkpt>
      <trkpt lat="47.667018" lon="9.179291"></trkpt>
      <trkpt lat="47.665064" lon="9.177589"></trkpt>
      <trkpt lat="47.664358" lon="9.177498"></trkpt>
      <trkpt lat="47.662607" lon="9.177718"></trkpt>
      <trkpt lat="47.661794" lon="9.177393"></trkpt>
      <trkpt lat="47.661591" lon="9.177467"></trkpt>
      <trkpt lat="47.661356" lon="9.177188"></trkpt>
  </trkseg></trk>
</gpx>
