<?xml version="1.0" encoding="UTF-8"?>
<gpx version="1.1" creator="yatutbuv" xmlns="http://www.topografix.com/GPX/1/1">
  <trk><name>GraphHopper Track</name><trkseg>
      <trkpt lat="49.834496" lon="24.009278"></trkpt>
      <trkpt lat="49.834742" lon="24.009518"></trkpt>
      <trkpt lat="49.834733" lon="24.018487"></trkpt>
      <trkpt lat="49.834618" lon="24.019906"></trkpt>
      <trkpt lat="49.834687" lon="24.020376"></trkpt>
      <trkpt lat="49.839024" lon="24.027393"></trkpt>
      <trkpt lat="49.839495" lon="24.02908"></trkpt>
      <trkpt lat="49.839061" lon="24.030495"></trkpt>
      <trkpt lat="49.839299" lon="24.03207"></trkpt>
      <trkpt lat="49.839307" lon="24.033173"></trkpt>
      <trkpt lat="49.838813" lon="24.035345"></trkpt>
      <trkpt lat="49.839815" lon="24.036013"></trkpt>
      <trkpt lat="49.83995" lon="24.0415"></trkpt>
      <trkpt lat="49.840576" lon="24.044676"></trkpt>
      <trkpt lat="49.840749" lon="24.046011"></trkpt>
      <trkpt lat="49.840719" lon="24.046688"></trkpt>
      <trkpt lat="49.838122" lon="24.056673"></trkpt>
      <trkpt lat="49.836605" lon="24.063812"></trkpt>
      <trkpt lat="49.836169" lon="24.06654"></trkpt>
      <trkpt lat="49.836039" lon="24.068042"></trkpt>
      <trkpt lat="49.835538" lon="24.080538"></trkpt>
      <trkpt lat="49.834224" lon="24.087483"></trkpt>
      <trkpt lat="49.833713" lon="24.089268"></trkpt>
      <trkpt lat="49.832479" lon="24.091246"></trkpt>
      <trkpt lat="49.830422" lon="24.09584"></trkpt>
      <trkpt lat="49.828604" lon="24.0991"></trkpt>
      <trkpt lat="49.827173" lon="24.101367"></trkpt>
      <trkpt lat="49.824764" lon="24.104122"></trkpt>
      <trkpt lat="49.821127" lon="24.11191"></trkpt>
      <trkpt lat="49.818101" lon="24.115676"></trkpt>
      <trkpt lat="49.817414" lon="24.117478"></trkpt>
      <trkpt lat="49.816523" lon="24.11891"></trkpt>
      <trkpt lat="49.816212" lon="24.119799"></trkpt>
      <trkpt lat="49.815699" lon="24.123523"></trkpt>
      <trkpt lat="49.815721" lon="24.125238"></trkpt>
      <trkpt lat="49.81594" lon="24.126518"></trkpt>
      <trkpt lat="49.816241" lon="24.129871"></trkpt>
      <trkpt lat="49.816396" lon="24.130225"></trkpt>
      <trkpt lat="49.816659" lon="24.130465"></trkpt>
      <trkpt lat="49.81797" lon="24.130607"></trkpt>
      <trkpt lat="49.818191" lon="24.131247"></trkpt>
      <trkpt lat="49.818068" lon="24.131767"></trkpt>
      <trkpt lat="49.816977" lon="24.134373"></trkpt>
      <trkpt lat="49.816825" lon="24.135983"></trkpt>
      <trkpt lat="49.818015" lon="24.154721"></trkpt>
      <trkpt lat="49.816251" lon="24.175788"></trkpt>
      <trkpt lat="49.815401" lon="24.204403"></trkpt>
      <trkpt lat="49.814452" lon="24.20697"></trkpt>
      <trkpt lat="49.812683" lon="24.214565"></trkpt>
      <trkpt lat="49.812077" lon="24.218078"></trkpt>
      <trkpt lat="49.800853" lon="24.26042"></trkpt>
      <trkpt lat="49.800557" lon="24.261108"></trkpt>
      <trkpt lat="49.796902" lon="24.267079"></trkpt>
      <trkpt lat="49.796573" lon="24.267706"></trkpt>
      <trkpt lat="49.796219" lon="24.268836"></trkpt>
      <trkpt lat="49.791263" lon="24.314938"></trkpt>
      <trkpt lat="49.791176" lon="24.320747"></trkpt>
      <trkpt lat="49.783019" lon="24.386925"></trkpt>
      <trkpt lat="49.773863" lon="24.421902"></trkpt>
      <trkpt lat="49.761485" lon="24.452951"></trkpt>
      <trkpt lat="49.761142" lon="24.454064"></trkpt>
      <trkpt lat="49.759677" lon="24.460982"></trkpt>
      <trkpt lat="49.755013" lon="24.485243"></trkpt>
      <trkpt lat="49.754708" lon="24.487225"></trkpt>
      <trkpt lat="49.754576" lon="24.489582"></trkpt>
      <trkpt lat="49.75343" lon="24.528678"></trkpt>
      <trkpt lat="49.752305" lon="24.536594"></trkpt>
      <trkpt lat="49.750257" lon="24.567455"></trkpt>
      <trkpt lat="49.750513" lon="24.570115"></trkpt>
      <trkpt lat="49.750855" lon="24.571422"></trkpt>
      <trkpt lat="49.75122" lon="24.572326"></trkpt>
      <trkpt lat="49.764485" lon="24.595054"></trkpt>
      <trkpt lat="49.765349" lon="24.597219"></trkpt>
      <trkpt lat="49.766072" lon="24.60099"></trkpt>
      <trkpt lat="49.766572" lon="24.602724"></trkpt>
      <trkpt lat="49.774548" lon="24.618362"></trkpt>
      <trkpt lat="49.782951" lon="24.640364"></trkpt>
      <trkpt lat="49.784466" lon="24.644897"></trkpt>
      <trkpt lat="49.796245" lon="24.671456"></trkpt>
      <trkpt lat="49.796791" lon="24.673502"></trkpt>
      <trkpt lat="49.799109" lon="24.684374"></trkpt>
      <trkpt lat="49.804498" lon="24.717433"></trkpt>
      <trkpt lat="49.804719" lon="24.720813"></trkpt>
      <trkpt lat="49.805118" lon="24.773045"></trkpt>
      <trkpt lat="49.806989" lon="24.806875"></trkpt>
      <trkpt lat="49.807002" lon="24.816644"></trkpt>
      <trkpt lat="49.804479" lon="24.837539"></trkpt>
      <trkpt lat="49.805785" lon="24.863336"></trkpt>
      <trkpt lat="49.805575" lon="24.865789"></trkpt>
      <trkpt lat="49.805317" lon="24.866927"></trkpt>
      <trkpt lat="49.804735" lon="24.868569"></trkpt>
      <trkpt lat="49.799834" lon="24.878585"></trkpt>
      <trkpt lat="49.797317" lon="24.884847"></trkpt>
      <trkpt lat="49.794548" lon="24.892172"></trkpt>
      <trkpt lat="49.790581" lon="24.907945"></trkpt>
      <trkpt lat="49.788767" lon="24.918054"></trkpt>
      <trkpt lat="49.788046" lon="24.921272"></trkpt>
      <trkpt lat="49.78746" lon="24.922859"></trkpt>
      <trkpt lat="49.78102" lon="24.937478"></trkpt>
      <trkpt lat="49.780392" lon="24.939381"></trkpt>
      <trkpt lat="49.776962" lon="24.960168"></trkpt>
      <trkpt lat="49.766427" lon="25.000674"></trkpt>
      <trkpt lat="49.759229" lon="25.018986"></trkpt>
      <trkpt lat="49.757705" lon="25.022391"></trkpt>
      <trkpt lat="49.756848" lon="25.023827"></trkpt>
      <trkpt lat="49.754786" lon="25.025431"></trkpt>
      <trkpt lat="49.753804" lon="25.025607"></trkpt>
      <trkpt lat="49.753076" lon="25.025235"></trkpt>
      <trkpt lat="49.752433" lon="25.025581"></trkpt>
      <trkpt lat="49.749889" lon="25.025563"></trkpt>
      <trkpt lat="49.748667" lon="25.02571"></trkpt>
      <trkpt lat="49.746374" lon="25.026936"></trkpt>
      <trkpt lat="49.745327" lon="25.027939"></trkpt>
      <trkpt lat="49.744693" lon="25.028939"></trkpt>
      <trkpt lat="49.742252" lon="25.036355"></trkpt>
      <trkpt lat="49.74096" lon="25.03957"></trkpt>
      <trkpt lat="49.740364" lon="25.0407"></trkpt>
      <trkpt lat="49.738605" lon="25.043113"></trkpt>
      <trkpt lat="49.737175" lon="25.046026"></trkpt>
      <trkpt lat="49.733428" lon="25.052449"></trkpt>
      <trkpt lat="49.720234" lon="25.067799"></trkpt>
      <trkpt lat="49.685098" lon="25.107971"></trkpt>
      <trkpt lat="49.683625" lon="25.109731"></trkpt>
      <trkpt lat="49.682746" lon="25.110972"></trkpt>
      <trkpt lat="49.681062" lon="25.11402"></trkpt>
      <trkpt lat="49.679657" lon="25.117991"></trkpt>
      <trkpt lat="49.674526" lon="25.142094"></trkpt>
      <trkpt lat="49.673998" lon="25.143854"></trkpt>
      <trkpt lat="49.673318" lon="25.145609"></trkpt>
      <trkpt lat="49.67262" lon="25.147116"></trkpt>
      <trkpt lat="49.67124" lon="25.149315"></trkpt>
      <trkpt lat="49.656063" lon="25.17111"></trkpt>
      <trkpt lat="49.655169" lon="25.172566"></trkpt>
      <trkpt lat="49.653461" lon="25.176526"></trkpt>
      <trkpt lat="49.65257" lon="25.179884"></trkpt>
      <trkpt lat="49.636734" lon="25.255993"></trkpt>
      <trkpt lat="49.628349" lon="25.295593"></trkpt>
      <trkpt lat="49.628148" lon="25.297808"></trkpt>
      <trkpt lat="49.628105" lon="25.309829"></trkpt>
      <trkpt lat="49.628249" lon="25.330922"></trkpt>
      <trkpt lat="49.627883" lon="25.333491"></trkpt>
      <trkpt lat="49.627958" lon="25.336535"></trkpt>
      <trkpt lat="49.619196" lon="25.371816"></trkpt>
      <trkpt lat="49.60662" lon="25.410146"></trkpt>
      <trkpt lat="49.602714" lon="25.419725"></trkpt>
      <trkpt lat="49.577749" lon="25.475761"></trkpt>
      <trkpt lat="49.577448" lon="25.477294"></trkpt>
      <trkpt lat="49.576291" lon="25.486194"></trkpt>
      <trkpt lat="49.575876" lon="25.488053"></trkpt>
      <trkpt lat="49.569973" lon="25.50617"></trkpt>
      <trkpt lat="49.566677" lon="25.515327"></trkpt>
      <trkpt lat="49.559394" lon="25.552827"></trkpt>
      <trkpt lat="49.555601" lon="25.560719"></trkpt>
      <trkpt lat="49.551586" lon="25.565251"></trkpt>
      <trkpt lat="49.550735" lon="25.565335"></trkpt>
      <trkpt lat="49.55118" lon="25.570394"></trkpt>
      <trkpt lat="49.551229" lon="25.571836"></trkpt>
      <trkpt lat="49.551062" lon="25.572732"></trkpt>
      <trkpt lat="49.551214" lon="25.573805"></trkpt>
      <trkpt lat="49.550431" lon="25.585522"></trkpt>
      <trkpt lat="49.550547" lon="25.58894"></trkpt>
      <trkpt lat="49.552117" lon="25.61091"></trkpt>
      <trkpt lat="49.55206" lon="25.613015"></trkpt>
      <trkpt lat="49.547462" lon="25.634266"></trkpt>
      <trkpt lat="49.547315" lon="25.634668"></trkpt>
      <trkpt lat="49.546788" lon="25.635397"></trkpt>
      <trkpt lat="49.546902" lon="25.636284"></trkpt>
      <trkpt lat="49.546864" lon="25.637088"></trkpt>
      <trkpt lat="49.536932" lon="25.682387"></trkpt>
      <trkpt lat="49.532054" lon="25.705399"></trkpt>
      <trkpt lat="49.531662" lon="25.710896"></trkpt>
      <trkpt lat="49.530984" lon="25.71406"></trkpt>
      <trkpt lat="49.530837" lon="25.715562"></trkpt>
      <trkpt lat="49.53094" lon="25.717087"></trkpt>
      <trkpt lat="49.532012" lon="25.722735"></trkpt>
      <trkpt lat="49.53275" lon="25.730812"></trkpt>
      <trkpt lat="49.533793" lon="25.734376"></trkpt>
      <trkpt lat="49.534063" lon="25.736163"></trkpt>
      <trkpt lat="49.534033" lon="25.737461"></trkpt>
      <trkpt lat="49.533054" lon="25.743629"></trkpt>
      <trkpt lat="49.533575" lon="25.757301"></trkpt>
      <trkpt lat="49.534301" lon="25.760032"></trkpt>
      <trkpt lat="49.53504" lon="25.761849"></trkpt>
      <trkpt lat="49.538151" lon="25.767338"></trkpt>
      <trkpt lat="49.538552" lon="25.768272"></trkpt>
      <trkpt lat="49.539289" lon="25.770367"></trkpt>
      <trkpt lat="49.539637" lon="25.772135"></trkpt>
      <trkpt lat="49.540264" lon="25.79685"></trkpt>
      <trkpt lat="49.540233" lon="25.79817"></trkpt>
      <trkpt lat="49.538733" lon="25.810491"></trkpt>
      <trkpt lat="49.538715" lon="25.811847"></trkpt>
      <trkpt lat="49.538894" lon="25.814223"></trkpt>
      <trkpt lat="49.539425" lon="25.81638"></trkpt>
      <trkpt lat="49.541013" lon="25.819523"></trkpt>
      <trkpt lat="49.543825" lon="25.825631"></trkpt>
      <trkpt lat="49.54432" lon="25.827089"></trkpt>
      <trkpt lat="49.544517" lon="25.82804"></trkpt>
      <trkpt lat="49.545312" lon="25.836296"></trkpt>
      <trkpt lat="49.54551" lon="25.839967"></trkpt>
      <trkpt lat="49.545446" lon="25.8415"></trkpt>
      <trkpt lat="49.544855" lon="25.845826"></trkpt>
      <trkpt lat="49.544821" lon="25.847579"></trkpt>
      <trkpt lat="49.544989" lon="25.849556"></trkpt>
      <trkpt lat="49.545565" lon="25.853363"></trkpt>
      <trkpt lat="49.547351" lon="25.862235"></trkpt>
      <trkpt lat="49.548509" lon="25.867188"></trkpt>
      <trkpt lat="49.54878" lon="25.868878"></trkpt>
      <trkpt lat="49.548794" lon="25.870503"></trkpt>
      <trkpt lat="49.548524" lon="25.874195"></trkpt>
      <trkpt lat="49.54831" lon="25.875729"></trkpt>
      <trkpt lat="49.545394" lon="25.887821"></trkpt>
      <trkpt lat="49.545048" lon="25.889758"></trkpt>
      <trkpt lat="49.544677" lon="25.895981"></trkpt>
      <trkpt lat="49.544436" lon="25.902435"></trkpt>
      <trkpt lat="49.542933" lon="25.91005"></trkpt>
      <trkpt lat="49.541175" lon="25.927376"></trkpt>
      <trkpt lat="49.541291" lon="25.929484"></trkpt>
      <trkpt lat="49.543272" lon="25.944919"></trkpt>
      <trkpt lat="49.545058" lon="25.957561"></trkpt>
      <trkpt lat="49.545882" lon="25.962042"></trkpt>
      <trkpt lat="49.54596" lon="25.963133"></trkpt>
      <trkpt lat="49.544843" lon="26.004643"></trkpt>
      <trkpt lat="49.544458" lon="26.014068"></trkpt>
      <trkpt lat="49.544349" lon="26.021787"></trkpt>
      <trkpt lat="49.543669" lon="26.027225"></trkpt>
      <trkpt lat="49.54321" lon="26.029112"></trkpt>
      <trkpt lat="49.542499" lon="26.030894"></trkpt>
      <trkpt lat="49.540749" lon="26.033572"></trkpt>
      <trkpt lat="49.540122" lon="26.034785"></trkpt>
      <trkpt lat="49.539708" lon="26.035965"></trkpt>
      <trkpt lat="49.539407" lon="26.037307"></trkpt>
      <trkpt lat="49.537329" lon="26.050272"></trkpt>
      <trkpt lat="49.529058" lon="26.076237"></trkpt>
      <trkpt lat="49.528836" lon="26.077215"></trkpt>
      <trkpt lat="49.528704" lon="26.078224"></trkpt>
      <trkpt lat="49.528209" lon="26.088176"></trkpt>
      <trkpt lat="49.528536" lon="26.10403"></trkpt>
      <trkpt lat="49.52839" lon="26.106295"></trkpt>
      <trkpt lat="49.528018" lon="26.108427"></trkpt>
      <trkpt lat="49.52662" lon="26.111914"></trkpt>
      <trkpt lat="49.525673" lon="26.113518"></trkpt>
      <trkpt lat="49.52465" lon="26.114767"></trkpt>
      <trkpt lat="49.520597" lon="26.118063"></trkpt>
      <trkpt lat="49.519725" lon="26.118963"></trkpt>
      <trkpt lat="49.518699" lon="26.120359"></trkpt>
      <trkpt lat="49.51805" lon="26.121533"></trkpt>
      <trkpt lat="49.51717" lon="26.123654"></trkpt>
      <trkpt lat="49.516732" lon="26.125264"></trkpt>
      <trkpt lat="49.51395" lon="26.138875"></trkpt>
      <trkpt lat="49.509757" lon="26.159977"></trkpt>
      <trkpt lat="49.509423" lon="26.162089"></trkpt>
      <trkpt lat="49.509238" lon="26.164407"></trkpt>
      <trkpt lat="49.509232" lon="26.166891"></trkpt>
      <trkpt lat="49.509383" lon="26.169098"></trkpt>
      <trkpt lat="49.5128" lon="26.200937"></trkpt>
      <trkpt lat="49.516233" lon="26.236117"></trkpt>
      <trkpt lat="49.523285" lon="26.290372"></trkpt>
      <trkpt lat="49.523558" lon="26.294628"></trkpt>
      <trkpt lat="49.523533" lon="26.29655"></trkpt>
      <trkpt lat="49.523143" lon="26.30054"></trkpt>
      <trkpt lat="49.514905" lon="26.351519"></trkpt>
      <trkpt lat="49.514" lon="26.355167"></trkpt>
      <trkpt lat="49.50955" lon="26.370967"></trkpt>
      <trkpt lat="49.507917" lon="26.37715"></trkpt>
      <trkpt lat="49.50757" lon="26.381703"></trkpt>
      <trkpt lat="49.507382" lon="26.382839"></trkpt>
      <trkpt lat="49.506769" lon="26.384601"></trkpt>
      <trkpt lat="49.5018" lon="26.394485"></trkpt>
      <trkpt lat="49.501371" lon="26.395559"></trkpt>
      <trkpt lat="49.496807" lon="26.410821"></trkpt>
      <trkpt lat="49.496498" lon="26.412231"></trkpt>
      <trkpt lat="49.495478" lon="26.419298"></trkpt>
      <trkpt lat="49.495082" lon="26.420735"></trkpt>
      <trkpt lat="49.494407" lon="26.422319"></trkpt>
      <trkpt lat="49.491333" lon="26.428519"></trkpt>
      <trkpt lat="49.49068" lon="26.430488"></trkpt>
      <trkpt lat="49.489906" lon="26.434946"></trkpt>
      <trkpt lat="49.485449" lon="26.473543"></trkpt>
      <trkpt lat="49.485048" lon="26.475267"></trkpt>
      <trkpt lat="49.484384" lon="26.476756"></trkpt>
      <trkpt lat="49.482764" lon="26.479041"></trkpt>
      <trkpt lat="49.481953" lon="26.480576"></trkpt>
      <trkpt lat="49.476242" lon="26.498113"></trkpt>
      <trkpt lat="49.475919" lon="26.49875"></trkpt>
      <trkpt lat="49.475461" lon="26.499334"></trkpt>
      <trkpt lat="49.472354" lon="26.502563"></trkpt>
      <trkpt lat="49.471746" lon="26.503634"></trkpt>
      <trkpt lat="49.47143" lon="26.505262"></trkpt>
      <trkpt lat="49.47122" lon="26.508958"></trkpt>
      <trkpt lat="49.46955" lon="26.516783"></trkpt>
      <trkpt lat="49.469051" lon="26.518207"></trkpt>
      <trkpt lat="49.467315" lon="26.521629"></trkpt>
      <trkpt lat="49.466789" lon="26.525459"></trkpt>
      <trkpt lat="49.46622" lon="26.527102"></trkpt>
      <trkpt lat="49.465967" lon="26.527519"></trkpt>
      <trkpt lat="49.465132" lon="26.528318"></trkpt>
      <trkpt lat="49.45565" lon="26.533533"></trkpt>
      <trkpt lat="49.453178" lon="26.535196"></trkpt>
      <trkpt lat="49.4523" lon="26.536017"></trkpt>
      <trkpt lat="49.448901" lon="26.542977"></trkpt>
      <trkpt lat="49.445655" lon="26.548655"></trkpt>
      <trkpt lat="49.44512" lon="26.550172"></trkpt>
      <trkpt lat="49.443902" lon="26.554812"></trkpt>
      <trkpt lat="49.440949" lon="26.56177"></trkpt>
      <trkpt lat="49.439309" lon="26.569116"></trkpt>
      <trkpt lat="49.438817" lon="26.578767"></trkpt>
      <trkpt lat="49.438935" lon="26.58321"></trkpt>
      <trkpt lat="49.438795" lon="26.584358"></trkpt>
      <trkpt lat="49.438391" lon="26.585506"></trkpt>
      <trkpt lat="49.436683" lon="26.588051"></trkpt>
      <trkpt lat="49.435697" lon="26.588934"></trkpt>
      <trkpt lat="49.434017" lon="26.589667"></trkpt>
      <trkpt lat="49.425307" lon="26.592659"></trkpt>
      <trkpt lat="49.424473" lon="26.593113"></trkpt>
      <trkpt lat="49.423746" lon="26.593882"></trkpt>
      <trkpt lat="49.423111" lon="26.595047"></trkpt>
      <trkpt lat="49.421199" lon="26.599504"></trkpt>
      <trkpt lat="49.4129" lon="26.612833"></trkpt>
      <trkpt lat="49.412117" lon="26.6143"></trkpt>
      <trkpt lat="49.411617" lon="26.616017"></trkpt>
      <trkpt lat="49.411315" lon="26.618362"></trkpt>
      <trkpt lat="49.411117" lon="26.621722"></trkpt>
      <trkpt lat="49.409986" lon="26.625259"></trkpt>
      <trkpt lat="49.409726" lon="26.626479"></trkpt>
      <trkpt lat="49.408212" lon="26.639573"></trkpt>
      <trkpt lat="49.407875" lon="26.64089"></trkpt>
      <trkpt lat="49.407133" lon="26.641731"></trkpt>
      <trkpt lat="49.403717" lon="26.643383"></trkpt>
      <trkpt lat="49.403376" lon="26.643658"></trkpt>
      <trkpt lat="49.400916" lon="26.646929"></trkpt>
      <trkpt lat="49.400404" lon="26.647987"></trkpt>
      <trkpt lat="49.400197" lon="26.649574"></trkpt>
      <trkpt lat="49.400238" lon="26.653555"></trkpt>
      <trkpt lat="49.400448" lon="26.654895"></trkpt>
      <trkpt lat="49.400926" lon="26.655915"></trkpt>
      <trkpt lat="49.402823" lon="26.65798"></trkpt>
      <trkpt lat="49.403251" lon="26.658647"></trkpt>
      <trkpt lat="49.404559" lon="26.662565"></trkpt>
      <trkpt lat="49.40475" lon="26.664187"></trkpt>
      <trkpt lat="49.404477" lon="26.66561"></trkpt>
      <trkpt lat="49.40313" lon="26.669096"></trkpt>
      <trkpt lat="49.402578" lon="26.669694"></trkpt>
      <trkpt lat="49.397651" lon="26.673397"></trkpt>
      <trkpt lat="49.397038" lon="26.674323"></trkpt>
      <trkpt lat="49.396671" lon="26.675586"></trkpt>
      <trkpt lat="49.396642" lon="26.676617"></trkpt>
      <trkpt lat="49.397665" lon="26.686167"></trkpt>
      <trkpt lat="49.3962" lon="26.707366"></trkpt>
      <trkpt lat="49.396239" lon="26.709809"></trkpt>
      <trkpt lat="49.396954" lon="26.72"></trkpt>
      <trkpt lat="49.396293" lon="26.727275"></trkpt>
      <trkpt lat="49.395791" lon="26.731151"></trkpt>
      <trkpt lat="49.393354" lon="26.737861"></trkpt>
      <trkpt lat="49.392931" lon="26.739747"></trkpt>
      <trkpt lat="49.392514" lon="26.75385"></trkpt>
      <trkpt lat="49.392595" lon="26.756176"></trkpt>
      <trkpt lat="49.394396" lon="26.761055"></trkpt>
      <trkpt lat="49.394717" lon="26.762415"></trkpt>
      <trkpt lat="49.394735" lon="26.763604"></trkpt>
      <trkpt lat="49.394476" lon="26.765149"></trkpt>
      <trkpt lat="49.394172" lon="26.766107"></trkpt>
      <trkpt lat="49.392276" lon="26.769371"></trkpt>
      <trkpt lat="49.391062" lon="26.771768"></trkpt>
      <trkpt lat="49.3908" lon="26.772803"></trkpt>
      <trkpt lat="49.390767" lon="26.773392"></trkpt>
      <trkpt lat="49.390893" lon="26.774481"></trkpt>
      <trkpt lat="49.391396" lon="26.775506"></trkpt>
      <trkpt lat="49.394949" lon="26.779293"></trkpt>
      <trkpt lat="49.395441" lon="26.780227"></trkpt>
      <trkpt lat="49.395566" lon="26.780836"></trkpt>
      <trkpt lat="49.395568" lon="26.78191"></trkpt>
      <trkpt lat="49.395219" lon="26.784437"></trkpt>
      <trkpt lat="49.392911" lon="26.792591"></trkpt>
      <trkpt lat="49.392761" lon="26.794345"></trkpt>
      <trkpt lat="49.392971" lon="26.795445"></trkpt>
      <trkpt lat="49.3932" lon="26.795996"></trkpt>
      <trkpt lat="49.397739" lon="26.804246"></trkpt>
      <trkpt lat="49.398479" lon="26.806111"></trkpt>
      <trkpt lat="49.398573" lon="26.807222"></trkpt>
      <trkpt lat="49.398123" lon="26.811388"></trkpt>
      <trkpt lat="49.398188" lon="26.813098"></trkpt>
      <trkpt lat="49.40144" lon="26.8318"></trkpt>
      <trkpt lat="49.401563" lon="26.835527"></trkpt>
      <trkpt lat="49.40152" lon="26.838662"></trkpt>
      <trkpt lat="49.401391" lon="26.839962"></trkpt>
      <trkpt lat="49.400802" lon="26.842821"></trkpt>
      <trkpt lat="49.400707" lon="26.844077"></trkpt>
      <trkpt lat="49.401114" lon="26.851025"></trkpt>
      <trkpt lat="49.401079" lon="26.852507"></trkpt>
      <trkpt lat="49.400763" lon="26.854412"></trkpt>
      <trkpt lat="49.399561" lon="26.858297"></trkpt>
      <trkpt lat="49.398788" lon="26.861416"></trkpt>
      <trkpt lat="49.398551" lon="26.863033"></trkpt>
      <trkpt lat="49.398576" lon="26.864556"></trkpt>
      <trkpt lat="49.398692" lon="26.866818"></trkpt>
      <trkpt lat="49.399053" lon="26.868807"></trkpt>
      <trkpt lat="49.400344" lon="26.87244"></trkpt>
      <trkpt lat="49.402426" lon="26.877013"></trkpt>
      <trkpt lat="49.402824" lon="26.87841"></trkpt>
      <trkpt lat="49.403054" lon="26.880287"></trkpt>
      <trkpt lat="49.403019" lon="26.882109"></trkpt>
      <trkpt lat="49.402235" lon="26.886654"></trkpt>
      <trkpt lat="49.400888" lon="26.889752"></trkpt>
      <trkpt lat="49.391692" lon="26.908881"></trkpt>
      <trkpt lat="49.388516" lon="26.916647"></trkpt>
      <trkpt lat="49.38701" lon="26.919565"></trkpt>
      <trkpt lat="49.384961" lon="26.922497"></trkpt>
      <trkpt lat="49.382423" lon="26.925129"></trkpt>
      <trkpt lat="49.380106" lon="26.926809"></trkpt>
      <trkpt lat="49.376349" lon="26.929094"></trkpt>
      <trkpt lat="49.369819" lon="26.933324"></trkpt>
      <trkpt lat="49.366902" lon="26.936158"></trkpt>
      <trkpt lat="49.365352" lon="26.938041"></trkpt>
      <trkpt lat="49.364201" lon="26.940199"></trkpt>
      <trkpt lat="49.36368" lon="26.941432"></trkpt>
      <trkpt lat="49.36168" lon="26.946824"></trkpt>
      <trkpt lat="49.36112" lon="26.948858"></trkpt>
      <trkpt lat="49.360856" lon="26.95075"></trkpt>
      <trkpt lat="49.360723" lon="26.954264"></trkpt>
      <trkpt lat="49.360924" lon="26.96052"></trkpt>
      <trkpt lat="49.360878" lon="26.961124"></trkpt>
      <trkpt lat="49.36047" lon="26.961923"></trkpt>
      <trkpt lat="49.360371" lon="26.962608"></trkpt>
      <trkpt lat="49.360507" lon="26.96317"></trkpt>
      <trkpt lat="49.361026" lon="26.96366"></trkpt>
      <trkpt lat="49.361213" lon="26.964057"></trkpt>
      <trkpt lat="49.364255" lon="26.982647"></trkpt>
      <trkpt lat="49.364514" lon="26.985934"></trkpt>
      <trkpt lat="49.364449" lon="26.988657"></trkpt>
      <trkpt lat="49.364052" lon="26.991571"></trkpt>
      <trkpt lat="49.36056" lon="27.00635"></trkpt>
      <trkpt lat="49.360131" lon="27.009762"></trkpt>
      <trkpt lat="49.360136" lon="27.011543"></trkpt>
      <trkpt lat="49.360267" lon="27.012945"></trkpt>
      <trkpt lat="49.36267" lon="27.028537"></trkpt>
      <trkpt lat="49.362783" lon="27.031332"></trkpt>
      <trkpt lat="49.362576" lon="27.033652"></trkpt>
      <trkpt lat="49.359985" lon="27.048369"></trkpt>
      <trkpt lat="49.356314" lon="27.073701"></trkpt>
      <trkpt lat="49.354218" lon="27.086671"></trkpt>
      <trkpt lat="49.354039" lon="27.088814"></trkpt>
      <trkpt lat="49.354123" lon="27.08987"></trkpt>
      <trkpt lat="49.354355" lon="27.09087"></trkpt>
      <trkpt lat="49.355137" lon="27.09299"></trkpt>
      <trkpt lat="49.355633" lon="27.093847"></trkpt>
      <trkpt lat="49.356416" lon="27.094891"></trkpt>
      <trkpt lat="49.357201" lon="27.095581"></trkpt>
      <trkpt lat="49.358317" lon="27.096317"></trkpt>
      <trkpt lat="49.365358" lon="27.099629"></trkpt>
      <trkpt lat="49.372593" lon="27.103901"></trkpt>
      <trkpt lat="49.374219" lon="27.104648"></trkpt>
      <trkpt lat="49.375905" lon="27.104709"></trkpt>
      <trkpt lat="49.377205" lon="27.104335"></trkpt>
      <trkpt lat="49.378436" lon="27.103546"></trkpt>
      <trkpt lat="49.379407" lon="27.102575"></trkpt>
      <trkpt lat="49.381021" lon="27.101409"></trkpt>
      <trkpt lat="49.381987" lon="27.100885"></trkpt>
      <trkpt lat="49.382614" lon="27.100721"></trkpt>
      <trkpt lat="49.38434" lon="27.100633"></trkpt>
      <trkpt lat="49.389794" lon="27.101008"></trkpt>
      <trkpt lat="49.390896" lon="27.101162"></trkpt>
      <trkpt lat="49.392179" lon="27.101701"></trkpt>
      <trkpt lat="49.393107" lon="27.10246"></trkpt>
      <trkpt lat="49.393597" lon="27.103046"></trkpt>
      <trkpt lat="49.397868" lon="27.109225"></trkpt>
      <trkpt lat="49.401605" lon="27.114294"></trkpt>
      <trkpt lat="49.402488" lon="27.115276"></trkpt>
      <trkpt lat="49.397365" lon="27.139745"></trkpt>
      <trkpt lat="49.396894" lon="27.143024"></trkpt>
      <trkpt lat="49.39666" lon="27.149015"></trkpt>
      <trkpt lat="49.39645" lon="27.150949"></trkpt>
      <trkpt lat="49.392325" lon="27.165731"></trkpt>
      <trkpt lat="49.391785" lon="27.168057"></trkpt>
      <trkpt lat="49.389654" lon="27.18337"></trkpt>
      <trkpt lat="49.385674" lon="27.210121"></trkpt>
      <trkpt lat="49.385172" lon="27.252598"></trkpt>
      <trkpt lat="49.385307" lon="27.253558"></trkpt>
      <trkpt lat="49.385746" lon="27.254992"></trkpt>
      <trkpt lat="49.387335" lon="27.258245"></trkpt>
      <trkpt lat="49.38909" lon="27.26367"></trkpt>
      <trkpt lat="49.389224" lon="27.264739"></trkpt>
      <trkpt lat="49.389332" lon="27.268401"></trkpt>
      <trkpt lat="49.391007" lon="27.280585"></trkpt>
      <trkpt lat="49.391158" lon="27.28298"></trkpt>
      <trkpt lat="49.389915" lon="27.303073"></trkpt>
      <trkpt lat="49.387764" lon="27.334786"></trkpt>
      <trkpt lat="49.387091" lon="27.338857"></trkpt>
      <trkpt lat="49.386852" lon="27.341092"></trkpt>
      <trkpt lat="49.386186" lon="27.344521"></trkpt>
      <trkpt lat="49.386134" lon="27.345466"></trkpt>
      <trkpt lat="49.386289" lon="27.346257"></trkpt>
      <trkpt lat="49.386942" lon="27.347616"></trkpt>
      <trkpt lat="49.390934" lon="27.353918"></trkpt>
      <trkpt lat="49.393482" lon="27.358431"></trkpt>
      <trkpt lat="49.40188" lon="27.371867"></trkpt>
      <trkpt lat="49.420432" lon="27.402125"></trkpt>
      <trkpt lat="49.42139" lon="27.404574"></trkpt>
      <trkpt lat="49.421823" lon="27.406196"></trkpt>
      <trkpt lat="49.422311" lon="27.409218"></trkpt>
      <trkpt lat="49.422433" lon="27.411896"></trkpt>
      <trkpt lat="49.419049" lon="27.438528"></trkpt>
      <trkpt lat="49.41826" lon="27.445684"></trkpt>
      <trkpt lat="49.415476" lon="27.457496"></trkpt>
      <trkpt lat="49.414978" lon="27.459058"></trkpt>
      <trkpt lat="49.414233" lon="27.460643"></trkpt>
      <trkpt lat="49.409162" lon="27.469816"></trkpt>
      <trkpt lat="49.40496" lon="27.474784"></trkpt>
      <trkpt lat="49.404585" lon="27.475455"></trkpt>
      <trkpt lat="49.404136" lon="27.476584"></trkpt>
      <trkpt lat="49.403848" lon="27.477748"></trkpt>
      <trkpt lat="49.403135" lon="27.482061"></trkpt>
      <trkpt lat="49.402673" lon="27.48338"></trkpt>
      <trkpt lat="49.401885" lon="27.485072"></trkpt>
      <trkpt lat="49.401457" lon="27.48644"></trkpt>
      <trkpt lat="49.39864" lon="27.502935"></trkpt>
      <trkpt lat="49.395802" lon="27.525055"></trkpt>
      <trkpt lat="49.394952" lon="27.529868"></trkpt>
      <trkpt lat="49.394052" lon="27.536188"></trkpt>
      <trkpt lat="49.391165" lon="27.558502"></trkpt>
      <trkpt lat="49.386298" lon="27.584997"></trkpt>
      <trkpt lat="49.385997" lon="27.591333"></trkpt>
      <trkpt lat="49.38595" lon="27.592964"></trkpt>
      <trkpt lat="49.386058" lon="27.594879"></trkpt>
      <trkpt lat="49.385896" lon="27.59832"></trkpt>
      <trkpt lat="49.385208" lon="27.601252"></trkpt>
      <trkpt lat="49.384335" lon="27.603675"></trkpt>
      <trkpt lat="49.382723" lon="27.609284"></trkpt>
      <trkpt lat="49.381998" lon="27.615657"></trkpt>
      <trkpt lat="49.381803" lon="27.620999"></trkpt>
      <trkpt lat="49.382446" lon="27.624248"></trkpt>
      <trkpt lat="49.385212" lon="27.636173"></trkpt>
      <trkpt lat="49.392135" lon="27.667189"></trkpt>
      <trkpt lat="49.395676" lon="27.686225"></trkpt>
      <trkpt lat="49.395855" lon="27.687648"></trkpt>
      <trkpt lat="49.395876" lon="27.69144"></trkpt>
      <trkpt lat="49.394682" lon="27.705331"></trkpt>
      <trkpt lat="49.391554" lon="27.715037"></trkpt>
      <trkpt lat="49.389312" lon="27.724972"></trkpt>
      <trkpt lat="49.388844" lon="27.729287"></trkpt>
      <trkpt lat="49.388954" lon="27.735304"></trkpt>
      <trkpt lat="49.388705" lon="27.739946"></trkpt>
      <trkpt lat="49.388728" lon="27.741111"></trkpt>
      <trkpt lat="49.388886" lon="27.741861"></trkpt>
      <trkpt lat="49.389319" lon="27.742652"></trkpt>
      <trkpt lat="49.390638" lon="27.744294"></trkpt>
      <trkpt lat="49.391129" lon="27.745108"></trkpt>
      <trkpt lat="49.392005" lon="27.747809"></trkpt>
      <trkpt lat="49.392325" lon="27.748428"></trkpt>
      <trkpt lat="49.395384" lon="27.752616"></trkpt>
      <trkpt lat="49.395749" lon="27.75357"></trkpt>
      <trkpt lat="49.395919" lon="27.755105"></trkpt>
      <trkpt lat="49.395718" lon="27.756806"></trkpt>
      <trkpt lat="49.390144" lon="27.775601"></trkpt>
      <trkpt lat="49.389382" lon="27.778383"></trkpt>
      <trkpt lat="49.389146" lon="27.779849"></trkpt>
      <trkpt lat="49.390423" lon="27.81487"></trkpt>
      <trkpt lat="49.391751" lon="27.847439"></trkpt>
      <trkpt lat="49.393189" lon="27.864995"></trkpt>
      <trkpt lat="49.393158" lon="27.865997"></trkpt>
      <trkpt lat="49.392894" lon="27.86745"></trkpt>
      <trkpt lat="49.390831" lon="27.874407"></trkpt>
      <trkpt lat="49.390674" lon="27.875322"></trkpt>
      <trkpt lat="49.390662" lon="27.876701"></trkpt>
      <trkpt lat="49.391488" lon="27.880805"></trkpt>
      <trkpt lat="49.391586" lon="27.882458"></trkpt>
      <trkpt lat="49.389773" lon="27.900106"></trkpt>
      <trkpt lat="49.382966" lon="27.929177"></trkpt>
      <trkpt lat="49.370987" lon="27.964744"></trkpt>
      <trkpt lat="49.367963" lon="27.978791"></trkpt>
      <trkpt lat="49.362991" lon="28.008707"></trkpt>
      <trkpt lat="49.357549" lon="28.031602"></trkpt>
      <trkpt lat="49.357068" lon="28.032754"></trkpt>
      <trkpt lat="49.345927" lon="28.05197"></trkpt>
      <trkpt lat="49.331065" lon="28.076716"></trkpt>
      <trkpt lat="49.329553" lon="28.08034"></trkpt>
      <trkpt lat="49.329375" lon="28.081027"></trkpt>
      <trkpt lat="49.32919" lon="28.083056"></trkpt>
      <trkpt lat="49.329011" lon="28.083595"></trkpt>
      <trkpt lat="49.326993" lon="28.086609"></trkpt>
      <trkpt lat="49.325473" lon="28.089679"></trkpt>
      <trkpt lat="49.32447" lon="28.091997"></trkpt>
      <trkpt lat="49.327865" lon="28.095186"></trkpt>
      <trkpt lat="49.328303" lon="28.095802"></trkpt>
      <trkpt lat="49.328555" lon="28.096569"></trkpt>
      <trkpt lat="49.328625" lon="28.097338"></trkpt>
      <trkpt lat="49.328093" lon="28.099968"></trkpt>
      <trkpt lat="49.326319" lon="28.107043"></trkpt>
      <trkpt lat="49.322319" lon="28.118604"></trkpt>
      <trkpt lat="49.321741" lon="28.12054"></trkpt>
      <trkpt lat="49.319185" lon="28.136101"></trkpt>
      <trkpt lat="49.31875" lon="28.137311"></trkpt>
      <trkpt lat="49.317307" lon="28.14023"></trkpt>
      <trkpt lat="49.313291" lon="28.154031"></trkpt>
      <trkpt lat="49.31268" lon="28.155449"></trkpt>
      <trkpt lat="49.304126" lon="28.168668"></trkpt>
      <trkpt lat="49.302579" lon="28.171547"></trkpt>
      <trkpt lat="49.301464" lon="28.174091"></trkpt>
      <trkpt lat="49.300779" lon="28.176033"></trkpt>
      <trkpt lat="49.30035" lon="28.177653"></trkpt>
      <trkpt lat="49.300175" lon="28.17901"></trkpt>
      <trkpt lat="49.300316" lon="28.182649"></trkpt>
      <trkpt lat="49.300272" lon="28.184381"></trkpt>
      <trkpt lat="49.299316" lon="28.195344"></trkpt>
      <trkpt lat="49.29451" lon="28.216915"></trkpt>
      <trkpt lat="49.280064" lon="28.250503"></trkpt>
      <trkpt lat="49.279643" lon="28.251909"></trkpt>
      <trkpt lat="49.279006" lon="28.254891"></trkpt>
      <trkpt lat="49.27908" lon="28.255958"></trkpt>
      <trkpt lat="49.279595" lon="28.257989"></trkpt>
      <trkpt lat="49.279613" lon="28.259211"></trkpt>
      <trkpt lat="49.27938" lon="28.260182"></trkpt>
      <trkpt lat="49.278691" lon="28.261855"></trkpt>
      <trkpt lat="49.273605" lon="28.273122"></trkpt>
      <trkpt lat="49.262853" lon="28.291807"></trkpt>
      <trkpt lat="49.258634" lon="28.299691"></trkpt>
      <trkpt lat="49.258137" lon="28.300882"></trkpt>
      <trkpt lat="49.258005" lon="28.302361"></trkpt>
      <trkpt lat="49.258427" lon="28.306515"></trkpt>
      <trkpt lat="49.251734" lon="28.361458"></trkpt>
      <trkpt lat="49.251033" lon="28.366307"></trkpt>
      <trkpt lat="49.250298" lon="28.368775"></trkpt>
      <trkpt lat="49.247855" lon="28.374601"></trkpt>
      <trkpt lat="49.245262" lon="28.379703"></trkpt>
      <trkpt lat="49.244474" lon="28.38156"></trkpt>
      <trkpt lat="49.24282" lon="28.38853"></trkpt>
      <trkpt lat="49.241768" lon="28.392392"></trkpt>
      <trkpt lat="49.239356" lon="28.399451"></trkpt>
      <trkpt lat="49.239328" lon="28.400174"></trkpt>
      <trkpt lat="49.239481" lon="28.400835"></trkpt>
      <trkpt lat="49.240228" lon="28.402458"></trkpt>
      <trkpt lat="49.240792" lon="28.403399"></trkpt>
      <trkpt lat="49.253709" lon="28.413415"></trkpt>
      <trkpt lat="49.254367" lon="28.414066"></trkpt>
      <trkpt lat="49.255188" lon="28.415183"></trkpt>
      <trkpt lat="49.257577" lon="28.419841"></trkpt>
      <trkpt lat="49.258816" lon="28.421523"></trkpt>
      <trkpt lat="49.259534" lon="28.422279"></trkpt>
      <trkpt lat="49.283595" lon="28.443591"></trkpt>
      <trkpt lat="49.284376" lon="28.444619"></trkpt>
      <trkpt lat="49.285153" lon="28.445981"></trkpt>
      <trkpt lat="49.285847" lon="28.447774"></trkpt>
      <trkpt lat="49.286233" lon="28.449215"></trkpt>
      <trkpt lat="49.286499" lon="28.45176"></trkpt>
      <trkpt lat="49.286349" lon="28.455715"></trkpt>
      <trkpt lat="49.28062" lon="28.532189"></trkpt>
      <trkpt lat="49.280437" lon="28.533562"></trkpt>
      <trkpt lat="49.279921" lon="28.535875"></trkpt>
      <trkpt lat="49.276652" lon="28.546032"></trkpt>
      <trkpt lat="49.275479" lon="28.549215"></trkpt>
      <trkpt lat="49.274077" lon="28.552064"></trkpt>
      <trkpt lat="49.273004" lon="28.553787"></trkpt>
      <trkpt lat="49.260748" lon="28.570447"></trkpt>
      <trkpt lat="49.260237" lon="28.57083"></trkpt>
      <trkpt lat="49.259558" lon="28.570915"></trkpt>
      <trkpt lat="49.259053" lon="28.570651"></trkpt>
      <trkpt lat="49.258458" lon="28.570035"></trkpt>
      <trkpt lat="49.258121" lon="28.57006"></trkpt>
      <trkpt lat="49.257973" lon="28.57019"></trkpt>
      <trkpt lat="49.255176" lon="28.577485"></trkpt>
      <trkpt lat="49.254459" lon="28.578879"></trkpt>
      <trkpt lat="49.246429" lon="28.589797"></trkpt>
      <trkpt lat="49.245508" lon="28.590817"></trkpt>
      <trkpt lat="49.244233" lon="28.591594"></trkpt>
      <trkpt lat="49.243269" lon="28.591882"></trkpt>
      <trkpt lat="49.241966" lon="28.591829"></trkpt>
      <trkpt lat="49.240996" lon="28.591429"></trkpt>
      <trkpt lat="49.239293" lon="28.590471"></trkpt>
      <trkpt lat="49.215138" lon="28.576533"></trkpt>
      <trkpt lat="49.214359" lon="28.5758"></trkpt>
      <trkpt lat="49.214327" lon="28.575285"></trkpt>
      <trkpt lat="49.214527" lon="28.574777"></trkpt>
      <trkpt lat="49.214762" lon="28.574591"></trkpt>
      <trkpt lat="49.215069" lon="28.574588"></trkpt>
      <trkpt lat="49.215861" lon="28.574989"></trkpt>
      <trkpt lat="49.216215" lon="28.575375"></trkpt>
      <trkpt lat="49.216376" lon="28.576005"></trkpt>
      <trkpt lat="49.21606" lon="28.57706"></trkpt>
      <trkpt lat="49.212914" lon="28.584523"></trkpt>
      <trkpt lat="49.196396" lon="28.622517"></trkpt>
      <trkpt lat="49.193801" lon="28.632131"></trkpt>
      <trkpt lat="49.1935" lon="28.632905"></trkpt>
      <trkpt lat="49.187094" lon="28.644119"></trkpt>
      <trkpt lat="49.186134" lon="28.645511"></trkpt>
      <trkpt lat="49.184795" lon="28.646744"></trkpt>
      <trkpt lat="49.162902" lon="28.662221"></trkpt>
      <trkpt lat="49.162068" lon="28.662907"></trkpt>
      <trkpt lat="49.161232" lon="28.663797"></trkpt>
      <trkpt lat="49.159958" lon="28.665521"></trkpt>
      <trkpt lat="49.159502" lon="28.666327"></trkpt>
      <trkpt lat="49.152425" lon="28.682389"></trkpt>
      <trkpt lat="49.151481" lon="28.683918"></trkpt>
      <trkpt lat="49.14987" lon="28.685605"></trkpt>
      <trkpt lat="49.147984" lon="28.686773"></trkpt>
      <trkpt lat="49.135942" lon="28.692888"></trkpt>
      <trkpt lat="49.134146" lon="28.694187"></trkpt>
      <trkpt lat="49.133173" lon="28.695066"></trkpt>
      <trkpt lat="49.129318" lon="28.698882"></trkpt>
      <trkpt lat="49.128077" lon="28.69966"></trkpt>
      <trkpt lat="49.127099" lon="28.70004"></trkpt>
      <trkpt lat="49.126364" lon="28.700228"></trkpt>
      <trkpt lat="49.125395" lon="28.700304"></trkpt>
      <trkpt lat="49.113819" lon="28.700545"></trkpt>
      <trkpt lat="49.109892" lon="28.700673"></trkpt>
      <trkpt lat="49.109404" lon="28.700774"></trkpt>
      <trkpt lat="49.108315" lon="28.701211"></trkpt>
      <trkpt lat="49.107215" lon="28.7019"></trkpt>
      <trkpt lat="49.103155" lon="28.705475"></trkpt>
      <trkpt lat="49.101731" lon="28.706477"></trkpt>
      <trkpt lat="49.100465" lon="28.706973"></trkpt>
      <trkpt lat="49.099246" lon="28.707103"></trkpt>
      <trkpt lat="49.083034" lon="28.705899"></trkpt>
      <trkpt lat="49.080215" lon="28.705332"></trkpt>
      <trkpt lat="49.077352" lon="28.704027"></trkpt>
      <trkpt lat="49.076029" lon="28.703636"></trkpt>
      <trkpt lat="49.070468" lon="28.702512"></trkpt>
      <trkpt lat="49.069264" lon="28.702478"></trkpt>
      <trkpt lat="49.067958" lon="28.702969"></trkpt>
      <trkpt lat="49.067052" lon="28.703528"></trkpt>
      <trkpt lat="49.052067" lon="28.713117"></trkpt>
      <trkpt lat="49.033861" lon="28.720023"></trkpt>
      <trkpt lat="49.03251" lon="28.720819"></trkpt>
      <trkpt lat="49.031679" lon="28.721688"></trkpt>
      <trkpt lat="49.031046" lon="28.722662"></trkpt>
      <trkpt lat="49.030222" lon="28.724936"></trkpt>
      <trkpt lat="49.025347" lon="28.75073"></trkpt>
      <trkpt lat="49.024757" lon="28.753167"></trkpt>
      <trkpt lat="49.024141" lon="28.754734"></trkpt>
      <trkpt lat="49.023546" lon="28.755802"></trkpt>
      <trkpt lat="49.02256" lon="28.757059"></trkpt>
      <trkpt lat="49.020899" lon="28.758381"></trkpt>
      <trkpt lat="49.012093" lon="28.762506"></trkpt>
      <trkpt lat="49.011037" lon="28.763274"></trkpt>
      <trkpt lat="49.00584" lon="28.769518"></trkpt>
      <trkpt lat="48.998982" lon="28.778579"></trkpt>
      <trkpt lat="48.996065" lon="28.782607"></trkpt>
      <trkpt lat="48.995213" lon="28.784039"></trkpt>
      <trkpt lat="48.994663" lon="28.785472"></trkpt>
      <trkpt lat="48.990845" lon="28.799152"></trkpt>
      <trkpt lat="48.990305" lon="28.801364"></trkpt>
      <trkpt lat="48.989447" lon="28.805966"></trkpt>
      <trkpt lat="48.989177" lon="28.806693"></trkpt>
      <trkpt lat="48.988582" lon="28.80768"></trkpt>
      <trkpt lat="48.978638" lon="28.819627"></trkpt>
      <trkpt lat="48.977041" lon="28.821069"></trkpt>
      <trkpt lat="48.976327" lon="28.821265"></trkpt>
      <trkpt lat="48.975779" lon="28.821235"></trkpt>
      <trkpt lat="48.974518" lon="28.820606"></trkpt>
      <trkpt lat="48.971545" lon="28.816069"></trkpt>
      <trkpt lat="48.970759" lon="28.815232"></trkpt>
      <trkpt lat="48.970017" lon="28.814708"></trkpt>
      <trkpt lat="48.965511" lon="28.813377"></trkpt>
      <trkpt lat="48.963976" lon="28.81312"></trkpt>
      <trkpt lat="48.962757" lon="28.813195"></trkpt>
      <trkpt lat="48.961904" lon="28.813621"></trkpt>
      <trkpt lat="48.960881" lon="28.814419"></trkpt>
      <trkpt lat="48.955453" lon="28.819239"></trkpt>
      <trkpt lat="48.954668" lon="28.820749"></trkpt>
      <trkpt lat="48.954353" lon="28.821666"></trkpt>
      <trkpt lat="48.954187" lon="28.822944"></trkpt>
      <trkpt lat="48.954195" lon="28.823869"></trkpt>
      <trkpt lat="48.956639" lon="28.839058"></trkpt>
      <trkpt lat="48.956602" lon="28.839791"></trkpt>
      <trkpt lat="48.956243" lon="28.840524"></trkpt>
      <trkpt lat="48.953291" lon="28.841631"></trkpt>
      <trkpt lat="48.952378" lon="28.842373"></trkpt>
      <trkpt lat="48.951088" lon="28.844073"></trkpt>
      <trkpt lat="48.950311" lon="28.845855"></trkpt>
      <trkpt lat="48.949945" lon="28.847449"></trkpt>
      <trkpt lat="48.948733" lon="28.85585"></trkpt>
      <trkpt lat="48.94156" lon="28.88584"></trkpt>
      <trkpt lat="48.940978" lon="28.887244"></trkpt>
      <trkpt lat="48.940263" lon="28.888493"></trkpt>
      <trkpt lat="48.935203" lon="28.89598"></trkpt>
      <trkpt lat="48.934115" lon="28.897239"></trkpt>
      <trkpt lat="48.93103" lon="28.900254"></trkpt>
      <trkpt lat="48.930516" lon="28.900976"></trkpt>
      <trkpt lat="48.929974" lon="28.902505"></trkpt>
      <trkpt lat="48.929508" lon="28.904945"></trkpt>
      <trkpt lat="48.928799" lon="28.906712"></trkpt>
      <trkpt lat="48.919074" lon="28.923471"></trkpt>
      <trkpt lat="48.918642" lon="28.924441"></trkpt>
      <trkpt lat="48.918131" lon="28.926398"></trkpt>
      <trkpt lat="48.917972" lon="28.928651"></trkpt>
      <trkpt lat="48.918244" lon="28.933884"></trkpt>
      <trkpt lat="48.918753" lon="28.949237"></trkpt>
      <trkpt lat="48.919216" lon="28.9524"></trkpt>
      <trkpt lat="48.919725" lon="28.95424"></trkpt>
      <trkpt lat="48.920305" lon="28.955684"></trkpt>
      <trkpt lat="48.928274" lon="28.969721"></trkpt>
      <trkpt lat="48.928563" lon="28.971108"></trkpt>
      <trkpt lat="48.928626" lon="28.972606"></trkpt>
      <trkpt lat="48.928564" lon="28.973592"></trkpt>
      <trkpt lat="48.928229" lon="28.975152"></trkpt>
      <trkpt lat="48.918357" lon="29.001312"></trkpt>
      <trkpt lat="48.913923" lon="29.010154"></trkpt>
      <trkpt lat="48.909594" lon="29.019861"></trkpt>
      <trkpt lat="48.904386" lon="29.0302"></trkpt>
      <trkpt lat="48.898985" lon="29.041267"></trkpt>
      <trkpt lat="48.88673" lon="29.06817"></trkpt>
      <trkpt lat="48.885991" lon="29.06945"></trkpt>
      <trkpt lat="48.884932" lon="29.070806"></trkpt>
      <trkpt lat="48.874846" lon="29.081334"></trkpt>
      <trkpt lat="48.874208" lon="29.082267"></trkpt>
      <trkpt lat="48.873493" lon="29.085158"></trkpt>
      <trkpt lat="48.872194" lon="29.089493"></trkpt>
      <trkpt lat="48.871964" lon="29.091579"></trkpt>
      <trkpt lat="48.872018" lon="29.10467"></trkpt>
      <trkpt lat="48.872364" lon="29.106543"></trkpt>
      <trkpt lat="48.874105" lon="29.113065"></trkpt>
      <trkpt lat="48.874131" lon="29.114195"></trkpt>
      <trkpt lat="48.87385" lon="29.115732"></trkpt>
      <trkpt lat="48.873129" lon="29.116957"></trkpt>
      <trkpt lat="48.872697" lon="29.117382"></trkpt>
      <trkpt lat="48.87217" lon="29.117689"></trkpt>
      <trkpt lat="48.867591" lon="29.118786"></trkpt>
      <trkpt lat="48.86713" lon="29.118925"></trkpt>
      <trkpt lat="48.866418" lon="29.119368"></trkpt>
      <trkpt lat="48.865858" lon="29.119997"></trkpt>
      <trkpt lat="48.858024" lon="29.13196"></trkpt>
      <trkpt lat="48.856443" lon="29.133869"></trkpt>
      <trkpt lat="48.855963" lon="29.134636"></trkpt>
      <trkpt lat="48.855684" lon="29.135672"></trkpt>
      <trkpt lat="48.855421" lon="29.138799"></trkpt>
      <trkpt lat="48.855043" lon="29.140809"></trkpt>
      <trkpt lat="48.851844" lon="29.149655"></trkpt>
      <trkpt lat="48.844734" lon="29.177047"></trkpt>
      <trkpt lat="48.842689" lon="29.185667"></trkpt>
      <trkpt lat="48.841092" lon="29.190703"></trkpt>
      <trkpt lat="48.840796" lon="29.192657"></trkpt>
      <trkpt lat="48.840751" lon="29.195045"></trkpt>
      <trkpt lat="48.840529" lon="29.196512"></trkpt>
      <trkpt lat="48.837425" lon="29.203596"></trkpt>
      <trkpt lat="48.836228" lon="29.206622"></trkpt>
      <trkpt lat="48.830844" lon="29.226975"></trkpt>
      <trkpt lat="48.830424" lon="29.228216"></trkpt>
      <trkpt lat="48.829385" lon="29.230161"></trkpt>
      <trkpt lat="48.82784" lon="29.232673"></trkpt>
      <trkpt lat="48.823009" lon="29.240172"></trkpt>
      <trkpt lat="48.822421" lon="29.241368"></trkpt>
      <trkpt lat="48.821854" lon="29.24323"></trkpt>
      <trkpt lat="48.821655" lon="29.244486"></trkpt>
      <trkpt lat="48.821296" lon="29.248938"></trkpt>
      <trkpt lat="48.821499" lon="29.263562"></trkpt>
      <trkpt lat="48.821705" lon="29.265037"></trkpt>
      <trkpt lat="48.822623" lon="29.267665"></trkpt>
      <trkpt lat="48.822774" lon="29.268632"></trkpt>
      <trkpt lat="48.822715" lon="29.269365"></trkpt>
      <trkpt lat="48.821726" lon="29.273921"></trkpt>
      <trkpt lat="48.82114" lon="29.281432"></trkpt>
      <trkpt lat="48.820924" lon="29.288898"></trkpt>
      <trkpt lat="48.820976" lon="29.289953"></trkpt>
      <trkpt lat="48.821151" lon="29.290835"></trkpt>
      <trkpt lat="48.822549" lon="29.295364"></trkpt>
      <trkpt lat="48.826067" lon="29.301483"></trkpt>
      <trkpt lat="48.830454" lon="29.31341"></trkpt>
      <trkpt lat="48.833836" lon="29.320346"></trkpt>
      <trkpt lat="48.835396" lon="29.323123"></trkpt>
      <trkpt lat="48.835673" lon="29.324058"></trkpt>
      <trkpt lat="48.835724" lon="29.325122"></trkpt>
      <trkpt lat="48.835503" lon="29.326423"></trkpt>
      <trkpt lat="48.834416" lon="29.329719"></trkpt>
      <trkpt lat="48.832474" lon="29.332579"></trkpt>
      <trkpt lat="48.832021" lon="29.333533"></trkpt>
      <trkpt lat="48.830566" lon="29.338359"></trkpt>
      <trkpt lat="48.829662" lon="29.341941"></trkpt>
      <trkpt lat="48.828994" lon="29.343171"></trkpt>
      <trkpt lat="48.826165" lon="29.347672"></trkpt>
      <trkpt lat="48.824194" lon="29.352756"></trkpt>
      <trkpt lat="48.819557" lon="29.357174"></trkpt>
      <trkpt lat="48.817166" lon="29.360305"></trkpt>
      <trkpt lat="48.815099" lon="29.36445"></trkpt>
      <trkpt lat="48.81117" lon="29.3692"></trkpt>
      <trkpt lat="48.810891" lon="29.369936"></trkpt>
      <trkpt lat="48.810656" lon="29.371286"></trkpt>
      <trkpt lat="48.810745" lon="29.372808"></trkpt>
      <trkpt lat="48.811701" lon="29.377224"></trkpt>
      <trkpt lat="48.811488" lon="29.380781"></trkpt>
      <trkpt lat="48.8115" lon="29.382543"></trkpt>
      <trkpt lat="48.810967" lon="29.385393"></trkpt>
      <trkpt lat="48.810904" lon="29.388973"></trkpt>
      <trkpt lat="48.809298" lon="29.407441"></trkpt>
      <trkpt lat="48.807954" lon="29.429096"></trkpt>
      <trkpt lat="48.806273" lon="29.446366"></trkpt>
      <trkpt lat="48.805803" lon="29.452827"></trkpt>
      <trkpt lat="48.811479" lon="29.608241"></trkpt>
      <trkpt lat="48.81115" lon="29.611388"></trkpt>
      <trkpt lat="48.800078" lon="29.679567"></trkpt>
      <trkpt lat="48.796237" lon="29.706296"></trkpt>
      <trkpt lat="48.795565" lon="29.715544"></trkpt>
      <trkpt lat="48.795557" lon="29.718165"></trkpt>
      <trkpt lat="48.796045" lon="29.722062"></trkpt>
      <trkpt lat="48.796057" lon="29.723018"></trkpt>
      <trkpt lat="48.795309" lon="29.728424"></trkpt>
      <trkpt lat="48.795086" lon="29.731001"></trkpt>
      <trkpt lat="48.791804" lon="29.827414"></trkpt>
      <trkpt lat="48.791883" lon="29.83034"></trkpt>
      <trkpt lat="48.793277" lon="29.844005"></trkpt>
      <trkpt lat="48.7933" lon="29.846775"></trkpt>
      <trkpt lat="48.792743" lon="29.858839"></trkpt>
      <trkpt lat="48.790409" lon="29.935383"></trkpt>
      <trkpt lat="48.790184" lon="29.93689"></trkpt>
      <trkpt lat="48.789909" lon="29.937835"></trkpt>
      <trkpt lat="48.771446" lon="29.99258"></trkpt>
      <trkpt lat="48.76539" lon="30.017239"></trkpt>
      <trkpt lat="48.753858" lon="30.059253"></trkpt>
      <trkpt lat="48.733755" lon="30.131552"></trkpt>
      <trkpt lat="48.733523" lon="30.133142"></trkpt>
      <trkpt lat="48.734542" lon="30.177686"></trkpt>
      <trkpt lat="48.734749" lon="30.177919"></trkpt>
      <trkpt lat="48.735675" lon="30.177997"></trkpt>
      <trkpt lat="48.737479" lon="30.180095"></trkpt>
      <trkpt lat="48.738756" lon="30.182249"></trkpt>
      <trkpt lat="48.739938" lon="30.183737"></trkpt>
      <trkpt lat="48.740499" lon="30.184643"></trkpt>
      <trkpt lat="48.745577" lon="30.190837"></trkpt>
      <trkpt lat="48.746134" lon="30.190978"></trkpt>
      <trkpt lat="48.747998" lon="30.191022"></trkpt>
      <trkpt lat="48.752382" lon="30.190643"></trkpt>
      <trkpt lat="48.754905" lon="30.192179"></trkpt>
      <trkpt lat="48.756624" lon="30.193807"></trkpt>
      <trkpt lat="48.759559" lon="30.194874"></trkpt>
      <trkpt lat="48.759222" lon="30.200349"></trkpt>
      <trkpt lat="48.757707" lon="30.207035"></trkpt>
      <trkpt lat="48.758968" lon="30.213927"></trkpt>
      <trkpt lat="48.76026" lon="30.220006"></trkpt>
      <trkpt lat="48.760458" lon="30.22041"></trkpt>
      <trkpt lat="48.761395" lon="30.220194"></trkpt>
      <trkpt lat="48.76576" lon="30.221864"></trkpt>
      <trkpt lat="48.768163" lon="30.223019"></trkpt>
      <trkpt lat="48.768594" lon="30.223639"></trkpt>
      <trkpt lat="48.769602" lon="30.234718"></trkpt>
      <trkpt lat="48.767615" lon="30.234579"></trkpt>
      <trkpt lat="48.767604" lon="30.233795"></trkpt>
      <trkpt lat="48.7665" lon="30.233728"></trkpt>
      <trkpt lat="48.766718" lon="30.23125"></trkpt>
      <trkpt lat="48.766318" lon="30.231179"></trkpt>
      <trkpt lat="48.766071" lon="30.23132"></trkpt>
      <trkpt lat="48.765502" lon="30.232335"></trkpt>
      <trkpt lat="48.76539" lon="30.232457"></trkpt>
      <trkpt lat="48.765095" lon="30.232455"></trkpt>
      <trkpt lat="48.76539" lon="30.232457"></trkpt>
      <trkpt lat="48.765502" lon="30.232335"></trkpt>
      <trkpt lat="48.766071" lon="30.23132"></trkpt>
      <trkpt lat="48.766318" lon="30.231179"></trkpt>
      <trkpt lat="48.766718" lon="30.23125"></trkpt>
      <trkpt lat="48.7665" lon="30.233728"></trkpt>
      <trkpt lat="48.767604" lon="30.233795"></trkpt>
      <trkpt lat="48.767615" lon="30.234579"></trkpt>
      <trkpt lat="48.769602" lon="30.234718"></trkpt>
      <trkpt lat="48.769823" lon="30.237021"></trkpt>
      <trkpt lat="48.77243" lon="30.247683"></trkpt>
      <trkpt lat="48.773929" lon="30.251922"></trkpt>
      <trkpt lat="48.774926" lon="30.254255"></trkpt>
      <trkpt lat="48.774974" lon="30.254725"></trkpt>
      <trkpt lat="48.774773" lon="30.255394"></trkpt>
      <trkpt lat="48.775628" lon="30.25727"></trkpt>
      <trkpt lat="48.775675" lon="30.257748"></trkpt>
      <trkpt lat="48.775453" lon="30.258024"></trkpt>
      <trkpt lat="48.774917" lon="30.258159"></trkpt>
      <trkpt lat="48.760656" lon="30.259634"></trkpt>
      <trkpt lat="48.759165" lon="30.259664"></trkpt>
      <trkpt lat="48.755718" lon="30.259328"></trkpt>
      <trkpt lat="48.744521" lon="30.257674"></trkpt>
      <trkpt lat="48.742842" lon="30.257605"></trkpt>
      <trkpt lat="48.738202" lon="30.257747"></trkpt>
      <trkpt lat="48.734709" lon="30.257382"></trkpt>
      <trkpt lat="48.733542" lon="30.257099"></trkpt>
      <trkpt lat="48.688235" lon="30.242579"></trkpt>
      <trkpt lat="48.683907" lon="30.241326"></trkpt>
      <trkpt lat="48.679937" lon="30.240667"></trkpt>
      <trkpt lat="48.635861" lon="30.237288"></trkpt>
      <trkpt lat="48.549591" lon="30.229807"></trkpt>
      <trkpt lat="48.541161" lon="30.228867"></trkpt>
      <trkpt lat="48.532686" lon="30.22812"></trkpt>
      <trkpt lat="48.519401" lon="30.226977"></trkpt>
      <trkpt lat="48.515957" lon="30.22689"></trkpt>
      <trkpt lat="48.434574" lon="30.236964"></trkpt>
      <trkpt lat="48.429901" lon="30.237671"></trkpt>
      <trkpt lat="48.401541" lon="30.242721"></trkpt>
      <trkpt lat="48.387783" lon="30.24535"></trkpt>
      <trkpt lat="48.333009" lon="30.255099"></trkpt>
      <trkpt lat="48.307119" lon="30.262168"></trkpt>
      <trkpt lat="48.303325" lon="30.263093"></trkpt>
      <trkpt lat="48.163802" lon="30.301453"></trkpt>
      <trkpt lat="48.160124" lon="30.302452"></trkpt>
      <trkpt lat="48.155875" lon="30.303238"></trkpt>
      <trkpt lat="48.151325" lon="30.303451"></trkpt>
      <trkpt lat="48.147426" lon="30.303168"></trkpt>
      <trkpt lat="48.113751" lon="30.299687"></trkpt>
      <trkpt lat="48.110949" lon="30.299575"></trkpt>
      <trkpt lat="48.062205" lon="30.294522"></trkpt>
      <trkpt lat="48.057077" lon="30.294155"></trkpt>
      <trkpt lat="48.054623" lon="30.294285"></trkpt>
      <trkpt lat="48.051795" lon="30.294685"></trkpt>
      <trkpt lat="47.9852" lon="30.309713"></trkpt>
      <trkpt lat="47.981898" lon="30.310144"></trkpt>
      <trkpt lat="47.980077" lon="30.310203"></trkpt>
      <trkpt lat="47.969235" lon="30.30982"></trkpt>
      <trkpt lat="47.969184" lon="30.309983"></trkpt>
      <trkpt lat="47.969283" lon="30.310129"></trkpt>
      <trkpt lat="47.970067" lon="30.310008"></trkpt>
      <trkpt lat="47.971195" lon="30.310077"></trkpt>
      <trkpt lat="47.971406" lon="30.310323"></trkpt>
      <trkpt lat="47.971391" lon="30.310649"></trkpt>
      <trkpt lat="47.959137" lon="30.339861"></trkpt>
      <trkpt lat="47.956307" lon="30.34255"></trkpt>
      <trkpt lat="47.954457" lon="30.343817"></trkpt>
      <trkpt lat="47.954307" lon="30.34204"></trkpt>
      <trkpt lat="47.953192" lon="30.34233"></trkpt>
      <trkpt lat="47.95237" lon="30.34232"></trkpt>
      <trkpt lat="47.950685" lon="30.34366"></trkpt>
      <trkpt lat="47.951224" lon="30.344099"></trkpt>
      <trkpt lat="47.951535" lon="30.346469"></trkpt>
      <trkpt lat="47.950888" lon="30.346245"></trkpt>
      <trkpt lat="47.950397" lon="30.346315"></trkpt>
      <trkpt lat="47.948621" lon="30.347018"></trkpt>
      <trkpt lat="47.947366" lon="30.34792"></trkpt>
      <trkpt lat="47.946994" lon="30.349894"></trkpt>
      <trkpt lat="47.94606" lon="30.351326"></trkpt>
      <trkpt lat="47.944336" lon="30.354989"></trkpt>
      <trkpt lat="47.942634" lon="30.358134"></trkpt>
      <trkpt lat="47.942147" lon="30.359481"></trkpt>
      <trkpt lat="47.936582" lon="30.389143"></trkpt>
      <trkpt lat="47.912021" lon="30.507102"></trkpt>
      <trkpt lat="47.911956" lon="30.508454"></trkpt>
      <trkpt lat="47.914726" lon="30.548025"></trkpt>
      <trkpt lat="47.904575" lon="30.55265"></trkpt>
      <trkpt lat="47.89905" lon="30.556198"></trkpt>
      <trkpt lat="47.898169" lon="30.557946"></trkpt>
      <trkpt lat="47.897566" lon="30.558863"></trkpt>
      <trkpt lat="47.894083" lon="30.561821"></trkpt>
      <trkpt lat="47.893251" lon="30.562699"></trkpt>
      <trkpt lat="47.893005" lon="30.563611"></trkpt>
      <trkpt lat="47.89302" lon="30.564818"></trkpt>
      <trkpt lat="47.893241" lon="30.56618"></trkpt>
      <trkpt lat="47.89312" lon="30.566617"></trkpt>
      <trkpt lat="47.890991" lon="30.567905"></trkpt>
      <trkpt lat="47.889874" lon="30.569935"></trkpt>
      <trkpt lat="47.889621" lon="30.570247"></trkpt>
      <trkpt lat="47.887902" lon="30.571561"></trkpt>
      <trkpt lat="47.887292" lon="30.57257"></trkpt>
      <trkpt lat="47.886786" lon="30.573771"></trkpt>
      <trkpt lat="47.884363" lon="30.576603"></trkpt>
      <trkpt lat="47.882909" lon="30.578132"></trkpt>
      <trkpt lat="47.882111" lon="30.578486"></trkpt>
      <trkpt lat="47.881103" lon="30.578572"></trkpt>
      <trkpt lat="47.875458" lon="30.577262"></trkpt>
      <trkpt lat="47.877661" lon="30.582634"></trkpt>
      <trkpt lat="47.877979" lon="30.583607"></trkpt>
      <trkpt lat="47.878375" lon="30.586013"></trkpt>
      <trkpt lat="47.881819" lon="30.592902"></trkpt>
      <trkpt lat="47.881927" lon="30.593282"></trkpt>
      <trkpt lat="47.881881" lon="30.593584"></trkpt>
      <trkpt lat="47.881641" lon="30.593931"></trkpt>
      <trkpt lat="47.879313" lon="30.596171"></trkpt>
      <trkpt lat="47.878661" lon="30.597073"></trkpt>
      <trkpt lat="47.876924" lon="30.598838"></trkpt>
      <trkpt lat="47.877764" lon="30.600416"></trkpt>
      <trkpt lat="47.877422" lon="30.600756"></trkpt>
      <trkpt lat="47.875427" lon="30.601563"></trkpt>
      <trkpt lat="47.875301" lon="30.601521"></trkpt>
      <trkpt lat="47.874511" lon="30.601903"></trkpt>
      <trkpt lat="47.874263" lon="30.602156"></trkpt>
      <trkpt lat="47.874638" lon="30.602959"></trkpt>
      <trkpt lat="47.874819" lon="30.603748"></trkpt>
      <trkpt lat="47.872087" lon="30.605992"></trkpt>
      <trkpt lat="47.870179" lon="30.607929"></trkpt>
      <trkpt lat="47.868744" lon="30.609908"></trkpt>
      <trkpt lat="47.86658" lon="30.613241"></trkpt>
      <trkpt lat="47.866326" lon="30.61404"></trkpt>
      <trkpt lat="47.866187" lon="30.614197"></trkpt>
      <trkpt lat="47.865303" lon="30.614429"></trkpt>
      <trkpt lat="47.863604" lon="30.615191"></trkpt>
      <trkpt lat="47.862033" lon="30.616611"></trkpt>
      <trkpt lat="47.861902" lon="30.616897"></trkpt>
      <trkpt lat="47.861663" lon="30.619157"></trkpt>
      <trkpt lat="47.861319" lon="30.621007"></trkpt>
      <trkpt lat="47.853236" lon="30.644088"></trkpt>
      <trkpt lat="47.852515" lon="30.645713"></trkpt>
      <trkpt lat="47.851996" lon="30.646573"></trkpt>
      <trkpt lat="47.894856" lon="30.784538"></trkpt>
      <trkpt lat="47.898968" lon="30.798202"></trkpt>
      <trkpt lat="47.91435" lon="30.840479"></trkpt>
      <trkpt lat="47.916713" lon="30.847894"></trkpt>
      <trkpt lat="47.918597" lon="30.854902"></trkpt>
      <trkpt lat="47.925004" lon="30.881303"></trkpt>
      <trkpt lat="47.932576" lon="30.911738"></trkpt>
      <trkpt lat="47.946897" lon="30.970733"></trkpt>
      <trkpt lat="47.9486" lon="30.976872"></trkpt>
      <trkpt lat="47.953699" lon="30.990475"></trkpt>
      <trkpt lat="47.970115" lon="31.032904"></trkpt>
      <trkpt lat="47.970613" lon="31.034581"></trkpt>
      <trkpt lat="47.971717" lon="31.037072"></trkpt>
      <trkpt lat="47.976267" lon="31.048912"></trkpt>
      <trkpt lat="47.977785" lon="31.052434"></trkpt>
      <trkpt lat="47.979171" lon="31.054984"></trkpt>
      <trkpt lat="47.980565" lon="31.057088"></trkpt>
      <trkpt lat="47.982258" lon="31.059168"></trkpt>
      <trkpt lat="47.984753" lon="31.061749"></trkpt>
      <trkpt lat="48.022763" lon="31.091182"></trkpt>
      <trkpt lat="48.025715" lon="31.093858"></trkpt>
      <trkpt lat="48.027381" lon="31.095585"></trkpt>
      <trkpt lat="48.038232" lon="31.108347"></trkpt>
      <trkpt lat="48.083927" lon="31.162916"></trkpt>
      <trkpt lat="48.087384" lon="31.167205"></trkpt>
      <trkpt lat="48.088795" lon="31.16917"></trkpt>
      <trkpt lat="48.089719" lon="31.170638"></trkpt>
      <trkpt lat="48.09156" lon="31.174178"></trkpt>
      <trkpt lat="48.093337" lon="31.178498"></trkpt>
      <trkpt lat="48.094626" lon="31.182725"></trkpt>
      <trkpt lat="48.102351" lon="31.214999"></trkpt>
      <trkpt lat="48.103718" lon="31.220055"></trkpt>
      <trkpt lat="48.10462" lon="31.222666"></trkpt>
      <trkpt lat="48.108178" lon="31.231829"></trkpt>
      <trkpt lat="48.109563" lon="31.234762"></trkpt>
      <trkpt lat="48.110154" lon="31.235825"></trkpt>
      <trkpt lat="48.111452" lon="31.237726"></trkpt>
      <trkpt lat="48.115151" lon="31.242216"></trkpt>
      <trkpt lat="48.116991" lon="31.244928"></trkpt>
      <trkpt lat="48.118756" lon="31.248274"></trkpt>
      <trkpt lat="48.120467" lon="31.252622"></trkpt>
      <trkpt lat="48.121746" lon="31.257319"></trkpt>
      <trkpt lat="48.131907" lon="31.300049"></trkpt>
      <trkpt lat="48.135622" lon="31.315248"></trkpt>
      <trkpt lat="48.144302" lon="31.348271"></trkpt>
      <trkpt lat="48.14598" lon="31.353399"></trkpt>
      <trkpt lat="48.147325" lon="31.356497"></trkpt>
      <trkpt lat="48.150033" lon="31.362032"></trkpt>
      <trkpt lat="48.197537" lon="31.456318"></trkpt>
      <trkpt lat="48.199023" lon="31.459649"></trkpt>
      <trkpt lat="48.200089" lon="31.462676"></trkpt>
      <trkpt lat="48.200633" lon="31.464428"></trkpt>
      <trkpt lat="48.201512" lon="31.46805"></trkpt>
      <trkpt lat="48.202221" lon="31.472376"></trkpt>
      <trkpt lat="48.206872" lon="31.51806"></trkpt>
      <trkpt lat="48.207123" lon="31.52003"></trkpt>
      <trkpt lat="48.208072" lon="31.524644"></trkpt>
      <trkpt lat="48.209449" lon="31.52932"></trkpt>
      <trkpt lat="48.211349" lon="31.533906"></trkpt>
      <trkpt lat="48.219725" lon="31.549907"></trkpt>
      <trkpt lat="48.220834" lon="31.552662"></trkpt>
      <trkpt lat="48.222094" lon="31.556421"></trkpt>
      <trkpt lat="48.235296" lon="31.61344"></trkpt>
      <trkpt lat="48.236727" lon="31.618001"></trkpt>
      <trkpt lat="48.237562" lon="31.620219"></trkpt>
      <trkpt lat="48.239552" lon="31.624382"></trkpt>
      <trkpt lat="48.240681" lon="31.626244"></trkpt>
      <trkpt lat="48.243139" lon="31.629735"></trkpt>
      <trkpt lat="48.244567" lon="31.631455"></trkpt>
      <trkpt lat="48.26939" lon="31.65927"></trkpt>
      <trkpt lat="48.317208" lon="31.713561"></trkpt>
      <trkpt lat="48.319921" lon="31.717455"></trkpt>
      <trkpt lat="48.321462" lon="31.720214"></trkpt>
      <trkpt lat="48.323306" lon="31.724367"></trkpt>
      <trkpt lat="48.36383" lon="31.834687"></trkpt>
      <trkpt lat="48.366648" lon="31.842767"></trkpt>
      <trkpt lat="48.36851" lon="31.847146"></trkpt>
      <trkpt lat="48.370394" lon="31.850817"></trkpt>
      <trkpt lat="48.416802" lon="31.935106"></trkpt>
      <trkpt lat="48.418178" lon="31.938267"></trkpt>
      <trkpt lat="48.419443" lon="31.941862"></trkpt>
      <trkpt lat="48.4357" lon="31.989887"></trkpt>
      <trkpt lat="48.438356" lon="31.997512"></trkpt>
      <trkpt lat="48.439069" lon="31.999212"></trkpt>
      <trkpt lat="48.440882" lon="32.002852"></trkpt>
      <trkpt lat="48.470086" lon="32.057168"></trkpt>
      <trkpt lat="48.470825" lon="32.058621"></trkpt>
      <trkpt lat="48.47236" lon="32.062223"></trkpt>
      <trkpt lat="48.473802" lon="32.066739"></trkpt>
      <trkpt lat="48.488125" lon="32.125324"></trkpt>
      <trkpt lat="48.490221" lon="32.133324"></trkpt>
      <trkpt lat="48.492071" lon="32.138214"></trkpt>
      <trkpt lat="48.49426" lon="32.142528"></trkpt>
      <trkpt lat="48.495086" lon="32.14389"></trkpt>
      <trkpt lat="48.500753" lon="32.152033"></trkpt>
      <trkpt lat="48.500926" lon="32.152679"></trkpt>
      <trkpt lat="48.500871" lon="32.152858"></trkpt>
      <trkpt lat="48.473469" lon="32.168156"></trkpt>
      <trkpt lat="48.468816" lon="32.17183"></trkpt>
      <trkpt lat="48.463757" lon="32.176945"></trkpt>
      <trkpt lat="48.462479" lon="32.178463"></trkpt>
      <trkpt lat="48.461555" lon="32.179952"></trkpt>
      <trkpt lat="48.46089" lon="32.181395"></trkpt>
      <trkpt lat="48.460201" lon="32.183614"></trkpt>
      <trkpt lat="48.459767" lon="32.185695"></trkpt>
      <trkpt lat="48.459198" lon="32.189075"></trkpt>
      <trkpt lat="48.459003" lon="32.190986"></trkpt>
      <trkpt lat="48.456429" lon="32.258292"></trkpt>
      <trkpt lat="48.456166" lon="32.264067"></trkpt>
      <trkpt lat="48.455706" lon="32.265721"></trkpt>
      <trkpt lat="48.456049" lon="32.267022"></trkpt>
      <trkpt lat="48.456061" lon="32.269289"></trkpt>
      <trkpt lat="48.456325" lon="32.270566"></trkpt>
      <trkpt lat="48.464602" lon="32.297392"></trkpt>
      <trkpt lat="48.469468" lon="32.322942"></trkpt>
      <trkpt lat="48.469846" lon="32.324561"></trkpt>
      <trkpt lat="48.470329" lon="32.325726"></trkpt>
      <trkpt lat="48.470925" lon="32.326661"></trkpt>
      <trkpt lat="48.471658" lon="32.327448"></trkpt>
      <trkpt lat="48.476892" lon="32.331724"></trkpt>
      <trkpt lat="48.480837" lon="32.334808"></trkpt>
      <trkpt lat="48.482943" lon="32.33594"></trkpt>
      <trkpt lat="48.484717" lon="32.336473"></trkpt>
      <trkpt lat="48.486552" lon="32.336636"></trkpt>
      <trkpt lat="48.496209" lon="32.335732"></trkpt>
      <trkpt lat="48.496614" lon="32.336031"></trkpt>
      <trkpt lat="48.496762" lon="32.336687"></trkpt>
      <trkpt lat="48.495004" lon="32.351204"></trkpt>
      <trkpt lat="48.494131" lon="32.356742"></trkpt>
      <trkpt lat="48.493279" lon="32.36341"></trkpt>
      <trkpt lat="48.491266" lon="32.376532"></trkpt>
      <trkpt lat="48.490026" lon="32.382808"></trkpt>
      <trkpt lat="48.487917" lon="32.391034"></trkpt>
      <trkpt lat="48.487079" lon="32.395788"></trkpt>
      <trkpt lat="48.485632" lon="32.401034"></trkpt>
      <trkpt lat="48.484807" lon="32.403242"></trkpt>
      <trkpt lat="48.483786" lon="32.405475"></trkpt>
      <trkpt lat="48.479939" lon="32.412495"></trkpt>
      <trkpt lat="48.476198" lon="32.417997"></trkpt>
      <trkpt lat="48.468463" lon="32.427062"></trkpt>
      <trkpt lat="48.464744" lon="32.431125"></trkpt>
      <trkpt lat="48.459939" lon="32.435205"></trkpt>
      <trkpt lat="48.446449" lon="32.442965"></trkpt>
      <trkpt lat="48.445491" lon="32.443632"></trkpt>
      <trkpt lat="48.444868" lon="32.444213"></trkpt>
      <trkpt lat="48.443727" lon="32.445749"></trkpt>
      <trkpt lat="48.436395" lon="32.459621"></trkpt>
      <trkpt lat="48.435505" lon="32.460926"></trkpt>
      <trkpt lat="48.432929" lon="32.463924"></trkpt>
      <trkpt lat="48.429612" lon="32.467045"></trkpt>
      <trkpt lat="48.428413" lon="32.46781"></trkpt>
      <trkpt lat="48.424648" lon="32.469738"></trkpt>
      <trkpt lat="48.423093" lon="32.470925"></trkpt>
      <trkpt lat="48.416306" lon="32.47863"></trkpt>
      <trkpt lat="48.412121" lon="32.483789"></trkpt>
      <trkpt lat="48.411113" lon="32.485326"></trkpt>
      <trkpt lat="48.407852" lon="32.49218"></trkpt>
      <trkpt lat="48.403908" lon="32.499415"></trkpt>
      <trkpt lat="48.397686" lon="32.510066"></trkpt>
      <trkpt lat="48.395455" lon="32.513205"></trkpt>
      <trkpt lat="48.394831" lon="32.514499"></trkpt>
      <trkpt lat="48.394415" lon="32.51603"></trkpt>
      <trkpt lat="48.394285" lon="32.517931"></trkpt>
      <trkpt lat="48.394145" lon="32.531617"></trkpt>
      <trkpt lat="48.393835" lon="32.547103"></trkpt>
      <trkpt lat="48.390239" lon="32.581049"></trkpt>
      <trkpt lat="48.390002" lon="32.591301"></trkpt>
      <trkpt lat="48.389419" lon="32.598902"></trkpt>
      <trkpt lat="48.386644" lon="32.611332"></trkpt>
      <trkpt lat="48.38475" lon="32.623893"></trkpt>
      <trkpt lat="48.384477" lon="32.624587"></trkpt>
      <trkpt lat="48.383876" lon="32.62549"></trkpt>
      <trkpt lat="48.378157" lon="32.632622"></trkpt>
      <trkpt lat="48.377435" lon="32.633705"></trkpt>
      <trkpt lat="48.372128" lon="32.643581"></trkpt>
      <trkpt lat="48.370547" lon="32.6473"></trkpt>
      <trkpt lat="48.368886" lon="32.652791"></trkpt>
      <trkpt lat="48.368535" lon="32.653589"></trkpt>
      <trkpt lat="48.367697" lon="32.654648"></trkpt>
      <trkpt lat="48.364963" lon="32.657384"></trkpt>
      <trkpt lat="48.363227" lon="32.659866"></trkpt>
      <trkpt lat="48.360411" lon="32.663235"></trkpt>
      <trkpt lat="48.358304" lon="32.666094"></trkpt>
      <trkpt lat="48.357309" lon="32.667554"></trkpt>
      <trkpt lat="48.357041" lon="32.668168"></trkpt>
      <trkpt lat="48.356377" lon="32.671009"></trkpt>
      <trkpt lat="48.356362" lon="32.672937"></trkpt>
      <trkpt lat="48.35716" lon="32.684436"></trkpt>
      <trkpt lat="48.35921" lon="32.704528"></trkpt>
      <trkpt lat="48.359272" lon="32.705965"></trkpt>
      <trkpt lat="48.359203" lon="32.707237"></trkpt>
      <trkpt lat="48.359002" lon="32.708365"></trkpt>
      <trkpt lat="48.337278" lon="32.773213"></trkpt>
      <trkpt lat="48.336249" lon="32.775866"></trkpt>
      <trkpt lat="48.335739" lon="32.776819"></trkpt>
      <trkpt lat="48.324494" lon="32.794685"></trkpt>
      <trkpt lat="48.321229" lon="32.799709"></trkpt>
      <trkpt lat="48.320187" lon="32.80075"></trkpt>
      <trkpt lat="48.319292" lon="32.801389"></trkpt>
      <trkpt lat="48.314486" lon="32.803626"></trkpt>
      <trkpt lat="48.313744" lon="32.804312"></trkpt>
      <trkpt lat="48.31266" lon="32.805659"></trkpt>
      <trkpt lat="48.303155" lon="32.821457"></trkpt>
      <trkpt lat="48.296502" lon="32.831648"></trkpt>
      <trkpt lat="48.284736" lon="32.850221"></trkpt>
      <trkpt lat="48.264315" lon="32.883325"></trkpt>
      <trkpt lat="48.261626" lon="32.887364"></trkpt>
      <trkpt lat="48.257364" lon="32.892663"></trkpt>
      <trkpt lat="48.250955" lon="32.900244"></trkpt>
      <trkpt lat="48.223511" lon="32.934595"></trkpt>
      <trkpt lat="48.219698" lon="32.940037"></trkpt>
      <trkpt lat="48.215449" lon="32.948251"></trkpt>
      <trkpt lat="48.214524" lon="32.949709"></trkpt>
      <trkpt lat="48.212834" lon="32.951404"></trkpt>
      <trkpt lat="48.21153" lon="32.953355"></trkpt>
      <trkpt lat="48.210603" lon="32.954527"></trkpt>
      <trkpt lat="48.208612" lon="32.956417"></trkpt>
      <trkpt lat="48.208382" lon="32.956766"></trkpt>
      <trkpt lat="48.20805" lon="32.957779"></trkpt>
      <trkpt lat="48.206748" lon="32.964077"></trkpt>
      <trkpt lat="48.203841" lon="32.981446"></trkpt>
      <trkpt lat="48.203323" lon="32.983302"></trkpt>
      <trkpt lat="48.202946" lon="32.984192"></trkpt>
      <trkpt lat="48.201945" lon="32.985805"></trkpt>
      <trkpt lat="48.201333" lon="32.9865"></trkpt>
      <trkpt lat="48.190405" lon="32.996981"></trkpt>
      <trkpt lat="48.185408" lon="33.001655"></trkpt>
      <trkpt lat="48.166555" lon="33.018033"></trkpt>
      <trkpt lat="48.147021" lon="33.035291"></trkpt>
      <trkpt lat="48.139262" lon="33.045668"></trkpt>
      <trkpt lat="48.131659" lon="33.056073"></trkpt>
      <trkpt lat="48.122995" lon="33.068417"></trkpt>
      <trkpt lat="48.111258" lon="33.086147"></trkpt>
      <trkpt lat="48.110609" lon="33.087222"></trkpt>
      <trkpt lat="48.108352" lon="33.091818"></trkpt>
      <trkpt lat="48.107506" lon="33.093276"></trkpt>
      <trkpt lat="48.103422" lon="33.098154"></trkpt>
      <trkpt lat="48.102213" lon="33.098864"></trkpt>
      <trkpt lat="48.101069" lon="33.099104"></trkpt>
      <trkpt lat="48.101144" lon="33.10001"></trkpt>
      <trkpt lat="48.10098" lon="33.100669"></trkpt>
      <trkpt lat="48.100933" lon="33.102283"></trkpt>
      <trkpt lat="48.100028" lon="33.102043"></trkpt>
      <trkpt lat="48.098626" lon="33.101978"></trkpt>
      <trkpt lat="48.098473" lon="33.107246"></trkpt>
      <trkpt lat="48.098732" lon="33.126138"></trkpt>
      <trkpt lat="48.098335" lon="33.136632"></trkpt>
      <trkpt lat="48.097353" lon="33.14249"></trkpt>
      <trkpt lat="48.094611" lon="33.152045"></trkpt>
      <trkpt lat="48.087783" lon="33.168835"></trkpt>
      <trkpt lat="48.084139" lon="33.179253"></trkpt>
      <trkpt lat="48.079333" lon="33.192133"></trkpt>
      <trkpt lat="48.078431" lon="33.193883"></trkpt>
      <trkpt lat="48.075398" lon="33.197822"></trkpt>
      <trkpt lat="48.074926" lon="33.198618"></trkpt>
      <trkpt lat="48.072387" lon="33.206256"></trkpt>
      <trkpt lat="48.065768" lon="33.219966"></trkpt>
      <trkpt lat="48.065226" lon="33.220677"></trkpt>
      <trkpt lat="48.063285" lon="33.222655"></trkpt>
      <trkpt lat="48.062375" lon="33.223968"></trkpt>
      <trkpt lat="48.062197" lon="33.224583"></trkpt>
      <trkpt lat="48.062154" lon="33.225303"></trkpt>
      <trkpt lat="48.06343" lon="33.238471"></trkpt>
      <trkpt lat="48.063176" lon="33.240653"></trkpt>
      <trkpt lat="48.06235" lon="33.243554"></trkpt>
      <trkpt lat="48.06171" lon="33.244865"></trkpt>
      <trkpt lat="48.060926" lon="33.245925"></trkpt>
      <trkpt lat="48.060143" lon="33.24661"></trkpt>
      <trkpt lat="48.059487" lon="33.246964"></trkpt>
      <trkpt lat="48.040199" lon="33.251348"></trkpt>
      <trkpt lat="48.039367" lon="33.251648"></trkpt>
      <trkpt lat="48.038371" lon="33.252293"></trkpt>
      <trkpt lat="48.037542" lon="33.253116"></trkpt>
      <trkpt lat="48.036636" lon="33.254529"></trkpt>
      <trkpt lat="48.03607" lon="33.255936"></trkpt>
      <trkpt lat="48.035632" lon="33.258017"></trkpt>
      <trkpt lat="48.035538" lon="33.25907"></trkpt>
      <trkpt lat="48.035583" lon="33.260175"></trkpt>
      <trkpt lat="48.038115" lon="33.287859"></trkpt>
      <trkpt lat="48.038097" lon="33.288964"></trkpt>
      <trkpt lat="48.03787" lon="33.290551"></trkpt>
      <trkpt lat="48.037459" lon="33.291997"></trkpt>
      <trkpt lat="48.036889" lon="33.293215"></trkpt>
      <trkpt lat="48.035588" lon="33.294934"></trkpt>
      <trkpt lat="48.035016" lon="33.295465"></trkpt>
      <trkpt lat="48.034004" lon="33.296118"></trkpt>
      <trkpt lat="48.025497" lon="33.297985"></trkpt>
      <trkpt lat="48.024789" lon="33.29791"></trkpt>
      <trkpt lat="48.02184" lon="33.297029"></trkpt>
      <trkpt lat="48.020336" lon="33.29673"></trkpt>
      <trkpt lat="48.006441" lon="33.295883"></trkpt>
      <trkpt lat="48.005504" lon="33.296044"></trkpt>
      <trkpt lat="48.003274" lon="33.297141"></trkpt>
      <trkpt lat="48.002694" lon="33.297302"></trkpt>
      <trkpt lat="48.002303" lon="33.297254"></trkpt>
      <trkpt lat="47.999855" lon="33.296369"></trkpt>
      <trkpt lat="47.999254" lon="33.296437"></trkpt>
      <trkpt lat="47.984746" lon="33.301352"></trkpt>
      <trkpt lat="47.98319" lon="33.301379"></trkpt>
      <trkpt lat="47.981312" lon="33.301197"></trkpt>
      <trkpt lat="47.977777" lon="33.300482"></trkpt>
      <trkpt lat="47.97676" lon="33.300587"></trkpt>
      <trkpt lat="47.976086" lon="33.30084"></trkpt>
      <trkpt lat="47.975195" lon="33.301384"></trkpt>
      <trkpt lat="47.97453" lon="33.301965"></trkpt>
      <trkpt lat="47.971416" lon="33.305561"></trkpt>
      <trkpt lat="47.970497" lon="33.306253"></trkpt>
      <trkpt lat="47.969957" lon="33.306502"></trkpt>
      <trkpt lat="47.932035" lon="33.320038"></trkpt>
      <trkpt lat="47.927741" lon="33.321778"></trkpt>
      <trkpt lat="47.926216" lon="33.322744"></trkpt>
      <trkpt lat="47.926059" lon="33.322623"></trkpt>
      <trkpt lat="47.925967" lon="33.322848"></trkpt>
      <trkpt lat="47.924592" lon="33.323338"></trkpt>
      <trkpt lat="47.921992" lon="33.325542"></trkpt>
      <trkpt lat="47.919757" lon="33.329124"></trkpt>
      <trkpt lat="47.919228" lon="33.33037"></trkpt>
      <trkpt lat="47.918942" lon="33.330792"></trkpt>
      <trkpt lat="47.91801" lon="33.331551"></trkpt>
      <trkpt lat="47.91712" lon="33.331907"></trkpt>
      <trkpt lat="47.916609" lon="33.332386"></trkpt>
      <trkpt lat="47.91049" lon="33.342143"></trkpt>
      <trkpt lat="47.909467" lon="33.343023"></trkpt>
      <trkpt lat="47.909009" lon="33.343023"></trkpt>
      <trkpt lat="47.908595" lon="33.342594"></trkpt>
      <trkpt lat="47.908283" lon="33.342629"></trkpt>
      <trkpt lat="47.908087" lon="33.342808"></trkpt>
      <trkpt lat="47.907739" lon="33.344072"></trkpt>
      <trkpt lat="47.905369" lon="33.350011"></trkpt>
      <trkpt lat="47.903126" lon="33.358624"></trkpt>
      <trkpt lat="47.904298" lon="33.367195"></trkpt>
      <trkpt lat="47.904698" lon="33.374257"></trkpt>
      <trkpt lat="47.904946" lon="33.37633"></trkpt>
      <trkpt lat="47.905782" lon="33.382847"></trkpt>
      <trkpt lat="47.910311" lon="33.390946"></trkpt>
      <trkpt lat="47.910357" lon="33.391271"></trkpt>
      <trkpt lat="47.910138" lon="33.391652"></trkpt>
      <trkpt lat="47.910388" lon="33.392548"></trkpt>
      <trkpt lat="47.90781" lon="33.420283"></trkpt>
      <trkpt lat="47.907702" lon="33.42073"></trkpt>
      <trkpt lat="47.907458" lon="33.421029"></trkpt>
      <trkpt lat="47.907417" lon="33.421532"></trkpt>
      <trkpt lat="47.907633" lon="33.421946"></trkpt>
      <trkpt lat="47.907891" lon="33.421938"></trkpt>
      <trkpt lat="47.90855" lon="33.422367"></trkpt>
      <trkpt lat="47.914214" lon="33.426923"></trkpt>
      <trkpt lat="47.914623" lon="33.427411"></trkpt>
      <trkpt lat="47.917285" lon="33.432363"></trkpt>
      <trkpt lat="47.925802" lon="33.44742"></trkpt>
      <trkpt lat="47.926992" lon="33.450123"></trkpt>
      <trkpt lat="47.928334" lon="33.454677"></trkpt>
      <trkpt lat="47.932102" lon="33.476109"></trkpt>
      <trkpt lat="47.932468" lon="33.478853"></trkpt>
      <trkpt lat="47.932518" lon="33.482516"></trkpt>
      <trkpt lat="47.932654" lon="33.484139"></trkpt>
      <trkpt lat="47.938408" lon="33.519291"></trkpt>
      <trkpt lat="47.942874" lon="33.548883"></trkpt>
      <trkpt lat="47.955438" lon="33.624929"></trkpt>
      <trkpt lat="47.95591" lon="33.626861"></trkpt>
      <trkpt lat="47.956818" lon="33.629571"></trkpt>
      <trkpt lat="47.965145" lon="33.64775"></trkpt>
      <trkpt lat="47.966185" lon="33.650404"></trkpt>
      <trkpt lat="47.968759" lon="33.660625"></trkpt>
      <trkpt lat="47.969666" lon="33.663671"></trkpt>
      <trkpt lat="47.974665" lon="33.68391"></trkpt>
      <trkpt lat="47.975549" lon="33.688043"></trkpt>
      <trkpt lat="47.979512" lon="33.703896"></trkpt>
      <trkpt lat="47.98082" lon="33.70749"></trkpt>
      <trkpt lat="47.988373" lon="33.726597"></trkpt>
      <trkpt lat="47.98938" lon="33.729739"></trkpt>
      <trkpt lat="47.9901" lon="33.733161"></trkpt>
      <trkpt lat="47.990491" lon="33.736272"></trkpt>
      <trkpt lat="47.991421" lon="33.758159"></trkpt>
      <trkpt lat="47.992335" lon="33.765905"></trkpt>
      <trkpt lat="47.993024" lon="33.769239"></trkpt>
      <trkpt lat="47.994122" lon="33.772466"></trkpt>
      <trkpt lat="47.995049" lon="33.774365"></trkpt>
      <trkpt lat="47.995892" lon="33.775784"></trkpt>
      <trkpt lat="48.015112" lon="33.803172"></trkpt>
      <trkpt lat="48.037188" lon="33.840183"></trkpt>
      <trkpt lat="48.039045" lon="33.842182"></trkpt>
      <trkpt lat="48.040483" lon="33.843201"></trkpt>
      <trkpt lat="48.040757" lon="33.846273"></trkpt>
      <trkpt lat="48.044104" lon="33.85195"></trkpt>
      <trkpt lat="48.044659" lon="33.854089"></trkpt>
      <trkpt lat="48.044805" lon="33.862001"></trkpt>
      <trkpt lat="48.043748" lon="33.872824"></trkpt>
      <trkpt lat="48.044063" lon="33.874138"></trkpt>
      <trkpt lat="48.04397" lon="33.880902"></trkpt>
      <trkpt lat="48.04366" lon="33.881951"></trkpt>
      <trkpt lat="48.041923" lon="33.886389"></trkpt>
      <trkpt lat="48.041618" lon="33.88694"></trkpt>
      <trkpt lat="48.021802" lon="33.916691"></trkpt>
      <trkpt lat="48.017517" lon="33.919716"></trkpt>
      <trkpt lat="48.004789" lon="33.940084"></trkpt>
      <trkpt lat="48.004297" lon="33.940722"></trkpt>
      <trkpt lat="48.003281" lon="33.941575"></trkpt>
      <trkpt lat="48.002375" lon="33.941928"></trkpt>
      <trkpt lat="47.987353" lon="33.946741"></trkpt>
      <trkpt lat="47.994021" lon="33.993132"></trkpt>
      <trkpt lat="48.000457" lon="34.054891"></trkpt>
      <trkpt lat="48.000451" lon="34.055654"></trkpt>
      <trkpt lat="48.000084" lon="34.056609"></trkpt>
      <trkpt lat="47.994412" lon="34.063934"></trkpt>
      <trkpt lat="47.994038" lon="34.064654"></trkpt>
      <trkpt lat="47.993703" lon="34.065678"></trkpt>
      <trkpt lat="47.983875" lon="34.10375"></trkpt>
      <trkpt lat="47.980124" lon="34.117829"></trkpt>
      <trkpt lat="47.979982" lon="34.118698"></trkpt>
      <trkpt lat="47.980115" lon="34.121042"></trkpt>
      <trkpt lat="47.982145" lon="34.141295"></trkpt>
      <trkpt lat="47.985681" lon="34.153452"></trkpt>
      <trkpt lat="47.986549" lon="34.159634"></trkpt>
      <trkpt lat="47.986536" lon="34.166068"></trkpt>
      <trkpt lat="47.986892" lon="34.167935"></trkpt>
      <trkpt lat="47.986876" lon="34.168504"></trkpt>
      <trkpt lat="47.986076" lon="34.170212"></trkpt>
      <trkpt lat="47.985457" lon="34.171072"></trkpt>
      <trkpt lat="47.979968" lon="34.17262"></trkpt>
      <trkpt lat="47.979276" lon="34.17292"></trkpt>
      <trkpt lat="47.978294" lon="34.175545"></trkpt>
      <trkpt lat="47.97794" lon="34.17589"></trkpt>
      <trkpt lat="47.977557" lon="34.17582"></trkpt>
      <trkpt lat="47.975188" lon="34.174453"></trkpt>
      <trkpt lat="47.972528" lon="34.174846"></trkpt>
      <trkpt lat="47.968511" lon="34.175628"></trkpt>
      <trkpt lat="47.971707" lon="34.196512"></trkpt>
      <trkpt lat="47.973336" lon="34.2094"></trkpt>
      <trkpt lat="47.973161" lon="34.2107"></trkpt>
      <trkpt lat="47.972312" lon="34.213001"></trkpt>
      <trkpt lat="47.980145" lon="34.216892"></trkpt>
      <trkpt lat="47.980594" lon="34.217203"></trkpt>
      <trkpt lat="47.980687" lon="34.220052"></trkpt>
      <trkpt lat="47.981346" lon="34.227667"></trkpt>
      <trkpt lat="47.981542" lon="34.22889"></trkpt>
      <trkpt lat="47.990164" lon="34.241633"></trkpt>
      <trkpt lat="47.991209" lon="34.243207"></trkpt>
      <trkpt lat="47.991634" lon="34.244079"></trkpt>
      <trkpt lat="47.993175" lon="34.253439"></trkpt>
      <trkpt lat="47.999928" lon="34.297117"></trkpt>
      <trkpt lat="47.999394" lon="34.297439"></trkpt>
      <trkpt lat="47.994042" lon="34.299227"></trkpt>
      <trkpt lat="47.990648" lon="34.300651"></trkpt>
      <trkpt lat="47.989703" lon="34.301249"></trkpt>
      <trkpt lat="47.988773" lon="34.302357"></trkpt>
      <trkpt lat="47.988352" lon="34.303238"></trkpt>
      <trkpt lat="47.98799" lon="34.304871"></trkpt>
      <trkpt lat="47.987994" lon="34.306789"></trkpt>
      <trkpt lat="47.992862" lon="34.349163"></trkpt>
      <trkpt lat="47.997995" lon="34.383919"></trkpt>
      <trkpt lat="48.002075" lon="34.422057"></trkpt>
      <trkpt lat="48.002231" lon="34.422564"></trkpt>
      <trkpt lat="48.003082" lon="34.423583"></trkpt>
      <trkpt lat="48.003529" lon="34.42372"></trkpt>
      <trkpt lat="48.005804" lon="34.42324"></trkpt>
      <trkpt lat="48.006484" lon="34.423707"></trkpt>
      <trkpt lat="48.007057" lon="34.424664"></trkpt>
      <trkpt lat="48.008042" lon="34.434124"></trkpt>
      <trkpt lat="48.008842" lon="34.436619"></trkpt>
      <trkpt lat="48.009634" lon="34.439789"></trkpt>
      <trkpt lat="48.010502" lon="34.442426"></trkpt>
      <trkpt lat="48.010856" lon="34.445422"></trkpt>
      <trkpt lat="48.012047" lon="34.452162"></trkpt>
      <trkpt lat="48.015124" lon="34.459163"></trkpt>
      <trkpt lat="48.015686" lon="34.460879"></trkpt>
      <trkpt lat="48.016387" lon="34.468196"></trkpt>
      <trkpt lat="48.016301" lon="34.483348"></trkpt>
      <trkpt lat="48.018767" lon="34.510246"></trkpt>
      <trkpt lat="48.019762" lon="34.52799"></trkpt>
      <trkpt lat="48.019712" lon="34.540022"></trkpt>
      <trkpt lat="48.01932" lon="34.539664"></trkpt>
      <trkpt lat="48.019062" lon="34.539597"></trkpt>
      <trkpt lat="48.011378" lon="34.541217"></trkpt>
      <trkpt lat="48.010629" lon="34.541101"></trkpt>
      <trkpt lat="48.002405" lon="34.538244"></trkpt>
      <trkpt lat="48.00174" lon="34.538294"></trkpt>
      <trkpt lat="47.99877" lon="34.53898"></trkpt>
      <trkpt lat="47.998263" lon="34.539331"></trkpt>
      <trkpt lat="47.997944" lon="34.539708"></trkpt>
      <trkpt lat="47.997508" lon="34.540549"></trkpt>
      <trkpt lat="47.997114" lon="34.541956"></trkpt>
      <trkpt lat="47.995811" lon="34.553601"></trkpt>
      <trkpt lat="47.990132" lon="34.554257"></trkpt>
      <trkpt lat="47.990714" lon="34.560488"></trkpt>
      <trkpt lat="47.985257" lon="34.561037"></trkpt>
      <trkpt lat="47.981857" lon="34.561807"></trkpt>
      <trkpt lat="47.981649" lon="34.562029"></trkpt>
      <trkpt lat="47.977511" lon="34.569741"></trkpt>
      <trkpt lat="47.975544" lon="34.572349"></trkpt>
      <trkpt lat="47.973509" lon="34.573023"></trkpt>
      <trkpt lat="47.97093" lon="34.573507"></trkpt>
      <trkpt lat="47.970844" lon="34.575695"></trkpt>
      <trkpt lat="47.970454" lon="34.580073"></trkpt>
      <trkpt lat="47.969959" lon="34.582361"></trkpt>
      <trkpt lat="47.968927" lon="34.583554"></trkpt>
      <trkpt lat="47.96823" lon="34.584711"></trkpt>
      <trkpt lat="47.96748" lon="34.586855"></trkpt>
      <trkpt lat="47.966868" lon="34.589056"></trkpt>
      <trkpt lat="47.965885" lon="34.590923"></trkpt>
      <trkpt lat="47.963756" lon="34.593375"></trkpt>
      <trkpt lat="47.961386" lon="34.595615"></trkpt>
      <trkpt lat="47.960912" lon="34.596278"></trkpt>
      <trkpt lat="47.959394" lon="34.599509"></trkpt>
      <trkpt lat="47.957046" lon="34.608394"></trkpt>
      <trkpt lat="47.956323" lon="34.612366"></trkpt>
      <trkpt lat="47.955527" lon="34.615101"></trkpt>
      <trkpt lat="47.956162" lon="34.616188"></trkpt>
      <trkpt lat="47.95722" lon="34.617643"></trkpt>
      <trkpt lat="47.956479" lon="34.619219"></trkpt>
      <trkpt lat="47.956169" lon="34.619109"></trkpt>
      <trkpt lat="47.955288" lon="34.619426"></trkpt>
      <trkpt lat="47.954502" lon="34.620442"></trkpt>
      <trkpt lat="47.953458" lon="34.621412"></trkpt>
      <trkpt lat="47.95319" lon="34.621808"></trkpt>
      <trkpt lat="47.951617" lon="34.625923"></trkpt>
      <trkpt lat="47.951226" lon="34.62785"></trkpt>
      <trkpt lat="47.950773" lon="34.629333"></trkpt>
      <trkpt lat="47.947865" lon="34.635787"></trkpt>
      <trkpt lat="47.94383" lon="34.644247"></trkpt>
      <trkpt lat="47.941553" lon="34.648895"></trkpt>
      <trkpt lat="47.938006" lon="34.654329"></trkpt>
      <trkpt lat="47.937028" lon="34.655568"></trkpt>
      <trkpt lat="47.934492" lon="34.658552"></trkpt>
      <trkpt lat="47.929907" lon="34.663383"></trkpt>
      <trkpt lat="47.922386" lon="34.670472"></trkpt>
      <trkpt lat="47.92126" lon="34.671653"></trkpt>
      <trkpt lat="47.918978" lon="34.67448"></trkpt>
      <trkpt lat="47.915839" lon="34.678994"></trkpt>
      <trkpt lat="47.911088" lon="34.683808"></trkpt>
      <trkpt lat="47.878194" lon="34.714419"></trkpt>
      <trkpt lat="47.877045" lon="34.714954"></trkpt>
      <trkpt lat="47.856657" lon="34.720583"></trkpt>
      <trkpt lat="47.85619" lon="34.720839"></trkpt>
      <trkpt lat="47.85013" lon="34.72593"></trkpt>
      <trkpt lat="47.846042" lon="34.72892"></trkpt>
      <trkpt lat="47.845264" lon="34.729156"></trkpt>
      <trkpt lat="47.840324" lon="34.729886"></trkpt>
      <trkpt lat="47.839527" lon="34.730141"></trkpt>
      <trkpt lat="47.839349" lon="34.730298"></trkpt>
      <trkpt lat="47.83909" lon="34.731047"></trkpt>
      <trkpt lat="47.839248" lon="34.735388"></trkpt>
      <trkpt lat="47.838984" lon="34.736061"></trkpt>
      <trkpt lat="47.833569" lon="34.738469"></trkpt>
      <trkpt lat="47.831224" lon="34.739206"></trkpt>
      <trkpt lat="47.830867" lon="34.741807"></trkpt>
      <trkpt lat="47.830918" lon="34.745015"></trkpt>
      <trkpt lat="47.830822" lon="34.745957"></trkpt>
      <trkpt lat="47.830603" lon="34.747022"></trkpt>
      <trkpt lat="47.829542" lon="34.750251"></trkpt>
      <trkpt lat="47.829358" lon="34.751307"></trkpt>
      <trkpt lat="47.829169" lon="34.759902"></trkpt>
      <trkpt lat="47.828931" lon="34.761171"></trkpt>
      <trkpt lat="47.828056" lon="34.762716"></trkpt>
      <trkpt lat="47.827539" lon="34.763387"></trkpt>
      <trkpt lat="47.825882" lon="34.764717"></trkpt>
      <trkpt lat="47.82489" lon="34.765664"></trkpt>
      <trkpt lat="47.821452" lon="34.772153"></trkpt>
      <trkpt lat="47.820493" lon="34.773683"></trkpt>
      <trkpt lat="47.819739" lon="34.774561"></trkpt>
      <trkpt lat="47.819028" lon="34.77488"></trkpt>
      <trkpt lat="47.818392" lon="34.774985"></trkpt>
      <trkpt lat="47.814351" lon="34.775033"></trkpt>
      <trkpt lat="47.808335" lon="34.774745"></trkpt>
      <trkpt lat="47.811539" lon="34.803751"></trkpt>
      <trkpt lat="47.813466" lon="34.832448"></trkpt>
      <trkpt lat="47.814788" lon="34.845635"></trkpt>
      <trkpt lat="47.815425" lon="34.850439"></trkpt>
      <trkpt lat="47.81549" lon="34.853227"></trkpt>
      <trkpt lat="47.815179" lon="34.85818"></trkpt>
      <trkpt lat="47.814707" lon="34.860659"></trkpt>
      <trkpt lat="47.813773" lon="34.864311"></trkpt>
      <trkpt lat="47.810861" lon="34.872277"></trkpt>
      <trkpt lat="47.810549" lon="34.873689"></trkpt>
      <trkpt lat="47.810575" lon="34.875062"></trkpt>
      <trkpt lat="47.815929" lon="34.897755"></trkpt>
      <trkpt lat="47.816221" lon="34.899362"></trkpt>
      <trkpt lat="47.820596" lon="34.937117"></trkpt>
      <trkpt lat="47.82096" lon="34.944689"></trkpt>
      <trkpt lat="47.821133" lon="34.946287"></trkpt>
      <trkpt lat="47.82295" lon="34.953527"></trkpt>
      <trkpt lat="47.825189" lon="34.971314"></trkpt>
      <trkpt lat="47.827242" lon="34.983755"></trkpt>
      <trkpt lat="47.827608" lon="34.985239"></trkpt>
      <trkpt lat="47.831284" lon="34.991119"></trkpt>
      <trkpt lat="47.832393" lon="34.993738"></trkpt>
      <trkpt lat="47.835321" lon="35.001225"></trkpt>
      <trkpt lat="47.836085" lon="35.003457"></trkpt>
      <trkpt lat="47.837082" lon="35.007118"></trkpt>
      <trkpt lat="47.829182" lon="35.015415"></trkpt>
      <trkpt lat="47.826872" lon="35.01901"></trkpt>
      <trkpt lat="47.822029" lon="35.02713"></trkpt>
      <trkpt lat="47.821526" lon="35.028163"></trkpt>
      <trkpt lat="47.818946" lon="35.036071"></trkpt>
      <trkpt lat="47.818668" lon="35.036318"></trkpt>
      <trkpt lat="47.822742" lon="35.039287"></trkpt>
      <trkpt lat="47.826006" lon="35.04355"></trkpt>
      <trkpt lat="47.826013" lon="35.044221"></trkpt>
      <trkpt lat="47.825487" lon="35.045197"></trkpt>
      <trkpt lat="47.825285" lon="35.045821"></trkpt>
      <trkpt lat="47.825135" lon="35.047761"></trkpt>
      <trkpt lat="47.824897" lon="35.048524"></trkpt>
      <trkpt lat="47.822097" lon="35.05311"></trkpt>
      <trkpt lat="47.821856" lon="35.053294"></trkpt>
      <trkpt lat="47.821523" lon="35.053333"></trkpt>
      <trkpt lat="47.821374" lon="35.053494"></trkpt>
      <trkpt lat="47.821152" lon="35.05453"></trkpt>
      <trkpt lat="47.814335" lon="35.065801"></trkpt>
      <trkpt lat="47.813696" lon="35.067185"></trkpt>
      <trkpt lat="47.813564" lon="35.06892"></trkpt>
      <trkpt lat="47.813871" lon="35.070227"></trkpt>
      <trkpt lat="47.814455" lon="35.071216"></trkpt>
      <trkpt lat="47.815158" lon="35.07187"></trkpt>
      <trkpt lat="47.82064" lon="35.079034"></trkpt>
      <trkpt lat="47.821585" lon="35.079864"></trkpt>
      <trkpt lat="47.822626" lon="35.080413"></trkpt>
      <trkpt lat="47.823516" lon="35.080526"></trkpt>
      <trkpt lat="47.824176" lon="35.080433"></trkpt>
      <trkpt lat="47.826194" lon="35.079672"></trkpt>
      <trkpt lat="47.827853" lon="35.079303"></trkpt>
      <trkpt lat="47.830547" lon="35.078298"></trkpt>
      <trkpt lat="47.835069" lon="35.077746"></trkpt>
      <trkpt lat="47.836059" lon="35.076514"></trkpt>
      <trkpt lat="47.838301" lon="35.075759"></trkpt>
      <trkpt lat="47.839251" lon="35.075718"></trkpt>
      <trkpt lat="47.839991" lon="35.076074"></trkpt>
      <trkpt lat="47.840577" lon="35.076727"></trkpt>
      <trkpt lat="47.841008" lon="35.077677"></trkpt>
      <trkpt lat="47.843497" lon="35.090102"></trkpt>
      <trkpt lat="47.843778" lon="35.091074"></trkpt>
      <trkpt lat="47.844426" lon="35.092295"></trkpt>
      <trkpt lat="47.844507" lon="35.093171"></trkpt>
      <trkpt lat="47.844121" lon="35.093899"></trkpt>
      <trkpt lat="47.840872" lon="35.096749"></trkpt>
      <trkpt lat="47.838261" lon="35.099499"></trkpt>
      <trkpt lat="47.837521" lon="35.100813"></trkpt>
      <trkpt lat="47.83664" lon="35.103142"></trkpt>
      <trkpt lat="47.834241" lon="35.110524"></trkpt>
      <trkpt lat="47.824392" lon="35.146175"></trkpt>
      <trkpt lat="47.823885" lon="35.147552"></trkpt>
      <trkpt lat="47.818999" lon="35.157392"></trkpt>
      <trkpt lat="47.817975" lon="35.159679"></trkpt>
      <trkpt lat="47.81509" lon="35.170438"></trkpt>
      <trkpt lat="47.814052" lon="35.172146"></trkpt>
      <trkpt lat="47.813647" lon="35.172515"></trkpt>
      <trkpt lat="47.813142" lon="35.172539"></trkpt>
      <trkpt lat="47.812946" lon="35.172799"></trkpt>
      <trkpt lat="47.812973" lon="35.17345"></trkpt>
      <trkpt lat="47.813115" lon="35.173629"></trkpt>
      <trkpt lat="47.813504" lon="35.173722"></trkpt>
      <trkpt lat="47.813696" lon="35.173916"></trkpt>
      <trkpt lat="47.815454" lon="35.177267"></trkpt>
      <trkpt lat="47.81546" lon="35.178082"></trkpt>
      <trkpt lat="47.812387" lon="35.181863"></trkpt>
      <trkpt lat="47.809121" lon="35.185614"></trkpt>
      <trkpt lat="47.807699" lon="35.185538"></trkpt>
      <trkpt lat="47.805853" lon="35.184873"></trkpt>
      <trkpt lat="47.802847" lon="35.183561"></trkpt>
      <trkpt lat="47.802674" lon="35.183738"></trkpt>
      <trkpt lat="47.801599" lon="35.187267"></trkpt>
      <trkpt lat="47.801511" lon="35.188011"></trkpt>
      <trkpt lat="47.79833" lon="35.198365"></trkpt>
      <trkpt lat="47.792062" lon="35.210672"></trkpt>
      <trkpt lat="47.790284" lon="35.213957"></trkpt>
      <trkpt lat="47.788833" lon="35.21696"></trkpt>
      <trkpt lat="47.78858" lon="35.217746"></trkpt>
      <trkpt lat="47.785919" lon="35.235995"></trkpt>
      <trkpt lat="47.785649" lon="35.236963"></trkpt>
      <trkpt lat="47.786121" lon="35.237866"></trkpt>
      <trkpt lat="47.787973" lon="35.252504"></trkpt>
      <trkpt lat="47.789112" lon="35.266608"></trkpt>
      <trkpt lat="47.789017" lon="35.270225"></trkpt>
      <trkpt lat="47.787577" lon="35.286346"></trkpt>
      <trkpt lat="47.787107" lon="35.288082"></trkpt>
      <trkpt lat="47.776572" lon="35.313682"></trkpt>
      <trkpt lat="47.76948" lon="35.331575"></trkpt>
      <trkpt lat="47.766395" lon="35.341133"></trkpt>
      <trkpt lat="47.765551" lon="35.344428"></trkpt>
      <trkpt lat="47.761997" lon="35.367573"></trkpt>
      <trkpt lat="47.760914" lon="35.38007"></trkpt>
      <trkpt lat="47.760715" lon="35.391661"></trkpt>
      <trkpt lat="47.760532" lon="35.39502"></trkpt>
      <trkpt lat="47.758448" lon="35.410655"></trkpt>
      <trkpt lat="47.757061" lon="35.430724"></trkpt>
      <trkpt lat="47.756422" lon="35.43627"></trkpt>
      <trkpt lat="47.756114" lon="35.43723"></trkpt>
      <trkpt lat="47.755519" lon="35.43833"></trkpt>
      <trkpt lat="47.74872" lon="35.446862"></trkpt>
      <trkpt lat="47.747231" lon="35.449023"></trkpt>
      <trkpt lat="47.721119" lon="35.491306"></trkpt>
      <trkpt lat="47.720257" lon="35.493208"></trkpt>
      <trkpt lat="47.717475" lon="35.501397"></trkpt>
      <trkpt lat="47.716647" lon="35.504518"></trkpt>
      <trkpt lat="47.715901" lon="35.517172"></trkpt>
      <trkpt lat="47.715877" lon="35.52133"></trkpt>
      <trkpt lat="47.71338" lon="35.530327"></trkpt>
      <trkpt lat="47.705325" lon="35.567112"></trkpt>
      <trkpt lat="47.703815" lon="35.572885"></trkpt>
      <trkpt lat="47.703872" lon="35.574228"></trkpt>
      <trkpt lat="47.707602" lon="35.604659"></trkpt>
      <trkpt lat="47.708076" lon="35.614602"></trkpt>
      <trkpt lat="47.708179" lon="35.618572"></trkpt>
      <trkpt lat="47.70816" lon="35.619358"></trkpt>
      <trkpt lat="47.708002" lon="35.619988"></trkpt>
      <trkpt lat="47.707558" lon="35.621112"></trkpt>
      <trkpt lat="47.702963" lon="35.627975"></trkpt>
      <trkpt lat="47.698863" lon="35.632868"></trkpt>
      <trkpt lat="47.694599" lon="35.637628"></trkpt>
      <trkpt lat="47.674919" lon="35.656045"></trkpt>
      <trkpt lat="47.673263" lon="35.657743"></trkpt>
      <trkpt lat="47.672768" lon="35.65851"></trkpt>
      <trkpt lat="47.672125" lon="35.660006"></trkpt>
      <trkpt lat="47.6659" lon="35.675595"></trkpt>
      <trkpt lat="47.665261" lon="35.677666"></trkpt>
      <trkpt lat="47.664322" lon="35.679994"></trkpt>
      <trkpt lat="47.659802" lon="35.689973"></trkpt>
      <trkpt lat="47.659078" lon="35.691103"></trkpt>
      <trkpt lat="47.655607" lon="35.69447"></trkpt>
      <trkpt lat="47.652842" lon="35.697433"></trkpt>
      <trkpt lat="47.648798" lon="35.701103"></trkpt>
      <trkpt lat="47.648291" lon="35.701712"></trkpt>
      <trkpt lat="47.646005" lon="35.705255"></trkpt>
      <trkpt lat="47.645293" lon="35.706157"></trkpt>
      <trkpt lat="47.641163" lon="35.709338"></trkpt>
      <trkpt lat="47.635017" lon="35.713608"></trkpt>
      <trkpt lat="47.634144" lon="35.714282"></trkpt>
      <trkpt lat="47.633369" lon="35.715076"></trkpt>
      <trkpt lat="47.625092" lon="35.724784"></trkpt>
      <trkpt lat="47.613396" lon="35.739306"></trkpt>
      <trkpt lat="47.611623" lon="35.742"></trkpt>
      <trkpt lat="47.59211" lon="35.776257"></trkpt>
      <trkpt lat="47.591437" lon="35.777703"></trkpt>
      <trkpt lat="47.591011" lon="35.778929"></trkpt>
      <trkpt lat="47.589784" lon="35.783418"></trkpt>
      <trkpt lat="47.589297" lon="35.784718"></trkpt>
      <trkpt lat="47.586539" lon="35.789275"></trkpt>
      <trkpt lat="47.585671" lon="35.790213"></trkpt>
      <trkpt lat="47.585211" lon="35.790483"></trkpt>
      <trkpt lat="47.582745" lon="35.791356"></trkpt>
      <trkpt lat="47.581839" lon="35.791129"></trkpt>
      <trkpt lat="47.58149" lon="35.790988"></trkpt>
      <trkpt lat="47.581168" lon="35.790682"></trkpt>
      <trkpt lat="47.580646" lon="35.789836"></trkpt>
      <trkpt lat="47.57981" lon="35.78606"></trkpt>
      <trkpt lat="47.575725" lon="35.787587"></trkpt>
      <trkpt lat="47.575512" lon="35.78775"></trkpt>
      <trkpt lat="47.574734" lon="35.785593"></trkpt>
      <trkpt lat="47.575395" lon="35.785307"></trkpt>
      <trkpt lat="47.574734" lon="35.785593"></trkpt>
      <trkpt lat="47.575512" lon="35.78775"></trkpt>
      <trkpt lat="47.574978" lon="35.788155"></trkpt>
      <trkpt lat="47.57122" lon="35.78977"></trkpt>
      <trkpt lat="47.570239" lon="35.791521"></trkpt>
      <trkpt lat="47.567335" lon="35.794072"></trkpt>
      <trkpt lat="47.565513" lon="35.79717"></trkpt>
      <trkpt lat="47.556973" lon="35.809057"></trkpt>
      <trkpt lat="47.549431" lon="35.82398"></trkpt>
      <trkpt lat="47.545829" lon="35.838192"></trkpt>
      <trkpt lat="47.539256" lon="35.865825"></trkpt>
      <trkpt lat="47.53708" lon="35.877131"></trkpt>
      <trkpt lat="47.532683" lon="35.89434"></trkpt>
      <trkpt lat="47.532509" lon="35.895488"></trkpt>
      <trkpt lat="47.532433" lon="35.897794"></trkpt>
      <trkpt lat="47.532169" lon="35.899588"></trkpt>
      <trkpt lat="47.530927" lon="35.905469"></trkpt>
      <trkpt lat="47.528286" lon="35.916884"></trkpt>
      <trkpt lat="47.525047" lon="35.932455"></trkpt>
      <trkpt lat="47.524062" lon="35.938565"></trkpt>
      <trkpt lat="47.523003" lon="35.941916"></trkpt>
      <trkpt lat="47.522456" lon="35.944377"></trkpt>
      <trkpt lat="47.520327" lon="35.955613"></trkpt>
      <trkpt lat="47.519071" lon="35.961096"></trkpt>
      <trkpt lat="47.517384" lon="35.970802"></trkpt>
      <trkpt lat="47.513763" lon="35.990277"></trkpt>
      <trkpt lat="47.513297" lon="35.993759"></trkpt>
      <trkpt lat="47.513191" lon="35.995496"></trkpt>
      <trkpt lat="47.512638" lon="35.995469"></trkpt>
      <trkpt lat="47.511796" lon="35.995078"></trkpt>
      <trkpt lat="47.50974" lon="35.993427"></trkpt>
      <trkpt lat="47.506259" lon="35.990383"></trkpt>
      <trkpt lat="47.502455" lon="35.985249"></trkpt>
      <trkpt lat="47.501541" lon="35.984314"></trkpt>
      <trkpt lat="47.500466" lon="35.983578"></trkpt>
      <trkpt lat="47.499821" lon="35.983399"></trkpt>
      <trkpt lat="47.486947" lon="35.982393"></trkpt>
      <trkpt lat="47.480625" lon="36.034019"></trkpt>
      <trkpt lat="47.47122" lon="36.112382"></trkpt>
      <trkpt lat="47.470393" lon="36.118251"></trkpt>
      <trkpt lat="47.457822" lon="36.199689"></trkpt>
      <trkpt lat="47.4572" lon="36.200977"></trkpt>
      <trkpt lat="47.457266" lon="36.202636"></trkpt>
      <trkpt lat="47.45698" lon="36.204674"></trkpt>
      <trkpt lat="47.448873" lon="36.25274"></trkpt>
      <trkpt lat="47.444492" lon="36.28546"></trkpt>
      <trkpt lat="47.444238" lon="36.289027"></trkpt>
      <trkpt lat="47.443153" lon="36.311703"></trkpt>
      <trkpt lat="47.440229" lon="36.380341"></trkpt>
      <trkpt lat="47.439116" lon="36.402866"></trkpt>
      <trkpt lat="47.438683" lon="36.407172"></trkpt>
      <trkpt lat="47.437862" lon="36.412426"></trkpt>
      <trkpt lat="47.429999" lon="36.448833"></trkpt>
      <trkpt lat="47.428606" lon="36.453631"></trkpt>
      <trkpt lat="47.426868" lon="36.457449"></trkpt>
      <trkpt lat="47.42546" lon="36.45974"></trkpt>
      <trkpt lat="47.423921" lon="36.461778"></trkpt>
      <trkpt lat="47.396272" lon="36.492612"></trkpt>
      <trkpt lat="47.386888" lon="36.50332"></trkpt>
      <trkpt lat="47.386045" lon="36.504197"></trkpt>
      <trkpt lat="47.377346" lon="36.511434"></trkpt>
      <trkpt lat="47.376614" lon="36.512637"></trkpt>
      <trkpt lat="47.37587" lon="36.514431"></trkpt>
      <trkpt lat="47.374567" lon="36.521355"></trkpt>
      <trkpt lat="47.373751" lon="36.523829"></trkpt>
      <trkpt lat="47.362311" lon="36.541369"></trkpt>
      <trkpt lat="47.361131" lon="36.543607"></trkpt>
      <trkpt lat="47.360788" lon="36.545381"></trkpt>
      <trkpt lat="47.359082" lon="36.572489"></trkpt>
      <trkpt lat="47.35813" lon="36.585814"></trkpt>
      <trkpt lat="47.358157" lon="36.587627"></trkpt>
      <trkpt lat="47.360095" lon="36.602145"></trkpt>
      <trkpt lat="47.360397" lon="36.603355"></trkpt>
      <trkpt lat="47.360527" lon="36.605463"></trkpt>
      <trkpt lat="47.362719" lon="36.623451"></trkpt>
      <trkpt lat="47.362915" lon="36.625532"></trkpt>
      <trkpt lat="47.363013" lon="36.628391"></trkpt>
      <trkpt lat="47.364195" lon="36.6351"></trkpt>
      <trkpt lat="47.365317" lon="36.639812"></trkpt>
      <trkpt lat="47.365641" lon="36.642784"></trkpt>
      <trkpt lat="47.365314" lon="36.644157"></trkpt>
      <trkpt lat="47.364201" lon="36.646734"></trkpt>
      <trkpt lat="47.363029" lon="36.651462"></trkpt>
      <trkpt lat="47.361567" lon="36.656603"></trkpt>
      <trkpt lat="47.361756" lon="36.656974"></trkpt>
      <trkpt lat="47.363446" lon="36.658137"></trkpt>
      <trkpt lat="47.363884" lon="36.658743"></trkpt>
      <trkpt lat="47.365871" lon="36.664628"></trkpt>
      <trkpt lat="47.369382" lon="36.671551"></trkpt>
      <trkpt lat="47.369649" lon="36.672577"></trkpt>
      <trkpt lat="47.378595" lon="36.722625"></trkpt>
      <trkpt lat="47.379269" lon="36.730838"></trkpt>
      <trkpt lat="47.381546" lon="36.740657"></trkpt>
      <trkpt lat="47.384718" lon="36.759117"></trkpt>
      <trkpt lat="47.388806" lon="36.780794"></trkpt>
      <trkpt lat="47.390309" lon="36.791786"></trkpt>
      <trkpt lat="47.391011" lon="36.796188"></trkpt>
      <trkpt lat="47.396428" lon="36.828318"></trkpt>
      <trkpt lat="47.39926" lon="36.837149"></trkpt>
      <trkpt lat="47.399765" lon="36.837764"></trkpt>
      <trkpt lat="47.401663" lon="36.83866"></trkpt>
      <trkpt lat="47.401991" lon="36.83925"></trkpt>
      <trkpt lat="47.403374" lon="36.850902"></trkpt>
      <trkpt lat="47.405538" lon="36.871061"></trkpt>
      <trkpt lat="47.405747" lon="36.871804"></trkpt>
      <trkpt lat="47.406286" lon="36.87296"></trkpt>
      <trkpt lat="47.410164" lon="36.880019"></trkpt>
      <trkpt lat="47.415616" lon="36.892978"></trkpt>
      <trkpt lat="47.416362" lon="36.894877"></trkpt>
      <trkpt lat="47.416598" lon="36.895766"></trkpt>
      <trkpt lat="47.417054" lon="36.922157"></trkpt>
      <trkpt lat="47.418814" lon="36.947968"></trkpt>
      <trkpt lat="47.41903" lon="36.949503"></trkpt>
      <trkpt lat="47.422412" lon="36.963927"></trkpt>
      <trkpt lat="47.423083" lon="36.965797"></trkpt>
      <trkpt lat="47.423181" lon="36.969144"></trkpt>
      <trkpt lat="47.422871" lon="36.970483"></trkpt>
      <trkpt lat="47.420535" lon="36.975951"></trkpt>
      <trkpt lat="47.420304" lon="36.976862"></trkpt>
      <trkpt lat="47.418037" lon="37.013084"></trkpt>
      <trkpt lat="47.41773" lon="37.015528"></trkpt>
      <trkpt lat="47.41725" lon="37.018175"></trkpt>
      <trkpt lat="47.413201" lon="37.032629"></trkpt>
      <trkpt lat="47.397933" lon="37.063946"></trkpt>
      <trkpt lat="47.394684" lon="37.06924"></trkpt>
      <trkpt lat="47.394398" lon="37.069624"></trkpt>
      <trkpt lat="47.393872" lon="37.069797"></trkpt>
      <trkpt lat="47.39017" lon="37.070375"></trkpt>
      <trkpt lat="47.389317" lon="37.070685"></trkpt>
      <trkpt lat="47.388951" lon="37.070997"></trkpt>
      <trkpt lat="47.378757" lon="37.086"></trkpt>
      <trkpt lat="47.378165" lon="37.086431"></trkpt>
      <trkpt lat="47.376656" lon="37.087227"></trkpt>
      <trkpt lat="47.373566" lon="37.090198"></trkpt>
      <trkpt lat="47.362655" lon="37.104064"></trkpt>
      <trkpt lat="47.351691" lon="37.132585"></trkpt>
      <trkpt lat="47.350655" lon="37.134817"></trkpt>
      <trkpt lat="47.349511" lon="37.136354"></trkpt>
      <trkpt lat="47.348257" lon="37.137592"></trkpt>
      <trkpt lat="47.321048" lon="37.149998"></trkpt>
      <trkpt lat="47.319754" lon="37.15112"></trkpt>
      <trkpt lat="47.319047" lon="37.152008"></trkpt>
      <trkpt lat="47.311286" lon="37.164027"></trkpt>
      <trkpt lat="47.310353" lon="37.165249"></trkpt>
      <trkpt lat="47.30962" lon="37.165792"></trkpt>
      <trkpt lat="47.307715" lon="37.166422"></trkpt>
      <trkpt lat="47.29202" lon="37.170027"></trkpt>
      <trkpt lat="47.290516" lon="37.170471"></trkpt>
      <trkpt lat="47.278965" lon="37.175316"></trkpt>
      <trkpt lat="47.276759" lon="37.176448"></trkpt>
      <trkpt lat="47.268889" lon="37.18116"></trkpt>
      <trkpt lat="47.267896" lon="37.182473"></trkpt>
      <trkpt lat="47.260313" lon="37.194543"></trkpt>
      <trkpt lat="47.258969" lon="37.196472"></trkpt>
      <trkpt lat="47.247708" lon="37.209811"></trkpt>
      <trkpt lat="47.245607" lon="37.212641"></trkpt>
      <trkpt lat="47.240436" lon="37.220887"></trkpt>
      <trkpt lat="47.231521" lon="37.23721"></trkpt>
      <trkpt lat="47.220515" lon="37.252957"></trkpt>
      <trkpt lat="47.219141" lon="37.255102"></trkpt>
      <trkpt lat="47.217679" lon="37.258264"></trkpt>
      <trkpt lat="47.210828" lon="37.276262"></trkpt>
      <trkpt lat="47.208792" lon="37.285712"></trkpt>
      <trkpt lat="47.208295" lon="37.287095"></trkpt>
      <trkpt lat="47.207421" lon="37.288486"></trkpt>
      <trkpt lat="47.206223" lon="37.289694"></trkpt>
      <trkpt lat="47.204993" lon="37.290338"></trkpt>
      <trkpt lat="47.204446" lon="37.290467"></trkpt>
      <trkpt lat="47.190257" lon="37.290043"></trkpt>
      <trkpt lat="47.189348" lon="37.290148"></trkpt>
      <trkpt lat="47.188743" lon="37.290373"></trkpt>
      <trkpt lat="47.187532" lon="37.291165"></trkpt>
      <trkpt lat="47.186745" lon="37.291989"></trkpt>
      <trkpt lat="47.186293" lon="37.292669"></trkpt>
      <trkpt lat="47.185411" lon="37.2947"></trkpt>
      <trkpt lat="47.18496" lon="37.296911"></trkpt>
      <trkpt lat="47.184955" lon="37.319502"></trkpt>
      <trkpt lat="47.183325" lon="37.334459"></trkpt>
      <trkpt lat="47.183302" lon="37.335613"></trkpt>
      <trkpt lat="47.184474" lon="37.354647"></trkpt>
      <trkpt lat="47.184325" lon="37.356365"></trkpt>
      <trkpt lat="47.183944" lon="37.35802"></trkpt>
      <trkpt lat="47.179371" lon="37.37143"></trkpt>
      <trkpt lat="47.172771" lon="37.389997"></trkpt>
      <trkpt lat="47.170826" lon="37.394959"></trkpt>
      <trkpt lat="47.167738" lon="37.402187"></trkpt>
      <trkpt lat="47.157293" lon="37.429891"></trkpt>
      <trkpt lat="47.133201" lon="37.477212"></trkpt>
      <trkpt lat="47.117249" lon="37.509271"></trkpt>
      <trkpt lat="47.116702" lon="37.510104"></trkpt>
      <trkpt lat="47.11681" lon="37.511059"></trkpt>
      <trkpt lat="47.115732" lon="37.526163"></trkpt>
      <trkpt lat="47.116459" lon="37.526272"></trkpt>
      <trkpt lat="47.116325" lon="37.528033"></trkpt>
      <trkpt lat="47.11686" lon="37.530155"></trkpt>
      <trkpt lat="47.113071" lon="37.54396"></trkpt>
      <trkpt lat="47.111358" lon="37.550889"></trkpt>
      <trkpt lat="47.110455" lon="37.550035"></trkpt>
      <trkpt lat="47.108999" lon="37.554263"></trkpt>
      <trkpt lat="47.108499" lon="37.553865"></trkpt>
      <trkpt lat="47.106207" lon="37.559302"></trkpt>
      <trkpt lat="47.106585" lon="37.559627"></trkpt>
      <trkpt lat="47.106203" lon="37.560515"></trkpt>
      <trkpt lat="47.104602" lon="37.564153"></trkpt>
      <trkpt lat="47.102255" lon="37.568364"></trkpt>
      <trkpt lat="47.100978" lon="37.572666"></trkpt>
      <trkpt lat="47.100972" lon="37.572827"></trkpt>
      <trkpt lat="47.102672" lon="37.573972"></trkpt>
      <trkpt lat="47.103604" lon="37.575607"></trkpt>
      <trkpt lat="47.10634" lon="37.583601"></trkpt>
      <trkpt lat="47.111577" lon="37.603835"></trkpt>
      <trkpt lat="47.114108" lon="37.610317"></trkpt>
      <trkpt lat="47.114641" lon="37.611185"></trkpt>
      <trkpt lat="47.115653" lon="37.612156"></trkpt>
      <trkpt lat="47.115763" lon="37.612387"></trkpt>
      <trkpt lat="47.115332" lon="37.614721"></trkpt>
      <trkpt lat="47.113268" lon="37.623927"></trkpt>
      <trkpt lat="47.116819" lon="37.632421"></trkpt>
      <trkpt lat="47.118592" lon="37.639534"></trkpt>
      <trkpt lat="47.128536" lon="37.670399"></trkpt>
      <trkpt lat="47.129053" lon="37.672281"></trkpt>
      <trkpt lat="47.129545" lon="37.6748"></trkpt>
      <trkpt lat="47.131255" lon="37.688927"></trkpt>
      <trkpt lat="47.131064" lon="37.691801"></trkpt>
      <trkpt lat="47.129912" lon="37.699305"></trkpt>
      <trkpt lat="47.129425" lon="37.701511"></trkpt>
      <trkpt lat="47.113815" lon="37.747562"></trkpt>
      <trkpt lat="47.111404" lon="37.764899"></trkpt>
      <trkpt lat="47.110745" lon="37.767751"></trkpt>
      <trkpt lat="47.109594" lon="37.771031"></trkpt>
      <trkpt lat="47.101667" lon="37.789629"></trkpt>
      <trkpt lat="47.100719" lon="37.793476"></trkpt>
      <trkpt lat="47.100347" lon="37.796497"></trkpt>
      <trkpt lat="47.100266" lon="37.797956"></trkpt>
      <trkpt lat="47.100334" lon="37.799827"></trkpt>
      <trkpt lat="47.100757" lon="37.802528"></trkpt>
      <trkpt lat="47.10463" lon="37.814134"></trkpt>
      <trkpt lat="47.1055" lon="37.818249"></trkpt>
      <trkpt lat="47.106937" lon="37.832379"></trkpt>
      <trkpt lat="47.107975" lon="37.843633"></trkpt>
      <trkpt lat="47.108579" lon="37.851582"></trkpt>
      <trkpt lat="47.110355" lon="37.864736"></trkpt>
      <trkpt lat="47.111549" lon="37.877885"></trkpt>
      <trkpt lat="47.115677" lon="37.894392"></trkpt>
      <trkpt lat="47.115885" lon="37.89681"></trkpt>
      <trkpt lat="47.115809" lon="37.897806"></trkpt>
      <trkpt lat="47.115558" lon="37.898878"></trkpt>
      <trkpt lat="47.11282" lon="37.906766"></trkpt>
      <trkpt lat="47.112262" lon="37.908974"></trkpt>
      <trkpt lat="47.109009" lon="37.928306"></trkpt>
      <trkpt lat="47.105892" lon="37.958233"></trkpt>
      <trkpt lat="47.103136" lon="37.986648"></trkpt>
      <trkpt lat="47.102363" lon="38.006945"></trkpt>
      <trkpt lat="47.102394" lon="38.008074"></trkpt>
      <trkpt lat="47.106343" lon="38.025785"></trkpt>
      <trkpt lat="47.108119" lon="38.032031"></trkpt>
      <trkpt lat="47.11124" lon="38.040346"></trkpt>
      <trkpt lat="47.111983" lon="38.041872"></trkpt>
      <trkpt lat="47.113151" lon="38.043544"></trkpt>
      <trkpt lat="47.117153" lon="38.047556"></trkpt>
      <trkpt lat="47.121476" lon="38.052793"></trkpt>
      <trkpt lat="47.122637" lon="38.054799"></trkpt>
      <trkpt lat="47.123132" lon="38.056195"></trkpt>
      <trkpt lat="47.123836" lon="38.059202"></trkpt>
      <trkpt lat="47.124173" lon="38.062719"></trkpt>
      <trkpt lat="47.124192" lon="38.065539"></trkpt>
      <trkpt lat="47.12396" lon="38.069723"></trkpt>
      <trkpt lat="47.124612" lon="38.076901"></trkpt>
      <trkpt lat="47.12501" lon="38.079329"></trkpt>
      <trkpt lat="47.126661" lon="38.086142"></trkpt>
      <trkpt lat="47.127104" lon="38.088378"></trkpt>
      <trkpt lat="47.129369" lon="38.104689"></trkpt>
      <trkpt lat="47.129685" lon="38.106314"></trkpt>
      <trkpt lat="47.130842" lon="38.109807"></trkpt>
      <trkpt lat="47.137176" lon="38.123444"></trkpt>
      <trkpt lat="47.138071" lon="38.125628"></trkpt>
      <trkpt lat="47.149327" lon="38.159272"></trkpt>
      <trkpt lat="47.150592" lon="38.163833"></trkpt>
      <trkpt lat="47.151034" lon="38.166066"></trkpt>
      <trkpt lat="47.158596" lon="38.21208"></trkpt>
      <trkpt lat="47.158962" lon="38.215773"></trkpt>
      <trkpt lat="47.159932" lon="38.238498"></trkpt>
      <trkpt lat="47.160142" lon="38.238749"></trkpt>
      <trkpt lat="47.160989" lon="38.238725"></trkpt>
      <trkpt lat="47.161192" lon="38.23898"></trkpt>
      <trkpt lat="47.161242" lon="38.239412"></trkpt>
      <trkpt lat="47.161307" lon="38.241779"></trkpt>
      <trkpt lat="47.161229" lon="38.242806"></trkpt>
      <trkpt lat="47.161485" lon="38.243922"></trkpt>
      <trkpt lat="47.161555" lon="38.246586"></trkpt>
      <trkpt lat="47.161388" lon="38.246787"></trkpt>
      <trkpt lat="47.160475" lon="38.246892"></trkpt>
      <trkpt lat="47.160301" lon="38.247122"></trkpt>
      <trkpt lat="47.160273" lon="38.247466"></trkpt>
      <trkpt lat="47.163638" lon="38.331538"></trkpt>
      <trkpt lat="47.163581" lon="38.334847"></trkpt>
      <trkpt lat="47.163226" lon="38.33775"></trkpt>
      <trkpt lat="47.162499" lon="38.342141"></trkpt>
      <trkpt lat="47.162309" lon="38.344567"></trkpt>
      <trkpt lat="47.162291" lon="38.347116"></trkpt>
      <trkpt lat="47.162499" lon="38.350355"></trkpt>
      <trkpt lat="47.174736" lon="38.414917"></trkpt>
      <trkpt lat="47.190602" lon="38.471593"></trkpt>
      <trkpt lat="47.193947" lon="38.483799"></trkpt>
      <trkpt lat="47.194551" lon="38.487021"></trkpt>
      <trkpt lat="47.194744" lon="38.488938"></trkpt>
      <trkpt lat="47.194765" lon="38.491912"></trkpt>
      <trkpt lat="47.194163" lon="38.49659"></trkpt>
      <trkpt lat="47.193289" lon="38.499674"></trkpt>
      <trkpt lat="47.189427" lon="38.509359"></trkpt>
      <trkpt lat="47.188642" lon="38.510585"></trkpt>
      <trkpt lat="47.179405" lon="38.52184"></trkpt>
      <trkpt lat="47.178229" lon="38.523831"></trkpt>
      <trkpt lat="47.17288" lon="38.534669"></trkpt>
      <trkpt lat="47.17201" lon="38.537242"></trkpt>
      <trkpt lat="47.171469" lon="38.539702"></trkpt>
      <trkpt lat="47.171231" lon="38.541424"></trkpt>
      <trkpt lat="47.171084" lon="38.544675"></trkpt>
      <trkpt lat="47.171125" lon="38.546496"></trkpt>
      <trkpt lat="47.171521" lon="38.549569"></trkpt>
      <trkpt lat="47.183604" lon="38.600686"></trkpt>
      <trkpt lat="47.193948" lon="38.643281"></trkpt>
      <trkpt lat="47.212274" lon="38.768517"></trkpt>
      <trkpt lat="47.212445" lon="38.768722"></trkpt>
      <trkpt lat="47.212773" lon="38.768686"></trkpt>
      <trkpt lat="47.213285" lon="38.768994"></trkpt>
      <trkpt lat="47.225084" lon="38.777315"></trkpt>
      <trkpt lat="47.226337" lon="38.778465"></trkpt>
      <trkpt lat="47.227817" lon="38.780156"></trkpt>
      <trkpt lat="47.229613" lon="38.782808"></trkpt>
      <trkpt lat="47.231653" lon="38.786499"></trkpt>
      <trkpt lat="47.232649" lon="38.789683"></trkpt>
      <trkpt lat="47.233518" lon="38.793348"></trkpt>
      <trkpt lat="47.234514" lon="38.79952"></trkpt>
      <trkpt lat="47.235004" lon="38.801605"></trkpt>
      <trkpt lat="47.23572" lon="38.803974"></trkpt>
      <trkpt lat="47.237515" lon="38.807974"></trkpt>
      <trkpt lat="47.239666" lon="38.81127"></trkpt>
      <trkpt lat="47.241542" lon="38.813441"></trkpt>
      <trkpt lat="47.242311" lon="38.814154"></trkpt>
      <trkpt lat="47.253947" lon="38.824093"></trkpt>
      <trkpt lat="47.255081" lon="38.824872"></trkpt>
      <trkpt lat="47.256084" lon="38.825329"></trkpt>
      <trkpt lat="47.257034" lon="38.825698"></trkpt>
      <trkpt lat="47.260197" lon="38.826453"></trkpt>
      <trkpt lat="47.260681" lon="38.826719"></trkpt>
      <trkpt lat="47.261834" lon="38.827638"></trkpt>
      <trkpt lat="47.263663" lon="38.830024"></trkpt>
      <trkpt lat="47.264251" lon="38.830925"></trkpt>
      <trkpt lat="47.265115" lon="38.833041"></trkpt>
      <trkpt lat="47.265946" lon="38.837585"></trkpt>
      <trkpt lat="47.266628" lon="38.839474"></trkpt>
      <trkpt lat="47.274375" lon="38.854509"></trkpt>
      <trkpt lat="47.274703" lon="38.855362"></trkpt>
      <trkpt lat="47.2748" lon="38.856063"></trkpt>
      <trkpt lat="47.275081" lon="38.856246"></trkpt>
      <trkpt lat="47.275515" lon="38.856816"></trkpt>
      <trkpt lat="47.279494" lon="38.864432"></trkpt>
      <trkpt lat="47.282185" lon="38.86983"></trkpt>
      <trkpt lat="47.285417" lon="38.87668"></trkpt>
      <trkpt lat="47.286312" lon="38.879319"></trkpt>
      <trkpt lat="47.287043" lon="38.882377"></trkpt>
      <trkpt lat="47.287264" lon="38.884648"></trkpt>
      <trkpt lat="47.287327" lon="38.887257"></trkpt>
      <trkpt lat="47.286798" lon="38.954351"></trkpt>
      <trkpt lat="47.286415" lon="38.955977"></trkpt>
      <trkpt lat="47.285343" lon="38.958336"></trkpt>
      <trkpt lat="47.285283" lon="38.959236"></trkpt>
      <trkpt lat="47.285432" lon="38.959654"></trkpt>
      <trkpt lat="47.285907" lon="38.960287"></trkpt>
      <trkpt lat="47.286236" lon="38.960511"></trkpt>
      <trkpt lat="47.287416" lon="38.960813"></trkpt>
      <trkpt lat="47.287996" lon="38.961415"></trkpt>
      <trkpt lat="47.316689" lon="39.013253"></trkpt>
      <trkpt lat="47.31719" lon="39.014596"></trkpt>
      <trkpt lat="47.319651" lon="39.023686"></trkpt>
      <trkpt lat="47.320971" lon="39.029813"></trkpt>
      <trkpt lat="47.32133" lon="39.032492"></trkpt>
      <trkpt lat="47.321342" lon="39.034949"></trkpt>
      <trkpt lat="47.320599" lon="39.045533"></trkpt>
      <trkpt lat="47.322261" lon="39.078798"></trkpt>
      <trkpt lat="47.322375" lon="39.081912"></trkpt>
      <trkpt lat="47.32225" lon="39.08357"></trkpt>
      <trkpt lat="47.322064" lon="39.084637"></trkpt>
      <trkpt lat="47.321514" lon="39.086575"></trkpt>
      <trkpt lat="47.313523" lon="39.105425"></trkpt>
      <trkpt lat="47.310027" lon="39.117275"></trkpt>
      <trkpt lat="47.309722" lon="39.119167"></trkpt>
      <trkpt lat="47.308814" lon="39.128275"></trkpt>
      <trkpt lat="47.29949" lon="39.194978"></trkpt>
      <trkpt lat="47.299404" lon="39.196111"></trkpt>
      <trkpt lat="47.299471" lon="39.198031"></trkpt>
      <trkpt lat="47.300886" lon="39.207586"></trkpt>
      <trkpt lat="47.300937" lon="39.209116"></trkpt>
      <trkpt lat="47.300577" lon="39.210941"></trkpt>
      <trkpt lat="47.298986" lon="39.214174"></trkpt>
      <trkpt lat="47.298749" lon="39.214848"></trkpt>
      <trkpt lat="47.298447" lon="39.216954"></trkpt>
      <trkpt lat="47.296331" lon="39.252544"></trkpt>
      <trkpt lat="47.294735" lon="39.282408"></trkpt>
      <trkpt lat="47.289155" lon="39.312987"></trkpt>
      <trkpt lat="47.288036" lon="39.318444"></trkpt>
      <trkpt lat="47.287887" lon="39.319702"></trkpt>
      <trkpt lat="47.287224" lon="39.356275"></trkpt>
      <trkpt lat="47.287454" lon="39.361998"></trkpt>
      <trkpt lat="47.287425" lon="39.363803"></trkpt>
      <trkpt lat="47.28581" lon="39.375213"></trkpt>
      <trkpt lat="47.285211" lon="39.383065"></trkpt>
      <trkpt lat="47.283617" lon="39.396035"></trkpt>
      <trkpt lat="47.282765" lon="39.407651"></trkpt>
      <trkpt lat="47.282729" lon="39.411101"></trkpt>
      <trkpt lat="47.283297" lon="39.43042"></trkpt>
      <trkpt lat="47.283273" lon="39.436078"></trkpt>
      <trkpt lat="47.28286" lon="39.438891"></trkpt>
      <trkpt lat="47.282424" lon="39.440723"></trkpt>
      <trkpt lat="47.281551" lon="39.443278"></trkpt>
      <trkpt lat="47.279907" lon="39.447396"></trkpt>
      <trkpt lat="47.279056" lon="39.45071"></trkpt>
      <trkpt lat="47.277221" lon="39.463713"></trkpt>
      <trkpt lat="47.276012" lon="39.469202"></trkpt>
      <trkpt lat="47.275454" lon="39.472519"></trkpt>
      <trkpt lat="47.274818" lon="39.479253"></trkpt>
      <trkpt lat="47.274256" lon="39.483646"></trkpt>
      <trkpt lat="47.273676" lon="39.486342"></trkpt>
      <trkpt lat="47.27289" lon="39.4892"></trkpt>
      <trkpt lat="47.271102" lon="39.494862"></trkpt>
      <trkpt lat="47.270229" lon="39.499356"></trkpt>
      <trkpt lat="47.269853" lon="39.504291"></trkpt>
      <trkpt lat="47.269948" lon="39.507291"></trkpt>
      <trkpt lat="47.270178" lon="39.509519"></trkpt>
      <trkpt lat="47.272988" lon="39.528909"></trkpt>
      <trkpt lat="47.273209" lon="39.532784"></trkpt>
      <trkpt lat="47.273014" lon="39.536698"></trkpt>
      <trkpt lat="47.270526" lon="39.555243"></trkpt>
      <trkpt lat="47.269912" lon="39.557394"></trkpt>
      <trkpt lat="47.267729" lon="39.56314"></trkpt>
      <trkpt lat="47.267143" lon="39.565296"></trkpt>
      <trkpt lat="47.2665" lon="39.568718"></trkpt>
      <trkpt lat="47.266224" lon="39.571706"></trkpt>
      <trkpt lat="47.266138" lon="39.588776"></trkpt>
      <trkpt lat="47.266035" lon="39.590335"></trkpt>
      <trkpt lat="47.260231" lon="39.620576"></trkpt>
      <trkpt lat="47.260049" lon="39.620848"></trkpt>
      <trkpt lat="47.259772" lon="39.620629"></trkpt>
      <trkpt lat="47.254384" lon="39.61443"></trkpt>
      <trkpt lat="47.253882" lon="39.613988"></trkpt>
      <trkpt lat="47.253334" lon="39.613831"></trkpt>
      <trkpt lat="47.242648" lon="39.613813"></trkpt>
      <trkpt lat="47.241279" lon="39.61352"></trkpt>
      <trkpt lat="47.238319" lon="39.613451"></trkpt>
      <trkpt lat="47.237558" lon="39.612876"></trkpt>
      <trkpt lat="47.236841" lon="39.613407"></trkpt>
      <trkpt lat="47.236482" lon="39.613543"></trkpt>
      <trkpt lat="47.227986" lon="39.613573"></trkpt>
      <trkpt lat="47.224724" lon="39.613759"></trkpt>
      <trkpt lat="47.218512" lon="39.613254"></trkpt>
      <trkpt lat="47.20725" lon="39.613595"></trkpt>
      <trkpt lat="47.203246" lon="39.613459"></trkpt>
      <trkpt lat="47.196929" lon="39.613548"></trkpt>
      <trkpt lat="47.195184" lon="39.613755"></trkpt>
      <trkpt lat="47.194453" lon="39.61448"></trkpt>
      <trkpt lat="47.194029" lon="39.615175"></trkpt>
      <trkpt lat="47.192657" lon="39.618931"></trkpt>
      <trkpt lat="47.190573" lon="39.625691"></trkpt>
      <trkpt lat="47.189688" lon="39.628946"></trkpt>
      <trkpt lat="47.189422" lon="39.630611"></trkpt>
      <trkpt lat="47.18933" lon="39.633942"></trkpt>
      <trkpt lat="47.188956" lon="39.635033"></trkpt>
      <trkpt lat="47.188329" lon="39.635962"></trkpt>
      <trkpt lat="47.187781" lon="39.636461"></trkpt>
      <trkpt lat="47.186755" lon="39.637005"></trkpt>
      <trkpt lat="47.178086" lon="39.64024"></trkpt>
      <trkpt lat="47.174673" lon="39.641978"></trkpt>
      <trkpt lat="47.174069" lon="39.642143"></trkpt>
      <trkpt lat="47.172776" lon="39.642139"></trkpt>
      <trkpt lat="47.171815" lon="39.642619"></trkpt>
      <trkpt lat="47.170937" lon="39.64356"></trkpt>
      <trkpt lat="47.168997" lon="39.64509"></trkpt>
      <trkpt lat="47.167593" lon="39.646453"></trkpt>
      <trkpt lat="47.146609" lon="39.670597"></trkpt>
      <trkpt lat="47.145269" lon="39.672506"></trkpt>
      <trkpt lat="47.144633" lon="39.673615"></trkpt>
      <trkpt lat="47.143743" lon="39.6756"></trkpt>
      <trkpt lat="47.142722" lon="39.678903"></trkpt>
      <trkpt lat="47.142161" lon="39.681612"></trkpt>
      <trkpt lat="47.141981" lon="39.683357"></trkpt>
      <trkpt lat="47.141703" lon="39.691181"></trkpt>
      <trkpt lat="47.142074" lon="39.694479"></trkpt>
      <trkpt lat="47.142635" lon="39.696657"></trkpt>
      <trkpt lat="47.143375" lon="39.69848"></trkpt>
      <trkpt lat="47.144059" lon="39.699608"></trkpt>
      <trkpt lat="47.146426" lon="39.702732"></trkpt>
      <trkpt lat="47.147745" lon="39.704987"></trkpt>
      <trkpt lat="47.152581" lon="39.716321"></trkpt>
      <trkpt lat="47.153617" lon="39.719051"></trkpt>
      <trkpt lat="47.159617" lon="39.7403"></trkpt>
      <trkpt lat="47.159611" lon="39.741987"></trkpt>
      <trkpt lat="47.159182" lon="39.743507"></trkpt>
      <trkpt lat="47.158864" lon="39.743849"></trkpt>
      <trkpt lat="47.158478" lon="39.743953"></trkpt>
      <trkpt lat="47.158132" lon="39.743826"></trkpt>
      <trkpt lat="47.15778" lon="39.743381"></trkpt>
      <trkpt lat="47.157644" lon="39.742937"></trkpt>
      <trkpt lat="47.157669" lon="39.742177"></trkpt>
      <trkpt lat="47.157972" lon="39.741556"></trkpt>
      <trkpt lat="47.158484" lon="39.741138"></trkpt>
      <trkpt lat="47.159327" lon="39.741028"></trkpt>
      <trkpt lat="47.161419" lon="39.741036"></trkpt>
      <trkpt lat="47.163002" lon="39.741376"></trkpt>
      <trkpt lat="47.165642" lon="39.743157"></trkpt>
      <trkpt lat="47.167045" lon="39.744417"></trkpt>
      <trkpt lat="47.167402" lon="39.745048"></trkpt>
      <trkpt lat="47.167689" lon="39.745937"></trkpt>
      <trkpt lat="47.168202" lon="39.747884"></trkpt>
      <trkpt lat="47.168304" lon="39.748979"></trkpt>
      <trkpt lat="47.168122" lon="39.750079"></trkpt>
      <trkpt lat="47.167644" lon="39.751527"></trkpt>
      <trkpt lat="47.165029" lon="39.757223"></trkpt>
      <trkpt lat="47.162537" lon="39.761239"></trkpt>
      <trkpt lat="47.161053" lon="39.763255"></trkpt>
      <trkpt lat="47.158459" lon="39.766292"></trkpt>
      <trkpt lat="47.155711" lon="39.768927"></trkpt>
      <trkpt lat="47.154385" lon="39.769991"></trkpt>
      <trkpt lat="47.152377" lon="39.771467"></trkpt>
      <trkpt lat="47.15036" lon="39.772764"></trkpt>
      <trkpt lat="47.146964" lon="39.774434"></trkpt>
      <trkpt lat="47.145005" lon="39.775098"></trkpt>
      <trkpt lat="47.14275" lon="39.775665"></trkpt>
      <trkpt lat="47.13931" lon="39.776163"></trkpt>
      <trkpt lat="47.136461" lon="39.776162"></trkpt>
      <trkpt lat="47.133937" lon="39.775835"></trkpt>
      <trkpt lat="47.128241" lon="39.774633"></trkpt>
      <trkpt lat="47.126502" lon="39.774025"></trkpt>
      <trkpt lat="47.120087" lon="39.771044"></trkpt>
      <trkpt lat="47.112161" lon="39.766598"></trkpt>
      <trkpt lat="47.110517" lon="39.765844"></trkpt>
      <trkpt lat="47.107243" lon="39.764684"></trkpt>
      <trkpt lat="47.099143" lon="39.763146"></trkpt>
      <trkpt lat="47.097627" lon="39.76324"></trkpt>
      <trkpt lat="47.096204" lon="39.763642"></trkpt>
      <trkpt lat="47.083331" lon="39.76882"></trkpt>
      <trkpt lat="47.082559" lon="39.768936"></trkpt>
      <trkpt lat="47.081423" lon="39.76882"></trkpt>
      <trkpt lat="47.080376" lon="39.768373"></trkpt>
      <trkpt lat="47.079728" lon="39.76792"></trkpt>
      <trkpt lat="47.078817" lon="39.766932"></trkpt>
      <trkpt lat="47.078254" lon="39.766044"></trkpt>
      <trkpt lat="47.076894" lon="39.763225"></trkpt>
      <trkpt lat="47.071936" lon="39.751855"></trkpt>
      <trkpt lat="47.070681" lon="39.749521"></trkpt>
      <trkpt lat="47.069954" lon="39.748584"></trkpt>
      <trkpt lat="47.068761" lon="39.747377"></trkpt>
      <trkpt lat="47.067538" lon="39.746517"></trkpt>
      <trkpt lat="47.066489" lon="39.746027"></trkpt>
      <trkpt lat="47.064996" lon="39.745663"></trkpt>
      <trkpt lat="47.048909" lon="39.743414"></trkpt>
      <trkpt lat="47.038251" lon="39.741794"></trkpt>
      <trkpt lat="47.017541" lon="39.735292"></trkpt>
      <trkpt lat="47.013237" lon="39.733707"></trkpt>
      <trkpt lat="47.009713" lon="39.732833"></trkpt>
      <trkpt lat="47.005743" lon="39.73161"></trkpt>
      <trkpt lat="46.949653" lon="39.713932"></trkpt>
      <trkpt lat="46.940314" lon="39.710967"></trkpt>
      <trkpt lat="46.937529" lon="39.709986"></trkpt>
      <trkpt lat="46.928351" lon="39.7072"></trkpt>
      <trkpt lat="46.925476" lon="39.706714"></trkpt>
      <trkpt lat="46.878024" lon="39.703982"></trkpt>
      <trkpt lat="46.875699" lon="39.703731"></trkpt>
      <trkpt lat="46.872185" lon="39.70248"></trkpt>
      <trkpt lat="46.869994" lon="39.701346"></trkpt>
      <trkpt lat="46.818111" lon="39.672124"></trkpt>
      <trkpt lat="46.816457" lon="39.67129"></trkpt>
      <trkpt lat="46.815126" lon="39.670863"></trkpt>
      <trkpt lat="46.789124" lon="39.666346"></trkpt>
      <trkpt lat="46.760516" lon="39.661199"></trkpt>
      <trkpt lat="46.704817" lon="39.651515"></trkpt>
      <trkpt lat="46.702396" lon="39.651126"></trkpt>
      <trkpt lat="46.701139" lon="39.651065"></trkpt>
      <trkpt lat="46.69984" lon="39.651148"></trkpt>
      <trkpt lat="46.614474" lon="39.659121"></trkpt>
      <trkpt lat="46.612038" lon="39.659619"></trkpt>
      <trkpt lat="46.601378" lon="39.662377"></trkpt>
      <trkpt lat="46.558425" lon="39.677202"></trkpt>
      <trkpt lat="46.539861" lon="39.683449"></trkpt>
      <trkpt lat="46.506437" lon="39.694914"></trkpt>
      <trkpt lat="46.491008" lon="39.700467"></trkpt>
      <trkpt lat="46.486639" lon="39.701822"></trkpt>
      <trkpt lat="46.432026" lon="39.720545"></trkpt>
      <trkpt lat="46.429633" lon="39.721116"></trkpt>
      <trkpt lat="46.427592" lon="39.721288"></trkpt>
      <trkpt lat="46.414227" lon="39.72067"></trkpt>
      <trkpt lat="46.412627" lon="39.720731"></trkpt>
      <trkpt lat="46.411156" lon="39.721045"></trkpt>
      <trkpt lat="46.408668" lon="39.722152"></trkpt>
      <trkpt lat="46.407658" lon="39.722825"></trkpt>
      <trkpt lat="46.405724" lon="39.724423"></trkpt>
      <trkpt lat="46.33844" lon="39.78238"></trkpt>
      <trkpt lat="46.285677" lon="39.827642"></trkpt>
      <trkpt lat="46.283572" lon="39.829262"></trkpt>
      <trkpt lat="46.282327" lon="39.829985"></trkpt>
      <trkpt lat="46.280583" lon="39.830752"></trkpt>
      <trkpt lat="46.278856" lon="39.83129"></trkpt>
      <trkpt lat="46.277832" lon="39.831481"></trkpt>
      <trkpt lat="46.275864" lon="39.831572"></trkpt>
      <trkpt lat="46.233721" lon="39.831441"></trkpt>
      <trkpt lat="46.230448" lon="39.831235"></trkpt>
      <trkpt lat="46.226942" lon="39.831433"></trkpt>
      <trkpt lat="46.191481" lon="39.831449"></trkpt>
      <trkpt lat="46.189887" lon="39.831527"></trkpt>
      <trkpt lat="46.188269" lon="39.83175"></trkpt>
      <trkpt lat="46.185653" lon="39.832434"></trkpt>
      <trkpt lat="46.183065" lon="39.833471"></trkpt>
      <trkpt lat="46.161225" lon="39.843905"></trkpt>
      <trkpt lat="46.134031" lon="39.856676"></trkpt>
      <trkpt lat="46.132148" lon="39.857677"></trkpt>
      <trkpt lat="46.129839" lon="39.859418"></trkpt>
      <trkpt lat="46.115979" lon="39.872254"></trkpt>
      <trkpt lat="46.114419" lon="39.873883"></trkpt>
      <trkpt lat="46.09818" lon="39.888842"></trkpt>
      <trkpt lat="46.096778" lon="39.890248"></trkpt>
      <trkpt lat="46.095492" lon="39.891828"></trkpt>
      <trkpt lat="46.038811" lon="39.979571"></trkpt>
      <trkpt lat="46.031523" lon="39.990678"></trkpt>
      <trkpt lat="46.028694" lon="39.994135"></trkpt>
      <trkpt lat="46.007183" lon="40.014902"></trkpt>
      <trkpt lat="45.981604" lon="40.039328"></trkpt>
      <trkpt lat="45.922385" lon="40.096261"></trkpt>
      <trkpt lat="45.872153" lon="40.144227"></trkpt>
      <trkpt lat="45.86891" lon="40.147205"></trkpt>
      <trkpt lat="45.783653" lon="40.229388"></trkpt>
      <trkpt lat="45.780196" lon="40.2322"></trkpt>
      <trkpt lat="45.744862" lon="40.25397"></trkpt>
      <trkpt lat="45.74263" lon="40.255596"></trkpt>
      <trkpt lat="45.74025" lon="40.25765"></trkpt>
      <trkpt lat="45.617408" lon="40.377025"></trkpt>
      <trkpt lat="45.480305" lon="40.509311"></trkpt>
      <trkpt lat="45.476543" lon="40.51283"></trkpt>
      <trkpt lat="45.4736" lon="40.51461"></trkpt>
      <trkpt lat="45.440233" lon="40.531706"></trkpt>
      <trkpt lat="45.43534" lon="40.534402"></trkpt>
      <trkpt lat="45.414013" lon="40.54549"></trkpt>
      <trkpt lat="45.412415" lon="40.546149"></trkpt>
      <trkpt lat="45.410661" lon="40.546506"></trkpt>
      <trkpt lat="45.405166" lon="40.546378"></trkpt>
      <trkpt lat="45.404149" lon="40.546486"></trkpt>
      <trkpt lat="45.402552" lon="40.546985"></trkpt>
      <trkpt lat="45.401216" lon="40.547559"></trkpt>
      <trkpt lat="45.396458" lon="40.550081"></trkpt>
      <trkpt lat="45.394798" lon="40.550416"></trkpt>
      <trkpt lat="45.390241" lon="40.550934"></trkpt>
      <trkpt lat="45.388041" lon="40.551899"></trkpt>
      <trkpt lat="45.38334" lon="40.554299"></trkpt>
      <trkpt lat="45.38254" lon="40.554373"></trkpt>
      <trkpt lat="45.382069" lon="40.554132"></trkpt>
      <trkpt lat="45.381674" lon="40.554149"></trkpt>
      <trkpt lat="45.379739" lon="40.555071"></trkpt>
      <trkpt lat="45.379054" lon="40.556398"></trkpt>
      <trkpt lat="45.378413" lon="40.557062"></trkpt>
      <trkpt lat="45.37691" lon="40.558278"></trkpt>
      <trkpt lat="45.374802" lon="40.560498"></trkpt>
      <trkpt lat="45.372716" lon="40.563169"></trkpt>
      <trkpt lat="45.323263" lon="40.627942"></trkpt>
      <trkpt lat="45.286613" lon="40.676289"></trkpt>
      <trkpt lat="45.220555" lon="40.817808"></trkpt>
      <trkpt lat="45.21946" lon="40.820001"></trkpt>
      <trkpt lat="45.217988" lon="40.822283"></trkpt>
      <trkpt lat="45.181343" lon="40.865107"></trkpt>
      <trkpt lat="45.177796" lon="40.869404"></trkpt>
      <trkpt lat="45.163788" lon="40.885604"></trkpt>
      <trkpt lat="45.123168" lon="40.926714"></trkpt>
      <trkpt lat="45.102324" lon="40.945347"></trkpt>
      <trkpt lat="45.100622" lon="40.946882"></trkpt>
      <trkpt lat="45.100392" lon="40.94722"></trkpt>
      <trkpt lat="45.097445" lon="40.949674"></trkpt>
      <trkpt lat="45.09264" lon="40.954111"></trkpt>
      <trkpt lat="45.083544" lon="40.96211"></trkpt>
      <trkpt lat="45.069937" lon="40.974453"></trkpt>
      <trkpt lat="45.035441" lon="41.005397"></trkpt>
      <trkpt lat="45.006872" lon="41.025237"></trkpt>
      <trkpt lat="44.983092" lon="41.041586"></trkpt>
      <trkpt lat="44.981925" lon="41.042562"></trkpt>
      <trkpt lat="44.972862" lon="41.051568"></trkpt>
      <trkpt lat="44.969421" lon="41.054808"></trkpt>
      <trkpt lat="44.968254" lon="41.056162"></trkpt>
      <trkpt lat="44.965246" lon="41.060214"></trkpt>
      <trkpt lat="44.921406" lon="41.135303"></trkpt>
      <trkpt lat="44.91849" lon="41.140718"></trkpt>
      <trkpt lat="44.917524" lon="41.142868"></trkpt>
      <trkpt lat="44.916059" lon="41.146623"></trkpt>
      <trkpt lat="44.91056" lon="41.163395"></trkpt>
      <trkpt lat="44.910129" lon="41.164441"></trkpt>
      <trkpt lat="44.891189" lon="41.205778"></trkpt>
      <trkpt lat="44.835149" lon="41.32739"></trkpt>
      <trkpt lat="44.795058" lon="41.426225"></trkpt>
      <trkpt lat="44.792716" lon="41.432353"></trkpt>
      <trkpt lat="44.792315" lon="41.434014"></trkpt>
      <trkpt lat="44.792131" lon="41.436212"></trkpt>
      <trkpt lat="44.792191" lon="41.439115"></trkpt>
      <trkpt lat="44.792562" lon="41.442704"></trkpt>
      <trkpt lat="44.79332" lon="41.446327"></trkpt>
      <trkpt lat="44.794063" lon="41.448824"></trkpt>
      <trkpt lat="44.797389" lon="41.455447"></trkpt>
      <trkpt lat="44.798286" lon="41.457953"></trkpt>
      <trkpt lat="44.79868" lon="41.461049"></trkpt>
      <trkpt lat="44.798705" lon="41.463648"></trkpt>
      <trkpt lat="44.79851" lon="41.465708"></trkpt>
      <trkpt lat="44.797777" lon="41.469036"></trkpt>
      <trkpt lat="44.794988" lon="41.480021"></trkpt>
      <trkpt lat="44.77359" lon="41.563614"></trkpt>
      <trkpt lat="44.771686" lon="41.570607"></trkpt>
      <trkpt lat="44.76544" lon="41.589553"></trkpt>
      <trkpt lat="44.7646" lon="41.592744"></trkpt>
      <trkpt lat="44.759892" lon="41.615761"></trkpt>
      <trkpt lat="44.71462" lon="41.797194"></trkpt>
      <trkpt lat="44.714247" lon="41.799258"></trkpt>
      <trkpt lat="44.71393" lon="41.802707"></trkpt>
      <trkpt lat="44.713627" lon="41.81627"></trkpt>
      <trkpt lat="44.71333" lon="41.821931"></trkpt>
      <trkpt lat="44.713093" lon="41.839499"></trkpt>
      <trkpt lat="44.712884" lon="41.844473"></trkpt>
      <trkpt lat="44.712871" lon="41.850593"></trkpt>
      <trkpt lat="44.712775" lon="41.852252"></trkpt>
      <trkpt lat="44.71238" lon="41.854225"></trkpt>
      <trkpt lat="44.711966" lon="41.855412"></trkpt>
      <trkpt lat="44.711306" lon="41.856738"></trkpt>
      <trkpt lat="44.710664" lon="41.857689"></trkpt>
      <trkpt lat="44.709747" lon="41.858672"></trkpt>
      <trkpt lat="44.700143" lon="41.86689"></trkpt>
      <trkpt lat="44.69138" lon="41.876334"></trkpt>
      <trkpt lat="44.665812" lon="41.899364"></trkpt>
      <trkpt lat="44.665268" lon="41.900056"></trkpt>
      <trkpt lat="44.663727" lon="41.902719"></trkpt>
      <trkpt lat="44.660841" lon="41.908357"></trkpt>
      <trkpt lat="44.655588" lon="41.921555"></trkpt>
      <trkpt lat="44.646107" lon="41.941473"></trkpt>
      <trkpt lat="44.645223" lon="41.94364"></trkpt>
      <trkpt lat="44.644747" lon="41.945086"></trkpt>
      <trkpt lat="44.64422" lon="41.947328"></trkpt>
      <trkpt lat="44.642244" lon="41.958849"></trkpt>
      <trkpt lat="44.641642" lon="41.959842"></trkpt>
      <trkpt lat="44.641622" lon="41.960169"></trkpt>
      <trkpt lat="44.641838" lon="41.960852"></trkpt>
      <trkpt lat="44.641824" lon="41.961469"></trkpt>
      <trkpt lat="44.619655" lon="42.092875"></trkpt>
      <trkpt lat="44.618631" lon="42.096609"></trkpt>
      <trkpt lat="44.606055" lon="42.138823"></trkpt>
      <trkpt lat="44.60526" lon="42.141849"></trkpt>
      <trkpt lat="44.582286" lon="42.237878"></trkpt>
      <trkpt lat="44.572578" lon="42.278035"></trkpt>
      <trkpt lat="44.571303" lon="42.282554"></trkpt>
      <trkpt lat="44.568584" lon="42.294001"></trkpt>
      <trkpt lat="44.567462" lon="42.299234"></trkpt>
      <trkpt lat="44.564824" lon="42.309794"></trkpt>
      <trkpt lat="44.541669" lon="42.375673"></trkpt>
      <trkpt lat="44.510451" lon="42.4429"></trkpt>
      <trkpt lat="44.509288" lon="42.446186"></trkpt>
      <trkpt lat="44.508727" lon="42.448104"></trkpt>
      <trkpt lat="44.504364" lon="42.465786"></trkpt>
      <trkpt lat="44.503435" lon="42.468905"></trkpt>
      <trkpt lat="44.500952" lon="42.474933"></trkpt>
      <trkpt lat="44.485855" lon="42.509952"></trkpt>
      <trkpt lat="44.444242" lon="42.62345"></trkpt>
      <trkpt lat="44.44311" lon="42.626902"></trkpt>
      <trkpt lat="44.442512" lon="42.629281"></trkpt>
      <trkpt lat="44.442106" lon="42.631235"></trkpt>
      <trkpt lat="44.441592" lon="42.63469"></trkpt>
      <trkpt lat="44.441263" lon="42.639059"></trkpt>
      <trkpt lat="44.440703" lon="42.651516"></trkpt>
      <trkpt lat="44.439795" lon="42.666459"></trkpt>
      <trkpt lat="44.43926" lon="42.670135"></trkpt>
      <trkpt lat="44.438412" lon="42.673441"></trkpt>
      <trkpt lat="44.437267" lon="42.676777"></trkpt>
      <trkpt lat="44.372365" lon="42.839529"></trkpt>
      <trkpt lat="44.371302" lon="42.841896"></trkpt>
      <trkpt lat="44.348828" lon="42.880121"></trkpt>
      <trkpt lat="44.309117" lon="42.933484"></trkpt>
      <trkpt lat="44.306828" lon="42.936956"></trkpt>
      <trkpt lat="44.278117" lon="42.993608"></trkpt>
      <trkpt lat="44.26959" lon="43.010268"></trkpt>
      <trkpt lat="44.267772" lon="43.013269"></trkpt>
      <trkpt lat="44.266795" lon="43.014491"></trkpt>
      <trkpt lat="44.265624" lon="43.015603"></trkpt>
      <trkpt lat="44.262485" lon="43.017737"></trkpt>
      <trkpt lat="44.23845" lon="43.031109"></trkpt>
      <trkpt lat="44.236862" lon="43.032351"></trkpt>
      <trkpt lat="44.234669" lon="43.03472"></trkpt>
      <trkpt lat="44.232742" lon="43.037502"></trkpt>
      <trkpt lat="44.23189" lon="43.039067"></trkpt>
      <trkpt lat="44.230922" lon="43.041258"></trkpt>
      <trkpt lat="44.223855" lon="43.058965"></trkpt>
      <trkpt lat="44.218224" lon="43.072575"></trkpt>
      <trkpt lat="44.217261" lon="43.074338"></trkpt>
      <trkpt lat="44.215855" lon="43.076387"></trkpt>
      <trkpt lat="44.21371" lon="43.078912"></trkpt>
      <trkpt lat="44.212539" lon="43.080493"></trkpt>
      <trkpt lat="44.21031" lon="43.084465"></trkpt>
      <trkpt lat="44.209206" lon="43.087368"></trkpt>
      <trkpt lat="44.208502" lon="43.089847"></trkpt>
      <trkpt lat="44.207397" lon="43.095846"></trkpt>
      <trkpt lat="44.206074" lon="43.100817"></trkpt>
      <trkpt lat="44.196661" lon="43.126046"></trkpt>
      <trkpt lat="44.195892" lon="43.127373"></trkpt>
      <trkpt lat="44.194634" lon="43.128792"></trkpt>
      <trkpt lat="44.19384" lon="43.129358"></trkpt>
      <trkpt lat="44.192696" lon="43.12991"></trkpt>
      <trkpt lat="44.189923" lon="43.130344"></trkpt>
      <trkpt lat="44.166625" lon="43.132243"></trkpt>
      <trkpt lat="44.155896" lon="43.133297"></trkpt>
      <trkpt lat="44.155201" lon="43.133329"></trkpt>
      <trkpt lat="44.154417" lon="43.133141"></trkpt>
      <trkpt lat="44.13971" lon="43.124225"></trkpt>
      <trkpt lat="44.137539" lon="43.122244"></trkpt>
      <trkpt lat="44.136662" lon="43.122125"></trkpt>
      <trkpt lat="44.136186" lon="43.122228"></trkpt>
      <trkpt lat="44.135773" lon="43.122466"></trkpt>
      <trkpt lat="44.134368" lon="43.123774"></trkpt>
      <trkpt lat="44.133683" lon="43.124169"></trkpt>
      <trkpt lat="44.133303" lon="43.124262"></trkpt>
      <trkpt lat="44.132613" lon="43.124142"></trkpt>
      <trkpt lat="44.132009" lon="43.123773"></trkpt>
      <trkpt lat="44.128408" lon="43.119374"></trkpt>
      <trkpt lat="44.122168" lon="43.11079"></trkpt>
      <trkpt lat="44.119317" lon="43.106192"></trkpt>
      <trkpt lat="44.117622" lon="43.104554"></trkpt>
      <trkpt lat="44.111722" lon="43.096329"></trkpt>
      <trkpt lat="44.110428" lon="43.094629"></trkpt>
      <trkpt lat="44.109672" lon="43.093896"></trkpt>
      <trkpt lat="44.108497" lon="43.093315"></trkpt>
      <trkpt lat="44.104465" lon="43.09193"></trkpt>
      <trkpt lat="44.093187" lon="43.088458"></trkpt>
      <trkpt lat="44.091059" lon="43.087508"></trkpt>
      <trkpt lat="44.091337" lon="43.092988"></trkpt>
  </trkseg></trk>
</gpx>
