<?xml version="1.0" encoding="UTF-8"?>
<gpx version="1.1" creator="yatutbuv" xmlns="http://www.topografix.com/GPX/1/1">
  <trk><name>GraphHopper Track</name><trkseg>
      <trkpt lat="41.378664" lon="2.139436"></trkpt>
      <trkpt lat="41.379105" lon="2.138923"></trkpt>
      <trkpt lat="41.379341" lon="2.138851"></trkpt>
      <trkpt lat="41.379136" lon="2.138697"></trkpt>
      <trkpt lat="41.378674" lon="2.138609"></trkpt>
      <trkpt lat="41.382077" lon="2.136282"></trkpt>
      <trkpt lat="41.381359" lon="2.134287"></trkpt>
      <trkpt lat="41.380527" lon="2.131369"></trkpt>
      <trkpt lat="41.379502" lon="2.129355"></trkpt>
      <trkpt lat="41.384729" lon="2.127577"></trkpt>
      <trkpt lat="41.385641" lon="2.127384"></trkpt>
      <trkpt lat="41.386773" lon="2.127359"></trkpt>
      <trkpt lat="41.387868" lon="2.127513"></trkpt>
      <trkpt lat="41.388141" lon="2.128231"></trkpt>
      <trkpt lat="41.388532" lon="2.12814"></trkpt>
      <trkpt lat="41.380994" lon="2.098128"></trkpt>
      <trkpt lat="41.380798" lon="2.095573"></trkpt>
      <trkpt lat="41.381496" lon="2.090321"></trkpt>
      <trkpt lat="41.381495" lon="2.089202"></trkpt>
      <trkpt lat="41.381327" lon="2.088055"></trkpt>
      <trkpt lat="41.381024" lon="2.087034"></trkpt>
      <trkpt lat="41.380513" lon="2.085987"></trkpt>
      <trkpt lat="41.379759" lon="2.085002"></trkpt>
      <trkpt lat="41.377856" lon="2.082935"></trkpt>
      <trkpt lat="41.377319" lon="2.081883"></trkpt>
      <trkpt lat="41.376891" lon="2.080373"></trkpt>
      <trkpt lat="41.375128" lon="2.061728"></trkpt>
      <trkpt lat="41.374807" lon="2.059741"></trkpt>
      <trkpt lat="41.373276" lon="2.05345"></trkpt>
      <trkpt lat="41.372899" lon="2.05085"></trkpt>
      <trkpt lat="41.372858" lon="2.048848"></trkpt>
      <trkpt lat="41.373253" lon="2.038934"></trkpt>
      <trkpt lat="41.373419" lon="2.037806"></trkpt>
      <trkpt lat="41.373904" lon="2.036351"></trkpt>
      <trkpt lat="41.37456" lon="2.035261"></trkpt>
      <trkpt lat="41.375416" lon="2.034377"></trkpt>
      <trkpt lat="41.380827" lon="2.030097"></trkpt>
      <trkpt lat="41.382789" lon="2.029143"></trkpt>
      <trkpt lat="41.388053" lon="2.027178"></trkpt>
      <trkpt lat="41.392357" lon="2.024576"></trkpt>
      <trkpt lat="41.39597" lon="2.023278"></trkpt>
      <trkpt lat="41.397276" lon="2.022633"></trkpt>
      <trkpt lat="41.398617" lon="2.021741"></trkpt>
      <trkpt lat="41.402888" lon="2.018211"></trkpt>
      <trkpt lat="41.418482" lon="2.009323"></trkpt>
      <trkpt lat="41.421536" lon="2.007822"></trkpt>
      <trkpt lat="41.423774" lon="2.006946"></trkpt>
      <trkpt lat="41.425566" lon="2.006443"></trkpt>
      <trkpt lat="41.430499" lon="2.005476"></trkpt>
      <trkpt lat="41.432661" lon="2.004777"></trkpt>
      <trkpt lat="41.435454" lon="2.003336"></trkpt>
      <trkpt lat="41.439299" lon="2.00076"></trkpt>
      <trkpt lat="41.442369" lon="1.999527"></trkpt>
      <trkpt lat="41.44334" lon="1.998986"></trkpt>
      <trkpt lat="41.444631" lon="1.997937"></trkpt>
      <trkpt lat="41.445398" lon="1.997101"></trkpt>
      <trkpt lat="41.446019" lon="1.996222"></trkpt>
      <trkpt lat="41.446979" lon="1.994292"></trkpt>
      <trkpt lat="41.448192" lon="1.990605"></trkpt>
      <trkpt lat="41.44915" lon="1.988587"></trkpt>
      <trkpt lat="41.450393" lon="1.986791"></trkpt>
      <trkpt lat="41.452058" lon="1.985081"></trkpt>
      <trkpt lat="41.454303" lon="1.983413"></trkpt>
      <trkpt lat="41.456827" lon="1.982066"></trkpt>
      <trkpt lat="41.459169" lon="1.981231"></trkpt>
      <trkpt lat="41.46291" lon="1.98036"></trkpt>
      <trkpt lat="41.464239" lon="1.979939"></trkpt>
      <trkpt lat="41.465655" lon="1.979209"></trkpt>
      <trkpt lat="41.466949" lon="1.978115"></trkpt>
      <trkpt lat="41.468216" lon="1.976381"></trkpt>
      <trkpt lat="41.468861" lon="1.975017"></trkpt>
      <trkpt lat="41.469225" lon="1.973918"></trkpt>
      <trkpt lat="41.469641" lon="1.971559"></trkpt>
      <trkpt lat="41.469676" lon="1.96779"></trkpt>
      <trkpt lat="41.469876" lon="1.966109"></trkpt>
      <trkpt lat="41.470508" lon="1.963801"></trkpt>
      <trkpt lat="41.471577" lon="1.961163"></trkpt>
      <trkpt lat="41.472073" lon="1.958827"></trkpt>
      <trkpt lat="41.472139" lon="1.956772"></trkpt>
      <trkpt lat="41.471961" lon="1.955192"></trkpt>
      <trkpt lat="41.470777" lon="1.950931"></trkpt>
      <trkpt lat="41.470521" lon="1.949158"></trkpt>
      <trkpt lat="41.470489" lon="1.947582"></trkpt>
      <trkpt lat="41.47054" lon="1.946632"></trkpt>
      <trkpt lat="41.470979" lon="1.944355"></trkpt>
      <trkpt lat="41.472609" lon="1.940036"></trkpt>
      <trkpt lat="41.473081" lon="1.938152"></trkpt>
      <trkpt lat="41.473252" lon="1.935624"></trkpt>
      <trkpt lat="41.473032" lon="1.93364"></trkpt>
      <trkpt lat="41.472066" lon="1.929997"></trkpt>
      <trkpt lat="41.471495" lon="1.926652"></trkpt>
      <trkpt lat="41.470945" lon="1.924765"></trkpt>
      <trkpt lat="41.469952" lon="1.922728"></trkpt>
      <trkpt lat="41.467782" lon="1.919673"></trkpt>
      <trkpt lat="41.467145" lon="1.918476"></trkpt>
      <trkpt lat="41.466362" lon="1.916349"></trkpt>
      <trkpt lat="41.465432" lon="1.912726"></trkpt>
      <trkpt lat="41.464112" lon="1.909975"></trkpt>
      <trkpt lat="41.463579" lon="1.908611"></trkpt>
      <trkpt lat="41.463077" lon="1.906804"></trkpt>
      <trkpt lat="41.462372" lon="1.903031"></trkpt>
      <trkpt lat="41.46195" lon="1.901369"></trkpt>
      <trkpt lat="41.460411" lon="1.896919"></trkpt>
      <trkpt lat="41.459358" lon="1.893065"></trkpt>
      <trkpt lat="41.458664" lon="1.891145"></trkpt>
      <trkpt lat="41.458009" lon="1.889832"></trkpt>
      <trkpt lat="41.457165" lon="1.888484"></trkpt>
      <trkpt lat="41.454828" lon="1.885573"></trkpt>
      <trkpt lat="41.45407" lon="1.88438"></trkpt>
      <trkpt lat="41.45223" lon="1.880654"></trkpt>
      <trkpt lat="41.45127" lon="1.879087"></trkpt>
      <trkpt lat="41.448859" lon="1.876431"></trkpt>
      <trkpt lat="41.447597" lon="1.874518"></trkpt>
      <trkpt lat="41.446471" lon="1.87209"></trkpt>
      <trkpt lat="41.4459" lon="1.870197"></trkpt>
      <trkpt lat="41.44554" lon="1.868216"></trkpt>
      <trkpt lat="41.445412" lon="1.866611"></trkpt>
      <trkpt lat="41.44534" lon="1.862646"></trkpt>
      <trkpt lat="41.445069" lon="1.86058"></trkpt>
      <trkpt lat="41.443393" lon="1.854528"></trkpt>
      <trkpt lat="41.442473" lon="1.848644"></trkpt>
      <trkpt lat="41.441954" lon="1.846848"></trkpt>
      <trkpt lat="41.44145" lon="1.845655"></trkpt>
      <trkpt lat="41.44084" lon="1.844519"></trkpt>
      <trkpt lat="41.440029" lon="1.843346"></trkpt>
      <trkpt lat="41.438354" lon="1.84167"></trkpt>
      <trkpt lat="41.436658" lon="1.840652"></trkpt>
      <trkpt lat="41.433265" lon="1.839448"></trkpt>
      <trkpt lat="41.431926" lon="1.838583"></trkpt>
      <trkpt lat="41.43065" lon="1.837443"></trkpt>
      <trkpt lat="41.428343" lon="1.83475"></trkpt>
      <trkpt lat="41.426831" lon="1.832671"></trkpt>
      <trkpt lat="41.425441" lon="1.83037"></trkpt>
      <trkpt lat="41.424359" lon="1.827968"></trkpt>
      <trkpt lat="41.423771" lon="1.826178"></trkpt>
      <trkpt lat="41.423278" lon="1.82416"></trkpt>
      <trkpt lat="41.422752" lon="1.820916"></trkpt>
      <trkpt lat="41.42192" lon="1.813522"></trkpt>
      <trkpt lat="41.420225" lon="1.805902"></trkpt>
      <trkpt lat="41.419907" lon="1.803495"></trkpt>
      <trkpt lat="41.419614" lon="1.799239"></trkpt>
      <trkpt lat="41.419378" lon="1.797666"></trkpt>
      <trkpt lat="41.419016" lon="1.796129"></trkpt>
      <trkpt lat="41.418534" lon="1.794701"></trkpt>
      <trkpt lat="41.417858" lon="1.793184"></trkpt>
      <trkpt lat="41.417023" lon="1.79174"></trkpt>
      <trkpt lat="41.414299" lon="1.788247"></trkpt>
      <trkpt lat="41.411648" lon="1.783554"></trkpt>
      <trkpt lat="41.410777" lon="1.782429"></trkpt>
      <trkpt lat="41.409696" lon="1.781319"></trkpt>
      <trkpt lat="41.408378" lon="1.780315"></trkpt>
      <trkpt lat="41.406768" lon="1.779471"></trkpt>
      <trkpt lat="41.405417" lon="1.779043"></trkpt>
      <trkpt lat="41.403125" lon="1.778588"></trkpt>
      <trkpt lat="41.402146" lon="1.778259"></trkpt>
      <trkpt lat="41.400994" lon="1.777706"></trkpt>
      <trkpt lat="41.40012" lon="1.777142"></trkpt>
      <trkpt lat="41.398911" lon="1.776128"></trkpt>
      <trkpt lat="41.397275" lon="1.774176"></trkpt>
      <trkpt lat="41.396014" lon="1.771906"></trkpt>
      <trkpt lat="41.394547" lon="1.767834"></trkpt>
      <trkpt lat="41.393286" lon="1.765122"></trkpt>
      <trkpt lat="41.39209" lon="1.76327"></trkpt>
      <trkpt lat="41.38944" lon="1.759999"></trkpt>
      <trkpt lat="41.388661" lon="1.758735"></trkpt>
      <trkpt lat="41.387921" lon="1.757183"></trkpt>
      <trkpt lat="41.387339" lon="1.755519"></trkpt>
      <trkpt lat="41.386885" lon="1.753542"></trkpt>
      <trkpt lat="41.386347" lon="1.747533"></trkpt>
      <trkpt lat="41.385662" lon="1.744675"></trkpt>
      <trkpt lat="41.384854" lon="1.742684"></trkpt>
      <trkpt lat="41.384107" lon="1.741322"></trkpt>
      <trkpt lat="41.383141" lon="1.739954"></trkpt>
      <trkpt lat="41.381934" lon="1.738653"></trkpt>
      <trkpt lat="41.38009" lon="1.737274"></trkpt>
      <trkpt lat="41.376626" lon="1.735674"></trkpt>
      <trkpt lat="41.374891" lon="1.73444"></trkpt>
      <trkpt lat="41.373449" lon="1.732933"></trkpt>
      <trkpt lat="41.37065" lon="1.728991"></trkpt>
      <trkpt lat="41.369269" lon="1.727687"></trkpt>
      <trkpt lat="41.368032" lon="1.726779"></trkpt>
      <trkpt lat="41.36672" lon="1.72612"></trkpt>
      <trkpt lat="41.36521" lon="1.725661"></trkpt>
      <trkpt lat="41.363661" lon="1.725496"></trkpt>
      <trkpt lat="41.360695" lon="1.72549"></trkpt>
      <trkpt lat="41.359569" lon="1.725275"></trkpt>
      <trkpt lat="41.357901" lon="1.724646"></trkpt>
      <trkpt lat="41.355993" lon="1.723402"></trkpt>
      <trkpt lat="41.352439" lon="1.719893"></trkpt>
      <trkpt lat="41.351071" lon="1.718966"></trkpt>
      <trkpt lat="41.349544" lon="1.718288"></trkpt>
      <trkpt lat="41.347496" lon="1.717866"></trkpt>
      <trkpt lat="41.344047" lon="1.717967"></trkpt>
      <trkpt lat="41.342114" lon="1.717815"></trkpt>
      <trkpt lat="41.3403" lon="1.717388"></trkpt>
      <trkpt lat="41.338402" lon="1.716619"></trkpt>
      <trkpt lat="41.336052" lon="1.715165"></trkpt>
      <trkpt lat="41.334149" lon="1.713479"></trkpt>
      <trkpt lat="41.332549" lon="1.711597"></trkpt>
      <trkpt lat="41.331057" lon="1.709196"></trkpt>
      <trkpt lat="41.330112" lon="1.706854"></trkpt>
      <trkpt lat="41.329702" lon="1.705322"></trkpt>
      <trkpt lat="41.329426" lon="1.703738"></trkpt>
      <trkpt lat="41.329281" lon="1.700864"></trkpt>
      <trkpt lat="41.329674" lon="1.69665"></trkpt>
      <trkpt lat="41.32968" lon="1.693698"></trkpt>
      <trkpt lat="41.329223" lon="1.690784"></trkpt>
      <trkpt lat="41.327894" lon="1.686"></trkpt>
      <trkpt lat="41.327567" lon="1.682769"></trkpt>
      <trkpt lat="41.327713" lon="1.680126"></trkpt>
      <trkpt lat="41.328119" lon="1.677975"></trkpt>
      <trkpt lat="41.328636" lon="1.676296"></trkpt>
      <trkpt lat="41.330059" lon="1.672684"></trkpt>
      <trkpt lat="41.330636" lon="1.670364"></trkpt>
      <trkpt lat="41.330907" lon="1.667935"></trkpt>
      <trkpt lat="41.330883" lon="1.66569"></trkpt>
      <trkpt lat="41.33062" lon="1.663135"></trkpt>
      <trkpt lat="41.329669" lon="1.658321"></trkpt>
      <trkpt lat="41.328942" lon="1.655472"></trkpt>
      <trkpt lat="41.327507" lon="1.651221"></trkpt>
      <trkpt lat="41.326489" lon="1.64874"></trkpt>
      <trkpt lat="41.325017" lon="1.645615"></trkpt>
      <trkpt lat="41.324128" lon="1.643991"></trkpt>
      <trkpt lat="41.323352" lon="1.642887"></trkpt>
      <trkpt lat="41.322659" lon="1.642037"></trkpt>
      <trkpt lat="41.321541" lon="1.640946"></trkpt>
      <trkpt lat="41.318128" lon="1.638618"></trkpt>
      <trkpt lat="41.317146" lon="1.637731"></trkpt>
      <trkpt lat="41.316025" lon="1.636422"></trkpt>
      <trkpt lat="41.315166" lon="1.635136"></trkpt>
      <trkpt lat="41.314133" lon="1.633015"></trkpt>
      <trkpt lat="41.312749" lon="1.628308"></trkpt>
      <trkpt lat="41.311599" lon="1.625624"></trkpt>
      <trkpt lat="41.310338" lon="1.623574"></trkpt>
      <trkpt lat="41.30736" lon="1.620226"></trkpt>
      <trkpt lat="41.306261" lon="1.618505"></trkpt>
      <trkpt lat="41.305772" lon="1.61748"></trkpt>
      <trkpt lat="41.304908" lon="1.614892"></trkpt>
      <trkpt lat="41.304142" lon="1.611156"></trkpt>
      <trkpt lat="41.303602" lon="1.609235"></trkpt>
      <trkpt lat="41.302575" lon="1.606702"></trkpt>
      <trkpt lat="41.301252" lon="1.604413"></trkpt>
      <trkpt lat="41.299912" lon="1.602693"></trkpt>
      <trkpt lat="41.298143" lon="1.601018"></trkpt>
      <trkpt lat="41.297035" lon="1.60022"></trkpt>
      <trkpt lat="41.294117" lon="1.598604"></trkpt>
      <trkpt lat="41.292749" lon="1.597575"></trkpt>
      <trkpt lat="41.291568" lon="1.596363"></trkpt>
      <trkpt lat="41.290262" lon="1.594524"></trkpt>
      <trkpt lat="41.289449" lon="1.592919"></trkpt>
      <trkpt lat="41.28859" lon="1.590458"></trkpt>
      <trkpt lat="41.288237" lon="1.58879"></trkpt>
      <trkpt lat="41.287738" lon="1.585267"></trkpt>
      <trkpt lat="41.287122" lon="1.582883"></trkpt>
      <trkpt lat="41.286364" lon="1.581022"></trkpt>
      <trkpt lat="41.285801" lon="1.579946"></trkpt>
      <trkpt lat="41.284" lon="1.577253"></trkpt>
      <trkpt lat="41.283274" lon="1.576031"></trkpt>
      <trkpt lat="41.282729" lon="1.57485"></trkpt>
      <trkpt lat="41.282321" lon="1.573747"></trkpt>
      <trkpt lat="41.28088" lon="1.568711"></trkpt>
      <trkpt lat="41.280026" lon="1.566477"></trkpt>
      <trkpt lat="41.278845" lon="1.564039"></trkpt>
      <trkpt lat="41.277685" lon="1.562116"></trkpt>
      <trkpt lat="41.275874" lon="1.559703"></trkpt>
      <trkpt lat="41.27232" lon="1.555781"></trkpt>
      <trkpt lat="41.271244" lon="1.55408"></trkpt>
      <trkpt lat="41.270545" lon="1.55252"></trkpt>
      <trkpt lat="41.269809" lon="1.550103"></trkpt>
      <trkpt lat="41.269238" lon="1.547441"></trkpt>
      <trkpt lat="41.268268" lon="1.544317"></trkpt>
      <trkpt lat="41.268008" lon="1.542616"></trkpt>
      <trkpt lat="41.268008" lon="1.540513"></trkpt>
      <trkpt lat="41.268244" lon="1.538859"></trkpt>
      <trkpt lat="41.26877" lon="1.536444"></trkpt>
      <trkpt lat="41.269843" lon="1.532807"></trkpt>
      <trkpt lat="41.270746" lon="1.530392"></trkpt>
      <trkpt lat="41.273504" lon="1.5241"></trkpt>
      <trkpt lat="41.274249" lon="1.522108"></trkpt>
      <trkpt lat="41.274861" lon="1.520172"></trkpt>
      <trkpt lat="41.276596" lon="1.513291"></trkpt>
      <trkpt lat="41.277554" lon="1.510326"></trkpt>
      <trkpt lat="41.27857" lon="1.507876"></trkpt>
      <trkpt lat="41.281561" lon="1.501995"></trkpt>
      <trkpt lat="41.282851" lon="1.498973"></trkpt>
      <trkpt lat="41.284232" lon="1.494397"></trkpt>
      <trkpt lat="41.28493" lon="1.490863"></trkpt>
      <trkpt lat="41.285392" lon="1.486512"></trkpt>
      <trkpt lat="41.285402" lon="1.482274"></trkpt>
      <trkpt lat="41.285125" lon="1.478811"></trkpt>
      <trkpt lat="41.284004" lon="1.471396"></trkpt>
      <trkpt lat="41.283892" lon="1.468889"></trkpt>
      <trkpt lat="41.284048" lon="1.466245"></trkpt>
      <trkpt lat="41.284892" lon="1.461073"></trkpt>
      <trkpt lat="41.285093" lon="1.458932"></trkpt>
      <trkpt lat="41.284873" lon="1.450925"></trkpt>
      <trkpt lat="41.284985" lon="1.449019"></trkpt>
      <trkpt lat="41.285515" lon="1.445443"></trkpt>
      <trkpt lat="41.286" lon="1.443573"></trkpt>
      <trkpt lat="41.287261" lon="1.440248"></trkpt>
      <trkpt lat="41.288685" lon="1.437201"></trkpt>
      <trkpt lat="41.289269" lon="1.435722"></trkpt>
      <trkpt lat="41.289732" lon="1.434137"></trkpt>
      <trkpt lat="41.290063" lon="1.432476"></trkpt>
      <trkpt lat="41.290262" lon="1.429848"></trkpt>
      <trkpt lat="41.290107" lon="1.427169"></trkpt>
      <trkpt lat="41.289789" lon="1.425371"></trkpt>
      <trkpt lat="41.288099" lon="1.420064"></trkpt>
      <trkpt lat="41.287419" lon="1.416957"></trkpt>
      <trkpt lat="41.287187" lon="1.414353"></trkpt>
      <trkpt lat="41.287337" lon="1.410823"></trkpt>
      <trkpt lat="41.287883" lon="1.407905"></trkpt>
      <trkpt lat="41.289342" lon="1.402811"></trkpt>
      <trkpt lat="41.290309" lon="1.395729"></trkpt>
      <trkpt lat="41.291154" lon="1.392313"></trkpt>
      <trkpt lat="41.291809" lon="1.390508"></trkpt>
      <trkpt lat="41.293002" lon="1.388046"></trkpt>
      <trkpt lat="41.295947" lon="1.383523"></trkpt>
      <trkpt lat="41.296701" lon="1.38209"></trkpt>
      <trkpt lat="41.297524" lon="1.379747"></trkpt>
      <trkpt lat="41.297895" lon="1.377846"></trkpt>
      <trkpt lat="41.297996" lon="1.376382"></trkpt>
      <trkpt lat="41.297957" lon="1.374451"></trkpt>
      <trkpt lat="41.29777" lon="1.372974"></trkpt>
      <trkpt lat="41.297502" lon="1.371848"></trkpt>
      <trkpt lat="41.297222" lon="1.370838"></trkpt>
      <trkpt lat="41.296506" lon="1.369173"></trkpt>
      <trkpt lat="41.294985" lon="1.36647"></trkpt>
      <trkpt lat="41.294259" lon="1.364831"></trkpt>
      <trkpt lat="41.293894" lon="1.363825"></trkpt>
      <trkpt lat="41.293378" lon="1.361422"></trkpt>
      <trkpt lat="41.293294" lon="1.359074"></trkpt>
      <trkpt lat="41.293457" lon="1.357065"></trkpt>
      <trkpt lat="41.293759" lon="1.35568"></trkpt>
      <trkpt lat="41.294655" lon="1.353227"></trkpt>
      <trkpt lat="41.295732" lon="1.351394"></trkpt>
      <trkpt lat="41.296633" lon="1.350291"></trkpt>
      <trkpt lat="41.297841" lon="1.349194"></trkpt>
      <trkpt lat="41.298875" lon="1.348548"></trkpt>
      <trkpt lat="41.301774" lon="1.347379"></trkpt>
      <trkpt lat="41.303037" lon="1.346743"></trkpt>
      <trkpt lat="41.304228" lon="1.345975"></trkpt>
      <trkpt lat="41.30562" lon="1.344779"></trkpt>
      <trkpt lat="41.306893" lon="1.343395"></trkpt>
      <trkpt lat="41.308797" lon="1.340785"></trkpt>
      <trkpt lat="41.31045" lon="1.338782"></trkpt>
      <trkpt lat="41.311999" lon="1.337327"></trkpt>
      <trkpt lat="41.313888" lon="1.335825"></trkpt>
      <trkpt lat="41.317337" lon="1.333508"></trkpt>
      <trkpt lat="41.319052" lon="1.332023"></trkpt>
      <trkpt lat="41.323706" lon="1.327388"></trkpt>
      <trkpt lat="41.325077" lon="1.326366"></trkpt>
      <trkpt lat="41.327451" lon="1.324959"></trkpt>
      <trkpt lat="41.329777" lon="1.324032"></trkpt>
      <trkpt lat="41.33347" lon="1.323139"></trkpt>
      <trkpt lat="41.339883" lon="1.322324"></trkpt>
      <trkpt lat="41.342989" lon="1.321294"></trkpt>
      <trkpt lat="41.344413" lon="1.320659"></trkpt>
      <trkpt lat="41.347448" lon="1.318642"></trkpt>
      <trkpt lat="41.352128" lon="1.314582"></trkpt>
      <trkpt lat="41.3532" lon="1.31378"></trkpt>
      <trkpt lat="41.355642" lon="1.312203"></trkpt>
      <trkpt lat="41.359689" lon="1.309921"></trkpt>
      <trkpt lat="41.361618" lon="1.308658"></trkpt>
      <trkpt lat="41.362853" lon="1.307687"></trkpt>
      <trkpt lat="41.365431" lon="1.305247"></trkpt>
      <trkpt lat="41.367535" lon="1.302939"></trkpt>
      <trkpt lat="41.369884" lon="1.30059"></trkpt>
      <trkpt lat="41.372023" lon="1.2989"></trkpt>
      <trkpt lat="41.373536" lon="1.297958"></trkpt>
      <trkpt lat="41.375142" lon="1.297125"></trkpt>
      <trkpt lat="41.381" lon="1.294854"></trkpt>
      <trkpt lat="41.381666" lon="1.294489"></trkpt>
      <trkpt lat="41.382922" lon="1.293553"></trkpt>
      <trkpt lat="41.383965" lon="1.292609"></trkpt>
      <trkpt lat="41.385144" lon="1.291253"></trkpt>
      <trkpt lat="41.386355" lon="1.289313"></trkpt>
      <trkpt lat="41.387237" lon="1.287382"></trkpt>
      <trkpt lat="41.389175" lon="1.281998"></trkpt>
      <trkpt lat="41.390595" lon="1.279432"></trkpt>
      <trkpt lat="41.391757" lon="1.277692"></trkpt>
      <trkpt lat="41.392705" lon="1.276"></trkpt>
      <trkpt lat="41.393318" lon="1.27443"></trkpt>
      <trkpt lat="41.393891" lon="1.272116"></trkpt>
      <trkpt lat="41.394095" lon="1.269469"></trkpt>
      <trkpt lat="41.393921" lon="1.267298"></trkpt>
      <trkpt lat="41.392594" lon="1.26171"></trkpt>
      <trkpt lat="41.391809" lon="1.257015"></trkpt>
      <trkpt lat="41.39186" lon="1.252329"></trkpt>
      <trkpt lat="41.39242" lon="1.243995"></trkpt>
      <trkpt lat="41.392311" lon="1.241583"></trkpt>
      <trkpt lat="41.391352" lon="1.232682"></trkpt>
      <trkpt lat="41.391467" lon="1.228073"></trkpt>
      <trkpt lat="41.391674" lon="1.225224"></trkpt>
      <trkpt lat="41.391564" lon="1.221086"></trkpt>
      <trkpt lat="41.391189" lon="1.218388"></trkpt>
      <trkpt lat="41.390083" lon="1.214014"></trkpt>
      <trkpt lat="41.388685" lon="1.209444"></trkpt>
      <trkpt lat="41.38804" lon="1.205565"></trkpt>
      <trkpt lat="41.387885" lon="1.202388"></trkpt>
      <trkpt lat="41.388169" lon="1.196201"></trkpt>
      <trkpt lat="41.388123" lon="1.192622"></trkpt>
      <trkpt lat="41.387725" lon="1.188891"></trkpt>
      <trkpt lat="41.38673" lon="1.182447"></trkpt>
      <trkpt lat="41.386652" lon="1.180033"></trkpt>
      <trkpt lat="41.386731" lon="1.178531"></trkpt>
      <trkpt lat="41.386986" lon="1.176388"></trkpt>
      <trkpt lat="41.387861" lon="1.172846"></trkpt>
      <trkpt lat="41.388534" lon="1.171055"></trkpt>
      <trkpt lat="41.389375" lon="1.169353"></trkpt>
      <trkpt lat="41.391092" lon="1.166697"></trkpt>
      <trkpt lat="41.39557" lon="1.161931"></trkpt>
      <trkpt lat="41.397659" lon="1.159391"></trkpt>
      <trkpt lat="41.399281" lon="1.156878"></trkpt>
      <trkpt lat="41.401096" lon="1.153256"></trkpt>
      <trkpt lat="41.401959" lon="1.150956"></trkpt>
      <trkpt lat="41.402648" lon="1.148716"></trkpt>
      <trkpt lat="41.403556" lon="1.144364"></trkpt>
      <trkpt lat="41.404155" lon="1.137181"></trkpt>
      <trkpt lat="41.40456" lon="1.134116"></trkpt>
      <trkpt lat="41.405175" lon="1.131385"></trkpt>
      <trkpt lat="41.407128" lon="1.125335"></trkpt>
      <trkpt lat="41.407418" lon="1.123911"></trkpt>
      <trkpt lat="41.407534" lon="1.122503"></trkpt>
      <trkpt lat="41.407514" lon="1.120581"></trkpt>
      <trkpt lat="41.406793" lon="1.115769"></trkpt>
      <trkpt lat="41.406739" lon="1.113117"></trkpt>
      <trkpt lat="41.407051" lon="1.110858"></trkpt>
      <trkpt lat="41.408429" lon="1.105294"></trkpt>
      <trkpt lat="41.408585" lon="1.102927"></trkpt>
      <trkpt lat="41.408297" lon="1.096515"></trkpt>
      <trkpt lat="41.408502" lon="1.094425"></trkpt>
      <trkpt lat="41.409182" lon="1.090394"></trkpt>
      <trkpt lat="41.409304" lon="1.088256"></trkpt>
      <trkpt lat="41.409214" lon="1.084904"></trkpt>
      <trkpt lat="41.409376" lon="1.082508"></trkpt>
      <trkpt lat="41.410148" lon="1.079364"></trkpt>
      <trkpt lat="41.410817" lon="1.077227"></trkpt>
      <trkpt lat="41.411255" lon="1.075245"></trkpt>
      <trkpt lat="41.411474" lon="1.072545"></trkpt>
      <trkpt lat="41.411395" lon="1.070494"></trkpt>
      <trkpt lat="41.411242" lon="1.069399"></trkpt>
      <trkpt lat="41.40979" lon="1.062947"></trkpt>
      <trkpt lat="41.409625" lon="1.06084"></trkpt>
      <trkpt lat="41.409649" lon="1.059485"></trkpt>
      <trkpt lat="41.409847" lon="1.057498"></trkpt>
      <trkpt lat="41.41016" lon="1.055962"></trkpt>
      <trkpt lat="41.411929" lon="1.050109"></trkpt>
      <trkpt lat="41.412302" lon="1.047824"></trkpt>
      <trkpt lat="41.41248" lon="1.045551"></trkpt>
      <trkpt lat="41.412466" lon="1.043783"></trkpt>
      <trkpt lat="41.412304" lon="1.042011"></trkpt>
      <trkpt lat="41.411987" lon="1.040004"></trkpt>
      <trkpt lat="41.410879" lon="1.034892"></trkpt>
      <trkpt lat="41.410585" lon="1.032777"></trkpt>
      <trkpt lat="41.410428" lon="1.029988"></trkpt>
      <trkpt lat="41.410567" lon="1.026549"></trkpt>
      <trkpt lat="41.411021" lon="1.023556"></trkpt>
      <trkpt lat="41.41229" lon="1.017829"></trkpt>
      <trkpt lat="41.413312" lon="1.00994"></trkpt>
      <trkpt lat="41.413818" lon="1.007862"></trkpt>
      <trkpt lat="41.415312" lon="1.003159"></trkpt>
      <trkpt lat="41.415814" lon="1.000574"></trkpt>
      <trkpt lat="41.415973" lon="0.998572"></trkpt>
      <trkpt lat="41.415953" lon="0.997433"></trkpt>
      <trkpt lat="41.415365" lon="0.991297"></trkpt>
      <trkpt lat="41.415413" lon="0.98818"></trkpt>
      <trkpt lat="41.415638" lon="0.986596"></trkpt>
      <trkpt lat="41.41611" lon="0.984682"></trkpt>
      <trkpt lat="41.417885" lon="0.980139"></trkpt>
      <trkpt lat="41.418444" lon="0.977944"></trkpt>
      <trkpt lat="41.418693" lon="0.975129"></trkpt>
      <trkpt lat="41.418488" lon="0.9703"></trkpt>
      <trkpt lat="41.418542" lon="0.969269"></trkpt>
      <trkpt lat="41.418874" lon="0.967371"></trkpt>
      <trkpt lat="41.419485" lon="0.965391"></trkpt>
      <trkpt lat="41.42139" lon="0.961272"></trkpt>
      <trkpt lat="41.422016" lon="0.959466"></trkpt>
      <trkpt lat="41.422544" lon="0.956954"></trkpt>
      <trkpt lat="41.423038" lon="0.952561"></trkpt>
      <trkpt lat="41.423709" lon="0.949845"></trkpt>
      <trkpt lat="41.424753" lon="0.947387"></trkpt>
      <trkpt lat="41.427189" lon="0.943589"></trkpt>
      <trkpt lat="41.428176" lon="0.941659"></trkpt>
      <trkpt lat="41.429029" lon="0.939074"></trkpt>
      <trkpt lat="41.430121" lon="0.933889"></trkpt>
      <trkpt lat="41.430619" lon="0.932267"></trkpt>
      <trkpt lat="41.431274" lon="0.930629"></trkpt>
      <trkpt lat="41.432017" lon="0.929132"></trkpt>
      <trkpt lat="41.433009" lon="0.927564"></trkpt>
      <trkpt lat="41.433738" lon="0.926574"></trkpt>
      <trkpt lat="41.435216" lon="0.924989"></trkpt>
      <trkpt lat="41.436486" lon="0.923918"></trkpt>
      <trkpt lat="41.439515" lon="0.92196"></trkpt>
      <trkpt lat="41.440775" lon="0.920981"></trkpt>
      <trkpt lat="41.441798" lon="0.919831"></trkpt>
      <trkpt lat="41.442686" lon="0.918483"></trkpt>
      <trkpt lat="41.443413" lon="0.917067"></trkpt>
      <trkpt lat="41.444012" lon="0.915376"></trkpt>
      <trkpt lat="41.444398" lon="0.913368"></trkpt>
      <trkpt lat="41.444932" lon="0.908991"></trkpt>
      <trkpt lat="41.445311" lon="0.907265"></trkpt>
      <trkpt lat="41.445845" lon="0.905789"></trkpt>
      <trkpt lat="41.446837" lon="0.90395"></trkpt>
      <trkpt lat="41.448344" lon="0.902126"></trkpt>
      <trkpt lat="41.450991" lon="0.900036"></trkpt>
      <trkpt lat="41.451965" lon="0.899127"></trkpt>
      <trkpt lat="41.452935" lon="0.898064"></trkpt>
      <trkpt lat="41.45536" lon="0.894974"></trkpt>
      <trkpt lat="41.456363" lon="0.894047"></trkpt>
      <trkpt lat="41.45727" lon="0.893412"></trkpt>
      <trkpt lat="41.45839" lon="0.892906"></trkpt>
      <trkpt lat="41.462091" lon="0.891669"></trkpt>
      <trkpt lat="41.464147" lon="0.89058"></trkpt>
      <trkpt lat="41.468919" lon="0.886803"></trkpt>
      <trkpt lat="41.470053" lon="0.88614"></trkpt>
      <trkpt lat="41.473708" lon="0.884466"></trkpt>
      <trkpt lat="41.47526" lon="0.883396"></trkpt>
      <trkpt lat="41.476295" lon="0.882426"></trkpt>
      <trkpt lat="41.47726" lon="0.881207"></trkpt>
      <trkpt lat="41.478186" lon="0.879705"></trkpt>
      <trkpt lat="41.480729" lon="0.874476"></trkpt>
      <trkpt lat="41.48236" lon="0.871911"></trkpt>
      <trkpt lat="41.483877" lon="0.870066"></trkpt>
      <trkpt lat="41.484938" lon="0.868985"></trkpt>
      <trkpt lat="41.489134" lon="0.865081"></trkpt>
      <trkpt lat="41.491282" lon="0.862571"></trkpt>
      <trkpt lat="41.493101" lon="0.859959"></trkpt>
      <trkpt lat="41.496387" lon="0.854221"></trkpt>
      <trkpt lat="41.497871" lon="0.851896"></trkpt>
      <trkpt lat="41.49981" lon="0.849374"></trkpt>
      <trkpt lat="41.505182" lon="0.843433"></trkpt>
      <trkpt lat="41.507857" lon="0.839407"></trkpt>
      <trkpt lat="41.509664" lon="0.835874"></trkpt>
      <trkpt lat="41.510825" lon="0.833002"></trkpt>
      <trkpt lat="41.51195" lon="0.829477"></trkpt>
      <trkpt lat="41.512798" lon="0.825537"></trkpt>
      <trkpt lat="41.513184" lon="0.82298"></trkpt>
      <trkpt lat="41.513415" lon="0.820456"></trkpt>
      <trkpt lat="41.513645" lon="0.811381"></trkpt>
      <trkpt lat="41.514548" lon="0.804859"></trkpt>
      <trkpt lat="41.514714" lon="0.80123"></trkpt>
      <trkpt lat="41.514391" lon="0.797415"></trkpt>
      <trkpt lat="41.51365" lon="0.794013"></trkpt>
      <trkpt lat="41.512881" lon="0.791729"></trkpt>
      <trkpt lat="41.510344" lon="0.78623"></trkpt>
      <trkpt lat="41.509093" lon="0.7831"></trkpt>
      <trkpt lat="41.508004" lon="0.779524"></trkpt>
      <trkpt lat="41.507047" lon="0.774771"></trkpt>
      <trkpt lat="41.506718" lon="0.771983"></trkpt>
      <trkpt lat="41.506568" lon="0.769526"></trkpt>
      <trkpt lat="41.506605" lon="0.765422"></trkpt>
      <trkpt lat="41.507104" lon="0.760744"></trkpt>
      <trkpt lat="41.508029" lon="0.756238"></trkpt>
      <trkpt lat="41.508634" lon="0.754126"></trkpt>
      <trkpt lat="41.510022" lon="0.750384"></trkpt>
      <trkpt lat="41.5108" lon="0.748642"></trkpt>
      <trkpt lat="41.512631" lon="0.745217"></trkpt>
      <trkpt lat="41.513557" lon="0.743741"></trkpt>
      <trkpt lat="41.514688" lon="0.742239"></trkpt>
      <trkpt lat="41.519714" lon="0.736333"></trkpt>
      <trkpt lat="41.521301" lon="0.734179"></trkpt>
      <trkpt lat="41.523569" lon="0.730377"></trkpt>
      <trkpt lat="41.524514" lon="0.72842"></trkpt>
      <trkpt lat="41.528032" lon="0.719183"></trkpt>
      <trkpt lat="41.530316" lon="0.71473"></trkpt>
      <trkpt lat="41.531518" lon="0.712893"></trkpt>
      <trkpt lat="41.533025" lon="0.710892"></trkpt>
      <trkpt lat="41.537778" lon="0.705436"></trkpt>
      <trkpt lat="41.539048" lon="0.703598"></trkpt>
      <trkpt lat="41.540037" lon="0.701872"></trkpt>
      <trkpt lat="41.540904" lon="0.699993"></trkpt>
      <trkpt lat="41.542112" lon="0.696465"></trkpt>
      <trkpt lat="41.542973" lon="0.692131"></trkpt>
      <trkpt lat="41.543172" lon="0.688474"></trkpt>
      <trkpt lat="41.542973" lon="0.684904"></trkpt>
      <trkpt lat="41.54271" lon="0.682895"></trkpt>
      <trkpt lat="41.542286" lon="0.680887"></trkpt>
      <trkpt lat="41.540403" lon="0.674673"></trkpt>
      <trkpt lat="41.540031" lon="0.672913"></trkpt>
      <trkpt lat="41.539639" lon="0.66924"></trkpt>
      <trkpt lat="41.539529" lon="0.665266"></trkpt>
      <trkpt lat="41.539298" lon="0.663094"></trkpt>
      <trkpt lat="41.538" lon="0.657404"></trkpt>
      <trkpt lat="41.537705" lon="0.655481"></trkpt>
      <trkpt lat="41.537776" lon="0.651653"></trkpt>
      <trkpt lat="41.53809" lon="0.64973"></trkpt>
      <trkpt lat="41.538547" lon="0.648108"></trkpt>
      <trkpt lat="41.539105" lon="0.646709"></trkpt>
      <trkpt lat="41.540889" lon="0.642953"></trkpt>
      <trkpt lat="41.541643" lon="0.641019"></trkpt>
      <trkpt lat="41.543443" lon="0.634603"></trkpt>
      <trkpt lat="41.544323" lon="0.632278"></trkpt>
      <trkpt lat="41.545163" lon="0.630461"></trkpt>
      <trkpt lat="41.545992" lon="0.629038"></trkpt>
      <trkpt lat="41.549044" lon="0.62432"></trkpt>
      <trkpt lat="41.550309" lon="0.622071"></trkpt>
      <trkpt lat="41.552244" lon="0.617682"></trkpt>
      <trkpt lat="41.553538" lon="0.613425"></trkpt>
      <trkpt lat="41.554372" lon="0.609118"></trkpt>
      <trkpt lat="41.554649" lon="0.606799"></trkpt>
      <trkpt lat="41.554806" lon="0.602642"></trkpt>
      <trkpt lat="41.554508" lon="0.597805"></trkpt>
      <trkpt lat="41.554091" lon="0.595084"></trkpt>
      <trkpt lat="41.553592" lon="0.592659"></trkpt>
      <trkpt lat="41.552168" lon="0.587953"></trkpt>
      <trkpt lat="41.550689" lon="0.584539"></trkpt>
      <trkpt lat="41.546941" lon="0.577926"></trkpt>
      <trkpt lat="41.544674" lon="0.57354"></trkpt>
      <trkpt lat="41.542984" lon="0.568442"></trkpt>
      <trkpt lat="41.542227" lon="0.564331"></trkpt>
      <trkpt lat="41.541992" lon="0.561734"></trkpt>
      <trkpt lat="41.541775" lon="0.554263"></trkpt>
      <trkpt lat="41.541532" lon="0.550535"></trkpt>
      <trkpt lat="41.540909" lon="0.545458"></trkpt>
      <trkpt lat="41.539348" lon="0.535711"></trkpt>
      <trkpt lat="41.53892" lon="0.530809"></trkpt>
      <trkpt lat="41.538819" lon="0.526921"></trkpt>
      <trkpt lat="41.538965" lon="0.522441"></trkpt>
      <trkpt lat="41.539357" lon="0.518335"></trkpt>
      <trkpt lat="41.539923" lon="0.514475"></trkpt>
      <trkpt lat="41.541664" lon="0.504749"></trkpt>
      <trkpt lat="41.542412" lon="0.499086"></trkpt>
      <trkpt lat="41.542606" lon="0.495837"></trkpt>
      <trkpt lat="41.54258" lon="0.492782"></trkpt>
      <trkpt lat="41.542364" lon="0.490122"></trkpt>
      <trkpt lat="41.541961" lon="0.48765"></trkpt>
      <trkpt lat="41.541056" lon="0.484243"></trkpt>
      <trkpt lat="41.539951" lon="0.481426"></trkpt>
      <trkpt lat="41.538379" lon="0.478526"></trkpt>
      <trkpt lat="41.537261" lon="0.47686"></trkpt>
      <trkpt lat="41.535346" lon="0.474684"></trkpt>
      <trkpt lat="41.53402" lon="0.473485"></trkpt>
      <trkpt lat="41.532264" lon="0.472147"></trkpt>
      <trkpt lat="41.527398" lon="0.468972"></trkpt>
      <trkpt lat="41.525644" lon="0.467628"></trkpt>
      <trkpt lat="41.523896" lon="0.465913"></trkpt>
      <trkpt lat="41.522256" lon="0.463692"></trkpt>
      <trkpt lat="41.521318" lon="0.461982"></trkpt>
      <trkpt lat="41.520271" lon="0.459342"></trkpt>
      <trkpt lat="41.518851" lon="0.453391"></trkpt>
      <trkpt lat="41.517884" lon="0.450508"></trkpt>
      <trkpt lat="41.516847" lon="0.448383"></trkpt>
      <trkpt lat="41.514529" lon="0.444428"></trkpt>
      <trkpt lat="41.513452" lon="0.441912"></trkpt>
      <trkpt lat="41.512793" lon="0.439646"></trkpt>
      <trkpt lat="41.511927" lon="0.434657"></trkpt>
      <trkpt lat="41.511398" lon="0.432371"></trkpt>
      <trkpt lat="41.509383" lon="0.426786"></trkpt>
      <trkpt lat="41.508802" lon="0.424683"></trkpt>
      <trkpt lat="41.508464" lon="0.422786"></trkpt>
      <trkpt lat="41.507738" lon="0.416288"></trkpt>
      <trkpt lat="41.507107" lon="0.41341"></trkpt>
      <trkpt lat="41.506509" lon="0.411474"></trkpt>
      <trkpt lat="41.505488" lon="0.408908"></trkpt>
      <trkpt lat="41.503633" lon="0.405593"></trkpt>
      <trkpt lat="41.502276" lon="0.403701"></trkpt>
      <trkpt lat="41.500336" lon="0.401461"></trkpt>
      <trkpt lat="41.498847" lon="0.399288"></trkpt>
      <trkpt lat="41.497632" lon="0.396821"></trkpt>
      <trkpt lat="41.496708" lon="0.393983"></trkpt>
      <trkpt lat="41.496135" lon="0.390544"></trkpt>
      <trkpt lat="41.495973" lon="0.384774"></trkpt>
      <trkpt lat="41.495784" lon="0.382637"></trkpt>
      <trkpt lat="41.495374" lon="0.380335"></trkpt>
      <trkpt lat="41.494065" lon="0.375675"></trkpt>
      <trkpt lat="41.493563" lon="0.373364"></trkpt>
      <trkpt lat="41.493345" lon="0.371066"></trkpt>
      <trkpt lat="41.493229" lon="0.366436"></trkpt>
      <trkpt lat="41.492975" lon="0.364285"></trkpt>
      <trkpt lat="41.492764" lon="0.363169"></trkpt>
      <trkpt lat="41.491386" lon="0.358367"></trkpt>
      <trkpt lat="41.491104" lon="0.356839"></trkpt>
      <trkpt lat="41.490929" lon="0.354488"></trkpt>
      <trkpt lat="41.491199" lon="0.348402"></trkpt>
      <trkpt lat="41.491046" lon="0.343963"></trkpt>
      <trkpt lat="41.490588" lon="0.340364"></trkpt>
      <trkpt lat="41.48942" lon="0.33578"></trkpt>
      <trkpt lat="41.48801" lon="0.331769"></trkpt>
      <trkpt lat="41.487333" lon="0.330292"></trkpt>
      <trkpt lat="41.486562" lon="0.329033"></trkpt>
      <trkpt lat="41.484252" lon="0.325766"></trkpt>
      <trkpt lat="41.483327" lon="0.323483"></trkpt>
      <trkpt lat="41.482166" lon="0.319674"></trkpt>
      <trkpt lat="41.481422" lon="0.318137"></trkpt>
      <trkpt lat="41.480495" lon="0.316733"></trkpt>
      <trkpt lat="41.479399" lon="0.315506"></trkpt>
      <trkpt lat="41.478537" lon="0.314808"></trkpt>
      <trkpt lat="41.475453" lon="0.312921"></trkpt>
      <trkpt lat="41.474261" lon="0.311909"></trkpt>
      <trkpt lat="41.473082" lon="0.310423"></trkpt>
      <trkpt lat="41.471151" lon="0.307311"></trkpt>
      <trkpt lat="41.469255" lon="0.304887"></trkpt>
      <trkpt lat="41.468383" lon="0.303397"></trkpt>
      <trkpt lat="41.467636" lon="0.301573"></trkpt>
      <trkpt lat="41.467223" lon="0.30003"></trkpt>
      <trkpt lat="41.466804" lon="0.297229"></trkpt>
      <trkpt lat="41.465767" lon="0.292759"></trkpt>
      <trkpt lat="41.465431" lon="0.290049"></trkpt>
      <trkpt lat="41.465366" lon="0.28558"></trkpt>
      <trkpt lat="41.465229" lon="0.28432"></trkpt>
      <trkpt lat="41.464303" lon="0.279697"></trkpt>
      <trkpt lat="41.464238" lon="0.277551"></trkpt>
      <trkpt lat="41.464444" lon="0.275488"></trkpt>
      <trkpt lat="41.464799" lon="0.27396"></trkpt>
      <trkpt lat="41.465233" lon="0.272685"></trkpt>
      <trkpt lat="41.46656" lon="0.269702"></trkpt>
      <trkpt lat="41.46762" lon="0.266916"></trkpt>
      <trkpt lat="41.468105" lon="0.265319"></trkpt>
      <trkpt lat="41.468931" lon="0.260793"></trkpt>
      <trkpt lat="41.469072" lon="0.25844"></trkpt>
      <trkpt lat="41.469072" lon="0.255904"></trkpt>
      <trkpt lat="41.468871" lon="0.253432"></trkpt>
      <trkpt lat="41.467931" lon="0.246393"></trkpt>
      <trkpt lat="41.467735" lon="0.244015"></trkpt>
      <trkpt lat="41.467599" lon="0.239585"></trkpt>
      <trkpt lat="41.467947" lon="0.233272"></trkpt>
      <trkpt lat="41.468305" lon="0.23045"></trkpt>
      <trkpt lat="41.469182" lon="0.225902"></trkpt>
      <trkpt lat="41.470463" lon="0.22119"></trkpt>
      <trkpt lat="41.471531" lon="0.218186"></trkpt>
      <trkpt lat="41.474345" lon="0.211649"></trkpt>
      <trkpt lat="41.476243" lon="0.206312"></trkpt>
      <trkpt lat="41.476865" lon="0.20402"></trkpt>
      <trkpt lat="41.477342" lon="0.201573"></trkpt>
      <trkpt lat="41.478299" lon="0.194923"></trkpt>
      <trkpt lat="41.478709" lon="0.19288"></trkpt>
      <trkpt lat="41.479373" lon="0.190502"></trkpt>
      <trkpt lat="41.480191" lon="0.188314"></trkpt>
      <trkpt lat="41.484403" lon="0.180446"></trkpt>
      <trkpt lat="41.485538" lon="0.177832"></trkpt>
      <trkpt lat="41.486993" lon="0.173558"></trkpt>
      <trkpt lat="41.48801" lon="0.169122"></trkpt>
      <trkpt lat="41.488583" lon="0.164492"></trkpt>
      <trkpt lat="41.488885" lon="0.157499"></trkpt>
      <trkpt lat="41.489322" lon="0.154843"></trkpt>
      <trkpt lat="41.490113" lon="0.152161"></trkpt>
      <trkpt lat="41.491143" lon="0.149815"></trkpt>
      <trkpt lat="41.492504" lon="0.147576"></trkpt>
      <trkpt lat="41.494155" lon="0.145232"></trkpt>
      <trkpt lat="41.495136" lon="0.143548"></trkpt>
      <trkpt lat="41.495872" lon="0.141791"></trkpt>
      <trkpt lat="41.496332" lon="0.140263"></trkpt>
      <trkpt lat="41.496695" lon="0.138593"></trkpt>
      <trkpt lat="41.496871" lon="0.136438"></trkpt>
      <trkpt lat="41.496823" lon="0.133997"></trkpt>
      <trkpt lat="41.495787" lon="0.127246"></trkpt>
      <trkpt lat="41.495759" lon="0.125504"></trkpt>
      <trkpt lat="41.496147" lon="0.122084"></trkpt>
      <trkpt lat="41.496656" lon="0.12003"></trkpt>
      <trkpt lat="41.497545" lon="0.118074"></trkpt>
      <trkpt lat="41.498701" lon="0.116201"></trkpt>
      <trkpt lat="41.502431" lon="0.11184"></trkpt>
      <trkpt lat="41.503656" lon="0.109563"></trkpt>
      <trkpt lat="41.504465" lon="0.106895"></trkpt>
      <trkpt lat="41.504945" lon="0.102753"></trkpt>
      <trkpt lat="41.50555" lon="0.100147"></trkpt>
      <trkpt lat="41.506299" lon="0.09834"></trkpt>
      <trkpt lat="41.508397" lon="0.094653"></trkpt>
      <trkpt lat="41.510172" lon="0.089595"></trkpt>
      <trkpt lat="41.511196" lon="0.087404"></trkpt>
      <trkpt lat="41.512004" lon="0.086074"></trkpt>
      <trkpt lat="41.513055" lon="0.084757"></trkpt>
      <trkpt lat="41.516703" lon="0.081797"></trkpt>
      <trkpt lat="41.518419" lon="0.080241"></trkpt>
      <trkpt lat="41.51986" lon="0.078618"></trkpt>
      <trkpt lat="41.521537" lon="0.076155"></trkpt>
      <trkpt lat="41.522849" lon="0.073577"></trkpt>
      <trkpt lat="41.523702" lon="0.071466"></trkpt>
      <trkpt lat="41.524353" lon="0.069354"></trkpt>
      <trkpt lat="41.524868" lon="0.066975"></trkpt>
      <trkpt lat="41.525204" lon="0.064631"></trkpt>
      <trkpt lat="41.525365" lon="0.061112"></trkpt>
      <trkpt lat="41.525159" lon="0.05737"></trkpt>
      <trkpt lat="41.524772" lon="0.05471"></trkpt>
      <trkpt lat="41.523491" lon="0.05034"></trkpt>
      <trkpt lat="41.521804" lon="0.046504"></trkpt>
      <trkpt lat="41.519405" lon="0.042231"></trkpt>
      <trkpt lat="41.516967" lon="0.039027"></trkpt>
      <trkpt lat="41.514268" lon="0.035809"></trkpt>
      <trkpt lat="41.513214" lon="0.034372"></trkpt>
      <trkpt lat="41.512535" lon="0.033062"></trkpt>
      <trkpt lat="41.511479" lon="0.030683"></trkpt>
      <trkpt lat="41.510828" lon="0.028432"></trkpt>
      <trkpt lat="41.510233" lon="0.024663"></trkpt>
      <trkpt lat="41.510183" lon="0.022855"></trkpt>
      <trkpt lat="41.510585" lon="0.018783"></trkpt>
      <trkpt lat="41.512418" lon="0.012049"></trkpt>
      <trkpt lat="41.512792" lon="0.009421"></trkpt>
      <trkpt lat="41.512895" lon="0.007883"></trkpt>
      <trkpt lat="41.512882" lon="0.005537"></trkpt>
      <trkpt lat="41.512619" lon="0.003051"></trkpt>
      <trkpt lat="41.512284" lon="0.001343"></trkpt>
      <trkpt lat="41.510764" lon="-0.004005"></trkpt>
      <trkpt lat="41.510356" lon="-0.006157"></trkpt>
      <trkpt lat="41.510209" lon="-0.007615"></trkpt>
      <trkpt lat="41.510166" lon="-0.009941"></trkpt>
      <trkpt lat="41.510434" lon="-0.013031"></trkpt>
      <trkpt lat="41.510712" lon="-0.01442"></trkpt>
      <trkpt lat="41.51124" lon="-0.016468"></trkpt>
      <trkpt lat="41.512378" lon="-0.019765"></trkpt>
      <trkpt lat="41.513461" lon="-0.024526"></trkpt>
      <trkpt lat="41.513779" lon="-0.029186"></trkpt>
      <trkpt lat="41.51371" lon="-0.031252"></trkpt>
      <trkpt lat="41.513088" lon="-0.037942"></trkpt>
      <trkpt lat="41.513107" lon="-0.04165"></trkpt>
      <trkpt lat="41.513297" lon="-0.044045"></trkpt>
      <trkpt lat="41.514479" lon="-0.050045"></trkpt>
      <trkpt lat="41.514699" lon="-0.051904"></trkpt>
      <trkpt lat="41.514806" lon="-0.054137"></trkpt>
      <trkpt lat="41.514737" lon="-0.056259"></trkpt>
      <trkpt lat="41.514517" lon="-0.057884"></trkpt>
      <trkpt lat="41.514053" lon="-0.060189"></trkpt>
      <trkpt lat="41.513209" lon="-0.06347"></trkpt>
      <trkpt lat="41.512738" lon="-0.066075"></trkpt>
      <trkpt lat="41.512602" lon="-0.068372"></trkpt>
      <trkpt lat="41.512724" lon="-0.070304"></trkpt>
      <trkpt lat="41.512929" lon="-0.072053"></trkpt>
      <trkpt lat="41.513258" lon="-0.073572"></trkpt>
      <trkpt lat="41.514299" lon="-0.076515"></trkpt>
      <trkpt lat="41.515158" lon="-0.078317"></trkpt>
      <trkpt lat="41.5171" lon="-0.081821"></trkpt>
      <trkpt lat="41.517626" lon="-0.083355"></trkpt>
      <trkpt lat="41.518311" lon="-0.086577"></trkpt>
      <trkpt lat="41.518444" lon="-0.088408"></trkpt>
      <trkpt lat="41.518391" lon="-0.090524"></trkpt>
      <trkpt lat="41.51787" lon="-0.095562"></trkpt>
      <trkpt lat="41.517889" lon="-0.09858"></trkpt>
      <trkpt lat="41.51845" lon="-0.102203"></trkpt>
      <trkpt lat="41.519525" lon="-0.106847"></trkpt>
      <trkpt lat="41.519865" lon="-0.110022"></trkpt>
      <trkpt lat="41.519991" lon="-0.112854"></trkpt>
      <trkpt lat="41.519851" lon="-0.115505"></trkpt>
      <trkpt lat="41.519521" lon="-0.117808"></trkpt>
      <trkpt lat="41.518972" lon="-0.120355"></trkpt>
      <trkpt lat="41.517526" lon="-0.125937"></trkpt>
      <trkpt lat="41.516493" lon="-0.132257"></trkpt>
      <trkpt lat="41.516348" lon="-0.13765"></trkpt>
      <trkpt lat="41.51663" lon="-0.141622"></trkpt>
      <trkpt lat="41.516985" lon="-0.144164"></trkpt>
      <trkpt lat="41.518268" lon="-0.149593"></trkpt>
      <trkpt lat="41.519624" lon="-0.153379"></trkpt>
      <trkpt lat="41.522307" lon="-0.159982"></trkpt>
      <trkpt lat="41.523619" lon="-0.164409"></trkpt>
      <trkpt lat="41.524216" lon="-0.167643"></trkpt>
      <trkpt lat="41.52458" lon="-0.1705"></trkpt>
      <trkpt lat="41.524792" lon="-0.173885"></trkpt>
      <trkpt lat="41.525012" lon="-0.181154"></trkpt>
      <trkpt lat="41.526152" lon="-0.190844"></trkpt>
      <trkpt lat="41.526145" lon="-0.195114"></trkpt>
      <trkpt lat="41.525823" lon="-0.19784"></trkpt>
      <trkpt lat="41.525467" lon="-0.199376"></trkpt>
      <trkpt lat="41.525001" lon="-0.201281"></trkpt>
      <trkpt lat="41.524397" lon="-0.203057"></trkpt>
      <trkpt lat="41.522615" lon="-0.207122"></trkpt>
      <trkpt lat="41.520627" lon="-0.21104"></trkpt>
      <trkpt lat="41.519421" lon="-0.214171"></trkpt>
      <trkpt lat="41.518749" lon="-0.216405"></trkpt>
      <trkpt lat="41.518173" lon="-0.218731"></trkpt>
      <trkpt lat="41.517707" lon="-0.221807"></trkpt>
      <trkpt lat="41.517451" lon="-0.22421"></trkpt>
      <trkpt lat="41.51742" lon="-0.226633"></trkpt>
      <trkpt lat="41.517625" lon="-0.230211"></trkpt>
      <trkpt lat="41.518845" lon="-0.238433"></trkpt>
      <trkpt lat="41.519215" lon="-0.2416"></trkpt>
      <trkpt lat="41.519495" lon="-0.246856"></trkpt>
      <trkpt lat="41.519311" lon="-0.252147"></trkpt>
      <trkpt lat="41.518612" lon="-0.259801"></trkpt>
      <trkpt lat="41.518626" lon="-0.263555"></trkpt>
      <trkpt lat="41.51916" lon="-0.269048"></trkpt>
      <trkpt lat="41.51927" lon="-0.273442"></trkpt>
      <trkpt lat="41.518763" lon="-0.277672"></trkpt>
      <trkpt lat="41.517802" lon="-0.283454"></trkpt>
      <trkpt lat="41.517682" lon="-0.285456"></trkpt>
      <trkpt lat="41.517706" lon="-0.288184"></trkpt>
      <trkpt lat="41.518201" lon="-0.294994"></trkpt>
      <trkpt lat="41.517898" lon="-0.301463"></trkpt>
      <trkpt lat="41.517993" lon="-0.305338"></trkpt>
      <trkpt lat="41.518402" lon="-0.308357"></trkpt>
      <trkpt lat="41.518931" lon="-0.310691"></trkpt>
      <trkpt lat="41.519507" lon="-0.31257"></trkpt>
      <trkpt lat="41.520409" lon="-0.314846"></trkpt>
      <trkpt lat="41.523334" lon="-0.321252"></trkpt>
      <trkpt lat="41.525041" lon="-0.325918"></trkpt>
      <trkpt lat="41.525938" lon="-0.329015"></trkpt>
      <trkpt lat="41.526639" lon="-0.332041"></trkpt>
      <trkpt lat="41.527209" lon="-0.335278"></trkpt>
      <trkpt lat="41.52766" lon="-0.339036"></trkpt>
      <trkpt lat="41.527927" lon="-0.343055"></trkpt>
      <trkpt lat="41.527896" lon="-0.347544"></trkpt>
      <trkpt lat="41.527552" lon="-0.351868"></trkpt>
      <trkpt lat="41.527111" lon="-0.354976"></trkpt>
      <trkpt lat="41.526639" lon="-0.357382"></trkpt>
      <trkpt lat="41.525899" lon="-0.360532"></trkpt>
      <trkpt lat="41.524789" lon="-0.364267"></trkpt>
      <trkpt lat="41.522184" lon="-0.371518"></trkpt>
      <trkpt lat="41.521677" lon="-0.373441"></trkpt>
      <trkpt lat="41.521156" lon="-0.376938"></trkpt>
      <trkpt lat="41.521197" lon="-0.380417"></trkpt>
      <trkpt lat="41.521691" lon="-0.38342"></trkpt>
      <trkpt lat="41.522116" lon="-0.385233"></trkpt>
      <trkpt lat="41.523801" lon="-0.389842"></trkpt>
      <trkpt lat="41.524324" lon="-0.391634"></trkpt>
      <trkpt lat="41.525711" lon="-0.39932"></trkpt>
      <trkpt lat="41.527582" lon="-0.404873"></trkpt>
      <trkpt lat="41.528107" lon="-0.406838"></trkpt>
      <trkpt lat="41.528484" lon="-0.409136"></trkpt>
      <trkpt lat="41.52863" lon="-0.411177"></trkpt>
      <trkpt lat="41.528463" lon="-0.41483"></trkpt>
      <trkpt lat="41.52781" lon="-0.418125"></trkpt>
      <trkpt lat="41.526878" lon="-0.420815"></trkpt>
      <trkpt lat="41.524648" lon="-0.425224"></trkpt>
      <trkpt lat="41.523617" lon="-0.427683"></trkpt>
      <trkpt lat="41.522756" lon="-0.430977"></trkpt>
      <trkpt lat="41.522417" lon="-0.434037"></trkpt>
      <trkpt lat="41.522397" lon="-0.435674"></trkpt>
      <trkpt lat="41.522537" lon="-0.437708"></trkpt>
      <trkpt lat="41.523492" lon="-0.443335"></trkpt>
      <trkpt lat="41.523777" lon="-0.445917"></trkpt>
      <trkpt lat="41.523886" lon="-0.453182"></trkpt>
      <trkpt lat="41.524051" lon="-0.455345"></trkpt>
      <trkpt lat="41.524543" lon="-0.458378"></trkpt>
      <trkpt lat="41.525954" lon="-0.464073"></trkpt>
      <trkpt lat="41.526331" lon="-0.466513"></trkpt>
      <trkpt lat="41.526395" lon="-0.467883"></trkpt>
      <trkpt lat="41.5262" lon="-0.471345"></trkpt>
      <trkpt lat="41.525844" lon="-0.473563"></trkpt>
      <trkpt lat="41.523541" lon="-0.481491"></trkpt>
      <trkpt lat="41.52302" lon="-0.484439"></trkpt>
      <trkpt lat="41.52283" lon="-0.487561"></trkpt>
      <trkpt lat="41.522952" lon="-0.491232"></trkpt>
      <trkpt lat="41.523541" lon="-0.495004"></trkpt>
      <trkpt lat="41.524775" lon="-0.499014"></trkpt>
      <trkpt lat="41.525406" lon="-0.500571"></trkpt>
      <trkpt lat="41.526626" lon="-0.502878"></trkpt>
      <trkpt lat="41.527983" lon="-0.50491"></trkpt>
      <trkpt lat="41.531653" lon="-0.509934"></trkpt>
      <trkpt lat="41.532607" lon="-0.511487"></trkpt>
      <trkpt lat="41.534103" lon="-0.514335"></trkpt>
      <trkpt lat="41.534906" lon="-0.51616"></trkpt>
      <trkpt lat="41.536016" lon="-0.519177"></trkpt>
      <trkpt lat="41.536908" lon="-0.522294"></trkpt>
      <trkpt lat="41.538186" lon="-0.527441"></trkpt>
      <trkpt lat="41.538988" lon="-0.529817"></trkpt>
      <trkpt lat="41.540007" lon="-0.53212"></trkpt>
      <trkpt lat="41.542826" lon="-0.537184"></trkpt>
      <trkpt lat="41.543596" lon="-0.538951"></trkpt>
      <trkpt lat="41.544255" lon="-0.54098"></trkpt>
      <trkpt lat="41.544714" lon="-0.543092"></trkpt>
      <trkpt lat="41.544976" lon="-0.545223"></trkpt>
      <trkpt lat="41.54505" lon="-0.547278"></trkpt>
      <trkpt lat="41.544924" lon="-0.549561"></trkpt>
      <trkpt lat="41.544648" lon="-0.551466"></trkpt>
      <trkpt lat="41.544145" lon="-0.553588"></trkpt>
      <trkpt lat="41.542023" lon="-0.559384"></trkpt>
      <trkpt lat="41.541532" lon="-0.561101"></trkpt>
      <trkpt lat="41.541085" lon="-0.563496"></trkpt>
      <trkpt lat="41.540927" lon="-0.565277"></trkpt>
      <trkpt lat="41.540921" lon="-0.567997"></trkpt>
      <trkpt lat="41.541165" lon="-0.570267"></trkpt>
      <trkpt lat="41.541567" lon="-0.572232"></trkpt>
      <trkpt lat="41.542068" lon="-0.57392"></trkpt>
      <trkpt lat="41.542865" lon="-0.575894"></trkpt>
      <trkpt lat="41.545482" lon="-0.581203"></trkpt>
      <trkpt lat="41.547651" lon="-0.587619"></trkpt>
      <trkpt lat="41.54872" lon="-0.58978"></trkpt>
      <trkpt lat="41.55072" lon="-0.593021"></trkpt>
      <trkpt lat="41.552841" lon="-0.596763"></trkpt>
      <trkpt lat="41.553582" lon="-0.598493"></trkpt>
      <trkpt lat="41.55485" lon="-0.602309"></trkpt>
      <trkpt lat="41.557421" lon="-0.611093"></trkpt>
      <trkpt lat="41.559668" lon="-0.616165"></trkpt>
      <trkpt lat="41.561394" lon="-0.619388"></trkpt>
      <trkpt lat="41.563064" lon="-0.622071"></trkpt>
      <trkpt lat="41.566738" lon="-0.626974"></trkpt>
      <trkpt lat="41.567536" lon="-0.628186"></trkpt>
      <trkpt lat="41.56834" lon="-0.62966"></trkpt>
      <trkpt lat="41.568944" lon="-0.631119"></trkpt>
      <trkpt lat="41.569765" lon="-0.634293"></trkpt>
      <trkpt lat="41.569988" lon="-0.636547"></trkpt>
      <trkpt lat="41.569959" lon="-0.638816"></trkpt>
      <trkpt lat="41.569595" lon="-0.643992"></trkpt>
      <trkpt lat="41.569754" lon="-0.64661"></trkpt>
      <trkpt lat="41.570278" lon="-0.649598"></trkpt>
      <trkpt lat="41.571478" lon="-0.653081"></trkpt>
      <trkpt lat="41.572787" lon="-0.655529"></trkpt>
      <trkpt lat="41.574408" lon="-0.657694"></trkpt>
      <trkpt lat="41.575477" lon="-0.658774"></trkpt>
      <trkpt lat="41.578544" lon="-0.661266"></trkpt>
      <trkpt lat="41.579938" lon="-0.662546"></trkpt>
      <trkpt lat="41.581742" lon="-0.664666"></trkpt>
      <trkpt lat="41.583248" lon="-0.666945"></trkpt>
      <trkpt lat="41.584215" lon="-0.66877"></trkpt>
      <trkpt lat="41.585243" lon="-0.671079"></trkpt>
      <trkpt lat="41.585845" lon="-0.672965"></trkpt>
      <trkpt lat="41.587364" lon="-0.67947"></trkpt>
      <trkpt lat="41.588033" lon="-0.681427"></trkpt>
      <trkpt lat="41.589321" lon="-0.68402"></trkpt>
      <trkpt lat="41.589986" lon="-0.685071"></trkpt>
      <trkpt lat="41.591364" lon="-0.686844"></trkpt>
      <trkpt lat="41.593035" lon="-0.6884"></trkpt>
      <trkpt lat="41.595199" lon="-0.689755"></trkpt>
      <trkpt lat="41.596075" lon="-0.69014"></trkpt>
      <trkpt lat="41.601818" lon="-0.691732"></trkpt>
      <trkpt lat="41.603241" lon="-0.692261"></trkpt>
      <trkpt lat="41.605041" lon="-0.693111"></trkpt>
      <trkpt lat="41.614314" lon="-0.698521"></trkpt>
      <trkpt lat="41.614779" lon="-0.698855"></trkpt>
      <trkpt lat="41.615776" lon="-0.699888"></trkpt>
      <trkpt lat="41.616599" lon="-0.701598"></trkpt>
      <trkpt lat="41.617719" lon="-0.705967"></trkpt>
      <trkpt lat="41.618801" lon="-0.708804"></trkpt>
      <trkpt lat="41.619796" lon="-0.710655"></trkpt>
      <trkpt lat="41.622444" lon="-0.714992"></trkpt>
      <trkpt lat="41.623447" lon="-0.717176"></trkpt>
      <trkpt lat="41.624348" lon="-0.719807"></trkpt>
      <trkpt lat="41.625485" lon="-0.724117"></trkpt>
      <trkpt lat="41.626566" lon="-0.726946"></trkpt>
      <trkpt lat="41.627383" lon="-0.728542"></trkpt>
      <trkpt lat="41.62977" lon="-0.732021"></trkpt>
      <trkpt lat="41.631008" lon="-0.734122"></trkpt>
      <trkpt lat="41.63171" lon="-0.735811"></trkpt>
      <trkpt lat="41.633746" lon="-0.741508"></trkpt>
      <trkpt lat="41.634543" lon="-0.743246"></trkpt>
      <trkpt lat="41.637786" lon="-0.749251"></trkpt>
      <trkpt lat="41.640895" lon="-0.755956"></trkpt>
      <trkpt lat="41.642968" lon="-0.759359"></trkpt>
      <trkpt lat="41.644169" lon="-0.760958"></trkpt>
      <trkpt lat="41.645338" lon="-0.762284"></trkpt>
      <trkpt lat="41.647422" lon="-0.76426"></trkpt>
      <trkpt lat="41.65183" lon="-0.76748"></trkpt>
      <trkpt lat="41.653079" lon="-0.768721"></trkpt>
      <trkpt lat="41.654186" lon="-0.770295"></trkpt>
      <trkpt lat="41.655281" lon="-0.772656"></trkpt>
      <trkpt lat="41.662926" lon="-0.794312"></trkpt>
      <trkpt lat="41.664003" lon="-0.798448"></trkpt>
      <trkpt lat="41.665438" lon="-0.805977"></trkpt>
      <trkpt lat="41.667746" lon="-0.813541"></trkpt>
      <trkpt lat="41.668411" lon="-0.815258"></trkpt>
      <trkpt lat="41.668955" lon="-0.816323"></trkpt>
      <trkpt lat="41.67173" lon="-0.820516"></trkpt>
      <trkpt lat="41.672871" lon="-0.822719"></trkpt>
      <trkpt lat="41.673562" lon="-0.824425"></trkpt>
      <trkpt lat="41.674278" lon="-0.826689"></trkpt>
      <trkpt lat="41.675083" lon="-0.830507"></trkpt>
      <trkpt lat="41.678953" lon="-0.853922"></trkpt>
      <trkpt lat="41.679651" lon="-0.859103"></trkpt>
      <trkpt lat="41.679805" lon="-0.864029"></trkpt>
      <trkpt lat="41.679995" lon="-0.893435"></trkpt>
      <trkpt lat="41.68021" lon="-0.896616"></trkpt>
      <trkpt lat="41.681901" lon="-0.911791"></trkpt>
      <trkpt lat="41.681867" lon="-0.914346"></trkpt>
      <trkpt lat="41.681448" lon="-0.917637"></trkpt>
      <trkpt lat="41.680989" lon="-0.91989"></trkpt>
      <trkpt lat="41.680304" lon="-0.922313"></trkpt>
      <trkpt lat="41.679623" lon="-0.924103"></trkpt>
      <trkpt lat="41.678951" lon="-0.925295"></trkpt>
      <trkpt lat="41.678045" lon="-0.926461"></trkpt>
      <trkpt lat="41.677322" lon="-0.927155"></trkpt>
      <trkpt lat="41.674989" lon="-0.928801"></trkpt>
      <trkpt lat="41.673478" lon="-0.930258"></trkpt>
      <trkpt lat="41.665342" lon="-0.938617"></trkpt>
      <trkpt lat="41.664283" lon="-0.939831"></trkpt>
      <trkpt lat="41.662431" lon="-0.94283"></trkpt>
      <trkpt lat="41.659824" lon="-0.949106"></trkpt>
      <trkpt lat="41.659026" lon="-0.950697"></trkpt>
      <trkpt lat="41.657823" lon="-0.9528"></trkpt>
      <trkpt lat="41.656456" lon="-0.954821"></trkpt>
      <trkpt lat="41.6532" lon="-0.958721"></trkpt>
      <trkpt lat="41.643473" lon="-0.969633"></trkpt>
      <trkpt lat="41.641681" lon="-0.971267"></trkpt>
      <trkpt lat="41.637705" lon="-0.97396"></trkpt>
      <trkpt lat="41.636287" lon="-0.975295"></trkpt>
      <trkpt lat="41.635038" lon="-0.976832"></trkpt>
      <trkpt lat="41.634288" lon="-0.977993"></trkpt>
      <trkpt lat="41.633457" lon="-0.979609"></trkpt>
      <trkpt lat="41.632864" lon="-0.981072"></trkpt>
      <trkpt lat="41.632131" lon="-0.983482"></trkpt>
      <trkpt lat="41.625003" lon="-1.009454"></trkpt>
      <trkpt lat="41.621307" lon="-1.026198"></trkpt>
      <trkpt lat="41.620686" lon="-1.027902"></trkpt>
      <trkpt lat="41.618475" lon="-1.032502"></trkpt>
      <trkpt lat="41.617974" lon="-1.033713"></trkpt>
      <trkpt lat="41.617664" lon="-1.034843"></trkpt>
      <trkpt lat="41.617487" lon="-1.036104"></trkpt>
      <trkpt lat="41.617471" lon="-1.037846"></trkpt>
      <trkpt lat="41.618784" lon="-1.048041"></trkpt>
      <trkpt lat="41.618772" lon="-1.049497"></trkpt>
      <trkpt lat="41.618518" lon="-1.051292"></trkpt>
      <trkpt lat="41.616154" lon="-1.059436"></trkpt>
      <trkpt lat="41.61109" lon="-1.069663"></trkpt>
      <trkpt lat="41.610288" lon="-1.071025"></trkpt>
      <trkpt lat="41.608372" lon="-1.073336"></trkpt>
      <trkpt lat="41.603892" lon="-1.077153"></trkpt>
      <trkpt lat="41.598229" lon="-1.082483"></trkpt>
      <trkpt lat="41.597353" lon="-1.083074"></trkpt>
      <trkpt lat="41.596216" lon="-1.083586"></trkpt>
      <trkpt lat="41.595251" lon="-1.083844"></trkpt>
      <trkpt lat="41.593449" lon="-1.084056"></trkpt>
      <trkpt lat="41.592519" lon="-1.084296"></trkpt>
      <trkpt lat="41.590991" lon="-1.085164"></trkpt>
      <trkpt lat="41.590165" lon="-1.085949"></trkpt>
      <trkpt lat="41.589045" lon="-1.087565"></trkpt>
      <trkpt lat="41.588504" lon="-1.088845"></trkpt>
      <trkpt lat="41.58816" lon="-1.09001"></trkpt>
      <trkpt lat="41.587719" lon="-1.093048"></trkpt>
      <trkpt lat="41.587233" lon="-1.098388"></trkpt>
      <trkpt lat="41.58688" lon="-1.100113"></trkpt>
      <trkpt lat="41.585922" lon="-1.10253"></trkpt>
      <trkpt lat="41.584444" lon="-1.104981"></trkpt>
      <trkpt lat="41.583555" lon="-1.105875"></trkpt>
      <trkpt lat="41.582965" lon="-1.106294"></trkpt>
      <trkpt lat="41.573595" lon="-1.112251"></trkpt>
      <trkpt lat="41.572537" lon="-1.113158"></trkpt>
      <trkpt lat="41.571448" lon="-1.114659"></trkpt>
      <trkpt lat="41.570819" lon="-1.116023"></trkpt>
      <trkpt lat="41.569712" lon="-1.119009"></trkpt>
      <trkpt lat="41.568427" lon="-1.120895"></trkpt>
      <trkpt lat="41.567712" lon="-1.121567"></trkpt>
      <trkpt lat="41.555795" lon="-1.130103"></trkpt>
      <trkpt lat="41.554287" lon="-1.131383"></trkpt>
      <trkpt lat="41.552727" lon="-1.133298"></trkpt>
      <trkpt lat="41.550259" lon="-1.137583"></trkpt>
      <trkpt lat="41.549315" lon="-1.138725"></trkpt>
      <trkpt lat="41.548072" lon="-1.139897"></trkpt>
      <trkpt lat="41.546348" lon="-1.14107"></trkpt>
      <trkpt lat="41.545413" lon="-1.141893"></trkpt>
      <trkpt lat="41.544584" lon="-1.143014"></trkpt>
      <trkpt lat="41.544042" lon="-1.144142"></trkpt>
      <trkpt lat="41.543537" lon="-1.145976"></trkpt>
      <trkpt lat="41.54342" lon="-1.148085"></trkpt>
      <trkpt lat="41.543681" lon="-1.149837"></trkpt>
      <trkpt lat="41.544278" lon="-1.151528"></trkpt>
      <trkpt lat="41.545086" lon="-1.152825"></trkpt>
      <trkpt lat="41.547767" lon="-1.155439"></trkpt>
      <trkpt lat="41.54864" lon="-1.156603"></trkpt>
      <trkpt lat="41.558635" lon="-1.173997"></trkpt>
      <trkpt lat="41.559331" lon="-1.175515"></trkpt>
      <trkpt lat="41.559956" lon="-1.177427"></trkpt>
      <trkpt lat="41.560434" lon="-1.180374"></trkpt>
      <trkpt lat="41.56047" lon="-1.182802"></trkpt>
      <trkpt lat="41.56022" lon="-1.184897"></trkpt>
      <trkpt lat="41.55945" lon="-1.187705"></trkpt>
      <trkpt lat="41.554101" lon="-1.201572"></trkpt>
      <trkpt lat="41.551719" lon="-1.209441"></trkpt>
      <trkpt lat="41.550776" lon="-1.211199"></trkpt>
      <trkpt lat="41.548923" lon="-1.213581"></trkpt>
      <trkpt lat="41.547912" lon="-1.215412"></trkpt>
      <trkpt lat="41.544776" lon="-1.224916"></trkpt>
      <trkpt lat="41.540095" lon="-1.235605"></trkpt>
      <trkpt lat="41.538271" lon="-1.23928"></trkpt>
      <trkpt lat="41.534517" lon="-1.249165"></trkpt>
      <trkpt lat="41.518116" lon="-1.285632"></trkpt>
      <trkpt lat="41.517411" lon="-1.287737"></trkpt>
      <trkpt lat="41.515149" lon="-1.297244"></trkpt>
      <trkpt lat="41.514272" lon="-1.299862"></trkpt>
      <trkpt lat="41.501292" lon="-1.324325"></trkpt>
      <trkpt lat="41.494872" lon="-1.341908"></trkpt>
      <trkpt lat="41.494097" lon="-1.34431"></trkpt>
      <trkpt lat="41.490962" lon="-1.357197"></trkpt>
      <trkpt lat="41.489126" lon="-1.366243"></trkpt>
      <trkpt lat="41.487549" lon="-1.370628"></trkpt>
      <trkpt lat="41.484797" lon="-1.382979"></trkpt>
      <trkpt lat="41.481325" lon="-1.393238"></trkpt>
      <trkpt lat="41.479101" lon="-1.402612"></trkpt>
      <trkpt lat="41.478842" lon="-1.404614"></trkpt>
      <trkpt lat="41.478863" lon="-1.406866"></trkpt>
      <trkpt lat="41.479358" lon="-1.411283"></trkpt>
      <trkpt lat="41.480123" lon="-1.414569"></trkpt>
      <trkpt lat="41.481289" lon="-1.417836"></trkpt>
      <trkpt lat="41.482489" lon="-1.420314"></trkpt>
      <trkpt lat="41.483286" lon="-1.421685"></trkpt>
      <trkpt lat="41.484576" lon="-1.423526"></trkpt>
      <trkpt lat="41.485423" lon="-1.424409"></trkpt>
      <trkpt lat="41.487582" lon="-1.425933"></trkpt>
      <trkpt lat="41.488329" lon="-1.42693"></trkpt>
      <trkpt lat="41.488889" lon="-1.428143"></trkpt>
      <trkpt lat="41.489205" lon="-1.430118"></trkpt>
      <trkpt lat="41.489115" lon="-1.432214"></trkpt>
      <trkpt lat="41.488652" lon="-1.434275"></trkpt>
      <trkpt lat="41.488041" lon="-1.435804"></trkpt>
      <trkpt lat="41.48463" lon="-1.442555"></trkpt>
      <trkpt lat="41.483649" lon="-1.444084"></trkpt>
      <trkpt lat="41.482931" lon="-1.444798"></trkpt>
      <trkpt lat="41.481817" lon="-1.445508"></trkpt>
      <trkpt lat="41.479206" lon="-1.446266"></trkpt>
      <trkpt lat="41.47842" lon="-1.446807"></trkpt>
      <trkpt lat="41.477698" lon="-1.447598"></trkpt>
      <trkpt lat="41.477209" lon="-1.448428"></trkpt>
      <trkpt lat="41.476853" lon="-1.449401"></trkpt>
      <trkpt lat="41.476325" lon="-1.452699"></trkpt>
      <trkpt lat="41.475779" lon="-1.45421"></trkpt>
      <trkpt lat="41.474892" lon="-1.455514"></trkpt>
      <trkpt lat="41.472891" lon="-1.457144"></trkpt>
      <trkpt lat="41.47199" lon="-1.458256"></trkpt>
      <trkpt lat="41.471537" lon="-1.459157"></trkpt>
      <trkpt lat="41.470276" lon="-1.462935"></trkpt>
      <trkpt lat="41.469712" lon="-1.463875"></trkpt>
      <trkpt lat="41.469008" lon="-1.464687"></trkpt>
      <trkpt lat="41.468081" lon="-1.465313"></trkpt>
      <trkpt lat="41.466167" lon="-1.4662"></trkpt>
      <trkpt lat="41.462683" lon="-1.468812"></trkpt>
      <trkpt lat="41.460932" lon="-1.469408"></trkpt>
      <trkpt lat="41.459992" lon="-1.469425"></trkpt>
      <trkpt lat="41.458808" lon="-1.469229"></trkpt>
      <trkpt lat="41.456496" lon="-1.468144"></trkpt>
      <trkpt lat="41.455227" lon="-1.467807"></trkpt>
      <trkpt lat="41.453839" lon="-1.467865"></trkpt>
      <trkpt lat="41.452245" lon="-1.468454"></trkpt>
      <trkpt lat="41.450897" lon="-1.469523"></trkpt>
      <trkpt lat="41.449833" lon="-1.470885"></trkpt>
      <trkpt lat="41.448982" lon="-1.472745"></trkpt>
      <trkpt lat="41.448155" lon="-1.475883"></trkpt>
      <trkpt lat="41.447638" lon="-1.477048"></trkpt>
      <trkpt lat="41.446786" lon="-1.478404"></trkpt>
      <trkpt lat="41.445622" lon="-1.479589"></trkpt>
      <trkpt lat="41.444403" lon="-1.480356"></trkpt>
      <trkpt lat="41.443023" lon="-1.480758"></trkpt>
      <trkpt lat="41.442129" lon="-1.480806"></trkpt>
      <trkpt lat="41.439412" lon="-1.480471"></trkpt>
      <trkpt lat="41.438531" lon="-1.480624"></trkpt>
      <trkpt lat="41.437665" lon="-1.481032"></trkpt>
      <trkpt lat="41.436637" lon="-1.482091"></trkpt>
      <trkpt lat="41.432525" lon="-1.488506"></trkpt>
      <trkpt lat="41.43186" lon="-1.489287"></trkpt>
      <trkpt lat="41.431183" lon="-1.489781"></trkpt>
      <trkpt lat="41.43056" lon="-1.490053"></trkpt>
      <trkpt lat="41.429188" lon="-1.49041"></trkpt>
      <trkpt lat="41.4278" lon="-1.491064"></trkpt>
      <trkpt lat="41.423991" lon="-1.494229"></trkpt>
      <trkpt lat="41.416615" lon="-1.498227"></trkpt>
      <trkpt lat="41.415629" lon="-1.499095"></trkpt>
      <trkpt lat="41.415055" lon="-1.500007"></trkpt>
      <trkpt lat="41.4146" lon="-1.501219"></trkpt>
      <trkpt lat="41.412382" lon="-1.509509"></trkpt>
      <trkpt lat="41.412262" lon="-1.510266"></trkpt>
      <trkpt lat="41.412249" lon="-1.511409"></trkpt>
      <trkpt lat="41.412408" lon="-1.512449"></trkpt>
      <trkpt lat="41.414048" lon="-1.520431"></trkpt>
      <trkpt lat="41.414155" lon="-1.521482"></trkpt>
      <trkpt lat="41.413964" lon="-1.523399"></trkpt>
      <trkpt lat="41.413593" lon="-1.524555"></trkpt>
      <trkpt lat="41.41326" lon="-1.525168"></trkpt>
      <trkpt lat="41.412306" lon="-1.526326"></trkpt>
      <trkpt lat="41.411482" lon="-1.526893"></trkpt>
      <trkpt lat="41.410782" lon="-1.527168"></trkpt>
      <trkpt lat="41.409723" lon="-1.52729"></trkpt>
      <trkpt lat="41.409183" lon="-1.527204"></trkpt>
      <trkpt lat="41.40699" lon="-1.526113"></trkpt>
      <trkpt lat="41.405894" lon="-1.525903"></trkpt>
      <trkpt lat="41.404991" lon="-1.526025"></trkpt>
      <trkpt lat="41.404133" lon="-1.526404"></trkpt>
      <trkpt lat="41.403588" lon="-1.526833"></trkpt>
      <trkpt lat="41.402789" lon="-1.527818"></trkpt>
      <trkpt lat="41.402352" lon="-1.528623"></trkpt>
      <trkpt lat="41.402068" lon="-1.529473"></trkpt>
      <trkpt lat="41.401852" lon="-1.531015"></trkpt>
      <trkpt lat="41.401988" lon="-1.532596"></trkpt>
      <trkpt lat="41.402548" lon="-1.53474"></trkpt>
      <trkpt lat="41.402785" lon="-1.536618"></trkpt>
      <trkpt lat="41.402702" lon="-1.538702"></trkpt>
      <trkpt lat="41.402437" lon="-1.540158"></trkpt>
      <trkpt lat="41.402101" lon="-1.541213"></trkpt>
      <trkpt lat="41.40135" lon="-1.542832"></trkpt>
      <trkpt lat="41.400676" lon="-1.543828"></trkpt>
      <trkpt lat="41.399936" lon="-1.544671"></trkpt>
      <trkpt lat="41.398653" lon="-1.54562"></trkpt>
      <trkpt lat="41.397161" lon="-1.546261"></trkpt>
      <trkpt lat="41.396071" lon="-1.546974"></trkpt>
      <trkpt lat="41.395577" lon="-1.547435"></trkpt>
      <trkpt lat="41.394727" lon="-1.548633"></trkpt>
      <trkpt lat="41.394032" lon="-1.5503"></trkpt>
      <trkpt lat="41.393454" lon="-1.552868"></trkpt>
      <trkpt lat="41.39235" lon="-1.555861"></trkpt>
      <trkpt lat="41.392033" lon="-1.557266"></trkpt>
      <trkpt lat="41.391764" lon="-1.559253"></trkpt>
      <trkpt lat="41.391331" lon="-1.560842"></trkpt>
      <trkpt lat="41.390953" lon="-1.561801"></trkpt>
      <trkpt lat="41.390235" lon="-1.563145"></trkpt>
      <trkpt lat="41.389485" lon="-1.564298"></trkpt>
      <trkpt lat="41.388142" lon="-1.56596"></trkpt>
      <trkpt lat="41.38264" lon="-1.570952"></trkpt>
      <trkpt lat="41.381619" lon="-1.571563"></trkpt>
      <trkpt lat="41.380679" lon="-1.571884"></trkpt>
      <trkpt lat="41.379145" lon="-1.57212"></trkpt>
      <trkpt lat="41.376844" lon="-1.572242"></trkpt>
      <trkpt lat="41.375606" lon="-1.572605"></trkpt>
      <trkpt lat="41.374466" lon="-1.573168"></trkpt>
      <trkpt lat="41.373087" lon="-1.574183"></trkpt>
      <trkpt lat="41.369922" lon="-1.577239"></trkpt>
      <trkpt lat="41.36829" lon="-1.578914"></trkpt>
      <trkpt lat="41.367141" lon="-1.580328"></trkpt>
      <trkpt lat="41.365579" lon="-1.582919"></trkpt>
      <trkpt lat="41.364858" lon="-1.584496"></trkpt>
      <trkpt lat="41.364193" lon="-1.586324"></trkpt>
      <trkpt lat="41.363503" lon="-1.589151"></trkpt>
      <trkpt lat="41.362667" lon="-1.593525"></trkpt>
      <trkpt lat="41.362015" lon="-1.596293"></trkpt>
      <trkpt lat="41.36114" lon="-1.59903"></trkpt>
      <trkpt lat="41.359155" lon="-1.604199"></trkpt>
      <trkpt lat="41.357568" lon="-1.610355"></trkpt>
      <trkpt lat="41.357058" lon="-1.611718"></trkpt>
      <trkpt lat="41.356135" lon="-1.613568"></trkpt>
      <trkpt lat="41.354852" lon="-1.615416"></trkpt>
      <trkpt lat="41.351861" lon="-1.618592"></trkpt>
      <trkpt lat="41.35062" lon="-1.620221"></trkpt>
      <trkpt lat="41.349892" lon="-1.621568"></trkpt>
      <trkpt lat="41.348281" lon="-1.62553"></trkpt>
      <trkpt lat="41.34712" lon="-1.627478"></trkpt>
      <trkpt lat="41.346547" lon="-1.628209"></trkpt>
      <trkpt lat="41.345487" lon="-1.629266"></trkpt>
      <trkpt lat="41.344345" lon="-1.630086"></trkpt>
      <trkpt lat="41.339839" lon="-1.632135"></trkpt>
      <trkpt lat="41.339012" lon="-1.632698"></trkpt>
      <trkpt lat="41.337762" lon="-1.633773"></trkpt>
      <trkpt lat="41.336888" lon="-1.634768"></trkpt>
      <trkpt lat="41.335897" lon="-1.636219"></trkpt>
      <trkpt lat="41.334876" lon="-1.638199"></trkpt>
      <trkpt lat="41.33454" lon="-1.639136"></trkpt>
      <trkpt lat="41.33408" lon="-1.641546"></trkpt>
      <trkpt lat="41.333883" lon="-1.647675"></trkpt>
      <trkpt lat="41.333739" lon="-1.648944"></trkpt>
      <trkpt lat="41.333343" lon="-1.650688"></trkpt>
      <trkpt lat="41.332668" lon="-1.652577"></trkpt>
      <trkpt lat="41.330945" lon="-1.655925"></trkpt>
      <trkpt lat="41.330358" lon="-1.657347"></trkpt>
      <trkpt lat="41.329981" lon="-1.658852"></trkpt>
      <trkpt lat="41.32944" lon="-1.66306"></trkpt>
      <trkpt lat="41.328984" lon="-1.664592"></trkpt>
      <trkpt lat="41.328179" lon="-1.666086"></trkpt>
      <trkpt lat="41.325443" lon="-1.669428"></trkpt>
      <trkpt lat="41.324828" lon="-1.670538"></trkpt>
      <trkpt lat="41.324344" lon="-1.671752"></trkpt>
      <trkpt lat="41.318833" lon="-1.692323"></trkpt>
      <trkpt lat="41.312153" lon="-1.715279"></trkpt>
      <trkpt lat="41.308843" lon="-1.728049"></trkpt>
      <trkpt lat="41.308374" lon="-1.730426"></trkpt>
      <trkpt lat="41.308184" lon="-1.732252"></trkpt>
      <trkpt lat="41.308145" lon="-1.734971"></trkpt>
      <trkpt lat="41.308624" lon="-1.755825"></trkpt>
      <trkpt lat="41.308825" lon="-1.758196"></trkpt>
      <trkpt lat="41.309034" lon="-1.759233"></trkpt>
      <trkpt lat="41.309603" lon="-1.761109"></trkpt>
      <trkpt lat="41.310203" lon="-1.762498"></trkpt>
      <trkpt lat="41.317865" lon="-1.777963"></trkpt>
      <trkpt lat="41.319382" lon="-1.781254"></trkpt>
      <trkpt lat="41.319693" lon="-1.782782"></trkpt>
      <trkpt lat="41.319678" lon="-1.785634"></trkpt>
      <trkpt lat="41.319798" lon="-1.786774"></trkpt>
      <trkpt lat="41.320743" lon="-1.789684"></trkpt>
      <trkpt lat="41.32089" lon="-1.790469"></trkpt>
      <trkpt lat="41.320916" lon="-1.791989"></trkpt>
      <trkpt lat="41.320536" lon="-1.79377"></trkpt>
      <trkpt lat="41.319165" lon="-1.796266"></trkpt>
      <trkpt lat="41.318605" lon="-1.798055"></trkpt>
      <trkpt lat="41.318527" lon="-1.798602"></trkpt>
      <trkpt lat="41.318591" lon="-1.80163"></trkpt>
      <trkpt lat="41.318304" lon="-1.803516"></trkpt>
      <trkpt lat="41.317776" lon="-1.80485"></trkpt>
      <trkpt lat="41.316318" lon="-1.807188"></trkpt>
      <trkpt lat="41.315994" lon="-1.807985"></trkpt>
      <trkpt lat="41.315562" lon="-1.809899"></trkpt>
      <trkpt lat="41.315495" lon="-1.811556"></trkpt>
      <trkpt lat="41.315665" lon="-1.812929"></trkpt>
      <trkpt lat="41.316402" lon="-1.815369"></trkpt>
      <trkpt lat="41.316687" lon="-1.816791"></trkpt>
      <trkpt lat="41.31671" lon="-1.817794"></trkpt>
      <trkpt lat="41.316421" lon="-1.820498"></trkpt>
      <trkpt lat="41.31648" lon="-1.821763"></trkpt>
      <trkpt lat="41.316697" lon="-1.823095"></trkpt>
      <trkpt lat="41.317262" lon="-1.824641"></trkpt>
      <trkpt lat="41.319765" lon="-1.828611"></trkpt>
      <trkpt lat="41.320362" lon="-1.82984"></trkpt>
      <trkpt lat="41.320697" lon="-1.831216"></trkpt>
      <trkpt lat="41.320837" lon="-1.834825"></trkpt>
      <trkpt lat="41.321947" lon="-1.838439"></trkpt>
      <trkpt lat="41.322041" lon="-1.839782"></trkpt>
      <trkpt lat="41.321892" lon="-1.841042"></trkpt>
      <trkpt lat="41.321541" lon="-1.842231"></trkpt>
      <trkpt lat="41.320488" lon="-1.844393"></trkpt>
      <trkpt lat="41.31982" lon="-1.846299"></trkpt>
      <trkpt lat="41.319397" lon="-1.84843"></trkpt>
      <trkpt lat="41.319298" lon="-1.850677"></trkpt>
      <trkpt lat="41.319438" lon="-1.851679"></trkpt>
      <trkpt lat="41.319893" lon="-1.853005"></trkpt>
      <trkpt lat="41.320388" lon="-1.853857"></trkpt>
      <trkpt lat="41.32143" lon="-1.855246"></trkpt>
      <trkpt lat="41.322016" lon="-1.856487"></trkpt>
      <trkpt lat="41.322289" lon="-1.857573"></trkpt>
      <trkpt lat="41.322502" lon="-1.86019"></trkpt>
      <trkpt lat="41.323385" lon="-1.863446"></trkpt>
      <trkpt lat="41.323472" lon="-1.864804"></trkpt>
      <trkpt lat="41.323157" lon="-1.867252"></trkpt>
      <trkpt lat="41.323114" lon="-1.870209"></trkpt>
      <trkpt lat="41.322974" lon="-1.871588"></trkpt>
      <trkpt lat="41.321382" lon="-1.881105"></trkpt>
      <trkpt lat="41.321005" lon="-1.882497"></trkpt>
      <trkpt lat="41.320232" lon="-1.884556"></trkpt>
      <trkpt lat="41.317812" lon="-1.889178"></trkpt>
      <trkpt lat="41.317107" lon="-1.891817"></trkpt>
      <trkpt lat="41.316994" lon="-1.893673"></trkpt>
      <trkpt lat="41.317224" lon="-1.895905"></trkpt>
      <trkpt lat="41.318588" lon="-1.900275"></trkpt>
      <trkpt lat="41.318928" lon="-1.902089"></trkpt>
      <trkpt lat="41.31905" lon="-1.904428"></trkpt>
      <trkpt lat="41.318848" lon="-1.905783"></trkpt>
      <trkpt lat="41.318501" lon="-1.906814"></trkpt>
      <trkpt lat="41.318104" lon="-1.90756"></trkpt>
      <trkpt lat="41.317008" lon="-1.90878"></trkpt>
      <trkpt lat="41.316392" lon="-1.909165"></trkpt>
      <trkpt lat="41.315602" lon="-1.909459"></trkpt>
      <trkpt lat="41.314911" lon="-1.90952"></trkpt>
      <trkpt lat="41.312908" lon="-1.909355"></trkpt>
      <trkpt lat="41.311826" lon="-1.909648"></trkpt>
      <trkpt lat="41.311277" lon="-1.909985"></trkpt>
      <trkpt lat="41.310544" lon="-1.91067"></trkpt>
      <trkpt lat="41.310023" lon="-1.911431"></trkpt>
      <trkpt lat="41.309588" lon="-1.912347"></trkpt>
      <trkpt lat="41.30924" lon="-1.913911"></trkpt>
      <trkpt lat="41.309219" lon="-1.915018"></trkpt>
      <trkpt lat="41.309375" lon="-1.916034"></trkpt>
      <trkpt lat="41.31009" lon="-1.918798"></trkpt>
      <trkpt lat="41.310156" lon="-1.919985"></trkpt>
      <trkpt lat="41.309979" lon="-1.921517"></trkpt>
      <trkpt lat="41.30963" lon="-1.922929"></trkpt>
      <trkpt lat="41.309223" lon="-1.924005"></trkpt>
      <trkpt lat="41.308466" lon="-1.925458"></trkpt>
      <trkpt lat="41.30739" lon="-1.927076"></trkpt>
      <trkpt lat="41.306837" lon="-1.928486"></trkpt>
      <trkpt lat="41.306619" lon="-1.930009"></trkpt>
      <trkpt lat="41.306771" lon="-1.933017"></trkpt>
      <trkpt lat="41.306612" lon="-1.934579"></trkpt>
      <trkpt lat="41.306214" lon="-1.936022"></trkpt>
      <trkpt lat="41.304287" lon="-1.940268"></trkpt>
      <trkpt lat="41.303868" lon="-1.941637"></trkpt>
      <trkpt lat="41.302712" lon="-1.951567"></trkpt>
      <trkpt lat="41.302709" lon="-1.953326"></trkpt>
      <trkpt lat="41.302941" lon="-1.955135"></trkpt>
      <trkpt lat="41.305499" lon="-1.967867"></trkpt>
      <trkpt lat="41.305373" lon="-1.969939"></trkpt>
      <trkpt lat="41.304812" lon="-1.972536"></trkpt>
      <trkpt lat="41.304811" lon="-1.974226"></trkpt>
      <trkpt lat="41.307643" lon="-1.98951"></trkpt>
      <trkpt lat="41.308325" lon="-1.9919"></trkpt>
      <trkpt lat="41.314748" lon="-2.008763"></trkpt>
      <trkpt lat="41.317508" lon="-2.017483"></trkpt>
      <trkpt lat="41.317883" lon="-2.019412"></trkpt>
      <trkpt lat="41.31804" lon="-2.021"></trkpt>
      <trkpt lat="41.318045" lon="-2.022895"></trkpt>
      <trkpt lat="41.31782" lon="-2.02508"></trkpt>
      <trkpt lat="41.315562" lon="-2.036"></trkpt>
      <trkpt lat="41.315298" lon="-2.038164"></trkpt>
      <trkpt lat="41.315452" lon="-2.04029"></trkpt>
      <trkpt lat="41.315813" lon="-2.041749"></trkpt>
      <trkpt lat="41.31624" lon="-2.042838"></trkpt>
      <trkpt lat="41.317506" lon="-2.045353"></trkpt>
      <trkpt lat="41.317999" lon="-2.046941"></trkpt>
      <trkpt lat="41.318231" lon="-2.048752"></trkpt>
      <trkpt lat="41.31861" lon="-2.058341"></trkpt>
      <trkpt lat="41.318521" lon="-2.059186"></trkpt>
      <trkpt lat="41.318027" lon="-2.06103"></trkpt>
      <trkpt lat="41.316961" lon="-2.063384"></trkpt>
      <trkpt lat="41.315598" lon="-2.066899"></trkpt>
      <trkpt lat="41.314008" lon="-2.070388"></trkpt>
      <trkpt lat="41.311532" lon="-2.074571"></trkpt>
      <trkpt lat="41.310918" lon="-2.076096"></trkpt>
      <trkpt lat="41.310491" lon="-2.077819"></trkpt>
      <trkpt lat="41.310264" lon="-2.080995"></trkpt>
      <trkpt lat="41.30967" lon="-2.098078"></trkpt>
      <trkpt lat="41.308843" lon="-2.105893"></trkpt>
      <trkpt lat="41.309954" lon="-2.116309"></trkpt>
      <trkpt lat="41.309964" lon="-2.117745"></trkpt>
      <trkpt lat="41.309816" lon="-2.119257"></trkpt>
      <trkpt lat="41.309611" lon="-2.120184"></trkpt>
      <trkpt lat="41.308008" lon="-2.124461"></trkpt>
      <trkpt lat="41.307201" lon="-2.127873"></trkpt>
      <trkpt lat="41.306935" lon="-2.130408"></trkpt>
      <trkpt lat="41.306949" lon="-2.134849"></trkpt>
      <trkpt lat="41.306787" lon="-2.13638"></trkpt>
      <trkpt lat="41.306171" lon="-2.138646"></trkpt>
      <trkpt lat="41.305064" lon="-2.140771"></trkpt>
      <trkpt lat="41.303887" lon="-2.142161"></trkpt>
      <trkpt lat="41.301944" lon="-2.143589"></trkpt>
      <trkpt lat="41.300852" lon="-2.144537"></trkpt>
      <trkpt lat="41.300208" lon="-2.145358"></trkpt>
      <trkpt lat="41.299492" lon="-2.146613"></trkpt>
      <trkpt lat="41.298855" lon="-2.148384"></trkpt>
      <trkpt lat="41.297484" lon="-2.156793"></trkpt>
      <trkpt lat="41.296367" lon="-2.160548"></trkpt>
      <trkpt lat="41.294469" lon="-2.164052"></trkpt>
      <trkpt lat="41.2926" lon="-2.166538"></trkpt>
      <trkpt lat="41.290463" lon="-2.168942"></trkpt>
      <trkpt lat="41.287685" lon="-2.17158"></trkpt>
      <trkpt lat="41.286348" lon="-2.172652"></trkpt>
      <trkpt lat="41.284631" lon="-2.173688"></trkpt>
      <trkpt lat="41.282626" lon="-2.174399"></trkpt>
      <trkpt lat="41.280926" lon="-2.17483"></trkpt>
      <trkpt lat="41.277711" lon="-2.175314"></trkpt>
      <trkpt lat="41.274115" lon="-2.17627"></trkpt>
      <trkpt lat="41.272512" lon="-2.176788"></trkpt>
      <trkpt lat="41.271418" lon="-2.177384"></trkpt>
      <trkpt lat="41.270462" lon="-2.178201"></trkpt>
      <trkpt lat="41.269294" lon="-2.179513"></trkpt>
      <trkpt lat="41.25894" lon="-2.191539"></trkpt>
      <trkpt lat="41.257554" lon="-2.19344"></trkpt>
      <trkpt lat="41.256113" lon="-2.196239"></trkpt>
      <trkpt lat="41.251758" lon="-2.20721"></trkpt>
      <trkpt lat="41.249689" lon="-2.213024"></trkpt>
      <trkpt lat="41.243564" lon="-2.226405"></trkpt>
      <trkpt lat="41.242347" lon="-2.228462"></trkpt>
      <trkpt lat="41.238684" lon="-2.233326"></trkpt>
      <trkpt lat="41.232398" lon="-2.242588"></trkpt>
      <trkpt lat="41.231074" lon="-2.244834"></trkpt>
      <trkpt lat="41.225413" lon="-2.257157"></trkpt>
      <trkpt lat="41.224762" lon="-2.259203"></trkpt>
      <trkpt lat="41.221564" lon="-2.266412"></trkpt>
      <trkpt lat="41.220744" lon="-2.269137"></trkpt>
      <trkpt lat="41.220214" lon="-2.272538"></trkpt>
      <trkpt lat="41.220168" lon="-2.275741"></trkpt>
      <trkpt lat="41.220558" lon="-2.28004"></trkpt>
      <trkpt lat="41.22045" lon="-2.282217"></trkpt>
      <trkpt lat="41.219819" lon="-2.284912"></trkpt>
      <trkpt lat="41.219168" lon="-2.286452"></trkpt>
      <trkpt lat="41.218311" lon="-2.287879"></trkpt>
      <trkpt lat="41.217327" lon="-2.289043"></trkpt>
      <trkpt lat="41.216054" lon="-2.290088"></trkpt>
      <trkpt lat="41.214922" lon="-2.290721"></trkpt>
      <trkpt lat="41.21338" lon="-2.291211"></trkpt>
      <trkpt lat="41.21049" lon="-2.291126"></trkpt>
      <trkpt lat="41.209121" lon="-2.291296"></trkpt>
      <trkpt lat="41.208053" lon="-2.291785"></trkpt>
      <trkpt lat="41.207202" lon="-2.292331"></trkpt>
      <trkpt lat="41.206689" lon="-2.292783"></trkpt>
      <trkpt lat="41.205761" lon="-2.293942"></trkpt>
      <trkpt lat="41.205308" lon="-2.294665"></trkpt>
      <trkpt lat="41.204671" lon="-2.296136"></trkpt>
      <trkpt lat="41.20247" lon="-2.303247"></trkpt>
      <trkpt lat="41.202298" lon="-2.304804"></trkpt>
      <trkpt lat="41.202472" lon="-2.307157"></trkpt>
      <trkpt lat="41.202434" lon="-2.308927"></trkpt>
      <trkpt lat="41.202245" lon="-2.310267"></trkpt>
      <trkpt lat="41.201145" lon="-2.314052"></trkpt>
      <trkpt lat="41.200914" lon="-2.315511"></trkpt>
      <trkpt lat="41.200852" lon="-2.317374"></trkpt>
      <trkpt lat="41.20103" lon="-2.319084"></trkpt>
      <trkpt lat="41.201981" lon="-2.3233"></trkpt>
      <trkpt lat="41.202073" lon="-2.325058"></trkpt>
      <trkpt lat="41.20192" lon="-2.328589"></trkpt>
      <trkpt lat="41.202421" lon="-2.33284"></trkpt>
      <trkpt lat="41.202269" lon="-2.334968"></trkpt>
      <trkpt lat="41.20149" lon="-2.337828"></trkpt>
      <trkpt lat="41.201177" lon="-2.339987"></trkpt>
      <trkpt lat="41.201203" lon="-2.341329"></trkpt>
      <trkpt lat="41.201395" lon="-2.342619"></trkpt>
      <trkpt lat="41.202283" lon="-2.345598"></trkpt>
      <trkpt lat="41.202617" lon="-2.347962"></trkpt>
      <trkpt lat="41.202548" lon="-2.349644"></trkpt>
      <trkpt lat="41.202073" lon="-2.352778"></trkpt>
      <trkpt lat="41.202053" lon="-2.355051"></trkpt>
      <trkpt lat="41.202271" lon="-2.356637"></trkpt>
      <trkpt lat="41.202802" lon="-2.358495"></trkpt>
      <trkpt lat="41.20332" lon="-2.35967"></trkpt>
      <trkpt lat="41.204361" lon="-2.361554"></trkpt>
      <trkpt lat="41.204717" lon="-2.362482"></trkpt>
      <trkpt lat="41.204927" lon="-2.363403"></trkpt>
      <trkpt lat="41.205003" lon="-2.36467"></trkpt>
      <trkpt lat="41.204892" lon="-2.365737"></trkpt>
      <trkpt lat="41.204613" lon="-2.3668"></trkpt>
      <trkpt lat="41.203333" lon="-2.369342"></trkpt>
      <trkpt lat="41.202977" lon="-2.370674"></trkpt>
      <trkpt lat="41.202925" lon="-2.372272"></trkpt>
      <trkpt lat="41.203214" lon="-2.375182"></trkpt>
      <trkpt lat="41.202972" lon="-2.376893"></trkpt>
      <trkpt lat="41.202337" lon="-2.378427"></trkpt>
      <trkpt lat="41.200679" lon="-2.381067"></trkpt>
      <trkpt lat="41.20007" lon="-2.382622"></trkpt>
      <trkpt lat="41.199871" lon="-2.38344"></trkpt>
      <trkpt lat="41.199668" lon="-2.385493"></trkpt>
      <trkpt lat="41.199895" lon="-2.388532"></trkpt>
      <trkpt lat="41.199854" lon="-2.390271"></trkpt>
      <trkpt lat="41.199536" lon="-2.39198"></trkpt>
      <trkpt lat="41.199008" lon="-2.393453"></trkpt>
      <trkpt lat="41.198387" lon="-2.394597"></trkpt>
      <trkpt lat="41.197601" lon="-2.395648"></trkpt>
      <trkpt lat="41.195883" lon="-2.397189"></trkpt>
      <trkpt lat="41.195142" lon="-2.398064"></trkpt>
      <trkpt lat="41.193794" lon="-2.400354"></trkpt>
      <trkpt lat="41.193044" lon="-2.401291"></trkpt>
      <trkpt lat="41.191703" lon="-2.402332"></trkpt>
      <trkpt lat="41.190485" lon="-2.402749"></trkpt>
      <trkpt lat="41.189879" lon="-2.402837"></trkpt>
      <trkpt lat="41.188914" lon="-2.40277"></trkpt>
      <trkpt lat="41.187769" lon="-2.402382"></trkpt>
      <trkpt lat="41.185928" lon="-2.401302"></trkpt>
      <trkpt lat="41.183137" lon="-2.399932"></trkpt>
      <trkpt lat="41.181672" lon="-2.398888"></trkpt>
      <trkpt lat="41.180551" lon="-2.398354"></trkpt>
      <trkpt lat="41.179861" lon="-2.39824"></trkpt>
      <trkpt lat="41.178895" lon="-2.398351"></trkpt>
      <trkpt lat="41.177713" lon="-2.398958"></trkpt>
      <trkpt lat="41.17724" lon="-2.399383"></trkpt>
      <trkpt lat="41.176644" lon="-2.400166"></trkpt>
      <trkpt lat="41.17612" lon="-2.401222"></trkpt>
      <trkpt lat="41.172966" lon="-2.412089"></trkpt>
      <trkpt lat="41.172565" lon="-2.413158"></trkpt>
      <trkpt lat="41.171773" lon="-2.414569"></trkpt>
      <trkpt lat="41.170888" lon="-2.415622"></trkpt>
      <trkpt lat="41.170008" lon="-2.416324"></trkpt>
      <trkpt lat="41.16929" lon="-2.416732"></trkpt>
      <trkpt lat="41.167469" lon="-2.417349"></trkpt>
      <trkpt lat="41.165032" lon="-2.417707"></trkpt>
      <trkpt lat="41.16013" lon="-2.417602"></trkpt>
      <trkpt lat="41.159396" lon="-2.417798"></trkpt>
      <trkpt lat="41.15848" lon="-2.41829"></trkpt>
      <trkpt lat="41.157319" lon="-2.419472"></trkpt>
      <trkpt lat="41.154578" lon="-2.424128"></trkpt>
      <trkpt lat="41.153317" lon="-2.425355"></trkpt>
      <trkpt lat="41.148927" lon="-2.427605"></trkpt>
      <trkpt lat="41.14602" lon="-2.428347"></trkpt>
      <trkpt lat="41.145338" lon="-2.428618"></trkpt>
      <trkpt lat="41.144287" lon="-2.429372"></trkpt>
      <trkpt lat="41.143142" lon="-2.430781"></trkpt>
      <trkpt lat="41.142059" lon="-2.4329"></trkpt>
      <trkpt lat="41.141387" lon="-2.433891"></trkpt>
      <trkpt lat="41.139407" lon="-2.435737"></trkpt>
      <trkpt lat="41.138848" lon="-2.436488"></trkpt>
      <trkpt lat="41.137497" lon="-2.439138"></trkpt>
      <trkpt lat="41.137158" lon="-2.439583"></trkpt>
      <trkpt lat="41.130232" lon="-2.446132"></trkpt>
      <trkpt lat="41.128514" lon="-2.447021"></trkpt>
      <trkpt lat="41.127766" lon="-2.44722"></trkpt>
      <trkpt lat="41.126927" lon="-2.447285"></trkpt>
      <trkpt lat="41.12563" lon="-2.447089"></trkpt>
      <trkpt lat="41.124148" lon="-2.446418"></trkpt>
      <trkpt lat="41.121407" lon="-2.444254"></trkpt>
      <trkpt lat="41.119572" lon="-2.44334"></trkpt>
      <trkpt lat="41.11754" lon="-2.442837"></trkpt>
      <trkpt lat="41.115617" lon="-2.442878"></trkpt>
      <trkpt lat="41.114903" lon="-2.443032"></trkpt>
      <trkpt lat="41.113736" lon="-2.44348"></trkpt>
      <trkpt lat="41.112341" lon="-2.444478"></trkpt>
      <trkpt lat="41.111339" lon="-2.445663"></trkpt>
      <trkpt lat="41.110347" lon="-2.447373"></trkpt>
      <trkpt lat="41.109295" lon="-2.448822"></trkpt>
      <trkpt lat="41.108091" lon="-2.449885"></trkpt>
      <trkpt lat="41.107208" lon="-2.450332"></trkpt>
      <trkpt lat="41.105656" lon="-2.450746"></trkpt>
      <trkpt lat="41.104334" lon="-2.450672"></trkpt>
      <trkpt lat="41.102345" lon="-2.450233"></trkpt>
      <trkpt lat="41.1012" lon="-2.45024"></trkpt>
      <trkpt lat="41.099315" lon="-2.450709"></trkpt>
      <trkpt lat="41.098073" lon="-2.450865"></trkpt>
      <trkpt lat="41.097135" lon="-2.45073"></trkpt>
      <trkpt lat="41.096075" lon="-2.450349"></trkpt>
      <trkpt lat="41.088197" lon="-2.445546"></trkpt>
      <trkpt lat="41.086713" lon="-2.444776"></trkpt>
      <trkpt lat="41.085376" lon="-2.444288"></trkpt>
      <trkpt lat="41.084032" lon="-2.444005"></trkpt>
      <trkpt lat="41.08272" lon="-2.443921"></trkpt>
      <trkpt lat="41.074671" lon="-2.444081"></trkpt>
      <trkpt lat="41.073095" lon="-2.443818"></trkpt>
      <trkpt lat="41.069908" lon="-2.442908"></trkpt>
      <trkpt lat="41.06801" lon="-2.442793"></trkpt>
      <trkpt lat="41.066531" lon="-2.442988"></trkpt>
      <trkpt lat="41.065187" lon="-2.443435"></trkpt>
      <trkpt lat="41.057844" lon="-2.447726"></trkpt>
      <trkpt lat="41.055829" lon="-2.448501"></trkpt>
      <trkpt lat="41.054715" lon="-2.448646"></trkpt>
      <trkpt lat="41.053419" lon="-2.448597"></trkpt>
      <trkpt lat="41.051842" lon="-2.448219"></trkpt>
      <trkpt lat="41.049954" lon="-2.447481"></trkpt>
      <trkpt lat="41.048762" lon="-2.447336"></trkpt>
      <trkpt lat="41.041687" lon="-2.448472"></trkpt>
      <trkpt lat="41.040323" lon="-2.449036"></trkpt>
      <trkpt lat="41.039382" lon="-2.449687"></trkpt>
      <trkpt lat="41.038435" lon="-2.450611"></trkpt>
      <trkpt lat="41.037414" lon="-2.452048"></trkpt>
      <trkpt lat="41.036789" lon="-2.453372"></trkpt>
      <trkpt lat="41.036241" lon="-2.455182"></trkpt>
      <trkpt lat="41.03475" lon="-2.464723"></trkpt>
      <trkpt lat="41.034567" lon="-2.467053"></trkpt>
      <trkpt lat="41.034937" lon="-2.477588"></trkpt>
      <trkpt lat="41.034768" lon="-2.483508"></trkpt>
      <trkpt lat="41.03434" lon="-2.485827"></trkpt>
      <trkpt lat="41.033257" lon="-2.488857"></trkpt>
      <trkpt lat="41.032913" lon="-2.490178"></trkpt>
      <trkpt lat="41.032553" lon="-2.494109"></trkpt>
      <trkpt lat="41.032193" lon="-2.496051"></trkpt>
      <trkpt lat="41.031629" lon="-2.49772"></trkpt>
      <trkpt lat="41.030162" lon="-2.500775"></trkpt>
      <trkpt lat="41.029412" lon="-2.502975"></trkpt>
      <trkpt lat="41.028922" lon="-2.505699"></trkpt>
      <trkpt lat="41.028654" lon="-2.510972"></trkpt>
      <trkpt lat="41.028193" lon="-2.512887"></trkpt>
      <trkpt lat="41.027591" lon="-2.514348"></trkpt>
      <trkpt lat="41.02667" lon="-2.515846"></trkpt>
      <trkpt lat="41.025229" lon="-2.517316"></trkpt>
      <trkpt lat="41.024097" lon="-2.518057"></trkpt>
      <trkpt lat="41.021607" lon="-2.519163"></trkpt>
      <trkpt lat="41.020447" lon="-2.520115"></trkpt>
      <trkpt lat="41.019302" lon="-2.521664"></trkpt>
      <trkpt lat="41.018457" lon="-2.523671"></trkpt>
      <trkpt lat="41.018147" lon="-2.525143"></trkpt>
      <trkpt lat="41.018042" lon="-2.52676"></trkpt>
      <trkpt lat="41.01855" lon="-2.53211"></trkpt>
      <trkpt lat="41.018519" lon="-2.534131"></trkpt>
      <trkpt lat="41.018303" lon="-2.536216"></trkpt>
      <trkpt lat="41.017835" lon="-2.53858"></trkpt>
      <trkpt lat="41.016793" lon="-2.541812"></trkpt>
      <trkpt lat="41.016455" lon="-2.543225"></trkpt>
      <trkpt lat="41.015676" lon="-2.548741"></trkpt>
      <trkpt lat="41.015355" lon="-2.549931"></trkpt>
      <trkpt lat="41.014762" lon="-2.551494"></trkpt>
      <trkpt lat="41.010555" lon="-2.559157"></trkpt>
      <trkpt lat="40.992021" lon="-2.590603"></trkpt>
      <trkpt lat="40.991425" lon="-2.591924"></trkpt>
      <trkpt lat="40.990955" lon="-2.593675"></trkpt>
      <trkpt lat="40.990691" lon="-2.596948"></trkpt>
      <trkpt lat="40.990321" lon="-2.598717"></trkpt>
      <trkpt lat="40.987125" lon="-2.606565"></trkpt>
      <trkpt lat="40.985996" lon="-2.60896"></trkpt>
      <trkpt lat="40.984874" lon="-2.611023"></trkpt>
      <trkpt lat="40.983567" lon="-2.612612"></trkpt>
      <trkpt lat="40.982368" lon="-2.613407"></trkpt>
      <trkpt lat="40.981384" lon="-2.613775"></trkpt>
      <trkpt lat="40.980782" lon="-2.613881"></trkpt>
      <trkpt lat="40.978697" lon="-2.613849"></trkpt>
      <trkpt lat="40.977452" lon="-2.614057"></trkpt>
      <trkpt lat="40.975908" lon="-2.614826"></trkpt>
      <trkpt lat="40.974815" lon="-2.61585"></trkpt>
      <trkpt lat="40.973753" lon="-2.617502"></trkpt>
      <trkpt lat="40.973226" lon="-2.618879"></trkpt>
      <trkpt lat="40.972868" lon="-2.620696"></trkpt>
      <trkpt lat="40.972704" lon="-2.623441"></trkpt>
      <trkpt lat="40.972447" lon="-2.625297"></trkpt>
      <trkpt lat="40.971941" lon="-2.627188"></trkpt>
      <trkpt lat="40.971294" lon="-2.628718"></trkpt>
      <trkpt lat="40.97065" lon="-2.629899"></trkpt>
      <trkpt lat="40.969763" lon="-2.63115"></trkpt>
      <trkpt lat="40.968685" lon="-2.632255"></trkpt>
      <trkpt lat="40.966564" lon="-2.633949"></trkpt>
      <trkpt lat="40.965535" lon="-2.634963"></trkpt>
      <trkpt lat="40.964187" lon="-2.636932"></trkpt>
      <trkpt lat="40.963378" lon="-2.638813"></trkpt>
      <trkpt lat="40.962905" lon="-2.640861"></trkpt>
      <trkpt lat="40.960368" lon="-2.658328"></trkpt>
      <trkpt lat="40.957912" lon="-2.665732"></trkpt>
      <trkpt lat="40.957735" lon="-2.666611"></trkpt>
      <trkpt lat="40.957562" lon="-2.668028"></trkpt>
      <trkpt lat="40.957544" lon="-2.672054"></trkpt>
      <trkpt lat="40.957067" lon="-2.675186"></trkpt>
      <trkpt lat="40.956389" lon="-2.677344"></trkpt>
      <trkpt lat="40.955428" lon="-2.679398"></trkpt>
      <trkpt lat="40.954674" lon="-2.680582"></trkpt>
      <trkpt lat="40.945761" lon="-2.692841"></trkpt>
      <trkpt lat="40.899229" lon="-2.756424"></trkpt>
      <trkpt lat="40.898349" lon="-2.757881"></trkpt>
      <trkpt lat="40.879055" lon="-2.793577"></trkpt>
      <trkpt lat="40.872515" lon="-2.808293"></trkpt>
      <trkpt lat="40.865933" lon="-2.823539"></trkpt>
      <trkpt lat="40.864035" lon="-2.829006"></trkpt>
      <trkpt lat="40.862992" lon="-2.831034"></trkpt>
      <trkpt lat="40.860297" lon="-2.834902"></trkpt>
      <trkpt lat="40.858469" lon="-2.838116"></trkpt>
      <trkpt lat="40.856518" lon="-2.842092"></trkpt>
      <trkpt lat="40.855674" lon="-2.844293"></trkpt>
      <trkpt lat="40.849042" lon="-2.864703"></trkpt>
      <trkpt lat="40.83834" lon="-2.896893"></trkpt>
      <trkpt lat="40.837232" lon="-2.899445"></trkpt>
      <trkpt lat="40.811558" lon="-2.938314"></trkpt>
      <trkpt lat="40.808741" lon="-2.942924"></trkpt>
      <trkpt lat="40.804155" lon="-2.949914"></trkpt>
      <trkpt lat="40.800721" lon="-2.954831"></trkpt>
      <trkpt lat="40.784692" lon="-2.978906"></trkpt>
      <trkpt lat="40.781977" lon="-2.983273"></trkpt>
      <trkpt lat="40.779797" lon="-2.986541"></trkpt>
      <trkpt lat="40.769876" lon="-2.999921"></trkpt>
      <trkpt lat="40.768114" lon="-3.002467"></trkpt>
      <trkpt lat="40.761207" lon="-3.011706"></trkpt>
      <trkpt lat="40.758235" lon="-3.01543"></trkpt>
      <trkpt lat="40.753667" lon="-3.021499"></trkpt>
      <trkpt lat="40.752377" lon="-3.02345"></trkpt>
      <trkpt lat="40.749737" lon="-3.02702"></trkpt>
      <trkpt lat="40.748964" lon="-3.028218"></trkpt>
      <trkpt lat="40.746931" lon="-3.031959"></trkpt>
      <trkpt lat="40.746072" lon="-3.033109"></trkpt>
      <trkpt lat="40.745596" lon="-3.033618"></trkpt>
      <trkpt lat="40.744775" lon="-3.034222"></trkpt>
      <trkpt lat="40.742433" lon="-3.035414"></trkpt>
      <trkpt lat="40.74185" lon="-3.035856"></trkpt>
      <trkpt lat="40.740822" lon="-3.036806"></trkpt>
      <trkpt lat="40.738881" lon="-3.039183"></trkpt>
      <trkpt lat="40.73775" lon="-3.040112"></trkpt>
      <trkpt lat="40.733448" lon="-3.042759"></trkpt>
      <trkpt lat="40.732041" lon="-3.043731"></trkpt>
      <trkpt lat="40.731239" lon="-3.044452"></trkpt>
      <trkpt lat="40.730096" lon="-3.046049"></trkpt>
      <trkpt lat="40.725592" lon="-3.054126"></trkpt>
      <trkpt lat="40.72308" lon="-3.056806"></trkpt>
      <trkpt lat="40.719952" lon="-3.061183"></trkpt>
      <trkpt lat="40.7131" lon="-3.069781"></trkpt>
      <trkpt lat="40.711883" lon="-3.071129"></trkpt>
      <trkpt lat="40.710957" lon="-3.071905"></trkpt>
      <trkpt lat="40.706629" lon="-3.074749"></trkpt>
      <trkpt lat="40.70538" lon="-3.075691"></trkpt>
      <trkpt lat="40.704351" lon="-3.076797"></trkpt>
      <trkpt lat="40.70169" lon="-3.080657"></trkpt>
      <trkpt lat="40.700348" lon="-3.082204"></trkpt>
      <trkpt lat="40.699335" lon="-3.08303"></trkpt>
      <trkpt lat="40.698399" lon="-3.08359"></trkpt>
      <trkpt lat="40.690146" lon="-3.08717"></trkpt>
      <trkpt lat="40.687611" lon="-3.088747"></trkpt>
      <trkpt lat="40.685608" lon="-3.090591"></trkpt>
      <trkpt lat="40.682339" lon="-3.094672"></trkpt>
      <trkpt lat="40.681044" lon="-3.095602"></trkpt>
      <trkpt lat="40.679015" lon="-3.096595"></trkpt>
      <trkpt lat="40.678407" lon="-3.097031"></trkpt>
      <trkpt lat="40.666317" lon="-3.108599"></trkpt>
      <trkpt lat="40.663769" lon="-3.112064"></trkpt>
      <trkpt lat="40.656466" lon="-3.122546"></trkpt>
      <trkpt lat="40.655547" lon="-3.123341"></trkpt>
      <trkpt lat="40.652891" lon="-3.124857"></trkpt>
      <trkpt lat="40.651939" lon="-3.125742"></trkpt>
      <trkpt lat="40.651372" lon="-3.126462"></trkpt>
      <trkpt lat="40.650597" lon="-3.12814"></trkpt>
      <trkpt lat="40.649682" lon="-3.131961"></trkpt>
      <trkpt lat="40.649073" lon="-3.133562"></trkpt>
      <trkpt lat="40.645366" lon="-3.139943"></trkpt>
      <trkpt lat="40.644252" lon="-3.141291"></trkpt>
      <trkpt lat="40.643047" lon="-3.14205"></trkpt>
      <trkpt lat="40.64232" lon="-3.14231"></trkpt>
      <trkpt lat="40.641518" lon="-3.142432"></trkpt>
      <trkpt lat="40.638529" lon="-3.142518"></trkpt>
      <trkpt lat="40.637345" lon="-3.14289"></trkpt>
      <trkpt lat="40.636104" lon="-3.143742"></trkpt>
      <trkpt lat="40.629975" lon="-3.148688"></trkpt>
      <trkpt lat="40.627027" lon="-3.149889"></trkpt>
      <trkpt lat="40.625749" lon="-3.150612"></trkpt>
      <trkpt lat="40.624725" lon="-3.151542"></trkpt>
      <trkpt lat="40.623975" lon="-3.152443"></trkpt>
      <trkpt lat="40.622978" lon="-3.154193"></trkpt>
      <trkpt lat="40.622269" lon="-3.156565"></trkpt>
      <trkpt lat="40.62189" lon="-3.15974"></trkpt>
      <trkpt lat="40.621988" lon="-3.162133"></trkpt>
      <trkpt lat="40.622633" lon="-3.16434"></trkpt>
      <trkpt lat="40.624378" lon="-3.167361"></trkpt>
      <trkpt lat="40.624914" lon="-3.168689"></trkpt>
      <trkpt lat="40.625689" lon="-3.172866"></trkpt>
      <trkpt lat="40.627479" lon="-3.17879"></trkpt>
      <trkpt lat="40.62769" lon="-3.179859"></trkpt>
      <trkpt lat="40.627756" lon="-3.18146"></trkpt>
      <trkpt lat="40.627582" lon="-3.182934"></trkpt>
      <trkpt lat="40.624193" lon="-3.196608"></trkpt>
      <trkpt lat="40.623775" lon="-3.197825"></trkpt>
      <trkpt lat="40.623353" lon="-3.198617"></trkpt>
      <trkpt lat="40.622228" lon="-3.199926"></trkpt>
      <trkpt lat="40.607586" lon="-3.211889"></trkpt>
      <trkpt lat="40.585999" lon="-3.230402"></trkpt>
      <trkpt lat="40.578228" lon="-3.237799"></trkpt>
      <trkpt lat="40.573836" lon="-3.241785"></trkpt>
      <trkpt lat="40.571513" lon="-3.244253"></trkpt>
      <trkpt lat="40.548247" lon="-3.270718"></trkpt>
      <trkpt lat="40.542437" lon="-3.277576"></trkpt>
      <trkpt lat="40.533502" lon="-3.287768"></trkpt>
      <trkpt lat="40.529723" lon="-3.291864"></trkpt>
      <trkpt lat="40.502452" lon="-3.334671"></trkpt>
      <trkpt lat="40.502032" lon="-3.335645"></trkpt>
      <trkpt lat="40.50161" lon="-3.337301"></trkpt>
      <trkpt lat="40.501472" lon="-3.338529"></trkpt>
      <trkpt lat="40.501538" lon="-3.34039"></trkpt>
      <trkpt lat="40.501943" lon="-3.342205"></trkpt>
      <trkpt lat="40.503742" lon="-3.34627"></trkpt>
      <trkpt lat="40.504442" lon="-3.348213"></trkpt>
      <trkpt lat="40.505173" lon="-3.351286"></trkpt>
      <trkpt lat="40.505389" lon="-3.352855"></trkpt>
      <trkpt lat="40.505939" lon="-3.359907"></trkpt>
      <trkpt lat="40.505787" lon="-3.362055"></trkpt>
      <trkpt lat="40.505383" lon="-3.363975"></trkpt>
      <trkpt lat="40.504485" lon="-3.366355"></trkpt>
      <trkpt lat="40.50038" lon="-3.3747"></trkpt>
      <trkpt lat="40.496296" lon="-3.382732"></trkpt>
      <trkpt lat="40.493934" lon="-3.386863"></trkpt>
      <trkpt lat="40.490181" lon="-3.392187"></trkpt>
      <trkpt lat="40.486327" lon="-3.397264"></trkpt>
      <trkpt lat="40.485531" lon="-3.398191"></trkpt>
      <trkpt lat="40.479839" lon="-3.403787"></trkpt>
      <trkpt lat="40.47822" lon="-3.405585"></trkpt>
      <trkpt lat="40.476557" lon="-3.407994"></trkpt>
      <trkpt lat="40.475735" lon="-3.409475"></trkpt>
      <trkpt lat="40.474937" lon="-3.411199"></trkpt>
      <trkpt lat="40.474134" lon="-3.413374"></trkpt>
      <trkpt lat="40.472168" lon="-3.42098"></trkpt>
      <trkpt lat="40.469629" lon="-3.430154"></trkpt>
      <trkpt lat="40.467765" lon="-3.441141"></trkpt>
      <trkpt lat="40.467" lon="-3.449264"></trkpt>
      <trkpt lat="40.466785" lon="-3.45302"></trkpt>
      <trkpt lat="40.466804" lon="-3.457524"></trkpt>
      <trkpt lat="40.467142" lon="-3.465168"></trkpt>
      <trkpt lat="40.467113" lon="-3.469893"></trkpt>
      <trkpt lat="40.46693" lon="-3.472142"></trkpt>
      <trkpt lat="40.466423" lon="-3.475575"></trkpt>
      <trkpt lat="40.465184" lon="-3.48141"></trkpt>
      <trkpt lat="40.462159" lon="-3.493819"></trkpt>
      <trkpt lat="40.46141" lon="-3.496364"></trkpt>
      <trkpt lat="40.460136" lon="-3.499358"></trkpt>
      <trkpt lat="40.458793" lon="-3.50191"></trkpt>
      <trkpt lat="40.454456" lon="-3.508785"></trkpt>
      <trkpt lat="40.453523" lon="-3.510601"></trkpt>
      <trkpt lat="40.453016" lon="-3.511847"></trkpt>
      <trkpt lat="40.450775" lon="-3.518662"></trkpt>
      <trkpt lat="40.448366" lon="-3.526503"></trkpt>
      <trkpt lat="40.446722" lon="-3.533362"></trkpt>
      <trkpt lat="40.446689" lon="-3.534678"></trkpt>
      <trkpt lat="40.447395" lon="-3.537817"></trkpt>
      <trkpt lat="40.449414" lon="-3.555796"></trkpt>
      <trkpt lat="40.449568" lon="-3.558453"></trkpt>
      <trkpt lat="40.44986" lon="-3.573292"></trkpt>
      <trkpt lat="40.45021" lon="-3.580079"></trkpt>
      <trkpt lat="40.450107" lon="-3.583842"></trkpt>
      <trkpt lat="40.450267" lon="-3.584748"></trkpt>
      <trkpt lat="40.450855" lon="-3.58601"></trkpt>
      <trkpt lat="40.451044" lon="-3.586714"></trkpt>
      <trkpt lat="40.451074" lon="-3.58739"></trkpt>
      <trkpt lat="40.450907" lon="-3.588183"></trkpt>
      <trkpt lat="40.450587" lon="-3.588802"></trkpt>
      <trkpt lat="40.450244" lon="-3.589157"></trkpt>
      <trkpt lat="40.449" lon="-3.589929"></trkpt>
      <trkpt lat="40.446567" lon="-3.590054"></trkpt>
      <trkpt lat="40.445808" lon="-3.590288"></trkpt>
      <trkpt lat="40.442236" lon="-3.59206"></trkpt>
      <trkpt lat="40.440932" lon="-3.592565"></trkpt>
      <trkpt lat="40.439243" lon="-3.593749"></trkpt>
      <trkpt lat="40.436014" lon="-3.594164"></trkpt>
      <trkpt lat="40.434873" lon="-3.594443"></trkpt>
      <trkpt lat="40.430443" lon="-3.596783"></trkpt>
      <trkpt lat="40.423546" lon="-3.599205"></trkpt>
      <trkpt lat="40.422623" lon="-3.599773"></trkpt>
      <trkpt lat="40.421825" lon="-3.600673"></trkpt>
      <trkpt lat="40.421363" lon="-3.601479"></trkpt>
      <trkpt lat="40.415627" lon="-3.617525"></trkpt>
      <trkpt lat="40.414895" lon="-3.618891"></trkpt>
      <trkpt lat="40.414404" lon="-3.619488"></trkpt>
      <trkpt lat="40.413453" lon="-3.620266"></trkpt>
      <trkpt lat="40.403095" lon="-3.625657"></trkpt>
      <trkpt lat="40.401395" lon="-3.626354"></trkpt>
      <trkpt lat="40.397624" lon="-3.627296"></trkpt>
      <trkpt lat="40.396191" lon="-3.628127"></trkpt>
      <trkpt lat="40.39517" lon="-3.629141"></trkpt>
      <trkpt lat="40.394664" lon="-3.629829"></trkpt>
      <trkpt lat="40.393661" lon="-3.632338"></trkpt>
      <trkpt lat="40.393588" lon="-3.633502"></trkpt>
      <trkpt lat="40.394034" lon="-3.636083"></trkpt>
      <trkpt lat="40.39527" lon="-3.641726"></trkpt>
      <trkpt lat="40.395989" lon="-3.643732"></trkpt>
      <trkpt lat="40.396844" lon="-3.644997"></trkpt>
      <trkpt lat="40.404402" lon="-3.653444"></trkpt>
      <trkpt lat="40.405029" lon="-3.65444"></trkpt>
      <trkpt lat="40.405636" lon="-3.656053"></trkpt>
      <trkpt lat="40.405918" lon="-3.657799"></trkpt>
      <trkpt lat="40.4068" lon="-3.670978"></trkpt>
      <trkpt lat="40.407218" lon="-3.675525"></trkpt>
      <trkpt lat="40.407665" lon="-3.678843"></trkpt>
      <trkpt lat="40.40752" lon="-3.679081"></trkpt>
      <trkpt lat="40.407098" lon="-3.679056"></trkpt>
      <trkpt lat="40.404306" lon="-3.680871"></trkpt>
      <trkpt lat="40.404882" lon="-3.682385"></trkpt>
      <trkpt lat="40.406486" lon="-3.688284"></trkpt>
      <trkpt lat="40.406598" lon="-3.688441"></trkpt>
      <trkpt lat="40.406975" lon="-3.688581"></trkpt>
  </trkseg></trk>
</gpx>
