<?xml version="1.0" encoding="UTF-8"?>
<gpx version="1.1" creator="yatutbuv" xmlns="http://www.topografix.com/GPX/1/1">
  <trk><name>GraphHopper Track</name><trkseg>
      <trkpt lat="48.836164" lon="2.378959"></trkpt>
      <trkpt lat="48.836663" lon="2.378332"></trkpt>
      <trkpt lat="48.837449" lon="2.377734"></trkpt>
      <trkpt lat="48.838557" lon="2.376498"></trkpt>
      <trkpt lat="48.838375" lon="2.376065"></trkpt>
      <trkpt lat="48.837296" lon="2.377285"></trkpt>
      <trkpt lat="48.835283" lon="2.379867"></trkpt>
      <trkpt lat="48.834688" lon="2.380828"></trkpt>
      <trkpt lat="48.830286" lon="2.386411"></trkpt>
      <trkpt lat="48.828702" lon="2.387587"></trkpt>
      <trkpt lat="48.828259" lon="2.388078"></trkpt>
      <trkpt lat="48.827853" lon="2.388881"></trkpt>
      <trkpt lat="48.827671" lon="2.390003"></trkpt>
      <trkpt lat="48.827328" lon="2.390226"></trkpt>
      <trkpt lat="48.827151" lon="2.390132"></trkpt>
      <trkpt lat="48.826883" lon="2.389736"></trkpt>
      <trkpt lat="48.825606" lon="2.386002"></trkpt>
      <trkpt lat="48.824874" lon="2.384319"></trkpt>
      <trkpt lat="48.82133" lon="2.378221"></trkpt>
      <trkpt lat="48.817415" lon="2.36629"></trkpt>
      <trkpt lat="48.81648" lon="2.364169"></trkpt>
      <trkpt lat="48.81621" lon="2.362417"></trkpt>
      <trkpt lat="48.816488" lon="2.357611"></trkpt>
      <trkpt lat="48.816283" lon="2.356916"></trkpt>
      <trkpt lat="48.813434" lon="2.354469"></trkpt>
      <trkpt lat="48.811546" lon="2.351163"></trkpt>
      <trkpt lat="48.810682" lon="2.349991"></trkpt>
      <trkpt lat="48.805104" lon="2.344698"></trkpt>
      <trkpt lat="48.804114" lon="2.34408"></trkpt>
      <trkpt lat="48.801816" lon="2.34346"></trkpt>
      <trkpt lat="48.79813" lon="2.343834"></trkpt>
      <trkpt lat="48.796926" lon="2.343855"></trkpt>
      <trkpt lat="48.79502" lon="2.344475"></trkpt>
      <trkpt lat="48.794263" lon="2.344574"></trkpt>
      <trkpt lat="48.793399" lon="2.344479"></trkpt>
      <trkpt lat="48.790916" lon="2.343894"></trkpt>
      <trkpt lat="48.789876" lon="2.343878"></trkpt>
      <trkpt lat="48.788667" lon="2.344205"></trkpt>
      <trkpt lat="48.785632" lon="2.345649"></trkpt>
      <trkpt lat="48.784382" lon="2.346108"></trkpt>
      <trkpt lat="48.782636" lon="2.346418"></trkpt>
      <trkpt lat="48.781242" lon="2.346406"></trkpt>
      <trkpt lat="48.773602" lon="2.345477"></trkpt>
      <trkpt lat="48.771126" lon="2.345034"></trkpt>
      <trkpt lat="48.770198" lon="2.344608"></trkpt>
      <trkpt lat="48.767777" lon="2.343033"></trkpt>
      <trkpt lat="48.765583" lon="2.342523"></trkpt>
      <trkpt lat="48.7637" lon="2.341542"></trkpt>
      <trkpt lat="48.762184" lon="2.340308"></trkpt>
      <trkpt lat="48.756382" lon="2.334043"></trkpt>
      <trkpt lat="48.750368" lon="2.328544"></trkpt>
      <trkpt lat="48.745554" lon="2.323824"></trkpt>
      <trkpt lat="48.740067" lon="2.317991"></trkpt>
      <trkpt lat="48.738451" lon="2.316775"></trkpt>
      <trkpt lat="48.735891" lon="2.315532"></trkpt>
      <trkpt lat="48.734866" lon="2.314607"></trkpt>
      <trkpt lat="48.724644" lon="2.299268"></trkpt>
      <trkpt lat="48.722751" lon="2.296688"></trkpt>
      <trkpt lat="48.720917" lon="2.294607"></trkpt>
      <trkpt lat="48.719374" lon="2.293114"></trkpt>
      <trkpt lat="48.714622" lon="2.289317"></trkpt>
      <trkpt lat="48.713092" lon="2.285693"></trkpt>
      <trkpt lat="48.712822" lon="2.284616"></trkpt>
      <trkpt lat="48.712901" lon="2.283251"></trkpt>
      <trkpt lat="48.713454" lon="2.278854"></trkpt>
      <trkpt lat="48.714635" lon="2.272385"></trkpt>
      <trkpt lat="48.716005" lon="2.26729"></trkpt>
      <trkpt lat="48.718311" lon="2.260666"></trkpt>
      <trkpt lat="48.719997" lon="2.257053"></trkpt>
      <trkpt lat="48.7201" lon="2.256025"></trkpt>
      <trkpt lat="48.719929" lon="2.255263"></trkpt>
      <trkpt lat="48.719656" lon="2.254674"></trkpt>
      <trkpt lat="48.719369" lon="2.254354"></trkpt>
      <trkpt lat="48.719035" lon="2.254185"></trkpt>
      <trkpt lat="48.716586" lon="2.25393"></trkpt>
      <trkpt lat="48.715554" lon="2.253651"></trkpt>
      <trkpt lat="48.704285" lon="2.249214"></trkpt>
      <trkpt lat="48.703314" lon="2.248764"></trkpt>
      <trkpt lat="48.702068" lon="2.24795"></trkpt>
      <trkpt lat="48.700558" lon="2.246403"></trkpt>
      <trkpt lat="48.699418" lon="2.244698"></trkpt>
      <trkpt lat="48.698493" lon="2.2427"></trkpt>
      <trkpt lat="48.694261" lon="2.230835"></trkpt>
      <trkpt lat="48.692802" lon="2.227139"></trkpt>
      <trkpt lat="48.691646" lon="2.224542"></trkpt>
      <trkpt lat="48.690471" lon="2.222129"></trkpt>
      <trkpt lat="48.688379" lon="2.218336"></trkpt>
      <trkpt lat="48.685589" lon="2.21402"></trkpt>
      <trkpt lat="48.682728" lon="2.210044"></trkpt>
      <trkpt lat="48.675608" lon="2.200584"></trkpt>
      <trkpt lat="48.672601" lon="2.196838"></trkpt>
      <trkpt lat="48.670397" lon="2.194478"></trkpt>
      <trkpt lat="48.668848" lon="2.193001"></trkpt>
      <trkpt lat="48.664563" lon="2.189414"></trkpt>
      <trkpt lat="48.662274" lon="2.187347"></trkpt>
      <trkpt lat="48.660221" lon="2.185199"></trkpt>
      <trkpt lat="48.658636" lon="2.183338"></trkpt>
      <trkpt lat="48.656529" lon="2.180476"></trkpt>
      <trkpt lat="48.654458" lon="2.177305"></trkpt>
      <trkpt lat="48.642863" lon="2.157766"></trkpt>
      <trkpt lat="48.640633" lon="2.154199"></trkpt>
      <trkpt lat="48.638817" lon="2.151577"></trkpt>
      <trkpt lat="48.636426" lon="2.148518"></trkpt>
      <trkpt lat="48.634437" lon="2.146284"></trkpt>
      <trkpt lat="48.63175" lon="2.143599"></trkpt>
      <trkpt lat="48.625716" lon="2.137943"></trkpt>
      <trkpt lat="48.623527" lon="2.135707"></trkpt>
      <trkpt lat="48.622064" lon="2.13404"></trkpt>
      <trkpt lat="48.620688" lon="2.13232"></trkpt>
      <trkpt lat="48.618993" lon="2.129858"></trkpt>
      <trkpt lat="48.617658" lon="2.127579"></trkpt>
      <trkpt lat="48.616449" lon="2.125169"></trkpt>
      <trkpt lat="48.615412" lon="2.122758"></trkpt>
      <trkpt lat="48.614447" lon="2.120124"></trkpt>
      <trkpt lat="48.612895" lon="2.1149"></trkpt>
      <trkpt lat="48.602238" lon="2.06858"></trkpt>
      <trkpt lat="48.600928" lon="2.063588"></trkpt>
      <trkpt lat="48.599536" lon="2.059218"></trkpt>
      <trkpt lat="48.597293" lon="2.053463"></trkpt>
      <trkpt lat="48.593379" lon="2.045031"></trkpt>
      <trkpt lat="48.591388" lon="2.04025"></trkpt>
      <trkpt lat="48.58981" lon="2.035856"></trkpt>
      <trkpt lat="48.586687" lon="2.026335"></trkpt>
      <trkpt lat="48.584893" lon="2.021855"></trkpt>
      <trkpt lat="48.582504" lon="2.016882"></trkpt>
      <trkpt lat="48.577569" lon="2.007959"></trkpt>
      <trkpt lat="48.574821" lon="2.002466"></trkpt>
      <trkpt lat="48.571646" lon="1.995299"></trkpt>
      <trkpt lat="48.568224" lon="1.98627"></trkpt>
      <trkpt lat="48.566094" lon="1.979506"></trkpt>
      <trkpt lat="48.564933" lon="1.974755"></trkpt>
      <trkpt lat="48.563884" lon="1.968868"></trkpt>
      <trkpt lat="48.562383" lon="1.95775"></trkpt>
      <trkpt lat="48.560951" lon="1.950983"></trkpt>
      <trkpt lat="48.559329" lon="1.945311"></trkpt>
      <trkpt lat="48.55518" lon="1.933717"></trkpt>
      <trkpt lat="48.554061" lon="1.929739"></trkpt>
      <trkpt lat="48.552962" lon="1.927455"></trkpt>
      <trkpt lat="48.551748" lon="1.924408"></trkpt>
      <trkpt lat="48.548151" lon="1.914792"></trkpt>
      <trkpt lat="48.547149" lon="1.912513"></trkpt>
      <trkpt lat="48.54607" lon="1.910472"></trkpt>
      <trkpt lat="48.544962" lon="1.908831"></trkpt>
      <trkpt lat="48.543334" lon="1.907088"></trkpt>
      <trkpt lat="48.541541" lon="1.905655"></trkpt>
      <trkpt lat="48.540202" lon="1.904911"></trkpt>
      <trkpt lat="48.538605" lon="1.904327"></trkpt>
      <trkpt lat="48.537435" lon="1.904099"></trkpt>
      <trkpt lat="48.536102" lon="1.90403"></trkpt>
      <trkpt lat="48.534864" lon="1.904153"></trkpt>
      <trkpt lat="48.533361" lon="1.90454"></trkpt>
      <trkpt lat="48.529446" lon="1.906202"></trkpt>
      <trkpt lat="48.52724" lon="1.90697"></trkpt>
      <trkpt lat="48.524131" lon="1.90773"></trkpt>
      <trkpt lat="48.521224" lon="1.90811"></trkpt>
      <trkpt lat="48.517478" lon="1.908121"></trkpt>
      <trkpt lat="48.511222" lon="1.9073"></trkpt>
      <trkpt lat="48.509058" lon="1.907132"></trkpt>
      <trkpt lat="48.506577" lon="1.907106"></trkpt>
      <trkpt lat="48.503422" lon="1.907376"></trkpt>
      <trkpt lat="48.501202" lon="1.90775"></trkpt>
      <trkpt lat="48.497807" lon="1.908661"></trkpt>
      <trkpt lat="48.491929" lon="1.910958"></trkpt>
      <trkpt lat="48.488618" lon="1.912005"></trkpt>
      <trkpt lat="48.485681" lon="1.912604"></trkpt>
      <trkpt lat="48.483593" lon="1.912851"></trkpt>
      <trkpt lat="48.480879" lon="1.912978"></trkpt>
      <trkpt lat="48.470449" lon="1.912878"></trkpt>
      <trkpt lat="48.461979" lon="1.91243"></trkpt>
      <trkpt lat="48.458487" lon="1.912159"></trkpt>
      <trkpt lat="48.454237" lon="1.911626"></trkpt>
      <trkpt lat="48.449415" lon="1.910569"></trkpt>
      <trkpt lat="48.444546" lon="1.90903"></trkpt>
      <trkpt lat="48.421861" lon="1.899925"></trkpt>
      <trkpt lat="48.41545" lon="1.897661"></trkpt>
      <trkpt lat="48.41187" lon="1.896519"></trkpt>
      <trkpt lat="48.408384" lon="1.895475"></trkpt>
      <trkpt lat="48.40263" lon="1.893945"></trkpt>
      <trkpt lat="48.38233" lon="1.889166"></trkpt>
      <trkpt lat="48.377555" lon="1.887608"></trkpt>
      <trkpt lat="48.372736" lon="1.885516"></trkpt>
      <trkpt lat="48.368697" lon="1.883357"></trkpt>
      <trkpt lat="48.355438" lon="1.875204"></trkpt>
      <trkpt lat="48.35101" lon="1.872779"></trkpt>
      <trkpt lat="48.346755" lon="1.870694"></trkpt>
      <trkpt lat="48.343841" lon="1.869444"></trkpt>
      <trkpt lat="48.338688" lon="1.86744"></trkpt>
      <trkpt lat="48.334653" lon="1.866134"></trkpt>
      <trkpt lat="48.328005" lon="1.864414"></trkpt>
      <trkpt lat="48.324701" lon="1.863761"></trkpt>
      <trkpt lat="48.320687" lon="1.863145"></trkpt>
      <trkpt lat="48.316658" lon="1.862723"></trkpt>
      <trkpt lat="48.289923" lon="1.860496"></trkpt>
      <trkpt lat="48.287354" lon="1.860157"></trkpt>
      <trkpt lat="48.283341" lon="1.859332"></trkpt>
      <trkpt lat="48.280006" lon="1.858347"></trkpt>
      <trkpt lat="48.276491" lon="1.856994"></trkpt>
      <trkpt lat="48.270374" lon="1.854378"></trkpt>
      <trkpt lat="48.267109" lon="1.853232"></trkpt>
      <trkpt lat="48.263148" lon="1.852219"></trkpt>
      <trkpt lat="48.259868" lon="1.851693"></trkpt>
      <trkpt lat="48.25658" lon="1.851414"></trkpt>
      <trkpt lat="48.244712" lon="1.851292"></trkpt>
      <trkpt lat="48.241458" lon="1.851014"></trkpt>
      <trkpt lat="48.237628" lon="1.850359"></trkpt>
      <trkpt lat="48.225923" lon="1.847405"></trkpt>
      <trkpt lat="48.223982" lon="1.847085"></trkpt>
      <trkpt lat="48.221177" lon="1.846805"></trkpt>
      <trkpt lat="48.219491" lon="1.846718"></trkpt>
      <trkpt lat="48.216293" lon="1.846761"></trkpt>
      <trkpt lat="48.214527" lon="1.8469"></trkpt>
      <trkpt lat="48.211308" lon="1.847383"></trkpt>
      <trkpt lat="48.208309" lon="1.848043"></trkpt>
      <trkpt lat="48.193181" lon="1.852432"></trkpt>
      <trkpt lat="48.188865" lon="1.853301"></trkpt>
      <trkpt lat="48.184435" lon="1.853883"></trkpt>
      <trkpt lat="48.17857" lon="1.854146"></trkpt>
      <trkpt lat="48.175047" lon="1.854042"></trkpt>
      <trkpt lat="48.170854" lon="1.853665"></trkpt>
      <trkpt lat="48.166772" lon="1.853596"></trkpt>
      <trkpt lat="48.163231" lon="1.853819"></trkpt>
      <trkpt lat="48.15802" lon="1.854736"></trkpt>
      <trkpt lat="48.153161" lon="1.855366"></trkpt>
      <trkpt lat="48.150358" lon="1.855582"></trkpt>
      <trkpt lat="48.144775" lon="1.855587"></trkpt>
      <trkpt lat="48.140303" lon="1.855209"></trkpt>
      <trkpt lat="48.137792" lon="1.854859"></trkpt>
      <trkpt lat="48.132896" lon="1.853869"></trkpt>
      <trkpt lat="48.126623" lon="1.852268"></trkpt>
      <trkpt lat="48.124537" lon="1.851832"></trkpt>
      <trkpt lat="48.121877" lon="1.85134"></trkpt>
      <trkpt lat="48.117437" lon="1.850834"></trkpt>
      <trkpt lat="48.113885" lon="1.850671"></trkpt>
      <trkpt lat="48.111121" lon="1.85071"></trkpt>
      <trkpt lat="48.108298" lon="1.850841"></trkpt>
      <trkpt lat="48.095674" lon="1.851824"></trkpt>
      <trkpt lat="48.091905" lon="1.851993"></trkpt>
      <trkpt lat="48.086887" lon="1.851826"></trkpt>
      <trkpt lat="48.082694" lon="1.851373"></trkpt>
      <trkpt lat="48.078774" lon="1.850684"></trkpt>
      <trkpt lat="48.073151" lon="1.849236"></trkpt>
      <trkpt lat="48.054963" lon="1.842956"></trkpt>
      <trkpt lat="48.049646" lon="1.841522"></trkpt>
      <trkpt lat="48.045562" lon="1.840751"></trkpt>
      <trkpt lat="48.041427" lon="1.840254"></trkpt>
      <trkpt lat="48.037115" lon="1.840042"></trkpt>
      <trkpt lat="48.032922" lon="1.84013"></trkpt>
      <trkpt lat="48.028222" lon="1.840577"></trkpt>
      <trkpt lat="48.02448" lon="1.8412"></trkpt>
      <trkpt lat="48.019432" lon="1.842414"></trkpt>
      <trkpt lat="48.015345" lon="1.843725"></trkpt>
      <trkpt lat="48.011162" lon="1.845375"></trkpt>
      <trkpt lat="48.006877" lon="1.84741"></trkpt>
      <trkpt lat="47.993299" lon="1.855142"></trkpt>
      <trkpt lat="47.990219" lon="1.856641"></trkpt>
      <trkpt lat="47.986708" lon="1.857896"></trkpt>
      <trkpt lat="47.983956" lon="1.858558"></trkpt>
      <trkpt lat="47.981634" lon="1.858903"></trkpt>
      <trkpt lat="47.978369" lon="1.859063"></trkpt>
      <trkpt lat="47.976485" lon="1.858984"></trkpt>
      <trkpt lat="47.974056" lon="1.858696"></trkpt>
      <trkpt lat="47.97174" lon="1.858224"></trkpt>
      <trkpt lat="47.969507" lon="1.857585"></trkpt>
      <trkpt lat="47.967702" lon="1.856928"></trkpt>
      <trkpt lat="47.965451" lon="1.855928"></trkpt>
      <trkpt lat="47.958028" lon="1.85189"></trkpt>
      <trkpt lat="47.955767" lon="1.850826"></trkpt>
      <trkpt lat="47.952308" lon="1.84954"></trkpt>
      <trkpt lat="47.94846" lon="1.848661"></trkpt>
      <trkpt lat="47.945673" lon="1.848317"></trkpt>
      <trkpt lat="47.942616" lon="1.848234"></trkpt>
      <trkpt lat="47.939378" lon="1.848467"></trkpt>
      <trkpt lat="47.933343" lon="1.849195"></trkpt>
      <trkpt lat="47.930066" lon="1.849352"></trkpt>
      <trkpt lat="47.926286" lon="1.849142"></trkpt>
      <trkpt lat="47.921265" lon="1.848619"></trkpt>
      <trkpt lat="47.917916" lon="1.848554"></trkpt>
      <trkpt lat="47.914149" lon="1.848859"></trkpt>
      <trkpt lat="47.910696" lon="1.849316"></trkpt>
      <trkpt lat="47.909832" lon="1.849322"></trkpt>
      <trkpt lat="47.908963" lon="1.849128"></trkpt>
      <trkpt lat="47.908237" lon="1.848722"></trkpt>
      <trkpt lat="47.906195" lon="1.846787"></trkpt>
      <trkpt lat="47.905449" lon="1.846444"></trkpt>
      <trkpt lat="47.904737" lon="1.846342"></trkpt>
      <trkpt lat="47.903944" lon="1.846469"></trkpt>
      <trkpt lat="47.902309" lon="1.846994"></trkpt>
      <trkpt lat="47.90045" lon="1.847422"></trkpt>
      <trkpt lat="47.899119" lon="1.847922"></trkpt>
      <trkpt lat="47.898057" lon="1.848553"></trkpt>
      <trkpt lat="47.896902" lon="1.849813"></trkpt>
      <trkpt lat="47.89504" lon="1.852784"></trkpt>
      <trkpt lat="47.893805" lon="1.854203"></trkpt>
      <trkpt lat="47.888656" lon="1.858945"></trkpt>
      <trkpt lat="47.886802" lon="1.860192"></trkpt>
      <trkpt lat="47.885006" lon="1.861"></trkpt>
      <trkpt lat="47.883033" lon="1.861461"></trkpt>
      <trkpt lat="47.876721" lon="1.861961"></trkpt>
      <trkpt lat="47.868277" lon="1.862981"></trkpt>
      <trkpt lat="47.862606" lon="1.863918"></trkpt>
      <trkpt lat="47.853053" lon="1.865931"></trkpt>
      <trkpt lat="47.850599" lon="1.866313"></trkpt>
      <trkpt lat="47.847931" lon="1.866409"></trkpt>
      <trkpt lat="47.846296" lon="1.866309"></trkpt>
      <trkpt lat="47.844601" lon="1.866044"></trkpt>
      <trkpt lat="47.842632" lon="1.865532"></trkpt>
      <trkpt lat="47.840579" lon="1.864809"></trkpt>
      <trkpt lat="47.831299" lon="1.861025"></trkpt>
      <trkpt lat="47.828193" lon="1.860091"></trkpt>
      <trkpt lat="47.821566" lon="1.858634"></trkpt>
      <trkpt lat="47.818839" lon="1.857767"></trkpt>
      <trkpt lat="47.800063" lon="1.849968"></trkpt>
      <trkpt lat="47.79576" lon="1.848365"></trkpt>
      <trkpt lat="47.789942" lon="1.84687"></trkpt>
      <trkpt lat="47.787105" lon="1.846282"></trkpt>
      <trkpt lat="47.785291" lon="1.846214"></trkpt>
      <trkpt lat="47.783456" lon="1.846417"></trkpt>
      <trkpt lat="47.781194" lon="1.847046"></trkpt>
      <trkpt lat="47.776007" lon="1.849442"></trkpt>
      <trkpt lat="47.773621" lon="1.850391"></trkpt>
      <trkpt lat="47.77117" lon="1.851132"></trkpt>
      <trkpt lat="47.76462" lon="1.852628"></trkpt>
      <trkpt lat="47.760597" lon="1.853974"></trkpt>
      <trkpt lat="47.756764" lon="1.85585"></trkpt>
      <trkpt lat="47.753595" lon="1.857795"></trkpt>
      <trkpt lat="47.750674" lon="1.85981"></trkpt>
      <trkpt lat="47.745941" lon="1.863553"></trkpt>
      <trkpt lat="47.743254" lon="1.865946"></trkpt>
      <trkpt lat="47.740452" lon="1.868672"></trkpt>
      <trkpt lat="47.738586" lon="1.87064"></trkpt>
      <trkpt lat="47.733543" lon="1.876366"></trkpt>
      <trkpt lat="47.726757" lon="1.883527"></trkpt>
      <trkpt lat="47.718354" lon="1.893717"></trkpt>
      <trkpt lat="47.716489" lon="1.895589"></trkpt>
      <trkpt lat="47.715024" lon="1.89687"></trkpt>
      <trkpt lat="47.713237" lon="1.898239"></trkpt>
      <trkpt lat="47.711463" lon="1.89939"></trkpt>
      <trkpt lat="47.708146" lon="1.901047"></trkpt>
      <trkpt lat="47.705523" lon="1.901945"></trkpt>
      <trkpt lat="47.703433" lon="1.902409"></trkpt>
      <trkpt lat="47.700111" lon="1.902723"></trkpt>
      <trkpt lat="47.692515" lon="1.902513"></trkpt>
      <trkpt lat="47.689377" lon="1.902961"></trkpt>
      <trkpt lat="47.687869" lon="1.90338"></trkpt>
      <trkpt lat="47.685743" lon="1.904194"></trkpt>
      <trkpt lat="47.68352" lon="1.905345"></trkpt>
      <trkpt lat="47.681679" lon="1.906552"></trkpt>
      <trkpt lat="47.679706" lon="1.908128"></trkpt>
      <trkpt lat="47.67683" lon="1.911051"></trkpt>
      <trkpt lat="47.675073" lon="1.91329"></trkpt>
      <trkpt lat="47.66986" lon="1.92084"></trkpt>
      <trkpt lat="47.667457" lon="1.924089"></trkpt>
      <trkpt lat="47.66409" lon="1.9279"></trkpt>
      <trkpt lat="47.661704" lon="1.930128"></trkpt>
      <trkpt lat="47.659093" lon="1.932211"></trkpt>
      <trkpt lat="47.651347" lon="1.937694"></trkpt>
      <trkpt lat="47.648476" lon="1.939899"></trkpt>
      <trkpt lat="47.643955" lon="1.943833"></trkpt>
      <trkpt lat="47.636698" lon="1.950879"></trkpt>
      <trkpt lat="47.634125" lon="1.9531"></trkpt>
      <trkpt lat="47.630278" lon="1.956072"></trkpt>
      <trkpt lat="47.626959" lon="1.958337"></trkpt>
      <trkpt lat="47.6245" lon="1.959832"></trkpt>
      <trkpt lat="47.622334" lon="1.960959"></trkpt>
      <trkpt lat="47.615507" lon="1.963971"></trkpt>
      <trkpt lat="47.613192" lon="1.965172"></trkpt>
      <trkpt lat="47.610924" lon="1.966599"></trkpt>
      <trkpt lat="47.608795" lon="1.968165"></trkpt>
      <trkpt lat="47.606683" lon="1.969954"></trkpt>
      <trkpt lat="47.604159" lon="1.972435"></trkpt>
      <trkpt lat="47.601929" lon="1.974989"></trkpt>
      <trkpt lat="47.595288" lon="1.983412"></trkpt>
      <trkpt lat="47.593611" lon="1.985222"></trkpt>
      <trkpt lat="47.59126" lon="1.987464"></trkpt>
      <trkpt lat="47.588297" lon="1.989887"></trkpt>
      <trkpt lat="47.57121" lon="2.00302"></trkpt>
      <trkpt lat="47.569969" lon="2.003872"></trkpt>
      <trkpt lat="47.566644" lon="2.005754"></trkpt>
      <trkpt lat="47.563712" lon="2.007016"></trkpt>
      <trkpt lat="47.560302" lon="2.00806"></trkpt>
      <trkpt lat="47.556569" lon="2.008695"></trkpt>
      <trkpt lat="47.552938" lon="2.008885"></trkpt>
      <trkpt lat="47.548424" lon="2.008629"></trkpt>
      <trkpt lat="47.545633" lon="2.00818"></trkpt>
      <trkpt lat="47.542847" lon="2.007523"></trkpt>
      <trkpt lat="47.532114" lon="2.003903"></trkpt>
      <trkpt lat="47.530167" lon="2.00352"></trkpt>
      <trkpt lat="47.527791" lon="2.003437"></trkpt>
      <trkpt lat="47.526109" lon="2.003645"></trkpt>
      <trkpt lat="47.523879" lon="2.004238"></trkpt>
      <trkpt lat="47.522247" lon="2.004931"></trkpt>
      <trkpt lat="47.518084" lon="2.007287"></trkpt>
      <trkpt lat="47.516469" lon="2.008024"></trkpt>
      <trkpt lat="47.51501" lon="2.00852"></trkpt>
      <trkpt lat="47.512679" lon="2.008935"></trkpt>
      <trkpt lat="47.511196" lon="2.009001"></trkpt>
      <trkpt lat="47.509591" lon="2.00888"></trkpt>
      <trkpt lat="47.507858" lon="2.008537"></trkpt>
      <trkpt lat="47.503125" lon="2.007225"></trkpt>
      <trkpt lat="47.500908" lon="2.006738"></trkpt>
      <trkpt lat="47.499041" lon="2.006485"></trkpt>
      <trkpt lat="47.496336" lon="2.006328"></trkpt>
      <trkpt lat="47.493283" lon="2.006484"></trkpt>
      <trkpt lat="47.491327" lon="2.006758"></trkpt>
      <trkpt lat="47.482658" lon="2.008707"></trkpt>
      <trkpt lat="47.479561" lon="2.009028"></trkpt>
      <trkpt lat="47.477711" lon="2.009057"></trkpt>
      <trkpt lat="47.474647" lon="2.008827"></trkpt>
      <trkpt lat="47.471888" lon="2.008322"></trkpt>
      <trkpt lat="47.469433" lon="2.007648"></trkpt>
      <trkpt lat="47.463297" lon="2.005559"></trkpt>
      <trkpt lat="47.461331" lon="2.00503"></trkpt>
      <trkpt lat="47.45909" lon="2.004597"></trkpt>
      <trkpt lat="47.45673" lon="2.004344"></trkpt>
      <trkpt lat="47.4543" lon="2.004293"></trkpt>
      <trkpt lat="47.45203" lon="2.004445"></trkpt>
      <trkpt lat="47.448489" lon="2.005054"></trkpt>
      <trkpt lat="47.445014" lon="2.006112"></trkpt>
      <trkpt lat="47.442184" lon="2.007333"></trkpt>
      <trkpt lat="47.440707" lon="2.008121"></trkpt>
      <trkpt lat="47.438883" lon="2.00921"></trkpt>
      <trkpt lat="47.436694" lon="2.010705"></trkpt>
      <trkpt lat="47.430701" lon="2.015156"></trkpt>
      <trkpt lat="47.429537" lon="2.015934"></trkpt>
      <trkpt lat="47.427157" lon="2.017265"></trkpt>
      <trkpt lat="47.423855" lon="2.018761"></trkpt>
      <trkpt lat="47.41582" lon="2.02191"></trkpt>
      <trkpt lat="47.413668" lon="2.022938"></trkpt>
      <trkpt lat="47.410786" lon="2.024627"></trkpt>
      <trkpt lat="47.408117" lon="2.026543"></trkpt>
      <trkpt lat="47.40486" lon="2.029401"></trkpt>
      <trkpt lat="47.401649" lon="2.032865"></trkpt>
      <trkpt lat="47.394851" lon="2.041365"></trkpt>
      <trkpt lat="47.393424" lon="2.042923"></trkpt>
      <trkpt lat="47.391169" lon="2.045088"></trkpt>
      <trkpt lat="47.38852" lon="2.047251"></trkpt>
      <trkpt lat="47.384944" lon="2.049623"></trkpt>
      <trkpt lat="47.381526" lon="2.05133"></trkpt>
      <trkpt lat="47.379353" lon="2.052167"></trkpt>
      <trkpt lat="47.37681" lon="2.052913"></trkpt>
      <trkpt lat="47.373235" lon="2.053547"></trkpt>
      <trkpt lat="47.371657" lon="2.053684"></trkpt>
      <trkpt lat="47.368299" lon="2.053645"></trkpt>
      <trkpt lat="47.364733" lon="2.05316"></trkpt>
      <trkpt lat="47.345011" lon="2.048489"></trkpt>
      <trkpt lat="47.342338" lon="2.04797"></trkpt>
      <trkpt lat="47.339713" lon="2.047624"></trkpt>
      <trkpt lat="47.3361" lon="2.047522"></trkpt>
      <trkpt lat="47.334372" lon="2.047633"></trkpt>
      <trkpt lat="47.331319" lon="2.04801"></trkpt>
      <trkpt lat="47.318572" lon="2.049971"></trkpt>
      <trkpt lat="47.315973" lon="2.050005"></trkpt>
      <trkpt lat="47.314771" lon="2.049887"></trkpt>
      <trkpt lat="47.313322" lon="2.049649"></trkpt>
      <trkpt lat="47.311388" lon="2.049144"></trkpt>
      <trkpt lat="47.30582" lon="2.047213"></trkpt>
      <trkpt lat="47.300915" lon="2.045666"></trkpt>
      <trkpt lat="47.297747" lon="2.044884"></trkpt>
      <trkpt lat="47.295595" lon="2.044477"></trkpt>
      <trkpt lat="47.289823" lon="2.043811"></trkpt>
      <trkpt lat="47.271151" lon="2.042346"></trkpt>
      <trkpt lat="47.267855" lon="2.042407"></trkpt>
      <trkpt lat="47.264988" lon="2.042959"></trkpt>
      <trkpt lat="47.262005" lon="2.044089"></trkpt>
      <trkpt lat="47.259267" lon="2.045665"></trkpt>
      <trkpt lat="47.256764" lon="2.047638"></trkpt>
      <trkpt lat="47.254492" lon="2.049937"></trkpt>
      <trkpt lat="47.252117" lon="2.053006"></trkpt>
      <trkpt lat="47.250046" lon="2.056435"></trkpt>
      <trkpt lat="47.248884" lon="2.058858"></trkpt>
      <trkpt lat="47.24662" lon="2.064219"></trkpt>
      <trkpt lat="47.241649" lon="2.076189"></trkpt>
      <trkpt lat="47.235364" lon="2.09175"></trkpt>
      <trkpt lat="47.23302" lon="2.096334"></trkpt>
      <trkpt lat="47.230704" lon="2.100023"></trkpt>
      <trkpt lat="47.22758" lon="2.10404"></trkpt>
      <trkpt lat="47.225917" lon="2.105831"></trkpt>
      <trkpt lat="47.224119" lon="2.107541"></trkpt>
      <trkpt lat="47.221786" lon="2.109446"></trkpt>
      <trkpt lat="47.220226" lon="2.110548"></trkpt>
      <trkpt lat="47.213425" lon="2.114488"></trkpt>
      <trkpt lat="47.211779" lon="2.115593"></trkpt>
      <trkpt lat="47.21004" lon="2.117096"></trkpt>
      <trkpt lat="47.208846" lon="2.118373"></trkpt>
      <trkpt lat="47.207807" lon="2.119663"></trkpt>
      <trkpt lat="47.206543" lon="2.12158"></trkpt>
      <trkpt lat="47.205312" lon="2.123865"></trkpt>
      <trkpt lat="47.204123" lon="2.126708"></trkpt>
      <trkpt lat="47.196359" lon="2.149558"></trkpt>
      <trkpt lat="47.194712" lon="2.153892"></trkpt>
      <trkpt lat="47.193638" lon="2.156335"></trkpt>
      <trkpt lat="47.191748" lon="2.160085"></trkpt>
      <trkpt lat="47.189302" lon="2.164164"></trkpt>
      <trkpt lat="47.186406" lon="2.168149"></trkpt>
      <trkpt lat="47.183863" lon="2.171082"></trkpt>
      <trkpt lat="47.182154" lon="2.172794"></trkpt>
      <trkpt lat="47.18034" lon="2.174411"></trkpt>
      <trkpt lat="47.176744" lon="2.177101"></trkpt>
      <trkpt lat="47.174917" lon="2.178223"></trkpt>
      <trkpt lat="47.172781" lon="2.179347"></trkpt>
      <trkpt lat="47.169107" lon="2.180836"></trkpt>
      <trkpt lat="47.165561" lon="2.181768"></trkpt>
      <trkpt lat="47.134062" lon="2.187598"></trkpt>
      <trkpt lat="47.13013" lon="2.188594"></trkpt>
      <trkpt lat="47.127518" lon="2.189575"></trkpt>
      <trkpt lat="47.125227" lon="2.190662"></trkpt>
      <trkpt lat="47.122868" lon="2.192024"></trkpt>
      <trkpt lat="47.121168" lon="2.193161"></trkpt>
      <trkpt lat="47.118773" lon="2.195012"></trkpt>
      <trkpt lat="47.117079" lon="2.196509"></trkpt>
      <trkpt lat="47.114857" lon="2.198737"></trkpt>
      <trkpt lat="47.111409" lon="2.202887"></trkpt>
      <trkpt lat="47.109715" lon="2.205297"></trkpt>
      <trkpt lat="47.107755" lon="2.208489"></trkpt>
      <trkpt lat="47.106338" lon="2.21112"></trkpt>
      <trkpt lat="47.104597" lon="2.21483"></trkpt>
      <trkpt lat="47.102571" lon="2.22006"></trkpt>
      <trkpt lat="47.097135" lon="2.235964"></trkpt>
      <trkpt lat="47.094987" lon="2.241894"></trkpt>
      <trkpt lat="47.092583" lon="2.247737"></trkpt>
      <trkpt lat="47.089438" lon="2.254276"></trkpt>
      <trkpt lat="47.086544" lon="2.259479"></trkpt>
      <trkpt lat="47.083641" lon="2.264092"></trkpt>
      <trkpt lat="47.080805" lon="2.268154"></trkpt>
      <trkpt lat="47.073966" lon="2.277475"></trkpt>
      <trkpt lat="47.071595" lon="2.281031"></trkpt>
      <trkpt lat="47.069814" lon="2.283967"></trkpt>
      <trkpt lat="47.067052" lon="2.289064"></trkpt>
      <trkpt lat="47.057407" lon="2.308841"></trkpt>
      <trkpt lat="47.04936" lon="2.323464"></trkpt>
      <trkpt lat="47.047255" lon="2.327589"></trkpt>
      <trkpt lat="47.04536" lon="2.332057"></trkpt>
      <trkpt lat="47.04339" lon="2.337883"></trkpt>
      <trkpt lat="47.041958" lon="2.34324"></trkpt>
      <trkpt lat="47.037194" lon="2.362329"></trkpt>
      <trkpt lat="47.036302" lon="2.365477"></trkpt>
      <trkpt lat="47.035073" lon="2.368599"></trkpt>
      <trkpt lat="47.033548" lon="2.371385"></trkpt>
      <trkpt lat="47.03205" lon="2.373459"></trkpt>
      <trkpt lat="47.030512" lon="2.375122"></trkpt>
      <trkpt lat="47.028647" lon="2.376775"></trkpt>
      <trkpt lat="47.026196" lon="2.378524"></trkpt>
      <trkpt lat="47.023956" lon="2.37975"></trkpt>
      <trkpt lat="47.022085" lon="2.380532"></trkpt>
      <trkpt lat="47.017729" lon="2.381769"></trkpt>
      <trkpt lat="47.015906" lon="2.382433"></trkpt>
      <trkpt lat="47.013788" lon="2.38363"></trkpt>
      <trkpt lat="47.012016" lon="2.385054"></trkpt>
      <trkpt lat="47.010436" lon="2.38672"></trkpt>
      <trkpt lat="47.008837" lon="2.388903"></trkpt>
      <trkpt lat="47.007469" lon="2.391352"></trkpt>
      <trkpt lat="47.005122" lon="2.396598"></trkpt>
      <trkpt lat="47.004044" lon="2.398664"></trkpt>
      <trkpt lat="47.002539" lon="2.400973"></trkpt>
      <trkpt lat="47.000705" lon="2.40315"></trkpt>
      <trkpt lat="46.999165" lon="2.404582"></trkpt>
      <trkpt lat="46.997066" lon="2.406061"></trkpt>
      <trkpt lat="46.996083" lon="2.406596"></trkpt>
      <trkpt lat="46.990959" lon="2.408905"></trkpt>
      <trkpt lat="46.989333" lon="2.409901"></trkpt>
      <trkpt lat="46.987985" lon="2.410899"></trkpt>
      <trkpt lat="46.986468" lon="2.412232"></trkpt>
      <trkpt lat="46.985068" lon="2.413691"></trkpt>
      <trkpt lat="46.981124" lon="2.418729"></trkpt>
      <trkpt lat="46.980011" lon="2.419992"></trkpt>
      <trkpt lat="46.978559" lon="2.421363"></trkpt>
      <trkpt lat="46.976298" lon="2.423014"></trkpt>
      <trkpt lat="46.97499" lon="2.423705"></trkpt>
      <trkpt lat="46.973654" lon="2.424245"></trkpt>
      <trkpt lat="46.97162" lon="2.424759"></trkpt>
      <trkpt lat="46.970011" lon="2.424922"></trkpt>
      <trkpt lat="46.968888" lon="2.424911"></trkpt>
      <trkpt lat="46.96652" lon="2.42455"></trkpt>
      <trkpt lat="46.964726" lon="2.42396"></trkpt>
      <trkpt lat="46.962615" lon="2.422883"></trkpt>
      <trkpt lat="46.957346" lon="2.419069"></trkpt>
      <trkpt lat="46.954888" lon="2.417741"></trkpt>
      <trkpt lat="46.953201" lon="2.417089"></trkpt>
      <trkpt lat="46.951373" lon="2.416608"></trkpt>
      <trkpt lat="46.949504" lon="2.416349"></trkpt>
      <trkpt lat="46.947488" lon="2.416324"></trkpt>
      <trkpt lat="46.94543" lon="2.416571"></trkpt>
      <trkpt lat="46.943774" lon="2.416974"></trkpt>
      <trkpt lat="46.941749" lon="2.417724"></trkpt>
      <trkpt lat="46.940406" lon="2.418387"></trkpt>
      <trkpt lat="46.937905" lon="2.420018"></trkpt>
      <trkpt lat="46.933655" lon="2.423589"></trkpt>
      <trkpt lat="46.932531" lon="2.42434"></trkpt>
      <trkpt lat="46.930927" lon="2.425161"></trkpt>
      <trkpt lat="46.929838" lon="2.425566"></trkpt>
      <trkpt lat="46.928258" lon="2.425952"></trkpt>
      <trkpt lat="46.927015" lon="2.426094"></trkpt>
      <trkpt lat="46.925551" lon="2.426079"></trkpt>
      <trkpt lat="46.924525" lon="2.425954"></trkpt>
      <trkpt lat="46.923001" lon="2.425588"></trkpt>
      <trkpt lat="46.921008" lon="2.424764"></trkpt>
      <trkpt lat="46.911487" lon="2.41926"></trkpt>
      <trkpt lat="46.908509" lon="2.417721"></trkpt>
      <trkpt lat="46.907377" lon="2.417297"></trkpt>
      <trkpt lat="46.905826" lon="2.416893"></trkpt>
      <trkpt lat="46.904153" lon="2.416684"></trkpt>
      <trkpt lat="46.902233" lon="2.416684"></trkpt>
      <trkpt lat="46.898233" lon="2.417042"></trkpt>
      <trkpt lat="46.893466" lon="2.417684"></trkpt>
      <trkpt lat="46.886213" lon="2.419172"></trkpt>
      <trkpt lat="46.883587" lon="2.419945"></trkpt>
      <trkpt lat="46.881158" lon="2.420835"></trkpt>
      <trkpt lat="46.871877" lon="2.425121"></trkpt>
      <trkpt lat="46.86816" lon="2.426497"></trkpt>
      <trkpt lat="46.864612" lon="2.427435"></trkpt>
      <trkpt lat="46.86208" lon="2.42789"></trkpt>
      <trkpt lat="46.859774" lon="2.428135"></trkpt>
      <trkpt lat="46.85796" lon="2.428122"></trkpt>
      <trkpt lat="46.856658" lon="2.427941"></trkpt>
      <trkpt lat="46.855062" lon="2.427503"></trkpt>
      <trkpt lat="46.853421" lon="2.42679"></trkpt>
      <trkpt lat="46.852449" lon="2.426233"></trkpt>
      <trkpt lat="46.851086" lon="2.425261"></trkpt>
      <trkpt lat="46.849603" lon="2.423923"></trkpt>
      <trkpt lat="46.845151" lon="2.41881"></trkpt>
      <trkpt lat="46.844067" lon="2.417754"></trkpt>
      <trkpt lat="46.842586" lon="2.416554"></trkpt>
      <trkpt lat="46.841162" lon="2.415642"></trkpt>
      <trkpt lat="46.839606" lon="2.414872"></trkpt>
      <trkpt lat="46.837696" lon="2.414145"></trkpt>
      <trkpt lat="46.835182" lon="2.413405"></trkpt>
      <trkpt lat="46.832099" lon="2.412787"></trkpt>
      <trkpt lat="46.828826" lon="2.41248"></trkpt>
      <trkpt lat="46.82642" lon="2.412468"></trkpt>
      <trkpt lat="46.821032" lon="2.412856"></trkpt>
      <trkpt lat="46.818827" lon="2.412857"></trkpt>
      <trkpt lat="46.809426" lon="2.41231"></trkpt>
      <trkpt lat="46.804324" lon="2.412529"></trkpt>
      <trkpt lat="46.79675" lon="2.413534"></trkpt>
      <trkpt lat="46.794283" lon="2.413601"></trkpt>
      <trkpt lat="46.791713" lon="2.413444"></trkpt>
      <trkpt lat="46.788512" lon="2.41283"></trkpt>
      <trkpt lat="46.786381" lon="2.412169"></trkpt>
      <trkpt lat="46.78466" lon="2.411494"></trkpt>
      <trkpt lat="46.7816" lon="2.409977"></trkpt>
      <trkpt lat="46.776197" lon="2.406918"></trkpt>
      <trkpt lat="46.77365" lon="2.405972"></trkpt>
      <trkpt lat="46.772009" lon="2.40566"></trkpt>
      <trkpt lat="46.770106" lon="2.405574"></trkpt>
      <trkpt lat="46.76824" lon="2.405772"></trkpt>
      <trkpt lat="46.766748" lon="2.406137"></trkpt>
      <trkpt lat="46.765275" lon="2.406673"></trkpt>
      <trkpt lat="46.75976" lon="2.40915"></trkpt>
      <trkpt lat="46.758251" lon="2.41009"></trkpt>
      <trkpt lat="46.756754" lon="2.411316"></trkpt>
      <trkpt lat="46.755393" lon="2.4127"></trkpt>
      <trkpt lat="46.754008" lon="2.41447"></trkpt>
      <trkpt lat="46.750931" lon="2.419563"></trkpt>
      <trkpt lat="46.749651" lon="2.421419"></trkpt>
      <trkpt lat="46.748044" lon="2.423223"></trkpt>
      <trkpt lat="46.746837" lon="2.424325"></trkpt>
      <trkpt lat="46.745734" lon="2.425152"></trkpt>
      <trkpt lat="46.743942" lon="2.426176"></trkpt>
      <trkpt lat="46.742297" lon="2.426816"></trkpt>
      <trkpt lat="46.731355" lon="2.429591"></trkpt>
      <trkpt lat="46.730504" lon="2.429943"></trkpt>
      <trkpt lat="46.729372" lon="2.430595"></trkpt>
      <trkpt lat="46.727845" lon="2.431846"></trkpt>
      <trkpt lat="46.726945" lon="2.432831"></trkpt>
      <trkpt lat="46.725774" lon="2.434495"></trkpt>
      <trkpt lat="46.725121" lon="2.435685"></trkpt>
      <trkpt lat="46.72422" lon="2.437847"></trkpt>
      <trkpt lat="46.723587" lon="2.440067"></trkpt>
      <trkpt lat="46.721796" lon="2.448375"></trkpt>
      <trkpt lat="46.721251" lon="2.45015"></trkpt>
      <trkpt lat="46.720472" lon="2.4521"></trkpt>
      <trkpt lat="46.719151" lon="2.45455"></trkpt>
      <trkpt lat="46.717816" lon="2.456385"></trkpt>
      <trkpt lat="46.716108" lon="2.458128"></trkpt>
      <trkpt lat="46.714798" lon="2.459117"></trkpt>
      <trkpt lat="46.712742" lon="2.460187"></trkpt>
      <trkpt lat="46.710692" lon="2.460755"></trkpt>
      <trkpt lat="46.701316" lon="2.46235"></trkpt>
      <trkpt lat="46.698758" lon="2.462604"></trkpt>
      <trkpt lat="46.696788" lon="2.462432"></trkpt>
      <trkpt lat="46.694848" lon="2.461911"></trkpt>
      <trkpt lat="46.693405" lon="2.461288"></trkpt>
      <trkpt lat="46.689599" lon="2.459294"></trkpt>
      <trkpt lat="46.688083" lon="2.458741"></trkpt>
      <trkpt lat="46.686486" lon="2.458393"></trkpt>
      <trkpt lat="46.684573" lon="2.458287"></trkpt>
      <trkpt lat="46.68288" lon="2.458463"></trkpt>
      <trkpt lat="46.680854" lon="2.459021"></trkpt>
      <trkpt lat="46.678934" lon="2.459928"></trkpt>
      <trkpt lat="46.67749" lon="2.460873"></trkpt>
      <trkpt lat="46.675857" lon="2.462217"></trkpt>
      <trkpt lat="46.665998" lon="2.471413"></trkpt>
      <trkpt lat="46.662554" lon="2.474367"></trkpt>
      <trkpt lat="46.659217" lon="2.476767"></trkpt>
      <trkpt lat="46.653438" lon="2.480518"></trkpt>
      <trkpt lat="46.650781" lon="2.482592"></trkpt>
      <trkpt lat="46.647375" lon="2.485876"></trkpt>
      <trkpt lat="46.638339" lon="2.495465"></trkpt>
      <trkpt lat="46.636489" lon="2.49716"></trkpt>
      <trkpt lat="46.634162" lon="2.498892"></trkpt>
      <trkpt lat="46.63231" lon="2.49999"></trkpt>
      <trkpt lat="46.630658" lon="2.500785"></trkpt>
      <trkpt lat="46.617673" lon="2.506069"></trkpt>
      <trkpt lat="46.614255" lon="2.507177"></trkpt>
      <trkpt lat="46.605783" lon="2.508768"></trkpt>
      <trkpt lat="46.603647" lon="2.509327"></trkpt>
      <trkpt lat="46.600946" lon="2.51032"></trkpt>
      <trkpt lat="46.597681" lon="2.511961"></trkpt>
      <trkpt lat="46.595552" lon="2.51332"></trkpt>
      <trkpt lat="46.59327" lon="2.515052"></trkpt>
      <trkpt lat="46.590911" lon="2.517176"></trkpt>
      <trkpt lat="46.585495" lon="2.522508"></trkpt>
      <trkpt lat="46.578725" lon="2.527719"></trkpt>
      <trkpt lat="46.576267" lon="2.530095"></trkpt>
      <trkpt lat="46.568705" lon="2.537944"></trkpt>
      <trkpt lat="46.566423" lon="2.540052"></trkpt>
      <trkpt lat="46.563803" lon="2.542145"></trkpt>
      <trkpt lat="46.56129" lon="2.54386"></trkpt>
      <trkpt lat="46.559332" lon="2.545026"></trkpt>
      <trkpt lat="46.535112" lon="2.558166"></trkpt>
      <trkpt lat="46.532553" lon="2.559879"></trkpt>
      <trkpt lat="46.530655" lon="2.561569"></trkpt>
      <trkpt lat="46.52855" lon="2.563992"></trkpt>
      <trkpt lat="46.523212" lon="2.571823"></trkpt>
      <trkpt lat="46.51896" lon="2.577193"></trkpt>
      <trkpt lat="46.516863" lon="2.580583"></trkpt>
      <trkpt lat="46.515145" lon="2.584285"></trkpt>
      <trkpt lat="46.514424" lon="2.586245"></trkpt>
      <trkpt lat="46.513571" lon="2.589106"></trkpt>
      <trkpt lat="46.511872" lon="2.597357"></trkpt>
      <trkpt lat="46.511274" lon="2.599809"></trkpt>
      <trkpt lat="46.509328" lon="2.606447"></trkpt>
      <trkpt lat="46.508783" lon="2.608943"></trkpt>
      <trkpt lat="46.50848" lon="2.610952"></trkpt>
      <trkpt lat="46.508215" lon="2.614644"></trkpt>
      <trkpt lat="46.508264" lon="2.617601"></trkpt>
      <trkpt lat="46.508443" lon="2.619785"></trkpt>
      <trkpt lat="46.509518" lon="2.627169"></trkpt>
      <trkpt lat="46.50971" lon="2.62941"></trkpt>
      <trkpt lat="46.509562" lon="2.632404"></trkpt>
      <trkpt lat="46.508935" lon="2.635285"></trkpt>
      <trkpt lat="46.507807" lon="2.637998"></trkpt>
      <trkpt lat="46.506602" lon="2.639821"></trkpt>
      <trkpt lat="46.505494" lon="2.641004"></trkpt>
      <trkpt lat="46.502133" lon="2.643961"></trkpt>
      <trkpt lat="46.501121" lon="2.645081"></trkpt>
      <trkpt lat="46.499846" lon="2.646789"></trkpt>
      <trkpt lat="46.498417" lon="2.649231"></trkpt>
      <trkpt lat="46.495968" lon="2.654526"></trkpt>
      <trkpt lat="46.494902" lon="2.656518"></trkpt>
      <trkpt lat="46.493683" lon="2.658418"></trkpt>
      <trkpt lat="46.491912" lon="2.660655"></trkpt>
      <trkpt lat="46.490562" lon="2.662036"></trkpt>
      <trkpt lat="46.488868" lon="2.663453"></trkpt>
      <trkpt lat="46.482687" lon="2.667624"></trkpt>
      <trkpt lat="46.475563" lon="2.672955"></trkpt>
      <trkpt lat="46.467479" lon="2.678621"></trkpt>
      <trkpt lat="46.463018" lon="2.681458"></trkpt>
      <trkpt lat="46.457758" lon="2.684539"></trkpt>
      <trkpt lat="46.451621" lon="2.68781"></trkpt>
      <trkpt lat="46.443741" lon="2.691776"></trkpt>
      <trkpt lat="46.441722" lon="2.693142"></trkpt>
      <trkpt lat="46.437258" lon="2.696837"></trkpt>
      <trkpt lat="46.4349" lon="2.698395"></trkpt>
      <trkpt lat="46.433085" lon="2.699284"></trkpt>
      <trkpt lat="46.430856" lon="2.700056"></trkpt>
      <trkpt lat="46.424065" lon="2.701247"></trkpt>
      <trkpt lat="46.421828" lon="2.701819"></trkpt>
      <trkpt lat="46.419032" lon="2.702782"></trkpt>
      <trkpt lat="46.416476" lon="2.703894"></trkpt>
      <trkpt lat="46.412089" lon="2.706164"></trkpt>
      <trkpt lat="46.407803" lon="2.708754"></trkpt>
      <trkpt lat="46.402666" lon="2.71219"></trkpt>
      <trkpt lat="46.400053" lon="2.713623"></trkpt>
      <trkpt lat="46.398529" lon="2.714273"></trkpt>
      <trkpt lat="46.396716" lon="2.71485"></trkpt>
      <trkpt lat="46.391717" lon="2.715882"></trkpt>
      <trkpt lat="46.390313" lon="2.716419"></trkpt>
      <trkpt lat="46.389129" lon="2.717111"></trkpt>
      <trkpt lat="46.387423" lon="2.718571"></trkpt>
      <trkpt lat="46.385781" lon="2.720689"></trkpt>
      <trkpt lat="46.381826" lon="2.728466"></trkpt>
      <trkpt lat="46.380585" lon="2.730409"></trkpt>
      <trkpt lat="46.37892" lon="2.732582"></trkpt>
      <trkpt lat="46.37766" lon="2.733963"></trkpt>
      <trkpt lat="46.376072" lon="2.735452"></trkpt>
      <trkpt lat="46.365516" lon="2.744287"></trkpt>
      <trkpt lat="46.363838" lon="2.745877"></trkpt>
      <trkpt lat="46.362751" lon="2.747148"></trkpt>
      <trkpt lat="46.361416" lon="2.749045"></trkpt>
      <trkpt lat="46.358724" lon="2.753893"></trkpt>
      <trkpt lat="46.356646" lon="2.758315"></trkpt>
      <trkpt lat="46.355612" lon="2.761037"></trkpt>
      <trkpt lat="46.354886" lon="2.763963"></trkpt>
      <trkpt lat="46.354608" lon="2.766049"></trkpt>
      <trkpt lat="46.354514" lon="2.76807"></trkpt>
      <trkpt lat="46.354657" lon="2.770837"></trkpt>
      <trkpt lat="46.356689" lon="2.783886"></trkpt>
      <trkpt lat="46.357038" lon="2.786697"></trkpt>
      <trkpt lat="46.357247" lon="2.791029"></trkpt>
      <trkpt lat="46.357092" lon="2.794925"></trkpt>
      <trkpt lat="46.356759" lon="2.797844"></trkpt>
      <trkpt lat="46.356185" lon="2.800958"></trkpt>
      <trkpt lat="46.353715" lon="2.810038"></trkpt>
      <trkpt lat="46.352469" lon="2.815453"></trkpt>
      <trkpt lat="46.351144" lon="2.822348"></trkpt>
      <trkpt lat="46.350328" lon="2.827551"></trkpt>
      <trkpt lat="46.349368" lon="2.835513"></trkpt>
      <trkpt lat="46.348933" lon="2.840683"></trkpt>
      <trkpt lat="46.348675" lon="2.846379"></trkpt>
      <trkpt lat="46.348612" lon="2.856084"></trkpt>
      <trkpt lat="46.348324" lon="2.859255"></trkpt>
      <trkpt lat="46.347821" lon="2.862348"></trkpt>
      <trkpt lat="46.347024" lon="2.865674"></trkpt>
      <trkpt lat="46.345979" lon="2.868889"></trkpt>
      <trkpt lat="46.34469" lon="2.872109"></trkpt>
      <trkpt lat="46.342805" lon="2.876161"></trkpt>
      <trkpt lat="46.341307" lon="2.878961"></trkpt>
      <trkpt lat="46.339141" lon="2.882519"></trkpt>
      <trkpt lat="46.333924" lon="2.890012"></trkpt>
      <trkpt lat="46.332711" lon="2.892485"></trkpt>
      <trkpt lat="46.331933" lon="2.894916"></trkpt>
      <trkpt lat="46.331566" lon="2.8967"></trkpt>
      <trkpt lat="46.331349" lon="2.898531"></trkpt>
      <trkpt lat="46.331022" lon="2.903784"></trkpt>
      <trkpt lat="46.330321" lon="2.907291"></trkpt>
      <trkpt lat="46.329147" lon="2.910429"></trkpt>
      <trkpt lat="46.326566" lon="2.915014"></trkpt>
      <trkpt lat="46.325549" lon="2.917264"></trkpt>
      <trkpt lat="46.324629" lon="2.920174"></trkpt>
      <trkpt lat="46.32405" lon="2.923258"></trkpt>
      <trkpt lat="46.323866" lon="2.925258"></trkpt>
      <trkpt lat="46.323832" lon="2.927472"></trkpt>
      <trkpt lat="46.323952" lon="2.929485"></trkpt>
      <trkpt lat="46.324241" lon="2.93163"></trkpt>
      <trkpt lat="46.324823" lon="2.934178"></trkpt>
      <trkpt lat="46.326881" lon="2.940813"></trkpt>
      <trkpt lat="46.327964" lon="2.945004"></trkpt>
      <trkpt lat="46.328873" lon="2.949472"></trkpt>
      <trkpt lat="46.329694" lon="2.955169"></trkpt>
      <trkpt lat="46.330044" lon="2.959064"></trkpt>
      <trkpt lat="46.33013" lon="2.963153"></trkpt>
      <trkpt lat="46.329836" lon="2.966829"></trkpt>
      <trkpt lat="46.329266" lon="2.970024"></trkpt>
      <trkpt lat="46.328485" lon="2.972899"></trkpt>
      <trkpt lat="46.327609" lon="2.975294"></trkpt>
      <trkpt lat="46.326578" lon="2.977518"></trkpt>
      <trkpt lat="46.325423" lon="2.979523"></trkpt>
      <trkpt lat="46.324056" lon="2.981463"></trkpt>
      <trkpt lat="46.322855" lon="2.982867"></trkpt>
      <trkpt lat="46.318612" lon="2.986917"></trkpt>
      <trkpt lat="46.316698" lon="2.989055"></trkpt>
      <trkpt lat="46.31465" lon="2.991826"></trkpt>
      <trkpt lat="46.312932" lon="2.994675"></trkpt>
      <trkpt lat="46.311836" lon="2.99683"></trkpt>
      <trkpt lat="46.310766" lon="2.999282"></trkpt>
      <trkpt lat="46.307789" lon="3.007593"></trkpt>
      <trkpt lat="46.306406" lon="3.010753"></trkpt>
      <trkpt lat="46.299053" lon="3.024072"></trkpt>
      <trkpt lat="46.294278" lon="3.034416"></trkpt>
      <trkpt lat="46.292272" lon="3.037982"></trkpt>
      <trkpt lat="46.290034" lon="3.041129"></trkpt>
      <trkpt lat="46.28868" lon="3.042712"></trkpt>
      <trkpt lat="46.286919" lon="3.044487"></trkpt>
      <trkpt lat="46.273397" lon="3.055766"></trkpt>
      <trkpt lat="46.270083" lon="3.058882"></trkpt>
      <trkpt lat="46.266326" lon="3.062793"></trkpt>
      <trkpt lat="46.263881" lon="3.065633"></trkpt>
      <trkpt lat="46.262034" lon="3.06806"></trkpt>
      <trkpt lat="46.254524" lon="3.079382"></trkpt>
      <trkpt lat="46.251075" lon="3.083789"></trkpt>
      <trkpt lat="46.248148" lon="3.087114"></trkpt>
      <trkpt lat="46.245424" lon="3.08991"></trkpt>
      <trkpt lat="46.242785" lon="3.092368"></trkpt>
      <trkpt lat="46.239407" lon="3.095171"></trkpt>
      <trkpt lat="46.236322" lon="3.097257"></trkpt>
      <trkpt lat="46.233741" lon="3.098543"></trkpt>
      <trkpt lat="46.231299" lon="3.099376"></trkpt>
      <trkpt lat="46.228483" lon="3.099935"></trkpt>
      <trkpt lat="46.224985" lon="3.100006"></trkpt>
      <trkpt lat="46.222723" lon="3.099729"></trkpt>
      <trkpt lat="46.214931" lon="3.097626"></trkpt>
      <trkpt lat="46.212636" lon="3.097174"></trkpt>
      <trkpt lat="46.210551" lon="3.097121"></trkpt>
      <trkpt lat="46.208752" lon="3.09736"></trkpt>
      <trkpt lat="46.207473" lon="3.097685"></trkpt>
      <trkpt lat="46.205548" lon="3.098447"></trkpt>
      <trkpt lat="46.20351" lon="3.099631"></trkpt>
      <trkpt lat="46.20253" lon="3.100363"></trkpt>
      <trkpt lat="46.198706" lon="3.10382"></trkpt>
      <trkpt lat="46.195671" lon="3.106275"></trkpt>
      <trkpt lat="46.189884" lon="3.110094"></trkpt>
      <trkpt lat="46.187246" lon="3.112192"></trkpt>
      <trkpt lat="46.18544" lon="3.113978"></trkpt>
      <trkpt lat="46.183494" lon="3.116288"></trkpt>
      <trkpt lat="46.179096" lon="3.122518"></trkpt>
      <trkpt lat="46.176509" lon="3.125736"></trkpt>
      <trkpt lat="46.174512" lon="3.127793"></trkpt>
      <trkpt lat="46.173734" lon="3.128451"></trkpt>
      <trkpt lat="46.172167" lon="3.129572"></trkpt>
      <trkpt lat="46.170489" lon="3.130391"></trkpt>
      <trkpt lat="46.168726" lon="3.130733"></trkpt>
      <trkpt lat="46.166916" lon="3.130566"></trkpt>
      <trkpt lat="46.165364" lon="3.130028"></trkpt>
      <trkpt lat="46.163023" lon="3.128733"></trkpt>
      <trkpt lat="46.160999" lon="3.127223"></trkpt>
      <trkpt lat="46.159612" lon="3.125969"></trkpt>
      <trkpt lat="46.154522" lon="3.120171"></trkpt>
      <trkpt lat="46.153006" lon="3.118668"></trkpt>
      <trkpt lat="46.150379" lon="3.116548"></trkpt>
      <trkpt lat="46.147465" lon="3.114779"></trkpt>
      <trkpt lat="46.145026" lon="3.113727"></trkpt>
      <trkpt lat="46.141562" lon="3.112818"></trkpt>
      <trkpt lat="46.138667" lon="3.112575"></trkpt>
      <trkpt lat="46.137121" lon="3.11261"></trkpt>
      <trkpt lat="46.135532" lon="3.11279"></trkpt>
      <trkpt lat="46.132841" lon="3.113404"></trkpt>
      <trkpt lat="46.131175" lon="3.113996"></trkpt>
      <trkpt lat="46.129536" lon="3.11474"></trkpt>
      <trkpt lat="46.127427" lon="3.115954"></trkpt>
      <trkpt lat="46.124472" lon="3.118084"></trkpt>
      <trkpt lat="46.120842" lon="3.121406"></trkpt>
      <trkpt lat="46.116601" lon="3.125953"></trkpt>
      <trkpt lat="46.11543" lon="3.127359"></trkpt>
      <trkpt lat="46.11342" lon="3.130243"></trkpt>
      <trkpt lat="46.110179" lon="3.136099"></trkpt>
      <trkpt lat="46.1088" lon="3.13789"></trkpt>
      <trkpt lat="46.107153" lon="3.139255"></trkpt>
      <trkpt lat="46.105668" lon="3.139984"></trkpt>
      <trkpt lat="46.104293" lon="3.140302"></trkpt>
      <trkpt lat="46.102615" lon="3.140288"></trkpt>
      <trkpt lat="46.101721" lon="3.140102"></trkpt>
      <trkpt lat="46.100076" lon="3.139536"></trkpt>
      <trkpt lat="46.095311" lon="3.137454"></trkpt>
      <trkpt lat="46.091275" lon="3.135328"></trkpt>
      <trkpt lat="46.089515" lon="3.134169"></trkpt>
      <trkpt lat="46.086837" lon="3.131941"></trkpt>
      <trkpt lat="46.08522" lon="3.13027"></trkpt>
      <trkpt lat="46.08374" lon="3.128518"></trkpt>
      <trkpt lat="46.079755" lon="3.122999"></trkpt>
      <trkpt lat="46.078784" lon="3.121981"></trkpt>
      <trkpt lat="46.077268" lon="3.120904"></trkpt>
      <trkpt lat="46.076247" lon="3.12045"></trkpt>
      <trkpt lat="46.07521" lon="3.120161"></trkpt>
      <trkpt lat="46.070996" lon="3.11975"></trkpt>
      <trkpt lat="46.068934" lon="3.119227"></trkpt>
      <trkpt lat="46.067489" lon="3.118488"></trkpt>
      <trkpt lat="46.064239" lon="3.116421"></trkpt>
      <trkpt lat="46.062079" lon="3.115259"></trkpt>
      <trkpt lat="46.060131" lon="3.114451"></trkpt>
      <trkpt lat="46.058253" lon="3.113837"></trkpt>
      <trkpt lat="46.056427" lon="3.113334"></trkpt>
      <trkpt lat="46.053414" lon="3.11275"></trkpt>
      <trkpt lat="46.051163" lon="3.11247"></trkpt>
      <trkpt lat="46.047706" lon="3.112259"></trkpt>
      <trkpt lat="46.042833" lon="3.112488"></trkpt>
      <trkpt lat="46.03831" lon="3.113181"></trkpt>
      <trkpt lat="46.035048" lon="3.114022"></trkpt>
      <trkpt lat="46.032427" lon="3.114892"></trkpt>
      <trkpt lat="46.023751" lon="3.11844"></trkpt>
      <trkpt lat="46.022205" lon="3.118937"></trkpt>
      <trkpt lat="46.020305" lon="3.119182"></trkpt>
      <trkpt lat="46.018378" lon="3.119022"></trkpt>
      <trkpt lat="46.016334" lon="3.118427"></trkpt>
      <trkpt lat="46.015032" lon="3.11778"></trkpt>
      <trkpt lat="46.012999" lon="3.116387"></trkpt>
      <trkpt lat="46.008379" lon="3.1128"></trkpt>
      <trkpt lat="46.005814" lon="3.111284"></trkpt>
      <trkpt lat="46.0033" lon="3.11019"></trkpt>
      <trkpt lat="46.000812" lon="3.109485"></trkpt>
      <trkpt lat="45.997694" lon="3.109063"></trkpt>
      <trkpt lat="45.994978" lon="3.109122"></trkpt>
      <trkpt lat="45.990664" lon="3.109641"></trkpt>
      <trkpt lat="45.989221" lon="3.109596"></trkpt>
      <trkpt lat="45.987934" lon="3.10932"></trkpt>
      <trkpt lat="45.986884" lon="3.108906"></trkpt>
      <trkpt lat="45.985812" lon="3.108317"></trkpt>
      <trkpt lat="45.980215" lon="3.103922"></trkpt>
      <trkpt lat="45.978692" lon="3.102939"></trkpt>
      <trkpt lat="45.976587" lon="3.101837"></trkpt>
      <trkpt lat="45.974804" lon="3.101111"></trkpt>
      <trkpt lat="45.97249" lon="3.10045"></trkpt>
      <trkpt lat="45.970247" lon="3.100088"></trkpt>
      <trkpt lat="45.967948" lon="3.099974"></trkpt>
      <trkpt lat="45.964552" lon="3.100359"></trkpt>
      <trkpt lat="45.96158" lon="3.101224"></trkpt>
      <trkpt lat="45.959843" lon="3.101946"></trkpt>
      <trkpt lat="45.958504" lon="3.102645"></trkpt>
      <trkpt lat="45.957316" lon="3.103352"></trkpt>
      <trkpt lat="45.955667" lon="3.104576"></trkpt>
      <trkpt lat="45.954033" lon="3.106233"></trkpt>
      <trkpt lat="45.95279" lon="3.108033"></trkpt>
      <trkpt lat="45.951709" lon="3.110391"></trkpt>
      <trkpt lat="45.949542" lon="3.116301"></trkpt>
      <trkpt lat="45.948409" lon="3.11835"></trkpt>
      <trkpt lat="45.947445" lon="3.119639"></trkpt>
      <trkpt lat="45.946149" lon="3.120976"></trkpt>
      <trkpt lat="45.944617" lon="3.122221"></trkpt>
      <trkpt lat="45.93752" lon="3.126749"></trkpt>
      <trkpt lat="45.935515" lon="3.128404"></trkpt>
      <trkpt lat="45.934115" lon="3.129769"></trkpt>
      <trkpt lat="45.932796" lon="3.131234"></trkpt>
      <trkpt lat="45.930991" lon="3.133566"></trkpt>
      <trkpt lat="45.925765" lon="3.141272"></trkpt>
      <trkpt lat="45.922638" lon="3.144945"></trkpt>
      <trkpt lat="45.919497" lon="3.147856"></trkpt>
      <trkpt lat="45.917502" lon="3.149442"></trkpt>
      <trkpt lat="45.91395" lon="3.151656"></trkpt>
      <trkpt lat="45.910523" lon="3.153192"></trkpt>
      <trkpt lat="45.908841" lon="3.153725"></trkpt>
      <trkpt lat="45.906494" lon="3.154207"></trkpt>
      <trkpt lat="45.904717" lon="3.154373"></trkpt>
      <trkpt lat="45.902922" lon="3.154389"></trkpt>
      <trkpt lat="45.893361" lon="3.153531"></trkpt>
      <trkpt lat="45.890098" lon="3.153505"></trkpt>
      <trkpt lat="45.885901" lon="3.153759"></trkpt>
      <trkpt lat="45.88122" lon="3.154431"></trkpt>
      <trkpt lat="45.85545" lon="3.159512"></trkpt>
      <trkpt lat="45.849674" lon="3.160235"></trkpt>
      <trkpt lat="45.840977" lon="3.160547"></trkpt>
      <trkpt lat="45.833897" lon="3.159499"></trkpt>
      <trkpt lat="45.83068" lon="3.158899"></trkpt>
      <trkpt lat="45.8196" lon="3.156448"></trkpt>
      <trkpt lat="45.814604" lon="3.155155"></trkpt>
      <trkpt lat="45.812738" lon="3.154505"></trkpt>
      <trkpt lat="45.810308" lon="3.153469"></trkpt>
      <trkpt lat="45.80829" lon="3.152453"></trkpt>
      <trkpt lat="45.803847" lon="3.149957"></trkpt>
      <trkpt lat="45.801012" lon="3.148617"></trkpt>
      <trkpt lat="45.798802" lon="3.147891"></trkpt>
      <trkpt lat="45.794494" lon="3.14697"></trkpt>
      <trkpt lat="45.79238" lon="3.146356"></trkpt>
      <trkpt lat="45.79087" lon="3.145735"></trkpt>
      <trkpt lat="45.785349" lon="3.143077"></trkpt>
      <trkpt lat="45.782289" lon="3.14186"></trkpt>
      <trkpt lat="45.779286" lon="3.141036"></trkpt>
      <trkpt lat="45.77433" lon="3.140334"></trkpt>
      <trkpt lat="45.769107" lon="3.138956"></trkpt>
      <trkpt lat="45.767543" lon="3.138701"></trkpt>
      <trkpt lat="45.765648" lon="3.138607"></trkpt>
      <trkpt lat="45.763646" lon="3.138756"></trkpt>
      <trkpt lat="45.7621" lon="3.139042"></trkpt>
      <trkpt lat="45.758061" lon="3.140243"></trkpt>
      <trkpt lat="45.753765" lon="3.142014"></trkpt>
      <trkpt lat="45.748559" lon="3.144753"></trkpt>
      <trkpt lat="45.747672" lon="3.14512"></trkpt>
      <trkpt lat="45.746181" lon="3.145376"></trkpt>
      <trkpt lat="45.7435" lon="3.145305"></trkpt>
      <trkpt lat="45.741999" lon="3.145765"></trkpt>
      <trkpt lat="45.740976" lon="3.146421"></trkpt>
      <trkpt lat="45.740313" lon="3.147027"></trkpt>
      <trkpt lat="45.737946" lon="3.150273"></trkpt>
      <trkpt lat="45.737264" lon="3.151038"></trkpt>
      <trkpt lat="45.736299" lon="3.151805"></trkpt>
      <trkpt lat="45.734146" lon="3.153176"></trkpt>
      <trkpt lat="45.732095" lon="3.154256"></trkpt>
      <trkpt lat="45.730598" lon="3.154804"></trkpt>
      <trkpt lat="45.728078" lon="3.155297"></trkpt>
      <trkpt lat="45.726103" lon="3.15534"></trkpt>
      <trkpt lat="45.724541" lon="3.155154"></trkpt>
      <trkpt lat="45.722986" lon="3.154763"></trkpt>
      <trkpt lat="45.716637" lon="3.152227"></trkpt>
      <trkpt lat="45.713746" lon="3.151338"></trkpt>
      <trkpt lat="45.711233" lon="3.150945"></trkpt>
      <trkpt lat="45.705962" lon="3.150765"></trkpt>
      <trkpt lat="45.704148" lon="3.150516"></trkpt>
      <trkpt lat="45.702658" lon="3.150019"></trkpt>
      <trkpt lat="45.699386" lon="3.148425"></trkpt>
      <trkpt lat="45.698175" lon="3.148124"></trkpt>
      <trkpt lat="45.696436" lon="3.148111"></trkpt>
      <trkpt lat="45.692438" lon="3.14908"></trkpt>
      <trkpt lat="45.69119" lon="3.149137"></trkpt>
      <trkpt lat="45.690416" lon="3.14902"></trkpt>
      <trkpt lat="45.689104" lon="3.148459"></trkpt>
      <trkpt lat="45.687984" lon="3.147606"></trkpt>
      <trkpt lat="45.68722" lon="3.146774"></trkpt>
      <trkpt lat="45.685492" lon="3.144487"></trkpt>
      <trkpt lat="45.684498" lon="3.143588"></trkpt>
      <trkpt lat="45.683283" lon="3.142865"></trkpt>
      <trkpt lat="45.682096" lon="3.142481"></trkpt>
      <trkpt lat="45.680392" lon="3.142363"></trkpt>
      <trkpt lat="45.672353" lon="3.1424"></trkpt>
      <trkpt lat="45.670458" lon="3.142601"></trkpt>
      <trkpt lat="45.66889" lon="3.143102"></trkpt>
      <trkpt lat="45.666831" lon="3.144282"></trkpt>
      <trkpt lat="45.665263" lon="3.145683"></trkpt>
      <trkpt lat="45.66364" lon="3.147748"></trkpt>
      <trkpt lat="45.662634" lon="3.149484"></trkpt>
      <trkpt lat="45.647978" lon="3.177319"></trkpt>
      <trkpt lat="45.646674" lon="3.179484"></trkpt>
      <trkpt lat="45.645777" lon="3.180563"></trkpt>
      <trkpt lat="45.644135" lon="3.181929"></trkpt>
      <trkpt lat="45.6411" lon="3.183489"></trkpt>
      <trkpt lat="45.639522" lon="3.184583"></trkpt>
      <trkpt lat="45.638132" lon="3.186144"></trkpt>
      <trkpt lat="45.635724" lon="3.189637"></trkpt>
      <trkpt lat="45.635022" lon="3.190388"></trkpt>
      <trkpt lat="45.634033" lon="3.191202"></trkpt>
      <trkpt lat="45.632933" lon="3.191831"></trkpt>
      <trkpt lat="45.632077" lon="3.192138"></trkpt>
      <trkpt lat="45.62816" lon="3.192686"></trkpt>
      <trkpt lat="45.626924" lon="3.193103"></trkpt>
      <trkpt lat="45.626194" lon="3.193493"></trkpt>
      <trkpt lat="45.624819" lon="3.194533"></trkpt>
      <trkpt lat="45.61979" lon="3.199007"></trkpt>
      <trkpt lat="45.617547" lon="3.200624"></trkpt>
      <trkpt lat="45.616569" lon="3.201603"></trkpt>
      <trkpt lat="45.61584" lon="3.202651"></trkpt>
      <trkpt lat="45.614388" lon="3.205505"></trkpt>
      <trkpt lat="45.612083" lon="3.208785"></trkpt>
      <trkpt lat="45.611472" lon="3.209761"></trkpt>
      <trkpt lat="45.61113" lon="3.210537"></trkpt>
      <trkpt lat="45.610909" lon="3.211298"></trkpt>
      <trkpt lat="45.610742" lon="3.212538"></trkpt>
      <trkpt lat="45.610888" lon="3.215555"></trkpt>
      <trkpt lat="45.610811" lon="3.216891"></trkpt>
      <trkpt lat="45.610222" lon="3.219013"></trkpt>
      <trkpt lat="45.609759" lon="3.219925"></trkpt>
      <trkpt lat="45.609258" lon="3.22059"></trkpt>
      <trkpt lat="45.608872" lon="3.220943"></trkpt>
      <trkpt lat="45.608282" lon="3.221255"></trkpt>
      <trkpt lat="45.607661" lon="3.221314"></trkpt>
      <trkpt lat="45.607195" lon="3.221185"></trkpt>
      <trkpt lat="45.606655" lon="3.220829"></trkpt>
      <trkpt lat="45.606313" lon="3.220426"></trkpt>
      <trkpt lat="45.605298" lon="3.218396"></trkpt>
      <trkpt lat="45.604676" lon="3.217767"></trkpt>
      <trkpt lat="45.604143" lon="3.217503"></trkpt>
      <trkpt lat="45.60134" lon="3.216751"></trkpt>
      <trkpt lat="45.600613" lon="3.216819"></trkpt>
      <trkpt lat="45.598986" lon="3.217622"></trkpt>
      <trkpt lat="45.598067" lon="3.218364"></trkpt>
      <trkpt lat="45.597374" lon="3.219151"></trkpt>
      <trkpt lat="45.596824" lon="3.21999"></trkpt>
      <trkpt lat="45.596208" lon="3.22132"></trkpt>
      <trkpt lat="45.595217" lon="3.225242"></trkpt>
      <trkpt lat="45.594104" lon="3.227471"></trkpt>
      <trkpt lat="45.593881" lon="3.228562"></trkpt>
      <trkpt lat="45.593412" lon="3.232587"></trkpt>
      <trkpt lat="45.592776" lon="3.235525"></trkpt>
      <trkpt lat="45.591873" lon="3.238366"></trkpt>
      <trkpt lat="45.590539" lon="3.240926"></trkpt>
      <trkpt lat="45.589918" lon="3.24431"></trkpt>
      <trkpt lat="45.589624" lon="3.245073"></trkpt>
      <trkpt lat="45.589296" lon="3.245578"></trkpt>
      <trkpt lat="45.588719" lon="3.246077"></trkpt>
      <trkpt lat="45.587817" lon="3.246298"></trkpt>
      <trkpt lat="45.585079" lon="3.245711"></trkpt>
      <trkpt lat="45.584592" lon="3.245404"></trkpt>
      <trkpt lat="45.584113" lon="3.244851"></trkpt>
      <trkpt lat="45.582887" lon="3.241702"></trkpt>
      <trkpt lat="45.582214" lon="3.240812"></trkpt>
      <trkpt lat="45.581731" lon="3.240366"></trkpt>
      <trkpt lat="45.580526" lon="3.239753"></trkpt>
      <trkpt lat="45.577312" lon="3.238943"></trkpt>
      <trkpt lat="45.576689" lon="3.238955"></trkpt>
      <trkpt lat="45.575917" lon="3.239306"></trkpt>
      <trkpt lat="45.575275" lon="3.240016"></trkpt>
      <trkpt lat="45.574286" lon="3.241798"></trkpt>
      <trkpt lat="45.57387" lon="3.243036"></trkpt>
      <trkpt lat="45.572874" lon="3.247209"></trkpt>
      <trkpt lat="45.572422" lon="3.24825"></trkpt>
      <trkpt lat="45.571943" lon="3.248912"></trkpt>
      <trkpt lat="45.571125" lon="3.249559"></trkpt>
      <trkpt lat="45.570325" lon="3.249819"></trkpt>
      <trkpt lat="45.569046" lon="3.249743"></trkpt>
      <trkpt lat="45.567616" lon="3.249454"></trkpt>
      <trkpt lat="45.566877" lon="3.249504"></trkpt>
      <trkpt lat="45.566074" lon="3.249978"></trkpt>
      <trkpt lat="45.565527" lon="3.250695"></trkpt>
      <trkpt lat="45.565195" lon="3.251521"></trkpt>
      <trkpt lat="45.564854" lon="3.254059"></trkpt>
      <trkpt lat="45.564553" lon="3.255181"></trkpt>
      <trkpt lat="45.563044" lon="3.25753"></trkpt>
      <trkpt lat="45.562495" lon="3.258925"></trkpt>
      <trkpt lat="45.56227" lon="3.260471"></trkpt>
      <trkpt lat="45.562229" lon="3.263294"></trkpt>
      <trkpt lat="45.561904" lon="3.264653"></trkpt>
      <trkpt lat="45.561082" lon="3.266173"></trkpt>
      <trkpt lat="45.560459" lon="3.266802"></trkpt>
      <trkpt lat="45.559833" lon="3.267193"></trkpt>
      <trkpt lat="45.558858" lon="3.267468"></trkpt>
      <trkpt lat="45.548657" lon="3.269121"></trkpt>
      <trkpt lat="45.547608" lon="3.269128"></trkpt>
      <trkpt lat="45.546382" lon="3.26891"></trkpt>
      <trkpt lat="45.54533" lon="3.268516"></trkpt>
      <trkpt lat="45.542464" lon="3.26712"></trkpt>
      <trkpt lat="45.540772" lon="3.266012"></trkpt>
      <trkpt lat="45.539882" lon="3.265123"></trkpt>
      <trkpt lat="45.539209" lon="3.264256"></trkpt>
      <trkpt lat="45.537237" lon="3.261069"></trkpt>
      <trkpt lat="45.536321" lon="3.259925"></trkpt>
      <trkpt lat="45.535193" lon="3.258906"></trkpt>
      <trkpt lat="45.532598" lon="3.257292"></trkpt>
      <trkpt lat="45.531477" lon="3.256807"></trkpt>
      <trkpt lat="45.530521" lon="3.256691"></trkpt>
      <trkpt lat="45.529779" lon="3.256801"></trkpt>
      <trkpt lat="45.527756" lon="3.257516"></trkpt>
      <trkpt lat="45.526546" lon="3.257563"></trkpt>
      <trkpt lat="45.525643" lon="3.257236"></trkpt>
      <trkpt lat="45.523888" lon="3.256206"></trkpt>
      <trkpt lat="45.523137" lon="3.256015"></trkpt>
      <trkpt lat="45.522326" lon="3.256033"></trkpt>
      <trkpt lat="45.521854" lon="3.256163"></trkpt>
      <trkpt lat="45.520956" lon="3.256664"></trkpt>
      <trkpt lat="45.520176" lon="3.257461"></trkpt>
      <trkpt lat="45.518948" lon="3.259268"></trkpt>
      <trkpt lat="45.517986" lon="3.260285"></trkpt>
      <trkpt lat="45.51493" lon="3.262061"></trkpt>
      <trkpt lat="45.513956" lon="3.262452"></trkpt>
      <trkpt lat="45.511369" lon="3.263074"></trkpt>
      <trkpt lat="45.510359" lon="3.263017"></trkpt>
      <trkpt lat="45.508988" lon="3.262744"></trkpt>
      <trkpt lat="45.503392" lon="3.261158"></trkpt>
      <trkpt lat="45.502354" lon="3.260614"></trkpt>
      <trkpt lat="45.499913" lon="3.258062"></trkpt>
      <trkpt lat="45.497675" lon="3.255378"></trkpt>
      <trkpt lat="45.495645" lon="3.253313"></trkpt>
      <trkpt lat="45.492899" lon="3.250245"></trkpt>
      <trkpt lat="45.491572" lon="3.249058"></trkpt>
      <trkpt lat="45.490154" lon="3.248131"></trkpt>
      <trkpt lat="45.488149" lon="3.247314"></trkpt>
      <trkpt lat="45.48678" lon="3.246968"></trkpt>
      <trkpt lat="45.4844" lon="3.246562"></trkpt>
      <trkpt lat="45.479441" lon="3.246002"></trkpt>
      <trkpt lat="45.476616" lon="3.246086"></trkpt>
      <trkpt lat="45.474772" lon="3.246444"></trkpt>
      <trkpt lat="45.473293" lon="3.246932"></trkpt>
      <trkpt lat="45.47193" lon="3.247536"></trkpt>
      <trkpt lat="45.469962" lon="3.248741"></trkpt>
      <trkpt lat="45.467353" lon="3.251024"></trkpt>
      <trkpt lat="45.46105" lon="3.258028"></trkpt>
      <trkpt lat="45.458459" lon="3.260727"></trkpt>
      <trkpt lat="45.454787" lon="3.264039"></trkpt>
      <trkpt lat="45.452238" lon="3.26595"></trkpt>
      <trkpt lat="45.449721" lon="3.267584"></trkpt>
      <trkpt lat="45.446603" lon="3.269237"></trkpt>
      <trkpt lat="45.443929" lon="3.270369"></trkpt>
      <trkpt lat="45.440541" lon="3.271446"></trkpt>
      <trkpt lat="45.436452" lon="3.272186"></trkpt>
      <trkpt lat="45.433789" lon="3.272419"></trkpt>
      <trkpt lat="45.425447" lon="3.272851"></trkpt>
      <trkpt lat="45.415839" lon="3.274337"></trkpt>
      <trkpt lat="45.412975" lon="3.274608"></trkpt>
      <trkpt lat="45.410944" lon="3.274653"></trkpt>
      <trkpt lat="45.408065" lon="3.274447"></trkpt>
      <trkpt lat="45.398047" lon="3.272779"></trkpt>
      <trkpt lat="45.396113" lon="3.272717"></trkpt>
      <trkpt lat="45.394436" lon="3.272894"></trkpt>
      <trkpt lat="45.392795" lon="3.273321"></trkpt>
      <trkpt lat="45.391216" lon="3.273924"></trkpt>
      <trkpt lat="45.389249" lon="3.274902"></trkpt>
      <trkpt lat="45.387393" lon="3.276016"></trkpt>
      <trkpt lat="45.385279" lon="3.277492"></trkpt>
      <trkpt lat="45.377146" lon="3.283934"></trkpt>
      <trkpt lat="45.375148" lon="3.285272"></trkpt>
      <trkpt lat="45.373923" lon="3.285837"></trkpt>
      <trkpt lat="45.372667" lon="3.286229"></trkpt>
      <trkpt lat="45.371349" lon="3.286451"></trkpt>
      <trkpt lat="45.37003" lon="3.286486"></trkpt>
      <trkpt lat="45.368045" lon="3.286201"></trkpt>
      <trkpt lat="45.365827" lon="3.285362"></trkpt>
      <trkpt lat="45.363942" lon="3.284176"></trkpt>
      <trkpt lat="45.357167" lon="3.279178"></trkpt>
      <trkpt lat="45.355233" lon="3.278246"></trkpt>
      <trkpt lat="45.352085" lon="3.277674"></trkpt>
      <trkpt lat="45.338564" lon="3.275646"></trkpt>
      <trkpt lat="45.337645" lon="3.275386"></trkpt>
      <trkpt lat="45.336527" lon="3.274887"></trkpt>
      <trkpt lat="45.335509" lon="3.274213"></trkpt>
      <trkpt lat="45.33445" lon="3.273254"></trkpt>
      <trkpt lat="45.331761" lon="3.269746"></trkpt>
      <trkpt lat="45.330174" lon="3.268208"></trkpt>
      <trkpt lat="45.305042" lon="3.250415"></trkpt>
      <trkpt lat="45.298339" lon="3.244304"></trkpt>
      <trkpt lat="45.296094" lon="3.24199"></trkpt>
      <trkpt lat="45.294999" lon="3.24047"></trkpt>
      <trkpt lat="45.291956" lon="3.235313"></trkpt>
      <trkpt lat="45.290634" lon="3.233714"></trkpt>
      <trkpt lat="45.286643" lon="3.229388"></trkpt>
      <trkpt lat="45.278496" lon="3.217997"></trkpt>
      <trkpt lat="45.277177" lon="3.216804"></trkpt>
      <trkpt lat="45.274171" lon="3.21492"></trkpt>
      <trkpt lat="45.273386" lon="3.214084"></trkpt>
      <trkpt lat="45.272995" lon="3.213442"></trkpt>
      <trkpt lat="45.272549" lon="3.21234"></trkpt>
      <trkpt lat="45.271057" lon="3.206177"></trkpt>
      <trkpt lat="45.270627" lon="3.204916"></trkpt>
      <trkpt lat="45.270103" lon="3.204028"></trkpt>
      <trkpt lat="45.267802" lon="3.201119"></trkpt>
      <trkpt lat="45.266765" lon="3.200266"></trkpt>
      <trkpt lat="45.265827" lon="3.199899"></trkpt>
      <trkpt lat="45.26513" lon="3.199847"></trkpt>
      <trkpt lat="45.264473" lon="3.199949"></trkpt>
      <trkpt lat="45.263683" lon="3.200277"></trkpt>
      <trkpt lat="45.262072" lon="3.201234"></trkpt>
      <trkpt lat="45.260908" lon="3.201735"></trkpt>
      <trkpt lat="45.252302" lon="3.204164"></trkpt>
      <trkpt lat="45.250817" lon="3.204484"></trkpt>
      <trkpt lat="45.249042" lon="3.204687"></trkpt>
      <trkpt lat="45.247161" lon="3.204702"></trkpt>
      <trkpt lat="45.24279" lon="3.203868"></trkpt>
      <trkpt lat="45.241769" lon="3.203824"></trkpt>
      <trkpt lat="45.241124" lon="3.203911"></trkpt>
      <trkpt lat="45.239757" lon="3.204447"></trkpt>
      <trkpt lat="45.236609" lon="3.206417"></trkpt>
      <trkpt lat="45.2355" lon="3.206826"></trkpt>
      <trkpt lat="45.23442" lon="3.207026"></trkpt>
      <trkpt lat="45.232975" lon="3.206994"></trkpt>
      <trkpt lat="45.230898" lon="3.206558"></trkpt>
      <trkpt lat="45.229973" lon="3.206515"></trkpt>
      <trkpt lat="45.227639" lon="3.207054"></trkpt>
      <trkpt lat="45.226581" lon="3.207162"></trkpt>
      <trkpt lat="45.225316" lon="3.206966"></trkpt>
      <trkpt lat="45.223525" lon="3.206318"></trkpt>
      <trkpt lat="45.222395" lon="3.20572"></trkpt>
      <trkpt lat="45.22125" lon="3.204925"></trkpt>
      <trkpt lat="45.218155" lon="3.202083"></trkpt>
      <trkpt lat="45.217" lon="3.201355"></trkpt>
      <trkpt lat="45.216334" lon="3.20106"></trkpt>
      <trkpt lat="45.215054" lon="3.200732"></trkpt>
      <trkpt lat="45.211746" lon="3.200648"></trkpt>
      <trkpt lat="45.209953" lon="3.20014"></trkpt>
      <trkpt lat="45.208938" lon="3.199604"></trkpt>
      <trkpt lat="45.204528" lon="3.19673"></trkpt>
      <trkpt lat="45.201882" lon="3.195212"></trkpt>
      <trkpt lat="45.200841" lon="3.194282"></trkpt>
      <trkpt lat="45.200296" lon="3.193618"></trkpt>
      <trkpt lat="45.195424" lon="3.186751"></trkpt>
      <trkpt lat="45.194616" lon="3.185799"></trkpt>
      <trkpt lat="45.193825" lon="3.185071"></trkpt>
      <trkpt lat="45.192384" lon="3.184124"></trkpt>
      <trkpt lat="45.19165" lon="3.183829"></trkpt>
      <trkpt lat="45.190607" lon="3.183582"></trkpt>
      <trkpt lat="45.187699" lon="3.183173"></trkpt>
      <trkpt lat="45.186425" lon="3.182616"></trkpt>
      <trkpt lat="45.185367" lon="3.181757"></trkpt>
      <trkpt lat="45.183611" lon="3.179652"></trkpt>
      <trkpt lat="45.182921" lon="3.178993"></trkpt>
      <trkpt lat="45.180102" lon="3.177164"></trkpt>
      <trkpt lat="45.17955" lon="3.176674"></trkpt>
      <trkpt lat="45.178637" lon="3.175555"></trkpt>
      <trkpt lat="45.174538" lon="3.168449"></trkpt>
      <trkpt lat="45.173415" lon="3.166936"></trkpt>
      <trkpt lat="45.169986" lon="3.162843"></trkpt>
      <trkpt lat="45.161343" lon="3.14983"></trkpt>
      <trkpt lat="45.160534" lon="3.148753"></trkpt>
      <trkpt lat="45.159645" lon="3.147807"></trkpt>
      <trkpt lat="45.157872" lon="3.146518"></trkpt>
      <trkpt lat="45.156472" lon="3.145924"></trkpt>
      <trkpt lat="45.146255" lon="3.142814"></trkpt>
      <trkpt lat="45.145577" lon="3.142801"></trkpt>
      <trkpt lat="45.144872" lon="3.142951"></trkpt>
      <trkpt lat="45.141322" lon="3.14422"></trkpt>
      <trkpt lat="45.140447" lon="3.144245"></trkpt>
      <trkpt lat="45.139689" lon="3.144051"></trkpt>
      <trkpt lat="45.138997" lon="3.143667"></trkpt>
      <trkpt lat="45.138439" lon="3.143184"></trkpt>
      <trkpt lat="45.132663" lon="3.137097"></trkpt>
      <trkpt lat="45.131764" lon="3.136451"></trkpt>
      <trkpt lat="45.130857" lon="3.13616"></trkpt>
      <trkpt lat="45.130047" lon="3.136143"></trkpt>
      <trkpt lat="45.129137" lon="3.136399"></trkpt>
      <trkpt lat="45.128583" lon="3.136719"></trkpt>
      <trkpt lat="45.126452" lon="3.138381"></trkpt>
      <trkpt lat="45.125339" lon="3.138914"></trkpt>
      <trkpt lat="45.121865" lon="3.139118"></trkpt>
      <trkpt lat="45.116812" lon="3.1405"></trkpt>
      <trkpt lat="45.115903" lon="3.140579"></trkpt>
      <trkpt lat="45.115186" lon="3.140433"></trkpt>
      <trkpt lat="45.114269" lon="3.139961"></trkpt>
      <trkpt lat="45.113542" lon="3.139296"></trkpt>
      <trkpt lat="45.105982" lon="3.130791"></trkpt>
      <trkpt lat="45.105059" lon="3.129883"></trkpt>
      <trkpt lat="45.10408" lon="3.129434"></trkpt>
      <trkpt lat="45.103349" lon="3.129392"></trkpt>
      <trkpt lat="45.102638" lon="3.129584"></trkpt>
      <trkpt lat="45.101548" lon="3.130182"></trkpt>
      <trkpt lat="45.100699" lon="3.13048"></trkpt>
      <trkpt lat="45.100011" lon="3.130441"></trkpt>
      <trkpt lat="45.099175" lon="3.130021"></trkpt>
      <trkpt lat="45.098634" lon="3.129472"></trkpt>
      <trkpt lat="45.097802" lon="3.12827"></trkpt>
      <trkpt lat="45.096976" lon="3.127314"></trkpt>
      <trkpt lat="45.092859" lon="3.123784"></trkpt>
      <trkpt lat="45.091665" lon="3.12262"></trkpt>
      <trkpt lat="45.090902" lon="3.121711"></trkpt>
      <trkpt lat="45.088377" lon="3.118101"></trkpt>
      <trkpt lat="45.087642" lon="3.117405"></trkpt>
      <trkpt lat="45.087028" lon="3.117047"></trkpt>
      <trkpt lat="45.086151" lon="3.116816"></trkpt>
      <trkpt lat="45.08536" lon="3.116842"></trkpt>
      <trkpt lat="45.084416" lon="3.117137"></trkpt>
      <trkpt lat="45.082585" lon="3.117953"></trkpt>
      <trkpt lat="45.08188" lon="3.118063"></trkpt>
      <trkpt lat="45.080901" lon="3.117981"></trkpt>
      <trkpt lat="45.063741" lon="3.110973"></trkpt>
      <trkpt lat="45.062259" lon="3.110549"></trkpt>
      <trkpt lat="45.060725" lon="3.110433"></trkpt>
      <trkpt lat="45.052885" lon="3.110955"></trkpt>
      <trkpt lat="45.051664" lon="3.111262"></trkpt>
      <trkpt lat="45.050378" lon="3.11206"></trkpt>
      <trkpt lat="45.049532" lon="3.112943"></trkpt>
      <trkpt lat="45.047511" lon="3.115461"></trkpt>
      <trkpt lat="45.046508" lon="3.116375"></trkpt>
      <trkpt lat="45.045112" lon="3.117138"></trkpt>
      <trkpt lat="45.040208" lon="3.119461"></trkpt>
      <trkpt lat="45.038887" lon="3.120422"></trkpt>
      <trkpt lat="45.038053" lon="3.121453"></trkpt>
      <trkpt lat="45.037378" lon="3.122683"></trkpt>
      <trkpt lat="45.036865" lon="3.124208"></trkpt>
      <trkpt lat="45.033602" lon="3.139412"></trkpt>
      <trkpt lat="45.032699" lon="3.141474"></trkpt>
      <trkpt lat="45.031654" lon="3.142834"></trkpt>
      <trkpt lat="45.030899" lon="3.143488"></trkpt>
      <trkpt lat="45.030057" lon="3.144012"></trkpt>
      <trkpt lat="45.029033" lon="3.144361"></trkpt>
      <trkpt lat="45.026787" lon="3.144887"></trkpt>
      <trkpt lat="45.026029" lon="3.145237"></trkpt>
      <trkpt lat="45.025289" lon="3.145737"></trkpt>
      <trkpt lat="45.023679" lon="3.14718"></trkpt>
      <trkpt lat="45.022726" lon="3.147788"></trkpt>
      <trkpt lat="45.021644" lon="3.148164"></trkpt>
      <trkpt lat="45.0195" lon="3.148534"></trkpt>
      <trkpt lat="45.018079" lon="3.149277"></trkpt>
      <trkpt lat="45.016889" lon="3.150431"></trkpt>
      <trkpt lat="45.014929" lon="3.153322"></trkpt>
      <trkpt lat="45.013228" lon="3.155249"></trkpt>
      <trkpt lat="45.00921" lon="3.158462"></trkpt>
      <trkpt lat="45.00527" lon="3.160861"></trkpt>
      <trkpt lat="45.004145" lon="3.161822"></trkpt>
      <trkpt lat="45.003442" lon="3.162615"></trkpt>
      <trkpt lat="45.002711" lon="3.163602"></trkpt>
      <trkpt lat="45.00181" lon="3.165221"></trkpt>
      <trkpt lat="44.995127" lon="3.180756"></trkpt>
      <trkpt lat="44.993901" lon="3.182575"></trkpt>
      <trkpt lat="44.992325" lon="3.184035"></trkpt>
      <trkpt lat="44.991142" lon="3.184725"></trkpt>
      <trkpt lat="44.989822" lon="3.185092"></trkpt>
      <trkpt lat="44.976431" lon="3.18616"></trkpt>
      <trkpt lat="44.975305" lon="3.186394"></trkpt>
      <trkpt lat="44.973308" lon="3.187312"></trkpt>
      <trkpt lat="44.96532" lon="3.191848"></trkpt>
      <trkpt lat="44.96431" lon="3.192191"></trkpt>
      <trkpt lat="44.957287" lon="3.193588"></trkpt>
      <trkpt lat="44.955862" lon="3.194158"></trkpt>
      <trkpt lat="44.952665" lon="3.196136"></trkpt>
      <trkpt lat="44.948623" lon="3.197635"></trkpt>
      <trkpt lat="44.942719" lon="3.200261"></trkpt>
      <trkpt lat="44.941384" lon="3.200639"></trkpt>
      <trkpt lat="44.936221" lon="3.2014"></trkpt>
      <trkpt lat="44.934922" lon="3.201787"></trkpt>
      <trkpt lat="44.933631" lon="3.20238"></trkpt>
      <trkpt lat="44.932176" lon="3.203352"></trkpt>
      <trkpt lat="44.923654" lon="3.209674"></trkpt>
      <trkpt lat="44.918845" lon="3.214174"></trkpt>
      <trkpt lat="44.917879" lon="3.215331"></trkpt>
      <trkpt lat="44.917187" lon="3.216519"></trkpt>
      <trkpt lat="44.915033" lon="3.221727"></trkpt>
      <trkpt lat="44.913961" lon="3.223249"></trkpt>
      <trkpt lat="44.912948" lon="3.224158"></trkpt>
      <trkpt lat="44.906052" lon="3.228391"></trkpt>
      <trkpt lat="44.90494" lon="3.22895"></trkpt>
      <trkpt lat="44.903522" lon="3.229357"></trkpt>
      <trkpt lat="44.899526" lon="3.229543"></trkpt>
      <trkpt lat="44.897435" lon="3.229998"></trkpt>
      <trkpt lat="44.88644" lon="3.235897"></trkpt>
      <trkpt lat="44.883459" lon="3.238215"></trkpt>
      <trkpt lat="44.882451" lon="3.239169"></trkpt>
      <trkpt lat="44.879998" lon="3.242923"></trkpt>
      <trkpt lat="44.878933" lon="3.244118"></trkpt>
      <trkpt lat="44.876573" lon="3.246374"></trkpt>
      <trkpt lat="44.875023" lon="3.247761"></trkpt>
      <trkpt lat="44.874406" lon="3.248177"></trkpt>
      <trkpt lat="44.872039" lon="3.249288"></trkpt>
      <trkpt lat="44.870951" lon="3.250014"></trkpt>
      <trkpt lat="44.868585" lon="3.252664"></trkpt>
      <trkpt lat="44.867271" lon="3.253798"></trkpt>
      <trkpt lat="44.865924" lon="3.254409"></trkpt>
      <trkpt lat="44.860248" lon="3.25617"></trkpt>
      <trkpt lat="44.857428" lon="3.25764"></trkpt>
      <trkpt lat="44.856059" lon="3.258072"></trkpt>
      <trkpt lat="44.855316" lon="3.258108"></trkpt>
      <trkpt lat="44.854075" lon="3.257876"></trkpt>
      <trkpt lat="44.851255" lon="3.256372"></trkpt>
      <trkpt lat="44.850081" lon="3.255983"></trkpt>
      <trkpt lat="44.848831" lon="3.25592"></trkpt>
      <trkpt lat="44.846345" lon="3.256337"></trkpt>
      <trkpt lat="44.839893" lon="3.259008"></trkpt>
      <trkpt lat="44.838457" lon="3.259278"></trkpt>
      <trkpt lat="44.835282" lon="3.259297"></trkpt>
      <trkpt lat="44.833472" lon="3.259797"></trkpt>
      <trkpt lat="44.832357" lon="3.260396"></trkpt>
      <trkpt lat="44.826827" lon="3.263941"></trkpt>
      <trkpt lat="44.825191" lon="3.26543"></trkpt>
      <trkpt lat="44.821682" lon="3.26958"></trkpt>
      <trkpt lat="44.820128" lon="3.271667"></trkpt>
      <trkpt lat="44.818627" lon="3.274415"></trkpt>
      <trkpt lat="44.815173" lon="3.282995"></trkpt>
      <trkpt lat="44.811942" lon="3.289733"></trkpt>
      <trkpt lat="44.810992" lon="3.291337"></trkpt>
      <trkpt lat="44.810426" lon="3.292021"></trkpt>
      <trkpt lat="44.809721" lon="3.292723"></trkpt>
      <trkpt lat="44.808959" lon="3.293284"></trkpt>
      <trkpt lat="44.807592" lon="3.293936"></trkpt>
      <trkpt lat="44.806375" lon="3.294171"></trkpt>
      <trkpt lat="44.805663" lon="3.294164"></trkpt>
      <trkpt lat="44.796218" lon="3.292812"></trkpt>
      <trkpt lat="44.794895" lon="3.292759"></trkpt>
      <trkpt lat="44.793082" lon="3.293146"></trkpt>
      <trkpt lat="44.790409" lon="3.294337"></trkpt>
      <trkpt lat="44.789257" lon="3.294576"></trkpt>
      <trkpt lat="44.788581" lon="3.294591"></trkpt>
      <trkpt lat="44.78711" lon="3.294317"></trkpt>
      <trkpt lat="44.785683" lon="3.293601"></trkpt>
      <trkpt lat="44.782104" lon="3.290881"></trkpt>
      <trkpt lat="44.779894" lon="3.289562"></trkpt>
      <trkpt lat="44.775124" lon="3.286292"></trkpt>
      <trkpt lat="44.773728" lon="3.285455"></trkpt>
      <trkpt lat="44.771371" lon="3.284489"></trkpt>
      <trkpt lat="44.767086" lon="3.283194"></trkpt>
      <trkpt lat="44.765796" lon="3.28297"></trkpt>
      <trkpt lat="44.764671" lon="3.283081"></trkpt>
      <trkpt lat="44.763522" lon="3.283485"></trkpt>
      <trkpt lat="44.753188" lon="3.288703"></trkpt>
      <trkpt lat="44.751665" lon="3.289297"></trkpt>
      <trkpt lat="44.750603" lon="3.289438"></trkpt>
      <trkpt lat="44.75002" lon="3.289398"></trkpt>
      <trkpt lat="44.744992" lon="3.288179"></trkpt>
      <trkpt lat="44.743502" lon="3.288091"></trkpt>
      <trkpt lat="44.736143" lon="3.289274"></trkpt>
      <trkpt lat="44.735196" lon="3.28955"></trkpt>
      <trkpt lat="44.733408" lon="3.290308"></trkpt>
      <trkpt lat="44.732639" lon="3.290382"></trkpt>
      <trkpt lat="44.73212" lon="3.290298"></trkpt>
      <trkpt lat="44.73164" lon="3.290142"></trkpt>
      <trkpt lat="44.730861" lon="3.289661"></trkpt>
      <trkpt lat="44.730053" lon="3.288779"></trkpt>
      <trkpt lat="44.725968" lon="3.282328"></trkpt>
      <trkpt lat="44.722648" lon="3.278283"></trkpt>
      <trkpt lat="44.721651" lon="3.276486"></trkpt>
      <trkpt lat="44.720786" lon="3.274441"></trkpt>
      <trkpt lat="44.719991" lon="3.273225"></trkpt>
      <trkpt lat="44.719296" lon="3.27254"></trkpt>
      <trkpt lat="44.718591" lon="3.272074"></trkpt>
      <trkpt lat="44.717303" lon="3.271646"></trkpt>
      <trkpt lat="44.715885" lon="3.271556"></trkpt>
      <trkpt lat="44.713895" lon="3.271809"></trkpt>
      <trkpt lat="44.712675" lon="3.272186"></trkpt>
      <trkpt lat="44.710909" lon="3.273003"></trkpt>
      <trkpt lat="44.709164" lon="3.274261"></trkpt>
      <trkpt lat="44.705493" lon="3.277457"></trkpt>
      <trkpt lat="44.702408" lon="3.279611"></trkpt>
      <trkpt lat="44.700094" lon="3.281841"></trkpt>
      <trkpt lat="44.699413" lon="3.28219"></trkpt>
      <trkpt lat="44.698614" lon="3.282364"></trkpt>
      <trkpt lat="44.697404" lon="3.282162"></trkpt>
      <trkpt lat="44.691841" lon="3.279265"></trkpt>
      <trkpt lat="44.6907" lon="3.278357"></trkpt>
      <trkpt lat="44.689811" lon="3.277386"></trkpt>
      <trkpt lat="44.68852" lon="3.275284"></trkpt>
      <trkpt lat="44.68491" lon="3.266513"></trkpt>
      <trkpt lat="44.684196" lon="3.265001"></trkpt>
      <trkpt lat="44.682604" lon="3.26273"></trkpt>
      <trkpt lat="44.68179" lon="3.261848"></trkpt>
      <trkpt lat="44.680412" lon="3.260745"></trkpt>
      <trkpt lat="44.678853" lon="3.259926"></trkpt>
      <trkpt lat="44.677784" lon="3.259586"></trkpt>
      <trkpt lat="44.676958" lon="3.259453"></trkpt>
      <trkpt lat="44.675836" lon="3.259424"></trkpt>
      <trkpt lat="44.67163" lon="3.260024"></trkpt>
      <trkpt lat="44.66958" lon="3.259962"></trkpt>
      <trkpt lat="44.664162" lon="3.259228"></trkpt>
      <trkpt lat="44.663095" lon="3.25895"></trkpt>
      <trkpt lat="44.661347" lon="3.258255"></trkpt>
      <trkpt lat="44.659541" lon="3.257212"></trkpt>
      <trkpt lat="44.657469" lon="3.255525"></trkpt>
      <trkpt lat="44.647494" lon="3.245124"></trkpt>
      <trkpt lat="44.64598" lon="3.243864"></trkpt>
      <trkpt lat="44.644834" lon="3.243254"></trkpt>
      <trkpt lat="44.643963" lon="3.242967"></trkpt>
      <trkpt lat="44.636337" lon="3.240941"></trkpt>
      <trkpt lat="44.63468" lon="3.240884"></trkpt>
      <trkpt lat="44.632941" lon="3.241343"></trkpt>
      <trkpt lat="44.629126" lon="3.243532"></trkpt>
      <trkpt lat="44.626225" lon="3.245383"></trkpt>
      <trkpt lat="44.625205" lon="3.246272"></trkpt>
      <trkpt lat="44.623885" lon="3.247748"></trkpt>
      <trkpt lat="44.620349" lon="3.253086"></trkpt>
      <trkpt lat="44.619246" lon="3.254304"></trkpt>
      <trkpt lat="44.618203" lon="3.255104"></trkpt>
      <trkpt lat="44.612891" lon="3.257521"></trkpt>
      <trkpt lat="44.611429" lon="3.257923"></trkpt>
      <trkpt lat="44.609927" lon="3.258071"></trkpt>
      <trkpt lat="44.608359" lon="3.257935"></trkpt>
      <trkpt lat="44.606906" lon="3.257564"></trkpt>
      <trkpt lat="44.602415" lon="3.255537"></trkpt>
      <trkpt lat="44.600434" lon="3.254809"></trkpt>
      <trkpt lat="44.597414" lon="3.253949"></trkpt>
      <trkpt lat="44.593458" lon="3.253175"></trkpt>
      <trkpt lat="44.590835" lon="3.252471"></trkpt>
      <trkpt lat="44.586228" lon="3.2507"></trkpt>
      <trkpt lat="44.584837" lon="3.250279"></trkpt>
      <trkpt lat="44.575951" lon="3.248693"></trkpt>
      <trkpt lat="44.57494" lon="3.248652"></trkpt>
      <trkpt lat="44.573508" lon="3.248825"></trkpt>
      <trkpt lat="44.572043" lon="3.249338"></trkpt>
      <trkpt lat="44.570929" lon="3.249962"></trkpt>
      <trkpt lat="44.568245" lon="3.251837"></trkpt>
      <trkpt lat="44.56637" lon="3.25255"></trkpt>
      <trkpt lat="44.56357" lon="3.253132"></trkpt>
      <trkpt lat="44.553547" lon="3.255676"></trkpt>
      <trkpt lat="44.543039" lon="3.257079"></trkpt>
      <trkpt lat="44.541458" lon="3.25714"></trkpt>
      <trkpt lat="44.540596" lon="3.256888"></trkpt>
      <trkpt lat="44.539449" lon="3.2562"></trkpt>
      <trkpt lat="44.538664" lon="3.25546"></trkpt>
      <trkpt lat="44.537089" lon="3.25343"></trkpt>
      <trkpt lat="44.536065" lon="3.25254"></trkpt>
      <trkpt lat="44.535392" lon="3.252151"></trkpt>
      <trkpt lat="44.532869" lon="3.251104"></trkpt>
      <trkpt lat="44.531928" lon="3.250525"></trkpt>
      <trkpt lat="44.530997" lon="3.249772"></trkpt>
      <trkpt lat="44.529115" lon="3.247513"></trkpt>
      <trkpt lat="44.528405" lon="3.246308"></trkpt>
      <trkpt lat="44.527309" lon="3.243967"></trkpt>
      <trkpt lat="44.526539" lon="3.242721"></trkpt>
      <trkpt lat="44.525543" lon="3.241685"></trkpt>
      <trkpt lat="44.524773" lon="3.241166"></trkpt>
      <trkpt lat="44.52404" lon="3.240856"></trkpt>
      <trkpt lat="44.523085" lon="3.240669"></trkpt>
      <trkpt lat="44.521965" lon="3.240682"></trkpt>
      <trkpt lat="44.514539" lon="3.241076"></trkpt>
      <trkpt lat="44.513306" lon="3.241306"></trkpt>
      <trkpt lat="44.511682" lon="3.241891"></trkpt>
      <trkpt lat="44.509481" lon="3.2431"></trkpt>
      <trkpt lat="44.508043" lon="3.243691"></trkpt>
      <trkpt lat="44.506484" lon="3.24388"></trkpt>
      <trkpt lat="44.505304" lon="3.243721"></trkpt>
      <trkpt lat="44.504664" lon="3.24352"></trkpt>
      <trkpt lat="44.500984" lon="3.241679"></trkpt>
      <trkpt lat="44.499863" lon="3.240681"></trkpt>
      <trkpt lat="44.499064" lon="3.239655"></trkpt>
      <trkpt lat="44.49852" lon="3.238666"></trkpt>
      <trkpt lat="44.498011" lon="3.237337"></trkpt>
      <trkpt lat="44.496027" lon="3.229351"></trkpt>
      <trkpt lat="44.495453" lon="3.227794"></trkpt>
      <trkpt lat="44.494649" lon="3.226093"></trkpt>
      <trkpt lat="44.492912" lon="3.223541"></trkpt>
      <trkpt lat="44.491974" lon="3.222527"></trkpt>
      <trkpt lat="44.489815" lon="3.22063"></trkpt>
      <trkpt lat="44.489063" lon="3.219682"></trkpt>
      <trkpt lat="44.488535" lon="3.218689"></trkpt>
      <trkpt lat="44.488104" lon="3.217441"></trkpt>
      <trkpt lat="44.487861" lon="3.215862"></trkpt>
      <trkpt lat="44.487895" lon="3.21412"></trkpt>
      <trkpt lat="44.488376" lon="3.209976"></trkpt>
      <trkpt lat="44.488349" lon="3.208653"></trkpt>
      <trkpt lat="44.488049" lon="3.206443"></trkpt>
      <trkpt lat="44.487472" lon="3.204386"></trkpt>
      <trkpt lat="44.486794" lon="3.202869"></trkpt>
      <trkpt lat="44.4856" lon="3.200953"></trkpt>
      <trkpt lat="44.484417" lon="3.199609"></trkpt>
      <trkpt lat="44.483587" lon="3.199045"></trkpt>
      <trkpt lat="44.482806" lon="3.198704"></trkpt>
      <trkpt lat="44.480991" lon="3.198231"></trkpt>
      <trkpt lat="44.475125" lon="3.198222"></trkpt>
      <trkpt lat="44.473924" lon="3.198105"></trkpt>
      <trkpt lat="44.472703" lon="3.197825"></trkpt>
      <trkpt lat="44.470793" lon="3.197052"></trkpt>
      <trkpt lat="44.467237" lon="3.194802"></trkpt>
      <trkpt lat="44.462864" lon="3.192436"></trkpt>
      <trkpt lat="44.461549" lon="3.192077"></trkpt>
      <trkpt lat="44.45776" lon="3.191627"></trkpt>
      <trkpt lat="44.454842" lon="3.191038"></trkpt>
      <trkpt lat="44.454006" lon="3.191075"></trkpt>
      <trkpt lat="44.453569" lon="3.191213"></trkpt>
      <trkpt lat="44.450922" lon="3.193039"></trkpt>
      <trkpt lat="44.450399" lon="3.193244"></trkpt>
      <trkpt lat="44.448341" lon="3.193633"></trkpt>
      <trkpt lat="44.44632" lon="3.194414"></trkpt>
      <trkpt lat="44.445297" lon="3.194461"></trkpt>
      <trkpt lat="44.443058" lon="3.193673"></trkpt>
      <trkpt lat="44.442046" lon="3.193684"></trkpt>
      <trkpt lat="44.441188" lon="3.193978"></trkpt>
      <trkpt lat="44.438892" lon="3.195224"></trkpt>
      <trkpt lat="44.438083" lon="3.19549"></trkpt>
      <trkpt lat="44.4367" lon="3.195607"></trkpt>
      <trkpt lat="44.43556" lon="3.195406"></trkpt>
      <trkpt lat="44.434711" lon="3.195066"></trkpt>
      <trkpt lat="44.433664" lon="3.194434"></trkpt>
      <trkpt lat="44.43084" lon="3.1921"></trkpt>
      <trkpt lat="44.430067" lon="3.191317"></trkpt>
      <trkpt lat="44.429345" lon="3.190196"></trkpt>
      <trkpt lat="44.428061" lon="3.187573"></trkpt>
      <trkpt lat="44.427396" lon="3.186884"></trkpt>
      <trkpt lat="44.426827" lon="3.186606"></trkpt>
      <trkpt lat="44.425402" lon="3.186187"></trkpt>
      <trkpt lat="44.424806" lon="3.185641"></trkpt>
      <trkpt lat="44.423847" lon="3.18429"></trkpt>
      <trkpt lat="44.423273" lon="3.183836"></trkpt>
      <trkpt lat="44.422876" lon="3.183692"></trkpt>
      <trkpt lat="44.421869" lon="3.18372"></trkpt>
      <trkpt lat="44.420781" lon="3.184137"></trkpt>
      <trkpt lat="44.420039" lon="3.184281"></trkpt>
      <trkpt lat="44.419363" lon="3.184139"></trkpt>
      <trkpt lat="44.419032" lon="3.183947"></trkpt>
      <trkpt lat="44.416135" lon="3.181224"></trkpt>
      <trkpt lat="44.414612" lon="3.178348"></trkpt>
      <trkpt lat="44.413787" lon="3.177279"></trkpt>
      <trkpt lat="44.412911" lon="3.176815"></trkpt>
      <trkpt lat="44.411584" lon="3.176576"></trkpt>
      <trkpt lat="44.410789" lon="3.176276"></trkpt>
      <trkpt lat="44.410061" lon="3.175626"></trkpt>
      <trkpt lat="44.409322" lon="3.174618"></trkpt>
      <trkpt lat="44.408783" lon="3.174092"></trkpt>
      <trkpt lat="44.408223" lon="3.173829"></trkpt>
      <trkpt lat="44.406821" lon="3.173515"></trkpt>
      <trkpt lat="44.406238" lon="3.173126"></trkpt>
      <trkpt lat="44.404928" lon="3.171126"></trkpt>
      <trkpt lat="44.403854" lon="3.170137"></trkpt>
      <trkpt lat="44.403323" lon="3.169368"></trkpt>
      <trkpt lat="44.402494" lon="3.166948"></trkpt>
      <trkpt lat="44.401239" lon="3.164491"></trkpt>
      <trkpt lat="44.400813" lon="3.163383"></trkpt>
      <trkpt lat="44.400482" lon="3.161342"></trkpt>
      <trkpt lat="44.400222" lon="3.154065"></trkpt>
      <trkpt lat="44.400052" lon="3.152599"></trkpt>
      <trkpt lat="44.399517" lon="3.150908"></trkpt>
      <trkpt lat="44.398159" lon="3.148579"></trkpt>
      <trkpt lat="44.397618" lon="3.147059"></trkpt>
      <trkpt lat="44.396242" lon="3.135873"></trkpt>
      <trkpt lat="44.395375" lon="3.13011"></trkpt>
      <trkpt lat="44.394388" lon="3.127291"></trkpt>
      <trkpt lat="44.393047" lon="3.125044"></trkpt>
      <trkpt lat="44.391757" lon="3.123615"></trkpt>
      <trkpt lat="44.383993" lon="3.11754"></trkpt>
      <trkpt lat="44.382554" lon="3.116854"></trkpt>
      <trkpt lat="44.37612" lon="3.114816"></trkpt>
      <trkpt lat="44.374375" lon="3.114462"></trkpt>
      <trkpt lat="44.373018" lon="3.114506"></trkpt>
      <trkpt lat="44.364569" lon="3.116952"></trkpt>
      <trkpt lat="44.362775" lon="3.117383"></trkpt>
      <trkpt lat="44.361754" lon="3.117339"></trkpt>
      <trkpt lat="44.360945" lon="3.117132"></trkpt>
      <trkpt lat="44.359819" lon="3.116577"></trkpt>
      <trkpt lat="44.359045" lon="3.115956"></trkpt>
      <trkpt lat="44.35817" lon="3.114941"></trkpt>
      <trkpt lat="44.357469" lon="3.113759"></trkpt>
      <trkpt lat="44.35599" lon="3.110582"></trkpt>
      <trkpt lat="44.354849" lon="3.108969"></trkpt>
      <trkpt lat="44.353923" lon="3.108136"></trkpt>
      <trkpt lat="44.350576" lon="3.106283"></trkpt>
      <trkpt lat="44.349716" lon="3.105492"></trkpt>
      <trkpt lat="44.348638" lon="3.103994"></trkpt>
      <trkpt lat="44.347982" lon="3.102521"></trkpt>
      <trkpt lat="44.347475" lon="3.100412"></trkpt>
      <trkpt lat="44.347361" lon="3.098209"></trkpt>
      <trkpt lat="44.347374" lon="3.094068"></trkpt>
      <trkpt lat="44.347066" lon="3.09195"></trkpt>
      <trkpt lat="44.346497" lon="3.089902"></trkpt>
      <trkpt lat="44.345526" lon="3.087736"></trkpt>
      <trkpt lat="44.344464" lon="3.086134"></trkpt>
      <trkpt lat="44.343064" lon="3.084661"></trkpt>
      <trkpt lat="44.341187" lon="3.083444"></trkpt>
      <trkpt lat="44.340494" lon="3.083169"></trkpt>
      <trkpt lat="44.339169" lon="3.082885"></trkpt>
      <trkpt lat="44.337575" lon="3.082897"></trkpt>
      <trkpt lat="44.33662" lon="3.083087"></trkpt>
      <trkpt lat="44.335279" lon="3.083585"></trkpt>
      <trkpt lat="44.326798" lon="3.087624"></trkpt>
      <trkpt lat="44.324328" lon="3.089197"></trkpt>
      <trkpt lat="44.317026" lon="3.094735"></trkpt>
      <trkpt lat="44.315823" lon="3.096135"></trkpt>
      <trkpt lat="44.313673" lon="3.099822"></trkpt>
      <trkpt lat="44.313064" lon="3.100652"></trkpt>
      <trkpt lat="44.311554" lon="3.102151"></trkpt>
      <trkpt lat="44.309881" lon="3.103187"></trkpt>
      <trkpt lat="44.308697" lon="3.103599"></trkpt>
      <trkpt lat="44.307062" lon="3.103798"></trkpt>
      <trkpt lat="44.305872" lon="3.103674"></trkpt>
      <trkpt lat="44.304395" lon="3.103201"></trkpt>
      <trkpt lat="44.303331" lon="3.10266"></trkpt>
      <trkpt lat="44.290176" lon="3.094997"></trkpt>
      <trkpt lat="44.288193" lon="3.09415"></trkpt>
      <trkpt lat="44.286618" lon="3.093633"></trkpt>
      <trkpt lat="44.280488" lon="3.092128"></trkpt>
      <trkpt lat="44.27834" lon="3.091463"></trkpt>
      <trkpt lat="44.273304" lon="3.089194"></trkpt>
      <trkpt lat="44.271483" lon="3.087882"></trkpt>
      <trkpt lat="44.269922" lon="3.086303"></trkpt>
      <trkpt lat="44.268637" lon="3.084525"></trkpt>
      <trkpt lat="44.264664" lon="3.077364"></trkpt>
      <trkpt lat="44.263734" lon="3.075035"></trkpt>
      <trkpt lat="44.261248" lon="3.065795"></trkpt>
      <trkpt lat="44.260502" lon="3.06405"></trkpt>
      <trkpt lat="44.2593" lon="3.062089"></trkpt>
      <trkpt lat="44.258237" lon="3.060847"></trkpt>
      <trkpt lat="44.257223" lon="3.059946"></trkpt>
      <trkpt lat="44.254447" lon="3.058145"></trkpt>
      <trkpt lat="44.251289" lon="3.056619"></trkpt>
      <trkpt lat="44.248885" lon="3.055769"></trkpt>
      <trkpt lat="44.246477" lon="3.054929"></trkpt>
      <trkpt lat="44.24523" lon="3.054716"></trkpt>
      <trkpt lat="44.243748" lon="3.054951"></trkpt>
      <trkpt lat="44.242773" lon="3.055399"></trkpt>
      <trkpt lat="44.241882" lon="3.056051"></trkpt>
      <trkpt lat="44.240301" lon="3.05752"></trkpt>
      <trkpt lat="44.237399" lon="3.059137"></trkpt>
      <trkpt lat="44.235592" lon="3.060523"></trkpt>
      <trkpt lat="44.234361" lon="3.061584"></trkpt>
      <trkpt lat="44.232246" lon="3.06426"></trkpt>
      <trkpt lat="44.231672" lon="3.064772"></trkpt>
      <trkpt lat="44.229282" lon="3.06638"></trkpt>
      <trkpt lat="44.22751" lon="3.068324"></trkpt>
      <trkpt lat="44.226794" lon="3.06893"></trkpt>
      <trkpt lat="44.221351" lon="3.07175"></trkpt>
      <trkpt lat="44.219912" lon="3.072198"></trkpt>
      <trkpt lat="44.219021" lon="3.072317"></trkpt>
      <trkpt lat="44.217952" lon="3.072286"></trkpt>
      <trkpt lat="44.216139" lon="3.071823"></trkpt>
      <trkpt lat="44.210803" lon="3.068865"></trkpt>
      <trkpt lat="44.209611" lon="3.068259"></trkpt>
      <trkpt lat="44.208054" lon="3.067686"></trkpt>
      <trkpt lat="44.206499" lon="3.067396"></trkpt>
      <trkpt lat="44.203133" lon="3.067268"></trkpt>
      <trkpt lat="44.201978" lon="3.067125"></trkpt>
      <trkpt lat="44.200134" lon="3.066631"></trkpt>
      <trkpt lat="44.198262" lon="3.06581"></trkpt>
      <trkpt lat="44.19649" lon="3.064676"></trkpt>
      <trkpt lat="44.194345" lon="3.062752"></trkpt>
      <trkpt lat="44.188042" lon="3.055458"></trkpt>
      <trkpt lat="44.186833" lon="3.053802"></trkpt>
      <trkpt lat="44.185562" lon="3.05137"></trkpt>
      <trkpt lat="44.180508" lon="3.03827"></trkpt>
      <trkpt lat="44.179312" lon="3.036188"></trkpt>
      <trkpt lat="44.17758" lon="3.034109"></trkpt>
      <trkpt lat="44.176023" lon="3.032795"></trkpt>
      <trkpt lat="44.174127" lon="3.031754"></trkpt>
      <trkpt lat="44.172257" lon="3.03121"></trkpt>
      <trkpt lat="44.168926" lon="3.030861"></trkpt>
      <trkpt lat="44.16818" lon="3.030642"></trkpt>
      <trkpt lat="44.166853" lon="3.03"></trkpt>
      <trkpt lat="44.165111" lon="3.028693"></trkpt>
      <trkpt lat="44.154357" lon="3.01971"></trkpt>
      <trkpt lat="44.152902" lon="3.01868"></trkpt>
      <trkpt lat="44.150875" lon="3.017673"></trkpt>
      <trkpt lat="44.149624" lon="3.01725"></trkpt>
      <trkpt lat="44.148197" lon="3.01696"></trkpt>
      <trkpt lat="44.145728" lon="3.01689"></trkpt>
      <trkpt lat="44.143209" lon="3.017398"></trkpt>
      <trkpt lat="44.142185" lon="3.017783"></trkpt>
      <trkpt lat="44.140548" lon="3.018617"></trkpt>
      <trkpt lat="44.138671" lon="3.019975"></trkpt>
      <trkpt lat="44.137027" lon="3.021554"></trkpt>
      <trkpt lat="44.134356" lon="3.02479"></trkpt>
      <trkpt lat="44.132488" lon="3.027747"></trkpt>
      <trkpt lat="44.13157" lon="3.028739"></trkpt>
      <trkpt lat="44.13067" lon="3.029493"></trkpt>
      <trkpt lat="44.129477" lon="3.030215"></trkpt>
      <trkpt lat="44.12804" lon="3.030731"></trkpt>
      <trkpt lat="44.127056" lon="3.030892"></trkpt>
      <trkpt lat="44.125244" lon="3.030787"></trkpt>
      <trkpt lat="44.1212" lon="3.029559"></trkpt>
      <trkpt lat="44.119245" lon="3.029204"></trkpt>
      <trkpt lat="44.117261" lon="3.029147"></trkpt>
      <trkpt lat="44.111943" lon="3.029702"></trkpt>
      <trkpt lat="44.110296" lon="3.029551"></trkpt>
      <trkpt lat="44.10883" lon="3.029163"></trkpt>
      <trkpt lat="44.107148" lon="3.02842"></trkpt>
      <trkpt lat="44.105146" lon="3.027072"></trkpt>
      <trkpt lat="44.104193" lon="3.026216"></trkpt>
      <trkpt lat="44.101703" lon="3.023443"></trkpt>
      <trkpt lat="44.10048" lon="3.022399"></trkpt>
      <trkpt lat="44.099002" lon="3.021529"></trkpt>
      <trkpt lat="44.097317" lon="3.020986"></trkpt>
      <trkpt lat="44.095865" lon="3.020841"></trkpt>
      <trkpt lat="44.091017" lon="3.021066"></trkpt>
      <trkpt lat="44.083051" lon="3.021883"></trkpt>
      <trkpt lat="44.076903" lon="3.022822"></trkpt>
      <trkpt lat="44.073842" lon="3.023416"></trkpt>
      <trkpt lat="44.066119" lon="3.025257"></trkpt>
      <trkpt lat="44.064172" lon="3.026025"></trkpt>
      <trkpt lat="44.062231" lon="3.027332"></trkpt>
      <trkpt lat="44.060491" lon="3.029118"></trkpt>
      <trkpt lat="44.058932" lon="3.031476"></trkpt>
      <trkpt lat="44.058037" lon="3.033391"></trkpt>
      <trkpt lat="44.05601" lon="3.03927"></trkpt>
      <trkpt lat="44.054793" lon="3.042159"></trkpt>
      <trkpt lat="44.05312" lon="3.045352"></trkpt>
      <trkpt lat="44.05195" lon="3.047222"></trkpt>
      <trkpt lat="44.050464" lon="3.049282"></trkpt>
      <trkpt lat="44.049049" lon="3.050977"></trkpt>
      <trkpt lat="44.047085" lon="3.052975"></trkpt>
      <trkpt lat="44.036682" lon="3.061554"></trkpt>
      <trkpt lat="44.030862" lon="3.067627"></trkpt>
      <trkpt lat="44.029699" lon="3.069081"></trkpt>
      <trkpt lat="44.028344" lon="3.071403"></trkpt>
      <trkpt lat="44.02737" lon="3.073874"></trkpt>
      <trkpt lat="44.026734" lon="3.076423"></trkpt>
      <trkpt lat="44.026422" lon="3.078956"></trkpt>
      <trkpt lat="44.026395" lon="3.081342"></trkpt>
      <trkpt lat="44.026584" lon="3.083492"></trkpt>
      <trkpt lat="44.027759" lon="3.089908"></trkpt>
      <trkpt lat="44.02819" lon="3.093108"></trkpt>
      <trkpt lat="44.028429" lon="3.096657"></trkpt>
      <trkpt lat="44.028446" lon="3.099595"></trkpt>
      <trkpt lat="44.028189" lon="3.103619"></trkpt>
      <trkpt lat="44.027735" lon="3.106937"></trkpt>
      <trkpt lat="44.026965" lon="3.110592"></trkpt>
      <trkpt lat="44.025867" lon="3.114329"></trkpt>
      <trkpt lat="44.024958" lon="3.116764"></trkpt>
      <trkpt lat="44.023927" lon="3.119075"></trkpt>
      <trkpt lat="44.017373" lon="3.1325"></trkpt>
      <trkpt lat="44.016236" lon="3.134582"></trkpt>
      <trkpt lat="44.014155" lon="3.137651"></trkpt>
      <trkpt lat="44.003605" lon="3.151087"></trkpt>
      <trkpt lat="44.002" lon="3.153617"></trkpt>
      <trkpt lat="44.001109" lon="3.155429"></trkpt>
      <trkpt lat="44.000182" lon="3.157858"></trkpt>
      <trkpt lat="43.998531" lon="3.16432"></trkpt>
      <trkpt lat="43.99785" lon="3.166362"></trkpt>
      <trkpt lat="43.996734" lon="3.168923"></trkpt>
      <trkpt lat="43.995803" lon="3.17057"></trkpt>
      <trkpt lat="43.994444" lon="3.172522"></trkpt>
      <trkpt lat="43.993305" lon="3.173846"></trkpt>
      <trkpt lat="43.980741" lon="3.186634"></trkpt>
      <trkpt lat="43.978932" lon="3.188953"></trkpt>
      <trkpt lat="43.977995" lon="3.190577"></trkpt>
      <trkpt lat="43.976818" lon="3.193322"></trkpt>
      <trkpt lat="43.976203" lon="3.195367"></trkpt>
      <trkpt lat="43.975153" lon="3.200097"></trkpt>
      <trkpt lat="43.974355" lon="3.202471"></trkpt>
      <trkpt lat="43.973078" lon="3.204918"></trkpt>
      <trkpt lat="43.971356" lon="3.207079"></trkpt>
      <trkpt lat="43.970582" lon="3.207789"></trkpt>
      <trkpt lat="43.969304" lon="3.2087"></trkpt>
      <trkpt lat="43.967459" lon="3.209533"></trkpt>
      <trkpt lat="43.966465" lon="3.209792"></trkpt>
      <trkpt lat="43.96518" lon="3.209923"></trkpt>
      <trkpt lat="43.961884" lon="3.209849"></trkpt>
      <trkpt lat="43.960584" lon="3.209976"></trkpt>
      <trkpt lat="43.958394" lon="3.210599"></trkpt>
      <trkpt lat="43.956261" lon="3.211691"></trkpt>
      <trkpt lat="43.954485" lon="3.213074"></trkpt>
      <trkpt lat="43.92511" lon="3.238793"></trkpt>
      <trkpt lat="43.92388" lon="3.24005"></trkpt>
      <trkpt lat="43.922849" lon="3.241456"></trkpt>
      <trkpt lat="43.922189" lon="3.242639"></trkpt>
      <trkpt lat="43.921445" lon="3.244347"></trkpt>
      <trkpt lat="43.920085" lon="3.248248"></trkpt>
      <trkpt lat="43.919459" lon="3.249427"></trkpt>
      <trkpt lat="43.918502" lon="3.250764"></trkpt>
      <trkpt lat="43.917531" lon="3.251778"></trkpt>
      <trkpt lat="43.91642" lon="3.252606"></trkpt>
      <trkpt lat="43.913482" lon="3.253949"></trkpt>
      <trkpt lat="43.912157" lon="3.254825"></trkpt>
      <trkpt lat="43.910893" lon="3.256109"></trkpt>
      <trkpt lat="43.909723" lon="3.257871"></trkpt>
      <trkpt lat="43.909154" lon="3.259107"></trkpt>
      <trkpt lat="43.908624" lon="3.260748"></trkpt>
      <trkpt lat="43.907381" lon="3.267075"></trkpt>
      <trkpt lat="43.906704" lon="3.269578"></trkpt>
      <trkpt lat="43.905354" lon="3.272852"></trkpt>
      <trkpt lat="43.903862" lon="3.275337"></trkpt>
      <trkpt lat="43.902155" lon="3.277385"></trkpt>
      <trkpt lat="43.900287" lon="3.278992"></trkpt>
      <trkpt lat="43.899136" lon="3.279747"></trkpt>
      <trkpt lat="43.898041" lon="3.280294"></trkpt>
      <trkpt lat="43.892971" lon="3.282445"></trkpt>
      <trkpt lat="43.891583" lon="3.283528"></trkpt>
      <trkpt lat="43.890407" lon="3.285006"></trkpt>
      <trkpt lat="43.889669" lon="3.286373"></trkpt>
      <trkpt lat="43.889213" lon="3.287557"></trkpt>
      <trkpt lat="43.888294" lon="3.291532"></trkpt>
      <trkpt lat="43.887957" lon="3.292555"></trkpt>
      <trkpt lat="43.887186" lon="3.294025"></trkpt>
      <trkpt lat="43.885737" lon="3.29602"></trkpt>
      <trkpt lat="43.885045" lon="3.297568"></trkpt>
      <trkpt lat="43.884626" lon="3.299392"></trkpt>
      <trkpt lat="43.884278" lon="3.303722"></trkpt>
      <trkpt lat="43.883563" lon="3.306299"></trkpt>
      <trkpt lat="43.883095" lon="3.307363"></trkpt>
      <trkpt lat="43.882404" lon="3.308542"></trkpt>
      <trkpt lat="43.881818" lon="3.309342"></trkpt>
      <trkpt lat="43.880865" lon="3.310349"></trkpt>
      <trkpt lat="43.87984" lon="3.311137"></trkpt>
      <trkpt lat="43.878992" lon="3.311625"></trkpt>
      <trkpt lat="43.876864" lon="3.312412"></trkpt>
      <trkpt lat="43.874597" lon="3.312735"></trkpt>
      <trkpt lat="43.872506" lon="3.312594"></trkpt>
      <trkpt lat="43.870654" lon="3.312098"></trkpt>
      <trkpt lat="43.867661" lon="3.310834"></trkpt>
      <trkpt lat="43.866247" lon="3.310448"></trkpt>
      <trkpt lat="43.859714" lon="3.310061"></trkpt>
      <trkpt lat="43.858359" lon="3.309795"></trkpt>
      <trkpt lat="43.857345" lon="3.309403"></trkpt>
      <trkpt lat="43.856423" lon="3.308892"></trkpt>
      <trkpt lat="43.853369" lon="3.306696"></trkpt>
      <trkpt lat="43.852077" lon="3.305938"></trkpt>
      <trkpt lat="43.851143" lon="3.305635"></trkpt>
      <trkpt lat="43.850197" lon="3.305577"></trkpt>
      <trkpt lat="43.849372" lon="3.305731"></trkpt>
      <trkpt lat="43.848726" lon="3.306003"></trkpt>
      <trkpt lat="43.84748" lon="3.306989"></trkpt>
      <trkpt lat="43.846638" lon="3.308149"></trkpt>
      <trkpt lat="43.845549" lon="3.310513"></trkpt>
      <trkpt lat="43.844913" lon="3.311313"></trkpt>
      <trkpt lat="43.842609" lon="3.312774"></trkpt>
      <trkpt lat="43.841818" lon="3.312975"></trkpt>
      <trkpt lat="43.84135" lon="3.3129"></trkpt>
      <trkpt lat="43.840809" lon="3.312614"></trkpt>
      <trkpt lat="43.839839" lon="3.311467"></trkpt>
      <trkpt lat="43.838997" lon="3.310896"></trkpt>
      <trkpt lat="43.838273" lon="3.309663"></trkpt>
      <trkpt lat="43.837219" lon="3.309023"></trkpt>
      <trkpt lat="43.836387" lon="3.308099"></trkpt>
      <trkpt lat="43.835858" lon="3.307782"></trkpt>
      <trkpt lat="43.835178" lon="3.307756"></trkpt>
      <trkpt lat="43.834408" lon="3.308086"></trkpt>
      <trkpt lat="43.833674" lon="3.308691"></trkpt>
      <trkpt lat="43.831137" lon="3.312436"></trkpt>
      <trkpt lat="43.828653" lon="3.314925"></trkpt>
      <trkpt lat="43.826966" lon="3.316029"></trkpt>
      <trkpt lat="43.825217" lon="3.316893"></trkpt>
      <trkpt lat="43.824712" lon="3.317296"></trkpt>
      <trkpt lat="43.824273" lon="3.31807"></trkpt>
      <trkpt lat="43.823809" lon="3.319843"></trkpt>
      <trkpt lat="43.82356" lon="3.320274"></trkpt>
      <trkpt lat="43.823148" lon="3.320614"></trkpt>
      <trkpt lat="43.822694" lon="3.320695"></trkpt>
      <trkpt lat="43.822133" lon="3.320488"></trkpt>
      <trkpt lat="43.820217" lon="3.318701"></trkpt>
      <trkpt lat="43.819823" lon="3.318641"></trkpt>
      <trkpt lat="43.818529" lon="3.319045"></trkpt>
      <trkpt lat="43.817845" lon="3.319101"></trkpt>
      <trkpt lat="43.816232" lon="3.318431"></trkpt>
      <trkpt lat="43.815652" lon="3.318629"></trkpt>
      <trkpt lat="43.814548" lon="3.319919"></trkpt>
      <trkpt lat="43.814116" lon="3.320016"></trkpt>
      <trkpt lat="43.812994" lon="3.319822"></trkpt>
      <trkpt lat="43.812328" lon="3.32014"></trkpt>
      <trkpt lat="43.8118" lon="3.320692"></trkpt>
      <trkpt lat="43.811349" lon="3.321614"></trkpt>
      <trkpt lat="43.811153" lon="3.322677"></trkpt>
      <trkpt lat="43.811331" lon="3.324723"></trkpt>
      <trkpt lat="43.811295" lon="3.325507"></trkpt>
      <trkpt lat="43.81098" lon="3.326333"></trkpt>
      <trkpt lat="43.810406" lon="3.326825"></trkpt>
      <trkpt lat="43.809741" lon="3.326853"></trkpt>
      <trkpt lat="43.809324" lon="3.326607"></trkpt>
      <trkpt lat="43.808473" lon="3.325831"></trkpt>
      <trkpt lat="43.807798" lon="3.325645"></trkpt>
      <trkpt lat="43.807046" lon="3.325893"></trkpt>
      <trkpt lat="43.805982" lon="3.326837"></trkpt>
      <trkpt lat="43.805532" lon="3.326906"></trkpt>
      <trkpt lat="43.805172" lon="3.326765"></trkpt>
      <trkpt lat="43.803559" lon="3.325484"></trkpt>
      <trkpt lat="43.802968" lon="3.325264"></trkpt>
      <trkpt lat="43.802254" lon="3.325181"></trkpt>
      <trkpt lat="43.800443" lon="3.32548"></trkpt>
      <trkpt lat="43.79901" lon="3.3253"></trkpt>
      <trkpt lat="43.798449" lon="3.325351"></trkpt>
      <trkpt lat="43.795265" lon="3.326593"></trkpt>
      <trkpt lat="43.794534" lon="3.326591"></trkpt>
      <trkpt lat="43.793164" lon="3.326103"></trkpt>
      <trkpt lat="43.792343" lon="3.325955"></trkpt>
      <trkpt lat="43.788663" lon="3.326531"></trkpt>
      <trkpt lat="43.784736" lon="3.327539"></trkpt>
      <trkpt lat="43.782734" lon="3.328712"></trkpt>
      <trkpt lat="43.781025" lon="3.329297"></trkpt>
      <trkpt lat="43.779053" lon="3.33036"></trkpt>
      <trkpt lat="43.778397" lon="3.33048"></trkpt>
      <trkpt lat="43.776657" lon="3.330503"></trkpt>
      <trkpt lat="43.775772" lon="3.330773"></trkpt>
      <trkpt lat="43.774803" lon="3.331412"></trkpt>
      <trkpt lat="43.771941" lon="3.334585"></trkpt>
      <trkpt lat="43.771296" lon="3.335154"></trkpt>
      <trkpt lat="43.770183" lon="3.335739"></trkpt>
      <trkpt lat="43.768358" lon="3.336112"></trkpt>
      <trkpt lat="43.767095" lon="3.336042"></trkpt>
      <trkpt lat="43.766126" lon="3.335552"></trkpt>
      <trkpt lat="43.76549" lon="3.334972"></trkpt>
      <trkpt lat="43.763726" lon="3.33276"></trkpt>
      <trkpt lat="43.76211" lon="3.331594"></trkpt>
      <trkpt lat="43.760277" lon="3.3299"></trkpt>
      <trkpt lat="43.75924" lon="3.329461"></trkpt>
      <trkpt lat="43.753195" lon="3.329082"></trkpt>
      <trkpt lat="43.747362" lon="3.33082"></trkpt>
      <trkpt lat="43.746748" lon="3.330913"></trkpt>
      <trkpt lat="43.744629" lon="3.330539"></trkpt>
      <trkpt lat="43.743243" lon="3.330601"></trkpt>
      <trkpt lat="43.740639" lon="3.3305"></trkpt>
      <trkpt lat="43.740071" lon="3.330414"></trkpt>
      <trkpt lat="43.739263" lon="3.330071"></trkpt>
      <trkpt lat="43.737756" lon="3.328773"></trkpt>
      <trkpt lat="43.736752" lon="3.328201"></trkpt>
      <trkpt lat="43.734523" lon="3.327793"></trkpt>
      <trkpt lat="43.732958" lon="3.326952"></trkpt>
      <trkpt lat="43.732167" lon="3.326669"></trkpt>
      <trkpt lat="43.731312" lon="3.32662"></trkpt>
      <trkpt lat="43.7296" lon="3.326895"></trkpt>
      <trkpt lat="43.728501" lon="3.32681"></trkpt>
      <trkpt lat="43.726367" lon="3.325833"></trkpt>
      <trkpt lat="43.724913" lon="3.32476"></trkpt>
      <trkpt lat="43.724051" lon="3.324477"></trkpt>
      <trkpt lat="43.712681" lon="3.324341"></trkpt>
      <trkpt lat="43.711768" lon="3.324506"></trkpt>
      <trkpt lat="43.71088" lon="3.324872"></trkpt>
      <trkpt lat="43.70152" lon="3.330313"></trkpt>
      <trkpt lat="43.700409" lon="3.331136"></trkpt>
      <trkpt lat="43.699697" lon="3.331922"></trkpt>
      <trkpt lat="43.698839" lon="3.333323"></trkpt>
      <trkpt lat="43.698406" lon="3.334409"></trkpt>
      <trkpt lat="43.698098" lon="3.335537"></trkpt>
      <trkpt lat="43.697493" lon="3.338921"></trkpt>
      <trkpt lat="43.696864" lon="3.340447"></trkpt>
      <trkpt lat="43.695835" lon="3.341851"></trkpt>
      <trkpt lat="43.693737" lon="3.343369"></trkpt>
      <trkpt lat="43.693188" lon="3.344031"></trkpt>
      <trkpt lat="43.692625" lon="3.345199"></trkpt>
      <trkpt lat="43.691862" lon="3.34786"></trkpt>
      <trkpt lat="43.691442" lon="3.348909"></trkpt>
      <trkpt lat="43.687746" lon="3.354706"></trkpt>
      <trkpt lat="43.68624" lon="3.356499"></trkpt>
      <trkpt lat="43.685545" lon="3.357693"></trkpt>
      <trkpt lat="43.685244" lon="3.358595"></trkpt>
      <trkpt lat="43.685033" lon="3.359878"></trkpt>
      <trkpt lat="43.68512" lon="3.364504"></trkpt>
      <trkpt lat="43.685023" lon="3.366064"></trkpt>
      <trkpt lat="43.684804" lon="3.367314"></trkpt>
      <trkpt lat="43.683919" lon="3.370661"></trkpt>
      <trkpt lat="43.680579" lon="3.380117"></trkpt>
      <trkpt lat="43.680057" lon="3.382427"></trkpt>
      <trkpt lat="43.679871" lon="3.38486"></trkpt>
      <trkpt lat="43.679877" lon="3.389217"></trkpt>
      <trkpt lat="43.680063" lon="3.391986"></trkpt>
      <trkpt lat="43.680026" lon="3.393259"></trkpt>
      <trkpt lat="43.67652" lon="3.41715"></trkpt>
      <trkpt lat="43.675973" lon="3.419777"></trkpt>
      <trkpt lat="43.67531" lon="3.421611"></trkpt>
      <trkpt lat="43.674294" lon="3.423486"></trkpt>
      <trkpt lat="43.673188" lon="3.424886"></trkpt>
      <trkpt lat="43.668927" lon="3.428916"></trkpt>
      <trkpt lat="43.667815" lon="3.430187"></trkpt>
      <trkpt lat="43.662938" lon="3.437573"></trkpt>
      <trkpt lat="43.661448" lon="3.440285"></trkpt>
      <trkpt lat="43.660444" lon="3.441761"></trkpt>
      <trkpt lat="43.656622" lon="3.446089"></trkpt>
      <trkpt lat="43.655629" lon="3.446981"></trkpt>
      <trkpt lat="43.654221" lon="3.447727"></trkpt>
      <trkpt lat="43.64966" lon="3.449438"></trkpt>
      <trkpt lat="43.648064" lon="3.449686"></trkpt>
      <trkpt lat="43.647128" lon="3.449559"></trkpt>
      <trkpt lat="43.646451" lon="3.449341"></trkpt>
      <trkpt lat="43.645644" lon="3.448939"></trkpt>
      <trkpt lat="43.642877" lon="3.446887"></trkpt>
      <trkpt lat="43.641913" lon="3.446472"></trkpt>
      <trkpt lat="43.640715" lon="3.446223"></trkpt>
      <trkpt lat="43.63898" lon="3.446343"></trkpt>
      <trkpt lat="43.63239" lon="3.447936"></trkpt>
      <trkpt lat="43.629616" lon="3.448945"></trkpt>
      <trkpt lat="43.626632" lon="3.450668"></trkpt>
      <trkpt lat="43.624386" lon="3.452461"></trkpt>
      <trkpt lat="43.619638" lon="3.457221"></trkpt>
      <trkpt lat="43.617457" lon="3.458834"></trkpt>
      <trkpt lat="43.615045" lon="3.460093"></trkpt>
      <trkpt lat="43.6123" lon="3.460926"></trkpt>
      <trkpt lat="43.610139" lon="3.461157"></trkpt>
      <trkpt lat="43.608182" lon="3.461138"></trkpt>
      <trkpt lat="43.605086" lon="3.460674"></trkpt>
      <trkpt lat="43.603675" lon="3.460682"></trkpt>
      <trkpt lat="43.602651" lon="3.460836"></trkpt>
      <trkpt lat="43.60066" lon="3.461517"></trkpt>
      <trkpt lat="43.59699" lon="3.463807"></trkpt>
      <trkpt lat="43.595432" lon="3.464559"></trkpt>
      <trkpt lat="43.59407" lon="3.465035"></trkpt>
      <trkpt lat="43.591582" lon="3.465444"></trkpt>
      <trkpt lat="43.586444" lon="3.465221"></trkpt>
      <trkpt lat="43.582539" lon="3.465752"></trkpt>
      <trkpt lat="43.579193" lon="3.465825"></trkpt>
      <trkpt lat="43.57821" lon="3.465752"></trkpt>
      <trkpt lat="43.575755" lon="3.465267"></trkpt>
      <trkpt lat="43.572851" lon="3.464345"></trkpt>
      <trkpt lat="43.571637" lon="3.464164"></trkpt>
      <trkpt lat="43.570441" lon="3.464171"></trkpt>
      <trkpt lat="43.568765" lon="3.464568"></trkpt>
      <trkpt lat="43.565642" lon="3.465994"></trkpt>
      <trkpt lat="43.564561" lon="3.466316"></trkpt>
      <trkpt lat="43.562789" lon="3.466442"></trkpt>
      <trkpt lat="43.561368" lon="3.466178"></trkpt>
      <trkpt lat="43.560217" lon="3.465734"></trkpt>
      <trkpt lat="43.558446" lon="3.464591"></trkpt>
      <trkpt lat="43.557008" lon="3.463089"></trkpt>
      <trkpt lat="43.55596" lon="3.461447"></trkpt>
      <trkpt lat="43.553773" lon="3.45695"></trkpt>
      <trkpt lat="43.552281" lon="3.454336"></trkpt>
      <trkpt lat="43.550559" lon="3.45189"></trkpt>
      <trkpt lat="43.548276" lon="3.449344"></trkpt>
      <trkpt lat="43.546692" lon="3.447935"></trkpt>
      <trkpt lat="43.544387" lon="3.446309"></trkpt>
      <trkpt lat="43.542414" lon="3.445264"></trkpt>
      <trkpt lat="43.540743" lon="3.444601"></trkpt>
      <trkpt lat="43.538508" lon="3.444005"></trkpt>
      <trkpt lat="43.536514" lon="3.443712"></trkpt>
      <trkpt lat="43.509805" lon="3.443208"></trkpt>
      <trkpt lat="43.507146" lon="3.443467"></trkpt>
      <trkpt lat="43.505844" lon="3.443749"></trkpt>
      <trkpt lat="43.496565" lon="3.446106"></trkpt>
      <trkpt lat="43.494995" lon="3.446282"></trkpt>
      <trkpt lat="43.493768" lon="3.446175"></trkpt>
      <trkpt lat="43.492207" lon="3.445672"></trkpt>
      <trkpt lat="43.491011" lon="3.444997"></trkpt>
      <trkpt lat="43.490393" lon="3.444522"></trkpt>
      <trkpt lat="43.485247" lon="3.439404"></trkpt>
      <trkpt lat="43.484247" lon="3.438606"></trkpt>
      <trkpt lat="43.483172" lon="3.437995"></trkpt>
      <trkpt lat="43.481376" lon="3.437483"></trkpt>
      <trkpt lat="43.477915" lon="3.437455"></trkpt>
      <trkpt lat="43.476118" lon="3.437074"></trkpt>
      <trkpt lat="43.466087" lon="3.432646"></trkpt>
      <trkpt lat="43.464387" lon="3.432127"></trkpt>
      <trkpt lat="43.461902" lon="3.431884"></trkpt>
      <trkpt lat="43.457892" lon="3.431869"></trkpt>
      <trkpt lat="43.455839" lon="3.431415"></trkpt>
      <trkpt lat="43.454352" lon="3.430747"></trkpt>
      <trkpt lat="43.45011" lon="3.428116"></trkpt>
      <trkpt lat="43.448625" lon="3.42707"></trkpt>
      <trkpt lat="43.447457" lon="3.425982"></trkpt>
      <trkpt lat="43.446507" lon="3.424779"></trkpt>
      <trkpt lat="43.445468" lon="3.422843"></trkpt>
      <trkpt lat="43.444956" lon="3.421412"></trkpt>
      <trkpt lat="43.444564" lon="3.419633"></trkpt>
      <trkpt lat="43.444381" lon="3.417449"></trkpt>
      <trkpt lat="43.444462" lon="3.415673"></trkpt>
      <trkpt lat="43.444699" lon="3.414171"></trkpt>
      <trkpt lat="43.445683" lon="3.409862"></trkpt>
      <trkpt lat="43.445773" lon="3.407636"></trkpt>
      <trkpt lat="43.445636" lon="3.40636"></trkpt>
      <trkpt lat="43.445247" lon="3.404746"></trkpt>
      <trkpt lat="43.4439" lon="3.4003"></trkpt>
      <trkpt lat="43.443385" lon="3.399117"></trkpt>
      <trkpt lat="43.442738" lon="3.397938"></trkpt>
      <trkpt lat="43.441457" lon="3.396228"></trkpt>
      <trkpt lat="43.440015" lon="3.3949"></trkpt>
      <trkpt lat="43.438809" lon="3.394126"></trkpt>
      <trkpt lat="43.42349" lon="3.388388"></trkpt>
      <trkpt lat="43.4212" lon="3.387192"></trkpt>
      <trkpt lat="43.419271" lon="3.38578"></trkpt>
      <trkpt lat="43.417964" lon="3.384568"></trkpt>
      <trkpt lat="43.416637" lon="3.383079"></trkpt>
      <trkpt lat="43.415108" lon="3.380919"></trkpt>
      <trkpt lat="43.413516" lon="3.378"></trkpt>
      <trkpt lat="43.412499" lon="3.375483"></trkpt>
      <trkpt lat="43.411808" lon="3.373246"></trkpt>
      <trkpt lat="43.41105" lon="3.36953"></trkpt>
      <trkpt lat="43.410238" lon="3.36251"></trkpt>
      <trkpt lat="43.409761" lon="3.360284"></trkpt>
      <trkpt lat="43.408833" lon="3.357231"></trkpt>
      <trkpt lat="43.408" lon="3.355191"></trkpt>
      <trkpt lat="43.396036" lon="3.329273"></trkpt>
      <trkpt lat="43.394475" lon="3.326184"></trkpt>
      <trkpt lat="43.392688" lon="3.323074"></trkpt>
      <trkpt lat="43.385959" lon="3.313233"></trkpt>
      <trkpt lat="43.383317" lon="3.308991"></trkpt>
      <trkpt lat="43.381603" lon="3.306014"></trkpt>
      <trkpt lat="43.379667" lon="3.302403"></trkpt>
      <trkpt lat="43.369054" lon="3.28161"></trkpt>
      <trkpt lat="43.368408" lon="3.280437"></trkpt>
      <trkpt lat="43.367175" lon="3.278631"></trkpt>
      <trkpt lat="43.365849" lon="3.277131"></trkpt>
      <trkpt lat="43.364006" lon="3.275602"></trkpt>
      <trkpt lat="43.362293" lon="3.274608"></trkpt>
      <trkpt lat="43.360393" lon="3.273923"></trkpt>
      <trkpt lat="43.358301" lon="3.27362"></trkpt>
      <trkpt lat="43.356213" lon="3.273759"></trkpt>
      <trkpt lat="43.354564" lon="3.274186"></trkpt>
      <trkpt lat="43.352467" lon="3.275172"></trkpt>
      <trkpt lat="43.351283" lon="3.275973"></trkpt>
      <trkpt lat="43.349859" lon="3.277233"></trkpt>
      <trkpt lat="43.349172" lon="3.277961"></trkpt>
      <trkpt lat="43.347873" lon="3.279705"></trkpt>
      <trkpt lat="43.347038" lon="3.281083"></trkpt>
      <trkpt lat="43.343004" lon="3.288697"></trkpt>
      <trkpt lat="43.34137" lon="3.292596"></trkpt>
      <trkpt lat="43.340701" lon="3.293914"></trkpt>
      <trkpt lat="43.340415" lon="3.294396"></trkpt>
      <trkpt lat="43.340015" lon="3.29472"></trkpt>
      <trkpt lat="43.339527" lon="3.294779"></trkpt>
      <trkpt lat="43.339106" lon="3.294561"></trkpt>
      <trkpt lat="43.338776" lon="3.294102"></trkpt>
      <trkpt lat="43.336362" lon="3.288434"></trkpt>
      <trkpt lat="43.334499" lon="3.285214"></trkpt>
      <trkpt lat="43.314638" lon="3.257242"></trkpt>
      <trkpt lat="43.31192" lon="3.253032"></trkpt>
      <trkpt lat="43.309694" lon="3.248711"></trkpt>
      <trkpt lat="43.307557" lon="3.243439"></trkpt>
      <trkpt lat="43.306399" lon="3.239672"></trkpt>
      <trkpt lat="43.305607" lon="3.236437"></trkpt>
      <trkpt lat="43.304711" lon="3.231408"></trkpt>
      <trkpt lat="43.303097" lon="3.218979"></trkpt>
      <trkpt lat="43.302376" lon="3.215454"></trkpt>
      <trkpt lat="43.301635" lon="3.212601"></trkpt>
      <trkpt lat="43.30043" lon="3.208898"></trkpt>
      <trkpt lat="43.299118" lon="3.205651"></trkpt>
      <trkpt lat="43.297123" lon="3.201638"></trkpt>
      <trkpt lat="43.29516" lon="3.198449"></trkpt>
      <trkpt lat="43.293649" lon="3.19634"></trkpt>
      <trkpt lat="43.291498" lon="3.193745"></trkpt>
      <trkpt lat="43.289141" lon="3.191401"></trkpt>
      <trkpt lat="43.287096" lon="3.189663"></trkpt>
      <trkpt lat="43.283592" lon="3.187283"></trkpt>
      <trkpt lat="43.275149" lon="3.182728"></trkpt>
      <trkpt lat="43.272799" lon="3.181333"></trkpt>
      <trkpt lat="43.269073" lon="3.178631"></trkpt>
      <trkpt lat="43.266723" lon="3.176506"></trkpt>
      <trkpt lat="43.264002" lon="3.173526"></trkpt>
      <trkpt lat="43.262459" lon="3.171586"></trkpt>
      <trkpt lat="43.257037" lon="3.163936"></trkpt>
      <trkpt lat="43.2553" lon="3.161691"></trkpt>
      <trkpt lat="43.252184" lon="3.158139"></trkpt>
      <trkpt lat="43.241194" lon="3.146359"></trkpt>
      <trkpt lat="43.239125" lon="3.143908"></trkpt>
      <trkpt lat="43.237658" lon="3.141845"></trkpt>
      <trkpt lat="43.236529" lon="3.140008"></trkpt>
      <trkpt lat="43.235122" lon="3.137355"></trkpt>
      <trkpt lat="43.23369" lon="3.133974"></trkpt>
      <trkpt lat="43.232618" lon="3.130745"></trkpt>
      <trkpt lat="43.231983" lon="3.128298"></trkpt>
      <trkpt lat="43.231416" lon="3.125474"></trkpt>
      <trkpt lat="43.2309" lon="3.121741"></trkpt>
      <trkpt lat="43.229879" lon="3.112506"></trkpt>
      <trkpt lat="43.22914" lon="3.108208"></trkpt>
      <trkpt lat="43.228593" lon="3.106199"></trkpt>
      <trkpt lat="43.227702" lon="3.103706"></trkpt>
      <trkpt lat="43.22693" lon="3.101976"></trkpt>
      <trkpt lat="43.225873" lon="3.100054"></trkpt>
      <trkpt lat="43.224805" lon="3.098421"></trkpt>
      <trkpt lat="43.223585" lon="3.096894"></trkpt>
      <trkpt lat="43.222601" lon="3.095822"></trkpt>
      <trkpt lat="43.221269" lon="3.094631"></trkpt>
      <trkpt lat="43.218803" lon="3.092923"></trkpt>
      <trkpt lat="43.212427" lon="3.089847"></trkpt>
      <trkpt lat="43.21023" lon="3.088463"></trkpt>
      <trkpt lat="43.208363" lon="3.086872"></trkpt>
      <trkpt lat="43.204097" lon="3.082474"></trkpt>
      <trkpt lat="43.19878" lon="3.077572"></trkpt>
      <trkpt lat="43.195309" lon="3.073758"></trkpt>
      <trkpt lat="43.193288" lon="3.071151"></trkpt>
      <trkpt lat="43.190065" lon="3.066221"></trkpt>
      <trkpt lat="43.188121" lon="3.062634"></trkpt>
      <trkpt lat="43.186618" lon="3.059441"></trkpt>
      <trkpt lat="43.185069" lon="3.055612"></trkpt>
      <trkpt lat="43.182929" lon="3.049312"></trkpt>
      <trkpt lat="43.181647" lon="3.045907"></trkpt>
      <trkpt lat="43.178022" lon="3.037924"></trkpt>
      <trkpt lat="43.176124" lon="3.033272"></trkpt>
      <trkpt lat="43.174847" lon="3.02937"></trkpt>
      <trkpt lat="43.165913" lon="2.999434"></trkpt>
      <trkpt lat="43.165272" lon="2.997757"></trkpt>
      <trkpt lat="43.164531" lon="2.996243"></trkpt>
      <trkpt lat="43.16289" lon="2.99363"></trkpt>
      <trkpt lat="43.161125" lon="2.991353"></trkpt>
      <trkpt lat="43.159592" lon="2.989718"></trkpt>
      <trkpt lat="43.157622" lon="2.987953"></trkpt>
      <trkpt lat="43.155908" lon="2.986639"></trkpt>
      <trkpt lat="43.153678" lon="2.985132"></trkpt>
      <trkpt lat="43.151041" lon="2.983617"></trkpt>
      <trkpt lat="43.143272" lon="2.979789"></trkpt>
      <trkpt lat="43.142311" lon="2.979187"></trkpt>
      <trkpt lat="43.140336" lon="2.977645"></trkpt>
      <trkpt lat="43.138627" lon="2.976019"></trkpt>
      <trkpt lat="43.136829" lon="2.97394"></trkpt>
      <trkpt lat="43.129218" lon="2.963858"></trkpt>
      <trkpt lat="43.127746" lon="2.962264"></trkpt>
      <trkpt lat="43.12654" lon="2.961236"></trkpt>
      <trkpt lat="43.124818" lon="2.960208"></trkpt>
      <trkpt lat="43.121152" lon="2.958912"></trkpt>
      <trkpt lat="43.119487" lon="2.95811"></trkpt>
      <trkpt lat="43.118457" lon="2.95745"></trkpt>
      <trkpt lat="43.116798" lon="2.956136"></trkpt>
      <trkpt lat="43.113461" lon="2.953211"></trkpt>
      <trkpt lat="43.110693" lon="2.951126"></trkpt>
      <trkpt lat="43.106201" lon="2.948024"></trkpt>
      <trkpt lat="43.100954" lon="2.943097"></trkpt>
      <trkpt lat="43.098936" lon="2.941732"></trkpt>
      <trkpt lat="43.096097" lon="2.940302"></trkpt>
      <trkpt lat="43.093706" lon="2.939524"></trkpt>
      <trkpt lat="43.088863" lon="2.938789"></trkpt>
      <trkpt lat="43.087707" lon="2.938523"></trkpt>
      <trkpt lat="43.086363" lon="2.938079"></trkpt>
      <trkpt lat="43.082061" lon="2.936216"></trkpt>
      <trkpt lat="43.080707" lon="2.935918"></trkpt>
      <trkpt lat="43.079915" lon="2.935863"></trkpt>
      <trkpt lat="43.079085" lon="2.935856"></trkpt>
      <trkpt lat="43.077582" lon="2.93608"></trkpt>
      <trkpt lat="43.072772" lon="2.937514"></trkpt>
      <trkpt lat="43.071043" lon="2.937808"></trkpt>
      <trkpt lat="43.069072" lon="2.937747"></trkpt>
      <trkpt lat="43.065194" lon="2.936784"></trkpt>
      <trkpt lat="43.063216" lon="2.936739"></trkpt>
      <trkpt lat="43.06111" lon="2.937134"></trkpt>
      <trkpt lat="43.053162" lon="2.939137"></trkpt>
      <trkpt lat="43.051064" lon="2.939916"></trkpt>
      <trkpt lat="43.049641" lon="2.940648"></trkpt>
      <trkpt lat="43.047372" lon="2.942256"></trkpt>
      <trkpt lat="43.045259" lon="2.9443"></trkpt>
      <trkpt lat="43.042014" lon="2.94853"></trkpt>
      <trkpt lat="43.04089" lon="2.949784"></trkpt>
      <trkpt lat="43.039058" lon="2.951233"></trkpt>
      <trkpt lat="43.037339" lon="2.952078"></trkpt>
      <trkpt lat="43.036151" lon="2.952427"></trkpt>
      <trkpt lat="43.035079" lon="2.952598"></trkpt>
      <trkpt lat="43.033311" lon="2.952689"></trkpt>
      <trkpt lat="43.020219" lon="2.951883"></trkpt>
      <trkpt lat="43.016407" lon="2.951768"></trkpt>
      <trkpt lat="43.014" lon="2.952101"></trkpt>
      <trkpt lat="43.012202" lon="2.952707"></trkpt>
      <trkpt lat="43.010941" lon="2.953363"></trkpt>
      <trkpt lat="43.009873" lon="2.954076"></trkpt>
      <trkpt lat="43.007903" lon="2.955852"></trkpt>
      <trkpt lat="43.00676" lon="2.957229"></trkpt>
      <trkpt lat="43.002085" lon="2.96355"></trkpt>
      <trkpt lat="43.000954" lon="2.964712"></trkpt>
      <trkpt lat="42.999443" lon="2.965887"></trkpt>
      <trkpt lat="42.997437" lon="2.966979"></trkpt>
      <trkpt lat="42.992223" lon="2.969118"></trkpt>
      <trkpt lat="42.990422" lon="2.969988"></trkpt>
      <trkpt lat="42.98343" lon="2.973978"></trkpt>
      <trkpt lat="42.981637" lon="2.974523"></trkpt>
      <trkpt lat="42.980387" lon="2.974666"></trkpt>
      <trkpt lat="42.979426" lon="2.974639"></trkpt>
      <trkpt lat="42.978448" lon="2.974479"></trkpt>
      <trkpt lat="42.977065" lon="2.974032"></trkpt>
      <trkpt lat="42.975" lon="2.972894"></trkpt>
      <trkpt lat="42.971996" lon="2.970729"></trkpt>
      <trkpt lat="42.970383" lon="2.969755"></trkpt>
      <trkpt lat="42.968607" lon="2.969025"></trkpt>
      <trkpt lat="42.966947" lon="2.968652"></trkpt>
      <trkpt lat="42.965455" lon="2.968569"></trkpt>
      <trkpt lat="42.963366" lon="2.968747"></trkpt>
      <trkpt lat="42.955329" lon="2.970254"></trkpt>
      <trkpt lat="42.952724" lon="2.970575"></trkpt>
      <trkpt lat="42.95045" lon="2.970707"></trkpt>
      <trkpt lat="42.947659" lon="2.970702"></trkpt>
      <trkpt lat="42.943912" lon="2.970423"></trkpt>
      <trkpt lat="42.93306" lon="2.969189"></trkpt>
      <trkpt lat="42.931268" lon="2.969214"></trkpt>
      <trkpt lat="42.930031" lon="2.969454"></trkpt>
      <trkpt lat="42.928546" lon="2.970023"></trkpt>
      <trkpt lat="42.927744" lon="2.970468"></trkpt>
      <trkpt lat="42.926723" lon="2.971178"></trkpt>
      <trkpt lat="42.925459" lon="2.972345"></trkpt>
      <trkpt lat="42.924507" lon="2.973497"></trkpt>
      <trkpt lat="42.923664" lon="2.974758"></trkpt>
      <trkpt lat="42.921628" lon="2.978119"></trkpt>
      <trkpt lat="42.920324" lon="2.980042"></trkpt>
      <trkpt lat="42.918619" lon="2.982367"></trkpt>
      <trkpt lat="42.916954" lon="2.984402"></trkpt>
      <trkpt lat="42.915316" lon="2.986213"></trkpt>
      <trkpt lat="42.913238" lon="2.988183"></trkpt>
      <trkpt lat="42.911594" lon="2.989449"></trkpt>
      <trkpt lat="42.909668" lon="2.990638"></trkpt>
      <trkpt lat="42.908305" lon="2.991313"></trkpt>
      <trkpt lat="42.906162" lon="2.992102"></trkpt>
      <trkpt lat="42.903949" lon="2.992607"></trkpt>
      <trkpt lat="42.902678" lon="2.992753"></trkpt>
      <trkpt lat="42.899588" lon="2.992728"></trkpt>
      <trkpt lat="42.89475" lon="2.991868"></trkpt>
      <trkpt lat="42.893287" lon="2.991746"></trkpt>
      <trkpt lat="42.891135" lon="2.991925"></trkpt>
      <trkpt lat="42.887106" lon="2.992792"></trkpt>
      <trkpt lat="42.886247" lon="2.992823"></trkpt>
      <trkpt lat="42.88499" lon="2.992693"></trkpt>
      <trkpt lat="42.883386" lon="2.992297"></trkpt>
      <trkpt lat="42.881461" lon="2.991645"></trkpt>
      <trkpt lat="42.878656" lon="2.990481"></trkpt>
      <trkpt lat="42.876986" lon="2.989646"></trkpt>
      <trkpt lat="42.874319" lon="2.988096"></trkpt>
      <trkpt lat="42.871591" lon="2.986217"></trkpt>
      <trkpt lat="42.869759" lon="2.984741"></trkpt>
      <trkpt lat="42.868195" lon="2.983079"></trkpt>
      <trkpt lat="42.86718" lon="2.981603"></trkpt>
      <trkpt lat="42.865954" lon="2.979097"></trkpt>
      <trkpt lat="42.863493" lon="2.97309"></trkpt>
      <trkpt lat="42.86021" lon="2.966318"></trkpt>
      <trkpt lat="42.859517" lon="2.96445"></trkpt>
      <trkpt lat="42.858806" lon="2.961069"></trkpt>
      <trkpt lat="42.858586" lon="2.956081"></trkpt>
      <trkpt lat="42.858336" lon="2.954125"></trkpt>
      <trkpt lat="42.858005" lon="2.95261"></trkpt>
      <trkpt lat="42.85735" lon="2.950605"></trkpt>
      <trkpt lat="42.854873" lon="2.944768"></trkpt>
      <trkpt lat="42.853177" lon="2.938343"></trkpt>
      <trkpt lat="42.852394" lon="2.936089"></trkpt>
      <trkpt lat="42.851361" lon="2.934068"></trkpt>
      <trkpt lat="42.84754" lon="2.928336"></trkpt>
      <trkpt lat="42.846564" lon="2.926228"></trkpt>
      <trkpt lat="42.845888" lon="2.92369"></trkpt>
      <trkpt lat="42.845307" lon="2.919665"></trkpt>
      <trkpt lat="42.844984" lon="2.918174"></trkpt>
      <trkpt lat="42.844584" lon="2.9169"></trkpt>
      <trkpt lat="42.843855" lon="2.915249"></trkpt>
      <trkpt lat="42.842845" lon="2.913636"></trkpt>
      <trkpt lat="42.842117" lon="2.912739"></trkpt>
      <trkpt lat="42.840876" lon="2.911621"></trkpt>
      <trkpt lat="42.839197" lon="2.910629"></trkpt>
      <trkpt lat="42.837666" lon="2.9101"></trkpt>
      <trkpt lat="42.835429" lon="2.909788"></trkpt>
      <trkpt lat="42.83354" lon="2.909806"></trkpt>
      <trkpt lat="42.829012" lon="2.910171"></trkpt>
      <trkpt lat="42.827752" lon="2.910108"></trkpt>
      <trkpt lat="42.821183" lon="2.908527"></trkpt>
      <trkpt lat="42.817487" lon="2.907482"></trkpt>
      <trkpt lat="42.814329" lon="2.906241"></trkpt>
      <trkpt lat="42.811392" lon="2.904785"></trkpt>
      <trkpt lat="42.809978" lon="2.90397"></trkpt>
      <trkpt lat="42.799697" lon="2.897239"></trkpt>
      <trkpt lat="42.79777" lon="2.896279"></trkpt>
      <trkpt lat="42.79517" lon="2.895473"></trkpt>
      <trkpt lat="42.792824" lon="2.895205"></trkpt>
      <trkpt lat="42.788016" lon="2.895389"></trkpt>
      <trkpt lat="42.784252" lon="2.895205"></trkpt>
      <trkpt lat="42.781167" lon="2.894742"></trkpt>
      <trkpt lat="42.768419" lon="2.892185"></trkpt>
      <trkpt lat="42.765156" lon="2.891795"></trkpt>
      <trkpt lat="42.761143" lon="2.891691"></trkpt>
      <trkpt lat="42.752655" lon="2.892501"></trkpt>
      <trkpt lat="42.751063" lon="2.892558"></trkpt>
      <trkpt lat="42.749045" lon="2.892347"></trkpt>
      <trkpt lat="42.747638" lon="2.892001"></trkpt>
      <trkpt lat="42.745656" lon="2.891184"></trkpt>
      <trkpt lat="42.743925" lon="2.890158"></trkpt>
      <trkpt lat="42.735992" lon="2.884192"></trkpt>
      <trkpt lat="42.731498" lon="2.880977"></trkpt>
      <trkpt lat="42.721219" lon="2.874425"></trkpt>
      <trkpt lat="42.718845" lon="2.873305"></trkpt>
      <trkpt lat="42.714616" lon="2.871572"></trkpt>
      <trkpt lat="42.713405" lon="2.870951"></trkpt>
      <trkpt lat="42.708029" lon="2.867477"></trkpt>
      <trkpt lat="42.704101" lon="2.865296"></trkpt>
      <trkpt lat="42.701976" lon="2.864353"></trkpt>
      <trkpt lat="42.699595" lon="2.863468"></trkpt>
      <trkpt lat="42.696385" lon="2.862579"></trkpt>
      <trkpt lat="42.693609" lon="2.862068"></trkpt>
      <trkpt lat="42.690479" lon="2.861777"></trkpt>
      <trkpt lat="42.686802" lon="2.86181"></trkpt>
      <trkpt lat="42.67922" lon="2.862293"></trkpt>
      <trkpt lat="42.674915" lon="2.862314"></trkpt>
      <trkpt lat="42.67143" lon="2.862118"></trkpt>
      <trkpt lat="42.663623" lon="2.861337"></trkpt>
      <trkpt lat="42.659904" lon="2.861232"></trkpt>
      <trkpt lat="42.65147" lon="2.861262"></trkpt>
      <trkpt lat="42.637079" lon="2.860763"></trkpt>
      <trkpt lat="42.6341" lon="2.860462"></trkpt>
      <trkpt lat="42.630833" lon="2.859823"></trkpt>
      <trkpt lat="42.62775" lon="2.858916"></trkpt>
      <trkpt lat="42.624901" lon="2.857787"></trkpt>
      <trkpt lat="42.618872" lon="2.855017"></trkpt>
      <trkpt lat="42.615919" lon="2.853956"></trkpt>
      <trkpt lat="42.614275" lon="2.85349"></trkpt>
      <trkpt lat="42.610252" lon="2.852716"></trkpt>
      <trkpt lat="42.607006" lon="2.852424"></trkpt>
      <trkpt lat="42.601782" lon="2.852215"></trkpt>
      <trkpt lat="42.598915" lon="2.851801"></trkpt>
      <trkpt lat="42.596937" lon="2.851364"></trkpt>
      <trkpt lat="42.593083" lon="2.85015"></trkpt>
      <trkpt lat="42.581334" lon="2.845498"></trkpt>
      <trkpt lat="42.577481" lon="2.844463"></trkpt>
      <trkpt lat="42.575865" lon="2.844162"></trkpt>
      <trkpt lat="42.573133" lon="2.84385"></trkpt>
      <trkpt lat="42.57172" lon="2.843775"></trkpt>
      <trkpt lat="42.568325" lon="2.843857"></trkpt>
      <trkpt lat="42.564911" lon="2.844295"></trkpt>
      <trkpt lat="42.563176" lon="2.844723"></trkpt>
      <trkpt lat="42.560844" lon="2.845556"></trkpt>
      <trkpt lat="42.558819" lon="2.846529"></trkpt>
      <trkpt lat="42.555311" lon="2.848437"></trkpt>
      <trkpt lat="42.553666" lon="2.849127"></trkpt>
      <trkpt lat="42.552254" lon="2.849489"></trkpt>
      <trkpt lat="42.55077" lon="2.849651"></trkpt>
      <trkpt lat="42.549168" lon="2.849572"></trkpt>
      <trkpt lat="42.547844" lon="2.849324"></trkpt>
      <trkpt lat="42.545546" lon="2.848411"></trkpt>
      <trkpt lat="42.543699" lon="2.847204"></trkpt>
      <trkpt lat="42.542118" lon="2.845705"></trkpt>
      <trkpt lat="42.540105" lon="2.843186"></trkpt>
      <trkpt lat="42.538669" lon="2.840752"></trkpt>
      <trkpt lat="42.537653" lon="2.838728"></trkpt>
      <trkpt lat="42.533759" lon="2.829513"></trkpt>
      <trkpt lat="42.532386" lon="2.826729"></trkpt>
      <trkpt lat="42.530515" lon="2.823933"></trkpt>
      <trkpt lat="42.528572" lon="2.82168"></trkpt>
      <trkpt lat="42.527885" lon="2.821137"></trkpt>
      <trkpt lat="42.525005" lon="2.819786"></trkpt>
      <trkpt lat="42.522547" lon="2.819162"></trkpt>
      <trkpt lat="42.504993" lon="2.817872"></trkpt>
      <trkpt lat="42.503155" lon="2.818072"></trkpt>
      <trkpt lat="42.501641" lon="2.818541"></trkpt>
      <trkpt lat="42.500959" lon="2.818922"></trkpt>
      <trkpt lat="42.500007" lon="2.819679"></trkpt>
      <trkpt lat="42.498864" lon="2.820847"></trkpt>
      <trkpt lat="42.49771" lon="2.8226"></trkpt>
      <trkpt lat="42.49726" lon="2.823514"></trkpt>
      <trkpt lat="42.495826" lon="2.827778"></trkpt>
      <trkpt lat="42.495127" lon="2.829273"></trkpt>
      <trkpt lat="42.492997" lon="2.832459"></trkpt>
      <trkpt lat="42.489862" lon="2.838117"></trkpt>
      <trkpt lat="42.487689" lon="2.841284"></trkpt>
      <trkpt lat="42.486493" lon="2.842739"></trkpt>
      <trkpt lat="42.485153" lon="2.843835"></trkpt>
      <trkpt lat="42.484062" lon="2.844354"></trkpt>
      <trkpt lat="42.48211" lon="2.84499"></trkpt>
      <trkpt lat="42.480682" lon="2.845882"></trkpt>
      <trkpt lat="42.479594" lon="2.846977"></trkpt>
      <trkpt lat="42.47831" lon="2.848748"></trkpt>
      <trkpt lat="42.477305" lon="2.85041"></trkpt>
      <trkpt lat="42.476811" lon="2.851546"></trkpt>
      <trkpt lat="42.476308" lon="2.853244"></trkpt>
      <trkpt lat="42.475643" lon="2.856158"></trkpt>
      <trkpt lat="42.47476" lon="2.858531"></trkpt>
      <trkpt lat="42.472757" lon="2.861783"></trkpt>
      <trkpt lat="42.471854" lon="2.86281"></trkpt>
      <trkpt lat="42.47109" lon="2.863424"></trkpt>
      <trkpt lat="42.469566" lon="2.864175"></trkpt>
      <trkpt lat="42.462786" lon="2.865801"></trkpt>
      <trkpt lat="42.461405" lon="2.865832"></trkpt>
      <trkpt lat="42.459485" lon="2.86526"></trkpt>
      <trkpt lat="42.45881" lon="2.865168"></trkpt>
      <trkpt lat="42.457998" lon="2.865236"></trkpt>
      <trkpt lat="42.456804" lon="2.865664"></trkpt>
      <trkpt lat="42.454741" lon="2.866984"></trkpt>
      <trkpt lat="42.450425" lon="2.868172"></trkpt>
      <trkpt lat="42.449509" lon="2.868188"></trkpt>
      <trkpt lat="42.447107" lon="2.867856"></trkpt>
      <trkpt lat="42.444828" lon="2.868413"></trkpt>
      <trkpt lat="42.443939" lon="2.868501"></trkpt>
      <trkpt lat="42.442666" lon="2.868219"></trkpt>
      <trkpt lat="42.440705" lon="2.867065"></trkpt>
      <trkpt lat="42.438929" lon="2.866261"></trkpt>
      <trkpt lat="42.436792" lon="2.86457"></trkpt>
      <trkpt lat="42.435747" lon="2.864035"></trkpt>
      <trkpt lat="42.434235" lon="2.863669"></trkpt>
      <trkpt lat="42.433023" lon="2.863563"></trkpt>
      <trkpt lat="42.431399" lon="2.863604"></trkpt>
      <trkpt lat="42.430166" lon="2.863818"></trkpt>
      <trkpt lat="42.428383" lon="2.864464"></trkpt>
      <trkpt lat="42.426987" lon="2.865306"></trkpt>
      <trkpt lat="42.42594" lon="2.866149"></trkpt>
      <trkpt lat="42.42306" lon="2.868821"></trkpt>
      <trkpt lat="42.422004" lon="2.869587"></trkpt>
      <trkpt lat="42.420809" lon="2.870183"></trkpt>
      <trkpt lat="42.418908" lon="2.870776"></trkpt>
      <trkpt lat="42.412379" lon="2.872304"></trkpt>
      <trkpt lat="42.410991" lon="2.872432"></trkpt>
      <trkpt lat="42.408719" lon="2.872323"></trkpt>
      <trkpt lat="42.4075" lon="2.872465"></trkpt>
      <trkpt lat="42.406278" lon="2.872789"></trkpt>
      <trkpt lat="42.404717" lon="2.8735"></trkpt>
      <trkpt lat="42.399923" lon="2.876384"></trkpt>
      <trkpt lat="42.39508" lon="2.878438"></trkpt>
      <trkpt lat="42.393674" lon="2.879334"></trkpt>
      <trkpt lat="42.391754" lon="2.880808"></trkpt>
      <trkpt lat="42.39069" lon="2.881451"></trkpt>
      <trkpt lat="42.386759" lon="2.882941"></trkpt>
      <trkpt lat="42.382863" lon="2.885224"></trkpt>
      <trkpt lat="42.381157" lon="2.885766"></trkpt>
      <trkpt lat="42.378161" lon="2.886128"></trkpt>
      <trkpt lat="42.376587" lon="2.886577"></trkpt>
      <trkpt lat="42.375394" lon="2.887171"></trkpt>
      <trkpt lat="42.373071" lon="2.888815"></trkpt>
      <trkpt lat="42.372164" lon="2.889333"></trkpt>
      <trkpt lat="42.3709" lon="2.889821"></trkpt>
      <trkpt lat="42.368688" lon="2.890366"></trkpt>
      <trkpt lat="42.367405" lon="2.890892"></trkpt>
      <trkpt lat="42.365626" lon="2.892079"></trkpt>
      <trkpt lat="42.364273" lon="2.893449"></trkpt>
      <trkpt lat="42.36306" lon="2.895188"></trkpt>
      <trkpt lat="42.361458" lon="2.897951"></trkpt>
      <trkpt lat="42.359692" lon="2.900115"></trkpt>
      <trkpt lat="42.35806" lon="2.901515"></trkpt>
      <trkpt lat="42.355268" lon="2.903416"></trkpt>
      <trkpt lat="42.353757" lon="2.904892"></trkpt>
      <trkpt lat="42.352391" lon="2.906725"></trkpt>
      <trkpt lat="42.349533" lon="2.911632"></trkpt>
      <trkpt lat="42.34853" lon="2.913084"></trkpt>
      <trkpt lat="42.347313" lon="2.914586"></trkpt>
      <trkpt lat="42.345073" lon="2.916906"></trkpt>
      <trkpt lat="42.340884" lon="2.920369"></trkpt>
      <trkpt lat="42.338838" lon="2.922339"></trkpt>
      <trkpt lat="42.336721" lon="2.924829"></trkpt>
      <trkpt lat="42.332069" lon="2.931085"></trkpt>
      <trkpt lat="42.328835" lon="2.934748"></trkpt>
      <trkpt lat="42.325905" lon="2.937532"></trkpt>
      <trkpt lat="42.32278" lon="2.940011"></trkpt>
      <trkpt lat="42.319226" lon="2.942317"></trkpt>
      <trkpt lat="42.315422" lon="2.944238"></trkpt>
      <trkpt lat="42.313456" lon="2.945012"></trkpt>
      <trkpt lat="42.311293" lon="2.945637"></trkpt>
      <trkpt lat="42.308954" lon="2.945958"></trkpt>
      <trkpt lat="42.307176" lon="2.945934"></trkpt>
      <trkpt lat="42.305587" lon="2.945709"></trkpt>
      <trkpt lat="42.30319" lon="2.944991"></trkpt>
      <trkpt lat="42.301343" lon="2.944099"></trkpt>
      <trkpt lat="42.297006" lon="2.94156"></trkpt>
      <trkpt lat="42.295339" lon="2.940863"></trkpt>
      <trkpt lat="42.293564" lon="2.940396"></trkpt>
      <trkpt lat="42.292175" lon="2.940223"></trkpt>
      <trkpt lat="42.290253" lon="2.940263"></trkpt>
      <trkpt lat="42.288668" lon="2.940516"></trkpt>
      <trkpt lat="42.28463" lon="2.941456"></trkpt>
      <trkpt lat="42.28233" lon="2.941649"></trkpt>
      <trkpt lat="42.2808" lon="2.941491"></trkpt>
      <trkpt lat="42.279709" lon="2.941238"></trkpt>
      <trkpt lat="42.274657" lon="2.939465"></trkpt>
      <trkpt lat="42.272929" lon="2.939141"></trkpt>
      <trkpt lat="42.271644" lon="2.939082"></trkpt>
      <trkpt lat="42.269722" lon="2.939302"></trkpt>
      <trkpt lat="42.267908" lon="2.939863"></trkpt>
      <trkpt lat="42.266769" lon="2.940386"></trkpt>
      <trkpt lat="42.262519" lon="2.942725"></trkpt>
      <trkpt lat="42.260353" lon="2.943599"></trkpt>
      <trkpt lat="42.257975" lon="2.944117"></trkpt>
      <trkpt lat="42.256439" lon="2.944222"></trkpt>
      <trkpt lat="42.255221" lon="2.944172"></trkpt>
      <trkpt lat="42.253099" lon="2.943828"></trkpt>
      <trkpt lat="42.250777" lon="2.943041"></trkpt>
      <trkpt lat="42.248572" lon="2.941868"></trkpt>
      <trkpt lat="42.244089" lon="2.939071"></trkpt>
      <trkpt lat="42.241151" lon="2.937651"></trkpt>
      <trkpt lat="42.238837" lon="2.93696"></trkpt>
      <trkpt lat="42.235723" lon="2.936546"></trkpt>
      <trkpt lat="42.233528" lon="2.936616"></trkpt>
      <trkpt lat="42.230818" lon="2.937064"></trkpt>
      <trkpt lat="42.228499" lon="2.937665"></trkpt>
      <trkpt lat="42.222798" lon="2.939423"></trkpt>
      <trkpt lat="42.219588" lon="2.940127"></trkpt>
      <trkpt lat="42.216483" lon="2.940366"></trkpt>
      <trkpt lat="42.213597" lon="2.94017"></trkpt>
      <trkpt lat="42.210562" lon="2.939482"></trkpt>
      <trkpt lat="42.208844" lon="2.938909"></trkpt>
      <trkpt lat="42.205865" lon="2.937551"></trkpt>
      <trkpt lat="42.199525" lon="2.934266"></trkpt>
      <trkpt lat="42.196998" lon="2.93322"></trkpt>
      <trkpt lat="42.194795" lon="2.932602"></trkpt>
      <trkpt lat="42.19258" lon="2.932275"></trkpt>
      <trkpt lat="42.189887" lon="2.932311"></trkpt>
      <trkpt lat="42.1835" lon="2.933287"></trkpt>
      <trkpt lat="42.181259" lon="2.933404"></trkpt>
      <trkpt lat="42.180026" lon="2.933307"></trkpt>
      <trkpt lat="42.178446" lon="2.93302"></trkpt>
      <trkpt lat="42.176129" lon="2.93223"></trkpt>
      <trkpt lat="42.174306" lon="2.931281"></trkpt>
      <trkpt lat="42.173005" lon="2.930416"></trkpt>
      <trkpt lat="42.170732" lon="2.928391"></trkpt>
      <trkpt lat="42.168653" lon="2.926065"></trkpt>
      <trkpt lat="42.165094" lon="2.921722"></trkpt>
      <trkpt lat="42.162723" lon="2.919314"></trkpt>
      <trkpt lat="42.160697" lon="2.917837"></trkpt>
      <trkpt lat="42.158824" lon="2.917011"></trkpt>
      <trkpt lat="42.157103" lon="2.916652"></trkpt>
      <trkpt lat="42.155198" lon="2.916637"></trkpt>
      <trkpt lat="42.153204" lon="2.916984"></trkpt>
      <trkpt lat="42.149011" lon="2.918223"></trkpt>
      <trkpt lat="42.147075" lon="2.91866"></trkpt>
      <trkpt lat="42.145045" lon="2.918842"></trkpt>
      <trkpt lat="42.142832" lon="2.918737"></trkpt>
      <trkpt lat="42.140944" lon="2.918393"></trkpt>
      <trkpt lat="42.138977" lon="2.917749"></trkpt>
      <trkpt lat="42.136855" lon="2.916697"></trkpt>
      <trkpt lat="42.133485" lon="2.914635"></trkpt>
      <trkpt lat="42.131158" lon="2.913394"></trkpt>
      <trkpt lat="42.128651" lon="2.912455"></trkpt>
      <trkpt lat="42.126099" lon="2.91185"></trkpt>
      <trkpt lat="42.123975" lon="2.911647"></trkpt>
      <trkpt lat="42.122393" lon="2.911659"></trkpt>
      <trkpt lat="42.120369" lon="2.911912"></trkpt>
      <trkpt lat="42.116472" lon="2.912728"></trkpt>
      <trkpt lat="42.114372" lon="2.913034"></trkpt>
      <trkpt lat="42.112344" lon="2.912973"></trkpt>
      <trkpt lat="42.110442" lon="2.912528"></trkpt>
      <trkpt lat="42.10912" lon="2.911966"></trkpt>
      <trkpt lat="42.107681" lon="2.911113"></trkpt>
      <trkpt lat="42.106597" lon="2.91027"></trkpt>
      <trkpt lat="42.105456" lon="2.909115"></trkpt>
      <trkpt lat="42.103243" lon="2.906259"></trkpt>
      <trkpt lat="42.099456" lon="2.900247"></trkpt>
      <trkpt lat="42.097173" lon="2.897511"></trkpt>
      <trkpt lat="42.095452" lon="2.895848"></trkpt>
      <trkpt lat="42.093417" lon="2.894199"></trkpt>
      <trkpt lat="42.090212" lon="2.892166"></trkpt>
      <trkpt lat="42.087599" lon="2.890907"></trkpt>
      <trkpt lat="42.085632" lon="2.890215"></trkpt>
      <trkpt lat="42.08412" lon="2.889913"></trkpt>
      <trkpt lat="42.079968" lon="2.889686"></trkpt>
      <trkpt lat="42.078611" lon="2.889502"></trkpt>
      <trkpt lat="42.076793" lon="2.888945"></trkpt>
      <trkpt lat="42.072532" lon="2.887097"></trkpt>
      <trkpt lat="42.071303" lon="2.886759"></trkpt>
      <trkpt lat="42.066423" lon="2.886422"></trkpt>
      <trkpt lat="42.064307" lon="2.886022"></trkpt>
      <trkpt lat="42.061587" lon="2.885097"></trkpt>
      <trkpt lat="42.059545" lon="2.884033"></trkpt>
      <trkpt lat="42.057726" lon="2.882764"></trkpt>
      <trkpt lat="42.055744" lon="2.881056"></trkpt>
      <trkpt lat="42.054353" lon="2.879587"></trkpt>
      <trkpt lat="42.052221" lon="2.876998"></trkpt>
      <trkpt lat="42.050471" lon="2.87466"></trkpt>
      <trkpt lat="42.048272" lon="2.871423"></trkpt>
      <trkpt lat="42.046498" lon="2.86853"></trkpt>
      <trkpt lat="42.045456" lon="2.866451"></trkpt>
      <trkpt lat="42.044295" lon="2.863188"></trkpt>
      <trkpt lat="42.04391" lon="2.861459"></trkpt>
      <trkpt lat="42.043593" lon="2.858966"></trkpt>
      <trkpt lat="42.04352" lon="2.855479"></trkpt>
      <trkpt lat="42.043753" lon="2.848964"></trkpt>
      <trkpt lat="42.043595" lon="2.846661"></trkpt>
      <trkpt lat="42.043348" lon="2.845437"></trkpt>
      <trkpt lat="42.042821" lon="2.843795"></trkpt>
      <trkpt lat="42.041717" lon="2.841803"></trkpt>
      <trkpt lat="42.040968" lon="2.8409"></trkpt>
      <trkpt lat="42.039917" lon="2.839963"></trkpt>
      <trkpt lat="42.037157" lon="2.838298"></trkpt>
      <trkpt lat="42.035461" lon="2.837031"></trkpt>
      <trkpt lat="42.033816" lon="2.835462"></trkpt>
      <trkpt lat="42.032704" lon="2.834137"></trkpt>
      <trkpt lat="42.031773" lon="2.832851"></trkpt>
      <trkpt lat="42.030364" lon="2.830478"></trkpt>
      <trkpt lat="42.027806" lon="2.824791"></trkpt>
      <trkpt lat="42.026616" lon="2.8224"></trkpt>
      <trkpt lat="42.025423" lon="2.820527"></trkpt>
      <trkpt lat="42.023843" lon="2.8186"></trkpt>
      <trkpt lat="42.022117" lon="2.817008"></trkpt>
      <trkpt lat="42.020777" lon="2.816065"></trkpt>
      <trkpt lat="42.015065" lon="2.813213"></trkpt>
      <trkpt lat="42.013248" lon="2.811984"></trkpt>
      <trkpt lat="42.010282" lon="2.809555"></trkpt>
      <trkpt lat="42.008981" lon="2.808753"></trkpt>
      <trkpt lat="42.004835" lon="2.80672"></trkpt>
      <trkpt lat="42.00228" lon="2.804833"></trkpt>
      <trkpt lat="41.999955" lon="2.802411"></trkpt>
      <trkpt lat="41.997707" lon="2.799619"></trkpt>
      <trkpt lat="41.996496" lon="2.797902"></trkpt>
      <trkpt lat="41.991867" lon="2.790704"></trkpt>
      <trkpt lat="41.989766" lon="2.787818"></trkpt>
      <trkpt lat="41.987729" lon="2.785497"></trkpt>
      <trkpt lat="41.985109" lon="2.783115"></trkpt>
      <trkpt lat="41.982677" lon="2.78138"></trkpt>
      <trkpt lat="41.981077" lon="2.780464"></trkpt>
      <trkpt lat="41.979821" lon="2.779857"></trkpt>
      <trkpt lat="41.977701" lon="2.779037"></trkpt>
      <trkpt lat="41.975755" lon="2.778512"></trkpt>
      <trkpt lat="41.974055" lon="2.778235"></trkpt>
      <trkpt lat="41.971918" lon="2.778144"></trkpt>
      <trkpt lat="41.970099" lon="2.778271"></trkpt>
      <trkpt lat="41.967327" lon="2.778863"></trkpt>
      <trkpt lat="41.964708" lon="2.779911"></trkpt>
      <trkpt lat="41.962945" lon="2.780924"></trkpt>
      <trkpt lat="41.958723" lon="2.783705"></trkpt>
      <trkpt lat="41.956314" lon="2.785142"></trkpt>
      <trkpt lat="41.954309" lon="2.786136"></trkpt>
      <trkpt lat="41.952087" lon="2.787044"></trkpt>
      <trkpt lat="41.94913" lon="2.78794"></trkpt>
      <trkpt lat="41.946113" lon="2.788498"></trkpt>
      <trkpt lat="41.943694" lon="2.788687"></trkpt>
      <trkpt lat="41.941375" lon="2.788659"></trkpt>
      <trkpt lat="41.938651" lon="2.788312"></trkpt>
      <trkpt lat="41.93653" lon="2.787772"></trkpt>
      <trkpt lat="41.934397" lon="2.786969"></trkpt>
      <trkpt lat="41.932735" lon="2.78619"></trkpt>
      <trkpt lat="41.931508" lon="2.785463"></trkpt>
      <trkpt lat="41.929398" lon="2.784012"></trkpt>
      <trkpt lat="41.927593" lon="2.78251"></trkpt>
      <trkpt lat="41.922562" lon="2.777318"></trkpt>
      <trkpt lat="41.921251" lon="2.776274"></trkpt>
      <trkpt lat="41.919538" lon="2.775277"></trkpt>
      <trkpt lat="41.917972" lon="2.774667"></trkpt>
      <trkpt lat="41.916947" lon="2.774401"></trkpt>
      <trkpt lat="41.909422" lon="2.772799"></trkpt>
      <trkpt lat="41.907521" lon="2.772619"></trkpt>
      <trkpt lat="41.905498" lon="2.772792"></trkpt>
      <trkpt lat="41.900708" lon="2.774202"></trkpt>
      <trkpt lat="41.898773" lon="2.774532"></trkpt>
      <trkpt lat="41.89811" lon="2.774419"></trkpt>
      <trkpt lat="41.897215" lon="2.773577"></trkpt>
      <trkpt lat="41.896774" lon="2.773512"></trkpt>
      <trkpt lat="41.896362" lon="2.773963"></trkpt>
      <trkpt lat="41.895912" lon="2.776265"></trkpt>
      <trkpt lat="41.895383" lon="2.777504"></trkpt>
      <trkpt lat="41.894358" lon="2.778892"></trkpt>
      <trkpt lat="41.893911" lon="2.779156"></trkpt>
      <trkpt lat="41.893329" lon="2.779197"></trkpt>
      <trkpt lat="41.893226" lon="2.778822"></trkpt>
      <trkpt lat="41.893288" lon="2.778573"></trkpt>
      <trkpt lat="41.898092" lon="2.770617"></trkpt>
      <trkpt lat="41.898332" lon="2.770666"></trkpt>
      <trkpt lat="41.898464" lon="2.770332"></trkpt>
      <trkpt lat="41.898346" lon="2.770116"></trkpt>
      <trkpt lat="41.89809" lon="2.770157"></trkpt>
      <trkpt lat="41.897819" lon="2.770038"></trkpt>
      <trkpt lat="41.88978" lon="2.764361"></trkpt>
      <trkpt lat="41.889152" lon="2.763825"></trkpt>
      <trkpt lat="41.888901" lon="2.763452"></trkpt>
      <trkpt lat="41.886535" lon="2.757527"></trkpt>
      <trkpt lat="41.885667" lon="2.756628"></trkpt>
      <trkpt lat="41.886809" lon="2.752776"></trkpt>
      <trkpt lat="41.886706" lon="2.751261"></trkpt>
      <trkpt lat="41.886779" lon="2.750623"></trkpt>
      <trkpt lat="41.887195" lon="2.749312"></trkpt>
      <trkpt lat="41.889863" lon="2.750294"></trkpt>
      <trkpt lat="41.89205" lon="2.750674"></trkpt>
      <trkpt lat="41.892754" lon="2.750626"></trkpt>
      <trkpt lat="41.893989" lon="2.750066"></trkpt>
      <trkpt lat="41.894936" lon="2.749348"></trkpt>
      <trkpt lat="41.896145" lon="2.749044"></trkpt>
      <trkpt lat="41.896708" lon="2.748752"></trkpt>
      <trkpt lat="41.899349" lon="2.747132"></trkpt>
      <trkpt lat="41.901632" lon="2.746545"></trkpt>
      <trkpt lat="41.902746" lon="2.746767"></trkpt>
      <trkpt lat="41.904494" lon="2.747969"></trkpt>
      <trkpt lat="41.908035" lon="2.74842"></trkpt>
      <trkpt lat="41.908408" lon="2.748721"></trkpt>
      <trkpt lat="41.908825" lon="2.749347"></trkpt>
      <trkpt lat="41.909471" lon="2.751311"></trkpt>
      <trkpt lat="41.909213" lon="2.751712"></trkpt>
      <trkpt lat="41.909365" lon="2.752659"></trkpt>
      <trkpt lat="41.908705" lon="2.753069"></trkpt>
      <trkpt lat="41.908399" lon="2.753395"></trkpt>
      <trkpt lat="41.904194" lon="2.760416"></trkpt>
      <trkpt lat="41.903847" lon="2.761257"></trkpt>
  </trkseg></trk>
</gpx>
