<?xml version='1.0' encoding='utf-8'?>
<gpx xmlns="http://www.topografix.com/GPX/1/1" version="1.1" creator="Yatutbuv"><trk><trkseg><trkpt lon="3.028592" lat="41.780499" /><trkpt lon="3.028834" lat="41.78067" /><trkpt lon="3.02936" lat="41.780234" /><trkpt lon="3.031802" lat="41.781698" /><trkpt lon="3.032099" lat="41.781417" /><trkpt lon="3.028845" lat="41.779488" /><trkpt lon="3.027067" lat="41.780656" /><trkpt lon="3.026323" lat="41.780748" /><trkpt lon="3.024886" lat="41.781312" /><trkpt lon="3.022355" lat="41.781024" /><trkpt lon="3.020346" lat="41.78116" /><trkpt lon="3.01975" lat="41.783945" /><trkpt lon="3.019854" lat="41.784074" /><trkpt lon="3.019589" lat="41.784694" /><trkpt lon="3.019585" lat="41.785286" /><trkpt lon="3.019761" lat="41.785889" /><trkpt lon="3.020008" lat="41.786078" /><trkpt lon="3.019997" lat="41.786324" /><trkpt lon="3.021092" lat="41.787913" /><trkpt lon="3.021324" lat="41.788011" /><trkpt lon="3.021257" lat="41.788199" /><trkpt lon="3.021756" lat="41.790243" /><trkpt lon="3.022084" lat="41.790564" /><trkpt lon="3.0213" lat="41.791644" /><trkpt lon="3.020693" lat="41.792898" /><trkpt lon="3.020523" lat="41.793594" /><trkpt lon="3.020311" lat="41.793771" /><trkpt lon="3.019697" lat="41.795161" /><trkpt lon="3.019743" lat="41.795498" /><trkpt lon="3.019468" lat="41.795683" /><trkpt lon="3.018409" lat="41.797397" /><trkpt lon="3.016727" lat="41.798929" /><trkpt lon="3.013116" lat="41.801189" /><trkpt lon="3.01174" lat="41.803054" /><trkpt lon="3.010761" lat="41.804061" /><trkpt lon="3.004344" lat="41.808069" /><trkpt lon="3.004461" lat="41.80866" /><trkpt lon="3.004148" lat="41.808954" /><trkpt lon="3.003243" lat="41.809157" /><trkpt lon="3.002446" lat="41.80889" /><trkpt lon="2.999192" lat="41.808759" /><trkpt lon="2.996768" lat="41.809327" /><trkpt lon="2.995311" lat="41.810074" /><trkpt lon="2.988669" lat="41.814291" /><trkpt lon="2.981938" lat="41.817481" /><trkpt lon="2.979333" lat="41.819421" /><trkpt lon="2.974881" lat="41.824272" /><trkpt lon="2.971358" lat="41.826696" /><trkpt lon="2.969643" lat="41.82719" /><trkpt lon="2.963934" lat="41.827711" /><trkpt lon="2.950196" lat="41.826967" /><trkpt lon="2.946481" lat="41.827196" /><trkpt lon="2.943118" lat="41.827778" /><trkpt lon="2.938981" lat="41.828904" /><trkpt lon="2.938049" lat="41.829419" /><trkpt lon="2.936577" lat="41.830734" /><trkpt lon="2.935103" lat="41.831159" /><trkpt lon="2.93438" lat="41.831156" /><trkpt lon="2.930411" lat="41.830449" /><trkpt lon="2.926056" lat="41.830874" /><trkpt lon="2.911101" lat="41.829638" /><trkpt lon="2.909116" lat="41.829929" /><trkpt lon="2.907257" lat="41.830879" /><trkpt lon="2.904504" lat="41.834181" /><trkpt lon="2.902519" lat="41.835979" /><trkpt lon="2.895375" lat="41.841764" /><trkpt lon="2.892908" lat="41.843365" /><trkpt lon="2.889902" lat="41.844897" /><trkpt lon="2.889084" lat="41.845623" /><trkpt lon="2.888651" lat="41.846231" /><trkpt lon="2.888244" lat="41.847275" /><trkpt lon="2.883446" lat="41.870119" /><trkpt lon="2.882732" lat="41.872017" /><trkpt lon="2.882747" lat="41.872379" /><trkpt lon="2.880059" lat="41.874212" /><trkpt lon="2.876046" lat="41.875586" /><trkpt lon="2.872322" lat="41.877837" /><trkpt lon="2.869222" lat="41.879027" /><trkpt lon="2.867354" lat="41.880087" /><trkpt lon="2.865961" lat="41.88147" /><trkpt lon="2.86384" lat="41.88498" /><trkpt lon="2.86163" lat="41.888109" /><trkpt lon="2.860779" lat="41.889888" /><trkpt lon="2.859891" lat="41.892352" /><trkpt lon="2.85977" lat="41.893073" /><trkpt lon="2.859963" lat="41.893536" /><trkpt lon="2.859485" lat="41.89411" /><trkpt lon="2.859374" lat="41.895908" /><trkpt lon="2.859793" lat="41.898601" /><trkpt lon="2.859435" lat="41.899952" /><trkpt lon="2.857188" lat="41.90295" /><trkpt lon="2.854443" lat="41.90476" /><trkpt lon="2.853645" lat="41.90597" /><trkpt lon="2.850882" lat="41.91514" /><trkpt lon="2.851069" lat="41.915582" /><trkpt lon="2.850761" lat="41.916068" /><trkpt lon="2.850343" lat="41.926482" /><trkpt lon="2.850052" lat="41.927311" /><trkpt lon="2.847875" lat="41.930423" /><trkpt lon="2.846291" lat="41.931771" /><trkpt lon="2.845091" lat="41.932569" /><trkpt lon="2.841778" lat="41.933883" /><trkpt lon="2.839606" lat="41.935249" /><trkpt lon="2.838322" lat="41.935792" /><trkpt lon="2.836446" lat="41.936275" /><trkpt lon="2.833521" lat="41.936748" /><trkpt lon="2.827764" lat="41.937026" /><trkpt lon="2.825638" lat="41.937387" /><trkpt lon="2.822755" lat="41.938461" /><trkpt lon="2.81943" lat="41.940376" /><trkpt lon="2.816522" lat="41.942839" /><trkpt lon="2.815342" lat="41.944516" /><trkpt lon="2.814279" lat="41.947175" /><trkpt lon="2.812986" lat="41.949626" /><trkpt lon="2.812825" lat="41.950409" /><trkpt lon="2.812739" lat="41.95312" /><trkpt lon="2.812364" lat="41.954362" /><trkpt lon="2.811735" lat="41.955233" /><trkpt lon="2.810738" lat="41.956112" /><trkpt lon="2.809707" lat="41.956721" /><trkpt lon="2.805329" lat="41.958298" /><trkpt lon="2.803762" lat="41.959099" /><trkpt lon="2.802317" lat="41.960148" /><trkpt lon="2.800396" lat="41.961941" /><trkpt lon="2.79903" lat="41.962747" /><trkpt lon="2.796594" lat="41.963323" /><trkpt lon="2.794358" lat="41.963239" /><trkpt lon="2.790989" lat="41.962397" /><trkpt lon="2.790408" lat="41.962423" /><trkpt lon="2.789859" lat="41.962003" /><trkpt lon="2.785273" lat="41.960474" /><trkpt lon="2.784084" lat="41.960404" /><trkpt lon="2.783129" lat="41.960711" /><trkpt lon="2.782058" lat="41.96169" /><trkpt lon="2.78153" lat="41.962438" /><trkpt lon="2.779725" lat="41.965692" /><trkpt lon="2.778881" lat="41.968221" /><trkpt lon="2.778411" lat="41.971494" /><trkpt lon="2.778583" lat="41.974762" /><trkpt lon="2.778939" lat="41.976492" /><trkpt lon="2.779617" lat="41.978598" /><trkpt lon="2.781089" lat="41.981709" /><trkpt lon="2.783071" lat="41.984666" /><trkpt lon="2.785115" lat="41.987026" /><trkpt lon="2.787968" lat="41.989605" /><trkpt lon="2.790928" lat="41.991755" /><trkpt lon="2.799825" lat="41.997582" /><trkpt lon="2.802599" lat="41.999811" /><trkpt lon="2.804935" lat="42.00213" /><trkpt lon="2.806918" lat="42.004807" /><trkpt lon="2.809525" lat="42.009919" /><trkpt lon="2.812952" lat="42.014311" /><trkpt lon="2.816218" lat="42.020685" /><trkpt lon="2.817607" lat="42.022559" /><trkpt lon="2.819303" lat="42.024253" /><trkpt lon="2.820728" lat="42.025366" /><trkpt lon="2.822534" lat="42.02648" /><trkpt lon="2.830586" lat="42.030247" /><trkpt lon="2.8324" lat="42.031278" /><trkpt lon="2.834268" lat="42.032585" /><trkpt lon="2.835605" lat="42.033708" /><trkpt lon="2.837183" lat="42.035355" /><trkpt lon="2.838471" lat="42.037068" /><trkpt lon="2.839806" lat="42.039351" /><trkpt lon="2.840625" lat="42.040444" /><trkpt lon="2.841874" lat="42.041528" /><trkpt lon="2.842887" lat="42.042161" /><trkpt lon="2.844863" lat="42.042983" /><trkpt lon="2.846996" lat="42.043437" /><trkpt lon="2.849168" lat="42.043563" /><trkpt lon="2.855624" lat="42.043342" /><trkpt lon="2.858972" lat="42.043453" /><trkpt lon="2.862709" lat="42.044026" /><trkpt lon="2.86554" lat="42.044901" /><trkpt lon="2.867852" lat="42.045957" /><trkpt lon="2.87033" lat="42.047336" /><trkpt lon="2.873849" lat="42.049632" /><trkpt lon="2.877093" lat="42.052009" /><trkpt lon="2.879247" lat="42.053761" /><trkpt lon="2.881478" lat="42.055862" /><trkpt lon="2.88392" lat="42.058958" /><trkpt lon="2.885155" lat="42.061143" /><trkpt lon="2.886187" lat="42.063971" /><trkpt lon="2.886694" lat="42.066403" /><trkpt lon="2.887087" lat="42.071563" /><trkpt lon="2.887764" lat="42.073668" /><trkpt lon="2.88951" lat="42.077732" /><trkpt lon="2.889858" lat="42.079518" /><trkpt lon="2.890103" lat="42.084088" /><trkpt lon="2.890386" lat="42.085467" /><trkpt lon="2.891098" lat="42.087573" /><trkpt lon="2.892299" lat="42.090109" /><trkpt lon="2.894402" lat="42.093373" /><trkpt lon="2.896265" lat="42.095669" /><trkpt lon="2.897653" lat="42.097097" /><trkpt lon="2.900068" lat="42.09913" /><trkpt lon="2.90631" lat="42.103096" /><trkpt lon="2.909282" lat="42.105359" /><trkpt lon="2.911263" lat="42.107545" /><trkpt lon="2.912661" lat="42.110192" /><trkpt lon="2.913119" lat="42.111872" /><trkpt lon="2.9133" lat="42.114007" /><trkpt lon="2.911922" lat="42.121875" /><trkpt lon="2.911825" lat="42.123299" /><trkpt lon="2.912145" lat="42.126476" /><trkpt lon="2.912624" lat="42.128566" /><trkpt lon="2.913427" lat="42.130825" /><trkpt lon="2.914679" lat="42.133202" /><trkpt lon="2.917012" lat="42.136996" /><trkpt lon="2.917878" lat="42.138797" /><trkpt lon="2.918573" lat="42.140911" /><trkpt lon="2.918994" lat="42.143382" /><trkpt lon="2.919035" lat="42.145543" /><trkpt lon="2.918824" lat="42.14742" /><trkpt lon="2.916838" lat="42.155073" /><trkpt lon="2.916806" lat="42.157001" /><trkpt lon="2.917043" lat="42.158294" /><trkpt lon="2.918034" lat="42.160628" /><trkpt lon="2.919877" lat="42.163079" /><trkpt lon="2.921907" lat="42.165014" /><trkpt lon="2.926301" lat="42.168633" /><trkpt lon="2.929296" lat="42.171367" /><trkpt lon="2.931006" lat="42.17349" /><trkpt lon="2.93234" lat="42.175773" /><trkpt lon="2.933239" lat="42.178446" /><trkpt lon="2.933623" lat="42.181249" /><trkpt lon="2.933514" lat="42.183455" /><trkpt lon="2.932494" lat="42.189902" /><trkpt lon="2.932461" lat="42.192148" /><trkpt lon="2.932695" lat="42.194136" /><trkpt lon="2.933117" lat="42.195949" /><trkpt lon="2.933958" lat="42.198309" /><trkpt lon="2.938027" lat="42.206361" /><trkpt lon="2.939247" lat="42.209122" /><trkpt lon="2.939917" lat="42.211268" /><trkpt lon="2.940382" lat="42.21358" /><trkpt lon="2.940583" lat="42.21646" /><trkpt lon="2.940347" lat="42.219568" /><trkpt lon="2.939518" lat="42.223118" /><trkpt lon="2.937231" lat="42.230873" /><trkpt lon="2.93687" lat="42.232947" /><trkpt lon="2.93675" lat="42.235462" /><trkpt lon="2.937166" lat="42.238795" /><trkpt lon="2.937876" lat="42.241154" /><trkpt lon="2.939245" lat="42.244016" /><trkpt lon="2.942053" lat="42.248503" /><trkpt lon="2.943199" lat="42.25073" /><trkpt lon="2.944007" lat="42.25309" /><trkpt lon="2.944355" lat="42.255219" /><trkpt lon="2.944353" lat="42.25745" /><trkpt lon="2.943916" lat="42.259893" /><trkpt lon="2.942906" lat="42.262562" /><trkpt lon="2.940561" lat="42.26681" /><trkpt lon="2.939867" lat="42.268397" /><trkpt lon="2.939383" lat="42.270338" /><trkpt lon="2.939268" lat="42.272193" /><trkpt lon="2.93966" lat="42.274631" /><trkpt lon="2.941437" lat="42.279692" /><trkpt lon="2.941818" lat="42.281761" /><trkpt lon="2.941834" lat="42.283304" /><trkpt lon="2.941657" lat="42.284651" /><trkpt lon="2.940481" lat="42.290248" /><trkpt lon="2.94043" lat="42.291929" /><trkpt lon="2.940665" lat="42.293804" /><trkpt lon="2.941168" lat="42.295592" /><trkpt lon="2.941714" lat="42.296845" /><trkpt lon="2.944135" lat="42.300999" /><trkpt lon="2.945194" lat="42.303153" /><trkpt lon="2.945667" lat="42.304522" /><trkpt lon="2.946002" lat="42.306183" /><trkpt lon="2.946161" lat="42.308443" /><trkpt lon="2.945959" lat="42.310596" /><trkpt lon="2.945431" lat="42.312787" /><trkpt lon="2.944506" lat="42.315247" /><trkpt lon="2.942489" lat="42.319263" /><trkpt lon="2.940179" lat="42.322833" /><trkpt lon="2.937702" lat="42.325961" /><trkpt lon="2.934637" lat="42.329164" /><trkpt lon="2.931221" lat="42.332158" /><trkpt lon="2.924299" lat="42.337334" /><trkpt lon="2.922476" lat="42.33892" /><trkpt lon="2.91999" lat="42.341572" /><trkpt lon="2.917047" lat="42.3452" /><trkpt lon="2.914565" lat="42.347602" /><trkpt lon="2.911808" lat="42.349636" /><trkpt lon="2.906828" lat="42.352536" /><trkpt lon="2.904937" lat="42.353942" /><trkpt lon="2.90317" lat="42.355884" /><trkpt lon="2.901959" lat="42.357793" /><trkpt lon="2.900278" lat="42.359775" /><trkpt lon="2.898126" lat="42.361542" /><trkpt lon="2.893594" lat="42.36436" /><trkpt lon="2.892241" lat="42.365686" /><trkpt lon="2.891066" lat="42.367428" /><trkpt lon="2.889503" lat="42.372213" /><trkpt lon="2.887345" lat="42.375437" /><trkpt lon="2.886752" lat="42.376626" /><trkpt lon="2.886315" lat="42.378175" /><trkpt lon="2.885945" lat="42.381176" /><trkpt lon="2.885403" lat="42.382902" /><trkpt lon="2.883113" lat="42.386801" /><trkpt lon="2.88162" lat="42.390743" /><trkpt lon="2.878745" lat="42.394864" /><trkpt lon="2.876555" lat="42.399972" /><trkpt lon="2.873679" lat="42.40477" /><trkpt lon="2.872962" lat="42.4063" /><trkpt lon="2.872512" lat="42.408616" /><trkpt lon="2.872584" lat="42.411239" /><trkpt lon="2.872407" lat="42.412886" /><trkpt lon="2.870366" lat="42.420841" /><trkpt lon="2.869758" lat="42.422051" /><trkpt lon="2.868995" lat="42.423112" /><trkpt lon="2.865478" lat="42.427033" /><trkpt lon="2.864641" lat="42.42842" /><trkpt lon="2.864095" lat="42.429809" /><trkpt lon="2.863734" lat="42.432484" /><trkpt lon="2.863837" lat="42.434124" /><trkpt lon="2.86412" lat="42.435389" /><trkpt lon="2.864573" lat="42.436426" /><trkpt lon="2.866464" lat="42.438877" /><trkpt lon="2.867264" lat="42.440677" /><trkpt lon="2.868258" lat="42.442277" /><trkpt lon="2.868624" lat="42.443332" /><trkpt lon="2.8687" lat="42.444225" /><trkpt lon="2.868049" lat="42.447119" /><trkpt lon="2.868384" lat="42.449506" /><trkpt lon="2.868361" lat="42.450429" /><trkpt lon="2.867148" lat="42.454768" /><trkpt lon="2.865845" lat="42.456832" /><trkpt lon="2.865418" lat="42.458011" /><trkpt lon="2.865428" lat="42.459464" /><trkpt lon="2.866002" lat="42.461401" /><trkpt lon="2.865976" lat="42.46276" /><trkpt lon="2.864389" lat="42.469476" /><trkpt lon="2.863632" lat="42.471097" /><trkpt lon="2.862942" lat="42.471958" /><trkpt lon="2.861806" lat="42.472939" /><trkpt lon="2.858817" lat="42.474761" /><trkpt lon="2.8566" lat="42.475645" /><trkpt lon="2.851626" lat="42.476889" /><trkpt lon="2.849042" lat="42.478259" /><trkpt lon="2.846876" lat="42.479836" /><trkpt lon="2.845985" lat="42.480762" /><trkpt lon="2.845387" lat="42.481599" /><trkpt lon="2.843969" lat="42.485231" /><trkpt lon="2.842853" lat="42.486581" /><trkpt lon="2.841392" lat="42.487777" /><trkpt lon="2.838226" lat="42.489951" /><trkpt lon="2.832563" lat="42.493091" /><trkpt lon="2.82937" lat="42.495215" /><trkpt lon="2.827813" lat="42.495933" /><trkpt lon="2.8236" lat="42.497341" /><trkpt lon="2.821403" lat="42.498604" /><trkpt lon="2.820105" lat="42.49974" /><trkpt lon="2.818838" lat="42.501379" /><trkpt lon="2.818213" lat="42.503169" /><trkpt lon="2.81801" lat="42.504992" /><trkpt lon="2.819193" lat="42.521474" /><trkpt lon="2.819675" lat="42.524103" /><trkpt lon="2.820561" lat="42.526142" /><trkpt lon="2.821461" lat="42.527084" /><trkpt lon="2.823131" lat="42.529607" /><trkpt lon="2.824585" lat="42.530848" /><trkpt lon="2.826128" lat="42.53189" /><trkpt lon="2.82843" lat="42.533143" /><trkpt lon="2.837281" lat="42.536879" /><trkpt lon="2.840875" lat="42.538597" /><trkpt lon="2.844817" lat="42.541137" /><trkpt lon="2.846341" lat="42.542522" /><trkpt lon="2.847955" lat="42.544526" /><trkpt lon="2.848827" lat="42.546084" /><trkpt lon="2.849464" lat="42.547829" /><trkpt lon="2.849795" lat="42.550737" /><trkpt lon="2.849637" lat="42.552265" /><trkpt lon="2.84927" lat="42.553706" /><trkpt lon="2.848579" lat="42.555349" /><trkpt lon="2.845695" lat="42.56087" /><trkpt lon="2.844858" lat="42.563197" /><trkpt lon="2.844439" lat="42.564928" /><trkpt lon="2.843953" lat="42.569311" /><trkpt lon="2.844132" lat="42.574297" /><trkpt lon="2.844655" lat="42.577542" /><trkpt lon="2.845848" lat="42.581833" /><trkpt lon="2.850333" lat="42.593034" /><trkpt lon="2.851549" lat="42.596907" /><trkpt lon="2.852407" lat="42.601775" /><trkpt lon="2.852862" lat="42.610258" /><trkpt lon="2.853637" lat="42.614276" /><trkpt lon="2.855161" lat="42.618868" /><trkpt lon="2.857931" lat="42.624873" /><trkpt lon="2.85906" lat="42.627735" /><trkpt lon="2.859963" lat="42.630806" /><trkpt lon="2.860606" lat="42.634075" /><trkpt lon="2.860899" lat="42.637095" /><trkpt lon="2.861437" lat="42.652476" /><trkpt lon="2.861433" lat="42.66241" /><trkpt lon="2.862473" lat="42.674911" /><trkpt lon="2.86246" lat="42.679224" /><trkpt lon="2.861912" lat="42.689749" /><trkpt lon="2.862109" lat="42.692639" /><trkpt lon="2.862504" lat="42.695257" /><trkpt lon="2.863779" lat="42.700009" /><trkpt lon="2.865283" lat="42.703733" /><trkpt lon="2.867088" lat="42.707102" /><trkpt lon="2.871087" lat="42.713333" /><trkpt lon="2.874586" lat="42.721191" /><trkpt lon="2.881107" lat="42.731475" /><trkpt lon="2.890279" lat="42.743882" /><trkpt lon="2.8913" lat="42.745612" /><trkpt lon="2.892144" lat="42.747618" /><trkpt lon="2.892572" lat="42.749562" /><trkpt lon="2.89269" lat="42.751123" /><trkpt lon="2.891828" lat="42.761153" /><trkpt lon="2.891927" lat="42.765156" /><trkpt lon="2.892346" lat="42.768416" /><trkpt lon="2.895013" lat="42.781628" /><trkpt lon="2.895327" lat="42.783917" /><trkpt lon="2.895581" lat="42.788038" /><trkpt lon="2.895397" lat="42.792971" /><trkpt lon="2.89565" lat="42.795101" /><trkpt lon="2.896235" lat="42.797145" /><trkpt lon="2.897089" lat="42.799058" /><trkpt lon="2.904983" lat="42.811367" /><trkpt lon="2.906419" lat="42.814252" /><trkpt lon="2.907668" lat="42.817458" /><trkpt lon="2.908714" lat="42.821161" /><trkpt lon="2.910276" lat="42.827753" /><trkpt lon="2.910317" lat="42.829417" /><trkpt lon="2.909975" lat="42.835492" /><trkpt lon="2.910242" lat="42.837417" /><trkpt lon="2.910782" lat="42.839099" /><trkpt lon="2.91163" lat="42.840581" /><trkpt lon="2.912924" lat="42.842064" /><trkpt lon="2.914422" lat="42.843205" /><trkpt lon="2.91591" lat="42.844017" /><trkpt lon="2.918615" lat="42.844948" /><trkpt lon="2.924576" lat="42.845936" /><trkpt lon="2.927379" lat="42.846875" /><trkpt lon="2.929319" lat="42.847966" /><trkpt lon="2.934186" lat="42.851254" /><trkpt lon="2.937004" lat="42.852601" /><trkpt lon="2.944859" lat="42.854758" /><trkpt lon="2.950702" lat="42.857227" /><trkpt lon="2.952666" lat="42.857876" /><trkpt lon="2.955425" lat="42.858385" /><trkpt lon="2.961483" lat="42.858722" /><trkpt lon="2.964754" lat="42.859462" /><trkpt lon="2.966963" lat="42.860338" /><trkpt lon="2.973313" lat="42.86343" /><trkpt lon="2.981255" lat="42.866803" /><trkpt lon="2.983043" lat="42.867959" /><trkpt lon="2.984568" lat="42.869323" /><trkpt lon="2.985995" lat="42.871009" /><trkpt lon="2.988261" lat="42.87424" /><trkpt lon="2.989932" lat="42.877151" /><trkpt lon="2.991088" lat="42.879594" /><trkpt lon="2.992459" lat="42.883362" /><trkpt lon="2.992876" lat="42.88498" /><trkpt lon="2.992981" lat="42.887124" /><trkpt lon="2.992119" lat="42.89114" /><trkpt lon="2.991931" lat="42.89329" /><trkpt lon="2.992073" lat="42.894847" /><trkpt lon="2.992917" lat="42.89956" /><trkpt lon="2.992951" lat="42.902684" /><trkpt lon="2.992282" lat="42.90623" /><trkpt lon="2.991155" lat="42.909057" /><trkpt lon="2.990144" lat="42.9109" /><trkpt lon="2.98866" lat="42.912934" /><trkpt lon="2.985383" lat="42.916311" /><trkpt lon="2.982516" lat="42.918704" /><trkpt lon="2.980185" lat="42.920418" /><trkpt lon="2.974862" lat="42.923784" /><trkpt lon="2.972501" lat="42.925538" /><trkpt lon="2.971343" lat="42.926797" /><trkpt lon="2.97037" lat="42.928268" /><trkpt lon="2.969495" lat="42.930676" /><trkpt lon="2.969376" lat="42.933023" /><trkpt lon="2.970791" lat="42.945855" /><trkpt lon="2.970921" lat="42.949467" /><trkpt lon="2.970578" lat="42.954343" /><trkpt lon="2.968938" lat="42.963378" /><trkpt lon="2.96876" lat="42.966126" /><trkpt lon="2.969045" lat="42.967972" /><trkpt lon="2.969922" lat="42.970317" /><trkpt lon="2.973075" lat="42.974958" /><trkpt lon="2.973833" lat="42.976203" /><trkpt lon="2.974496" lat="42.977801" /><trkpt lon="2.974844" lat="42.979431" /><trkpt lon="2.974856" lat="42.980398" /><trkpt lon="2.974404" lat="42.982828" /><trkpt lon="2.973664" lat="42.984468" /><trkpt lon="2.970165" lat="42.99047" /><trkpt lon="2.967165" lat="42.997465" /><trkpt lon="2.965715" lat="42.999987" /><trkpt lon="2.963699" lat="43.002165" /><trkpt lon="2.956002" lat="43.007988" /><trkpt lon="2.954254" lat="43.009929" /><trkpt lon="2.952891" lat="43.012242" /><trkpt lon="2.952183" lat="43.014462" /><trkpt lon="2.951963" lat="43.016412" /><trkpt lon="2.951981" lat="43.018626" /><trkpt lon="2.95288" lat="43.033316" /><trkpt lon="2.952776" lat="43.035104" /><trkpt lon="2.952262" lat="43.037371" /><trkpt lon="2.951421" lat="43.039093" /><trkpt lon="2.950476" lat="43.040393" /><trkpt lon="2.948647" lat="43.042125" /><trkpt lon="2.943838" lat="43.045887" /><trkpt lon="2.942415" lat="43.047433" /><trkpt lon="2.940806" lat="43.049719" /><trkpt lon="2.940095" lat="43.051091" /><trkpt lon="2.939313" lat="43.053193" /><trkpt lon="2.936925" lat="43.063225" /><trkpt lon="2.936973" lat="43.065186" /><trkpt lon="2.937912" lat="43.068987" /><trkpt lon="2.937998" lat="43.071095" /><trkpt lon="2.937689" lat="43.072804" /><trkpt lon="2.93613" lat="43.078296" /><trkpt lon="2.936112" lat="43.080698" /><trkpt lon="2.936593" lat="43.082588" /><trkpt lon="2.938724" lat="43.087703" /><trkpt lon="2.939526" lat="43.092742" /><trkpt lon="2.940208" lat="43.095389" /><trkpt lon="2.941918" lat="43.098893" /><trkpt lon="2.943257" lat="43.100875" /><trkpt lon="2.948225" lat="43.10617" /><trkpt lon="2.95337" lat="43.113391" /><trkpt lon="2.956314" lat="43.11675" /><trkpt lon="2.957965" lat="43.118897" /><trkpt lon="2.959098" lat="43.121138" /><trkpt lon="2.960393" lat="43.124793" /><trkpt lon="2.9614" lat="43.126472" /><trkpt lon="2.962407" lat="43.127652" /><trkpt lon="2.964018" lat="43.129135" /><trkpt lon="2.974052" lat="43.136718" /><trkpt lon="2.976205" lat="43.138542" /><trkpt lon="2.977638" lat="43.139991" /><trkpt lon="2.978883" lat="43.141515" /><trkpt lon="2.980289" lat="43.143705" /><trkpt lon="2.983689" lat="43.150787" /><trkpt lon="2.985227" lat="43.153486" /><trkpt lon="2.986983" lat="43.156082" /><trkpt lon="2.989144" lat="43.158705" /><trkpt lon="2.99128" lat="43.160815" /><trkpt lon="2.993632" lat="43.162674" /><trkpt lon="2.995519" lat="43.163917" /><trkpt lon="2.997883" lat="43.16515" /><trkpt lon="3.000084" lat="43.165974" /><trkpt lon="3.028114" lat="43.174303" /><trkpt lon="3.03335" lat="43.176001" /><trkpt lon="3.036763" lat="43.177351" /><trkpt lon="3.045899" lat="43.181487" /><trkpt lon="3.055687" lat="43.18495" /><trkpt lon="3.05938" lat="43.186433" /><trkpt lon="3.062593" lat="43.187934" /><trkpt lon="3.066419" lat="43.190008" /><trkpt lon="3.071295" lat="43.193196" /><trkpt lon="3.075455" lat="43.19654" /><trkpt lon="3.077738" lat="43.198713" /><trkpt lon="3.082645" lat="43.204021" /><trkpt lon="3.08815" lat="43.209559" /><trkpt lon="3.090024" lat="43.212395" /><trkpt lon="3.092257" lat="43.217149" /><trkpt lon="3.093725" lat="43.219773" /><trkpt lon="3.095975" lat="43.222507" /><trkpt lon="3.097816" lat="43.224139" /><trkpt lon="3.099375" lat="43.225263" /><trkpt lon="3.102084" lat="43.226818" /><trkpt lon="3.103792" lat="43.227584" /><trkpt lon="3.108304" lat="43.229008" /><trkpt lon="3.112541" lat="43.229737" /><trkpt lon="3.124352" lat="43.231097" /><trkpt lon="3.128356" lat="43.231852" /><trkpt lon="3.130815" lat="43.232498" /><trkpt lon="3.133077" lat="43.233212" /><trkpt lon="3.136637" lat="43.234624" /><trkpt lon="3.140124" lat="43.236424" /><trkpt lon="3.142707" lat="43.238054" /><trkpt lon="3.146509" lat="43.241117" /><trkpt lon="3.160858" lat="43.25439" /><trkpt lon="3.164066" lat="43.256932" /><trkpt lon="3.172717" lat="43.26313" /><trkpt lon="3.176233" lat="43.266214" /><trkpt lon="3.178778" lat="43.268989" /><trkpt lon="3.180742" lat="43.27158" /><trkpt lon="3.182897" lat="43.275099" /><trkpt lon="3.187459" lat="43.283556" /><trkpt lon="3.189253" lat="43.286254" /><trkpt lon="3.190751" lat="43.288151" /><trkpt lon="3.193902" lat="43.291407" /><trkpt lon="3.196465" lat="43.29354" /><trkpt lon="3.19967" lat="43.295776" /><trkpt lon="3.203588" lat="43.297977" /><trkpt lon="3.208994" lat="43.300316" /><trkpt lon="3.214467" lat="43.301996" /><trkpt lon="3.219706" lat="43.303072" /><trkpt lon="3.230606" lat="43.304453" /><trkpt lon="3.235107" lat="43.30518" /><trkpt lon="3.24133" lat="43.306735" /><trkpt lon="3.24444" lat="43.307776" /><trkpt lon="3.2479" lat="43.30917" /><trkpt lon="3.253126" lat="43.311797" /><trkpt lon="3.257395" lat="43.314549" /><trkpt lon="3.283769" lat="43.333319" /><trkpt lon="3.288019" lat="43.335963" /><trkpt lon="3.291941" lat="43.337756" /><trkpt lon="3.294984" lat="43.338758" /><trkpt lon="3.320745" lat="43.344805" /><trkpt lon="3.323088" lat="43.345419" /><trkpt lon="3.326373" lat="43.346599" /><trkpt lon="3.328717" lat="43.347731" /><trkpt lon="3.33146" lat="43.349493" /><trkpt lon="3.333489" lat="43.351185" /><trkpt lon="3.338212" lat="43.355733" /><trkpt lon="3.340911" lat="43.357719" /><trkpt lon="3.343495" lat="43.359164" /><trkpt lon="3.347322" lat="43.360679" /><trkpt lon="3.350473" lat="43.361493" /><trkpt lon="3.354377" lat="43.362043" /><trkpt lon="3.370815" lat="43.362481" /><trkpt lon="3.375437" lat="43.362964" /><trkpt lon="3.379147" lat="43.363682" /><trkpt lon="3.383901" lat="43.365052" /><trkpt lon="3.386836" lat="43.366216" /><trkpt lon="3.400844" lat="43.37303" /><trkpt lon="3.403434" lat="43.374152" /><trkpt lon="3.407336" lat="43.37542" /><trkpt lon="3.410559" lat="43.376132" /><trkpt lon="3.413643" lat="43.37657" /><trkpt lon="3.416717" lat="43.37676" /><trkpt lon="3.42903" lat="43.376512" /><trkpt lon="3.433799" lat="43.376682" /><trkpt lon="3.438997" lat="43.377496" /><trkpt lon="3.443619" lat="43.378909" /><trkpt lon="3.447086" lat="43.380533" /><trkpt lon="3.449856" lat="43.382199" /><trkpt lon="3.461202" lat="43.391223" /><trkpt lon="3.465201" lat="43.394084" /><trkpt lon="3.475489" lat="43.400468" /><trkpt lon="3.481393" lat="43.403895" /><trkpt lon="3.484926" lat="43.405375" /><trkpt lon="3.48806" lat="43.406348" /><trkpt lon="3.491772" lat="43.407164" /><trkpt lon="3.501071" lat="43.408849" /><trkpt lon="3.504061" lat="43.409571" /><trkpt lon="3.509431" lat="43.411178" /><trkpt lon="3.515673" lat="43.413685" /><trkpt lon="3.52614" lat="43.418414" /><trkpt lon="3.529343" lat="43.419516" /><trkpt lon="3.538514" lat="43.421827" /><trkpt lon="3.549639" lat="43.423775" /><trkpt lon="3.553417" lat="43.425034" /><trkpt lon="3.557934" lat="43.427253" /><trkpt lon="3.559975" lat="43.428596" /><trkpt lon="3.561209" lat="43.429617" /><trkpt lon="3.562713" lat="43.431259" /><trkpt lon="3.565844" lat="43.43574" /><trkpt lon="3.567838" lat="43.437924" /><trkpt lon="3.575833" lat="43.445509" /><trkpt lon="3.577827" lat="43.447062" /><trkpt lon="3.579481" lat="43.448031" /><trkpt lon="3.582101" lat="43.449162" /><trkpt lon="3.584837" lat="43.449905" /><trkpt lon="3.595968" lat="43.451323" /><trkpt lon="3.60032" lat="43.452244" /><trkpt lon="3.602796" lat="43.453078" /><trkpt lon="3.605486" lat="43.454276" /><trkpt lon="3.610884" lat="43.457537" /><trkpt lon="3.613385" lat="43.458691" /><trkpt lon="3.618362" lat="43.460468" /><trkpt lon="3.625685" lat="43.462172" /><trkpt lon="3.629674" lat="43.46348" /><trkpt lon="3.63325" lat="43.465253" /><trkpt lon="3.641149" lat="43.470112" /><trkpt lon="3.646039" lat="43.472878" /><trkpt lon="3.653332" lat="43.47655" /><trkpt lon="3.656112" lat="43.477717" /><trkpt lon="3.659067" lat="43.478605" /><trkpt lon="3.662726" lat="43.479292" /><trkpt lon="3.666163" lat="43.479577" /><trkpt lon="3.676274" lat="43.479983" /><trkpt lon="3.681628" lat="43.480652" /><trkpt lon="3.694896" lat="43.484455" /><trkpt lon="3.707223" lat="43.486822" /><trkpt lon="3.709856" lat="43.487606" /><trkpt lon="3.712315" lat="43.488588" /><trkpt lon="3.714498" lat="43.489709" /><trkpt lon="3.717061" lat="43.491381" /><trkpt lon="3.72511" lat="43.498693" /><trkpt lon="3.727513" lat="43.500561" /><trkpt lon="3.730939" lat="43.502834" /><trkpt lon="3.740082" lat="43.508172" /><trkpt lon="3.742456" lat="43.509767" /><trkpt lon="3.744578" lat="43.511484" /><trkpt lon="3.749296" lat="43.516361" /><trkpt lon="3.751525" lat="43.518183" /><trkpt lon="3.754544" lat="43.520044" /><trkpt lon="3.764075" lat="43.524746" /><trkpt lon="3.767216" lat="43.526446" /><trkpt lon="3.776934" lat="43.532256" /><trkpt lon="3.779833" lat="43.534384" /><trkpt lon="3.783664" lat="43.538116" /><trkpt lon="3.785845" lat="43.539991" /><trkpt lon="3.795792" lat="43.546952" /><trkpt lon="3.798641" lat="43.548632" /><trkpt lon="3.800993" lat="43.549579" /><trkpt lon="3.803704" lat="43.550287" /><trkpt lon="3.806253" lat="43.550633" /><trkpt lon="3.813075" lat="43.551067" /><trkpt lon="3.815748" lat="43.551646" /><trkpt lon="3.818102" lat="43.552455" /><trkpt lon="3.820509" lat="43.553644" /><trkpt lon="3.822661" lat="43.555122" /><trkpt lon="3.823828" lat="43.556174" /><trkpt lon="3.82579" lat="43.55848" /><trkpt lon="3.827126" lat="43.559694" /><trkpt lon="3.832101" lat="43.563004" /><trkpt lon="3.835652" lat="43.564858" /><trkpt lon="3.839746" lat="43.566275" /><trkpt lon="3.844347" lat="43.567502" /><trkpt lon="3.855683" lat="43.569946" /><trkpt lon="3.860674" lat="43.570451" /><trkpt lon="3.86852" lat="43.570514" /><trkpt lon="3.872168" lat="43.571092" /><trkpt lon="3.875843" lat="43.572216" /><trkpt lon="3.878094" lat="43.573226" /><trkpt lon="3.895797" lat="43.582918" /><trkpt lon="3.903488" lat="43.586923" /><trkpt lon="3.912944" lat="43.591207" /><trkpt lon="3.931891" lat="43.599312" /><trkpt lon="3.9371" lat="43.601263" /><trkpt lon="3.940157" lat="43.602869" /><trkpt lon="3.942978" lat="43.604946" /><trkpt lon="3.945446" lat="43.607569" /><trkpt lon="3.946999" lat="43.610046" /><trkpt lon="3.949051" lat="43.614315" /><trkpt lon="3.950216" lat="43.615961" /><trkpt lon="3.951317" lat="43.617187" /><trkpt lon="3.953306" lat="43.618927" /><trkpt lon="3.963434" lat="43.626271" /><trkpt lon="3.965953" lat="43.628529" /><trkpt lon="3.967803" lat="43.63045" /><trkpt lon="3.969882" lat="43.633452" /><trkpt lon="3.971654" lat="43.637719" /><trkpt lon="3.972722" lat="43.639806" /><trkpt lon="3.974219" lat="43.641877" /><trkpt lon="3.975588" lat="43.643335" /><trkpt lon="3.976922" lat="43.644499" /><trkpt lon="3.979186" lat="43.646119" /><trkpt lon="3.986921" lat="43.650688" /><trkpt lon="3.990125" lat="43.652931" /><trkpt lon="3.995723" lat="43.656369" /><trkpt lon="3.998644" lat="43.658705" /><trkpt lon="4.00807" lat="43.667558" /><trkpt lon="4.011694" lat="43.670114" /><trkpt lon="4.015324" lat="43.672082" /><trkpt lon="4.019806" lat="43.673905" /><trkpt lon="4.03178" lat="43.677461" /><trkpt lon="4.03848" lat="43.679665" /><trkpt lon="4.042756" lat="43.681558" /><trkpt lon="4.050594" lat="43.685533" /><trkpt lon="4.054292" lat="43.687031" /><trkpt lon="4.05713" lat="43.687933" /><trkpt lon="4.061237" lat="43.688917" /><trkpt lon="4.071436" lat="43.690874" /><trkpt lon="4.085979" lat="43.695213" /><trkpt lon="4.089029" lat="43.695978" /><trkpt lon="4.092821" lat="43.696515" /><trkpt lon="4.100024" lat="43.696857" /><trkpt lon="4.103285" lat="43.697189" /><trkpt lon="4.107085" lat="43.698007" /><trkpt lon="4.11018" lat="43.699063" /><trkpt lon="4.112186" lat="43.699995" /><trkpt lon="4.114269" lat="43.701202" /><trkpt lon="4.123758" lat="43.708155" /><trkpt lon="4.142129" lat="43.719459" /><trkpt lon="4.145073" lat="43.721055" /><trkpt lon="4.148906" lat="43.722564" /><trkpt lon="4.153086" lat="43.723637" /><trkpt lon="4.156875" lat="43.724156" /><trkpt lon="4.166853" lat="43.724429" /><trkpt lon="4.172777" lat="43.724946" /><trkpt lon="4.179287" lat="43.726066" /><trkpt lon="4.185202" lat="43.727679" /><trkpt lon="4.188605" lat="43.729322" /><trkpt lon="4.19018" lat="43.730448" /><trkpt lon="4.19202" lat="43.732185" /><trkpt lon="4.193293" lat="43.73394" /><trkpt lon="4.195055" lat="43.737988" /><trkpt lon="4.196218" lat="43.740121" /><trkpt lon="4.19752" lat="43.741897" /><trkpt lon="4.199602" lat="43.744036" /><trkpt lon="4.201116" lat="43.745278" /><trkpt lon="4.203751" lat="43.746997" /><trkpt lon="4.206804" lat="43.748486" /><trkpt lon="4.209605" lat="43.749551" /><trkpt lon="4.214445" lat="43.750666" /><trkpt lon="4.216855" lat="43.750942" /><trkpt lon="4.220309" lat="43.751036" /><trkpt lon="4.223929" lat="43.750766" /><trkpt lon="4.241712" lat="43.748367" /><trkpt lon="4.244416" lat="43.748237" /><trkpt lon="4.248427" lat="43.748639" /><trkpt lon="4.25065" lat="43.749209" /><trkpt lon="4.252417" lat="43.749864" /><trkpt lon="4.255027" lat="43.751251" /><trkpt lon="4.257216" lat="43.752989" /><trkpt lon="4.26427" lat="43.760759" /><trkpt lon="4.267374" lat="43.765201" /><trkpt lon="4.26864" lat="43.76649" /><trkpt lon="4.269815" lat="43.767426" /><trkpt lon="4.271658" lat="43.768544" /><trkpt lon="4.277016" lat="43.770716" /><trkpt lon="4.279664" lat="43.772023" /><trkpt lon="4.283459" lat="43.774522" /><trkpt lon="4.285832" lat="43.776723" /><trkpt lon="4.288871" lat="43.780086" /><trkpt lon="4.290577" lat="43.781699" /><trkpt lon="4.292507" lat="43.783197" /><trkpt lon="4.296607" lat="43.785919" /><trkpt lon="4.298555" lat="43.787539" /><trkpt lon="4.303522" lat="43.792394" /><trkpt lon="4.308501" lat="43.798242" /><trkpt lon="4.309718" lat="43.799306" /><trkpt lon="4.311351" lat="43.80037" /><trkpt lon="4.313353" lat="43.80131" /><trkpt lon="4.315728" lat="43.802063" /><trkpt lon="4.323678" lat="43.803589" /><trkpt lon="4.328674" lat="43.804794" /><trkpt lon="4.342338" lat="43.809223" /><trkpt lon="4.359578" lat="43.813803" /><trkpt lon="4.369503" lat="43.817189" /><trkpt lon="4.375726" lat="43.81978" /><trkpt lon="4.380023" lat="43.821804" /><trkpt lon="4.396091" lat="43.830218" /><trkpt lon="4.407369" lat="43.835394" /><trkpt lon="4.409406" lat="43.836523" /><trkpt lon="4.41141" lat="43.837947" /><trkpt lon="4.413775" lat="43.840208" /><trkpt lon="4.415015" lat="43.84184" /><trkpt lon="4.417892" lat="43.846863" /><trkpt lon="4.41921" lat="43.848752" /><trkpt lon="4.434134" lat="43.865138" /><trkpt lon="4.436286" lat="43.867292" /><trkpt lon="4.438222" lat="43.868885" /><trkpt lon="4.442167" lat="43.871389" /><trkpt lon="4.445749" lat="43.873071" /><trkpt lon="4.454449" lat="43.876716" /><trkpt lon="4.458931" lat="43.878541" /><trkpt lon="4.461258" lat="43.879298" /><trkpt lon="4.46578" lat="43.880226" /><trkpt lon="4.475015" lat="43.880894" /><trkpt lon="4.479348" lat="43.88151" /><trkpt lon="4.485101" lat="43.882802" /><trkpt lon="4.491259" lat="43.884705" /><trkpt lon="4.496219" lat="43.886672" /><trkpt lon="4.500835" lat="43.888912" /><trkpt lon="4.505854" lat="43.891899" /><trkpt lon="4.513022" lat="43.896915" /><trkpt lon="4.515684" lat="43.898277" /><trkpt lon="4.518847" lat="43.899456" /><trkpt lon="4.521876" lat="43.900282" /><trkpt lon="4.525697" lat="43.900986" /><trkpt lon="4.545961" lat="43.903367" /><trkpt lon="4.55057" lat="43.904103" /><trkpt lon="4.556502" lat="43.905691" /><trkpt lon="4.559508" lat="43.906847" /><trkpt lon="4.563273" lat="43.908609" /><trkpt lon="4.567792" lat="43.911247" /><trkpt lon="4.576134" lat="43.917423" /><trkpt lon="4.592296" lat="43.927812" /><trkpt lon="4.594377" lat="43.929422" /><trkpt lon="4.598352" lat="43.93307" /><trkpt lon="4.600699" lat="43.934838" /><trkpt lon="4.606943" lat="43.938382" /><trkpt lon="4.616803" lat="43.944716" /><trkpt lon="4.618965" lat="43.94678" /><trkpt lon="4.622677" lat="43.952229" /><trkpt lon="4.625104" lat="43.954749" /><trkpt lon="4.627303" lat="43.956733" /><trkpt lon="4.631162" lat="43.959733" /><trkpt lon="4.641383" lat="43.96625" /><trkpt lon="4.648284" lat="43.971344" /><trkpt lon="4.651154" lat="43.973095" /><trkpt lon="4.657777" lat="43.976348" /><trkpt lon="4.664503" lat="43.980077" /><trkpt lon="4.667135" lat="43.981321" /><trkpt lon="4.675204" lat="43.984642" /><trkpt lon="4.680621" lat="43.987444" /><trkpt lon="4.686389" lat="43.991137" /><trkpt lon="4.69238" lat="43.995701" /><trkpt lon="4.694721" lat="43.997271" /><trkpt lon="4.701888" lat="44.001041" /><trkpt lon="4.705504" lat="44.003256" /><trkpt lon="4.708066" lat="44.005214" /><trkpt lon="4.713316" lat="44.009946" /><trkpt lon="4.718042" lat="44.013241" /><trkpt lon="4.719878" lat="44.014313" /><trkpt lon="4.721963" lat="44.015255" /><trkpt lon="4.723806" lat="44.015834" /><trkpt lon="4.728116" lat="44.016831" /><trkpt lon="4.731143" lat="44.018025" /><trkpt lon="4.733148" lat="44.01925" /><trkpt lon="4.738943" lat="44.023716" /><trkpt lon="4.744006" lat="44.026792" /><trkpt lon="4.748616" lat="44.029002" /><trkpt lon="4.758451" lat="44.033017" /><trkpt lon="4.760612" lat="44.034365" /><trkpt lon="4.762302" lat="44.035813" /><trkpt lon="4.763925" lat="44.037803" /><trkpt lon="4.764866" lat="44.039585" /><trkpt lon="4.765221" lat="44.040742" /><trkpt lon="4.765412" lat="44.042374" /><trkpt lon="4.764712" lat="44.047368" /><trkpt lon="4.764868" lat="44.049183" /><trkpt lon="4.7654" lat="44.050662" /><trkpt lon="4.767295" lat="44.053984" /><trkpt lon="4.767763" lat="44.055444" /><trkpt lon="4.767907" lat="44.056508" /><trkpt lon="4.767867" lat="44.05755" /><trkpt lon="4.767565" lat="44.058904" /><trkpt lon="4.765983" lat="44.062277" /><trkpt lon="4.76551" lat="44.06372" /><trkpt lon="4.765354" lat="44.065687" /><trkpt lon="4.765669" lat="44.067425" /><trkpt lon="4.766248" lat="44.068832" /><trkpt lon="4.770356" lat="44.076795" /><trkpt lon="4.771881" lat="44.079318" /><trkpt lon="4.772996" lat="44.080845" /><trkpt lon="4.776052" lat="44.084138" /><trkpt lon="4.782334" lat="44.089294" /><trkpt lon="4.784506" lat="44.091325" /><trkpt lon="4.786328" lat="44.093559" /><trkpt lon="4.787756" lat="44.096112" /><trkpt lon="4.788465" lat="44.098086" /><trkpt lon="4.788998" lat="44.100413" /><trkpt lon="4.789401" lat="44.103031" /><trkpt lon="4.789587" lat="44.10599" /><trkpt lon="4.789256" lat="44.108537" /><trkpt lon="4.787666" lat="44.113613" /><trkpt lon="4.787601" lat="44.115712" /><trkpt lon="4.788207" lat="44.118024" /><trkpt lon="4.790534" lat="44.122186" /><trkpt lon="4.791801" lat="44.125063" /><trkpt lon="4.792334" lat="44.12737" /><trkpt lon="4.792246" lat="44.129045" /><trkpt lon="4.7917" lat="44.130321" /><trkpt lon="4.790529" lat="44.131626" /><trkpt lon="4.783243" lat="44.136088" /><trkpt lon="4.781807" lat="44.137406" /><trkpt lon="4.780565" lat="44.138825" /><trkpt lon="4.776486" lat="44.144893" /><trkpt lon="4.770661" lat="44.156885" /><trkpt lon="4.769612" lat="44.15877" /><trkpt lon="4.754069" lat="44.180009" /><trkpt lon="4.75248" lat="44.18254" /><trkpt lon="4.751221" lat="44.184013" /><trkpt lon="4.751121" lat="44.184301" /><trkpt lon="4.751408" lat="44.184642" /><trkpt lon="4.750918" lat="44.184861" /><trkpt lon="4.746432" lat="44.1888" /><trkpt lon="4.743859" lat="44.191382" /><trkpt lon="4.739932" lat="44.19476" /><trkpt lon="4.735812" lat="44.197598" /><trkpt lon="4.733844" lat="44.198549" /><trkpt lon="4.732518" lat="44.198746" /><trkpt lon="4.730423" lat="44.19879" /><trkpt lon="4.729133" lat="44.1991" /><trkpt lon="4.728242" lat="44.199586" /><trkpt lon="4.72733" lat="44.200661" /><trkpt lon="4.727079" lat="44.201271" /><trkpt lon="4.726916" lat="44.205068" /><trkpt lon="4.727069" lat="44.206706" /><trkpt lon="4.727375" lat="44.207652" /><trkpt lon="4.727334" lat="44.208912" /><trkpt lon="4.72714" lat="44.209713" /><trkpt lon="4.72608" lat="44.211962" /><trkpt lon="4.725172" lat="44.214556" /><trkpt lon="4.720415" lat="44.220727" /><trkpt lon="4.719459" lat="44.221374" /><trkpt lon="4.716342" lat="44.222885" /><trkpt lon="4.715373" lat="44.223611" /><trkpt lon="4.714813" lat="44.224373" /><trkpt lon="4.71334" lat="44.227509" /><trkpt lon="4.712972" lat="44.228537" /><trkpt lon="4.710857" lat="44.237439" /><trkpt lon="4.710946" lat="44.238709" /><trkpt lon="4.712108" lat="44.243901" /><trkpt lon="4.712045" lat="44.244813" /><trkpt lon="4.698688" lat="44.276399" /><trkpt lon="4.690015" lat="44.296425" /><trkpt lon="4.688857" lat="44.298045" /><trkpt lon="4.685452" lat="44.301409" /><trkpt lon="4.684777" lat="44.30241" /><trkpt lon="4.684148" lat="44.303829" /><trkpt lon="4.683879" lat="44.305063" /><trkpt lon="4.683898" lat="44.306747" /><trkpt lon="4.68533" lat="44.311613" /><trkpt lon="4.6856" lat="44.311988" /><trkpt lon="4.685521" lat="44.312387" /><trkpt lon="4.685991" lat="44.314161" /><trkpt lon="4.686141" lat="44.321251" /><trkpt lon="4.687104" lat="44.329155" /><trkpt lon="4.68727" lat="44.329148" /><trkpt lon="4.687104" lat="44.329155" /><trkpt lon="4.687343" lat="44.331238" /><trkpt lon="4.690402" lat="44.355343" /><trkpt lon="4.691959" lat="44.359814" /><trkpt lon="4.692937" lat="44.363614" /><trkpt lon="4.694151" lat="44.367343" /><trkpt lon="4.694138" lat="44.368629" /><trkpt lon="4.693845" lat="44.369133" /><trkpt lon="4.694344" lat="44.370162" /><trkpt lon="4.694381" lat="44.370792" /><trkpt lon="4.693885" lat="44.372095" /><trkpt lon="4.691929" lat="44.375053" /><trkpt lon="4.691306" lat="44.376328" /><trkpt lon="4.691131" lat="44.377612" /><trkpt lon="4.691313" lat="44.379478" /><trkpt lon="4.691901" lat="44.381127" /><trkpt lon="4.693159" lat="44.383018" /><trkpt lon="4.697689" lat="44.386781" /><trkpt lon="4.698268" lat="44.387" /><trkpt lon="4.698321" lat="44.387439" /><trkpt lon="4.699483" lat="44.389276" /><trkpt lon="4.702618" lat="44.395886" /><trkpt lon="4.703185" lat="44.396549" /><trkpt lon="4.702402" lat="44.396791" /><trkpt lon="4.70201" lat="44.397506" /><trkpt lon="4.69723" lat="44.412191" /><trkpt lon="4.693429" lat="44.419793" /><trkpt lon="4.69291" lat="44.421212" /><trkpt lon="4.692703" lat="44.423483" /><trkpt lon="4.69379" lat="44.432043" /><trkpt lon="4.693623" lat="44.432685" /><trkpt lon="4.693265" lat="44.433343" /><trkpt lon="4.692392" lat="44.434073" /><trkpt lon="4.691456" lat="44.434433" /><trkpt lon="4.683505" lat="44.436118" /><trkpt lon="4.682634" lat="44.437088" /><trkpt lon="4.681622" lat="44.440207" /><trkpt lon="4.681746" lat="44.440909" /><trkpt lon="4.684138" lat="44.445759" /><trkpt lon="4.686186" lat="44.455658" /><trkpt lon="4.688908" lat="44.46211" /><trkpt lon="4.688972" lat="44.463133" /><trkpt lon="4.688838" lat="44.463842" /><trkpt lon="4.686737" lat="44.470894" /><trkpt lon="4.686661" lat="44.472032" /><trkpt lon="4.687024" lat="44.473317" /><trkpt lon="4.687451" lat="44.473773" /><trkpt lon="4.687489" lat="44.474323" /><trkpt lon="4.690129" lat="44.48022" /><trkpt lon="4.690337" lat="44.480404" /><trkpt lon="4.689223" lat="44.481374" /><trkpt lon="4.688318" lat="44.482866" /><trkpt lon="4.684102" lat="44.48516" /><trkpt lon="4.683386" lat="44.485347" /><trkpt lon="4.680999" lat="44.485476" /><trkpt lon="4.678357" lat="44.485449" /><trkpt lon="4.674587" lat="44.487339" /><trkpt lon="4.674387" lat="44.487671" /><trkpt lon="4.674958" lat="44.48872" /><trkpt lon="4.676217" lat="44.489303" /><trkpt lon="4.679615" lat="44.49316" /><trkpt lon="4.680002" lat="44.494196" /><trkpt lon="4.680549" lat="44.494505" /><trkpt lon="4.680756" lat="44.495593" /><trkpt lon="4.681647" lat="44.497563" /><trkpt lon="4.683718" lat="44.501101" /><trkpt lon="4.683907" lat="44.503702" /><trkpt lon="4.684372" lat="44.504952" /><trkpt lon="4.683531" lat="44.506256" /><trkpt lon="4.681949" lat="44.507566" /><trkpt lon="4.681521" lat="44.508332" /><trkpt lon="4.681537" lat="44.508899" /><trkpt lon="4.682496" lat="44.512127" /><trkpt lon="4.683007" lat="44.512738" /><trkpt lon="4.68453" lat="44.513889" /><trkpt lon="4.690352" lat="44.519201" /><trkpt lon="4.691097" lat="44.520527" /><trkpt lon="4.691634" lat="44.522571" /><trkpt lon="4.692408" lat="44.523589" /><trkpt lon="4.692324" lat="44.524054" /><trkpt lon="4.692526" lat="44.524777" /><trkpt lon="4.69237" lat="44.525551" /><trkpt lon="4.692431" lat="44.526522" /><trkpt lon="4.694116" lat="44.535797" /><trkpt lon="4.694229" lat="44.53729" /><trkpt lon="4.694071" lat="44.538297" /><trkpt lon="4.693559" lat="44.539432" /><trkpt lon="4.68997" lat="44.544407" /><trkpt lon="4.689427" lat="44.545858" /><trkpt lon="4.689338" lat="44.5477" /><trkpt lon="4.690456" lat="44.551197" /><trkpt lon="4.690725" lat="44.552715" /><trkpt lon="4.690645" lat="44.553206" /><trkpt lon="4.690027" lat="44.554322" /><trkpt lon="4.689602" lat="44.554775" /><trkpt lon="4.689512" lat="44.555221" /><trkpt lon="4.690585" lat="44.557914" /><trkpt lon="4.696204" lat="44.56801" /><trkpt lon="4.696573" lat="44.568303" /><trkpt lon="4.696455" lat="44.568701" /><trkpt lon="4.698849" lat="44.575111" /><trkpt lon="4.700014" lat="44.576665" /><trkpt lon="4.703107" lat="44.579822" /><trkpt lon="4.703776" lat="44.580166" /><trkpt lon="4.703642" lat="44.58041" /><trkpt lon="4.70219" lat="44.580643" /><trkpt lon="4.701175" lat="44.58145" /><trkpt lon="4.700248" lat="44.583838" /><trkpt lon="4.700309" lat="44.584373" /><trkpt lon="4.702719" lat="44.586903" /><trkpt lon="4.705095" lat="44.588351" /><trkpt lon="4.705921" lat="44.589325" /><trkpt lon="4.709371" lat="44.591026" /><trkpt lon="4.712892" lat="44.594243" /><trkpt lon="4.714707" lat="44.597713" /><trkpt lon="4.718179" lat="44.601108" /><trkpt lon="4.719329" lat="44.60372" /><trkpt lon="4.719588" lat="44.60394" /><trkpt lon="4.719572" lat="44.604278" /><trkpt lon="4.720166" lat="44.605677" /><trkpt lon="4.72061" lat="44.606326" /><trkpt lon="4.723402" lat="44.608187" /><trkpt lon="4.727511" lat="44.611672" /><trkpt lon="4.728178" lat="44.61192" /><trkpt lon="4.728327" lat="44.612365" /><trkpt lon="4.740032" lat="44.622526" /><trkpt lon="4.741284" lat="44.624911" /><trkpt lon="4.740861" lat="44.625003" /><trkpt lon="4.740675" lat="44.624871" /><trkpt lon="4.739554" lat="44.623158" /><trkpt lon="4.738488" lat="44.621886" /><trkpt lon="4.739554" lat="44.623158" /><trkpt lon="4.740675" lat="44.624871" /><trkpt lon="4.740861" lat="44.625003" /><trkpt lon="4.741284" lat="44.624911" /><trkpt lon="4.74284" lat="44.628255" /><trkpt lon="4.743956" lat="44.631964" /><trkpt lon="4.744233" lat="44.632412" /><trkpt lon="4.745" lat="44.632965" /><trkpt lon="4.747505" lat="44.637374" /><trkpt lon="4.750562" lat="44.641134" /><trkpt lon="4.751394" lat="44.642683" /><trkpt lon="4.753835" lat="44.645279" /><trkpt lon="4.755412" lat="44.646291" /><trkpt lon="4.756016" lat="44.646895" /><trkpt lon="4.756278" lat="44.647534" /><trkpt lon="4.756352" lat="44.648643" /><trkpt lon="4.756725" lat="44.649333" /><trkpt lon="4.760631" lat="44.652868" /><trkpt lon="4.761849" lat="44.654338" /><trkpt lon="4.762933" lat="44.658184" /><trkpt lon="4.763098" lat="44.659428" /><trkpt lon="4.766022" lat="44.664085" /><trkpt lon="4.766612" lat="44.665448" /><trkpt lon="4.767602" lat="44.666583" /><trkpt lon="4.76988" lat="44.670923" /><trkpt lon="4.770274" lat="44.672147" /><trkpt lon="4.770474" lat="44.674004" /><trkpt lon="4.77143" lat="44.67845" /><trkpt lon="4.77232" lat="44.691129" /><trkpt lon="4.771854" lat="44.692888" /><trkpt lon="4.769932" lat="44.695294" /><trkpt lon="4.769006" lat="44.697671" /><trkpt lon="4.767417" lat="44.6993" /><trkpt lon="4.766336" lat="44.700825" /><trkpt lon="4.765682" lat="44.702099" /><trkpt lon="4.765441" lat="44.703464" /><trkpt lon="4.765027" lat="44.704275" /><trkpt lon="4.7648" lat="44.705441" /><trkpt lon="4.764723" lat="44.706067" /><trkpt lon="4.764975" lat="44.707351" /><trkpt lon="4.764844" lat="44.707853" /><trkpt lon="4.765683" lat="44.708498" /><trkpt lon="4.766307" lat="44.709433" /><trkpt lon="4.765271" lat="44.711001" /><trkpt lon="4.76351" lat="44.712346" /><trkpt lon="4.760716" lat="44.715345" /><trkpt lon="4.755218" lat="44.7185" /><trkpt lon="4.753312" lat="44.71914" /><trkpt lon="4.750619" lat="44.720402" /><trkpt lon="4.74972" lat="44.720505" /><trkpt lon="4.74751" lat="44.722354" /><trkpt lon="4.74571" lat="44.723392" /><trkpt lon="4.744198" lat="44.724738" /><trkpt lon="4.74242" lat="44.725916" /><trkpt lon="4.741853" lat="44.72668" /><trkpt lon="4.73965" lat="44.73198" /><trkpt lon="4.739621" lat="44.732475" /><trkpt lon="4.741487" lat="44.73729" /><trkpt lon="4.742216" lat="44.740126" /><trkpt lon="4.743407" lat="44.741959" /><trkpt lon="4.743531" lat="44.742551" /><trkpt lon="4.745447" lat="44.746686" /><trkpt lon="4.745946" lat="44.747406" /><trkpt lon="4.7462" lat="44.748323" /><trkpt lon="4.747724" lat="44.751177" /><trkpt lon="4.748689" lat="44.753727" /><trkpt lon="4.749298" lat="44.754538" /><trkpt lon="4.749614" lat="44.755668" /><trkpt lon="4.749768" lat="44.755848" /><trkpt lon="4.750293" lat="44.755938" /><trkpt lon="4.755264" lat="44.756342" /><trkpt lon="4.759862" lat="44.756165" /><trkpt lon="4.760679" lat="44.755975" /><trkpt lon="4.762455" lat="44.756132" /><trkpt lon="4.789781" lat="44.755369" /><trkpt lon="4.790278" lat="44.755252" /><trkpt lon="4.790486" lat="44.755368" /><trkpt lon="4.790667" lat="44.755932" /><trkpt lon="4.792123" lat="44.757916" /><trkpt lon="4.792592" lat="44.758269" /><trkpt lon="4.793423" lat="44.7583" /><trkpt lon="4.795283" lat="44.75781" /><trkpt lon="4.795872" lat="44.757918" /><trkpt lon="4.796065" lat="44.75829" /><trkpt lon="4.795419" lat="44.759396" /><trkpt lon="4.795593" lat="44.7602" /><trkpt lon="4.799976" lat="44.767887" /><trkpt lon="4.802048" lat="44.770789" /><trkpt lon="4.803644" lat="44.772631" /><trkpt lon="4.805637" lat="44.77454" /><trkpt lon="4.807213" lat="44.775793" /><trkpt lon="4.810918" lat="44.778108" /><trkpt lon="4.814944" lat="44.779901" /><trkpt lon="4.817918" lat="44.780861" /><trkpt lon="4.826669" lat="44.783072" /><trkpt lon="4.830519" lat="44.784481" /><trkpt lon="4.834556" lat="44.786654" /><trkpt lon="4.836853" lat="44.788335" /><trkpt lon="4.838347" lat="44.789694" /><trkpt lon="4.849516" lat="44.802714" /><trkpt lon="4.85236" lat="44.806425" /><trkpt lon="4.854088" lat="44.809219" /><trkpt lon="4.855176" lat="44.811342" /><trkpt lon="4.85834" lat="44.819085" /><trkpt lon="4.859128" lat="44.821648" /><trkpt lon="4.863149" lat="44.838248" /><trkpt lon="4.866689" lat="44.854718" /><trkpt lon="4.866956" lat="44.858242" /><trkpt lon="4.86684" lat="44.86067" /><trkpt lon="4.866395" lat="44.863614" /><trkpt lon="4.865321" lat="44.868238" /><trkpt lon="4.864912" lat="44.871288" /><trkpt lon="4.864994" lat="44.874472" /><trkpt lon="4.865619" lat="44.877666" /><trkpt lon="4.867234" lat="44.881864" /><trkpt lon="4.87358" lat="44.895789" /><trkpt lon="4.874966" lat="44.899668" /><trkpt lon="4.876826" lat="44.907479" /><trkpt lon="4.877397" lat="44.910731" /><trkpt lon="4.877505" lat="44.913577" /><trkpt lon="4.877099" lat="44.919237" /><trkpt lon="4.877322" lat="44.921" /><trkpt lon="4.877771" lat="44.922455" /><trkpt lon="4.878818" lat="44.924508" /><trkpt lon="4.880199" lat="44.926344" /><trkpt lon="4.884893" lat="44.931957" /><trkpt lon="4.887623" lat="44.934449" /><trkpt lon="4.888714" lat="44.935953" /><trkpt lon="4.889486" lat="44.937907" /><trkpt lon="4.889986" lat="44.942501" /><trkpt lon="4.890797" lat="44.94534" /><trkpt lon="4.890901" lat="44.946216" /><trkpt lon="4.890834" lat="44.947159" /><trkpt lon="4.890571" lat="44.948052" /><trkpt lon="4.889424" lat="44.95001" /><trkpt lon="4.888927" lat="44.951225" /><trkpt lon="4.888053" lat="44.955927" /><trkpt lon="4.886945" lat="44.959503" /><trkpt lon="4.886142" lat="44.961364" /><trkpt lon="4.88495" lat="44.963391" /><trkpt lon="4.884584" lat="44.964437" /><trkpt lon="4.884539" lat="44.966431" /><trkpt lon="4.886021" lat="44.971685" /><trkpt lon="4.886067" lat="44.973167" /><trkpt lon="4.885847" lat="44.974383" /><trkpt lon="4.883256" lat="44.979873" /><trkpt lon="4.882752" lat="44.981436" /><trkpt lon="4.882321" lat="44.98401" /><trkpt lon="4.882153" lat="44.987733" /><trkpt lon="4.881632" lat="44.989844" /><trkpt lon="4.880857" lat="44.991534" /><trkpt lon="4.878398" lat="44.995475" /><trkpt lon="4.877291" lat="44.997699" /><trkpt lon="4.87637" lat="45.000407" /><trkpt lon="4.875794" lat="45.00355" /><trkpt lon="4.875719" lat="45.006219" /><trkpt lon="4.876065" lat="45.014623" /><trkpt lon="4.875197" lat="45.023168" /><trkpt lon="4.875121" lat="45.02736" /><trkpt lon="4.875683" lat="45.031886" /><trkpt lon="4.876436" lat="45.034975" /><trkpt lon="4.877944" lat="45.039925" /><trkpt lon="4.878258" lat="45.041667" /><trkpt lon="4.878429" lat="45.044025" /><trkpt lon="4.878355" lat="45.04589" /><trkpt lon="4.877091" lat="45.05692" /><trkpt lon="4.876165" lat="45.060458" /><trkpt lon="4.874873" lat="45.063149" /><trkpt lon="4.873124" lat="45.065694" /><trkpt lon="4.870485" lat="45.068571" /><trkpt lon="4.869529" lat="45.069912" /><trkpt lon="4.868782" lat="45.071869" /><trkpt lon="4.868655" lat="45.073778" /><trkpt lon="4.869221" lat="45.075922" /><trkpt lon="4.870308" lat="45.077688" /><trkpt lon="4.871262" lat="45.078702" /><trkpt lon="4.87416" lat="45.081037" /><trkpt lon="4.87578" lat="45.082554" /><trkpt lon="4.877499" lat="45.08478" /><trkpt lon="4.878566" lat="45.086879" /><trkpt lon="4.879133" lat="45.088724" /><trkpt lon="4.879451" lat="45.091758" /><trkpt lon="4.879192" lat="45.093375" /><trkpt lon="4.878392" lat="45.095958" /><trkpt lon="4.878231" lat="45.098241" /><trkpt lon="4.878567" lat="45.099961" /><trkpt lon="4.879267" lat="45.101574" /><trkpt lon="4.880612" lat="45.103481" /><trkpt lon="4.887645" lat="45.11191" /><trkpt lon="4.892771" lat="45.116437" /><trkpt lon="4.894496" lat="45.118349" /><trkpt lon="4.895311" lat="45.11961" /><trkpt lon="4.896116" lat="45.121375" /><trkpt lon="4.896539" lat="45.122972" /><trkpt lon="4.896688" lat="45.124587" /><trkpt lon="4.896359" lat="45.127146" /><trkpt lon="4.892729" lat="45.138231" /><trkpt lon="4.891691" lat="45.140633" /><trkpt lon="4.889131" lat="45.144889" /><trkpt lon="4.888329" lat="45.147554" /><trkpt lon="4.888242" lat="45.150051" /><trkpt lon="4.889203" lat="45.168272" /><trkpt lon="4.88914" lat="45.169813" /><trkpt lon="4.888826" lat="45.171558" /><trkpt lon="4.888082" lat="45.173678" /><trkpt lon="4.887186" lat="45.175354" /><trkpt lon="4.883166" lat="45.180533" /><trkpt lon="4.882508" lat="45.182126" /><trkpt lon="4.881972" lat="45.184228" /><trkpt lon="4.881289" lat="45.185636" /><trkpt lon="4.880308" lat="45.186926" /><trkpt lon="4.877288" lat="45.190214" /><trkpt lon="4.876217" lat="45.192144" /><trkpt lon="4.875834" lat="45.193709" /><trkpt lon="4.875824" lat="45.195061" /><trkpt lon="4.876074" lat="45.196302" /><trkpt lon="4.87718" lat="45.199149" /><trkpt lon="4.877377" lat="45.20059" /><trkpt lon="4.877236" lat="45.202134" /><trkpt lon="4.876666" lat="45.203745" /><trkpt lon="4.875262" lat="45.205757" /><trkpt lon="4.873029" lat="45.207573" /><trkpt lon="4.870942" lat="45.20862" /><trkpt lon="4.866329" lat="45.210319" /><trkpt lon="4.864437" lat="45.21147" /><trkpt lon="4.862974" lat="45.212786" /><trkpt lon="4.861564" lat="45.214907" /><trkpt lon="4.859744" lat="45.219544" /><trkpt lon="4.858916" lat="45.221219" /><trkpt lon="4.856628" lat="45.224655" /><trkpt lon="4.855115" lat="45.226324" /><trkpt lon="4.851252" lat="45.229563" /><trkpt lon="4.849962" lat="45.231028" /><trkpt lon="4.848848" lat="45.232746" /><trkpt lon="4.846211" lat="45.237792" /><trkpt lon="4.845117" lat="45.239353" /><trkpt lon="4.843618" lat="45.240738" /><trkpt lon="4.840288" lat="45.242835" /><trkpt lon="4.838312" lat="45.244451" /><trkpt lon="4.836778" lat="45.246322" /><trkpt lon="4.835779" lat="45.248285" /><trkpt lon="4.835341" lat="45.250005" /><trkpt lon="4.835265" lat="45.251708" /><trkpt lon="4.836358" lat="45.258943" /><trkpt lon="4.836555" lat="45.26169" /><trkpt lon="4.836235" lat="45.264104" /><trkpt lon="4.835626" lat="45.265999" /><trkpt lon="4.834728" lat="45.267829" /><trkpt lon="4.833366" lat="45.269795" /><trkpt lon="4.824003" lat="45.280294" /><trkpt lon="4.822973" lat="45.281664" /><trkpt lon="4.822516" lat="45.282545" /><trkpt lon="4.822026" lat="45.284215" /><trkpt lon="4.822016" lat="45.286067" /><trkpt lon="4.822262" lat="45.287149" /><trkpt lon="4.823822" lat="45.291572" /><trkpt lon="4.824085" lat="45.292918" /><trkpt lon="4.823943" lat="45.29496" /><trkpt lon="4.823323" lat="45.296631" /><trkpt lon="4.82224" lat="45.298231" /><trkpt lon="4.821139" lat="45.29933" /><trkpt lon="4.816786" lat="45.302567" /><trkpt lon="4.814921" lat="45.304234" /><trkpt lon="4.8132" lat="45.306509" /><trkpt lon="4.812104" lat="45.309072" /><trkpt lon="4.811746" lat="45.311543" /><trkpt lon="4.812269" lat="45.321326" /><trkpt lon="4.812103" lat="45.324957" /><trkpt lon="4.81172" lat="45.328359" /><trkpt lon="4.810645" lat="45.333722" /><trkpt lon="4.805835" lat="45.351266" /><trkpt lon="4.805287" lat="45.354029" /><trkpt lon="4.805355" lat="45.357032" /><trkpt lon="4.806147" lat="45.36121" /><trkpt lon="4.806692" lat="45.363477" /><trkpt lon="4.808263" lat="45.368548" /><trkpt lon="4.808363" lat="45.369313" /><trkpt lon="4.808254" lat="45.370371" /><trkpt lon="4.807873" lat="45.371362" /><trkpt lon="4.807277" lat="45.372238" /><trkpt lon="4.805326" lat="45.374307" /><trkpt lon="4.804843" lat="45.375223" /><trkpt lon="4.804588" lat="45.376353" /><trkpt lon="4.804692" lat="45.377578" /><trkpt lon="4.805749" lat="45.382612" /><trkpt lon="4.805858" lat="45.384304" /><trkpt lon="4.805688" lat="45.387615" /><trkpt lon="4.80624" lat="45.390614" /><trkpt lon="4.807263" lat="45.393062" /><trkpt lon="4.808944" lat="45.395612" /><trkpt lon="4.825868" lat="45.413586" /><trkpt lon="4.827328" lat="45.415918" /><trkpt lon="4.827928" lat="45.417719" /><trkpt lon="4.828129" lat="45.419527" /><trkpt lon="4.827889" lat="45.421512" /><trkpt lon="4.827252" lat="45.423175" /><trkpt lon="4.824948" lat="45.427433" /><trkpt lon="4.824411" lat="45.428716" /><trkpt lon="4.823954" lat="45.43062" /><trkpt lon="4.823898" lat="45.432701" /><trkpt lon="4.824247" lat="45.434671" /><trkpt lon="4.831865" lat="45.459124" /><trkpt lon="4.832995" lat="45.464124" /><trkpt lon="4.833384" lat="45.468656" /><trkpt lon="4.833165" lat="45.472732" /><trkpt lon="4.833801" lat="45.475481" /><trkpt lon="4.833333" lat="45.478832" /><trkpt lon="4.833364" lat="45.479766" /><trkpt lon="4.833617" lat="45.48086" /><trkpt lon="4.83467" lat="45.483483" /><trkpt lon="4.834796" lat="45.484554" /><trkpt lon="4.834583" lat="45.485687" /><trkpt lon="4.832772" lat="45.489012" /><trkpt lon="4.832615" lat="45.490093" /><trkpt lon="4.832793" lat="45.490922" /><trkpt lon="4.833161" lat="45.491696" /><trkpt lon="4.833842" lat="45.492533" /><trkpt lon="4.837946" lat="45.495851" /><trkpt lon="4.838887" lat="45.497042" /><trkpt lon="4.839291" lat="45.49847" /><trkpt lon="4.839096" lat="45.503252" /><trkpt lon="4.839465" lat="45.504274" /><trkpt lon="4.840125" lat="45.505162" /><trkpt lon="4.841067" lat="45.505935" /><trkpt lon="4.843682" lat="45.507207" /><trkpt lon="4.84483" lat="45.507937" /><trkpt lon="4.848096" lat="45.511172" /><trkpt lon="4.849209" lat="45.512016" /><trkpt lon="4.850542" lat="45.512693" /><trkpt lon="4.855982" lat="45.514865" /><trkpt lon="4.85735" lat="45.515744" /><trkpt lon="4.858215" lat="45.516592" /><trkpt lon="4.858797" lat="45.517451" /><trkpt lon="4.859175" lat="45.518371" /><trkpt lon="4.85953" lat="45.521117" /><trkpt lon="4.859795" lat="45.522007" /><trkpt lon="4.861585" lat="45.525828" /><trkpt lon="4.861876" lat="45.527087" /><trkpt lon="4.861903" lat="45.528357" /><trkpt lon="4.861641" lat="45.529723" /><trkpt lon="4.860937" lat="45.531279" /><trkpt lon="4.857944" lat="45.535063" /><trkpt lon="4.85523" lat="45.54088" /><trkpt lon="4.854291" lat="45.54206" /><trkpt lon="4.852874" lat="45.542942" /><trkpt lon="4.851228" lat="45.543434" /><trkpt lon="4.849535" lat="45.543559" /><trkpt lon="4.845746" lat="45.543348" /><trkpt lon="4.843479" lat="45.543783" /><trkpt lon="4.840794" lat="45.544722" /><trkpt lon="4.838708" lat="45.545654" /><trkpt lon="4.83408" lat="45.548362" /><trkpt lon="4.829082" lat="45.552388" /><trkpt lon="4.823934" lat="45.557622" /><trkpt lon="4.819576" lat="45.562786" /><trkpt lon="4.818173" lat="45.564799" /><trkpt lon="4.816519" lat="45.567819" /><trkpt lon="4.815612" lat="45.569008" /><trkpt lon="4.814399" lat="45.570241" /><trkpt lon="4.811556" lat="45.572327" /><trkpt lon="4.807104" lat="45.574612" /><trkpt lon="4.805062" lat="45.576283" /><trkpt lon="4.804131" lat="45.577466" /><trkpt lon="4.801867" lat="45.581346" /><trkpt lon="4.79959" lat="45.585894" /><trkpt lon="4.798264" lat="45.589034" /><trkpt lon="4.797381" lat="45.591669" /><trkpt lon="4.796675" lat="45.594449" /><trkpt lon="4.796179" lat="45.597435" /><trkpt lon="4.796037" lat="45.599765" /><trkpt lon="4.796538" lat="45.601584" /><trkpt lon="4.797673" lat="45.603265" /><trkpt lon="4.799448" lat="45.604964" /><trkpt lon="4.804742" lat="45.609181" /><trkpt lon="4.807175" lat="45.611561" /><trkpt lon="4.809186" lat="45.613998" /><trkpt lon="4.812832" lat="45.619821" /><trkpt lon="4.817882" lat="45.629995" /><trkpt lon="4.819715" lat="45.633027" /><trkpt lon="4.821884" lat="45.636085" /><trkpt lon="4.824542" lat="45.639209" /><trkpt lon="4.831347" lat="45.645792" /><trkpt lon="4.835183" lat="45.649869" /><trkpt lon="4.838184" lat="45.65348" /><trkpt lon="4.839763" lat="45.655875" /><trkpt lon="4.841185" lat="45.658699" /><trkpt lon="4.843504" lat="45.664387" /><trkpt lon="4.846859" lat="45.670909" /><trkpt lon="4.847663" lat="45.673148" /><trkpt lon="4.848026" lat="45.67512" /><trkpt lon="4.848081" lat="45.677116" /><trkpt lon="4.846964" lat="45.685266" /><trkpt lon="4.845567" lat="45.691221" /><trkpt lon="4.844825" lat="45.692642" /><trkpt lon="4.843502" lat="45.6938" /><trkpt lon="4.837223" lat="45.697528" /><trkpt lon="4.836208" lat="45.698775" /><trkpt lon="4.83521" lat="45.702588" /><trkpt lon="4.83419" lat="45.704062" /><trkpt lon="4.828953" lat="45.709412" /><trkpt lon="4.82802" lat="45.710033" /><trkpt lon="4.824031" lat="45.712079" /><trkpt lon="4.822478" lat="45.713307" /><trkpt lon="4.821377" lat="45.714547" /><trkpt lon="4.818616" lat="45.71962" /><trkpt lon="4.816246" lat="45.728614" /><trkpt lon="4.815529" lat="45.730108" /><trkpt lon="4.815477" lat="45.730447" /><trkpt lon="4.815645" lat="45.73081" /><trkpt lon="4.829831" lat="45.747457" /><trkpt lon="4.830001" lat="45.747771" /><trkpt lon="4.829912" lat="45.748091" /><trkpt lon="4.828444" lat="45.749029" /><trkpt lon="4.821228" lat="45.751556" /><trkpt lon="4.818092" lat="45.754712" /><trkpt lon="4.810892" lat="45.759856" /><trkpt lon="4.805531" lat="45.762076" /><trkpt lon="4.803659" lat="45.763042" /><trkpt lon="4.791978" lat="45.770476" /><trkpt lon="4.786022" lat="45.773644" /><trkpt lon="4.784992" lat="45.774344" /><trkpt lon="4.781482" lat="45.777559" /><trkpt lon="4.780899" lat="45.778435" /><trkpt lon="4.780712" lat="45.779102" /><trkpt lon="4.780708" lat="45.779836" /><trkpt lon="4.780954" lat="45.78063" /><trkpt lon="4.781558" lat="45.781446" /><trkpt lon="4.784168" lat="45.783916" /><trkpt lon="4.784654" lat="45.784614" /><trkpt lon="4.785014" lat="45.785617" /><trkpt lon="4.78504" lat="45.786408" /><trkpt lon="4.784816" lat="45.787276" /><trkpt lon="4.783358" lat="45.790332" /><trkpt lon="4.782434" lat="45.79194" /><trkpt lon="4.781168" lat="45.793542" /><trkpt lon="4.772139" lat="45.802413" /><trkpt lon="4.770514" lat="45.804345" /><trkpt lon="4.769378" lat="45.806966" /><trkpt lon="4.762881" lat="45.826791" /><trkpt lon="4.760936" lat="45.831011" /><trkpt lon="4.758991" lat="45.834044" /><trkpt lon="4.757433" lat="45.836006" /><trkpt lon="4.748732" lat="45.845126" /><trkpt lon="4.746472" lat="45.848071" /><trkpt lon="4.744379" lat="45.851556" /><trkpt lon="4.74271" lat="45.85551" /><trkpt lon="4.741695" lat="45.859537" /><trkpt lon="4.740107" lat="45.876148" /><trkpt lon="4.739352" lat="45.880094" /><trkpt lon="4.737846" lat="45.884244" /><trkpt lon="4.731042" lat="45.898187" /><trkpt lon="4.729656" lat="45.901797" /><trkpt lon="4.728817" lat="45.904874" /><trkpt lon="4.725386" lat="45.921522" /><trkpt lon="4.725225" lat="45.923323" /><trkpt lon="4.725591" lat="45.925124" /><trkpt lon="4.726043" lat="45.926137" /><trkpt lon="4.72785" lat="45.929082" /><trkpt lon="4.728419" lat="45.930589" /><trkpt lon="4.728579" lat="45.932319" /><trkpt lon="4.728373" lat="45.933717" /><trkpt lon="4.727576" lat="45.935587" /><trkpt lon="4.726433" lat="45.937087" /><trkpt lon="4.720585" lat="45.942126" /><trkpt lon="4.718447" lat="45.94444" /><trkpt lon="4.717422" lat="45.94607" /><trkpt lon="4.716679" lat="45.947837" /><trkpt lon="4.716313" lat="45.949342" /><trkpt lon="4.716178" lat="45.950937" /><trkpt lon="4.716276" lat="45.952352" /><trkpt lon="4.716653" lat="45.954045" /><trkpt lon="4.717323" lat="45.955706" /><trkpt lon="4.718246" lat="45.957251" /><trkpt lon="4.729163" lat="45.970071" /><trkpt lon="4.730338" lat="45.971113" /><trkpt lon="4.732486" lat="45.972564" /><trkpt lon="4.733408" lat="45.973518" /><trkpt lon="4.734245" lat="45.975539" /><trkpt lon="4.735528" lat="45.9774" /><trkpt lon="4.736217" lat="45.978784" /><trkpt lon="4.736689" lat="45.980139" /><trkpt lon="4.736971" lat="45.981767" /><trkpt lon="4.737078" lat="45.991653" /><trkpt lon="4.736914" lat="45.993827" /><trkpt lon="4.736319" lat="45.996839" /><trkpt lon="4.735204" lat="46.000001" /><trkpt lon="4.731846" lat="46.006497" /><trkpt lon="4.726506" lat="46.018541" /><trkpt lon="4.725708" lat="46.020587" /><trkpt lon="4.725274" lat="46.022466" /><trkpt lon="4.725189" lat="46.02556" /><trkpt lon="4.726277" lat="46.038086" /><trkpt lon="4.726901" lat="46.0416" /><trkpt lon="4.727678" lat="46.043909" /><trkpt lon="4.728528" lat="46.04575" /><trkpt lon="4.732947" lat="46.052757" /><trkpt lon="4.735915" lat="46.05813" /><trkpt lon="4.737665" lat="46.061895" /><trkpt lon="4.739319" lat="46.066102" /><trkpt lon="4.740739" lat="46.070595" /><trkpt lon="4.741632" lat="46.074183" /><trkpt lon="4.742554" lat="46.079418" /><trkpt lon="4.743498" lat="46.087717" /><trkpt lon="4.744061" lat="46.090004" /><trkpt lon="4.745076" lat="46.092622" /><trkpt lon="4.746802" lat="46.095686" /><trkpt lon="4.749145" lat="46.098705" /><trkpt lon="4.75742" lat="46.107192" /><trkpt lon="4.759441" lat="46.109464" /><trkpt lon="4.761093" lat="46.111851" /><trkpt lon="4.762686" lat="46.115328" /><trkpt lon="4.763553" lat="46.119055" /><trkpt lon="4.766081" lat="46.134781" /><trkpt lon="4.767215" lat="46.139069" /><trkpt lon="4.769715" lat="46.146692" /><trkpt lon="4.770462" lat="46.150101" /><trkpt lon="4.770863" lat="46.152802" /><trkpt lon="4.771085" lat="46.155339" /><trkpt lon="4.771145" lat="46.159035" /><trkpt lon="4.770055" lat="46.175547" /><trkpt lon="4.770212" lat="46.178688" /><trkpt lon="4.770879" lat="46.181919" /><trkpt lon="4.772036" lat="46.1851" /><trkpt lon="4.773399" lat="46.188082" /><trkpt lon="4.790916" lat="46.224507" /><trkpt lon="4.797368" lat="46.239869" /><trkpt lon="4.798586" lat="46.243613" /><trkpt lon="4.798906" lat="46.245578" /><trkpt lon="4.798969" lat="46.247333" /><trkpt lon="4.798799" lat="46.249156" /><trkpt lon="4.798251" lat="46.251471" /><trkpt lon="4.797616" lat="46.253134" /><trkpt lon="4.796454" lat="46.255416" /><trkpt lon="4.791124" lat="46.264039" /><trkpt lon="4.789591" lat="46.266958" /><trkpt lon="4.78887" lat="46.268803" /><trkpt lon="4.788288" lat="46.27087" /><trkpt lon="4.787842" lat="46.274526" /><trkpt lon="4.78803" lat="46.277716" /><trkpt lon="4.788509" lat="46.280362" /><trkpt lon="4.792725" lat="46.299858" /><trkpt lon="4.795674" lat="46.312514" /><trkpt lon="4.79677" lat="46.314934" /><trkpt lon="4.798846" lat="46.317943" /><trkpt lon="4.801307" lat="46.320849" /><trkpt lon="4.803765" lat="46.323201" /><trkpt lon="4.805847" lat="46.324681" /><trkpt lon="4.807711" lat="46.325701" /><trkpt lon="4.8137" lat="46.328106" /><trkpt lon="4.815309" lat="46.328916" /><trkpt lon="4.817162" lat="46.330176" /><trkpt lon="4.819129" lat="46.332172" /><trkpt lon="4.820018" lat="46.333557" /><trkpt lon="4.820696" lat="46.335141" /><trkpt lon="4.821953" lat="46.340031" /><trkpt lon="4.823022" lat="46.343018" /><trkpt lon="4.824414" lat="46.345776" /><trkpt lon="4.826692" lat="46.349577" /><trkpt lon="4.827525" lat="46.351356" /><trkpt lon="4.82983" lat="46.359428" /><trkpt lon="4.830848" lat="46.362043" /><trkpt lon="4.831593" lat="46.363472" /><trkpt lon="4.832694" lat="46.365109" /><trkpt lon="4.833827" lat="46.366452" /><trkpt lon="4.840749" lat="46.372927" /><trkpt lon="4.844376" lat="46.376798" /><trkpt lon="4.847323" lat="46.380605" /><trkpt lon="4.849575" lat="46.384128" /><trkpt lon="4.851865" lat="46.388668" /><trkpt lon="4.853256" lat="46.392393" /><trkpt lon="4.854212" lat="46.3959" /><trkpt lon="4.855719" lat="46.403231" /><trkpt lon="4.856811" lat="46.406308" /><trkpt lon="4.858358" lat="46.409155" /><trkpt lon="4.86277" lat="46.415365" /><trkpt lon="4.864674" lat="46.418335" /><trkpt lon="4.866554" lat="46.421908" /><trkpt lon="4.867816" lat="46.425119" /><trkpt lon="4.868509" lat="46.427424" /><trkpt lon="4.869282" lat="46.431252" /><trkpt lon="4.87031" lat="46.439952" /><trkpt lon="4.871339" lat="46.446164" /><trkpt lon="4.872894" lat="46.451731" /><trkpt lon="4.87523" lat="46.457565" /><trkpt lon="4.877266" lat="46.46148" /><trkpt lon="4.880028" lat="46.466068" /><trkpt lon="4.893832" lat="46.486899" /><trkpt lon="4.89974" lat="46.496888" /><trkpt lon="4.902331" lat="46.5004" /><trkpt lon="4.906761" lat="46.505535" /><trkpt lon="4.909773" lat="46.509935" /><trkpt lon="4.911559" lat="46.513329" /><trkpt lon="4.914298" lat="46.519154" /><trkpt lon="4.918774" lat="46.526529" /><trkpt lon="4.919522" lat="46.528442" /><trkpt lon="4.920017" lat="46.530782" /><trkpt lon="4.920038" lat="46.534665" /><trkpt lon="4.919407" lat="46.539447" /><trkpt lon="4.918536" lat="46.541895" /><trkpt lon="4.917183" lat="46.544064" /><trkpt lon="4.91577" lat="46.545646" /><trkpt lon="4.913189" lat="46.547801" /><trkpt lon="4.903771" lat="46.553967" /><trkpt lon="4.901142" lat="46.555895" /><trkpt lon="4.899605" lat="46.557405" /><trkpt lon="4.898523" lat="46.55884" /><trkpt lon="4.896749" lat="46.562541" /><trkpt lon="4.89576" lat="46.566006" /><trkpt lon="4.895652" lat="46.567226" /><trkpt lon="4.895768" lat="46.568889" /><trkpt lon="4.896405" lat="46.571308" /><trkpt lon="4.900172" lat="46.581839" /><trkpt lon="4.900536" lat="46.583799" /><trkpt lon="4.900559" lat="46.585278" /><trkpt lon="4.900245" lat="46.587082" /><trkpt lon="4.899391" lat="46.589207" /><trkpt lon="4.898598" lat="46.590555" /><trkpt lon="4.896489" lat="46.593256" /><trkpt lon="4.894558" lat="46.595273" /><trkpt lon="4.892043" lat="46.597655" /><trkpt lon="4.887681" lat="46.601384" /><trkpt lon="4.88119" lat="46.606124" /><trkpt lon="4.870516" lat="46.613294" /><trkpt lon="4.865774" lat="46.617054" /><trkpt lon="4.862431" lat="46.620281" /><trkpt lon="4.861404" lat="46.621659" /><trkpt lon="4.860691" lat="46.623018" /><trkpt lon="4.860247" lat="46.624525" /><trkpt lon="4.860103" lat="46.625827" /><trkpt lon="4.860216" lat="46.627325" /><trkpt lon="4.860656" lat="46.629549" /><trkpt lon="4.860684" lat="46.63098" /><trkpt lon="4.859376" lat="46.636424" /><trkpt lon="4.859766" lat="46.645594" /><trkpt lon="4.859533" lat="46.648354" /><trkpt lon="4.859124" lat="46.650569" /><trkpt lon="4.85834" lat="46.653273" /><trkpt lon="4.857275" lat="46.65591" /><trkpt lon="4.855698" lat="46.658957" /><trkpt lon="4.849647" lat="46.669061" /><trkpt lon="4.847924" lat="46.672813" /><trkpt lon="4.846786" lat="46.676297" /><trkpt lon="4.845956" lat="46.680172" /><trkpt lon="4.840451" lat="46.71252" /><trkpt lon="4.831958" lat="46.751228" /><trkpt lon="4.830736" lat="46.754613" /><trkpt lon="4.829424" lat="46.757237" /><trkpt lon="4.820219" lat="46.771893" /><trkpt lon="4.819564" lat="46.773777" /><trkpt lon="4.819469" lat="46.775091" /><trkpt lon="4.819609" lat="46.778867" /><trkpt lon="4.820213" lat="46.788215" /><trkpt lon="4.821186" lat="46.791108" /><trkpt lon="4.824323" lat="46.79883" /><trkpt lon="4.824993" lat="46.801018" /><trkpt lon="4.826789" lat="46.809178" /><trkpt lon="4.831218" lat="46.827037" /><trkpt lon="4.831868" lat="46.830384" /><trkpt lon="4.832252" lat="46.834929" /><trkpt lon="4.832114" lat="46.838308" /><trkpt lon="4.831826" lat="46.840405" /><trkpt lon="4.831301" lat="46.842822" /><trkpt lon="4.830478" lat="46.845586" /><trkpt lon="4.829559" lat="46.84795" /><trkpt lon="4.827198" lat="46.852865" /><trkpt lon="4.822035" lat="46.862818" /><trkpt lon="4.820202" lat="46.867696" /><trkpt lon="4.819187" lat="46.872282" /><trkpt lon="4.81889" lat="46.876974" /><trkpt lon="4.819174" lat="46.880829" /><trkpt lon="4.820004" lat="46.885351" /><trkpt lon="4.822232" lat="46.894255" /><trkpt lon="4.822593" lat="46.897346" /><trkpt lon="4.822528" lat="46.899908" /><trkpt lon="4.822304" lat="46.901498" /><trkpt lon="4.819883" lat="46.911591" /><trkpt lon="4.819073" lat="46.9168" /><trkpt lon="4.818999" lat="46.920073" /><trkpt lon="4.819142" lat="46.922571" /><trkpt lon="4.819647" lat="46.92573" /><trkpt lon="4.820194" lat="46.927984" /><trkpt lon="4.821257" lat="46.931084" /><trkpt lon="4.823331" lat="46.935682" /><trkpt lon="4.833053" lat="46.953543" /><trkpt lon="4.834904" lat="46.957307" /><trkpt lon="4.836352" lat="46.960831" /><trkpt lon="4.838627" lat="46.967335" /><trkpt lon="4.840821" lat="46.972129" /><trkpt lon="4.843066" lat="46.975758" /><trkpt lon="4.852298" lat="46.988264" /><trkpt lon="4.856147" lat="46.99393" /><trkpt lon="4.859539" lat="46.999895" /><trkpt lon="4.871351" lat="47.022058" /><trkpt lon="4.874216" lat="47.026827" /><trkpt lon="4.876899" lat="47.030605" /><trkpt lon="4.881315" lat="47.035841" /><trkpt lon="4.887007" lat="47.041389" /><trkpt lon="4.891737" lat="47.045275" /><trkpt lon="4.903024" lat="47.053589" /><trkpt lon="4.907536" lat="47.057106" /><trkpt lon="4.912647" lat="47.061564" /><trkpt lon="4.916948" lat="47.065803" /><trkpt lon="4.920854" lat="47.070157" /><trkpt lon="4.930144" lat="47.081773" /><trkpt lon="4.935735" lat="47.088082" /><trkpt lon="4.941599" lat="47.093719" /><trkpt lon="4.951632" lat="47.102558" /><trkpt lon="4.956357" lat="47.107316" /><trkpt lon="4.958096" lat="47.109361" /><trkpt lon="4.96062" lat="47.112796" /><trkpt lon="4.967512" lat="47.12412" /><trkpt lon="4.970042" lat="47.127529" /><trkpt lon="4.972894" lat="47.130697" /><trkpt lon="4.974599" lat="47.13235" /><trkpt lon="4.985337" lat="47.14209" /><trkpt lon="4.990048" lat="47.146735" /><trkpt lon="4.991992" lat="47.148984" /><trkpt lon="4.995348" lat="47.153652" /><trkpt lon="4.997762" lat="47.158135" /><trkpt lon="4.999535" lat="47.162734" /><trkpt lon="5.000483" lat="47.166398" /><trkpt lon="5.001037" lat="47.170822" /><trkpt lon="5.001101" lat="47.172456" /><trkpt lon="5.001022" lat="47.175504" /><trkpt lon="5.000524" lat="47.179236" /><trkpt lon="4.99963" lat="47.183033" /><trkpt lon="4.997565" lat="47.189819" /><trkpt lon="4.996759" lat="47.193638" /><trkpt lon="4.996486" lat="47.197583" /><trkpt lon="4.996727" lat="47.201248" /><trkpt lon="4.997679" lat="47.205768" /><trkpt lon="4.999598" lat="47.210686" /><trkpt lon="5.000409" lat="47.212275" /><trkpt lon="5.002266" lat="47.215234" /><trkpt lon="5.005713" lat="47.219547" /><trkpt lon="5.009986" lat="47.223648" /><trkpt lon="5.016827" lat="47.229507" /><trkpt lon="5.019751" lat="47.232276" /><trkpt lon="5.021712" lat="47.234569" /><trkpt lon="5.023993" lat="47.238333" /><trkpt lon="5.025419" lat="47.239885" /><trkpt lon="5.026923" lat="47.240979" /><trkpt lon="5.028198" lat="47.24168" /><trkpt lon="5.031241" lat="47.242782" /><trkpt lon="5.033439" lat="47.243177" /><trkpt lon="5.038887" lat="47.243586" /><trkpt lon="5.042068" lat="47.24407" /><trkpt lon="5.046077" lat="47.245155" /><trkpt lon="5.052713" lat="47.247579" /><trkpt lon="5.054313" lat="47.247948" /><trkpt lon="5.056765" lat="47.248237" /><trkpt lon="5.059738" lat="47.248145" /><trkpt lon="5.061821" lat="47.247802" /><trkpt lon="5.06378" lat="47.247247" /><trkpt lon="5.069404" lat="47.244939" /><trkpt lon="5.072866" lat="47.243816" /><trkpt lon="5.076663" lat="47.24305" /><trkpt lon="5.080617" lat="47.242729" /><trkpt lon="5.084079" lat="47.242812" /><trkpt lon="5.088287" lat="47.243218" /><trkpt lon="5.098706" lat="47.244648" /><trkpt lon="5.10281" lat="47.245684" /><trkpt lon="5.107723" lat="47.247701" /><trkpt lon="5.11177" lat="47.250062" /><trkpt lon="5.116524" lat="47.253708" /><trkpt lon="5.127361" lat="47.263859" /><trkpt lon="5.130637" lat="47.266525" /><trkpt lon="5.133324" lat="47.268301" /><trkpt lon="5.13561" lat="47.269592" /><trkpt lon="5.143709" lat="47.273608" /><trkpt lon="5.146398" lat="47.27527" /><trkpt lon="5.149843" lat="47.277826" /><trkpt lon="5.152235" lat="47.280092" /><trkpt lon="5.15432" lat="47.282494" /><trkpt lon="5.157748" lat="47.287261" /><trkpt lon="5.159947" lat="47.28983" /><trkpt lon="5.163077" lat="47.292849" /><trkpt lon="5.167225" lat="47.296264" /><trkpt lon="5.168905" lat="47.297975" /><trkpt lon="5.171151" lat="47.301001" /><trkpt lon="5.172251" lat="47.303226" /><trkpt lon="5.172858" lat="47.305132" /><trkpt lon="5.173241" lat="47.307536" /><trkpt lon="5.173154" lat="47.310251" /><trkpt lon="5.172855" lat="47.312028" /><trkpt lon="5.171272" lat="47.318987" /><trkpt lon="5.169648" lat="47.327956" /><trkpt lon="5.169109" lat="47.330215" /><trkpt lon="5.168029" lat="47.333287" /><trkpt lon="5.165635" lat="47.338521" /><trkpt lon="5.164591" lat="47.341832" /><trkpt lon="5.162614" lat="47.353041" /><trkpt lon="5.162467" lat="47.356194" /><trkpt lon="5.162609" lat="47.358417" /><trkpt lon="5.16312" lat="47.361414" /><trkpt lon="5.164639" lat="47.367148" /><trkpt lon="5.165713" lat="47.37323" /><trkpt lon="5.166605" lat="47.376059" /><trkpt lon="5.167616" lat="47.378398" /><trkpt lon="5.170836" lat="47.384729" /><trkpt lon="5.17269" lat="47.387468" /><trkpt lon="5.175157" lat="47.39011" /><trkpt lon="5.179866" lat="47.394163" /><trkpt lon="5.181407" lat="47.395995" /><trkpt lon="5.182214" lat="47.397389" /><trkpt lon="5.182708" lat="47.398616" /><trkpt lon="5.183034" lat="47.399981" /><trkpt lon="5.183132" lat="47.401715" /><trkpt lon="5.182784" lat="47.40379" /><trkpt lon="5.182014" lat="47.405683" /><trkpt lon="5.177263" lat="47.412992" /><trkpt lon="5.174132" lat="47.420031" /><trkpt lon="5.171017" lat="47.425296" /><trkpt lon="5.168591" lat="47.430075" /><trkpt lon="5.16777" lat="47.432594" /><trkpt lon="5.167182" lat="47.43571" /><trkpt lon="5.167001" lat="47.43859" /><trkpt lon="5.16721" lat="47.440932" /><trkpt lon="5.168048" lat="47.444466" /><trkpt lon="5.169146" lat="47.447073" /><trkpt lon="5.170391" lat="47.449384" /><trkpt lon="5.176161" lat="47.458255" /><trkpt lon="5.178897" lat="47.461754" /><trkpt lon="5.185172" lat="47.468365" /><trkpt lon="5.186443" lat="47.469947" /><trkpt lon="5.188278" lat="47.47313" /><trkpt lon="5.18931" lat="47.475938" /><trkpt lon="5.189729" lat="47.478418" /><trkpt lon="5.189804" lat="47.480075" /><trkpt lon="5.189661" lat="47.482003" /><trkpt lon="5.188707" lat="47.487954" /><trkpt lon="5.188465" lat="47.491038" /><trkpt lon="5.188656" lat="47.494134" /><trkpt lon="5.188936" lat="47.495669" /><trkpt lon="5.190149" lat="47.499344" /><trkpt lon="5.194203" lat="47.507777" /><trkpt lon="5.196064" lat="47.512874" /><trkpt lon="5.197748" lat="47.51894" /><trkpt lon="5.198769" lat="47.524831" /><trkpt lon="5.199102" lat="47.528227" /><trkpt lon="5.19923" lat="47.533614" /><trkpt lon="5.199064" lat="47.537085" /><trkpt lon="5.197703" lat="47.550417" /><trkpt lon="5.19769" lat="47.553808" /><trkpt lon="5.198063" lat="47.556837" /><trkpt lon="5.198889" lat="47.559781" /><trkpt lon="5.200017" lat="47.562149" /><trkpt lon="5.201535" lat="47.564302" /><trkpt lon="5.206051" lat="47.569484" /><trkpt lon="5.208403" lat="47.573208" /><trkpt lon="5.209334" lat="47.575319" /><trkpt lon="5.20998" lat="47.577426" /><trkpt lon="5.210422" lat="47.579788" /><trkpt lon="5.210556" lat="47.581903" /><trkpt lon="5.210154" lat="47.585983" /><trkpt lon="5.209113" lat="47.589746" /><trkpt lon="5.207253" lat="47.593832" /><trkpt lon="5.205775" lat="47.596225" /><trkpt lon="5.204156" lat="47.598415" /><trkpt lon="5.200799" lat="47.602068" /><trkpt lon="5.19728" lat="47.605063" /><trkpt lon="5.193661" lat="47.607575" /><trkpt lon="5.187163" lat="47.611369" /><trkpt lon="5.184192" lat="47.613623" /><trkpt lon="5.181667" lat="47.616402" /><trkpt lon="5.179909" lat="47.619448" /><trkpt lon="5.17908" lat="47.622318" /><trkpt lon="5.17891" lat="47.624763" /><trkpt lon="5.179114" lat="47.626666" /><trkpt lon="5.180254" lat="47.633092" /><trkpt lon="5.180427" lat="47.635941" /><trkpt lon="5.180271" lat="47.639497" /><trkpt lon="5.179452" lat="47.64411" /><trkpt lon="5.175907" lat="47.656749" /><trkpt lon="5.175093" lat="47.660263" /><trkpt lon="5.174652" lat="47.663903" /><trkpt lon="5.174673" lat="47.667561" /><trkpt lon="5.175403" lat="47.672502" /><trkpt lon="5.176788" lat="47.677011" /><trkpt lon="5.178643" lat="47.681029" /><trkpt lon="5.183703" lat="47.689751" /><trkpt lon="5.185244" lat="47.693462" /><trkpt lon="5.185742" lat="47.695071" /><trkpt lon="5.186515" lat="47.698295" /><trkpt lon="5.187407" lat="47.70544" /><trkpt lon="5.188389" lat="47.711589" /><trkpt lon="5.189222" lat="47.714751" /><trkpt lon="5.191576" lat="47.721591" /><trkpt lon="5.193453" lat="47.72852" /><trkpt lon="5.194185" lat="47.732409" /><trkpt lon="5.194698" lat="47.736955" /><trkpt lon="5.194904" lat="47.74228" /><trkpt lon="5.19449" lat="47.746194" /><trkpt lon="5.193756" lat="47.748839" /><trkpt lon="5.192952" lat="47.750797" /><trkpt lon="5.191942" lat="47.752698" /><trkpt lon="5.188745" lat="47.757614" /><trkpt lon="5.188096" lat="47.759005" /><trkpt lon="5.187716" lat="47.760923" /><trkpt lon="5.187743" lat="47.761797" /><trkpt lon="5.188068" lat="47.763201" /><trkpt lon="5.188604" lat="47.764341" /><trkpt lon="5.189416" lat="47.765522" /><trkpt lon="5.190826" lat="47.766884" /><trkpt lon="5.192185" lat="47.767836" /><trkpt lon="5.194529" lat="47.768968" /><trkpt lon="5.201442" lat="47.771307" /><trkpt lon="5.205376" lat="47.772953" /><trkpt lon="5.209646" lat="47.775477" /><trkpt lon="5.215103" lat="47.779467" /><trkpt lon="5.217015" lat="47.781205" /><trkpt lon="5.218999" lat="47.783324" /><trkpt lon="5.221183" lat="47.786432" /><trkpt lon="5.222761" lat="47.789617" /><trkpt lon="5.224185" lat="47.794425" /><trkpt lon="5.224668" lat="47.797522" /><trkpt lon="5.224839" lat="47.801104" /><trkpt lon="5.224727" lat="47.803567" /><trkpt lon="5.223862" lat="47.812112" /><trkpt lon="5.223862" lat="47.814384" /><trkpt lon="5.224136" lat="47.81752" /><trkpt lon="5.224847" lat="47.821042" /><trkpt lon="5.22701" lat="47.828415" /><trkpt lon="5.227914" lat="47.830834" /><trkpt lon="5.231416" lat="47.838709" /><trkpt lon="5.231839" lat="47.840228" /><trkpt lon="5.232096" lat="47.842767" /><trkpt lon="5.231819" lat="47.845409" /><trkpt lon="5.231041" lat="47.847846" /><trkpt lon="5.221009" lat="47.867983" /><trkpt lon="5.220223" lat="47.870193" /><trkpt lon="5.219699" lat="47.872969" /><trkpt lon="5.219691" lat="47.875708" /><trkpt lon="5.220053" lat="47.877986" /><trkpt lon="5.223239" lat="47.887452" /><trkpt lon="5.223727" lat="47.88984" /><trkpt lon="5.224074" lat="47.892631" /><trkpt lon="5.224079" lat="47.897267" /><trkpt lon="5.222453" lat="47.912389" /><trkpt lon="5.22254" lat="47.913646" /><trkpt lon="5.223253" lat="47.91525" /><trkpt lon="5.224208" lat="47.916347" /><trkpt lon="5.225591" lat="47.917348" /><trkpt lon="5.227316" lat="47.918134" /><trkpt lon="5.229274" lat="47.918634" /><trkpt lon="5.231927" lat="47.918875" /><trkpt lon="5.261136" lat="47.91995" /><trkpt lon="5.266793" lat="47.920695" /><trkpt lon="5.27067" lat="47.921575" /><trkpt lon="5.273836" lat="47.922544" /><trkpt lon="5.276365" lat="47.923494" /><trkpt lon="5.279298" lat="47.924833" /><trkpt lon="5.28398" lat="47.927615" /><trkpt lon="5.287808" lat="47.93079" /><trkpt lon="5.296062" lat="47.939295" /><trkpt lon="5.297913" lat="47.940864" /><trkpt lon="5.300202" lat="47.94246" /><trkpt lon="5.302936" lat="47.944015" /><trkpt lon="5.306024" lat="47.945415" /><trkpt lon="5.309599" lat="47.946648" /><trkpt lon="5.313676" lat="47.947654" /><trkpt lon="5.318432" lat="47.948345" /><trkpt lon="5.322949" lat="47.948566" /><trkpt lon="5.326836" lat="47.948423" /><trkpt lon="5.335374" lat="47.947584" /><trkpt lon="5.33877" lat="47.947608" /><trkpt lon="5.342046" lat="47.947943" /><trkpt lon="5.34612" lat="47.948816" /><trkpt lon="5.354413" lat="47.951753" /><trkpt lon="5.359292" lat="47.952975" /><trkpt lon="5.363199" lat="47.953557" /><trkpt lon="5.372897" lat="47.954478" /><trkpt lon="5.376281" lat="47.955155" /><trkpt lon="5.382797" lat="47.956847" /><trkpt lon="5.385509" lat="47.957405" /><trkpt lon="5.389302" lat="47.957962" /><trkpt lon="5.393932" lat="47.958299" /><trkpt lon="5.400249" lat="47.958212" /><trkpt lon="5.406557" lat="47.957573" /><trkpt lon="5.410375" lat="47.956908" /><trkpt lon="5.414262" lat="47.955993" /><trkpt lon="5.422153" lat="47.953547" /><trkpt lon="5.42484" lat="47.952865" /><trkpt lon="5.42863" lat="47.952391" /><trkpt lon="5.432984" lat="47.952494" /><trkpt lon="5.436503" lat="47.95309" /><trkpt lon="5.439496" lat="47.954018" /><trkpt lon="5.442084" lat="47.955219" /><trkpt lon="5.44611" lat="47.957538" /><trkpt lon="5.44913" lat="47.958672" /><trkpt lon="5.451762" lat="47.959212" /><trkpt lon="5.458558" lat="47.959618" /><trkpt lon="5.461312" lat="47.960119" /><trkpt lon="5.463664" lat="47.960876" /><trkpt lon="5.469458" lat="47.963471" /><trkpt lon="5.472445" lat="47.964461" /><trkpt lon="5.476075" lat="47.965282" /><trkpt lon="5.482266" lat="47.966084" /><trkpt lon="5.484863" lat="47.966574" /><trkpt lon="5.487482" lat="47.967333" /><trkpt lon="5.490104" lat="47.968422" /><trkpt lon="5.492782" lat="47.970002" /><trkpt lon="5.49498" lat="47.97183" /><trkpt lon="5.499804" lat="47.977964" /><trkpt lon="5.507403" lat="47.985513" /><trkpt lon="5.509919" lat="47.988595" /><trkpt lon="5.511824" lat="47.991526" /><trkpt lon="5.513409" lat="47.994817" /><trkpt lon="5.517234" lat="48.005614" /><trkpt lon="5.518412" lat="48.008173" /><trkpt lon="5.519638" lat="48.01022" /><trkpt lon="5.521233" lat="48.012385" /><trkpt lon="5.524365" lat="48.015691" /><trkpt lon="5.526915" lat="48.017811" /><trkpt lon="5.530343" lat="48.020136" /><trkpt lon="5.532908" lat="48.021579" /><trkpt lon="5.539723" lat="48.024995" /><trkpt lon="5.543846" lat="48.027442" /><trkpt lon="5.546541" lat="48.029348" /><trkpt lon="5.553879" lat="48.035029" /><trkpt lon="5.556987" lat="48.036998" /><trkpt lon="5.565616" lat="48.041909" /><trkpt lon="5.570873" lat="48.045559" /><trkpt lon="5.574016" lat="48.048199" /><trkpt lon="5.576405" lat="48.050516" /><trkpt lon="5.58447" lat="48.059987" /><trkpt lon="5.588955" lat="48.064668" /><trkpt lon="5.594946" lat="48.070122" /><trkpt lon="5.597353" lat="48.072094" /><trkpt lon="5.599758" lat="48.073792" /><trkpt lon="5.604562" lat="48.07649" /><trkpt lon="5.61022" lat="48.0788" /><trkpt lon="5.615186" lat="48.080233" /><trkpt lon="5.624034" lat="48.082276" /><trkpt lon="5.627551" lat="48.083399" /><trkpt lon="5.630926" lat="48.084899" /><trkpt lon="5.633187" lat="48.086203" /><trkpt lon="5.635345" lat="48.087791" /><trkpt lon="5.637516" lat="48.089872" /><trkpt lon="5.640274" lat="48.09367" /><trkpt lon="5.642323" lat="48.097378" /><trkpt lon="5.644143" lat="48.09958" /><trkpt lon="5.6468" lat="48.102038" /><trkpt lon="5.654007" lat="48.107669" /><trkpt lon="5.656181" lat="48.109734" /><trkpt lon="5.658266" lat="48.112099" /><trkpt lon="5.660003" lat="48.114537" /><trkpt lon="5.660952" lat="48.116153" /><trkpt lon="5.665049" lat="48.124282" /><trkpt lon="5.667045" lat="48.127266" /><trkpt lon="5.669086" lat="48.129731" /><trkpt lon="5.672904" lat="48.133401" /><trkpt lon="5.681254" lat="48.139648" /><trkpt lon="5.684443" lat="48.142419" /><trkpt lon="5.687251" lat="48.145441" /><trkpt lon="5.691894" lat="48.15157" /><trkpt lon="5.694819" lat="48.155042" /><trkpt lon="5.69662" lat="48.156732" /><trkpt lon="5.701402" lat="48.160454" /><trkpt lon="5.702996" lat="48.161517" /><trkpt lon="5.722624" lat="48.172708" /><trkpt lon="5.726309" lat="48.174543" /><trkpt lon="5.732532" lat="48.176976" /><trkpt lon="5.743544" lat="48.180268" /><trkpt lon="5.745935" lat="48.181118" /><trkpt lon="5.751035" lat="48.183467" /><trkpt lon="5.759706" lat="48.188206" /><trkpt lon="5.762543" lat="48.189417" /><trkpt lon="5.76688" lat="48.19088" /><trkpt lon="5.777462" lat="48.193657" /><trkpt lon="5.782644" lat="48.195537" /><trkpt lon="5.787482" lat="48.197932" /><trkpt lon="5.794872" lat="48.202274" /><trkpt lon="5.799076" lat="48.204225" /><trkpt lon="5.803607" lat="48.205832" /><trkpt lon="5.810815" lat="48.207865" /><trkpt lon="5.814973" lat="48.209523" /><trkpt lon="5.817502" lat="48.210917" /><trkpt lon="5.822656" lat="48.214468" /><trkpt lon="5.825946" lat="48.21618" /><trkpt lon="5.854083" lat="48.226464" /><trkpt lon="5.85727" lat="48.22821" /><trkpt lon="5.858208" lat="48.228938" /><trkpt lon="5.859751" lat="48.230532" /><trkpt lon="5.860973" lat="48.232437" /><trkpt lon="5.861462" lat="48.233812" /><trkpt lon="5.861614" lat="48.236217" /><trkpt lon="5.861025" lat="48.240094" /><trkpt lon="5.861134" lat="48.241921" /><trkpt lon="5.861856" lat="48.244837" /><trkpt lon="5.864432" lat="48.251196" /><trkpt lon="5.865087" lat="48.254452" /><trkpt lon="5.865238" lat="48.257404" /><trkpt lon="5.864823" lat="48.260844" /><trkpt lon="5.863694" lat="48.264482" /><trkpt lon="5.862232" lat="48.267402" /><trkpt lon="5.858816" lat="48.272608" /><trkpt lon="5.857408" lat="48.275162" /><trkpt lon="5.856225" lat="48.278189" /><trkpt lon="5.855528" lat="48.28139" /><trkpt lon="5.855386" lat="48.283327" /><trkpt lon="5.855498" lat="48.285977" /><trkpt lon="5.857454" lat="48.294956" /><trkpt lon="5.857714" lat="48.298577" /><trkpt lon="5.857534" lat="48.300791" /><trkpt lon="5.857172" lat="48.302709" /><trkpt lon="5.854798" lat="48.312191" /><trkpt lon="5.854534" lat="48.315445" /><trkpt lon="5.854813" lat="48.318629" /><trkpt lon="5.856591" lat="48.326344" /><trkpt lon="5.856591" lat="48.328864" /><trkpt lon="5.85603" lat="48.331428" /><trkpt lon="5.85403" lat="48.336256" /><trkpt lon="5.853623" lat="48.337797" /><trkpt lon="5.853434" lat="48.339083" /><trkpt lon="5.853436" lat="48.341406" /><trkpt lon="5.853703" lat="48.343005" /><trkpt lon="5.85427" lat="48.344808" /><trkpt lon="5.855898" lat="48.34781" /><trkpt lon="5.858334" lat="48.350567" /><trkpt lon="5.862941" lat="48.354403" /><trkpt lon="5.864239" lat="48.355824" /><trkpt lon="5.86517" lat="48.357169" /><trkpt lon="5.866129" lat="48.359257" /><trkpt lon="5.866917" lat="48.362664" /><trkpt lon="5.867371" lat="48.36398" /><trkpt lon="5.868628" lat="48.3662" /><trkpt lon="5.870237" lat="48.368067" /><trkpt lon="5.871803" lat="48.369449" /><trkpt lon="5.877332" lat="48.373004" /><trkpt lon="5.87958" lat="48.375075" /><trkpt lon="5.880808" lat="48.376707" /><trkpt lon="5.88152" lat="48.378083" /><trkpt lon="5.881912" lat="48.379229" /><trkpt lon="5.882209" lat="48.381152" /><trkpt lon="5.882069" lat="48.383071" /><trkpt lon="5.880279" lat="48.388104" /><trkpt lon="5.879893" lat="48.39022" /><trkpt lon="5.879944" lat="48.393246" /><trkpt lon="5.881056" lat="48.397787" /><trkpt lon="5.881002" lat="48.39963" /><trkpt lon="5.880621" lat="48.401026" /><trkpt lon="5.879804" lat="48.402437" /><trkpt lon="5.87813" lat="48.404231" /><trkpt lon="5.875985" lat="48.405645" /><trkpt lon="5.872052" lat="48.407497" /><trkpt lon="5.869801" lat="48.408815" /><trkpt lon="5.867816" lat="48.410389" /><trkpt lon="5.865749" lat="48.412795" /><trkpt lon="5.861412" lat="48.421753" /><trkpt lon="5.860371" lat="48.424688" /><trkpt lon="5.859916" lat="48.428057" /><trkpt lon="5.859958" lat="48.429618" /><trkpt lon="5.860232" lat="48.4315" /><trkpt lon="5.860836" lat="48.433588" /><trkpt lon="5.861653" lat="48.435485" /><trkpt lon="5.864879" lat="48.440971" /><trkpt lon="5.866543" lat="48.444741" /><trkpt lon="5.867384" lat="48.447922" /><trkpt lon="5.868526" lat="48.455521" /><trkpt lon="5.869668" lat="48.459005" /><trkpt lon="5.871299" lat="48.462262" /><trkpt lon="5.873284" lat="48.465119" /><trkpt lon="5.874841" lat="48.46696" /><trkpt lon="5.878248" lat="48.470179" /><trkpt lon="5.881989" lat="48.472957" /><trkpt lon="5.891143" lat="48.478333" /><trkpt lon="5.894862" lat="48.480863" /><trkpt lon="5.899601" lat="48.484992" /><trkpt lon="5.902781" lat="48.488658" /><trkpt lon="5.905107" lat="48.491996" /><trkpt lon="5.90688" lat="48.49493" /><trkpt lon="5.909173" lat="48.499229" /><trkpt lon="5.910666" lat="48.502576" /><trkpt lon="5.912307" lat="48.506836" /><trkpt lon="5.913624" lat="48.511115" /><trkpt lon="5.915265" lat="48.517121" /><trkpt lon="5.915579" lat="48.519335" /><trkpt lon="5.9155" lat="48.522228" /><trkpt lon="5.914885" lat="48.52502" /><trkpt lon="5.913847" lat="48.527503" /><trkpt lon="5.91202" lat="48.530553" /><trkpt lon="5.909603" lat="48.533564" /><trkpt lon="5.90805" lat="48.535151" /><trkpt lon="5.899036" lat="48.543177" /><trkpt lon="5.896902" lat="48.545584" /><trkpt lon="5.894691" lat="48.548764" /><trkpt lon="5.893441" lat="48.551113" /><trkpt lon="5.892416" lat="48.553728" /><trkpt lon="5.890485" lat="48.56145" /><trkpt lon="5.887625" lat="48.568443" /><trkpt lon="5.886956" lat="48.570611" /><trkpt lon="5.886342" lat="48.574292" /><trkpt lon="5.886301" lat="48.57686" /><trkpt lon="5.886651" lat="48.579842" /><trkpt lon="5.887964" lat="48.58623" /><trkpt lon="5.888149" lat="48.588887" /><trkpt lon="5.887878" lat="48.592363" /><trkpt lon="5.886133" lat="48.599967" /><trkpt lon="5.885761" lat="48.602994" /><trkpt lon="5.885808" lat="48.606497" /><trkpt lon="5.886665" lat="48.61297" /><trkpt lon="5.886801" lat="48.616273" /><trkpt lon="5.886314" lat="48.61977" /><trkpt lon="5.884249" lat="48.626557" /><trkpt lon="5.883757" lat="48.62923" /><trkpt lon="5.883022" lat="48.631124" /><trkpt lon="5.882373" lat="48.632333" /><trkpt lon="5.880838" lat="48.637867" /><trkpt lon="5.880467" lat="48.641164" /><trkpt lon="5.880239" lat="48.64816" /><trkpt lon="5.880267" lat="48.649248" /><trkpt lon="5.880496" lat="48.650152" /><trkpt lon="5.881293" lat="48.65136" /><trkpt lon="5.882838" lat="48.652496" /><trkpt lon="5.884806" lat="48.653481" /><trkpt lon="5.889259" lat="48.655224" /><trkpt lon="5.892408" lat="48.655859" /><trkpt lon="5.899093" lat="48.656283" /><trkpt lon="5.902096" lat="48.656748" /><trkpt lon="5.905153" lat="48.657677" /><trkpt lon="5.908126" lat="48.659151" /><trkpt lon="5.910151" lat="48.66066" /><trkpt lon="5.911106" lat="48.661636" /><trkpt lon="5.915657" lat="48.66787" /><trkpt lon="5.919259" lat="48.67205" /><trkpt lon="5.921768" lat="48.675812" /><trkpt lon="5.922891" lat="48.676843" /><trkpt lon="5.924616" lat="48.677963" /><trkpt lon="5.926366" lat="48.678731" /><trkpt lon="5.927898" lat="48.679193" /><trkpt lon="5.929769" lat="48.679545" /><trkpt lon="5.937555" lat="48.680271" /><trkpt lon="5.939606" lat="48.680617" /><trkpt lon="5.951191" lat="48.684677" /><trkpt lon="5.95725" lat="48.686401" /><trkpt lon="5.96456" lat="48.687904" /><trkpt lon="5.973422" lat="48.688951" /><trkpt lon="5.982076" lat="48.689221" /><trkpt lon="5.999656" lat="48.688352" /><trkpt lon="6.008013" lat="48.688372" /><trkpt lon="6.019859" lat="48.689145" /><trkpt lon="6.039012" lat="48.691272" /><trkpt lon="6.043653" lat="48.691601" /><trkpt lon="6.068714" lat="48.692586" /><trkpt lon="6.080932" lat="48.693573" /><trkpt lon="6.110076" lat="48.694537" /><trkpt lon="6.114499" lat="48.694039" /><trkpt lon="6.116024" lat="48.69413" /><trkpt lon="6.117233" lat="48.694494" /><trkpt lon="6.118276" lat="48.695155" /><trkpt lon="6.118733" lat="48.695701" /><trkpt lon="6.119882" lat="48.697742" /><trkpt lon="6.121694" lat="48.69914" /><trkpt lon="6.12703" lat="48.701619" /><trkpt lon="6.13658" lat="48.704916" /><trkpt lon="6.138598" lat="48.705774" /><trkpt lon="6.141041" lat="48.707294" /><trkpt lon="6.14803" lat="48.712183" /><trkpt lon="6.149685" lat="48.713118" /><trkpt lon="6.151005" lat="48.71359" /><trkpt lon="6.152476" lat="48.713868" /><trkpt lon="6.158421" lat="48.71419" /><trkpt lon="6.161073" lat="48.715065" /><trkpt lon="6.162477" lat="48.716012" /><trkpt lon="6.164917" lat="48.718377" /><trkpt lon="6.167485" lat="48.720341" /><trkpt lon="6.168655" lat="48.721445" /><trkpt lon="6.169334" lat="48.722556" /><trkpt lon="6.169593" lat="48.723653" /><trkpt lon="6.169428" lat="48.724938" /><trkpt lon="6.168837" lat="48.726067" /><trkpt lon="6.168031" lat="48.726923" /><trkpt lon="6.166817" lat="48.727753" /><trkpt lon="6.161606" lat="48.729747" /><trkpt lon="6.160346" lat="48.730536" /><trkpt lon="6.159458" lat="48.731305" /><trkpt lon="6.158456" lat="48.73267" /><trkpt lon="6.157337" lat="48.735491" /><trkpt lon="6.156693" lat="48.736684" /><trkpt lon="6.154163" lat="48.739974" /><trkpt lon="6.153288" lat="48.741395" /><trkpt lon="6.152954" lat="48.742853" /><trkpt lon="6.153159" lat="48.744233" /><trkpt lon="6.153751" lat="48.745416" /><trkpt lon="6.155939" lat="48.748111" /><trkpt lon="6.156664" lat="48.749259" /><trkpt lon="6.157053" lat="48.750623" /><trkpt lon="6.156956" lat="48.752213" /><trkpt lon="6.156416" lat="48.753488" /><trkpt lon="6.155432" lat="48.75473" /><trkpt lon="6.146357" lat="48.76301" /><trkpt lon="6.145563" lat="48.76387" /><trkpt lon="6.144793" lat="48.765092" /><trkpt lon="6.143866" lat="48.768296" /><trkpt lon="6.143707" lat="48.771482" /><trkpt lon="6.143865" lat="48.773566" /><trkpt lon="6.144988" lat="48.779039" /><trkpt lon="6.144994" lat="48.780188" /><trkpt lon="6.144662" lat="48.781736" /><trkpt lon="6.143535" lat="48.785162" /><trkpt lon="6.142126" lat="48.788504" /><trkpt lon="6.141332" lat="48.789451" /><trkpt lon="6.139998" lat="48.790477" /><trkpt lon="6.138647" lat="48.791161" /><trkpt lon="6.136776" lat="48.791742" /><trkpt lon="6.135154" lat="48.791995" /><trkpt lon="6.133247" lat="48.792039" /><trkpt lon="6.127606" lat="48.791238" /><trkpt lon="6.124189" lat="48.791293" /><trkpt lon="6.12201" lat="48.791716" /><trkpt lon="6.120568" lat="48.7922" /><trkpt lon="6.118765" lat="48.793099" /><trkpt lon="6.117445" lat="48.794094" /><trkpt lon="6.116479" lat="48.795154" /><trkpt lon="6.115685" lat="48.796481" /><trkpt lon="6.114675" lat="48.798705" /><trkpt lon="6.113694" lat="48.801482" /><trkpt lon="6.113323" lat="48.804366" /><trkpt lon="6.114105" lat="48.810219" /><trkpt lon="6.113933" lat="48.811428" /><trkpt lon="6.113274" lat="48.81301" /><trkpt lon="6.112243" lat="48.814383" /><trkpt lon="6.105992" lat="48.820518" /><trkpt lon="6.097354" lat="48.827617" /><trkpt lon="6.095258" lat="48.829595" /><trkpt lon="6.093861" lat="48.831329" /><trkpt lon="6.092969" lat="48.832756" /><trkpt lon="6.092028" lat="48.834821" /><trkpt lon="6.091655" lat="48.83609" /><trkpt lon="6.089429" lat="48.850351" /><trkpt lon="6.089288" lat="48.852918" /><trkpt lon="6.089604" lat="48.856058" /><trkpt lon="6.090664" lat="48.859714" /><trkpt lon="6.096095" lat="48.87467" /><trkpt lon="6.096435" lat="48.87685" /><trkpt lon="6.09677" lat="48.882115" /><trkpt lon="6.097185" lat="48.884177" /><trkpt lon="6.097893" lat="48.886387" /><trkpt lon="6.099258" lat="48.88923" /><trkpt lon="6.103301" lat="48.895734" /><trkpt lon="6.105001" lat="48.898808" /><trkpt lon="6.106935" lat="48.90314" /><trkpt lon="6.108211" lat="48.90682" /><trkpt lon="6.10914" lat="48.910604" /><trkpt lon="6.109588" lat="48.913249" /><trkpt lon="6.109857" lat="48.915802" /><trkpt lon="6.110324" lat="48.924921" /><trkpt lon="6.112134" lat="48.934832" /><trkpt lon="6.112529" lat="48.938201" /><trkpt lon="6.112642" lat="48.942001" /><trkpt lon="6.112498" lat="48.94484" /><trkpt lon="6.112144" lat="48.94776" /><trkpt lon="6.111532" lat="48.950887" /><trkpt lon="6.109823" lat="48.956508" /><trkpt lon="6.106056" lat="48.966001" /><trkpt lon="6.105093" lat="48.969614" /><trkpt lon="6.104577" lat="48.972704" /><trkpt lon="6.104314" lat="48.977763" /><trkpt lon="6.105097" lat="48.986441" /><trkpt lon="6.10514" lat="48.989436" /><trkpt lon="6.104849" lat="48.994901" /><trkpt lon="6.105047" lat="48.997289" /><trkpt lon="6.105649" lat="48.999458" /><trkpt lon="6.106568" lat="49.001412" /><trkpt lon="6.11222" lat="49.009493" /><trkpt lon="6.113538" lat="49.011618" /><trkpt lon="6.114677" lat="49.014028" /><trkpt lon="6.115552" lat="49.016796" /><trkpt lon="6.11593" lat="49.019221" /><trkpt lon="6.115977" lat="49.021772" /><trkpt lon="6.11553" lat="49.025028" /><trkpt lon="6.114085" lat="49.031752" /><trkpt lon="6.113833" lat="49.034139" /><trkpt lon="6.113957" lat="49.036244" /><trkpt lon="6.114083" lat="49.036412" /><trkpt lon="6.114771" lat="49.036735" /><trkpt lon="6.128732" lat="49.03833" /><trkpt lon="6.131027" lat="49.038834" /><trkpt lon="6.132596" lat="49.039387" /><trkpt lon="6.13461" lat="49.040436" /><trkpt lon="6.136531" lat="49.042021" /><trkpt lon="6.139955" lat="49.046682" /><trkpt lon="6.141451" lat="49.048231" /><trkpt lon="6.14364" lat="49.049648" /><trkpt lon="6.145937" lat="49.050614" /><trkpt lon="6.148485" lat="49.051262" /><trkpt lon="6.15129" lat="49.05157" /><trkpt lon="6.153764" lat="49.051514" /><trkpt lon="6.159457" lat="49.05092" /><trkpt lon="6.161895" lat="49.050842" /><trkpt lon="6.16533" lat="49.051089" /><trkpt lon="6.168695" lat="49.051766" /><trkpt lon="6.173221" lat="49.053142" /><trkpt lon="6.175865" lat="49.054174" /><trkpt lon="6.201928" lat="49.065991" /><trkpt lon="6.204027" lat="49.067545" /><trkpt lon="6.205522" lat="49.069468" /><trkpt lon="6.206154" lat="49.071637" /><trkpt lon="6.206358" lat="49.076627" /><trkpt lon="6.206703" lat="49.078432" /><trkpt lon="6.207744" lat="49.080602" /><trkpt lon="6.209043" lat="49.082236" /><trkpt lon="6.211237" lat="49.084085" /><trkpt lon="6.213589" lat="49.085448" /><trkpt lon="6.216777" lat="49.08667" /><trkpt lon="6.226361" lat="49.089693" /><trkpt lon="6.227818" lat="49.090366" /><trkpt lon="6.2295" lat="49.091389" /><trkpt lon="6.230625" lat="49.092319" /><trkpt lon="6.231678" lat="49.093538" /><trkpt lon="6.234336" lat="49.097328" /><trkpt lon="6.235225" lat="49.09899" /><trkpt lon="6.236029" lat="49.101614" /><trkpt lon="6.236268" lat="49.103384" /><trkpt lon="6.236329" lat="49.106527" /><trkpt lon="6.236702" lat="49.106973" /><trkpt lon="6.236817" lat="49.107377" /><trkpt lon="6.237254" lat="49.10759" /><trkpt lon="6.244002" lat="49.107818" /><trkpt lon="6.244677" lat="49.108088" /><trkpt lon="6.247888" lat="49.108109" /><trkpt lon="6.247956" lat="49.10828" /><trkpt lon="6.247707" lat="49.108635" /><trkpt lon="6.247427" lat="49.11425" /><trkpt lon="6.248596" lat="49.114719" /><trkpt lon="6.248724" lat="49.11499" /><trkpt lon="6.249214" lat="49.115045" /><trkpt lon="6.251304" lat="49.116082" /><trkpt lon="6.251514" lat="49.115894" /><trkpt lon="6.25134" lat="49.115808" /></trkseg></trk></gpx>