<?xml version='1.0' encoding='utf-8'?>
<gpx xmlns="http://www.topografix.com/GPX/1/1" version="1.1" creator="Yatutbuv"><trk><trkseg><trkpt lon="23.98253" lat="49.830668" /><trkpt lon="23.982297" lat="49.830595" /><trkpt lon="23.985321" lat="49.828181" /><trkpt lon="23.983594" lat="49.827437" /><trkpt lon="23.98305" lat="49.82711" /><trkpt lon="23.983005" lat="49.826939" /><trkpt lon="23.984175" lat="49.826456" /><trkpt lon="23.989662" lat="49.824946" /><trkpt lon="23.987836" lat="49.819006" /><trkpt lon="23.984403" lat="49.81277" /><trkpt lon="23.983424" lat="49.812161" /><trkpt lon="23.983612" lat="49.811667" /><trkpt lon="23.983575" lat="49.811258" /><trkpt lon="23.98243" lat="49.809091" /><trkpt lon="23.981808" lat="49.807514" /><trkpt lon="23.981529" lat="49.806258" /><trkpt lon="23.980922" lat="49.805725" /><trkpt lon="23.98125" lat="49.805106" /><trkpt lon="23.980247" lat="49.801153" /><trkpt lon="23.979031" lat="49.793921" /><trkpt lon="23.978437" lat="49.788617" /><trkpt lon="23.977993" lat="49.787998" /><trkpt lon="23.978397" lat="49.787532" /><trkpt lon="23.978185" lat="49.785206" /><trkpt lon="23.976282" lat="49.781387" /><trkpt lon="23.976237" lat="49.778441" /><trkpt lon="23.975821" lat="49.778048" /><trkpt lon="23.993775" lat="49.772082" /><trkpt lon="23.997685" lat="49.771004" /><trkpt lon="24.002792" lat="49.770046" /><trkpt lon="24.009837" lat="49.76926" /><trkpt lon="24.013293" lat="49.767024" /><trkpt lon="24.013911" lat="49.766431" /><trkpt lon="24.014284" lat="49.765662" /><trkpt lon="24.014344" lat="49.763516" /><trkpt lon="24.014779" lat="49.759565" /><trkpt lon="24.014942" lat="49.754172" /><trkpt lon="24.014739" lat="49.750514" /><trkpt lon="24.014934" lat="49.742698" /><trkpt lon="24.014795" lat="49.741826" /><trkpt lon="23.998256" lat="49.707647" /><trkpt lon="23.998491" lat="49.706746" /><trkpt lon="24.002662" lat="49.700127" /><trkpt lon="24.004025" lat="49.692104" /><trkpt lon="24.00511" lat="49.679862" /><trkpt lon="24.004865" lat="49.679286" /><trkpt lon="24.00305" lat="49.67724" /><trkpt lon="24.002577" lat="49.676073" /><trkpt lon="24.002641" lat="49.674741" /><trkpt lon="24.003558" lat="49.67157" /><trkpt lon="24.00367" lat="49.670292" /><trkpt lon="24.002476" lat="49.661162" /><trkpt lon="23.995388" lat="49.630718" /><trkpt lon="23.995207" lat="49.626927" /><trkpt lon="23.99506" lat="49.615327" /><trkpt lon="23.99514" lat="49.614488" /><trkpt lon="23.995574" lat="49.612983" /><trkpt lon="24.000154" lat="49.601692" /><trkpt lon="24.002761" lat="49.596826" /><trkpt lon="24.002946" lat="49.595981" /><trkpt lon="24.002883" lat="49.594858" /><trkpt lon="24.002315" lat="49.593395" /><trkpt lon="23.993784" lat="49.57774" /><trkpt lon="23.99141" lat="49.57269" /><trkpt lon="23.990913" lat="49.571124" /><trkpt lon="23.990684" lat="49.567367" /><trkpt lon="23.989556" lat="49.563818" /><trkpt lon="23.98838" lat="49.55765" /><trkpt lon="23.98811" lat="49.556852" /><trkpt lon="23.987291" lat="49.555623" /><trkpt lon="23.985778" lat="49.554202" /><trkpt lon="23.984729" lat="49.553576" /><trkpt lon="23.97794" lat="49.550632" /><trkpt lon="23.97305" lat="49.548059" /><trkpt lon="23.970673" lat="49.546975" /><trkpt lon="23.965021" lat="49.544646" /><trkpt lon="23.958367" lat="49.5432" /><trkpt lon="23.956187" lat="49.542343" /><trkpt lon="23.954953" lat="49.541485" /><trkpt lon="23.95407" lat="49.54048" /><trkpt lon="23.952383" lat="49.536944" /><trkpt lon="23.950097" lat="49.533063" /><trkpt lon="23.949683" lat="49.531604" /><trkpt lon="23.949256" lat="49.528911" /><trkpt lon="23.949249" lat="49.52815" /><trkpt lon="23.949511" lat="49.527179" /><trkpt lon="23.950622" lat="49.525102" /><trkpt lon="23.95151" lat="49.523846" /><trkpt lon="23.954691" lat="49.520917" /><trkpt lon="23.955387" lat="49.519878" /><trkpt lon="23.955766" lat="49.518168" /><trkpt lon="23.955636" lat="49.515611" /><trkpt lon="23.9561" lat="49.514139" /><trkpt lon="23.957138" lat="49.512815" /><trkpt lon="23.962575" lat="49.509174" /><trkpt lon="23.964734" lat="49.507306" /><trkpt lon="23.968096" lat="49.502599" /><trkpt lon="23.971127" lat="49.500231" /><trkpt lon="23.971975" lat="49.499398" /><trkpt lon="23.972607" lat="49.498323" /><trkpt lon="23.972817" lat="49.496648" /><trkpt lon="23.972607" lat="49.495537" /><trkpt lon="23.972099" lat="49.494569" /><trkpt lon="23.969755" lat="49.492191" /><trkpt lon="23.968508" lat="49.491166" /><trkpt lon="23.967092" lat="49.490417" /><trkpt lon="23.965724" lat="49.489942" /><trkpt lon="23.960832" lat="49.489092" /><trkpt lon="23.959264" lat="49.488623" /><trkpt lon="23.957712" lat="49.487571" /><trkpt lon="23.956975" lat="49.486278" /><trkpt lon="23.956297" lat="49.476441" /><trkpt lon="23.956273" lat="49.473185" /><trkpt lon="23.955288" lat="49.453608" /><trkpt lon="23.94618" lat="49.425529" /><trkpt lon="23.941602" lat="49.410881" /><trkpt lon="23.941921" lat="49.408469" /><trkpt lon="23.943505" lat="49.400363" /><trkpt lon="23.944719" lat="49.396468" /><trkpt lon="23.945856" lat="49.393493" /><trkpt lon="23.945909" lat="49.392399" /><trkpt lon="23.945245" lat="49.391123" /><trkpt lon="23.943145" lat="49.389479" /><trkpt lon="23.942405" lat="49.388622" /><trkpt lon="23.886034" lat="49.296422" /><trkpt lon="23.871544" lat="49.273454" /><trkpt lon="23.875493" lat="49.271461" /><trkpt lon="23.875487" lat="49.271265" /><trkpt lon="23.875153" lat="49.270949" /><trkpt lon="23.872686" lat="49.268961" /><trkpt lon="23.872836" lat="49.268728" /><trkpt lon="23.875849" lat="49.267268" /><trkpt lon="23.875949" lat="49.266905" /><trkpt lon="23.875848" lat="49.26645" /><trkpt lon="23.875343" lat="49.265652" /><trkpt lon="23.868211" lat="49.260727" /><trkpt lon="23.859324" lat="49.249576" /><trkpt lon="23.856499" lat="49.247307" /><trkpt lon="23.85444" lat="49.246865" /><trkpt lon="23.854324" lat="49.246611" /><trkpt lon="23.854624" lat="49.246236" /><trkpt lon="23.854589" lat="49.246022" /><trkpt lon="23.853144" lat="49.245009" /><trkpt lon="23.849236" lat="49.242861" /><trkpt lon="23.845347" lat="49.241774" /><trkpt lon="23.842564" lat="49.239956" /><trkpt lon="23.838705" lat="49.2384" /><trkpt lon="23.836028" lat="49.236632" /><trkpt lon="23.832135" lat="49.235197" /><trkpt lon="23.828579" lat="49.232763" /><trkpt lon="23.826026" lat="49.231232" /><trkpt lon="23.824923" lat="49.230836" /><trkpt lon="23.821966" lat="49.23033" /><trkpt lon="23.820584" lat="49.229835" /><trkpt lon="23.811844" lat="49.223652" /><trkpt lon="23.809746" lat="49.222537" /><trkpt lon="23.808671" lat="49.222156" /><trkpt lon="23.807542" lat="49.221969" /><trkpt lon="23.802567" lat="49.221753" /><trkpt lon="23.800677" lat="49.221277" /><trkpt lon="23.799311" lat="49.220694" /><trkpt lon="23.788471" lat="49.214005" /><trkpt lon="23.764495" lat="49.198763" /><trkpt lon="23.760748" lat="49.196646" /><trkpt lon="23.753967" lat="49.192053" /><trkpt lon="23.717358" lat="49.163783" /><trkpt lon="23.703641" lat="49.150336" /><trkpt lon="23.693548" lat="49.140742" /><trkpt lon="23.685749" lat="49.133424" /><trkpt lon="23.679375" lat="49.128099" /><trkpt lon="23.672977" lat="49.121336" /><trkpt lon="23.670103" lat="49.119544" /><trkpt lon="23.66971" lat="49.118896" /><trkpt lon="23.669597" lat="49.11779" /><trkpt lon="23.669228" lat="49.11713" /><trkpt lon="23.668401" lat="49.116233" /><trkpt lon="23.667328" lat="49.115476" /><trkpt lon="23.663" lat="49.113517" /><trkpt lon="23.661859" lat="49.113144" /><trkpt lon="23.635342" lat="49.105571" /><trkpt lon="23.630112" lat="49.104373" /><trkpt lon="23.615662" lat="49.102737" /><trkpt lon="23.613727" lat="49.102852" /><trkpt lon="23.611458" lat="49.103322" /><trkpt lon="23.610564" lat="49.103658" /><trkpt lon="23.609791" lat="49.104256" /><trkpt lon="23.607267" lat="49.107878" /><trkpt lon="23.604208" lat="49.109259" /><trkpt lon="23.602157" lat="49.109974" /><trkpt lon="23.600531" lat="49.110218" /><trkpt lon="23.598746" lat="49.110119" /><trkpt lon="23.594222" lat="49.109396" /><trkpt lon="23.592507" lat="49.108888" /><trkpt lon="23.591868" lat="49.108437" /><trkpt lon="23.591514" lat="49.107843" /><trkpt lon="23.59058" lat="49.102192" /><trkpt lon="23.590336" lat="49.101451" /><trkpt lon="23.582867" lat="49.087438" /><trkpt lon="23.553642" lat="49.06328" /><trkpt lon="23.552583" lat="49.062581" /><trkpt lon="23.538307" lat="49.055311" /><trkpt lon="23.533214" lat="49.053019" /><trkpt lon="23.530396" lat="49.052171" /><trkpt lon="23.528684" lat="49.051457" /><trkpt lon="23.525445" lat="49.049013" /><trkpt lon="23.523276" lat="49.048037" /><trkpt lon="23.521993" lat="49.046124" /><trkpt lon="23.521794" lat="49.046551" /><trkpt lon="23.520944" lat="49.047235" /><trkpt lon="23.521268" lat="49.047496" /><trkpt lon="23.521477" lat="49.047303" /><trkpt lon="23.515767" lat="49.045858" /><trkpt lon="23.514329" lat="49.04529" /><trkpt lon="23.512015" lat="49.043691" /><trkpt lon="23.506189" lat="49.041504" /><trkpt lon="23.503749" lat="49.040309" /><trkpt lon="23.502654" lat="49.039129" /><trkpt lon="23.501763" lat="49.036653" /><trkpt lon="23.501889" lat="49.029366" /><trkpt lon="23.501567" lat="49.028585" /><trkpt lon="23.498508" lat="49.026193" /><trkpt lon="23.497386" lat="49.025532" /><trkpt lon="23.479274" lat="49.019262" /><trkpt lon="23.476708" lat="49.018039" /><trkpt lon="23.476194" lat="49.017586" /><trkpt lon="23.475221" lat="49.016143" /><trkpt lon="23.473483" lat="49.010596" /><trkpt lon="23.473128" lat="49.009856" /><trkpt lon="23.47244" lat="49.009198" /><trkpt lon="23.469353" lat="49.007644" /><trkpt lon="23.468895" lat="49.006813" /><trkpt lon="23.468398" lat="49.004603" /><trkpt lon="23.46805" lat="49.004211" /><trkpt lon="23.465653" lat="49.003242" /><trkpt lon="23.464646" lat="49.003079" /><trkpt lon="23.454731" lat="49.005459" /><trkpt lon="23.438389" lat="49.006765" /><trkpt lon="23.436662" lat="49.00711" /><trkpt lon="23.429658" lat="49.009146" /><trkpt lon="23.428293" lat="49.009339" /><trkpt lon="23.426943" lat="49.009325" /><trkpt lon="23.425645" lat="49.008939" /><trkpt lon="23.419166" lat="49.0062" /><trkpt lon="23.415182" lat="49.003817" /><trkpt lon="23.414106" lat="49.003103" /><trkpt lon="23.411932" lat="49.000123" /><trkpt lon="23.411146" lat="48.999466" /><trkpt lon="23.408856" lat="48.998696" /><trkpt lon="23.406148" lat="48.998206" /><trkpt lon="23.40502" lat="48.997812" /><trkpt lon="23.404285" lat="48.997242" /><trkpt lon="23.403797" lat="48.996325" /><trkpt lon="23.403732" lat="48.995454" /><trkpt lon="23.40391" lat="48.994356" /><trkpt lon="23.403657" lat="48.993628" /><trkpt lon="23.402344" lat="48.991584" /><trkpt lon="23.400172" lat="48.990062" /><trkpt lon="23.398904" lat="48.987977" /><trkpt lon="23.397633" lat="48.986262" /><trkpt lon="23.397003" lat="48.98451" /><trkpt lon="23.396737" lat="48.984154" /><trkpt lon="23.395848" lat="48.983568" /><trkpt lon="23.392093" lat="48.981747" /><trkpt lon="23.392032" lat="48.981257" /><trkpt lon="23.392541" lat="48.97877" /><trkpt lon="23.392059" lat="48.977268" /><trkpt lon="23.392199" lat="48.974934" /><trkpt lon="23.391937" lat="48.974107" /><trkpt lon="23.389619" lat="48.971728" /><trkpt lon="23.388273" lat="48.970791" /><trkpt lon="23.387573" lat="48.96964" /><trkpt lon="23.382498" lat="48.964688" /><trkpt lon="23.381894" lat="48.963991" /><trkpt lon="23.381344" lat="48.962735" /><trkpt lon="23.381076" lat="48.962453" /><trkpt lon="23.380567" lat="48.96223" /><trkpt lon="23.374357" lat="48.960919" /><trkpt lon="23.367363" lat="48.95968" /><trkpt lon="23.364699" lat="48.958125" /><trkpt lon="23.361402" lat="48.956964" /><trkpt lon="23.358626" lat="48.954757" /><trkpt lon="23.35669" lat="48.953634" /><trkpt lon="23.354401" lat="48.951628" /><trkpt lon="23.353806" lat="48.951325" /><trkpt lon="23.35013" lat="48.950685" /><trkpt lon="23.345613" lat="48.950253" /><trkpt lon="23.34127" lat="48.949409" /><trkpt lon="23.339667" lat="48.949283" /><trkpt lon="23.335662" lat="48.947557" /><trkpt lon="23.335381" lat="48.947116" /><trkpt lon="23.335051" lat="48.944778" /><trkpt lon="23.33323" lat="48.943108" /><trkpt lon="23.332402" lat="48.941762" /><trkpt lon="23.330449" lat="48.939376" /><trkpt lon="23.326642" lat="48.937168" /><trkpt lon="23.325103" lat="48.935428" /><trkpt lon="23.322881" lat="48.934482" /><trkpt lon="23.321455" lat="48.932671" /><trkpt lon="23.31881" lat="48.930287" /><trkpt lon="23.317299" lat="48.927857" /><trkpt lon="23.315746" lat="48.926905" /><trkpt lon="23.314209" lat="48.925231" /><trkpt lon="23.312942" lat="48.924469" /><trkpt lon="23.3112" lat="48.924044" /><trkpt lon="23.310257" lat="48.92355" /><trkpt lon="23.306802" lat="48.918639" /><trkpt lon="23.303147" lat="48.917233" /><trkpt lon="23.302112" lat="48.916649" /><trkpt lon="23.300092" lat="48.914936" /><trkpt lon="23.29805" lat="48.913772" /><trkpt lon="23.296358" lat="48.911786" /><trkpt lon="23.293477" lat="48.909556" /><trkpt lon="23.292787" lat="48.908516" /><trkpt lon="23.292535" lat="48.907641" /><trkpt lon="23.292779" lat="48.906599" /><trkpt lon="23.293156" lat="48.905956" /><trkpt lon="23.293998" lat="48.905154" /><trkpt lon="23.294946" lat="48.904599" /><trkpt lon="23.299603" lat="48.903385" /><trkpt lon="23.300398" lat="48.903047" /><trkpt lon="23.3014" lat="48.902296" /><trkpt lon="23.301898" lat="48.901684" /><trkpt lon="23.302173" lat="48.90105" /><trkpt lon="23.302426" lat="48.899031" /><trkpt lon="23.303421" lat="48.896035" /><trkpt lon="23.303052" lat="48.894926" /><trkpt lon="23.300784" lat="48.893374" /><trkpt lon="23.300016" lat="48.891874" /><trkpt lon="23.299526" lat="48.891329" /><trkpt lon="23.29799" lat="48.890243" /><trkpt lon="23.295475" lat="48.889066" /><trkpt lon="23.293221" lat="48.887497" /><trkpt lon="23.293103" lat="48.887122" /><trkpt lon="23.293831" lat="48.885874" /><trkpt lon="23.29388" lat="48.885196" /><trkpt lon="23.293203" lat="48.884009" /><trkpt lon="23.292612" lat="48.881879" /><trkpt lon="23.291977" lat="48.881351" /><trkpt lon="23.285541" lat="48.88045" /><trkpt lon="23.282362" lat="48.8829" /><trkpt lon="23.278476" lat="48.883864" /><trkpt lon="23.2779" lat="48.884301" /><trkpt lon="23.277196" lat="48.885174" /><trkpt lon="23.276596" lat="48.885511" /><trkpt lon="23.272261" lat="48.886685" /><trkpt lon="23.263695" lat="48.888332" /><trkpt lon="23.259359" lat="48.888593" /><trkpt lon="23.254537" lat="48.887235" /><trkpt lon="23.250808" lat="48.887589" /><trkpt lon="23.248356" lat="48.888883" /><trkpt lon="23.24814" lat="48.88936" /><trkpt lon="23.248094" lat="48.890986" /><trkpt lon="23.247616" lat="48.891455" /><trkpt lon="23.241635" lat="48.893254" /><trkpt lon="23.239764" lat="48.893955" /><trkpt lon="23.239047" lat="48.894364" /><trkpt lon="23.236529" lat="48.896432" /><trkpt lon="23.23502" lat="48.89737" /><trkpt lon="23.229133" lat="48.900233" /><trkpt lon="23.225789" lat="48.901748" /><trkpt lon="23.224031" lat="48.902365" /><trkpt lon="23.222358" lat="48.902423" /><trkpt lon="23.219882" lat="48.901813" /><trkpt lon="23.218223" lat="48.901681" /><trkpt lon="23.214192" lat="48.901809" /><trkpt lon="23.212923" lat="48.901457" /><trkpt lon="23.209637" lat="48.900056" /><trkpt lon="23.207424" lat="48.899638" /><trkpt lon="23.183696" lat="48.901158" /><trkpt lon="23.175605" lat="48.901008" /><trkpt lon="23.173867" lat="48.901248" /><trkpt lon="23.171371" lat="48.90218" /><trkpt lon="23.159231" lat="48.910348" /><trkpt lon="23.156828" lat="48.911531" /><trkpt lon="23.154049" lat="48.912313" /><trkpt lon="23.149587" lat="48.912919" /><trkpt lon="23.144298" lat="48.912783" /><trkpt lon="23.133629" lat="48.911434" /><trkpt lon="23.131751" lat="48.910831" /><trkpt lon="23.130506" lat="48.91004" /><trkpt lon="23.129687" lat="48.909318" /><trkpt lon="23.128717" lat="48.90805" /><trkpt lon="23.127564" lat="48.904948" /><trkpt lon="23.127443" lat="48.903367" /><trkpt lon="23.127725" lat="48.899717" /><trkpt lon="23.127514" lat="48.896825" /><trkpt lon="23.127282" lat="48.895961" /><trkpt lon="23.126878" lat="48.895354" /><trkpt lon="23.126007" lat="48.894715" /><trkpt lon="23.12299" lat="48.893278" /><trkpt lon="23.122308" lat="48.892552" /><trkpt lon="23.121974" lat="48.891481" /><trkpt lon="23.123283" lat="48.88634" /><trkpt lon="23.124175" lat="48.883935" /><trkpt lon="23.124529" lat="48.879572" /><trkpt lon="23.125229" lat="48.878706" /><trkpt lon="23.127739" lat="48.877491" /><trkpt lon="23.128442" lat="48.876804" /><trkpt lon="23.129898" lat="48.871941" /><trkpt lon="23.130454" lat="48.87123" /><trkpt lon="23.132082" lat="48.870116" /><trkpt lon="23.132803" lat="48.869295" /><trkpt lon="23.132932" lat="48.86862" /><trkpt lon="23.132593" lat="48.867919" /><trkpt lon="23.126167" lat="48.863386" /><trkpt lon="23.125473" lat="48.862443" /><trkpt lon="23.124834" lat="48.860539" /><trkpt lon="23.124203" lat="48.859981" /><trkpt lon="23.121094" lat="48.858958" /><trkpt lon="23.120444" lat="48.858432" /><trkpt lon="23.119395" lat="48.857011" /><trkpt lon="23.118623" lat="48.856469" /><trkpt lon="23.117432" lat="48.856163" /><trkpt lon="23.11548" lat="48.856216" /><trkpt lon="23.114432" lat="48.856086" /><trkpt lon="23.113777" lat="48.855753" /><trkpt lon="23.11239" lat="48.854511" /><trkpt lon="23.111729" lat="48.85425" /><trkpt lon="23.110684" lat="48.854204" /><trkpt lon="23.10744" lat="48.854996" /><trkpt lon="23.106452" lat="48.855059" /><trkpt lon="23.105805" lat="48.854716" /><trkpt lon="23.104666" lat="48.853335" /><trkpt lon="23.10373" lat="48.852895" /><trkpt lon="23.10279" lat="48.852749" /><trkpt lon="23.102129" lat="48.853002" /><trkpt lon="23.100602" lat="48.854865" /><trkpt lon="23.100013" lat="48.855171" /><trkpt lon="23.098685" lat="48.855195" /><trkpt lon="23.096185" lat="48.854758" /><trkpt lon="23.095467" lat="48.854975" /><trkpt lon="23.094522" lat="48.855949" /><trkpt lon="23.093785" lat="48.85634" /><trkpt lon="23.093023" lat="48.856347" /><trkpt lon="23.091771" lat="48.85591" /><trkpt lon="23.090869" lat="48.85524" /><trkpt lon="23.090201" lat="48.854181" /><trkpt lon="23.090069" lat="48.851669" /><trkpt lon="23.08955" lat="48.850492" /><trkpt lon="23.088972" lat="48.84991" /><trkpt lon="23.087144" lat="48.848866" /><trkpt lon="23.08521" lat="48.848226" /><trkpt lon="23.084765" lat="48.847712" /><trkpt lon="23.08449" lat="48.847073" /><trkpt lon="23.083872" lat="48.84646" /><trkpt lon="23.07769" lat="48.842589" /><trkpt lon="23.075719" lat="48.841967" /><trkpt lon="23.071022" lat="48.841003" /><trkpt lon="23.069104" lat="48.840209" /><trkpt lon="23.067679" lat="48.839047" /><trkpt lon="23.066678" lat="48.837354" /><trkpt lon="23.066563" lat="48.836613" /><trkpt lon="23.066656" lat="48.83587" /><trkpt lon="23.068171" lat="48.832154" /><trkpt lon="23.068411" lat="48.831222" /><trkpt lon="23.068843" lat="48.826322" /><trkpt lon="23.069102" lat="48.825706" /><trkpt lon="23.070558" lat="48.824255" /><trkpt lon="23.07099" lat="48.823499" /><trkpt lon="23.071033" lat="48.82272" /><trkpt lon="23.070594" lat="48.819493" /><trkpt lon="23.070854" lat="48.818163" /><trkpt lon="23.071548" lat="48.817426" /><trkpt lon="23.076852" lat="48.814146" /><trkpt lon="23.078116" lat="48.813189" /><trkpt lon="23.079079" lat="48.812209" /><trkpt lon="23.079558" lat="48.81141" /><trkpt lon="23.079852" lat="48.810434" /><trkpt lon="23.081068" lat="48.802148" /><trkpt lon="23.081447" lat="48.800881" /><trkpt lon="23.082345" lat="48.799686" /><trkpt lon="23.086015" lat="48.797183" /><trkpt lon="23.086987" lat="48.796082" /><trkpt lon="23.087279" lat="48.795371" /><trkpt lon="23.087096" lat="48.78997" /><trkpt lon="23.089841" lat="48.773041" /><trkpt lon="23.09028" lat="48.77237" /><trkpt lon="23.09179" lat="48.771296" /><trkpt lon="23.093853" lat="48.76873" /><trkpt lon="23.094167" lat="48.767939" /><trkpt lon="23.094424" lat="48.762811" /><trkpt lon="23.094271" lat="48.75979" /><trkpt lon="23.093894" lat="48.755155" /><trkpt lon="23.09323" lat="48.753539" /><trkpt lon="23.0932" lat="48.753115" /><trkpt lon="23.093623" lat="48.750721" /><trkpt lon="23.093424" lat="48.750171" /><trkpt lon="23.092946" lat="48.749548" /><trkpt lon="23.092008" lat="48.748876" /><trkpt lon="23.091145" lat="48.748503" /><trkpt lon="23.086854" lat="48.74718" /><trkpt lon="23.083104" lat="48.746807" /><trkpt lon="23.081959" lat="48.746288" /><trkpt lon="23.081229" lat="48.745504" /><trkpt lon="23.079898" lat="48.742797" /><trkpt lon="23.078295" lat="48.740628" /><trkpt lon="23.077088" lat="48.739502" /><trkpt lon="23.075962" lat="48.738858" /><trkpt lon="23.067966" lat="48.735572" /><trkpt lon="23.06682" lat="48.735437" /><trkpt lon="23.064053" lat="48.735485" /><trkpt lon="23.056563" lat="48.734271" /><trkpt lon="23.055687" lat="48.733804" /><trkpt lon="23.05504" lat="48.733231" /><trkpt lon="23.053497" lat="48.730492" /><trkpt lon="23.053132" lat="48.730129" /><trkpt lon="23.049303" lat="48.72916" /><trkpt lon="23.048392" lat="48.72863" /><trkpt lon="23.047906" lat="48.728008" /><trkpt lon="23.047744" lat="48.725942" /><trkpt lon="23.047193" lat="48.724166" /><trkpt lon="23.047607" lat="48.721501" /><trkpt lon="23.047406" lat="48.720686" /><trkpt lon="23.04679" lat="48.719455" /><trkpt lon="23.046674" lat="48.71859" /><trkpt lon="23.0469" lat="48.717867" /><trkpt lon="23.047368" lat="48.717264" /><trkpt lon="23.049258" lat="48.715965" /><trkpt lon="23.049864" lat="48.715341" /><trkpt lon="23.050058" lat="48.714863" /><trkpt lon="23.050038" lat="48.714135" /><trkpt lon="23.048504" lat="48.7115" /><trkpt lon="23.045493" lat="48.707985" /><trkpt lon="23.044858" lat="48.706506" /><trkpt lon="23.043707" lat="48.701743" /><trkpt lon="23.044029" lat="48.698552" /><trkpt lon="23.044393" lat="48.697171" /><trkpt lon="23.044168" lat="48.696311" /><trkpt lon="23.043484" lat="48.695446" /><trkpt lon="23.039988" lat="48.692853" /><trkpt lon="23.039395" lat="48.69203" /><trkpt lon="23.039336" lat="48.691535" /><trkpt lon="23.039835" lat="48.690321" /><trkpt lon="23.042148" lat="48.687415" /><trkpt lon="23.043191" lat="48.686883" /><trkpt lon="23.045886" lat="48.686188" /><trkpt lon="23.047184" lat="48.685004" /><trkpt lon="23.04756" lat="48.683938" /><trkpt lon="23.047547" lat="48.683466" /><trkpt lon="23.046796" lat="48.681691" /><trkpt lon="23.046669" lat="48.680989" /><trkpt lon="23.047122" lat="48.67905" /><trkpt lon="23.047701" lat="48.677951" /><trkpt lon="23.048587" lat="48.676794" /><trkpt lon="23.051942" lat="48.673774" /><trkpt lon="23.052492" lat="48.672977" /><trkpt lon="23.052768" lat="48.672249" /><trkpt lon="23.052714" lat="48.671286" /><trkpt lon="23.051846" lat="48.668353" /><trkpt lon="23.051906" lat="48.663439" /><trkpt lon="23.052189" lat="48.662217" /><trkpt lon="23.052898" lat="48.660908" /><trkpt lon="23.056686" lat="48.657712" /><trkpt lon="23.057226" lat="48.65683" /><trkpt lon="23.057763" lat="48.655232" /><trkpt lon="23.057799" lat="48.654367" /><trkpt lon="23.057455" lat="48.653613" /><trkpt lon="23.055696" lat="48.651976" /><trkpt lon="23.054835" lat="48.650741" /><trkpt lon="23.05411" lat="48.64772" /><trkpt lon="23.054066" lat="48.646799" /><trkpt lon="23.054335" lat="48.644771" /><trkpt lon="23.054179" lat="48.644091" /><trkpt lon="23.053473" lat="48.642964" /><trkpt lon="23.051433" lat="48.641333" /><trkpt lon="23.050708" lat="48.639018" /><trkpt lon="23.048897" lat="48.636923" /><trkpt lon="23.048447" lat="48.635658" /><trkpt lon="23.048528" lat="48.633489" /><trkpt lon="23.046283" lat="48.630339" /><trkpt lon="23.045934" lat="48.629494" /><trkpt lon="23.045851" lat="48.628562" /><trkpt lon="23.04601" lat="48.626451" /><trkpt lon="23.046789" lat="48.62558" /><trkpt lon="23.047922" lat="48.625021" /><trkpt lon="23.052581" lat="48.623676" /><trkpt lon="23.053243" lat="48.623193" /><trkpt lon="23.053568" lat="48.622639" /><trkpt lon="23.05362" lat="48.622124" /><trkpt lon="23.052276" lat="48.618179" /><trkpt lon="23.052506" lat="48.6175" /><trkpt lon="23.053113" lat="48.616941" /><trkpt lon="23.055367" lat="48.616003" /><trkpt lon="23.057008" lat="48.614969" /><trkpt lon="23.057839" lat="48.614279" /><trkpt lon="23.058123" lat="48.613427" /><trkpt lon="23.05795" lat="48.612853" /><trkpt lon="23.057345" lat="48.612032" /><trkpt lon="23.05488" lat="48.609839" /><trkpt lon="23.053981" lat="48.608009" /><trkpt lon="23.053275" lat="48.607228" /><trkpt lon="23.052043" lat="48.606564" /><trkpt lon="23.047647" lat="48.605111" /><trkpt lon="23.04652" lat="48.604409" /><trkpt lon="23.044327" lat="48.600601" /><trkpt lon="23.042547" lat="48.598978" /><trkpt lon="23.042598" lat="48.598146" /><trkpt lon="23.043888" lat="48.595381" /><trkpt lon="23.043973" lat="48.594322" /><trkpt lon="23.043733" lat="48.593169" /><trkpt lon="23.042055" lat="48.588641" /><trkpt lon="23.041002" lat="48.587069" /><trkpt lon="23.037703" lat="48.583771" /><trkpt lon="23.03676" lat="48.582491" /><trkpt lon="23.034089" lat="48.575906" /><trkpt lon="23.033427" lat="48.574763" /><trkpt lon="23.029302" lat="48.571105" /><trkpt lon="23.027786" lat="48.569216" /><trkpt lon="23.02725" lat="48.568145" /><trkpt lon="23.024433" lat="48.559887" /><trkpt lon="23.023997" lat="48.559294" /><trkpt lon="23.023157" lat="48.558867" /><trkpt lon="23.021316" lat="48.558466" /><trkpt lon="23.017611" lat="48.557952" /><trkpt lon="23.015539" lat="48.557962" /><trkpt lon="23.009385" lat="48.558512" /><trkpt lon="23.003154" lat="48.557845" /><trkpt lon="23.001871" lat="48.557865" /><trkpt lon="23.000371" lat="48.558119" /><trkpt lon="22.99344" lat="48.560283" /><trkpt lon="22.988018" lat="48.560921" /><trkpt lon="22.983657" lat="48.561996" /><trkpt lon="22.9776" lat="48.562664" /><trkpt lon="22.976262" lat="48.563173" /><trkpt lon="22.972635" lat="48.565198" /><trkpt lon="22.970957" lat="48.565513" /><trkpt lon="22.969103" lat="48.565331" /><trkpt lon="22.94792" lat="48.559068" /><trkpt lon="22.945379" lat="48.558156" /><trkpt lon="22.942995" lat="48.557054" /><trkpt lon="22.938058" lat="48.555524" /><trkpt lon="22.934928" lat="48.553167" /><trkpt lon="22.93215" lat="48.550733" /><trkpt lon="22.929283" lat="48.546889" /><trkpt lon="22.928976" lat="48.546009" /><trkpt lon="22.928976" lat="48.545433" /><trkpt lon="22.929591" lat="48.543549" /><trkpt lon="22.929634" lat="48.542525" /><trkpt lon="22.929213" lat="48.54128" /><trkpt lon="22.928385" lat="48.540284" /><trkpt lon="22.927457" lat="48.539572" /><trkpt lon="22.920183" lat="48.536554" /><trkpt lon="22.917475" lat="48.535964" /><trkpt lon="22.915949" lat="48.535939" /><trkpt lon="22.914182" lat="48.536151" /><trkpt lon="22.909415" lat="48.537873" /><trkpt lon="22.907327" lat="48.538177" /><trkpt lon="22.90615" lat="48.538117" /><trkpt lon="22.893293" lat="48.536034" /><trkpt lon="22.892219" lat="48.535726" /><trkpt lon="22.888322" lat="48.533221" /><trkpt lon="22.886119" lat="48.530701" /><trkpt lon="22.878594" lat="48.523312" /><trkpt lon="22.871297" lat="48.519294" /><trkpt lon="22.846464" lat="48.501268" /><trkpt lon="22.844206" lat="48.500074" /><trkpt lon="22.839324" lat="48.498325" /><trkpt lon="22.837435" lat="48.497416" /><trkpt lon="22.836001" lat="48.496368" /><trkpt lon="22.834135" lat="48.494324" /><trkpt lon="22.833186" lat="48.493638" /><trkpt lon="22.831989" lat="48.493192" /><trkpt lon="22.828314" lat="48.492416" /><trkpt lon="22.827006" lat="48.491968" /><trkpt lon="22.824256" lat="48.49001" /><trkpt lon="22.823101" lat="48.489402" /><trkpt lon="22.820157" lat="48.488511" /><trkpt lon="22.814645" lat="48.488288" /><trkpt lon="22.810386" lat="48.487544" /><trkpt lon="22.808348" lat="48.486611" /><trkpt lon="22.806519" lat="48.484695" /><trkpt lon="22.805719" lat="48.484063" /><trkpt lon="22.804742" lat="48.483561" /><trkpt lon="22.780547" lat="48.478244" /><trkpt lon="22.778088" lat="48.477355" /><trkpt lon="22.77248" lat="48.474041" /><trkpt lon="22.770617" lat="48.473401" /><trkpt lon="22.76182" lat="48.471925" /><trkpt lon="22.75447" lat="48.471654" /><trkpt lon="22.752783" lat="48.471162" /><trkpt lon="22.750591" lat="48.469812" /><trkpt lon="22.748806" lat="48.469394" /><trkpt lon="22.74753" lat="48.469481" /><trkpt lon="22.744605" lat="48.470277" /><trkpt lon="22.743069" lat="48.470363" /><trkpt lon="22.740651" lat="48.470074" /><trkpt lon="22.736727" lat="48.468779" /><trkpt lon="22.735177" lat="48.468473" /><trkpt lon="22.73339" lat="48.468456" /><trkpt lon="22.72998" lat="48.468757" /><trkpt lon="22.727897" lat="48.468564" /><trkpt lon="22.726743" lat="48.468176" /><trkpt lon="22.725722" lat="48.467623" /><trkpt lon="22.72062" lat="48.462528" /><trkpt lon="22.719068" lat="48.461437" /><trkpt lon="22.717041" lat="48.460469" /><trkpt lon="22.714858" lat="48.459751" /><trkpt lon="22.710799" lat="48.458734" /><trkpt lon="22.709516" lat="48.458565" /><trkpt lon="22.708514" lat="48.458153" /><trkpt lon="22.703127" lat="48.456732" /><trkpt lon="22.688114" lat="48.451918" /><trkpt lon="22.685721" lat="48.451442" /><trkpt lon="22.686053" lat="48.450788" /><trkpt lon="22.686286" lat="48.4416" /><trkpt lon="22.686473" lat="48.440765" /><trkpt lon="22.687151" lat="48.439181" /><trkpt lon="22.689272" lat="48.436285" /><trkpt lon="22.689229" lat="48.436147" /><trkpt lon="22.693312" lat="48.432489" /><trkpt lon="22.695392" lat="48.431505" /><trkpt lon="22.702301" lat="48.427003" /><trkpt lon="22.702823" lat="48.426402" /><trkpt lon="22.703098" lat="48.425795" /><trkpt lon="22.702956" lat="48.424325" /><trkpt lon="22.702465" lat="48.423377" /><trkpt lon="22.637439" lat="48.337696" /><trkpt lon="22.638352" lat="48.316645" /><trkpt lon="22.639303" lat="48.31225" /><trkpt lon="22.639819" lat="48.306996" /><trkpt lon="22.621022" lat="48.27627" /><trkpt lon="22.626476" lat="48.253091" /><trkpt lon="22.610628" lat="48.248563" /><trkpt lon="22.608735" lat="48.247847" /><trkpt lon="22.606772" lat="48.246272" /><trkpt lon="22.605944" lat="48.245804" /><trkpt lon="22.600029" lat="48.244143" /><trkpt lon="22.598443" lat="48.244097" /><trkpt lon="22.59746" lat="48.244292" /><trkpt lon="22.584551" lat="48.247717" /><trkpt lon="22.581412" lat="48.24783" /><trkpt lon="22.58021" lat="48.248108" /><trkpt lon="22.578455" lat="48.248172" /><trkpt lon="22.576684" lat="48.247915" /><trkpt lon="22.57581" lat="48.247558" /><trkpt lon="22.575781" lat="48.245162" /><trkpt lon="22.575451" lat="48.244679" /><trkpt lon="22.574327" lat="48.244332" /><trkpt lon="22.572229" lat="48.244085" /><trkpt lon="22.566502" lat="48.245181" /><trkpt lon="22.540992" lat="48.250937" /><trkpt lon="22.540114" lat="48.250898" /><trkpt lon="22.53899" lat="48.251352" /><trkpt lon="22.512604" lat="48.25724" /><trkpt lon="22.508018" lat="48.25779" /><trkpt lon="22.481469" lat="48.266613" /><trkpt lon="22.480923" lat="48.266725" /><trkpt lon="22.478784" lat="48.266594" /><trkpt lon="22.473401" lat="48.267313" /><trkpt lon="22.462327" lat="48.273512" /><trkpt lon="22.46216" lat="48.27331" /><trkpt lon="22.462167" lat="48.272897" /><trkpt lon="22.462576" lat="48.260487" /><trkpt lon="22.462375" lat="48.260238" /><trkpt lon="22.461268" lat="48.259864" /><trkpt lon="22.460227" lat="48.258812" /><trkpt lon="22.459977" lat="48.257953" /><trkpt lon="22.45918" lat="48.256435" /><trkpt lon="22.459168" lat="48.255532" /><trkpt lon="22.458459" lat="48.254124" /><trkpt lon="22.457431" lat="48.254607" /><trkpt lon="22.456246" lat="48.254848" /><trkpt lon="22.454471" lat="48.25592" /><trkpt lon="22.448605" lat="48.250409" /><trkpt lon="22.447049" lat="48.248079" /><trkpt lon="22.445812" lat="48.24573" /><trkpt lon="22.436625" lat="48.239917" /><trkpt lon="22.432917" lat="48.234821" /><trkpt lon="22.43252" lat="48.233919" /><trkpt lon="22.432639" lat="48.232499" /><trkpt lon="22.431291" lat="48.231539" /><trkpt lon="22.430646" lat="48.230558" /><trkpt lon="22.430102" lat="48.230445" /><trkpt lon="22.428311" lat="48.230539" /><trkpt lon="22.427492" lat="48.230277" /><trkpt lon="22.426473" lat="48.229125" /><trkpt lon="22.425838" lat="48.228654" /><trkpt lon="22.415971" lat="48.222928" /><trkpt lon="22.41152" lat="48.216638" /><trkpt lon="22.411424" lat="48.216089" /><trkpt lon="22.41425" lat="48.208837" /><trkpt lon="22.414052" lat="48.207539" /><trkpt lon="22.413432" lat="48.206444" /><trkpt lon="22.414887" lat="48.202296" /><trkpt lon="22.4137" lat="48.202259" /><trkpt lon="22.411438" lat="48.201784" /><trkpt lon="22.408875" lat="48.200868" /><trkpt lon="22.408284" lat="48.200446" /><trkpt lon="22.407854" lat="48.199438" /><trkpt lon="22.407294" lat="48.198874" /><trkpt lon="22.407521" lat="48.198261" /><trkpt lon="22.407971" lat="48.195037" /><trkpt lon="22.407765" lat="48.19467" /><trkpt lon="22.40677" lat="48.19384" /><trkpt lon="22.405075" lat="48.19289" /><trkpt lon="22.403819" lat="48.191856" /><trkpt lon="22.400653" lat="48.19203" /><trkpt lon="22.398121" lat="48.191813" /><trkpt lon="22.396958" lat="48.19186" /><trkpt lon="22.390979" lat="48.192695" /><trkpt lon="22.376783" lat="48.197335" /><trkpt lon="22.375875" lat="48.197497" /><trkpt lon="22.368853" lat="48.195111" /><trkpt lon="22.36748" lat="48.194828" /><trkpt lon="22.362401" lat="48.192636" /><trkpt lon="22.36118" lat="48.192419" /><trkpt lon="22.352145" lat="48.189296" /><trkpt lon="22.34941" lat="48.188707" /><trkpt lon="22.346029" lat="48.188581" /><trkpt lon="22.343428" lat="48.187948" /><trkpt lon="22.344188" lat="48.186898" /><trkpt lon="22.346625" lat="48.179773" /><trkpt lon="22.346642" lat="48.179137" /><trkpt lon="22.344054" lat="48.173904" /><trkpt lon="22.343614" lat="48.173315" /><trkpt lon="22.342306" lat="48.172448" /><trkpt lon="22.339287" lat="48.17137" /><trkpt lon="22.338619" lat="48.17093" /><trkpt lon="22.337973" lat="48.170237" /><trkpt lon="22.337567" lat="48.169025" /><trkpt lon="22.337761" lat="48.16674" /><trkpt lon="22.33798" lat="48.166179" /><trkpt lon="22.340702" lat="48.162193" /><trkpt lon="22.347559" lat="48.151483" /><trkpt lon="22.348193" lat="48.150327" /><trkpt lon="22.348279" lat="48.149539" /><trkpt lon="22.347915" lat="48.148496" /><trkpt lon="22.34523" lat="48.144708" /><trkpt lon="22.345425" lat="48.14066" /><trkpt lon="22.343113" lat="48.14004" /><trkpt lon="22.342854" lat="48.139838" /><trkpt lon="22.343504" lat="48.13173" /><trkpt lon="22.343354" lat="48.131487" /><trkpt lon="22.34219" lat="48.130959" /><trkpt lon="22.341751" lat="48.130363" /><trkpt lon="22.341725" lat="48.126206" /><trkpt lon="22.335947" lat="48.126017" /><trkpt lon="22.32362" lat="48.127384" /><trkpt lon="22.321813" lat="48.12734" /><trkpt lon="22.318317" lat="48.126878" /><trkpt lon="22.318505" lat="48.125296" /><trkpt lon="22.318416" lat="48.124636" /><trkpt lon="22.31731" lat="48.122712" /><trkpt lon="22.314869" lat="48.121652" /><trkpt lon="22.314399" lat="48.121216" /><trkpt lon="22.314747" lat="48.116557" /><trkpt lon="22.314542" lat="48.116052" /><trkpt lon="22.309348" lat="48.113177" /><trkpt lon="22.307415" lat="48.111736" /><trkpt lon="22.287774" lat="48.093968" /><trkpt lon="22.286107" lat="48.092868" /><trkpt lon="22.284281" lat="48.09202" /><trkpt lon="22.264717" lat="48.084727" /><trkpt lon="22.25803" lat="48.081064" /><trkpt lon="22.256056" lat="48.08016" /><trkpt lon="22.255225" lat="48.080002" /><trkpt lon="22.255233" lat="48.079784" /><trkpt lon="22.255537" lat="48.079617" /><trkpt lon="22.255964" lat="48.078907" /><trkpt lon="22.256004" lat="48.078333" /><trkpt lon="22.25562" lat="48.077839" /><trkpt lon="22.254061" lat="48.07706" /><trkpt lon="22.253274" lat="48.075972" /><trkpt lon="22.25155" lat="48.071309" /><trkpt lon="22.248343" lat="48.064491" /><trkpt lon="22.246246" lat="48.059438" /><trkpt lon="22.24467" lat="48.054437" /><trkpt lon="22.24387" lat="48.050711" /><trkpt lon="22.243212" lat="48.045294" /><trkpt lon="22.243193" lat="48.039419" /><trkpt lon="22.243726" lat="48.034468" /><trkpt lon="22.24526" lat="48.024869" /><trkpt lon="22.24545" lat="48.020358" /><trkpt lon="22.245158" lat="48.016728" /><trkpt lon="22.244638" lat="48.013858" /><trkpt lon="22.243702" lat="48.010457" /><trkpt lon="22.242342" lat="48.006974" /><trkpt lon="22.240242" lat="48.002792" /><trkpt lon="22.235225" lat="47.993851" /><trkpt lon="22.232237" lat="47.98962" /><trkpt lon="22.22839" lat="47.985246" /><trkpt lon="22.224147" lat="47.981305" /><trkpt lon="22.219856" lat="47.97796" /><trkpt lon="22.214102" lat="47.97423" /><trkpt lon="22.207879" lat="47.97092" /><trkpt lon="22.201377" lat="47.968114" /><trkpt lon="22.194148" lat="47.965631" /><trkpt lon="22.097593" lat="47.939467" /><trkpt lon="22.089749" lat="47.93668" /><trkpt lon="22.052649" lat="47.921267" /><trkpt lon="22.046977" lat="47.919128" /><trkpt lon="22.038475" lat="47.916604" /><trkpt lon="22.024314" lat="47.913259" /><trkpt lon="22.020016" lat="47.911925" /><trkpt lon="22.010783" lat="47.908654" /><trkpt lon="22.00704" lat="47.907633" /><trkpt lon="22.002302" lat="47.906717" /><trkpt lon="21.997366" lat="47.906168" /><trkpt lon="21.992314" lat="47.906009" /><trkpt lon="21.988187" lat="47.906155" /><trkpt lon="21.981342" lat="47.90703" /><trkpt lon="21.945986" lat="47.913281" /><trkpt lon="21.942854" lat="47.91359" /><trkpt lon="21.940016" lat="47.913673" /><trkpt lon="21.935159" lat="47.913388" /><trkpt lon="21.931176" lat="47.912733" /><trkpt lon="21.92798" lat="47.911904" /><trkpt lon="21.925427" lat="47.911025" /><trkpt lon="21.921943" lat="47.909437" /><trkpt lon="21.919841" lat="47.908218" /><trkpt lon="21.917542" lat="47.906571" /><trkpt lon="21.913051" lat="47.902528" /><trkpt lon="21.910653" lat="47.900627" /><trkpt lon="21.906757" lat="47.898363" /><trkpt lon="21.903375" lat="47.896967" /><trkpt lon="21.901417" lat="47.896357" /><trkpt lon="21.897659" lat="47.895483" /><trkpt lon="21.894725" lat="47.895072" /><trkpt lon="21.891823" lat="47.894881" /><trkpt lon="21.888409" lat="47.894905" /><trkpt lon="21.884843" lat="47.895239" /><trkpt lon="21.881503" lat="47.895844" /><trkpt lon="21.876389" lat="47.897386" /><trkpt lon="21.8596" lat="47.903795" /><trkpt lon="21.854939" lat="47.905291" /><trkpt lon="21.85148" lat="47.905994" /><trkpt lon="21.848169" lat="47.906384" /><trkpt lon="21.844629" lat="47.906499" /><trkpt lon="21.841915" lat="47.906385" /><trkpt lon="21.837257" lat="47.905762" /><trkpt lon="21.832948" lat="47.904668" /><trkpt lon="21.830258" lat="47.90369" /><trkpt lon="21.818896" lat="47.898581" /><trkpt lon="21.812349" lat="47.896097" /><trkpt lon="21.803417" lat="47.893423" /><trkpt lon="21.798169" lat="47.892175" /><trkpt lon="21.79362" lat="47.891287" /><trkpt lon="21.788547" lat="47.890481" /><trkpt lon="21.781592" lat="47.889707" /><trkpt lon="21.743428" lat="47.887448" /><trkpt lon="21.73411" lat="47.886225" /><trkpt lon="21.720137" lat="47.883539" /><trkpt lon="21.716782" lat="47.883189" /><trkpt lon="21.713838" lat="47.883113" /><trkpt lon="21.710565" lat="47.88329" /><trkpt lon="21.707442" lat="47.88372" /><trkpt lon="21.704783" lat="47.884301" /><trkpt lon="21.701615" lat="47.885281" /><trkpt lon="21.699257" lat="47.886251" /><trkpt lon="21.696412" lat="47.887697" /><trkpt lon="21.68288" lat="47.895789" /><trkpt lon="21.677823" lat="47.898279" /><trkpt lon="21.674072" lat="47.899662" /><trkpt lon="21.669988" lat="47.900804" /><trkpt lon="21.666436" lat="47.901528" /><trkpt lon="21.661712" lat="47.902123" /><trkpt lon="21.65549" lat="47.902323" /><trkpt lon="21.65175" lat="47.902121" /><trkpt lon="21.648549" lat="47.901757" /><trkpt lon="21.642576" lat="47.900585" /><trkpt lon="21.631899" lat="47.897403" /><trkpt lon="21.628132" lat="47.896485" /><trkpt lon="21.622896" lat="47.895697" /><trkpt lon="21.618324" lat="47.895509" /><trkpt lon="21.613255" lat="47.895802" /><trkpt lon="21.608721" lat="47.896568" /><trkpt lon="21.603999" lat="47.897843" /><trkpt lon="21.591385" lat="47.902134" /><trkpt lon="21.58652" lat="47.903204" /><trkpt lon="21.581507" lat="47.903758" /><trkpt lon="21.57763" lat="47.903832" /><trkpt lon="21.57259" lat="47.903499" /><trkpt lon="21.568412" lat="47.902856" /><trkpt lon="21.558939" lat="47.900952" /><trkpt lon="21.553236" lat="47.899973" /><trkpt lon="21.548435" lat="47.899431" /><trkpt lon="21.543449" lat="47.899217" /><trkpt lon="21.538687" lat="47.899347" /><trkpt lon="21.533567" lat="47.899848" /><trkpt lon="21.516283" lat="47.902864" /><trkpt lon="21.509698" lat="47.903679" /><trkpt lon="21.504772" lat="47.903892" /><trkpt lon="21.499901" lat="47.903762" /><trkpt lon="21.49534" lat="47.903325" /><trkpt lon="21.491644" lat="47.902742" /><trkpt lon="21.486721" lat="47.901616" /><trkpt lon="21.481446" lat="47.899926" /><trkpt lon="21.476979" lat="47.898082" /><trkpt lon="21.463497" lat="47.891902" /><trkpt lon="21.458441" lat="47.890027" /><trkpt lon="21.454465" lat="47.888809" /><trkpt lon="21.449402" lat="47.887552" /><trkpt lon="21.443869" lat="47.886511" /><trkpt lon="21.413038" lat="47.882323" /><trkpt lon="21.404345" lat="47.880653" /><trkpt lon="21.398857" lat="47.879255" /><trkpt lon="21.392744" lat="47.877355" /><trkpt lon="21.386379" lat="47.874956" /><trkpt lon="21.381349" lat="47.872716" /><trkpt lon="21.375562" lat="47.8697" /><trkpt lon="21.367572" lat="47.864808" /><trkpt lon="21.361601" lat="47.860714" /><trkpt lon="21.355143" lat="47.855814" /><trkpt lon="21.348589" lat="47.850236" /><trkpt lon="21.342743" lat="47.844626" /><trkpt lon="21.338138" lat="47.839672" /><trkpt lon="21.329246" lat="47.829371" /><trkpt lon="21.324286" lat="47.824592" /><trkpt lon="21.320396" lat="47.821408" /><trkpt lon="21.316788" lat="47.818761" /><trkpt lon="21.295441" lat="47.80388" /><trkpt lon="21.291863" lat="47.801683" /><trkpt lon="21.288863" lat="47.800105" /><trkpt lon="21.28416" lat="47.798053" /><trkpt lon="21.280797" lat="47.796856" /><trkpt lon="21.276156" lat="47.795519" /><trkpt lon="21.272219" lat="47.794654" /><trkpt lon="21.267835" lat="47.793939" /><trkpt lon="21.263495" lat="47.793508" /><trkpt lon="21.25786" lat="47.793371" /><trkpt lon="21.251436" lat="47.793871" /><trkpt lon="21.247513" lat="47.794516" /><trkpt lon="21.238717" lat="47.796333" /><trkpt lon="21.232686" lat="47.797333" /><trkpt lon="21.179211" lat="47.804455" /><trkpt lon="21.17223" lat="47.805775" /><trkpt lon="21.169036" lat="47.80672" /><trkpt lon="21.165728" lat="47.808015" /><trkpt lon="21.16123" lat="47.81041" /><trkpt lon="21.158735" lat="47.812173" /><trkpt lon="21.156928" lat="47.813733" /><trkpt lon="21.154119" lat="47.816929" /><trkpt lon="21.153108" lat="47.818475" /><trkpt lon="21.152033" lat="47.82062" /><trkpt lon="21.151096" lat="47.823595" /><trkpt lon="21.150769" lat="47.826728" /><trkpt lon="21.150988" lat="47.829706" /><trkpt lon="21.152128" lat="47.836299" /><trkpt lon="21.152239" lat="47.83813" /><trkpt lon="21.151861" lat="47.840183" /><trkpt lon="21.150998" lat="47.842048" /><trkpt lon="21.149431" lat="47.844041" /><trkpt lon="21.146801" lat="47.846107" /><trkpt lon="21.144018" lat="47.847492" /><trkpt lon="21.140565" lat="47.848533" /><trkpt lon="21.137662" lat="47.848979" /><trkpt lon="21.134761" lat="47.84906" /><trkpt lon="21.127265" lat="47.848251" /><trkpt lon="21.12186" lat="47.848075" /><trkpt lon="21.095835" lat="47.849189" /><trkpt lon="21.091963" lat="47.84895" /><trkpt lon="21.079395" lat="47.847494" /><trkpt lon="21.076062" lat="47.847427" /><trkpt lon="21.073051" lat="47.847635" /><trkpt lon="21.068712" lat="47.848408" /><trkpt lon="21.064152" lat="47.84993" /><trkpt lon="21.060343" lat="47.851923" /><trkpt lon="21.04987" lat="47.858586" /><trkpt lon="21.046815" lat="47.860257" /><trkpt lon="21.044343" lat="47.861321" /><trkpt lon="21.041519" lat="47.862291" /><trkpt lon="21.036381" lat="47.863474" /><trkpt lon="21.032272" lat="47.863963" /><trkpt lon="21.029374" lat="47.864081" /><trkpt lon="21.004406" lat="47.863757" /><trkpt lon="21.000779" lat="47.863837" /><trkpt lon="20.995923" lat="47.864213" /><trkpt lon="20.990459" lat="47.865006" /><trkpt lon="20.986388" lat="47.865864" /><trkpt lon="20.968617" lat="47.870719" /><trkpt lon="20.959485" lat="47.872604" /><trkpt lon="20.951071" lat="47.873663" /><trkpt lon="20.928888" lat="47.875185" /><trkpt lon="20.920267" lat="47.87618" /><trkpt lon="20.914768" lat="47.877085" /><trkpt lon="20.883948" lat="47.883146" /><trkpt lon="20.878249" lat="47.884021" /><trkpt lon="20.870965" lat="47.884726" /><trkpt lon="20.86441" lat="47.884976" /><trkpt lon="20.856131" lat="47.884775" /><trkpt lon="20.849595" lat="47.884203" /><trkpt lon="20.84109" lat="47.882898" /><trkpt lon="20.832336" lat="47.880845" /><trkpt lon="20.769222" lat="47.863907" /><trkpt lon="20.763394" lat="47.86211" /><trkpt lon="20.758375" lat="47.859979" /><trkpt lon="20.75533" lat="47.858256" /><trkpt lon="20.752621" lat="47.856345" /><trkpt lon="20.7501" lat="47.854116" /><trkpt lon="20.748192" lat="47.851982" /><trkpt lon="20.746727" lat="47.849907" /><trkpt lon="20.745593" lat="47.847874" /><trkpt lon="20.742253" lat="47.84021" /><trkpt lon="20.739739" lat="47.835765" /><trkpt lon="20.737569" lat="47.832659" /><trkpt lon="20.735447" lat="47.830033" /><trkpt lon="20.733124" lat="47.827505" /><trkpt lon="20.730492" lat="47.824964" /><trkpt lon="20.725139" lat="47.820609" /><trkpt lon="20.721854" lat="47.818345" /><trkpt lon="20.71841" lat="47.816236" /><trkpt lon="20.71455" lat="47.814133" /><trkpt lon="20.711131" lat="47.812485" /><trkpt lon="20.704074" lat="47.80961" /><trkpt lon="20.699174" lat="47.807977" /><trkpt lon="20.695227" lat="47.806861" /><trkpt lon="20.687119" lat="47.805064" /><trkpt lon="20.680206" lat="47.804025" /><trkpt lon="20.664179" lat="47.802268" /><trkpt lon="20.65739" lat="47.801049" /><trkpt lon="20.651963" lat="47.799754" /><trkpt lon="20.646304" lat="47.798082" /><trkpt lon="20.587862" lat="47.778293" /><trkpt lon="20.579586" lat="47.775919" /><trkpt lon="20.572858" lat="47.774512" /><trkpt lon="20.56708" lat="47.773625" /><trkpt lon="20.561355" lat="47.773039" /><trkpt lon="20.5407" lat="47.771434" /><trkpt lon="20.535867" lat="47.770882" /><trkpt lon="20.53007" lat="47.769938" /><trkpt lon="20.521448" lat="47.767936" /><trkpt lon="20.480342" lat="47.756229" /><trkpt lon="20.476332" lat="47.755476" /><trkpt lon="20.460046" lat="47.753412" /><trkpt lon="20.456675" lat="47.752665" /><trkpt lon="20.452945" lat="47.75125" /><trkpt lon="20.450854" lat="47.750093" /><trkpt lon="20.449096" lat="47.748834" /><trkpt lon="20.447038" lat="47.74678" /><trkpt lon="20.444117" lat="47.742642" /><trkpt lon="20.442973" lat="47.741275" /><trkpt lon="20.439629" lat="47.738096" /><trkpt lon="20.43694" lat="47.735896" /><trkpt lon="20.434681" lat="47.734568" /><trkpt lon="20.432271" lat="47.73352" /><trkpt lon="20.428754" lat="47.732475" /><trkpt lon="20.425279" lat="47.731744" /><trkpt lon="20.421372" lat="47.731217" /><trkpt lon="20.418365" lat="47.731007" /><trkpt lon="20.360352" lat="47.729037" /><trkpt lon="20.354791" lat="47.728512" /><trkpt lon="20.349645" lat="47.727781" /><trkpt lon="20.334085" lat="47.724608" /><trkpt lon="20.325199" lat="47.723416" /><trkpt lon="20.317255" lat="47.722936" /><trkpt lon="20.290535" lat="47.722417" /><trkpt lon="20.285781" lat="47.722123" /><trkpt lon="20.280027" lat="47.721153" /><trkpt lon="20.248133" lat="47.713494" /><trkpt lon="20.240976" lat="47.71214" /><trkpt lon="20.237481" lat="47.711803" /><trkpt lon="20.233232" lat="47.711668" /><trkpt lon="20.215696" lat="47.712621" /><trkpt lon="20.21125" lat="47.712669" /><trkpt lon="20.204943" lat="47.712388" /><trkpt lon="20.200075" lat="47.711888" /><trkpt lon="20.19488" lat="47.711088" /><trkpt lon="20.174044" lat="47.706998" /><trkpt lon="20.16654" lat="47.706129" /><trkpt lon="20.161208" lat="47.705862" /><trkpt lon="20.1569" lat="47.705862" /><trkpt lon="20.141194" lat="47.706694" /><trkpt lon="20.1344" lat="47.70684" /><trkpt lon="20.096959" lat="47.706555" /><trkpt lon="20.088998" lat="47.706213" /><trkpt lon="20.069227" lat="47.704398" /><trkpt lon="20.063215" lat="47.704117" /><trkpt lon="20.055946" lat="47.704174" /><trkpt lon="20.023092" lat="47.706199" /><trkpt lon="20.018603" lat="47.706718" /><trkpt lon="20.01515" lat="47.707475" /><trkpt lon="20.010963" lat="47.708953" /><trkpt lon="20.008015" lat="47.710415" /><trkpt lon="19.988225" lat="47.722793" /><trkpt lon="19.983741" lat="47.725312" /><trkpt lon="19.980693" lat="47.726755" /><trkpt lon="19.975605" lat="47.728746" /><trkpt lon="19.97042" lat="47.730295" /><trkpt lon="19.96552" lat="47.731382" /><trkpt lon="19.95943" lat="47.732269" /><trkpt lon="19.952475" lat="47.732693" /><trkpt lon="19.945147" lat="47.73249" /><trkpt lon="19.940451" lat="47.73203" /><trkpt lon="19.917423" lat="47.729049" /><trkpt lon="19.908937" lat="47.728171" /><trkpt lon="19.899121" lat="47.727542" /><trkpt lon="19.869123" lat="47.7261" /><trkpt lon="19.863725" lat="47.725683" /><trkpt lon="19.855212" lat="47.724454" /><trkpt lon="19.850475" lat="47.723397" /><trkpt lon="19.845581" lat="47.722025" /><trkpt lon="19.838075" lat="47.719285" /><trkpt lon="19.820579" lat="47.711203" /><trkpt lon="19.816512" lat="47.709608" /><trkpt lon="19.811611" lat="47.708276" /><trkpt lon="19.793908" lat="47.705195" /><trkpt lon="19.789195" lat="47.704192" /><trkpt lon="19.785071" lat="47.703104" /><trkpt lon="19.779368" lat="47.701305" /><trkpt lon="19.734837" lat="47.686258" /><trkpt lon="19.729733" lat="47.684801" /><trkpt lon="19.727022" lat="47.684221" /><trkpt lon="19.724108" lat="47.683813" /><trkpt lon="19.720398" lat="47.683618" /><trkpt lon="19.717307" lat="47.683702" /><trkpt lon="19.711119" lat="47.684622" /><trkpt lon="19.698308" lat="47.687604" /><trkpt lon="19.694683" lat="47.688114" /><trkpt lon="19.691302" lat="47.688379" /><trkpt lon="19.687726" lat="47.688447" /><trkpt lon="19.683574" lat="47.688255" /><trkpt lon="19.680346" lat="47.687901" /><trkpt lon="19.675948" lat="47.687111" /><trkpt lon="19.67122" lat="47.685858" /><trkpt lon="19.665727" lat="47.683953" /><trkpt lon="19.631369" lat="47.670478" /><trkpt lon="19.627012" lat="47.668909" /><trkpt lon="19.623017" lat="47.667679" /><trkpt lon="19.575189" lat="47.65495" /><trkpt lon="19.568614" lat="47.653438" /><trkpt lon="19.551118" lat="47.64994" /><trkpt lon="19.529461" lat="47.643269" /><trkpt lon="19.525506" lat="47.642414" /><trkpt lon="19.520908" lat="47.641897" /><trkpt lon="19.492676" lat="47.640713" /><trkpt lon="19.487263" lat="47.640164" /><trkpt lon="19.484436" lat="47.63953" /><trkpt lon="19.482068" lat="47.638724" /><trkpt lon="19.476316" lat="47.635874" /><trkpt lon="19.473245" lat="47.634616" /><trkpt lon="19.470416" lat="47.633719" /><trkpt lon="19.462176" lat="47.631513" /><trkpt lon="19.458228" lat="47.630701" /><trkpt lon="19.4495" lat="47.629331" /><trkpt lon="19.439701" lat="47.626813" /><trkpt lon="19.435941" lat="47.626073" /><trkpt lon="19.431777" lat="47.625558" /><trkpt lon="19.421544" lat="47.624865" /><trkpt lon="19.416924" lat="47.624042" /><trkpt lon="19.413569" lat="47.622887" /><trkpt lon="19.410918" lat="47.621538" /><trkpt lon="19.409342" lat="47.620469" /><trkpt lon="19.407804" lat="47.619154" /><trkpt lon="19.405085" lat="47.615942" /><trkpt lon="19.40385" lat="47.614834" /><trkpt lon="19.401365" lat="47.613491" /><trkpt lon="19.39902" lat="47.612833" /><trkpt lon="19.396502" lat="47.612517" /><trkpt lon="19.393942" lat="47.61251" /><trkpt lon="19.383229" lat="47.613364" /><trkpt lon="19.379318" lat="47.614104" /><trkpt lon="19.374403" lat="47.615567" /><trkpt lon="19.371326" lat="47.616298" /><trkpt lon="19.367078" lat="47.616868" /><trkpt lon="19.363187" lat="47.616974" /><trkpt lon="19.358453" lat="47.616765" /><trkpt lon="19.331002" lat="47.614471" /><trkpt lon="19.324979" lat="47.614134" /><trkpt lon="19.323726" lat="47.614216" /><trkpt lon="19.321137" lat="47.614864" /><trkpt lon="19.3201" lat="47.614886" /><trkpt lon="19.31818" lat="47.614399" /><trkpt lon="19.317354" lat="47.613872" /><trkpt lon="19.316856" lat="47.613325" /><trkpt lon="19.316488" lat="47.61236" /><trkpt lon="19.31665" lat="47.61141" /><trkpt lon="19.319595" lat="47.606553" /><trkpt lon="19.320427" lat="47.60466" /><trkpt lon="19.320865" lat="47.602478" /><trkpt lon="19.320758" lat="47.600226" /><trkpt lon="19.319962" lat="47.597718" /><trkpt lon="19.318634" lat="47.595553" /><trkpt lon="19.317268" lat="47.594047" /><trkpt lon="19.313971" lat="47.59121" /><trkpt lon="19.312775" lat="47.5897" /><trkpt lon="19.312032" lat="47.587732" /><trkpt lon="19.311965" lat="47.586831" /><trkpt lon="19.312137" lat="47.585532" /><trkpt lon="19.312642" lat="47.58426" /><trkpt lon="19.313233" lat="47.58335" /><trkpt lon="19.315126" lat="47.58154" /><trkpt lon="19.317166" lat="47.580387" /><trkpt lon="19.321916" lat="47.578424" /><trkpt lon="19.323214" lat="47.577717" /><trkpt lon="19.324629" lat="47.576665" /><trkpt lon="19.325622" lat="47.575572" /><trkpt lon="19.326531" lat="47.574099" /><trkpt lon="19.326982" lat="47.57241" /><trkpt lon="19.326872" lat="47.570612" /><trkpt lon="19.326484" lat="47.569487" /><trkpt lon="19.325588" lat="47.568032" /><trkpt lon="19.320591" lat="47.563394" /><trkpt lon="19.319062" lat="47.561623" /><trkpt lon="19.317621" lat="47.559533" /><trkpt lon="19.316234" lat="47.556596" /><trkpt lon="19.314797" lat="47.551064" /><trkpt lon="19.313684" lat="47.548295" /><trkpt lon="19.311745" lat="47.545194" /><trkpt lon="19.307982" lat="47.540596" /><trkpt lon="19.305999" lat="47.537259" /><trkpt lon="19.30535" lat="47.535705" /><trkpt lon="19.304631" lat="47.533155" /><trkpt lon="19.304341" lat="47.531" /><trkpt lon="19.304033" lat="47.525689" /><trkpt lon="19.303676" lat="47.523686" /><trkpt lon="19.303106" lat="47.521712" /><trkpt lon="19.302157" lat="47.519447" /><trkpt lon="19.300427" lat="47.516384" /><trkpt lon="19.297735" lat="47.51207" /><trkpt lon="19.295842" lat="47.509915" /><trkpt lon="19.295628" lat="47.508797" /><trkpt lon="19.295757" lat="47.508269" /><trkpt lon="19.296295" lat="47.507477" /><trkpt lon="19.297444" lat="47.506709" /><trkpt lon="19.298369" lat="47.506401" /><trkpt lon="19.30232" lat="47.505843" /><trkpt lon="19.303539" lat="47.505504" /><trkpt lon="19.305219" lat="47.504577" /><trkpt lon="19.306313" lat="47.503564" /><trkpt lon="19.307471" lat="47.502152" /><trkpt lon="19.308558" lat="47.500147" /><trkpt lon="19.309105" lat="47.498379" /><trkpt lon="19.311169" lat="47.489553" /><trkpt lon="19.311863" lat="47.487924" /><trkpt lon="19.312815" lat="47.486389" /><trkpt lon="19.31423" lat="47.484758" /><trkpt lon="19.316" lat="47.483234" /><trkpt lon="19.327941" lat="47.474742" /><trkpt lon="19.329582" lat="47.473133" /><trkpt lon="19.330953" lat="47.471164" /><trkpt lon="19.331488" lat="47.47001" /><trkpt lon="19.331987" lat="47.468163" /><trkpt lon="19.332004" lat="47.465608" /><trkpt lon="19.331258" lat="47.463057" /><trkpt lon="19.329364" lat="47.459137" /><trkpt lon="19.329043" lat="47.457194" /><trkpt lon="19.329337" lat="47.455638" /><trkpt lon="19.33114" lat="47.452241" /><trkpt lon="19.331752" lat="47.450305" /><trkpt lon="19.332433" lat="47.443187" /><trkpt lon="19.332318" lat="47.441638" /><trkpt lon="19.331921" lat="47.44033" /><trkpt lon="19.330994" lat="47.438541" /><trkpt lon="19.325496" lat="47.429716" /><trkpt lon="19.323819" lat="47.427885" /><trkpt lon="19.32063" lat="47.425112" /><trkpt lon="19.318924" lat="47.423414" /><trkpt lon="19.317786" lat="47.421964" /><trkpt lon="19.316746" lat="47.420197" /><trkpt lon="19.315859" lat="47.417784" /><trkpt lon="19.315531" lat="47.415447" /><trkpt lon="19.315653" lat="47.413325" /><trkpt lon="19.316188" lat="47.409523" /><trkpt lon="19.3161" lat="47.407712" /><trkpt lon="19.315465" lat="47.405516" /><trkpt lon="19.314632" lat="47.403974" /><trkpt lon="19.312977" lat="47.401969" /><trkpt lon="19.311447" lat="47.40065" /><trkpt lon="19.309678" lat="47.399492" /><trkpt lon="19.306142" lat="47.397605" /><trkpt lon="19.304724" lat="47.39657" /><trkpt lon="19.301607" lat="47.392902" /><trkpt lon="19.299841" lat="47.391323" /><trkpt lon="19.298258" lat="47.390388" /><trkpt lon="19.296857" lat="47.389785" /><trkpt lon="19.291164" lat="47.388101" /><trkpt lon="19.288461" lat="47.387098" /><trkpt lon="19.280862" lat="47.383517" /><trkpt lon="19.275007" lat="47.381157" /><trkpt lon="19.23132" lat="47.366199" /><trkpt lon="19.227047" lat="47.364472" /><trkpt lon="19.207425" lat="47.355676" /><trkpt lon="19.204191" lat="47.354564" /><trkpt lon="19.202078" lat="47.354114" /><trkpt lon="19.199911" lat="47.353945" /><trkpt lon="19.199397" lat="47.354046" /><trkpt lon="19.199119" lat="47.354267" /><trkpt lon="19.199137" lat="47.354703" /><trkpt lon="19.199583" lat="47.354974" /><trkpt lon="19.200147" lat="47.354944" /><trkpt lon="19.200747" lat="47.354579" /><trkpt lon="19.20526" lat="47.349718" /><trkpt lon="19.211105" lat="47.344532" /><trkpt lon="19.217161" lat="47.339687" /><trkpt lon="19.224915" lat="47.334366" /><trkpt lon="19.231433" lat="47.330514" /><trkpt lon="19.236723" lat="47.327733" /><trkpt lon="19.264934" lat="47.314306" /><trkpt lon="19.27166" lat="47.310691" /><trkpt lon="19.278429" lat="47.306715" /><trkpt lon="19.286485" lat="47.301475" /><trkpt lon="19.305481" lat="47.288017" /><trkpt lon="19.317015" lat="47.280499" /><trkpt lon="19.328018" lat="47.273967" /><trkpt lon="19.351317" lat="47.26125" /><trkpt lon="19.364858" lat="47.252996" /><trkpt lon="19.371978" lat="47.248273" /><trkpt lon="19.379351" lat="47.243064" /><trkpt lon="19.386965" lat="47.237309" /><trkpt lon="19.393728" lat="47.231825" /><trkpt lon="19.398393" lat="47.227711" /><trkpt lon="19.402446" lat="47.223791" /><trkpt lon="19.406443" lat="47.21952" /><trkpt lon="19.409414" lat="47.21603" /><trkpt lon="19.41291" lat="47.211495" /><trkpt lon="19.418844" lat="47.202756" /><trkpt lon="19.421371" lat="47.199354" /><trkpt lon="19.425062" lat="47.19486" /><trkpt lon="19.431607" lat="47.187591" /><trkpt lon="19.4354" lat="47.182876" /><trkpt lon="19.438924" lat="47.177919" /><trkpt lon="19.443886" lat="47.170226" /><trkpt lon="19.448191" lat="47.164302" /><trkpt lon="19.451921" lat="47.159681" /><trkpt lon="19.456939" lat="47.154069" /><trkpt lon="19.462303" lat="47.14867" /><trkpt lon="19.468864" lat="47.142757" /><trkpt lon="19.475698" lat="47.137237" /><trkpt lon="19.488781" lat="47.127563" /><trkpt lon="19.494296" lat="47.122913" /><trkpt lon="19.498355" lat="47.119118" /><trkpt lon="19.504026" lat="47.113147" /><trkpt lon="19.507611" lat="47.108878" /><trkpt lon="19.533343" lat="47.074242" /><trkpt lon="19.539306" lat="47.066829" /><trkpt lon="19.545372" lat="47.06003" /><trkpt lon="19.551422" lat="47.053865" /><trkpt lon="19.559697" lat="47.046234" /><trkpt lon="19.565606" lat="47.041258" /><trkpt lon="19.584226" lat="47.026413" /><trkpt lon="19.58944" lat="47.021966" /><trkpt lon="19.594333" lat="47.01715" /><trkpt lon="19.597783" lat="47.01319" /><trkpt lon="19.600438" lat="47.009644" /><trkpt lon="19.60261" lat="47.00635" /><trkpt lon="19.604809" lat="47.002509" /><trkpt lon="19.607165" lat="46.997339" /><trkpt lon="19.608543" lat="46.993362" /><trkpt lon="19.60961" lat="46.989484" /><trkpt lon="19.612253" lat="46.977177" /><trkpt lon="19.613391" lat="46.97276" /><trkpt lon="19.614677" lat="46.968908" /><trkpt lon="19.618154" lat="46.96028" /><trkpt lon="19.619622" lat="46.954877" /><trkpt lon="19.620155" lat="46.951096" /><trkpt lon="19.620297" lat="46.948267" /><trkpt lon="19.620231" lat="46.945551" /><trkpt lon="19.619901" lat="46.942379" /><trkpt lon="19.619001" lat="46.938003" /><trkpt lon="19.615431" lat="46.925529" /><trkpt lon="19.614669" lat="46.92128" /><trkpt lon="19.614399" lat="46.9171" /><trkpt lon="19.614717" lat="46.911947" /><trkpt lon="19.615748" lat="46.906848" /><trkpt lon="19.61759" lat="46.901602" /><trkpt lon="19.618871" lat="46.898872" /><trkpt lon="19.62067" lat="46.895692" /><trkpt lon="19.622318" lat="46.893209" /><trkpt lon="19.624653" lat="46.890165" /><trkpt lon="19.628148" lat="46.886205" /><trkpt lon="19.636782" lat="46.876944" /><trkpt lon="19.648761" lat="46.861862" /><trkpt lon="19.653867" lat="46.85661" /><trkpt lon="19.658698" lat="46.852514" /><trkpt lon="19.662281" lat="46.849883" /><trkpt lon="19.665543" lat="46.84773" /><trkpt lon="19.672792" lat="46.843607" /><trkpt lon="19.679289" lat="46.840564" /><trkpt lon="19.696489" lat="46.833363" /><trkpt lon="19.70256" lat="46.830312" /><trkpt lon="19.706637" lat="46.827885" /><trkpt lon="19.709546" lat="46.825933" /><trkpt lon="19.712741" lat="46.823532" /><trkpt lon="19.716041" lat="46.820713" /><trkpt lon="19.719551" lat="46.817208" /><trkpt lon="19.722606" lat="46.813585" /><trkpt lon="19.731262" lat="46.801315" /><trkpt lon="19.73509" lat="46.796518" /><trkpt lon="19.739978" lat="46.791592" /><trkpt lon="19.750771" lat="46.782351" /><trkpt lon="19.754921" lat="46.778528" /><trkpt lon="19.758598" lat="46.774477" /><trkpt lon="19.763328" lat="46.768215" /><trkpt lon="19.77749" lat="46.748384" /><trkpt lon="19.783377" lat="46.739176" /><trkpt lon="19.786203" lat="46.73417" /><trkpt lon="19.788824" lat="46.729103" /><trkpt lon="19.799905" lat="46.706091" /><trkpt lon="19.802689" lat="46.701316" /><trkpt lon="19.804393" lat="46.698902" /><trkpt lon="19.80729" lat="46.695365" /><trkpt lon="19.822494" lat="46.678502" /><trkpt lon="19.82511" lat="46.675079" /><trkpt lon="19.828042" lat="46.670301" /><trkpt lon="19.829414" lat="46.667503" /><trkpt lon="19.830496" lat="46.664844" /><trkpt lon="19.831752" lat="46.660655" /><trkpt lon="19.832363" lat="46.657626" /><trkpt lon="19.832802" lat="46.65357" /><trkpt lon="19.834109" lat="46.62567" /><trkpt lon="19.83463" lat="46.62234" /><trkpt lon="19.835635" lat="46.618406" /><trkpt lon="19.836624" lat="46.61561" /><trkpt lon="19.83778" lat="46.612939" /><trkpt lon="19.83921" lat="46.610184" /><trkpt lon="19.841633" lat="46.606329" /><trkpt lon="19.846004" lat="46.600881" /><trkpt lon="19.849792" lat="46.597047" /><trkpt lon="19.870703" lat="46.576899" /><trkpt lon="19.874514" lat="46.572477" /><trkpt lon="19.877758" lat="46.567713" /><trkpt lon="19.879572" lat="46.564386" /><trkpt lon="19.88151" lat="46.559721" /><trkpt lon="19.882652" lat="46.555856" /><trkpt lon="19.885252" lat="46.544573" /><trkpt lon="19.886566" lat="46.540658" /><trkpt lon="19.888168" lat="46.537063" /><trkpt lon="19.88971" lat="46.534259" /><trkpt lon="19.89189" lat="46.530918" /><trkpt lon="19.907951" lat="46.509732" /><trkpt lon="19.911119" lat="46.50463" /><trkpt lon="19.913447" lat="46.499671" /><trkpt lon="19.932273" lat="46.454882" /><trkpt lon="19.935743" lat="46.447676" /><trkpt lon="19.939317" lat="46.4413" /><trkpt lon="19.942397" lat="46.436451" /><trkpt lon="19.945965" lat="46.431414" /><trkpt lon="19.950108" lat="46.426141" /><trkpt lon="19.95395" lat="46.421698" /><trkpt lon="19.960651" lat="46.414727" /><trkpt lon="19.982133" lat="46.394081" /><trkpt lon="19.985854" lat="46.390045" /><trkpt lon="19.988785" lat="46.386481" /><trkpt lon="19.992938" lat="46.380657" /><trkpt lon="19.996279" lat="46.375029" /><trkpt lon="19.998204" lat="46.371143" /><trkpt lon="20.002991" lat="46.359857" /><trkpt lon="20.004423" lat="46.356825" /><trkpt lon="20.006707" lat="46.35268" /><trkpt lon="20.008734" lat="46.349561" /><trkpt lon="20.012021" lat="46.345151" /><trkpt lon="20.016157" lat="46.340492" /><trkpt lon="20.019612" lat="46.337125" /><trkpt lon="20.028476" lat="46.329278" /><trkpt lon="20.030975" lat="46.326683" /><trkpt lon="20.033475" lat="46.323708" /><trkpt lon="20.036055" lat="46.320099" /><trkpt lon="20.037865" lat="46.31704" /><trkpt lon="20.03972" lat="46.3132" /><trkpt lon="20.041341" lat="46.30865" /><trkpt lon="20.042111" lat="46.305483" /><trkpt lon="20.042605" lat="46.302412" /><trkpt lon="20.042841" lat="46.299302" /><trkpt lon="20.042703" lat="46.294675" /><trkpt lon="20.036355" lat="46.24315" /><trkpt lon="20.035475" lat="46.237648" /><trkpt lon="20.034587" lat="46.234171" /><trkpt lon="20.033303" lat="46.230425" /><trkpt lon="20.031811" lat="46.226999" /><trkpt lon="20.029742" lat="46.223074" /><trkpt lon="20.027298" lat="46.219315" /><trkpt lon="20.025131" lat="46.21642" /><trkpt lon="20.020297" lat="46.211021" /><trkpt lon="20.014738" lat="46.205978" /><trkpt lon="19.978152" lat="46.175347" /><trkpt lon="19.973919" lat="46.171626" /><trkpt lon="19.972068" lat="46.170206" /><trkpt lon="19.969292" lat="46.168677" /><trkpt lon="19.966297" lat="46.167599" /><trkpt lon="19.950866" lat="46.163895" /><trkpt lon="19.948393" lat="46.163072" /><trkpt lon="19.946292" lat="46.162107" /><trkpt lon="19.944272" lat="46.160892" /><trkpt lon="19.942353" lat="46.15935" /><trkpt lon="19.936436" lat="46.152747" /><trkpt lon="19.93427" lat="46.150594" /><trkpt lon="19.931985" lat="46.148944" /><trkpt lon="19.929726" lat="46.147773" /><trkpt lon="19.927154" lat="46.14681" /><trkpt lon="19.924878" lat="46.146157" /><trkpt lon="19.874222" lat="46.132858" /><trkpt lon="19.867867" lat="46.131363" /><trkpt lon="19.857457" lat="46.129354" /><trkpt lon="19.823349" lat="46.124197" /><trkpt lon="19.817709" lat="46.123072" /><trkpt lon="19.814768" lat="46.122221" /><trkpt lon="19.810709" lat="46.1207" /><trkpt lon="19.806952" lat="46.118858" /><trkpt lon="19.803025" lat="46.11638" /><trkpt lon="19.80081" lat="46.114626" /><trkpt lon="19.798238" lat="46.112133" /><trkpt lon="19.796811" lat="46.110415" /><trkpt lon="19.795228" lat="46.108079" /><trkpt lon="19.793973" lat="46.105636" /><trkpt lon="19.793084" lat="46.10328" /><trkpt lon="19.790288" lat="46.092272" /><trkpt lon="19.788295" lat="46.086645" /><trkpt lon="19.786141" lat="46.082162" /><trkpt lon="19.784424" lat="46.079216" /><trkpt lon="19.780468" lat="46.073683" /><trkpt lon="19.775788" lat="46.068508" /><trkpt lon="19.771834" lat="46.064836" /><trkpt lon="19.767585" lat="46.061464" /><trkpt lon="19.757416" lat="46.054138" /><trkpt lon="19.751424" lat="46.049105" /><trkpt lon="19.748979" lat="46.046725" /><trkpt lon="19.745858" lat="46.043265" /><trkpt lon="19.742035" lat="46.03823" /><trkpt lon="19.739493" lat="46.034054" /><trkpt lon="19.738269" lat="46.03167" /><trkpt lon="19.736998" lat="46.028866" /><trkpt lon="19.732173" lat="46.016925" /><trkpt lon="19.729913" lat="46.011906" /><trkpt lon="19.728646" lat="46.009477" /><trkpt lon="19.725583" lat="46.004342" /><trkpt lon="19.717033" lat="45.991126" /><trkpt lon="19.714147" lat="45.985218" /><trkpt lon="19.713049" lat="45.982241" /><trkpt lon="19.711978" lat="45.978663" /><trkpt lon="19.710984" lat="45.973136" /><trkpt lon="19.710814" lat="45.971222" /><trkpt lon="19.710726" lat="45.9659" /><trkpt lon="19.711605" lat="45.95593" /><trkpt lon="19.711821" lat="45.951604" /><trkpt lon="19.711569" lat="45.945756" /><trkpt lon="19.710712" lat="45.939888" /><trkpt lon="19.7098" lat="45.936" /><trkpt lon="19.708689" lat="45.932398" /><trkpt lon="19.702915" lat="45.917714" /><trkpt lon="19.7012" lat="45.912786" /><trkpt lon="19.70008" lat="45.908514" /><trkpt lon="19.699226" lat="45.903789" /><trkpt lon="19.698734" lat="45.898236" /><trkpt lon="19.69877" lat="45.893414" /><trkpt lon="19.700057" lat="45.876334" /><trkpt lon="19.700137" lat="45.872775" /><trkpt lon="19.699843" lat="45.867689" /><trkpt lon="19.699368" lat="45.864205" /><trkpt lon="19.698162" lat="45.858632" /><trkpt lon="19.696968" lat="45.85468" /><trkpt lon="19.689676" lat="45.836264" /><trkpt lon="19.688226" lat="45.831786" /><trkpt lon="19.687049" lat="45.825736" /><trkpt lon="19.686732" lat="45.822143" /><trkpt lon="19.686701" lat="45.819481" /><trkpt lon="19.686899" lat="45.815971" /><trkpt lon="19.687287" lat="45.812947" /><trkpt lon="19.687838" lat="45.810143" /><trkpt lon="19.688886" lat="45.806387" /><trkpt lon="19.69764" lat="45.783596" /><trkpt lon="19.698975" lat="45.779262" /><trkpt lon="19.699565" lat="45.776805" /><trkpt lon="19.700672" lat="45.769564" /><trkpt lon="19.702912" lat="45.741222" /><trkpt lon="19.7038" lat="45.736098" /><trkpt lon="19.705333" lat="45.730373" /><trkpt lon="19.706811" lat="45.726292" /><trkpt lon="19.708871" lat="45.721685" /><trkpt lon="19.723452" lat="45.694666" /><trkpt lon="19.725441" lat="45.690548" /><trkpt lon="19.726626" lat="45.687453" /><trkpt lon="19.72758" lat="45.684314" /><trkpt lon="19.72852" lat="45.678981" /><trkpt lon="19.728674" lat="45.674464" /><trkpt lon="19.728307" lat="45.669708" /><trkpt lon="19.727638" lat="45.666112" /><trkpt lon="19.726347" lat="45.661841" /><trkpt lon="19.724558" lat="45.657619" /><trkpt lon="19.722254" lat="45.653401" /><trkpt lon="19.720039" lat="45.650199" /><trkpt lon="19.714475" lat="45.64316" /><trkpt lon="19.712855" lat="45.640872" /><trkpt lon="19.709701" lat="45.635304" /><trkpt lon="19.708397" lat="45.632254" /><trkpt lon="19.706915" lat="45.627513" /><trkpt lon="19.706058" lat="45.623045" /><trkpt lon="19.705775" lat="45.61993" /><trkpt lon="19.705755" lat="45.617077" /><trkpt lon="19.706052" lat="45.613307" /><trkpt lon="19.706881" lat="45.608924" /><trkpt lon="19.707945" lat="45.605328" /><trkpt lon="19.709841" lat="45.600792" /><trkpt lon="19.715314" lat="45.590415" /><trkpt lon="19.717277" lat="45.586106" /><trkpt lon="19.719071" lat="45.580852" /><trkpt lon="19.720247" lat="45.575294" /><trkpt lon="19.720629" lat="45.571609" /><trkpt lon="19.720684" lat="45.567418" /><trkpt lon="19.718249" lat="45.535557" /><trkpt lon="19.718309" lat="45.531341" /><trkpt lon="19.718807" lat="45.527024" /><trkpt lon="19.719507" lat="45.523625" /><trkpt lon="19.720731" lat="45.519476" /><trkpt lon="19.722237" lat="45.515624" /><trkpt lon="19.725587" lat="45.508014" /><trkpt lon="19.72654" lat="45.505287" /><trkpt lon="19.72743" lat="45.501903" /><trkpt lon="19.728382" lat="45.496171" /><trkpt lon="19.728604" lat="45.492638" /><trkpt lon="19.729049" lat="45.476571" /><trkpt lon="19.729671" lat="45.470549" /><trkpt lon="19.73101" lat="45.464364" /><trkpt lon="19.735588" lat="45.450099" /><trkpt lon="19.736566" lat="45.446071" /><trkpt lon="19.737112" lat="45.442993" /><trkpt lon="19.737624" lat="45.438155" /><trkpt lon="19.737728" lat="45.433491" /><trkpt lon="19.736622" lat="45.419772" /><trkpt lon="19.736582" lat="45.415623" /><trkpt lon="19.737063" lat="45.4099" /><trkpt lon="19.737545" lat="45.407046" /><trkpt lon="19.738383" lat="45.40351" /><trkpt lon="19.739497" lat="45.399945" /><trkpt lon="19.75039" lat="45.369336" /><trkpt lon="19.753023" lat="45.36217" /><trkpt lon="19.754259" lat="45.359344" /><trkpt lon="19.756948" lat="45.354128" /><trkpt lon="19.760491" lat="45.348605" /><trkpt lon="19.764964" lat="45.342811" /><trkpt lon="19.768795" lat="45.338605" /><trkpt lon="19.772557" lat="45.334978" /><trkpt lon="19.775604" lat="45.332296" /><trkpt lon="19.797272" lat="45.314798" /><trkpt lon="19.801435" lat="45.311919" /><trkpt lon="19.803936" lat="45.310595" /><trkpt lon="19.806756" lat="45.309392" /><trkpt lon="19.809637" lat="45.308436" /><trkpt lon="19.812185" lat="45.3078" /><trkpt lon="19.817458" lat="45.306983" /><trkpt lon="19.821519" lat="45.306766" /><trkpt lon="19.840544" lat="45.306629" /><trkpt lon="19.845952" lat="45.306453" /><trkpt lon="19.850543" lat="45.305968" /><trkpt lon="19.854059" lat="45.305373" /><trkpt lon="19.86001" lat="45.303866" /><trkpt lon="19.865176" lat="45.301973" /><trkpt lon="19.868882" lat="45.300207" /><trkpt lon="19.889332" lat="45.28866" /><trkpt lon="19.894618" lat="45.285837" /><trkpt lon="19.902683" lat="45.282192" /><trkpt lon="19.910869" lat="45.279211" /><trkpt lon="19.920538" lat="45.276448" /><trkpt lon="19.992851" lat="45.25986" /><trkpt lon="20.00138" lat="45.257487" /><trkpt lon="20.008909" lat="45.254951" /><trkpt lon="20.014778" lat="45.252665" /><trkpt lon="20.019869" lat="45.250453" /><trkpt lon="20.028374" lat="45.24621" /><trkpt lon="20.03588" lat="45.241791" /><trkpt lon="20.039461" lat="45.239433" /><trkpt lon="20.044439" lat="45.235802" /><trkpt lon="20.049708" lat="45.231483" /><trkpt lon="20.053211" lat="45.228272" /><trkpt lon="20.057213" lat="45.224172" /><trkpt lon="20.060911" lat="45.219952" /><trkpt lon="20.063672" lat="45.216402" /><trkpt lon="20.066956" lat="45.211566" /><trkpt lon="20.069004" lat="45.208117" /><trkpt lon="20.071394" lat="45.203499" /><trkpt lon="20.072665" lat="45.200662" /><trkpt lon="20.074409" lat="45.196054" /><trkpt lon="20.076249" lat="45.189623" /><trkpt lon="20.076836" lat="45.186812" /><trkpt lon="20.082521" lat="45.152452" /><trkpt lon="20.083998" lat="45.145891" /><trkpt lon="20.085736" lat="45.140404" /><trkpt lon="20.087181" lat="45.136592" /><trkpt lon="20.088917" lat="45.132639" /><trkpt lon="20.092417" lat="45.125916" /><trkpt lon="20.096503" lat="45.11944" /><trkpt lon="20.098796" lat="45.116214" /><trkpt lon="20.102119" lat="45.111994" /><trkpt lon="20.104718" lat="45.108969" /><trkpt lon="20.108781" lat="45.10465" /><trkpt lon="20.112378" lat="45.101146" /><trkpt lon="20.11623" lat="45.097723" /><trkpt lon="20.121347" lat="45.093552" /><trkpt lon="20.160642" lat="45.062778" /><trkpt lon="20.167197" lat="45.056986" /><trkpt lon="20.17317" lat="45.050907" /><trkpt lon="20.17681" lat="45.046695" /><trkpt lon="20.179267" lat="45.04357" /><trkpt lon="20.181944" lat="45.039884" /><trkpt lon="20.184645" lat="45.035771" /><trkpt lon="20.20354" lat="45.002528" /><trkpt lon="20.207316" lat="44.996404" /><trkpt lon="20.210507" lat="44.992005" /><trkpt lon="20.212981" lat="44.988957" /><trkpt lon="20.216745" lat="44.984776" /><trkpt lon="20.220354" lat="44.981187" /><trkpt lon="20.22531" lat="44.976819" /><trkpt lon="20.229604" lat="44.973436" /><trkpt lon="20.234417" lat="44.970017" /><trkpt lon="20.238738" lat="44.967241" /><trkpt lon="20.246729" lat="44.962654" /><trkpt lon="20.28456" lat="44.941772" /><trkpt lon="20.288499" lat="44.939463" /><trkpt lon="20.29082" lat="44.937894" /><trkpt lon="20.29492" lat="44.934548" /><trkpt lon="20.298609" lat="44.930629" /><trkpt lon="20.301266" lat="44.926865" /><trkpt lon="20.303426" lat="44.922565" /><trkpt lon="20.304624" lat="44.918878" /><trkpt lon="20.305201" lat="44.915755" /><trkpt lon="20.305336" lat="44.911097" /><trkpt lon="20.304916" lat="44.907808" /><trkpt lon="20.303882" lat="44.904007" /><trkpt lon="20.302641" lat="44.901174" /><trkpt lon="20.296784" lat="44.89184" /><trkpt lon="20.295722" lat="44.890688" /><trkpt lon="20.294609" lat="44.889795" /><trkpt lon="20.292358" lat="44.888548" /><trkpt lon="20.277506" lat="44.883614" /><trkpt lon="20.271626" lat="44.881222" /><trkpt lon="20.266231" lat="44.878276" /><trkpt lon="20.261957" lat="44.875265" /><trkpt lon="20.259729" lat="44.873365" /><trkpt lon="20.257055" lat="44.870675" /><trkpt lon="20.25493" lat="44.868091" /><trkpt lon="20.253442" lat="44.86593" /><trkpt lon="20.252139" lat="44.863674" /><trkpt lon="20.250651" lat="44.860261" /><trkpt lon="20.249969" lat="44.858114" /><trkpt lon="20.249261" lat="44.854796" /><trkpt lon="20.249031" lat="44.851981" /><trkpt lon="20.249089" lat="44.849371" /><trkpt lon="20.250776" lat="44.834342" /><trkpt lon="20.250783" lat="44.832789" /><trkpt lon="20.250315" lat="44.829997" /><trkpt lon="20.250346" lat="44.82889" /><trkpt lon="20.252009" lat="44.823728" /><trkpt lon="20.254826" lat="44.799201" /><trkpt lon="20.255344" lat="44.796692" /><trkpt lon="20.256291" lat="44.793685" /><trkpt lon="20.25735" lat="44.791237" /><trkpt lon="20.258576" lat="44.788979" /><trkpt lon="20.261428" lat="44.78493" /><trkpt lon="20.269939" lat="44.775481" /><trkpt lon="20.274137" lat="44.771173" /><trkpt lon="20.274322" lat="44.770422" /><trkpt lon="20.273855" lat="44.769222" /><trkpt lon="20.274071" lat="44.768798" /><trkpt lon="20.274777" lat="44.76848" /><trkpt lon="20.275519" lat="44.768558" /><trkpt lon="20.278837" lat="44.770467" /><trkpt lon="20.279963" lat="44.771662" /><trkpt lon="20.280274" lat="44.772458" /><trkpt lon="20.280309" lat="44.773321" /><trkpt lon="20.279946" lat="44.774346" /><trkpt lon="20.279134" lat="44.775326" /><trkpt lon="20.278198" lat="44.77596" /><trkpt lon="20.27737" lat="44.776" /><trkpt lon="20.276684" lat="44.775622" /><trkpt lon="20.27629" lat="44.774337" /><trkpt lon="20.275481" lat="44.773743" /><trkpt lon="20.262069" lat="44.769299" /><trkpt lon="20.25968" lat="44.7688" /><trkpt lon="20.254189" lat="44.768792" /><trkpt lon="20.251217" lat="44.76829" /><trkpt lon="20.248841" lat="44.76726" /><trkpt lon="20.247178" lat="44.766001" /><trkpt lon="20.245916" lat="44.764234" /><trkpt lon="20.245472" lat="44.762872" /><trkpt lon="20.245418" lat="44.761689" /><trkpt lon="20.245633" lat="44.760523" /><trkpt lon="20.249495" lat="44.752526" /><trkpt lon="20.249898" lat="44.751309" /><trkpt lon="20.250126" lat="44.749673" /><trkpt lon="20.24971" lat="44.746821" /><trkpt lon="20.245759" lat="44.735617" /><trkpt lon="20.245563" lat="44.733871" /><trkpt lon="20.245853" lat="44.732183" /><trkpt lon="20.24662" lat="44.730421" /><trkpt lon="20.248357" lat="44.728373" /><trkpt lon="20.25013" lat="44.727078" /><trkpt lon="20.255002" lat="44.724542" /><trkpt lon="20.256134" lat="44.723591" /><trkpt lon="20.257241" lat="44.722114" /><trkpt lon="20.257888" lat="44.720189" /><trkpt lon="20.258416" lat="44.715106" /><trkpt lon="20.258727" lat="44.713836" /><trkpt lon="20.266197" lat="44.694443" /><trkpt lon="20.267058" lat="44.691892" /><trkpt lon="20.267291" lat="44.689658" /><trkpt lon="20.267131" lat="44.688354" /><trkpt lon="20.266731" lat="44.687134" /><trkpt lon="20.265623" lat="44.685351" /><trkpt lon="20.264387" lat="44.683961" /><trkpt lon="20.231349" lat="44.65175" /><trkpt lon="20.22982" lat="44.650687" /><trkpt lon="20.224836" lat="44.648232" /><trkpt lon="20.21637" lat="44.645366" /><trkpt lon="20.213106" lat="44.644069" /><trkpt lon="20.210723" lat="44.642794" /><trkpt lon="20.207654" lat="44.640484" /><trkpt lon="20.206375" lat="44.639169" /><trkpt lon="20.204952" lat="44.637317" /><trkpt lon="20.204021" lat="44.635635" /><trkpt lon="20.202394" lat="44.631954" /><trkpt lon="20.201106" lat="44.629696" /><trkpt lon="20.199908" lat="44.628157" /><trkpt lon="20.196699" lat="44.624646" /><trkpt lon="20.194913" lat="44.622273" /><trkpt lon="20.193884" lat="44.620299" /><trkpt lon="20.193079" lat="44.61771" /><trkpt lon="20.192851" lat="44.615635" /><trkpt lon="20.193117" lat="44.612703" /><trkpt lon="20.193688" lat="44.610766" /><trkpt lon="20.194664" lat="44.608736" /><trkpt lon="20.19562" lat="44.607239" /><trkpt lon="20.19808" lat="44.604102" /><trkpt lon="20.199555" lat="44.60175" /><trkpt lon="20.200371" lat="44.59929" /><trkpt lon="20.200515" lat="44.596968" /><trkpt lon="20.200224" lat="44.595313" /><trkpt lon="20.199589" lat="44.593497" /><trkpt lon="20.191869" lat="44.575805" /><trkpt lon="20.190923" lat="44.574044" /><trkpt lon="20.190414" lat="44.572442" /><trkpt lon="20.187563" lat="44.565591" /><trkpt lon="20.18708" lat="44.563224" /><trkpt lon="20.186355" lat="44.551516" /><trkpt lon="20.186023" lat="44.549843" /><trkpt lon="20.185142" lat="44.547425" /><trkpt lon="20.183122" lat="44.544059" /><trkpt lon="20.181753" lat="44.54245" /><trkpt lon="20.179562" lat="44.540439" /><trkpt lon="20.177607" lat="44.539005" /><trkpt lon="20.169799" lat="44.534449" /><trkpt lon="20.167771" lat="44.532785" /><trkpt lon="20.166657" lat="44.531591" /><trkpt lon="20.165228" lat="44.529453" /><trkpt lon="20.164433" lat="44.527481" /><trkpt lon="20.164067" lat="44.525466" /><trkpt lon="20.164001" lat="44.520269" /><trkpt lon="20.163667" lat="44.518991" /><trkpt lon="20.16297" lat="44.517598" /><trkpt lon="20.1619" lat="44.516245" /><trkpt lon="20.160013" lat="44.514687" /><trkpt lon="20.158668" lat="44.513911" /><trkpt lon="20.154813" lat="44.512212" /><trkpt lon="20.15349" lat="44.511383" /><trkpt lon="20.152046" lat="44.510096" /><trkpt lon="20.15123" lat="44.509034" /><trkpt lon="20.150735" lat="44.508091" /><trkpt lon="20.149546" lat="44.503682" /><trkpt lon="20.148989" lat="44.502693" /><trkpt lon="20.147957" lat="44.501525" /><trkpt lon="20.146394" lat="44.500422" /><trkpt lon="20.145103" lat="44.499826" /><trkpt lon="20.14368" lat="44.499393" /><trkpt lon="20.138123" lat="44.498287" /><trkpt lon="20.136188" lat="44.497464" /><trkpt lon="20.133436" lat="44.495709" /><trkpt lon="20.131172" lat="44.494559" /><trkpt lon="20.126319" lat="44.493256" /><trkpt lon="20.123608" lat="44.492154" /><trkpt lon="20.122153" lat="44.491192" /><trkpt lon="20.120572" lat="44.489654" /><trkpt lon="20.116301" lat="44.484573" /><trkpt lon="20.114776" lat="44.482512" /><trkpt lon="20.114358" lat="44.481574" /><trkpt lon="20.114093" lat="44.480345" /><trkpt lon="20.114073" lat="44.479185" /><trkpt lon="20.11427" lat="44.478166" /><trkpt lon="20.124582" lat="44.456119" /><trkpt lon="20.125084" lat="44.454593" /><trkpt lon="20.125306" lat="44.453332" /><trkpt lon="20.125334" lat="44.451566" /><trkpt lon="20.125121" lat="44.450341" /><trkpt lon="20.12471" lat="44.448975" /><trkpt lon="20.124102" lat="44.447781" /><trkpt lon="20.122986" lat="44.446293" /><trkpt lon="20.121704" lat="44.444974" /><trkpt lon="20.119384" lat="44.443324" /><trkpt lon="20.114574" lat="44.441057" /><trkpt lon="20.11223" lat="44.439728" /><trkpt lon="20.110529" lat="44.438448" /><trkpt lon="20.109237" lat="44.437209" /><trkpt lon="20.107565" lat="44.435026" /><trkpt lon="20.10644" lat="44.432763" /><trkpt lon="20.105879" lat="44.430529" /><trkpt lon="20.105851" lat="44.421793" /><trkpt lon="20.105219" lat="44.419128" /><trkpt lon="20.104299" lat="44.417377" /><trkpt lon="20.103181" lat="44.415917" /><trkpt lon="20.101453" lat="44.414257" /><trkpt lon="20.098223" lat="44.411741" /><trkpt lon="20.09702" lat="44.41052" /><trkpt lon="20.096035" lat="44.409234" /><trkpt lon="20.095166" lat="44.407693" /><trkpt lon="20.09449" lat="44.405835" /><trkpt lon="20.094195" lat="44.404019" /><trkpt lon="20.094187" lat="44.402848" /><trkpt lon="20.094547" lat="44.400684" /><trkpt lon="20.095064" lat="44.399272" /><trkpt lon="20.096079" lat="44.397437" /><trkpt lon="20.097528" lat="44.395642" /><trkpt lon="20.113472" lat="44.381832" /><trkpt lon="20.115755" lat="44.379103" /><trkpt lon="20.117128" lat="44.376463" /><trkpt lon="20.120018" lat="44.366368" /><trkpt lon="20.120765" lat="44.364559" /><trkpt lon="20.121802" lat="44.362862" /><trkpt lon="20.123061" lat="44.361384" /><trkpt lon="20.126085" lat="44.358951" /><trkpt lon="20.128757" lat="44.357501" /><trkpt lon="20.132061" lat="44.35642" /><trkpt lon="20.169523" lat="44.34784" /><trkpt lon="20.1778" lat="44.346594" /><trkpt lon="20.180152" lat="44.346028" /><trkpt lon="20.18494" lat="44.344443" /><trkpt lon="20.192168" lat="44.342975" /><trkpt lon="20.19391" lat="44.342242" /><trkpt lon="20.195303" lat="44.341392" /><trkpt lon="20.199144" lat="44.337606" /><trkpt lon="20.200985" lat="44.336248" /><trkpt lon="20.202463" lat="44.335422" /><trkpt lon="20.20754" lat="44.333172" /><trkpt lon="20.209833" lat="44.33145" /><trkpt lon="20.21115" lat="44.329906" /><trkpt lon="20.212258" lat="44.327653" /><trkpt lon="20.212618" lat="44.325562" /><trkpt lon="20.212761" lat="44.3215" /><trkpt lon="20.213084" lat="44.319955" /><trkpt lon="20.213605" lat="44.318475" /><trkpt lon="20.214574" lat="44.316552" /><trkpt lon="20.216271" lat="44.314268" /><trkpt lon="20.218005" lat="44.312594" /><trkpt lon="20.22007" lat="44.311054" /><trkpt lon="20.225815" lat="44.307837" /><trkpt lon="20.2291" lat="44.305392" /><trkpt lon="20.23094" lat="44.303458" /><trkpt lon="20.232397" lat="44.301482" /><trkpt lon="20.23452" lat="44.297265" /><trkpt lon="20.235953" lat="44.295113" /><trkpt lon="20.237857" lat="44.292979" /><trkpt lon="20.239611" lat="44.291482" /><trkpt lon="20.240824" lat="44.290594" /><trkpt lon="20.243723" lat="44.28892" /><trkpt lon="20.250319" lat="44.28616" /><trkpt lon="20.254677" lat="44.284007" /><trkpt lon="20.257826" lat="44.282061" /><trkpt lon="20.26027" lat="44.280211" /><trkpt lon="20.263376" lat="44.277338" /><trkpt lon="20.266014" lat="44.274254" /><trkpt lon="20.267975" lat="44.271173" /><trkpt lon="20.269281" lat="44.26841" /><trkpt lon="20.270346" lat="44.265057" /><trkpt lon="20.270725" lat="44.262898" /><trkpt lon="20.270923" lat="44.259646" /><trkpt lon="20.27061" lat="44.256327" /><trkpt lon="20.270297" lat="44.254804" /><trkpt lon="20.269171" lat="44.251347" /><trkpt lon="20.266841" lat="44.246935" /><trkpt lon="20.264811" lat="44.244154" /><trkpt lon="20.26252" lat="44.241702" /><trkpt lon="20.256932" lat="44.236858" /><trkpt lon="20.255131" lat="44.234777" /><trkpt lon="20.253898" lat="44.232175" /><trkpt lon="20.253505" lat="44.229958" /><trkpt lon="20.253614" lat="44.228021" /><trkpt lon="20.253843" lat="44.226856" /><trkpt lon="20.256364" lat="44.219635" /><trkpt lon="20.257769" lat="44.217373" /><trkpt lon="20.261474" lat="44.213414" /><trkpt lon="20.262843" lat="44.211315" /><trkpt lon="20.263531" lat="44.209111" /><trkpt lon="20.264078" lat="44.206058" /><trkpt lon="20.264475" lat="44.204781" /><trkpt lon="20.265099" lat="44.203487" /><trkpt lon="20.266123" lat="44.202298" /><trkpt lon="20.267081" lat="44.201491" /><trkpt lon="20.268601" lat="44.200539" /><trkpt lon="20.270049" lat="44.199876" /><trkpt lon="20.273421" lat="44.198905" /><trkpt lon="20.278812" lat="44.197977" /><trkpt lon="20.281085" lat="44.197071" /><trkpt lon="20.282754" lat="44.195861" /><trkpt lon="20.285" lat="44.19316" /><trkpt lon="20.286303" lat="44.191993" /><trkpt lon="20.287994" lat="44.19112" /><trkpt lon="20.291689" lat="44.189776" /><trkpt lon="20.293597" lat="44.188568" /><trkpt lon="20.295024" lat="44.186958" /><trkpt lon="20.296239" lat="44.184076" /><trkpt lon="20.296891" lat="44.183065" /><trkpt lon="20.299217" lat="44.180848" /><trkpt lon="20.30041" lat="44.179174" /><trkpt lon="20.300866" lat="44.177729" /><trkpt lon="20.301084" lat="44.174671" /><trkpt lon="20.301578" lat="44.173249" /><trkpt lon="20.302182" lat="44.172397" /><trkpt lon="20.303237" lat="44.171376" /><trkpt lon="20.304829" lat="44.170347" /><trkpt lon="20.307051" lat="44.169497" /><trkpt lon="20.311525" lat="44.168407" /><trkpt lon="20.313115" lat="44.167631" /><trkpt lon="20.314335" lat="44.166737" /><trkpt lon="20.315264" lat="44.165755" /><trkpt lon="20.316082" lat="44.164345" /><trkpt lon="20.316968" lat="44.160818" /><trkpt lon="20.317542" lat="44.159312" /><trkpt lon="20.318278" lat="44.158186" /><trkpt lon="20.31917" lat="44.157261" /><trkpt lon="20.32125" lat="44.155926" /><trkpt lon="20.326944" lat="44.154163" /><trkpt lon="20.32928" lat="44.152729" /><trkpt lon="20.330588" lat="44.151284" /><trkpt lon="20.331376" lat="44.149777" /><trkpt lon="20.33228" lat="44.147488" /><trkpt lon="20.333085" lat="44.146102" /><trkpt lon="20.334264" lat="44.144825" /><trkpt lon="20.335693" lat="44.143818" /><trkpt lon="20.337444" lat="44.14305" /><trkpt lon="20.339084" lat="44.142629" /><trkpt lon="20.34092" lat="44.142422" /><trkpt lon="20.344385" lat="44.1424" /><trkpt lon="20.346527" lat="44.142091" /><trkpt lon="20.348361" lat="44.14148" /><trkpt lon="20.35047" lat="44.140176" /><trkpt lon="20.351497" lat="44.139173" /><trkpt lon="20.352912" lat="44.137227" /><trkpt lon="20.353832" lat="44.136285" /><trkpt lon="20.357689" lat="44.133575" /><trkpt lon="20.360661" lat="44.130467" /><trkpt lon="20.365866" lat="44.126347" /><trkpt lon="20.366772" lat="44.125234" /><trkpt lon="20.368314" lat="44.12249" /><trkpt lon="20.369327" lat="44.12136" /><trkpt lon="20.370626" lat="44.120587" /><trkpt lon="20.373826" lat="44.119636" /><trkpt lon="20.374974" lat="44.119083" /><trkpt lon="20.377757" lat="44.116698" /><trkpt lon="20.381239" lat="44.115222" /><trkpt lon="20.382242" lat="44.114646" /><trkpt lon="20.383167" lat="44.11381" /><trkpt lon="20.383683" lat="44.11309" /><trkpt lon="20.384137" lat="44.112249" /><trkpt lon="20.384453" lat="44.111008" /><trkpt lon="20.384264" lat="44.107796" /><trkpt lon="20.38463" lat="44.106056" /><trkpt lon="20.384752" lat="44.104474" /><trkpt lon="20.383417" lat="44.098112" /><trkpt lon="20.382506" lat="44.096853" /><trkpt lon="20.380156" lat="44.095143" /><trkpt lon="20.379219" lat="44.094111" /><trkpt lon="20.377547" lat="44.090673" /><trkpt lon="20.374573" lat="44.087165" /><trkpt lon="20.374087" lat="44.086116" /><trkpt lon="20.373879" lat="44.085062" /><trkpt lon="20.374056" lat="44.083664" /><trkpt lon="20.376497" lat="44.076689" /><trkpt lon="20.379141" lat="44.06616" /><trkpt lon="20.380869" lat="44.061024" /><trkpt lon="20.38078" lat="44.059474" /><trkpt lon="20.379671" lat="44.05728" /><trkpt lon="20.379318" lat="44.055929" /><trkpt lon="20.37953" lat="44.050966" /><trkpt lon="20.379306" lat="44.049084" /><trkpt lon="20.377186" lat="44.042182" /><trkpt lon="20.376859" lat="44.041439" /><trkpt lon="20.376211" lat="44.040606" /><trkpt lon="20.374526" lat="44.039515" /><trkpt lon="20.367466" lat="44.036545" /><trkpt lon="20.366497" lat="44.035883" /><trkpt lon="20.3656" lat="44.034896" /><trkpt lon="20.365084" lat="44.033515" /><trkpt lon="20.36527" lat="44.031602" /><trkpt lon="20.36497" lat="44.029758" /><trkpt lon="20.363623" lat="44.027275" /><trkpt lon="20.359683" lat="44.021417" /><trkpt lon="20.358865" lat="44.019451" /><trkpt lon="20.358746" lat="44.018104" /><trkpt lon="20.359077" lat="44.016397" /><trkpt lon="20.359963" lat="44.015035" /><trkpt lon="20.362259" lat="44.013119" /><trkpt lon="20.364625" lat="44.01211" /><trkpt lon="20.366539" lat="44.01169" /><trkpt lon="20.370825" lat="44.011522" /><trkpt lon="20.37982" lat="44.012253" /><trkpt lon="20.381377" lat="44.012041" /><trkpt lon="20.382648" lat="44.011607" /><trkpt lon="20.384424" lat="44.010495" /><trkpt lon="20.386766" lat="44.008354" /><trkpt lon="20.389904" lat="44.006467" /><trkpt lon="20.39209" lat="44.004223" /><trkpt lon="20.393063" lat="44.003502" /><trkpt lon="20.394864" lat="44.002736" /><trkpt lon="20.400905" lat="44.000718" /><trkpt lon="20.402233" lat="43.999851" /><trkpt lon="20.403044" lat="43.998793" /><trkpt lon="20.403402" lat="43.997399" /><trkpt lon="20.403091" lat="43.996073" /><trkpt lon="20.402348" lat="43.994987" /><trkpt lon="20.400343" lat="43.993419" /><trkpt lon="20.39968" lat="43.992646" /><trkpt lon="20.399377" lat="43.992071" /><trkpt lon="20.399199" lat="43.991169" /><trkpt lon="20.399268" lat="43.990503" /><trkpt lon="20.399741" lat="43.989295" /><trkpt lon="20.401732" lat="43.987044" /><trkpt lon="20.402337" lat="43.985908" /><trkpt lon="20.402562" lat="43.984109" /><trkpt lon="20.402555" lat="43.982585" /><trkpt lon="20.402115" lat="43.980054" /><trkpt lon="20.401617" lat="43.97884" /><trkpt lon="20.400972" lat="43.977803" /><trkpt lon="20.397042" lat="43.973533" /><trkpt lon="20.396268" lat="43.972485" /><trkpt lon="20.395622" lat="43.971166" /><trkpt lon="20.395436" lat="43.969961" /><trkpt lon="20.395468" lat="43.968492" /><trkpt lon="20.396628" lat="43.961683" /><trkpt lon="20.40007" lat="43.953483" /><trkpt lon="20.400611" lat="43.951612" /><trkpt lon="20.400664" lat="43.950151" /><trkpt lon="20.400058" lat="43.945501" /><trkpt lon="20.39995" lat="43.943545" /><trkpt lon="20.401734" lat="43.930016" /><trkpt lon="20.401768" lat="43.928794" /><trkpt lon="20.401378" lat="43.926892" /><trkpt lon="20.400645" lat="43.925404" /><trkpt lon="20.399308" lat="43.923723" /><trkpt lon="20.397761" lat="43.922414" /><trkpt lon="20.395409" lat="43.921134" /><trkpt lon="20.393295" lat="43.92037" /><trkpt lon="20.39125" lat="43.919955" /><trkpt lon="20.388624" lat="43.919808" /><trkpt lon="20.385336" lat="43.92013" /><trkpt lon="20.376205" lat="43.922483" /><trkpt lon="20.373566" lat="43.922986" /><trkpt lon="20.35412" lat="43.924956" /><trkpt lon="20.335388" lat="43.92909" /><trkpt lon="20.331985" lat="43.929466" /><trkpt lon="20.327631" lat="43.92933" /><trkpt lon="20.324313" lat="43.9287" /><trkpt lon="20.320793" lat="43.927521" /><trkpt lon="20.316593" lat="43.925275" /><trkpt lon="20.310498" lat="43.92164" /><trkpt lon="20.307691" lat="43.920509" /><trkpt lon="20.297933" lat="43.918299" /><trkpt lon="20.295863" lat="43.91753" /><trkpt lon="20.291732" lat="43.915621" /><trkpt lon="20.289189" lat="43.914798" /><trkpt lon="20.286427" lat="43.914392" /><trkpt lon="20.280939" lat="43.914315" /><trkpt lon="20.278195" lat="43.913679" /><trkpt lon="20.276854" lat="43.913057" /><trkpt lon="20.275859" lat="43.912386" /><trkpt lon="20.274209" lat="43.910598" /><trkpt lon="20.273588" lat="43.908962" /><trkpt lon="20.273363" lat="43.906089" /><trkpt lon="20.273093" lat="43.904788" /><trkpt lon="20.272026" lat="43.90311" /><trkpt lon="20.270653" lat="43.902081" /><trkpt lon="20.268713" lat="43.901328" /><trkpt lon="20.266463" lat="43.901083" /><trkpt lon="20.2648" lat="43.901248" /><trkpt lon="20.260109" lat="43.902337" /><trkpt lon="20.258259" lat="43.9024" /><trkpt lon="20.256787" lat="43.90222" /><trkpt lon="20.254951" lat="43.901663" /><trkpt lon="20.253257" lat="43.90075" /><trkpt lon="20.248723" lat="43.896968" /><trkpt lon="20.247897" lat="43.896014" /><trkpt lon="20.24742" lat="43.895166" /><trkpt lon="20.246929" lat="43.893798" /><trkpt lon="20.246735" lat="43.892608" /><trkpt lon="20.246776" lat="43.89139" /><trkpt lon="20.248318" lat="43.88685" /><trkpt lon="20.248715" lat="43.884385" /><trkpt lon="20.248546" lat="43.882076" /><trkpt lon="20.248023" lat="43.880483" /><trkpt lon="20.247468" lat="43.879388" /><trkpt lon="20.245407" lat="43.876905" /><trkpt lon="20.243793" lat="43.875543" /><trkpt lon="20.240937" lat="43.874008" /><trkpt lon="20.234154" lat="43.870993" /><trkpt lon="20.231476" lat="43.869425" /><trkpt lon="20.230481" lat="43.868587" /><trkpt lon="20.228814" lat="43.866653" /><trkpt lon="20.226541" lat="43.863217" /><trkpt lon="20.225659" lat="43.862403" /><trkpt lon="20.224447" lat="43.861612" /><trkpt lon="20.223132" lat="43.861029" /><trkpt lon="20.216425" lat="43.858863" /><trkpt lon="20.215189" lat="43.858157" /><trkpt lon="20.212716" lat="43.856382" /><trkpt lon="20.209073" lat="43.854953" /><trkpt lon="20.206579" lat="43.85303" /><trkpt lon="20.205539" lat="43.852495" /><trkpt lon="20.198342" lat="43.850172" /><trkpt lon="20.196807" lat="43.849212" /><trkpt lon="20.194594" lat="43.846766" /><trkpt lon="20.192908" lat="43.845836" /><trkpt lon="20.191747" lat="43.845524" /><trkpt lon="20.190199" lat="43.845408" /><trkpt lon="20.185127" lat="43.846222" /><trkpt lon="20.18394" lat="43.846176" /><trkpt lon="20.182718" lat="43.845917" /><trkpt lon="20.181405" lat="43.845355" /><trkpt lon="20.180469" lat="43.844672" /><trkpt lon="20.178881" lat="43.842557" /><trkpt lon="20.177662" lat="43.841449" /><trkpt lon="20.176014" lat="43.840619" /><trkpt lon="20.174232" lat="43.840189" /><trkpt lon="20.172845" lat="43.840108" /><trkpt lon="20.169129" lat="43.840388" /><trkpt lon="20.164807" lat="43.840094" /><trkpt lon="20.163475" lat="43.84022" /><trkpt lon="20.160324" lat="43.84087" /><trkpt lon="20.158296" lat="43.841031" /><trkpt lon="20.156436" lat="43.840914" /><trkpt lon="20.15467" lat="43.840538" /><trkpt lon="20.152426" lat="43.83968" /><trkpt lon="20.147884" lat="43.836834" /><trkpt lon="20.145804" lat="43.835757" /><trkpt lon="20.128393" lat="43.828509" /><trkpt lon="20.127377" lat="43.827895" /><trkpt lon="20.1239" lat="43.825203" /><trkpt lon="20.120009" lat="43.823425" /><trkpt lon="20.117195" lat="43.822509" /><trkpt lon="20.114999" lat="43.82204" /><trkpt lon="20.105994" lat="43.821483" /><trkpt lon="20.104052" lat="43.821207" /><trkpt lon="20.096644" lat="43.818686" /><trkpt lon="20.095142" lat="43.818734" /><trkpt lon="20.089451" lat="43.82117" /><trkpt lon="20.086839" lat="43.821812" /><trkpt lon="20.08603" lat="43.821848" /><trkpt lon="20.084452" lat="43.821371" /><trkpt lon="20.084037" lat="43.821406" /><trkpt lon="20.079856" lat="43.825661" /><trkpt lon="20.074472" lat="43.830307" /><trkpt lon="20.07346" lat="43.830834" /><trkpt lon="20.072111" lat="43.830835" /><trkpt lon="20.065901" lat="43.829422" /><trkpt lon="20.064341" lat="43.829434" /><trkpt lon="20.04748" lat="43.831955" /><trkpt lon="20.046191" lat="43.832553" /><trkpt lon="20.044418" lat="43.834374" /><trkpt lon="20.043391" lat="43.834907" /><trkpt lon="20.042229" lat="43.835003" /><trkpt lon="20.039172" lat="43.834552" /><trkpt lon="20.034781" lat="43.835851" /><trkpt lon="20.033764" lat="43.836415" /><trkpt lon="20.032915" lat="43.837208" /><trkpt lon="20.031068" lat="43.840147" /><trkpt lon="20.03042" lat="43.840644" /><trkpt lon="20.028484" lat="43.841539" /><trkpt lon="20.027205" lat="43.842872" /><trkpt lon="20.026741" lat="43.843641" /><trkpt lon="20.027053" lat="43.844659" /><trkpt lon="20.024448" lat="43.845253" /><trkpt lon="20.023007" lat="43.846499" /><trkpt lon="20.022445" lat="43.846515" /><trkpt lon="20.021761" lat="43.846133" /><trkpt lon="20.021323" lat="43.846108" /><trkpt lon="19.998995" lat="43.852326" /><trkpt lon="19.969036" lat="43.858653" /><trkpt lon="19.958881" lat="43.86106" /><trkpt lon="19.950393" lat="43.86338" /><trkpt lon="19.949095" lat="43.863595" /><trkpt lon="19.948057" lat="43.863518" /><trkpt lon="19.947009" lat="43.864133" /><trkpt lon="19.946844" lat="43.864084" /><trkpt lon="19.946563" lat="43.863557" /><trkpt lon="19.945449" lat="43.863559" /><trkpt lon="19.943927" lat="43.863897" /><trkpt lon="19.942852" lat="43.863932" /><trkpt lon="19.942523" lat="43.864121" /><trkpt lon="19.942324" lat="43.864594" /><trkpt lon="19.942118" lat="43.864676" /><trkpt lon="19.94123" lat="43.864194" /><trkpt lon="19.940276" lat="43.864047" /><trkpt lon="19.939623" lat="43.863466" /><trkpt lon="19.937715" lat="43.863185" /><trkpt lon="19.935682" lat="43.86226" /><trkpt lon="19.933564" lat="43.861529" /><trkpt lon="19.931269" lat="43.860114" /><trkpt lon="19.93066" lat="43.860125" /><trkpt lon="19.929808" lat="43.860421" /><trkpt lon="19.928175" lat="43.860388" /><trkpt lon="19.926679" lat="43.860886" /><trkpt lon="19.925917" lat="43.860828" /><trkpt lon="19.92503" lat="43.860414" /><trkpt lon="19.92465" lat="43.859925" /><trkpt lon="19.924669" lat="43.859266" /><trkpt lon="19.9254" lat="43.858339" /><trkpt lon="19.925109" lat="43.857949" /><trkpt lon="19.924078" lat="43.85788" /><trkpt lon="19.924185" lat="43.858483" /><trkpt lon="19.923501" lat="43.858865" /><trkpt lon="19.923393" lat="43.858593" /><trkpt lon="19.922688" lat="43.858385" /><trkpt lon="19.9203" lat="43.858421" /><trkpt lon="19.918934" lat="43.858156" /><trkpt lon="19.917596" lat="43.858126" /><trkpt lon="19.91607" lat="43.857248" /><trkpt lon="19.915022" lat="43.856148" /><trkpt lon="19.914751" lat="43.856204" /><trkpt lon="19.914397" lat="43.85664" /><trkpt lon="19.914225" lat="43.857576" /><trkpt lon="19.913995" lat="43.85793" /><trkpt lon="19.913103" lat="43.857942" /><trkpt lon="19.912049" lat="43.858463" /><trkpt lon="19.911048" lat="43.858532" /><trkpt lon="19.910861" lat="43.858658" /><trkpt lon="19.910659" lat="43.859244" /><trkpt lon="19.909776" lat="43.858935" /><trkpt lon="19.908428" lat="43.858807" /><trkpt lon="19.907415" lat="43.859383" /><trkpt lon="19.90663" lat="43.86033" /><trkpt lon="19.904818" lat="43.8609" /><trkpt lon="19.903494" lat="43.860832" /><trkpt lon="19.901767" lat="43.861019" /><trkpt lon="19.89913" lat="43.860797" /><trkpt lon="19.898068" lat="43.861017" /><trkpt lon="19.89728" lat="43.861324" /><trkpt lon="19.896655" lat="43.861956" /><trkpt lon="19.895377" lat="43.862351" /><trkpt lon="19.894864" lat="43.862875" /><trkpt lon="19.89485" lat="43.863389" /><trkpt lon="19.894654" lat="43.863589" /><trkpt lon="19.892869" lat="43.863414" /><trkpt lon="19.890409" lat="43.864236" /><trkpt lon="19.889387" lat="43.864162" /><trkpt lon="19.887187" lat="43.863603" /><trkpt lon="19.886225" lat="43.862584" /><trkpt lon="19.885749" lat="43.861685" /><trkpt lon="19.885323" lat="43.861433" /><trkpt lon="19.884405" lat="43.861487" /><trkpt lon="19.882823" lat="43.862495" /><trkpt lon="19.880862" lat="43.861777" /><trkpt lon="19.88044" lat="43.861475" /><trkpt lon="19.879775" lat="43.860477" /><trkpt lon="19.878338" lat="43.859517" /><trkpt lon="19.877016" lat="43.857707" /><trkpt lon="19.876424" lat="43.857521" /><trkpt lon="19.871537" lat="43.85738" /><trkpt lon="19.869456" lat="43.857617" /><trkpt lon="19.86686" lat="43.858154" /><trkpt lon="19.863028" lat="43.859261" /><trkpt lon="19.861463" lat="43.859498" /><trkpt lon="19.857438" lat="43.861056" /><trkpt lon="19.854161" lat="43.861001" /><trkpt lon="19.852257" lat="43.860674" /><trkpt lon="19.849701" lat="43.859922" /><trkpt lon="19.848858" lat="43.859313" /><trkpt lon="19.847538" lat="43.8587" /><trkpt lon="19.846493" lat="43.857764" /><trkpt lon="19.846355" lat="43.857524" /><trkpt lon="19.846769" lat="43.857182" /><trkpt lon="19.84619" lat="43.854482" /><trkpt lon="19.845967" lat="43.85435" /><trkpt lon="19.845098" lat="43.854632" /><trkpt lon="19.84429" lat="43.853148" /><trkpt lon="19.844017" lat="43.852954" /><trkpt lon="19.842144" lat="43.852552" /><trkpt lon="19.838641" lat="43.85343" /><trkpt lon="19.835557" lat="43.853202" /><trkpt lon="19.832543" lat="43.851903" /><trkpt lon="19.830831" lat="43.851497" /><trkpt lon="19.828955" lat="43.850427" /><trkpt lon="19.826763" lat="43.850312" /><trkpt lon="19.824663" lat="43.849519" /><trkpt lon="19.823753" lat="43.849617" /><trkpt lon="19.823109" lat="43.849933" /><trkpt lon="19.822273" lat="43.851276" /><trkpt lon="19.821529" lat="43.851739" /><trkpt lon="19.818549" lat="43.852727" /><trkpt lon="19.817623" lat="43.852698" /><trkpt lon="19.817032" lat="43.852462" /><trkpt lon="19.816474" lat="43.851767" /><trkpt lon="19.816466" lat="43.851211" /><trkpt lon="19.816761" lat="43.850724" /><trkpt lon="19.8181" lat="43.849633" /><trkpt lon="19.818358" lat="43.848577" /><trkpt lon="19.81828" lat="43.845956" /><trkpt lon="19.817164" lat="43.844456" /><trkpt lon="19.815987" lat="43.843844" /><trkpt lon="19.811993" lat="43.843719" /><trkpt lon="19.810738" lat="43.843311" /><trkpt lon="19.808553" lat="43.841916" /><trkpt lon="19.807755" lat="43.841232" /><trkpt lon="19.805897" lat="43.838053" /><trkpt lon="19.80369" lat="43.836959" /><trkpt lon="19.803205" lat="43.836562" /><trkpt lon="19.802907" lat="43.836064" /><trkpt lon="19.802841" lat="43.834942" /><trkpt lon="19.803201" lat="43.833307" /><trkpt lon="19.80508" lat="43.829669" /><trkpt lon="19.805902" lat="43.826241" /><trkpt lon="19.807368" lat="43.823939" /><trkpt lon="19.8079" lat="43.822376" /><trkpt lon="19.80791" lat="43.821132" /><trkpt lon="19.807484" lat="43.819698" /><trkpt lon="19.806679" lat="43.818428" /><trkpt lon="19.805773" lat="43.817535" /><trkpt lon="19.800206" lat="43.813161" /><trkpt lon="19.798579" lat="43.812607" /><trkpt lon="19.795025" lat="43.812125" /><trkpt lon="19.793059" lat="43.811393" /><trkpt lon="19.79176" lat="43.810658" /><trkpt lon="19.790937" lat="43.809785" /><trkpt lon="19.790539" lat="43.808927" /><trkpt lon="19.790585" lat="43.806297" /><trkpt lon="19.790257" lat="43.805278" /><trkpt lon="19.789371" lat="43.804247" /><trkpt lon="19.786844" lat="43.802039" /><trkpt lon="19.785844" lat="43.801359" /><trkpt lon="19.78373" lat="43.800726" /><trkpt lon="19.779537" lat="43.800821" /><trkpt lon="19.777563" lat="43.800426" /><trkpt lon="19.776692" lat="43.800012" /><trkpt lon="19.775657" lat="43.799257" /><trkpt lon="19.772379" lat="43.795216" /><trkpt lon="19.770625" lat="43.793937" /><trkpt lon="19.767128" lat="43.792346" /><trkpt lon="19.766194" lat="43.792079" /><trkpt lon="19.765084" lat="43.791961" /><trkpt lon="19.762303" lat="43.792093" /><trkpt lon="19.760953" lat="43.791846" /><trkpt lon="19.756867" lat="43.790057" /><trkpt lon="19.755644" lat="43.789274" /><trkpt lon="19.754641" lat="43.788355" /><trkpt lon="19.75294" lat="43.785704" /><trkpt lon="19.752148" lat="43.784768" /><trkpt lon="19.7502" lat="43.783199" /><trkpt lon="19.749196" lat="43.782611" /><trkpt lon="19.747968" lat="43.782306" /><trkpt lon="19.746477" lat="43.782399" /><trkpt lon="19.743375" lat="43.783674" /><trkpt lon="19.741657" lat="43.784009" /><trkpt lon="19.7399" lat="43.783801" /><trkpt lon="19.738962" lat="43.783388" /><trkpt lon="19.738323" lat="43.78288" /><trkpt lon="19.737917" lat="43.78234" /><trkpt lon="19.737639" lat="43.781524" /><trkpt lon="19.737569" lat="43.780805" /><trkpt lon="19.737871" lat="43.778026" /><trkpt lon="19.737146" lat="43.775272" /><trkpt lon="19.737644" lat="43.772835" /><trkpt lon="19.737616" lat="43.771115" /><trkpt lon="19.737064" lat="43.769628" /><trkpt lon="19.7364" lat="43.768787" /><trkpt lon="19.73552" lat="43.767986" /><trkpt lon="19.734186" lat="43.767188" /><trkpt lon="19.73267" lat="43.766653" /><trkpt lon="19.730732" lat="43.766222" /><trkpt lon="19.729797" lat="43.765717" /><trkpt lon="19.729266" lat="43.764863" /><trkpt lon="19.7292" lat="43.763313" /><trkpt lon="19.729021" lat="43.762861" /><trkpt lon="19.727432" lat="43.761276" /><trkpt lon="19.725642" lat="43.758492" /><trkpt lon="19.724614" lat="43.757548" /><trkpt lon="19.720401" lat="43.755157" /><trkpt lon="19.71942" lat="43.755008" /><trkpt lon="19.717422" lat="43.755184" /><trkpt lon="19.716266" lat="43.754909" /><trkpt lon="19.714234" lat="43.753206" /><trkpt lon="19.710377" lat="43.75133" /><trkpt lon="19.709415" lat="43.750438" /><trkpt lon="19.709127" lat="43.749579" /><trkpt lon="19.709424" lat="43.747587" /><trkpt lon="19.708607" lat="43.745562" /><trkpt lon="19.708651" lat="43.743742" /><trkpt lon="19.709301" lat="43.742571" /><trkpt lon="19.712461" lat="43.740366" /><trkpt lon="19.713965" lat="43.738573" /><trkpt lon="19.714247" lat="43.737851" /><trkpt lon="19.713997" lat="43.735485" /><trkpt lon="19.713462" lat="43.734714" /><trkpt lon="19.711547" lat="43.73301" /><trkpt lon="19.711244" lat="43.732376" /><trkpt lon="19.710839" lat="43.7307" /><trkpt lon="19.710344" lat="43.729877" /><trkpt lon="19.709015" lat="43.728576" /><trkpt lon="19.707977" lat="43.727917" /><trkpt lon="19.707824" lat="43.727417" /><trkpt lon="19.707035" lat="43.726302" /><trkpt lon="19.706477" lat="43.724825" /><trkpt lon="19.706263" lat="43.721356" /><trkpt lon="19.705942" lat="43.720641" /><trkpt lon="19.705394" lat="43.719991" /><trkpt lon="19.704467" lat="43.719362" /><trkpt lon="19.701696" lat="43.718214" /><trkpt lon="19.699905" lat="43.716327" /><trkpt lon="19.698316" lat="43.715424" /><trkpt lon="19.695647" lat="43.714935" /><trkpt lon="19.691488" lat="43.714921" /><trkpt lon="19.690607" lat="43.714603" /><trkpt lon="19.689973" lat="43.714015" /><trkpt lon="19.689724" lat="43.713484" /><trkpt lon="19.689589" lat="43.711733" /><trkpt lon="19.688674" lat="43.709887" /><trkpt lon="19.688531" lat="43.709293" /><trkpt lon="19.688597" lat="43.708604" /><trkpt lon="19.689344" lat="43.706907" /><trkpt lon="19.689314" lat="43.705131" /><trkpt lon="19.690064" lat="43.703733" /><trkpt lon="19.689963" lat="43.703107" /><trkpt lon="19.689232" lat="43.702054" /><trkpt lon="19.689209" lat="43.701374" /><trkpt lon="19.69135" lat="43.698567" /><trkpt lon="19.693306" lat="43.697297" /><trkpt lon="19.693913" lat="43.696573" /><trkpt lon="19.69416" lat="43.695592" /><trkpt lon="19.693869" lat="43.693729" /><trkpt lon="19.69392" lat="43.692899" /><trkpt lon="19.694222" lat="43.691858" /><trkpt lon="19.694844" lat="43.690822" /><trkpt lon="19.696352" lat="43.689515" /><trkpt lon="19.699253" lat="43.687991" /><trkpt lon="19.699894" lat="43.687406" /><trkpt lon="19.700466" lat="43.686547" /><trkpt lon="19.70071" lat="43.685656" /><trkpt lon="19.700682" lat="43.684135" /><trkpt lon="19.700875" lat="43.683196" /><trkpt lon="19.701442" lat="43.682171" /><trkpt lon="19.703211" lat="43.680304" /><trkpt lon="19.703394" lat="43.679586" /><trkpt lon="19.703217" lat="43.678263" /><trkpt lon="19.703286" lat="43.677596" /><trkpt lon="19.704411" lat="43.675436" /><trkpt lon="19.704369" lat="43.674485" /><trkpt lon="19.703601" lat="43.671881" /><trkpt lon="19.703623" lat="43.670274" /><trkpt lon="19.703854" lat="43.669406" /><trkpt lon="19.704843" lat="43.667896" /><trkpt lon="19.707089" lat="43.666115" /><trkpt lon="19.708779" lat="43.664285" /><trkpt lon="19.709646" lat="43.663022" /><trkpt lon="19.709967" lat="43.662255" /><trkpt lon="19.709912" lat="43.661213" /><trkpt lon="19.7096" lat="43.660436" /><trkpt lon="19.708677" lat="43.659269" /><trkpt lon="19.706311" lat="43.656963" /><trkpt lon="19.705724" lat="43.655987" /><trkpt lon="19.705476" lat="43.654959" /><trkpt lon="19.705622" lat="43.653712" /><trkpt lon="19.706097" lat="43.65273" /><trkpt lon="19.70662" lat="43.65207" /><trkpt lon="19.708655" lat="43.650254" /><trkpt lon="19.709281" lat="43.649374" /><trkpt lon="19.709621" lat="43.648558" /><trkpt lon="19.709721" lat="43.647205" /><trkpt lon="19.708916" lat="43.644822" /><trkpt lon="19.70895" lat="43.643884" /><trkpt lon="19.709295" lat="43.642939" /><trkpt lon="19.710031" lat="43.641973" /><trkpt lon="19.712181" lat="43.640403" /><trkpt lon="19.719893" lat="43.637018" /><trkpt lon="19.721664" lat="43.635967" /><trkpt lon="19.722592" lat="43.63515" /><trkpt lon="19.723726" lat="43.633829" /><trkpt lon="19.724656" lat="43.631809" /><trkpt lon="19.724892" lat="43.629977" /><trkpt lon="19.724949" lat="43.625443" /><trkpt lon="19.725764" lat="43.622281" /><trkpt lon="19.725758" lat="43.620029" /><trkpt lon="19.726016" lat="43.619581" /><trkpt lon="19.726996" lat="43.618919" /><trkpt lon="19.727155" lat="43.618481" /><trkpt lon="19.726017" lat="43.61715" /><trkpt lon="19.725618" lat="43.614956" /><trkpt lon="19.724854" lat="43.614104" /><trkpt lon="19.724194" lat="43.61266" /><trkpt lon="19.725166" lat="43.611768" /><trkpt lon="19.726213" lat="43.610422" /><trkpt lon="19.726444" lat="43.609473" /><trkpt lon="19.727242" lat="43.608771" /><trkpt lon="19.727592" lat="43.607492" /><trkpt lon="19.728627" lat="43.606705" /><trkpt lon="19.72963" lat="43.605462" /><trkpt lon="19.729733" lat="43.605145" /><trkpt lon="19.729564" lat="43.604222" /><trkpt lon="19.729704" lat="43.603892" /><trkpt lon="19.730448" lat="43.603578" /><trkpt lon="19.731603" lat="43.603875" /><trkpt lon="19.731914" lat="43.603751" /><trkpt lon="19.731822" lat="43.603568" /><trkpt lon="19.730969" lat="43.603134" /><trkpt lon="19.729151" lat="43.60272" /><trkpt lon="19.72821" lat="43.602194" /><trkpt lon="19.72684" lat="43.60053" /><trkpt lon="19.725095" lat="43.599338" /><trkpt lon="19.724158" lat="43.598226" /><trkpt lon="19.724083" lat="43.596615" /><trkpt lon="19.723452" lat="43.595509" /><trkpt lon="19.723465" lat="43.594182" /><trkpt lon="19.723866" lat="43.593435" /><trkpt lon="19.725396" lat="43.591918" /><trkpt lon="19.725373" lat="43.5911" /><trkpt lon="19.724803" lat="43.590062" /><trkpt lon="19.724973" lat="43.589674" /><trkpt lon="19.725736" lat="43.588913" /><trkpt lon="19.725483" lat="43.58804" /><trkpt lon="19.725574" lat="43.587743" /><trkpt lon="19.726549" lat="43.587102" /><trkpt lon="19.727122" lat="43.586302" /><trkpt lon="19.727395" lat="43.586147" /><trkpt lon="19.728934" lat="43.58639" /><trkpt lon="19.73022" lat="43.587042" /><trkpt lon="19.730812" lat="43.587069" /><trkpt lon="19.732308" lat="43.586352" /><trkpt lon="19.733631" lat="43.586045" /><trkpt lon="19.734616" lat="43.585381" /><trkpt lon="19.735859" lat="43.584807" /><trkpt lon="19.736837" lat="43.583844" /><trkpt lon="19.742836" lat="43.58187" /><trkpt lon="19.743107" lat="43.581443" /><trkpt lon="19.742942" lat="43.580615" /><trkpt lon="19.743493" lat="43.579773" /><trkpt lon="19.743459" lat="43.578928" /><trkpt lon="19.743589" lat="43.578678" /><trkpt lon="19.744895" lat="43.577682" /><trkpt lon="19.746081" lat="43.577298" /><trkpt lon="19.746407" lat="43.577013" /><trkpt lon="19.746486" lat="43.576531" /><trkpt lon="19.746058" lat="43.575426" /><trkpt lon="19.746284" lat="43.574985" /><trkpt lon="19.746775" lat="43.574769" /><trkpt lon="19.74901" lat="43.574529" /><trkpt lon="19.749545" lat="43.574247" /><trkpt lon="19.750381" lat="43.57341" /><trkpt lon="19.751752" lat="43.573287" /><trkpt lon="19.752766" lat="43.57262" /><trkpt lon="19.75389" lat="43.572328" /><trkpt lon="19.754456" lat="43.571972" /><trkpt lon="19.755191" lat="43.571119" /><trkpt lon="19.757234" lat="43.570528" /><trkpt lon="19.759008" lat="43.568739" /><trkpt lon="19.761163" lat="43.567704" /><trkpt lon="19.761597" lat="43.567233" /><trkpt lon="19.761933" lat="43.566535" /><trkpt lon="19.761753" lat="43.564221" /><trkpt lon="19.762618" lat="43.562518" /><trkpt lon="19.762393" lat="43.561532" /><trkpt lon="19.762946" lat="43.560689" /><trkpt lon="19.765655" lat="43.55964" /><trkpt lon="19.766919" lat="43.558736" /><trkpt lon="19.773242" lat="43.556146" /><trkpt lon="19.773465" lat="43.555743" /><trkpt lon="19.773287" lat="43.555295" /><trkpt lon="19.772675" lat="43.555007" /><trkpt lon="19.771356" lat="43.554863" /><trkpt lon="19.771136" lat="43.554618" /><trkpt lon="19.771206" lat="43.554426" /><trkpt lon="19.771653" lat="43.554265" /><trkpt lon="19.773533" lat="43.554213" /><trkpt lon="19.773865" lat="43.553982" /><trkpt lon="19.774175" lat="43.55309" /><trkpt lon="19.774642" lat="43.552548" /><trkpt lon="19.777377" lat="43.551604" /><trkpt lon="19.779605" lat="43.550157" /><trkpt lon="19.780752" lat="43.549778" /><trkpt lon="19.781628" lat="43.548523" /><trkpt lon="19.781823" lat="43.547966" /><trkpt lon="19.783048" lat="43.546583" /><trkpt lon="19.785253" lat="43.545752" /><trkpt lon="19.786567" lat="43.544903" /><trkpt lon="19.787518" lat="43.543024" /><trkpt lon="19.788629" lat="43.541349" /><trkpt lon="19.78886" lat="43.540718" /><trkpt lon="19.789715" lat="43.540161" /><trkpt lon="19.7902" lat="43.53941" /><trkpt lon="19.791293" lat="43.538754" /><trkpt lon="19.791829" lat="43.537707" /><trkpt lon="19.793249" lat="43.53722" /><trkpt lon="19.793646" lat="43.536288" /><trkpt lon="19.794723" lat="43.535589" /><trkpt lon="19.795135" lat="43.534921" /><trkpt lon="19.796099" lat="43.534391" /><trkpt lon="19.79781" lat="43.532691" /><trkpt lon="19.798328" lat="43.531212" /><trkpt lon="19.799595" lat="43.529525" /><trkpt lon="19.799778" lat="43.528598" /><trkpt lon="19.80164" lat="43.527087" /><trkpt lon="19.801729" lat="43.526156" /><trkpt lon="19.802147" lat="43.525462" /><trkpt lon="19.801918" lat="43.524742" /><trkpt lon="19.801287" lat="43.523837" /><trkpt lon="19.801438" lat="43.523404" /><trkpt lon="19.802186" lat="43.522802" /><trkpt lon="19.802316" lat="43.522154" /><trkpt lon="19.801605" lat="43.519362" /><trkpt lon="19.80166" lat="43.518912" /><trkpt lon="19.802088" lat="43.518411" /><trkpt lon="19.803652" lat="43.517718" /><trkpt lon="19.804039" lat="43.517318" /><trkpt lon="19.804221" lat="43.516781" /><trkpt lon="19.804044" lat="43.516114" /><trkpt lon="19.803553" lat="43.51563" /><trkpt lon="19.80037" lat="43.51421" /><trkpt lon="19.799002" lat="43.512057" /><trkpt lon="19.799076" lat="43.511423" /><trkpt lon="19.799795" lat="43.510899" /><trkpt lon="19.803955" lat="43.510232" /><trkpt lon="19.808861" lat="43.508975" /><trkpt lon="19.810886" lat="43.507403" /><trkpt lon="19.813109" lat="43.505113" /><trkpt lon="19.814458" lat="43.504399" /><trkpt lon="19.817428" lat="43.503511" /><trkpt lon="19.818023" lat="43.503533" /><trkpt lon="19.819895" lat="43.504043" /><trkpt lon="19.820515" lat="43.50394" /><trkpt lon="19.820856" lat="43.503682" /><trkpt lon="19.821541" lat="43.502367" /><trkpt lon="19.821664" lat="43.499828" /><trkpt lon="19.821041" lat="43.498155" /><trkpt lon="19.81964" lat="43.497019" /><trkpt lon="19.818476" lat="43.495404" /><trkpt lon="19.818304" lat="43.494935" /><trkpt lon="19.81951" lat="43.491149" /><trkpt lon="19.819882" lat="43.490634" /><trkpt lon="19.822083" lat="43.488962" /><trkpt lon="19.82278" lat="43.488722" /><trkpt lon="19.824345" lat="43.488609" /><trkpt lon="19.826" lat="43.487744" /><trkpt lon="19.827092" lat="43.485666" /><trkpt lon="19.826615" lat="43.483768" /><trkpt lon="19.826856" lat="43.482871" /><trkpt lon="19.827384" lat="43.48239" /><trkpt lon="19.829795" lat="43.481111" /><trkpt lon="19.830321" lat="43.479766" /><trkpt lon="19.83106" lat="43.479229" /><trkpt lon="19.831901" lat="43.478237" /><trkpt lon="19.832254" lat="43.477458" /><trkpt lon="19.832031" lat="43.476419" /><trkpt lon="19.832265" lat="43.475976" /><trkpt lon="19.83512" lat="43.47499" /><trkpt lon="19.83586" lat="43.474357" /><trkpt lon="19.836467" lat="43.472958" /><trkpt lon="19.836253" lat="43.471499" /><trkpt lon="19.837063" lat="43.470211" /><trkpt lon="19.837352" lat="43.46897" /><trkpt lon="19.835729" lat="43.466312" /><trkpt lon="19.83529" lat="43.46592" /><trkpt lon="19.83464" lat="43.465713" /><trkpt lon="19.834546" lat="43.465529" /><trkpt lon="19.836085" lat="43.463144" /><trkpt lon="19.837951" lat="43.461604" /><trkpt lon="19.837788" lat="43.460211" /><trkpt lon="19.837915" lat="43.459036" /><trkpt lon="19.837717" lat="43.458846" /><trkpt lon="19.837387" lat="43.458833" /><trkpt lon="19.835927" lat="43.459332" /><trkpt lon="19.830858" lat="43.459063" /><trkpt lon="19.829682" lat="43.460094" /><trkpt lon="19.829151" lat="43.460224" /><trkpt lon="19.827277" lat="43.459714" /><trkpt lon="19.825678" lat="43.459545" /><trkpt lon="19.822614" lat="43.458877" /><trkpt lon="19.821278" lat="43.458975" /><trkpt lon="19.817959" lat="43.459734" /><trkpt lon="19.815907" lat="43.459156" /><trkpt lon="19.813656" lat="43.459205" /><trkpt lon="19.810536" lat="43.458583" /><trkpt lon="19.806331" lat="43.458937" /><trkpt lon="19.803831" lat="43.459351" /><trkpt lon="19.801327" lat="43.458651" /><trkpt lon="19.797871" lat="43.459734" /><trkpt lon="19.791758" lat="43.459429" /><trkpt lon="19.788196" lat="43.459977" /><trkpt lon="19.782087" lat="43.460186" /><trkpt lon="19.780088" lat="43.460912" /><trkpt lon="19.77871" lat="43.461019" /><trkpt lon="19.777517" lat="43.461419" /><trkpt lon="19.77636" lat="43.461478" /><trkpt lon="19.775193" lat="43.461352" /><trkpt lon="19.773837" lat="43.460333" /><trkpt lon="19.772885" lat="43.460205" /><trkpt lon="19.770273" lat="43.460779" /><trkpt lon="19.766785" lat="43.461104" /><trkpt lon="19.763357" lat="43.462127" /><trkpt lon="19.760107" lat="43.46241" /><trkpt lon="19.759371" lat="43.462889" /><trkpt lon="19.758938" lat="43.463778" /><trkpt lon="19.758333" lat="43.464353" /><trkpt lon="19.757791" lat="43.465191" /><trkpt lon="19.757086" lat="43.465536" /><trkpt lon="19.754035" lat="43.465392" /><trkpt lon="19.752799" lat="43.465086" /><trkpt lon="19.751146" lat="43.465443" /><trkpt lon="19.749385" lat="43.465235" /><trkpt lon="19.747639" lat="43.46582" /><trkpt lon="19.746349" lat="43.466032" /><trkpt lon="19.744497" lat="43.465847" /><trkpt lon="19.740888" lat="43.464559" /><trkpt lon="19.73618" lat="43.464514" /><trkpt lon="19.733536" lat="43.465193" /><trkpt lon="19.732516" lat="43.465182" /><trkpt lon="19.731846" lat="43.464907" /><trkpt lon="19.731375" lat="43.464439" /><trkpt lon="19.731162" lat="43.46309" /><trkpt lon="19.730866" lat="43.462702" /><trkpt lon="19.72855" lat="43.461186" /><trkpt lon="19.727395" lat="43.460939" /><trkpt lon="19.726801" lat="43.461049" /><trkpt lon="19.723633" lat="43.462438" /><trkpt lon="19.720823" lat="43.463438" /><trkpt lon="19.719746" lat="43.46488" /><trkpt lon="19.719197" lat="43.46515" /><trkpt lon="19.717593" lat="43.465503" /><trkpt lon="19.716157" lat="43.466846" /><trkpt lon="19.714348" lat="43.467762" /><trkpt lon="19.713789" lat="43.468633" /><trkpt lon="19.713226" lat="43.46905" /><trkpt lon="19.708986" lat="43.469953" /><trkpt lon="19.707705" lat="43.469876" /><trkpt lon="19.704124" lat="43.468944" /><trkpt lon="19.702292" lat="43.469382" /><trkpt lon="19.700746" lat="43.469433" /><trkpt lon="19.698231" lat="43.470261" /><trkpt lon="19.697512" lat="43.470171" /><trkpt lon="19.696192" lat="43.469655" /><trkpt lon="19.690991" lat="43.469823" /><trkpt lon="19.689727" lat="43.469474" /><trkpt lon="19.688392" lat="43.46886" /><trkpt lon="19.687686" lat="43.46831" /><trkpt lon="19.68681" lat="43.467213" /><trkpt lon="19.685451" lat="43.466567" /><trkpt lon="19.679161" lat="43.465975" /><trkpt lon="19.674904" lat="43.465795" /><trkpt lon="19.672085" lat="43.466335" /><trkpt lon="19.67061" lat="43.467402" /><trkpt lon="19.666756" lat="43.46794" /><trkpt lon="19.664272" lat="43.468856" /><trkpt lon="19.660587" lat="43.469113" /><trkpt lon="19.658286" lat="43.469061" /><trkpt lon="19.656132" lat="43.469437" /><trkpt lon="19.655233" lat="43.469342" /><trkpt lon="19.65402" lat="43.468242" /><trkpt lon="19.65089" lat="43.466748" /><trkpt lon="19.649664" lat="43.466546" /><trkpt lon="19.647738" lat="43.465792" /><trkpt lon="19.647231" lat="43.46531" /><trkpt lon="19.646532" lat="43.460234" /><trkpt lon="19.645473" lat="43.458896" /><trkpt lon="19.644623" lat="43.457031" /><trkpt lon="19.64422" lat="43.456581" /><trkpt lon="19.642969" lat="43.45576" /><trkpt lon="19.642491" lat="43.455105" /><trkpt lon="19.642405" lat="43.454131" /><trkpt lon="19.642666" lat="43.452845" /><trkpt lon="19.64238" lat="43.451725" /><trkpt lon="19.642388" lat="43.450952" /><trkpt lon="19.64197" lat="43.449918" /><trkpt lon="19.641044" lat="43.448894" /><trkpt lon="19.639761" lat="43.448157" /><trkpt lon="19.638839" lat="43.447304" /><trkpt lon="19.636628" lat="43.445797" /><trkpt lon="19.635944" lat="43.444894" /><trkpt lon="19.63607" lat="43.444246" /><trkpt lon="19.637289" lat="43.442777" /><trkpt lon="19.637455" lat="43.440231" /><trkpt lon="19.638049" lat="43.43866" /><trkpt lon="19.638174" lat="43.43786" /><trkpt lon="19.638054" lat="43.436062" /><trkpt lon="19.637801" lat="43.43507" /><trkpt lon="19.636761" lat="43.433793" /><trkpt lon="19.633323" lat="43.431994" /><trkpt lon="19.631679" lat="43.430953" /><trkpt lon="19.630048" lat="43.429498" /><trkpt lon="19.628618" lat="43.428633" /><trkpt lon="19.628335" lat="43.428194" /><trkpt lon="19.628868" lat="43.425366" /><trkpt lon="19.631489" lat="43.423179" /><trkpt lon="19.632366" lat="43.421642" /><trkpt lon="19.632768" lat="43.420539" /><trkpt lon="19.632845" lat="43.419382" /><trkpt lon="19.632701" lat="43.418656" /><trkpt lon="19.63217" lat="43.417388" /><trkpt lon="19.631345" lat="43.416012" /><trkpt lon="19.631121" lat="43.415276" /><trkpt lon="19.631133" lat="43.414399" /><trkpt lon="19.631823" lat="43.412265" /><trkpt lon="19.632225" lat="43.411664" /><trkpt lon="19.63318" lat="43.410849" /><trkpt lon="19.634241" lat="43.410214" /><trkpt lon="19.636333" lat="43.408034" /><trkpt lon="19.638555" lat="43.4061" /><trkpt lon="19.639444" lat="43.404837" /><trkpt lon="19.640374" lat="43.402713" /><trkpt lon="19.640625" lat="43.400885" /><trkpt lon="19.640973" lat="43.400472" /><trkpt lon="19.642798" lat="43.399277" /><trkpt lon="19.643153" lat="43.398785" /><trkpt lon="19.643378" lat="43.397986" /><trkpt lon="19.643321" lat="43.397376" /><trkpt lon="19.642994" lat="43.396713" /><trkpt lon="19.641283" lat="43.394878" /><trkpt lon="19.641363" lat="43.394564" /><trkpt lon="19.640897" lat="43.392162" /><trkpt lon="19.641007" lat="43.391263" /><trkpt lon="19.641909" lat="43.38905" /><trkpt lon="19.641911" lat="43.388226" /><trkpt lon="19.641618" lat="43.387423" /><trkpt lon="19.641054" lat="43.386515" /><trkpt lon="19.635858" lat="43.381012" /><trkpt lon="19.635026" lat="43.37993" /><trkpt lon="19.634433" lat="43.379469" /><trkpt lon="19.632324" lat="43.378535" /><trkpt lon="19.630404" lat="43.376743" /><trkpt lon="19.630038" lat="43.375914" /><trkpt lon="19.630137" lat="43.374334" /><trkpt lon="19.629935" lat="43.373147" /><trkpt lon="19.630166" lat="43.372509" /><trkpt lon="19.632323" lat="43.369899" /><trkpt lon="19.639827" lat="43.357041" /><trkpt lon="19.639902" lat="43.356016" /><trkpt lon="19.639613" lat="43.355146" /><trkpt lon="19.637402" lat="43.352737" /><trkpt lon="19.636936" lat="43.351689" /><trkpt lon="19.636978" lat="43.350404" /><trkpt lon="19.63762" lat="43.347134" /><trkpt lon="19.637681" lat="43.345668" /><trkpt lon="19.638199" lat="43.344657" /><trkpt lon="19.638802" lat="43.343892" /><trkpt lon="19.641052" lat="43.341885" /><trkpt lon="19.641803" lat="43.340999" /><trkpt lon="19.643883" lat="43.337724" /><trkpt lon="19.644715" lat="43.335749" /><trkpt lon="19.646482" lat="43.333046" /><trkpt lon="19.647195" lat="43.33249" /><trkpt lon="19.649395" lat="43.331419" /><trkpt lon="19.650732" lat="43.331068" /><trkpt lon="19.65336" lat="43.330826" /><trkpt lon="19.659425" lat="43.331913" /><trkpt lon="19.66081" lat="43.332008" /><trkpt lon="19.66468" lat="43.331356" /><trkpt lon="19.667128" lat="43.330771" /><trkpt lon="19.668856" lat="43.330141" /><trkpt lon="19.669777" lat="43.329206" /><trkpt lon="19.671015" lat="43.328646" /><trkpt lon="19.672448" lat="43.32758" /><trkpt lon="19.672887" lat="43.326601" /><trkpt lon="19.67351" lat="43.32577" /><trkpt lon="19.67425" lat="43.322996" /><trkpt lon="19.675502" lat="43.321855" /><trkpt lon="19.677176" lat="43.318899" /><trkpt lon="19.677302" lat="43.317947" /><trkpt lon="19.678955" lat="43.316133" /><trkpt lon="19.67984" lat="43.31463" /><trkpt lon="19.680726" lat="43.313931" /><trkpt lon="19.682064" lat="43.313297" /><trkpt lon="19.686197" lat="43.313205" /><trkpt lon="19.688091" lat="43.312552" /><trkpt lon="19.69479" lat="43.308487" /><trkpt lon="19.697088" lat="43.306802" /><trkpt lon="19.698425" lat="43.305612" /><trkpt lon="19.701307" lat="43.304186" /><trkpt lon="19.702642" lat="43.303255" /><trkpt lon="19.703466" lat="43.302903" /><trkpt lon="19.70719" lat="43.300339" /><trkpt lon="19.707778" lat="43.299753" /><trkpt lon="19.708963" lat="43.299185" /><trkpt lon="19.709906" lat="43.297094" /><trkpt lon="19.710915" lat="43.295371" /><trkpt lon="19.712608" lat="43.293392" /><trkpt lon="19.71327" lat="43.29116" /><trkpt lon="19.713969" lat="43.289999" /><trkpt lon="19.714454" lat="43.289398" /><trkpt lon="19.715451" lat="43.2887" /><trkpt lon="19.718914" lat="43.28518" /><trkpt lon="19.719532" lat="43.284206" /><trkpt lon="19.720289" lat="43.282029" /><trkpt lon="19.720787" lat="43.281361" /><trkpt lon="19.720812" lat="43.280852" /><trkpt lon="19.720482" lat="43.28022" /><trkpt lon="19.718319" lat="43.279266" /><trkpt lon="19.715542" lat="43.278774" /><trkpt lon="19.713355" lat="43.277742" /><trkpt lon="19.710619" lat="43.277334" /><trkpt lon="19.709985" lat="43.277" /><trkpt lon="19.708621" lat="43.2757" /><trkpt lon="19.707216" lat="43.272577" /><trkpt lon="19.70788" lat="43.269964" /><trkpt lon="19.707797" lat="43.269362" /><trkpt lon="19.707522" lat="43.268892" /><trkpt lon="19.706265" lat="43.267843" /><trkpt lon="19.706004" lat="43.266723" /><trkpt lon="19.704954" lat="43.265458" /><trkpt lon="19.705724" lat="43.262309" /><trkpt lon="19.705416" lat="43.261388" /><trkpt lon="19.705939" lat="43.26021" /><trkpt lon="19.706693" lat="43.259099" /><trkpt lon="19.707168" lat="43.257808" /><trkpt lon="19.706904" lat="43.256847" /><trkpt lon="19.705186" lat="43.255577" /><trkpt lon="19.705693" lat="43.25371" /><trkpt lon="19.707534" lat="43.252691" /><trkpt lon="19.708251" lat="43.251832" /><trkpt lon="19.710135" lat="43.251442" /><trkpt lon="19.711633" lat="43.250561" /><trkpt lon="19.712944" lat="43.250523" /><trkpt lon="19.714224" lat="43.250122" /><trkpt lon="19.716064" lat="43.250061" /><trkpt lon="19.717404" lat="43.249696" /><trkpt lon="19.7193" lat="43.248746" /><trkpt lon="19.719826" lat="43.247896" /><trkpt lon="19.719815" lat="43.247279" /><trkpt lon="19.719069" lat="43.246029" /><trkpt lon="19.718165" lat="43.24215" /><trkpt lon="19.717061" lat="43.240427" /><trkpt lon="19.715615" lat="43.239072" /><trkpt lon="19.71564" lat="43.238041" /><trkpt lon="19.715447" lat="43.237516" /><trkpt lon="19.712902" lat="43.235343" /><trkpt lon="19.712785" lat="43.234918" /><trkpt lon="19.712915" lat="43.234538" /><trkpt lon="19.719465" lat="43.229574" /><trkpt lon="19.720366" lat="43.228291" /><trkpt lon="19.719949" lat="43.226707" /><trkpt lon="19.720256" lat="43.226092" /><trkpt lon="19.726418" lat="43.223807" /><trkpt lon="19.727858" lat="43.223483" /><trkpt lon="19.729948" lat="43.221746" /><trkpt lon="19.73185" lat="43.221507" /><trkpt lon="19.732798" lat="43.221559" /><trkpt lon="19.733837" lat="43.221862" /><trkpt lon="19.736081" lat="43.221708" /><trkpt lon="19.736999" lat="43.222219" /><trkpt lon="19.737433" lat="43.222858" /><trkpt lon="19.738502" lat="43.223509" /><trkpt lon="19.739277" lat="43.224833" /><trkpt lon="19.739601" lat="43.225063" /><trkpt lon="19.740371" lat="43.225064" /><trkpt lon="19.741703" lat="43.224339" /><trkpt lon="19.743412" lat="43.22425" /><trkpt lon="19.744742" lat="43.224953" /><trkpt lon="19.745717" lat="43.225093" /><trkpt lon="19.746556" lat="43.224436" /><trkpt lon="19.747516" lat="43.222758" /><trkpt lon="19.748651" lat="43.22203" /><trkpt lon="19.750134" lat="43.221548" /><trkpt lon="19.751762" lat="43.221508" /><trkpt lon="19.7533" lat="43.221222" /><trkpt lon="19.755627" lat="43.220211" /><trkpt lon="19.757939" lat="43.218724" /><trkpt lon="19.759901" lat="43.2181" /><trkpt lon="19.760139" lat="43.217854" /><trkpt lon="19.760498" lat="43.21664" /><trkpt lon="19.761075" lat="43.215504" /><trkpt lon="19.76231" lat="43.214463" /><trkpt lon="19.762827" lat="43.213646" /><trkpt lon="19.763533" lat="43.211332" /><trkpt lon="19.764312" lat="43.209906" /><trkpt lon="19.764774" lat="43.208005" /><trkpt lon="19.764092" lat="43.204949" /><trkpt lon="19.763374" lat="43.203439" /><trkpt lon="19.762592" lat="43.202689" /><trkpt lon="19.762178" lat="43.201854" /><trkpt lon="19.762566" lat="43.199825" /><trkpt lon="19.7631" lat="43.198819" /><trkpt lon="19.764144" lat="43.197569" /><trkpt lon="19.764997" lat="43.195875" /><trkpt lon="19.766096" lat="43.195076" /><trkpt lon="19.768136" lat="43.194665" /><trkpt lon="19.768657" lat="43.194399" /><trkpt lon="19.769205" lat="43.19338" /><trkpt lon="19.769267" lat="43.192655" /><trkpt lon="19.768694" lat="43.191353" /><trkpt lon="19.767955" lat="43.190884" /><trkpt lon="19.765234" lat="43.189825" /><trkpt lon="19.761946" lat="43.189142" /><trkpt lon="19.760442" lat="43.18857" /><trkpt lon="19.760157" lat="43.187979" /><trkpt lon="19.760316" lat="43.18479" /><trkpt lon="19.761368" lat="43.183973" /><trkpt lon="19.762386" lat="43.182281" /><trkpt lon="19.764827" lat="43.181106" /><trkpt lon="19.765923" lat="43.180205" /><trkpt lon="19.769522" lat="43.178113" /><trkpt lon="19.771479" lat="43.176425" /><trkpt lon="19.772062" lat="43.175688" /><trkpt lon="19.772657" lat="43.173293" /><trkpt lon="19.77263" lat="43.172513" /><trkpt lon="19.772966" lat="43.171924" /><trkpt lon="19.773179" lat="43.17063" /><trkpt lon="19.772381" lat="43.169343" /><trkpt lon="19.772005" lat="43.168403" /><trkpt lon="19.770277" lat="43.166449" /><trkpt lon="19.769553" lat="43.165952" /><trkpt lon="19.769415" lat="43.165322" /><trkpt lon="19.770702" lat="43.162801" /><trkpt lon="19.772164" lat="43.160951" /><trkpt lon="19.773743" lat="43.159745" /><trkpt lon="19.775982" lat="43.159202" /><trkpt lon="19.778465" lat="43.157814" /><trkpt lon="19.778969" lat="43.157035" /><trkpt lon="19.779146" lat="43.156304" /><trkpt lon="19.778747" lat="43.15457" /><trkpt lon="19.779418" lat="43.153814" /><trkpt lon="19.779917" lat="43.152246" /><trkpt lon="19.77928" lat="43.150311" /><trkpt lon="19.779305" lat="43.148343" /><trkpt lon="19.77872" lat="43.147493" /><trkpt lon="19.778606" lat="43.146473" /><trkpt lon="19.778712" lat="43.145744" /><trkpt lon="19.779212" lat="43.144775" /><trkpt lon="19.780022" lat="43.143949" /><trkpt lon="19.78" lat="43.143008" /><trkpt lon="19.778188" lat="43.140792" /><trkpt lon="19.776634" lat="43.139775" /><trkpt lon="19.7763" lat="43.139365" /><trkpt lon="19.775887" lat="43.13725" /><trkpt lon="19.775195" lat="43.136018" /><trkpt lon="19.77515" lat="43.13458" /><trkpt lon="19.774372" lat="43.132483" /><trkpt lon="19.773752" lat="43.131488" /><trkpt lon="19.773343" lat="43.129514" /><trkpt lon="19.772923" lat="43.129023" /><trkpt lon="19.77193" lat="43.128451" /><trkpt lon="19.771544" lat="43.127517" /><trkpt lon="19.771908" lat="43.125471" /><trkpt lon="19.771941" lat="43.123516" /><trkpt lon="19.772624" lat="43.122057" /><trkpt lon="19.773008" lat="43.121663" /><trkpt lon="19.774258" lat="43.120905" /><trkpt lon="19.774895" lat="43.119379" /><trkpt lon="19.776352" lat="43.118311" /><trkpt lon="19.776836" lat="43.117623" /><trkpt lon="19.776833" lat="43.1155" /><trkpt lon="19.777252" lat="43.113392" /><trkpt lon="19.777673" lat="43.109766" /><trkpt lon="19.777505" lat="43.109099" /><trkpt lon="19.776482" lat="43.107194" /><trkpt lon="19.775025" lat="43.10322" /><trkpt lon="19.773988" lat="43.100969" /><trkpt lon="19.771973" lat="43.098332" /><trkpt lon="19.771718" lat="43.097499" /><trkpt lon="19.771681" lat="43.094979" /><trkpt lon="19.772604" lat="43.0927" /><trkpt lon="19.774735" lat="43.084064" /><trkpt lon="19.776409" lat="43.07804" /><trkpt lon="19.775698" lat="43.072772" /><trkpt lon="19.774032" lat="43.06974" /><trkpt lon="19.77353" lat="43.066644" /><trkpt lon="19.772031" lat="43.063842" /><trkpt lon="19.7721" lat="43.06133" /><trkpt lon="19.769179" lat="43.050344" /><trkpt lon="19.768681" lat="43.049389" /><trkpt lon="19.766112" lat="43.046084" /><trkpt lon="19.767411" lat="43.045599" /><trkpt lon="19.769337" lat="43.044135" /><trkpt lon="19.771659" lat="43.041274" /><trkpt lon="19.77186" lat="43.040763" /><trkpt lon="19.771712" lat="43.040083" /><trkpt lon="19.771125" lat="43.039592" /><trkpt lon="19.77055" lat="43.039399" /><trkpt lon="19.766696" lat="43.039324" /><trkpt lon="19.765082" lat="43.038993" /><trkpt lon="19.763923" lat="43.038369" /><trkpt lon="19.762282" lat="43.036807" /><trkpt lon="19.759331" lat="43.035929" /><trkpt lon="19.758122" lat="43.034681" /><trkpt lon="19.757389" lat="43.034151" /><trkpt lon="19.75489" lat="43.033604" /><trkpt lon="19.753705" lat="43.033009" /><trkpt lon="19.751469" lat="43.032219" /><trkpt lon="19.748434" lat="43.030459" /><trkpt lon="19.746827" lat="43.029074" /><trkpt lon="19.74514" lat="43.027067" /><trkpt lon="19.738397" lat="43.023857" /><trkpt lon="19.736774" lat="43.02227" /><trkpt lon="19.734769" lat="43.020849" /><trkpt lon="19.734232" lat="43.020635" /><trkpt lon="19.734367" lat="43.016176" /><trkpt lon="19.73415" lat="43.013775" /><trkpt lon="19.733554" lat="43.010332" /><trkpt lon="19.733515" lat="43.008911" /><trkpt lon="19.734296" lat="43.006144" /><trkpt lon="19.736281" lat="43.004331" /><trkpt lon="19.735783" lat="43.00414" /><trkpt lon="19.734866" lat="43.003343" /><trkpt lon="19.733906" lat="43.003014" /><trkpt lon="19.734314" lat="43.002876" /><trkpt lon="19.7349" lat="43.002271" /><trkpt lon="19.735941" lat="43.000695" /><trkpt lon="19.735707" lat="42.999416" /><trkpt lon="19.736367" lat="42.998743" /><trkpt lon="19.736319" lat="42.998026" /><trkpt lon="19.737558" lat="42.997221" /><trkpt lon="19.738481" lat="42.995524" /><trkpt lon="19.739958" lat="42.994467" /><trkpt lon="19.740088" lat="42.994089" /><trkpt lon="19.739119" lat="42.993212" /><trkpt lon="19.737581" lat="42.992943" /><trkpt lon="19.736166" lat="42.992461" /><trkpt lon="19.733339" lat="42.992263" /><trkpt lon="19.732515" lat="42.992067" /><trkpt lon="19.731871" lat="42.991615" /><trkpt lon="19.730936" lat="42.991351" /><trkpt lon="19.728265" lat="42.991302" /><trkpt lon="19.727943" lat="42.99153" /><trkpt lon="19.727093" lat="42.991242" /><trkpt lon="19.725922" lat="42.991258" /><trkpt lon="19.72535" lat="42.990859" /><trkpt lon="19.724189" lat="42.990488" /><trkpt lon="19.723212" lat="42.99044" /><trkpt lon="19.722278" lat="42.989954" /><trkpt lon="19.722165" lat="42.98971" /><trkpt lon="19.72163" lat="42.989402" /><trkpt lon="19.72136" lat="42.988871" /><trkpt lon="19.720592" lat="42.988439" /><trkpt lon="19.715511" lat="42.986451" /><trkpt lon="19.71311" lat="42.985942" /><trkpt lon="19.709696" lat="42.985541" /><trkpt lon="19.707052" lat="42.984664" /><trkpt lon="19.706108" lat="42.984515" /><trkpt lon="19.702599" lat="42.984736" /><trkpt lon="19.699356" lat="42.986647" /><trkpt lon="19.698319" lat="42.986887" /><trkpt lon="19.697214" lat="42.986697" /><trkpt lon="19.694419" lat="42.985375" /><trkpt lon="19.692515" lat="42.985246" /><trkpt lon="19.691414" lat="42.985482" /><trkpt lon="19.690386" lat="42.985921" /><trkpt lon="19.687406" lat="42.98777" /><trkpt lon="19.686117" lat="42.988013" /><trkpt lon="19.68313" lat="42.987664" /><trkpt lon="19.681484" lat="42.987827" /><trkpt lon="19.680219" lat="42.988337" /><trkpt lon="19.678947" lat="42.989524" /><trkpt lon="19.678082" lat="42.989703" /><trkpt lon="19.677405" lat="42.989565" /><trkpt lon="19.67641" lat="42.989053" /><trkpt lon="19.675085" lat="42.988889" /><trkpt lon="19.674141" lat="42.98826" /><trkpt lon="19.672936" lat="42.98819" /><trkpt lon="19.668699" lat="42.986959" /><trkpt lon="19.666986" lat="42.986904" /><trkpt lon="19.663875" lat="42.98521" /><trkpt lon="19.661577" lat="42.984918" /><trkpt lon="19.659201" lat="42.984218" /><trkpt lon="19.657396" lat="42.984129" /><trkpt lon="19.653006" lat="42.982955" /><trkpt lon="19.652066" lat="42.983138" /><trkpt lon="19.650774" lat="42.983856" /><trkpt lon="19.649043" lat="42.983971" /><trkpt lon="19.64778" lat="42.984281" /><trkpt lon="19.647052" lat="42.984695" /><trkpt lon="19.646312" lat="42.985517" /><trkpt lon="19.645644" lat="42.985761" /><trkpt lon="19.643253" lat="42.985586" /><trkpt lon="19.64014" lat="42.984695" /><trkpt lon="19.639209" lat="42.984591" /><trkpt lon="19.638542" lat="42.984716" /><trkpt lon="19.63562" lat="42.985855" /><trkpt lon="19.634769" lat="42.985896" /><trkpt lon="19.633701" lat="42.985611" /><trkpt lon="19.633196" lat="42.985634" /><trkpt lon="19.632312" lat="42.986081" /><trkpt lon="19.630911" lat="42.986389" /><trkpt lon="19.62949" lat="42.987086" /><trkpt lon="19.628371" lat="42.987291" /><trkpt lon="19.623574" lat="42.986798" /><trkpt lon="19.622803" lat="42.986478" /><trkpt lon="19.621171" lat="42.985339" /><trkpt lon="19.620672" lat="42.985359" /><trkpt lon="19.619792" lat="42.985814" /><trkpt lon="19.619158" lat="42.985922" /><trkpt lon="19.617274" lat="42.985221" /><trkpt lon="19.616152" lat="42.985169" /><trkpt lon="19.614946" lat="42.985549" /><trkpt lon="19.613495" lat="42.986824" /><trkpt lon="19.612806" lat="42.987212" /><trkpt lon="19.612028" lat="42.98739" /><trkpt lon="19.610079" lat="42.98743" /><trkpt lon="19.608468" lat="42.987985" /><trkpt lon="19.607506" lat="42.988623" /><trkpt lon="19.606355" lat="42.990081" /><trkpt lon="19.60262" lat="42.991712" /><trkpt lon="19.601646" lat="42.991778" /><trkpt lon="19.599399" lat="42.991369" /><trkpt lon="19.597817" lat="42.991446" /><trkpt lon="19.596571" lat="42.991757" /><trkpt lon="19.592899" lat="42.993116" /><trkpt lon="19.592154" lat="42.992983" /><trkpt lon="19.591227" lat="42.992471" /><trkpt lon="19.590509" lat="42.991312" /><trkpt lon="19.590013" lat="42.991071" /><trkpt lon="19.589834" lat="42.990216" /><trkpt lon="19.589958" lat="42.989297" /><trkpt lon="19.590401" lat="42.988646" /><trkpt lon="19.591329" lat="42.988539" /><trkpt lon="19.591838" lat="42.986736" /><trkpt lon="19.590996" lat="42.986915" /><trkpt lon="19.590385" lat="42.987285" /><trkpt lon="19.589349" lat="42.987144" /><trkpt lon="19.588953" lat="42.98652" /><trkpt lon="19.588037" lat="42.985749" /><trkpt lon="19.587753" lat="42.985238" /><trkpt lon="19.585541" lat="42.983613" /><trkpt lon="19.582927" lat="42.980487" /><trkpt lon="19.584852" lat="42.978612" /><trkpt lon="19.584845" lat="42.978251" /><trkpt lon="19.583814" lat="42.977615" /><trkpt lon="19.583211" lat="42.976618" /><trkpt lon="19.582426" lat="42.976273" /><trkpt lon="19.581134" lat="42.974815" /><trkpt lon="19.580429" lat="42.974667" /><trkpt lon="19.579496" lat="42.974154" /><trkpt lon="19.578694" lat="42.974055" /><trkpt lon="19.578904" lat="42.973164" /><trkpt lon="19.578183" lat="42.970903" /><trkpt lon="19.57819" lat="42.969947" /><trkpt lon="19.578005" lat="42.969686" /><trkpt lon="19.577379" lat="42.969367" /><trkpt lon="19.577614" lat="42.968464" /><trkpt lon="19.577462" lat="42.967152" /><trkpt lon="19.576707" lat="42.966553" /><trkpt lon="19.576176" lat="42.966458" /><trkpt lon="19.575124" lat="42.965925" /><trkpt lon="19.574564" lat="42.965412" /><trkpt lon="19.576069" lat="42.965363" /><trkpt lon="19.576838" lat="42.965099" /><trkpt lon="19.577402" lat="42.964589" /><trkpt lon="19.577871" lat="42.963696" /><trkpt lon="19.578202" lat="42.962713" /><trkpt lon="19.578352" lat="42.96153" /><trkpt lon="19.577855" lat="42.958377" /><trkpt lon="19.577838" lat="42.957327" /><trkpt lon="19.575698" lat="42.955152" /><trkpt lon="19.574608" lat="42.953385" /><trkpt lon="19.572234" lat="42.952474" /><trkpt lon="19.571713" lat="42.951945" /><trkpt lon="19.571516" lat="42.951467" /><trkpt lon="19.571545" lat="42.950859" /><trkpt lon="19.571935" lat="42.950217" /><trkpt lon="19.576352" lat="42.947353" /><trkpt lon="19.577637" lat="42.946159" /><trkpt lon="19.578084" lat="42.945177" /><trkpt lon="19.577892" lat="42.943895" /><trkpt lon="19.57611" lat="42.941676" /><trkpt lon="19.575801" lat="42.941063" /><trkpt lon="19.57574" lat="42.940423" /><trkpt lon="19.575942" lat="42.939427" /><trkpt lon="19.575776" lat="42.93886" /><trkpt lon="19.575412" lat="42.938464" /><trkpt lon="19.572288" lat="42.936379" /><trkpt lon="19.571869" lat="42.935539" /><trkpt lon="19.572361" lat="42.933379" /><trkpt lon="19.572255" lat="42.931904" /><trkpt lon="19.572368" lat="42.931504" /><trkpt lon="19.572775" lat="42.93115" /><trkpt lon="19.573951" lat="42.930763" /><trkpt lon="19.575725" lat="42.929797" /><trkpt lon="19.576211" lat="42.929215" /><trkpt lon="19.575416" lat="42.92665" /><trkpt lon="19.575087" lat="42.926299" /><trkpt lon="19.573783" lat="42.925587" /><trkpt lon="19.573423" lat="42.924876" /><trkpt lon="19.573844" lat="42.924105" /><trkpt lon="19.576269" lat="42.92272" /><trkpt lon="19.576851" lat="42.921992" /><trkpt lon="19.576865" lat="42.920985" /><trkpt lon="19.575746" lat="42.918171" /><trkpt lon="19.575135" lat="42.917069" /><trkpt lon="19.57389" lat="42.915401" /><trkpt lon="19.573646" lat="42.914096" /><trkpt lon="19.573242" lat="42.913602" /><trkpt lon="19.572007" lat="42.913464" /><trkpt lon="19.56927" lat="42.91377" /><trkpt lon="19.568276" lat="42.913741" /><trkpt lon="19.56721" lat="42.91341" /><trkpt lon="19.566107" lat="42.912656" /><trkpt lon="19.565097" lat="42.911343" /><trkpt lon="19.564614" lat="42.909738" /><trkpt lon="19.563698" lat="42.908535" /><trkpt lon="19.563231" lat="42.907063" /><trkpt lon="19.562629" lat="42.906376" /><trkpt lon="19.561726" lat="42.905889" /><trkpt lon="19.557172" lat="42.905201" /><trkpt lon="19.556327" lat="42.90494" /><trkpt lon="19.554415" lat="42.903983" /><trkpt lon="19.552652" lat="42.903796" /><trkpt lon="19.551933" lat="42.90402" /><trkpt lon="19.551422" lat="42.904425" /><trkpt lon="19.550705" lat="42.906522" /><trkpt lon="19.549852" lat="42.907521" /><trkpt lon="19.54878" lat="42.908028" /><trkpt lon="19.545863" lat="42.908565" /><trkpt lon="19.545158" lat="42.908283" /><trkpt lon="19.544776" lat="42.907547" /><trkpt lon="19.544446" lat="42.907302" /><trkpt lon="19.542906" lat="42.907201" /><trkpt lon="19.541416" lat="42.906819" /><trkpt lon="19.53958" lat="42.905637" /><trkpt lon="19.537766" lat="42.905314" /><trkpt lon="19.536915" lat="42.904512" /><trkpt lon="19.536663" lat="42.903481" /><trkpt lon="19.537079" lat="42.902094" /><trkpt lon="19.537226" lat="42.900547" /><trkpt lon="19.538915" lat="42.898101" /><trkpt lon="19.539503" lat="42.896656" /><trkpt lon="19.539457" lat="42.89601" /><trkpt lon="19.538848" lat="42.894867" /><trkpt lon="19.538777" lat="42.894162" /><trkpt lon="19.540025" lat="42.891888" /><trkpt lon="19.539917" lat="42.891312" /><trkpt lon="19.539592" lat="42.890909" /><trkpt lon="19.538941" lat="42.890551" /><trkpt lon="19.537854" lat="42.890274" /><trkpt lon="19.537442" lat="42.889777" /><trkpt lon="19.537565" lat="42.889234" /><trkpt lon="19.538105" lat="42.888383" /><trkpt lon="19.539791" lat="42.887194" /><trkpt lon="19.53999" lat="42.886887" /><trkpt lon="19.539892" lat="42.88639" /><trkpt lon="19.538085" lat="42.883977" /><trkpt lon="19.537586" lat="42.881687" /><trkpt lon="19.537944" lat="42.880866" /><trkpt lon="19.539319" lat="42.879622" /><trkpt lon="19.539442" lat="42.878765" /><trkpt lon="19.539084" lat="42.878312" /><trkpt lon="19.538505" lat="42.878069" /><trkpt lon="19.535508" lat="42.877951" /><trkpt lon="19.533654" lat="42.877513" /><trkpt lon="19.53298" lat="42.877054" /><trkpt lon="19.532456" lat="42.876439" /><trkpt lon="19.531984" lat="42.874572" /><trkpt lon="19.531515" lat="42.87401" /><trkpt lon="19.530772" lat="42.873741" /><trkpt lon="19.528396" lat="42.873677" /><trkpt lon="19.527676" lat="42.873336" /><trkpt lon="19.527178" lat="42.872778" /><trkpt lon="19.527009" lat="42.872134" /><trkpt lon="19.527008" lat="42.870777" /><trkpt lon="19.525942" lat="42.863694" /><trkpt lon="19.525398" lat="42.862623" /><trkpt lon="19.522968" lat="42.859495" /><trkpt lon="19.522223" lat="42.857596" /><trkpt lon="19.522063" lat="42.8568" /><trkpt lon="19.522184" lat="42.85603" /><trkpt lon="19.522649" lat="42.855269" /><trkpt lon="19.525455" lat="42.853104" /><trkpt lon="19.526154" lat="42.852011" /><trkpt lon="19.526293" lat="42.851203" /><trkpt lon="19.526212" lat="42.850629" /><trkpt lon="19.525104" lat="42.848553" /><trkpt lon="19.522949" lat="42.846772" /><trkpt lon="19.522052" lat="42.846262" /><trkpt lon="19.520995" lat="42.846047" /><trkpt lon="19.518477" lat="42.846108" /><trkpt lon="19.516397" lat="42.845421" /><trkpt lon="19.514022" lat="42.844988" /><trkpt lon="19.514112" lat="42.844205" /><trkpt lon="19.513217" lat="42.843651" /><trkpt lon="19.513012" lat="42.842329" /><trkpt lon="19.51343" lat="42.841458" /><trkpt lon="19.513354" lat="42.841284" /><trkpt lon="19.514471" lat="42.838222" /><trkpt lon="19.514461" lat="42.837427" /><trkpt lon="19.514098" lat="42.835872" /><trkpt lon="19.514997" lat="42.834508" /><trkpt lon="19.514342" lat="42.83241" /><trkpt lon="19.514595" lat="42.829657" /><trkpt lon="19.514394" lat="42.829196" /><trkpt lon="19.513357" lat="42.828058" /><trkpt lon="19.512446" lat="42.825984" /><trkpt lon="19.512201" lat="42.824668" /><trkpt lon="19.511602" lat="42.823277" /><trkpt lon="19.509925" lat="42.821529" /><trkpt lon="19.509011" lat="42.820184" /><trkpt lon="19.509579" lat="42.818522" /><trkpt lon="19.510574" lat="42.817738" /><trkpt lon="19.511714" lat="42.816236" /><trkpt lon="19.511884" lat="42.81545" /><trkpt lon="19.511633" lat="42.814994" /><trkpt lon="19.510732" lat="42.814083" /><trkpt lon="19.510747" lat="42.813058" /><trkpt lon="19.510554" lat="42.81257" /><trkpt lon="19.509908" lat="42.811859" /><trkpt lon="19.508631" lat="42.810974" /><trkpt lon="19.507509" lat="42.808818" /><trkpt lon="19.506799" lat="42.808144" /><trkpt lon="19.506016" lat="42.807809" /><trkpt lon="19.503333" lat="42.807287" /><trkpt lon="19.500305" lat="42.80593" /><trkpt lon="19.497619" lat="42.805924" /><trkpt lon="19.495656" lat="42.805465" /><trkpt lon="19.49373" lat="42.805432" /><trkpt lon="19.492169" lat="42.805046" /><trkpt lon="19.49062" lat="42.804388" /><trkpt lon="19.488012" lat="42.804257" /><trkpt lon="19.485644" lat="42.803391" /><trkpt lon="19.482899" lat="42.802863" /><trkpt lon="19.481542" lat="42.802263" /><trkpt lon="19.480406" lat="42.800932" /><trkpt lon="19.479696" lat="42.800612" /><trkpt lon="19.479102" lat="42.800629" /><trkpt lon="19.478096" lat="42.801141" /><trkpt lon="19.477224" lat="42.801282" /><trkpt lon="19.476552" lat="42.801106" /><trkpt lon="19.47519" lat="42.800231" /><trkpt lon="19.474049" lat="42.799874" /><trkpt lon="19.472778" lat="42.799798" /><trkpt lon="19.470072" lat="42.800037" /><trkpt lon="19.467052" lat="42.799386" /><trkpt lon="19.464164" lat="42.799494" /><trkpt lon="19.463668" lat="42.79968" /><trkpt lon="19.462728" lat="42.800414" /><trkpt lon="19.462072" lat="42.800585" /><trkpt lon="19.461141" lat="42.800453" /><trkpt lon="19.459558" lat="42.799717" /><trkpt lon="19.457693" lat="42.799724" /><trkpt lon="19.456015" lat="42.799493" /><trkpt lon="19.452634" lat="42.799691" /><trkpt lon="19.451325" lat="42.800324" /><trkpt lon="19.450704" lat="42.800392" /><trkpt lon="19.450074" lat="42.800112" /><trkpt lon="19.449024" lat="42.798714" /><trkpt lon="19.4481" lat="42.798218" /><trkpt lon="19.444924" lat="42.797912" /><trkpt lon="19.442984" lat="42.79724" /><trkpt lon="19.440781" lat="42.797119" /><trkpt lon="19.439045" lat="42.796089" /><trkpt lon="19.43712" lat="42.79602" /><trkpt lon="19.435141" lat="42.795269" /><trkpt lon="19.433041" lat="42.794965" /><trkpt lon="19.431952" lat="42.795168" /><trkpt lon="19.430497" lat="42.796182" /><trkpt lon="19.428956" lat="42.795977" /><trkpt lon="19.428374" lat="42.796117" /><trkpt lon="19.428061" lat="42.796427" /><trkpt lon="19.427883" lat="42.797324" /><trkpt lon="19.427029" lat="42.798258" /><trkpt lon="19.427274" lat="42.799297" /><trkpt lon="19.427172" lat="42.799598" /><trkpt lon="19.426823" lat="42.799783" /><trkpt lon="19.424509" lat="42.800198" /><trkpt lon="19.423143" lat="42.801435" /><trkpt lon="19.422529" lat="42.801394" /><trkpt lon="19.420503" lat="42.800635" /><trkpt lon="19.418909" lat="42.800324" /><trkpt lon="19.417449" lat="42.79958" /><trkpt lon="19.416507" lat="42.799646" /><trkpt lon="19.416014" lat="42.800072" /><trkpt lon="19.415813" lat="42.801581" /><trkpt lon="19.415411" lat="42.80218" /><trkpt lon="19.413551" lat="42.802978" /><trkpt lon="19.412354" lat="42.804032" /><trkpt lon="19.411379" lat="42.804167" /><trkpt lon="19.410235" lat="42.803717" /><trkpt lon="19.408443" lat="42.802606" /><trkpt lon="19.407021" lat="42.801157" /><trkpt lon="19.405872" lat="42.80035" /><trkpt lon="19.40461" lat="42.798687" /><trkpt lon="19.404321" lat="42.796775" /><trkpt lon="19.403432" lat="42.795804" /><trkpt lon="19.402666" lat="42.795621" /><trkpt lon="19.402061" lat="42.795781" /><trkpt lon="19.401364" lat="42.796416" /><trkpt lon="19.40044" lat="42.796963" /><trkpt lon="19.399898" lat="42.799302" /><trkpt lon="19.400088" lat="42.799652" /><trkpt lon="19.401162" lat="42.800429" /><trkpt lon="19.403208" lat="42.802521" /><trkpt lon="19.403385" lat="42.802965" /><trkpt lon="19.403219" lat="42.803327" /><trkpt lon="19.402739" lat="42.803618" /><trkpt lon="19.402306" lat="42.803656" /><trkpt lon="19.399456" lat="42.80286" /><trkpt lon="19.398949" lat="42.802619" /><trkpt lon="19.397433" lat="42.801362" /><trkpt lon="19.396459" lat="42.801064" /><trkpt lon="19.395736" lat="42.801366" /><trkpt lon="19.394881" lat="42.802133" /><trkpt lon="19.394788" lat="42.80245" /><trkpt lon="19.394975" lat="42.803248" /><trkpt lon="19.394571" lat="42.804271" /><trkpt lon="19.394691" lat="42.804685" /><trkpt lon="19.395424" lat="42.805371" /><trkpt lon="19.395608" lat="42.8058" /><trkpt lon="19.395482" lat="42.806182" /><trkpt lon="19.394725" lat="42.807053" /><trkpt lon="19.395234" lat="42.808838" /><trkpt lon="19.394805" lat="42.810367" /><trkpt lon="19.394841" lat="42.810744" /><trkpt lon="19.39524" lat="42.811122" /><trkpt lon="19.397147" lat="42.812035" /><trkpt lon="19.399112" lat="42.812238" /><trkpt lon="19.399699" lat="42.812549" /><trkpt lon="19.400314" lat="42.813905" /><trkpt lon="19.402147" lat="42.815144" /><trkpt lon="19.40285" lat="42.815834" /><trkpt lon="19.402899" lat="42.816353" /><trkpt lon="19.402567" lat="42.817373" /><trkpt lon="19.402953" lat="42.81855" /><trkpt lon="19.402447" lat="42.818761" /><trkpt lon="19.402077" lat="42.818483" /><trkpt lon="19.402046" lat="42.81785" /><trkpt lon="19.402306" lat="42.816627" /><trkpt lon="19.402087" lat="42.816074" /><trkpt lon="19.400566" lat="42.815068" /><trkpt lon="19.399" lat="42.813701" /><trkpt lon="19.39825" lat="42.813378" /><trkpt lon="19.396046" lat="42.813191" /><trkpt lon="19.393017" lat="42.811985" /><trkpt lon="19.392528" lat="42.811607" /><trkpt lon="19.392324" lat="42.811126" /><trkpt lon="19.392174" lat="42.809257" /><trkpt lon="19.39077" lat="42.806914" /><trkpt lon="19.390906" lat="42.806413" /><trkpt lon="19.39229" lat="42.804392" /><trkpt lon="19.392414" lat="42.803964" /><trkpt lon="19.391742" lat="42.802459" /><trkpt lon="19.390782" lat="42.798214" /><trkpt lon="19.391042" lat="42.797527" /><trkpt lon="19.391844" lat="42.796374" /><trkpt lon="19.392255" lat="42.795095" /><trkpt lon="19.394109" lat="42.79314" /><trkpt lon="19.394426" lat="42.790802" /><trkpt lon="19.394052" lat="42.790278" /><trkpt lon="19.390817" lat="42.78844" /><trkpt lon="19.390027" lat="42.787149" /><trkpt lon="19.389403" lat="42.786464" /><trkpt lon="19.389306" lat="42.786111" /><trkpt lon="19.389484" lat="42.785683" /><trkpt lon="19.390572" lat="42.784533" /><trkpt lon="19.392394" lat="42.783478" /><trkpt lon="19.392733" lat="42.783126" /><trkpt lon="19.392815" lat="42.78183" /><trkpt lon="19.393294" lat="42.780642" /><trkpt lon="19.39278" lat="42.77912" /><trkpt lon="19.392762" lat="42.778331" /><trkpt lon="19.393778" lat="42.776516" /><trkpt lon="19.39388" lat="42.776036" /><trkpt lon="19.393578" lat="42.77527" /><trkpt lon="19.391898" lat="42.774019" /><trkpt lon="19.391376" lat="42.773222" /><trkpt lon="19.391247" lat="42.771461" /><trkpt lon="19.391653" lat="42.770019" /><trkpt lon="19.391597" lat="42.769463" /><trkpt lon="19.391024" lat="42.767714" /><trkpt lon="19.389678" lat="42.76591" /><trkpt lon="19.389273" lat="42.76441" /><trkpt lon="19.388439" lat="42.762924" /><trkpt lon="19.388556" lat="42.762264" /><trkpt lon="19.389374" lat="42.760724" /><trkpt lon="19.389561" lat="42.757841" /><trkpt lon="19.389843" lat="42.756787" /><trkpt lon="19.391708" lat="42.754947" /><trkpt lon="19.391947" lat="42.754341" /><trkpt lon="19.391873" lat="42.753785" /><trkpt lon="19.390317" lat="42.752261" /><trkpt lon="19.389657" lat="42.750864" /><trkpt lon="19.389634" lat="42.750342" /><trkpt lon="19.390016" lat="42.748507" /><trkpt lon="19.389641" lat="42.746508" /><trkpt lon="19.38994" lat="42.745265" /><trkpt lon="19.389919" lat="42.74434" /><trkpt lon="19.389473" lat="42.743732" /><trkpt lon="19.388161" lat="42.743119" /><trkpt lon="19.386895" lat="42.742972" /><trkpt lon="19.384263" lat="42.74315" /><trkpt lon="19.383659" lat="42.742929" /><trkpt lon="19.383109" lat="42.742461" /><trkpt lon="19.382983" lat="42.741959" /><trkpt lon="19.38348" lat="42.741076" /><trkpt lon="19.38349" lat="42.740653" /><trkpt lon="19.383023" lat="42.73971" /><trkpt lon="19.381439" lat="42.737519" /><trkpt lon="19.381193" lat="42.736166" /><trkpt lon="19.381576" lat="42.734442" /><trkpt lon="19.380733" lat="42.732677" /><trkpt lon="19.38083" lat="42.731786" /><trkpt lon="19.381716" lat="42.730187" /><trkpt lon="19.381656" lat="42.72941" /><trkpt lon="19.379204" lat="42.727116" /><trkpt lon="19.377979" lat="42.725347" /><trkpt lon="19.377466" lat="42.724117" /><trkpt lon="19.374989" lat="42.721577" /><trkpt lon="19.370862" lat="42.718792" /><trkpt lon="19.370409" lat="42.717981" /><trkpt lon="19.370038" lat="42.716785" /><trkpt lon="19.37086" lat="42.714278" /><trkpt lon="19.37257" lat="42.711211" /><trkpt lon="19.372559" lat="42.708361" /><trkpt lon="19.373707" lat="42.707358" /><trkpt lon="19.374451" lat="42.705577" /><trkpt lon="19.375572" lat="42.704753" /><trkpt lon="19.375806" lat="42.704278" /><trkpt lon="19.375754" lat="42.703652" /><trkpt lon="19.374765" lat="42.702175" /><trkpt lon="19.374644" lat="42.699587" /><trkpt lon="19.37387" lat="42.697719" /><trkpt lon="19.374334" lat="42.696148" /><trkpt lon="19.374314" lat="42.695788" /><trkpt lon="19.372874" lat="42.694346" /><trkpt lon="19.372712" lat="42.693911" /><trkpt lon="19.372873" lat="42.693486" /><trkpt lon="19.374158" lat="42.691751" /><trkpt lon="19.374901" lat="42.68977" /><trkpt lon="19.375072" lat="42.687293" /><trkpt lon="19.375614" lat="42.685594" /><trkpt lon="19.37546" lat="42.685121" /><trkpt lon="19.374961" lat="42.68448" /><trkpt lon="19.37365" lat="42.683393" /><trkpt lon="19.372799" lat="42.682166" /><trkpt lon="19.372451" lat="42.680309" /><trkpt lon="19.371589" lat="42.678334" /><trkpt lon="19.369883" lat="42.677234" /><trkpt lon="19.369907" lat="42.675767" /><trkpt lon="19.369794" lat="42.675522" /><trkpt lon="19.368277" lat="42.674863" /><trkpt lon="19.3677" lat="42.67429" /><trkpt lon="19.367399" lat="42.673484" /><trkpt lon="19.367649" lat="42.672664" /><trkpt lon="19.367484" lat="42.669501" /><trkpt lon="19.367781" lat="42.668805" /><trkpt lon="19.369425" lat="42.666977" /><trkpt lon="19.370138" lat="42.664909" /><trkpt lon="19.371836" lat="42.663169" /><trkpt lon="19.373296" lat="42.661046" /><trkpt lon="19.37576" lat="42.659491" /><trkpt lon="19.376513" lat="42.658725" /><trkpt lon="19.376724" lat="42.657485" /><trkpt lon="19.377247" lat="42.656248" /><trkpt lon="19.377181" lat="42.654866" /><trkpt lon="19.377325" lat="42.654107" /><trkpt lon="19.379003" lat="42.650427" /><trkpt lon="19.380152" lat="42.64849" /><trkpt lon="19.379993" lat="42.647899" /><trkpt lon="19.379279" lat="42.646904" /><trkpt lon="19.378947" lat="42.645214" /><trkpt lon="19.377986" lat="42.643944" /><trkpt lon="19.377568" lat="42.643078" /><trkpt lon="19.377375" lat="42.641619" /><trkpt lon="19.375936" lat="42.640541" /><trkpt lon="19.374541" lat="42.638928" /><trkpt lon="19.374287" lat="42.638186" /><trkpt lon="19.37416" lat="42.636391" /><trkpt lon="19.373014" lat="42.634495" /><trkpt lon="19.373365" lat="42.632393" /><trkpt lon="19.373061" lat="42.631537" /><trkpt lon="19.371961" lat="42.629985" /><trkpt lon="19.372031" lat="42.628153" /><trkpt lon="19.371212" lat="42.626508" /><trkpt lon="19.371234" lat="42.624747" /><trkpt lon="19.370368" lat="42.621314" /><trkpt lon="19.37081" lat="42.619264" /><trkpt lon="19.370042" lat="42.616288" /><trkpt lon="19.370385" lat="42.614593" /><trkpt lon="19.370745" lat="42.613988" /><trkpt lon="19.373789" lat="42.611394" /><trkpt lon="19.375988" lat="42.608953" /><trkpt lon="19.378046" lat="42.607364" /><trkpt lon="19.378534" lat="42.606795" /><trkpt lon="19.379865" lat="42.60453" /><trkpt lon="19.379591" lat="42.602077" /><trkpt lon="19.379226" lat="42.601365" /><trkpt lon="19.378496" lat="42.60069" /><trkpt lon="19.377491" lat="42.6002" /><trkpt lon="19.374699" lat="42.59936" /><trkpt lon="19.373835" lat="42.598564" /><trkpt lon="19.370823" lat="42.596482" /><trkpt lon="19.369291" lat="42.595844" /><trkpt lon="19.365334" lat="42.59472" /><trkpt lon="19.364541" lat="42.594351" /><trkpt lon="19.361726" lat="42.592623" /><trkpt lon="19.358992" lat="42.589841" /><trkpt lon="19.358619" lat="42.589173" /><trkpt lon="19.358309" lat="42.58692" /><trkpt lon="19.358077" lat="42.586277" /><trkpt lon="19.355691" lat="42.584229" /><trkpt lon="19.355372" lat="42.583729" /><trkpt lon="19.354833" lat="42.581287" /><trkpt lon="19.354932" lat="42.580817" /><trkpt lon="19.355599" lat="42.579623" /><trkpt lon="19.355571" lat="42.57894" /><trkpt lon="19.35456" lat="42.577916" /><trkpt lon="19.352523" lat="42.576786" /><trkpt lon="19.351908" lat="42.575895" /><trkpt lon="19.351817" lat="42.575384" /><trkpt lon="19.351976" lat="42.574224" /><trkpt lon="19.352471" lat="42.572609" /><trkpt lon="19.35218" lat="42.5717" /><trkpt lon="19.34929" lat="42.568899" /><trkpt lon="19.346283" lat="42.567329" /><trkpt lon="19.345389" lat="42.566597" /><trkpt lon="19.340969" lat="42.561141" /><trkpt lon="19.340517" lat="42.558612" /><trkpt lon="19.340266" lat="42.558166" /><trkpt lon="19.336577" lat="42.556473" /><trkpt lon="19.336189" lat="42.556033" /><trkpt lon="19.33638" lat="42.552447" /><trkpt lon="19.33334" lat="42.547554" /><trkpt lon="19.33409" lat="42.545754" /><trkpt lon="19.335318" lat="42.544027" /><trkpt lon="19.335566" lat="42.543109" /><trkpt lon="19.33543" lat="42.542348" /><trkpt lon="19.334311" lat="42.540203" /><trkpt lon="19.333856" lat="42.537534" /><trkpt lon="19.334268" lat="42.536925" /><trkpt lon="19.336642" lat="42.535115" /><trkpt lon="19.337162" lat="42.534541" /><trkpt lon="19.337298" lat="42.532479" /><trkpt lon="19.337976" lat="42.531612" /><trkpt lon="19.340145" lat="42.530764" /><trkpt lon="19.343088" lat="42.530953" /><trkpt lon="19.344872" lat="42.530662" /><trkpt lon="19.345716" lat="42.530275" /><trkpt lon="19.346369" lat="42.529453" /><trkpt lon="19.346705" lat="42.528198" /><trkpt lon="19.346666" lat="42.527631" /><trkpt lon="19.345253" lat="42.523747" /><trkpt lon="19.344274" lat="42.522204" /><trkpt lon="19.342664" lat="42.520589" /><trkpt lon="19.342402" lat="42.520043" /><trkpt lon="19.342995" lat="42.517793" /><trkpt lon="19.344269" lat="42.515907" /><trkpt lon="19.344548" lat="42.515878" /><trkpt lon="19.344435" lat="42.515651" /><trkpt lon="19.344665" lat="42.514901" /><trkpt lon="19.344479" lat="42.514207" /><trkpt lon="19.344038" lat="42.513692" /><trkpt lon="19.34331" lat="42.513293" /><trkpt lon="19.338624" lat="42.512284" /><trkpt lon="19.337022" lat="42.511509" /><trkpt lon="19.335478" lat="42.509541" /><trkpt lon="19.33179" lat="42.505676" /><trkpt lon="19.331663" lat="42.505271" /><trkpt lon="19.331848" lat="42.504232" /><trkpt lon="19.331375" lat="42.503657" /><trkpt lon="19.330674" lat="42.50349" /><trkpt lon="19.328015" lat="42.503491" /><trkpt lon="19.327073" lat="42.503732" /><trkpt lon="19.324947" lat="42.504653" /><trkpt lon="19.324035" lat="42.504683" /><trkpt lon="19.323087" lat="42.504325" /><trkpt lon="19.322463" lat="42.503819" /><trkpt lon="19.321808" lat="42.502422" /><trkpt lon="19.321148" lat="42.501959" /><trkpt lon="19.320488" lat="42.501842" /><trkpt lon="19.315959" lat="42.501983" /><trkpt lon="19.314762" lat="42.50181" /><trkpt lon="19.313831" lat="42.501428" /><trkpt lon="19.311722" lat="42.499694" /><trkpt lon="19.310428" lat="42.497715" /><trkpt lon="19.310395" lat="42.495127" /><trkpt lon="19.309714" lat="42.493149" /><trkpt lon="19.309156" lat="42.492054" /><trkpt lon="19.308095" lat="42.490829" /><trkpt lon="19.307838" lat="42.490245" /><trkpt lon="19.308034" lat="42.489512" /><trkpt lon="19.309054" lat="42.488308" /><trkpt lon="19.309035" lat="42.487041" /><trkpt lon="19.308044" lat="42.485886" /><trkpt lon="19.305118" lat="42.483996" /><trkpt lon="19.304766" lat="42.483454" /><trkpt lon="19.304949" lat="42.482853" /><trkpt lon="19.306006" lat="42.482131" /><trkpt lon="19.306273" lat="42.4816" /><trkpt lon="19.306643" lat="42.477768" /><trkpt lon="19.306562" lat="42.476884" /><trkpt lon="19.306174" lat="42.475967" /><trkpt lon="19.305158" lat="42.474831" /><trkpt lon="19.30275" lat="42.473759" /><trkpt lon="19.301938" lat="42.473156" /><trkpt lon="19.301701" lat="42.472691" /><trkpt lon="19.301807" lat="42.471593" /><trkpt lon="19.301453" lat="42.470902" /><trkpt lon="19.300998" lat="42.470401" /><trkpt lon="19.300344" lat="42.470032" /><trkpt lon="19.300239" lat="42.46958" /><trkpt lon="19.277648" lat="42.444139" /><trkpt lon="19.276158" lat="42.442063" /><trkpt lon="19.273107" lat="42.441374" /><trkpt lon="19.27173" lat="42.441344" /><trkpt lon="19.267681" lat="42.442407" /><trkpt lon="19.265357" lat="42.43811" /><trkpt lon="19.245763" lat="42.443837" /><trkpt lon="19.244842" lat="42.442101" /><trkpt lon="19.244247" lat="42.441622" /><trkpt lon="19.241428" lat="42.440498" /><trkpt lon="19.239505" lat="42.441069" /><trkpt lon="19.238626" lat="42.439416" /><trkpt lon="19.228443" lat="42.435386" /><trkpt lon="19.228015" lat="42.43537" /><trkpt lon="19.227653" lat="42.435062" /><trkpt lon="19.224692" lat="42.433735" /><trkpt lon="19.223728" lat="42.432853" /><trkpt lon="19.223163" lat="42.431764" /><trkpt lon="19.223085" lat="42.430695" /><trkpt lon="19.223585" lat="42.428406" /><trkpt lon="19.223355" lat="42.427551" /><trkpt lon="19.22289" lat="42.426939" /><trkpt lon="19.216675" lat="42.422782" /><trkpt lon="19.216298" lat="42.422681" /><trkpt lon="19.216011" lat="42.422335" /><trkpt lon="19.208918" lat="42.417648" /><trkpt lon="19.208391" lat="42.417549" /><trkpt lon="19.20807" lat="42.417093" /><trkpt lon="19.205966" lat="42.41582" /><trkpt lon="19.204202" lat="42.415229" /><trkpt lon="19.202404" lat="42.415001" /><trkpt lon="19.193367" lat="42.415439" /><trkpt lon="19.191705" lat="42.41488" /><trkpt lon="19.189683" lat="42.412999" /><trkpt lon="19.188464" lat="42.412488" /><trkpt lon="19.187472" lat="42.412391" /><trkpt lon="19.179294" lat="42.412607" /><trkpt lon="19.177534" lat="42.412248" /><trkpt lon="19.176041" lat="42.411559" /><trkpt lon="19.174573" lat="42.410249" /><trkpt lon="19.174044" lat="42.409343" /><trkpt lon="19.17377" lat="42.40831" /><trkpt lon="19.173929" lat="42.406847" /><trkpt lon="19.175046" lat="42.404419" /><trkpt lon="19.175021" lat="42.403781" /><trkpt lon="19.174728" lat="42.403129" /><trkpt lon="19.174013" lat="42.402474" /><trkpt lon="19.170658" lat="42.400566" /><trkpt lon="19.168174" lat="42.398132" /><trkpt lon="19.167013" lat="42.397295" /><trkpt lon="19.165658" lat="42.396619" /><trkpt lon="19.163055" lat="42.395895" /><trkpt lon="19.160919" lat="42.395778" /><trkpt lon="19.159183" lat="42.395935" /><trkpt lon="19.155273" lat="42.396901" /><trkpt lon="19.153628" lat="42.396972" /><trkpt lon="19.152179" lat="42.396644" /><trkpt lon="19.149314" lat="42.395" /><trkpt lon="19.14794" lat="42.394678" /><trkpt lon="19.146709" lat="42.394744" /><trkpt lon="19.142965" lat="42.395461" /><trkpt lon="19.140836" lat="42.39535" /><trkpt lon="19.139" lat="42.394774" /><trkpt lon="19.134386" lat="42.392491" /><trkpt lon="19.13285" lat="42.392129" /><trkpt lon="19.128595" lat="42.391573" /><trkpt lon="19.123535" lat="42.389758" /><trkpt lon="19.121536" lat="42.389613" /><trkpt lon="19.117235" lat="42.390098" /><trkpt lon="19.115135" lat="42.389803" /><trkpt lon="19.113898" lat="42.389305" /><trkpt lon="19.109921" lat="42.387029" /><trkpt lon="19.106748" lat="42.385818" /><trkpt lon="19.103894" lat="42.383745" /><trkpt lon="19.102743" lat="42.383281" /><trkpt lon="19.102678" lat="42.383015" /><trkpt lon="19.103434" lat="42.382328" /><trkpt lon="19.103437" lat="42.382022" /><trkpt lon="19.102715" lat="42.381567" /><trkpt lon="19.10171" lat="42.381479" /><trkpt lon="19.101214" lat="42.380425" /><trkpt lon="19.100537" lat="42.379971" /><trkpt lon="19.100744" lat="42.379559" /><trkpt lon="19.10274" lat="42.379117" /><trkpt lon="19.103082" lat="42.37836" /><trkpt lon="19.102898" lat="42.377896" /><trkpt lon="19.101912" lat="42.377686" /><trkpt lon="19.101197" lat="42.376753" /><trkpt lon="19.100367" lat="42.376321" /><trkpt lon="19.098594" lat="42.375944" /><trkpt lon="19.098246" lat="42.375645" /><trkpt lon="19.098148" lat="42.375736" /><trkpt lon="19.098411" lat="42.376021" /><trkpt lon="19.099474" lat="42.376596" /><trkpt lon="19.098073" lat="42.376223" /><trkpt lon="19.096005" lat="42.373892" /><trkpt lon="19.090408" lat="42.372025" /><trkpt lon="19.089876" lat="42.370943" /><trkpt lon="19.089099" lat="42.3705" /><trkpt lon="19.088537" lat="42.370376" /><trkpt lon="19.088" lat="42.369829" /><trkpt lon="19.087079" lat="42.369318" /><trkpt lon="19.086768" lat="42.367727" /><trkpt lon="19.08653" lat="42.367513" /><trkpt lon="19.085225" lat="42.367265" /><trkpt lon="19.084466" lat="42.365709" /><trkpt lon="19.084129" lat="42.36541" /><trkpt lon="19.081363" lat="42.365347" /><trkpt lon="19.079995" lat="42.365045" /><trkpt lon="19.079391" lat="42.364506" /><trkpt lon="19.077852" lat="42.364398" /><trkpt lon="19.077204" lat="42.363858" /><trkpt lon="19.076364" lat="42.36265" /><trkpt lon="19.075419" lat="42.36168" /><trkpt lon="19.074224" lat="42.360921" /><trkpt lon="19.073757" lat="42.360125" /><trkpt lon="19.073832" lat="42.359506" /><trkpt lon="19.073229" lat="42.358465" /><trkpt lon="19.072776" lat="42.358336" /><trkpt lon="19.071812" lat="42.358507" /><trkpt lon="19.070571" lat="42.357419" /><trkpt lon="19.06955" lat="42.357237" /><trkpt lon="19.069179" lat="42.357584" /><trkpt lon="19.068514" lat="42.357629" /><trkpt lon="19.06704" lat="42.358228" /><trkpt lon="19.06674" lat="42.358634" /><trkpt lon="19.066008" lat="42.359112" /><trkpt lon="19.066086" lat="42.360361" /><trkpt lon="19.065734" lat="42.36073" /><trkpt lon="19.065178" lat="42.360843" /><trkpt lon="19.06389" lat="42.362503" /><trkpt lon="19.061702" lat="42.362993" /><trkpt lon="19.059633" lat="42.363254" /><trkpt lon="19.059042" lat="42.362978" /><trkpt lon="19.058003" lat="42.363042" /><trkpt lon="19.056916" lat="42.362374" /><trkpt lon="19.056624" lat="42.361792" /><trkpt lon="19.056372" lat="42.361625" /><trkpt lon="19.054838" lat="42.361457" /><trkpt lon="19.052829" lat="42.360826" /><trkpt lon="19.052074" lat="42.360967" /><trkpt lon="19.050673" lat="42.361588" /><trkpt lon="19.047099" lat="42.361453" /><trkpt lon="19.046507" lat="42.360534" /><trkpt lon="19.045102" lat="42.360375" /><trkpt lon="19.043101" lat="42.359572" /><trkpt lon="19.042646" lat="42.359112" /><trkpt lon="19.042425" lat="42.358466" /><trkpt lon="19.041415" lat="42.357993" /><trkpt lon="19.041285" lat="42.357507" /><trkpt lon="19.040504" lat="42.35742" /><trkpt lon="19.040141" lat="42.356008" /><trkpt lon="19.041084" lat="42.354965" /><trkpt lon="19.040337" lat="42.354314" /><trkpt lon="19.038466" lat="42.354566" /><trkpt lon="19.037437" lat="42.354489" /><trkpt lon="19.03554" lat="42.355711" /><trkpt lon="19.034035" lat="42.355656" /><trkpt lon="19.031997" lat="42.356695" /><trkpt lon="19.030648" lat="42.356823" /><trkpt lon="19.029452" lat="42.356519" /><trkpt lon="19.027959" lat="42.355825" /><trkpt lon="19.026575" lat="42.355559" /><trkpt lon="19.02509" lat="42.355794" /><trkpt lon="19.023947" lat="42.356526" /><trkpt lon="19.021023" lat="42.356338" /><trkpt lon="19.019414" lat="42.355671" /><trkpt lon="19.016771" lat="42.355966" /><trkpt lon="19.016455" lat="42.356076" /><trkpt lon="19.016044" lat="42.35676" /><trkpt lon="19.014116" lat="42.35772" /><trkpt lon="19.012952" lat="42.357946" /><trkpt lon="19.011565" lat="42.358597" /><trkpt lon="19.010591" lat="42.358334" /><trkpt lon="19.010702" lat="42.358981" /><trkpt lon="19.010531" lat="42.359068" /><trkpt lon="19.009767" lat="42.358799" /><trkpt lon="19.008891" lat="42.358907" /><trkpt lon="19.008209" lat="42.358764" /><trkpt lon="19.007958" lat="42.35849" /><trkpt lon="19.007836" lat="42.357723" /><trkpt lon="19.005896" lat="42.358117" /><trkpt lon="19.005716" lat="42.357585" /><trkpt lon="19.005975" lat="42.356954" /><trkpt lon="19.006542" lat="42.3567" /><trkpt lon="19.007212" lat="42.356885" /><trkpt lon="19.008223" lat="42.356454" /><trkpt lon="19.008087" lat="42.356342" /><trkpt lon="19.007813" lat="42.356587" /><trkpt lon="19.007422" lat="42.356657" /><trkpt lon="19.006243" lat="42.356254" /><trkpt lon="19.005401" lat="42.356576" /><trkpt lon="19.00502" lat="42.357154" /><trkpt lon="19.003853" lat="42.357901" /><trkpt lon="19.004153" lat="42.362553" /><trkpt lon="19.004487" lat="42.362593" /><trkpt lon="19.00507" lat="42.361961" /><trkpt lon="19.006191" lat="42.361421" /><trkpt lon="19.006906" lat="42.361188" /><trkpt lon="19.006991" lat="42.361298" /><trkpt lon="19.005294" lat="42.362266" /><trkpt lon="19.004639" lat="42.363141" /><trkpt lon="19.003785" lat="42.363438" /><trkpt lon="19.003284" lat="42.362853" /><trkpt lon="19.003293" lat="42.361962" /><trkpt lon="19.00277" lat="42.361081" /><trkpt lon="19.002652" lat="42.360211" /><trkpt lon="19.002393" lat="42.359602" /><trkpt lon="19.001772" lat="42.358894" /><trkpt lon="19.001803" lat="42.358245" /><trkpt lon="19.001639" lat="42.357923" /><trkpt lon="19.001232" lat="42.357854" /><trkpt lon="19.00043" lat="42.358109" /><trkpt lon="19.000462" lat="42.359307" /><trkpt lon="18.999139" lat="42.359465" /><trkpt lon="18.998393" lat="42.360275" /><trkpt lon="18.997978" lat="42.360229" /><trkpt lon="18.997471" lat="42.35961" /><trkpt lon="18.997465" lat="42.359104" /><trkpt lon="18.99779" lat="42.358507" /><trkpt lon="18.997596" lat="42.358564" /><trkpt lon="18.997194" lat="42.359162" /><trkpt lon="18.997047" lat="42.359909" /><trkpt lon="18.997237" lat="42.36031" /><trkpt lon="18.997072" lat="42.360143" /><trkpt lon="18.996963" lat="42.359402" /><trkpt lon="18.996509" lat="42.358915" /><trkpt lon="18.997448" lat="42.358126" /><trkpt lon="18.99786" lat="42.357507" /><trkpt lon="18.998687" lat="42.357187" /><trkpt lon="18.999472" lat="42.356486" /><trkpt lon="18.999933" lat="42.354897" /><trkpt lon="19.001275" lat="42.353812" /><trkpt lon="19.001798" lat="42.353978" /><trkpt lon="19.002111" lat="42.353789" /><trkpt lon="19.001913" lat="42.353093" /><trkpt lon="19.002092" lat="42.352683" /><trkpt lon="19.002042" lat="42.35215" /><trkpt lon="19.001695" lat="42.351627" /><trkpt lon="19.001605" lat="42.350701" /><trkpt lon="19.000886" lat="42.350521" /><trkpt lon="19.000369" lat="42.349737" /><trkpt lon="19.000168" lat="42.349152" /><trkpt lon="19.000333" lat="42.348749" /><trkpt lon="19.000177" lat="42.348206" /><trkpt lon="18.999728" lat="42.347801" /><trkpt lon="18.998073" lat="42.347121" /><trkpt lon="18.997573" lat="42.346613" /><trkpt lon="18.995106" lat="42.346006" /><trkpt lon="18.99334" lat="42.345178" /><trkpt lon="18.992389" lat="42.345156" /><trkpt lon="18.991005" lat="42.344372" /><trkpt lon="18.990072" lat="42.344099" /><trkpt lon="18.989434" lat="42.343297" /><trkpt lon="18.988935" lat="42.342335" /><trkpt lon="18.988302" lat="42.341966" /><trkpt lon="18.988251" lat="42.340935" /><trkpt lon="18.988007" lat="42.340198" /><trkpt lon="18.987505" lat="42.339926" /><trkpt lon="18.987618" lat="42.339074" /><trkpt lon="18.988127" lat="42.338626" /><trkpt lon="18.988235" lat="42.338139" /><trkpt lon="18.988173" lat="42.336665" /><trkpt lon="18.987323" lat="42.335065" /><trkpt lon="18.986902" lat="42.33382" /><trkpt lon="18.986969" lat="42.333423" /><trkpt lon="18.986454" lat="42.33281" /><trkpt lon="18.98608" lat="42.331359" /><trkpt lon="18.986592" lat="42.330288" /><trkpt lon="18.98646" lat="42.329887" /><trkpt lon="18.986514" lat="42.329027" /><trkpt lon="18.986797" lat="42.328134" /><trkpt lon="18.985792" lat="42.326709" /><trkpt lon="18.984209" lat="42.326178" /><trkpt lon="18.984384" lat="42.32486" /><trkpt lon="18.983214" lat="42.32342" /><trkpt lon="18.983254" lat="42.322959" /><trkpt lon="18.982503" lat="42.322581" /><trkpt lon="18.982058" lat="42.322113" /><trkpt lon="18.981979" lat="42.321766" /><trkpt lon="18.980967" lat="42.321145" /><trkpt lon="18.980545" lat="42.320458" /><trkpt lon="18.98062" lat="42.319909" /><trkpt lon="18.981697" lat="42.318643" /><trkpt lon="18.981875" lat="42.318207" /><trkpt lon="18.980974" lat="42.316777" /><trkpt lon="18.981044" lat="42.316408" /><trkpt lon="18.982613" lat="42.314684" /><trkpt lon="18.982926" lat="42.313967" /><trkpt lon="18.984032" lat="42.313576" /><trkpt lon="18.985126" lat="42.312596" /><trkpt lon="18.985233" lat="42.311819" /><trkpt lon="18.985112" lat="42.311315" /><trkpt lon="18.984337" lat="42.310676" /><trkpt lon="18.983281" lat="42.310419" /><trkpt lon="18.983026" lat="42.310206" /><trkpt lon="18.982599" lat="42.310619" /><trkpt lon="18.981848" lat="42.310891" /><trkpt lon="18.981961" lat="42.311131" /><trkpt lon="18.981671" lat="42.311464" /><trkpt lon="18.981082" lat="42.311365" /><trkpt lon="18.981367" lat="42.312466" /><trkpt lon="18.981316" lat="42.313288" /><trkpt lon="18.981024" lat="42.312459" /><trkpt lon="18.979722" lat="42.311309" /><trkpt lon="18.979718" lat="42.310855" /><trkpt lon="18.97863" lat="42.31017" /><trkpt lon="18.978193" lat="42.309134" /><trkpt lon="18.976915" lat="42.307987" /><trkpt lon="18.976794" lat="42.307607" /><trkpt lon="18.976433" lat="42.307467" /><trkpt lon="18.97568" lat="42.307548" /><trkpt lon="18.975433" lat="42.306974" /><trkpt lon="18.97466" lat="42.306552" /><trkpt lon="18.973056" lat="42.306387" /><trkpt lon="18.972547" lat="42.305932" /><trkpt lon="18.972381" lat="42.305012" /><trkpt lon="18.971321" lat="42.305122" /><trkpt lon="18.969943" lat="42.304738" /><trkpt lon="18.969079" lat="42.305209" /><trkpt lon="18.96847" lat="42.305097" /><trkpt lon="18.967269" lat="42.305753" /><trkpt lon="18.966228" lat="42.305442" /><trkpt lon="18.965757" lat="42.305598" /><trkpt lon="18.964777" lat="42.305068" /><trkpt lon="18.962545" lat="42.304794" /><trkpt lon="18.960844" lat="42.304293" /><trkpt lon="18.958819" lat="42.303265" /><trkpt lon="18.957733" lat="42.30356" /><trkpt lon="18.957222" lat="42.304531" /><trkpt lon="18.956729" lat="42.30469" /><trkpt lon="18.956542" lat="42.305431" /><trkpt lon="18.956191" lat="42.305913" /><trkpt lon="18.953892" lat="42.307591" /><trkpt lon="18.953504" lat="42.30836" /><trkpt lon="18.953225" lat="42.309443" /><trkpt lon="18.952777" lat="42.309847" /><trkpt lon="18.950869" lat="42.309557" /><trkpt lon="18.949469" lat="42.310176" /><trkpt lon="18.948937" lat="42.310585" /><trkpt lon="18.94772" lat="42.310731" /><trkpt lon="18.945822" lat="42.310382" /><trkpt lon="18.945392" lat="42.310176" /><trkpt lon="18.945003" lat="42.310456" /><trkpt lon="18.942973" lat="42.310352" /><trkpt lon="18.941361" lat="42.311093" /><trkpt lon="18.94069" lat="42.311653" /><trkpt lon="18.940081" lat="42.311835" /><trkpt lon="18.939913" lat="42.311653" /><trkpt lon="18.940026" lat="42.311348" /><trkpt lon="18.939375" lat="42.310939" /><trkpt lon="18.939649" lat="42.308313" /><trkpt lon="18.940287" lat="42.306892" /><trkpt lon="18.940302" lat="42.306217" /><trkpt lon="18.939254" lat="42.304649" /><trkpt lon="18.938445" lat="42.302724" /><trkpt lon="18.938084" lat="42.302401" /><trkpt lon="18.93751" lat="42.30219" /><trkpt lon="18.93471" lat="42.301983" /><trkpt lon="18.933774" lat="42.302232" /><trkpt lon="18.933291" lat="42.302797" /><trkpt lon="18.932934" lat="42.304064" /><trkpt lon="18.93159" lat="42.305914" /><trkpt lon="18.931077" lat="42.306405" /><trkpt lon="18.930232" lat="42.306728" /><trkpt lon="18.929325" lat="42.306747" /><trkpt lon="18.92713" lat="42.306222" /><trkpt lon="18.926436" lat="42.305751" /><trkpt lon="18.925683" lat="42.304754" /><trkpt lon="18.924861" lat="42.304333" /><trkpt lon="18.92276" lat="42.304306" /><trkpt lon="18.920445" lat="42.303838" /><trkpt lon="18.918558" lat="42.30441" /><trkpt lon="18.916667" lat="42.304654" /><trkpt lon="18.914467" lat="42.305637" /><trkpt lon="18.913494" lat="42.305649" /><trkpt lon="18.911657" lat="42.305171" /><trkpt lon="18.910149" lat="42.305197" /><trkpt lon="18.906486" lat="42.305744" /><trkpt lon="18.903577" lat="42.306783" /><trkpt lon="18.9028" lat="42.306923" /><trkpt lon="18.901907" lat="42.306616" /><trkpt lon="18.901247" lat="42.305696" /><trkpt lon="18.900819" lat="42.305414" /><trkpt lon="18.900232" lat="42.305323" /><trkpt lon="18.898737" lat="42.305575" /><trkpt lon="18.898115" lat="42.305522" /><trkpt lon="18.895652" lat="42.304382" /><trkpt lon="18.893579" lat="42.303645" /><trkpt lon="18.892937" lat="42.303201" /><trkpt lon="18.891793" lat="42.301648" /><trkpt lon="18.891364" lat="42.301421" /><trkpt lon="18.890483" lat="42.301319" /><trkpt lon="18.88732" lat="42.302461" /><trkpt lon="18.884342" lat="42.304662" /><trkpt lon="18.88373" lat="42.305488" /><trkpt lon="18.883294" lat="42.305813" /><trkpt lon="18.881489" lat="42.306069" /><trkpt lon="18.876918" lat="42.30784" /><trkpt lon="18.87485" lat="42.308277" /><trkpt lon="18.869025" lat="42.311091" /><trkpt lon="18.866893" lat="42.312616" /><trkpt lon="18.863793" lat="42.313471" /><trkpt lon="18.860865" lat="42.315497" /><trkpt lon="18.860029" lat="42.315631" /><trkpt lon="18.857605" lat="42.315221" /><trkpt lon="18.855976" lat="42.315202" /><trkpt lon="18.855555" lat="42.315304" /><trkpt lon="18.854994" lat="42.315756" /><trkpt lon="18.854623" lat="42.315742" /><trkpt lon="18.854547" lat="42.31557" /><trkpt lon="18.854726" lat="42.315375" /><trkpt lon="18.857513" lat="42.314605" /><trkpt lon="18.859779" lat="42.313461" /><trkpt lon="18.860165" lat="42.312772" /><trkpt lon="18.859955" lat="42.311638" /><trkpt lon="18.860087" lat="42.310986" /><trkpt lon="18.861612" lat="42.309678" /><trkpt lon="18.86276" lat="42.309301" /><trkpt lon="18.86458" lat="42.309539" /><trkpt lon="18.865536" lat="42.309339" /><trkpt lon="18.871461" lat="42.3052" /><trkpt lon="18.873249" lat="42.304281" /><trkpt lon="18.874513" lat="42.302792" /><trkpt lon="18.875783" lat="42.301786" /><trkpt lon="18.876697" lat="42.301274" /><trkpt lon="18.876309" lat="42.301068" /><trkpt lon="18.873981" lat="42.302162" /><trkpt lon="18.871855" lat="42.303907" /><trkpt lon="18.869678" lat="42.304169" /><trkpt lon="18.868342" lat="42.304913" /><trkpt lon="18.866594" lat="42.305297" /><trkpt lon="18.864939" lat="42.30609" /><trkpt lon="18.864195" lat="42.306155" /><trkpt lon="18.862789" lat="42.305764" /><trkpt lon="18.86138" lat="42.30564" /><trkpt lon="18.86033" lat="42.305076" /><trkpt lon="18.85908" lat="42.304766" /><trkpt lon="18.858535" lat="42.304477" /><trkpt lon="18.857672" lat="42.303121" /><trkpt lon="18.856507" lat="42.301787" /><trkpt lon="18.855912" lat="42.299894" /><trkpt lon="18.855557" lat="42.299536" /><trkpt lon="18.854731" lat="42.299396" /><trkpt lon="18.853568" lat="42.299869" /><trkpt lon="18.853123" lat="42.299745" /><trkpt lon="18.853126" lat="42.299409" /><trkpt lon="18.853921" lat="42.298906" /><trkpt lon="18.85438" lat="42.298062" /><trkpt lon="18.855477" lat="42.296808" /><trkpt lon="18.855975" lat="42.295586" /><trkpt lon="18.855828" lat="42.295058" /><trkpt lon="18.854661" lat="42.294366" /><trkpt lon="18.854458" lat="42.293846" /><trkpt lon="18.855353" lat="42.288726" /><trkpt lon="18.855987" lat="42.287443" /><trkpt lon="18.856939" lat="42.286092" /><trkpt lon="18.858126" lat="42.284971" /><trkpt lon="18.858678" lat="42.28481" /><trkpt lon="18.859113" lat="42.285047" /><trkpt lon="18.860024" lat="42.286528" /><trkpt lon="18.860235" lat="42.287277" /><trkpt lon="18.860515" lat="42.287562" /><trkpt lon="18.861229" lat="42.28754" /><trkpt lon="18.861987" lat="42.286597" /><trkpt lon="18.862379" lat="42.286373" /><trkpt lon="18.862891" lat="42.286454" /><trkpt lon="18.863296" lat="42.287049" /><trkpt lon="18.863535" lat="42.286945" /><trkpt lon="18.8632" lat="42.286446" /><trkpt lon="18.862157" lat="42.285871" /><trkpt lon="18.861795" lat="42.285977" /><trkpt lon="18.861349" lat="42.286483" /><trkpt lon="18.860921" lat="42.286412" /><trkpt lon="18.860463" lat="42.284983" /><trkpt lon="18.859821" lat="42.284038" /><trkpt lon="18.859544" lat="42.282944" /><trkpt lon="18.859317" lat="42.282673" /><trkpt lon="18.858788" lat="42.282617" /><trkpt lon="18.858208" lat="42.283075" /><trkpt lon="18.857457" lat="42.283381" /><trkpt lon="18.85701" lat="42.283379" /><trkpt lon="18.856947" lat="42.283168" /><trkpt lon="18.859038" lat="42.282394" /><trkpt lon="18.859626" lat="42.28251" /><trkpt lon="18.860492" lat="42.283267" /><trkpt lon="18.861144" lat="42.283555" /><trkpt lon="18.864265" lat="42.283602" /><trkpt lon="18.86511" lat="42.283367" /><trkpt lon="18.866657" lat="42.282373" /><trkpt lon="18.867743" lat="42.282078" /><trkpt lon="18.869665" lat="42.282345" /><trkpt lon="18.871416" lat="42.283464" /><trkpt lon="18.872635" lat="42.283453" /><trkpt lon="18.87432" lat="42.283129" /><trkpt lon="18.876062" lat="42.283584" /><trkpt lon="18.876734" lat="42.283249" /><trkpt lon="18.877913" lat="42.281801" /><trkpt lon="18.878273" lat="42.281584" /><trkpt lon="18.879108" lat="42.281489" /><trkpt lon="18.88106" lat="42.281826" /><trkpt lon="18.882363" lat="42.281325" /><trkpt lon="18.88232" lat="42.28104" /><trkpt lon="18.882686" lat="42.280966" /></trkseg></trk></gpx>