<?xml version="1.0" encoding="UTF-8"?>
<gpx version="1.1" creator="yatutbuv" xmlns="http://www.topografix.com/GPX/1/1">
  <trk><name>2010_Bergamo -&gt; Budapest (1,010.5km)</name><trkseg>
      <trkpt lat="45.690212" lon="9.67478"></trkpt>
      <trkpt lat="45.691128" lon="9.677551"></trkpt>
      <trkpt lat="45.691565" lon="9.680951"></trkpt>
      <trkpt lat="45.691572" lon="9.683742"></trkpt>
      <trkpt lat="45.691142" lon="9.687696"></trkpt>
      <trkpt lat="45.690632" lon="9.689533"></trkpt>
      <trkpt lat="45.682368" lon="9.714554"></trkpt>
      <trkpt lat="45.682132" lon="9.715738"></trkpt>
      <trkpt lat="45.681979" lon="9.717704"></trkpt>
      <trkpt lat="45.682053" lon="9.719532"></trkpt>
      <trkpt lat="45.682362" lon="9.721353"></trkpt>
      <trkpt lat="45.686871" lon="9.740434"></trkpt>
      <trkpt lat="45.687126" lon="9.74267"></trkpt>
      <trkpt lat="45.687081" lon="9.744158"></trkpt>
      <trkpt lat="45.686513" lon="9.747743"></trkpt>
      <trkpt lat="45.677318" lon="9.797136"></trkpt>
      <trkpt lat="45.676886" lon="9.798871"></trkpt>
      <trkpt lat="45.676428" lon="9.799986"></trkpt>
      <trkpt lat="45.675717" lon="9.801277"></trkpt>
      <trkpt lat="45.675077" lon="9.802144"></trkpt>
      <trkpt lat="45.659588" lon="9.822205"></trkpt>
      <trkpt lat="45.658891" lon="9.823692"></trkpt>
      <trkpt lat="45.64964" lon="9.849111"></trkpt>
      <trkpt lat="45.649172" lon="9.850134"></trkpt>
      <trkpt lat="45.648307" lon="9.851514"></trkpt>
      <trkpt lat="45.64688" lon="9.852986"></trkpt>
      <trkpt lat="45.618119" lon="9.874981"></trkpt>
      <trkpt lat="45.61758" lon="9.875494"></trkpt>
      <trkpt lat="45.582521" lon="9.920732"></trkpt>
      <trkpt lat="45.581853" lon="9.92185"></trkpt>
      <trkpt lat="45.581259" lon="9.923202"></trkpt>
      <trkpt lat="45.562662" lon="9.971729"></trkpt>
      <trkpt lat="45.559725" lon="9.981876"></trkpt>
      <trkpt lat="45.553641" lon="9.994742"></trkpt>
      <trkpt lat="45.552993" lon="9.996496"></trkpt>
      <trkpt lat="45.5512" lon="10.006848"></trkpt>
      <trkpt lat="45.545256" lon="10.043937"></trkpt>
      <trkpt lat="45.544909" lon="10.046241"></trkpt>
      <trkpt lat="45.544769" lon="10.048124"></trkpt>
      <trkpt lat="45.5489" lon="10.132247"></trkpt>
      <trkpt lat="45.548891" lon="10.135333"></trkpt>
      <trkpt lat="45.548759" lon="10.137168"></trkpt>
      <trkpt lat="45.548324" lon="10.140218"></trkpt>
      <trkpt lat="45.547439" lon="10.143868"></trkpt>
      <trkpt lat="45.536593" lon="10.174272"></trkpt>
      <trkpt lat="45.535816" lon="10.177028"></trkpt>
      <trkpt lat="45.53554" lon="10.179741"></trkpt>
      <trkpt lat="45.533615" lon="10.206969"></trkpt>
      <trkpt lat="45.533262" lon="10.208988"></trkpt>
      <trkpt lat="45.530264" lon="10.221086"></trkpt>
      <trkpt lat="45.529943" lon="10.223223"></trkpt>
      <trkpt lat="45.52911" lon="10.246554"></trkpt>
      <trkpt lat="45.528945" lon="10.248582"></trkpt>
      <trkpt lat="45.528642" lon="10.250451"></trkpt>
      <trkpt lat="45.527878" lon="10.253408"></trkpt>
      <trkpt lat="45.52679" lon="10.256186"></trkpt>
      <trkpt lat="45.499561" lon="10.31936"></trkpt>
      <trkpt lat="45.475463" lon="10.374931"></trkpt>
      <trkpt lat="45.474582" lon="10.377188"></trkpt>
      <trkpt lat="45.473931" lon="10.37929"></trkpt>
      <trkpt lat="45.473042" lon="10.383687"></trkpt>
      <trkpt lat="45.472808" lon="10.386019"></trkpt>
      <trkpt lat="45.47273" lon="10.388775"></trkpt>
      <trkpt lat="45.47417" lon="10.416246"></trkpt>
      <trkpt lat="45.474098" lon="10.418583"></trkpt>
      <trkpt lat="45.473891" lon="10.42006"></trkpt>
      <trkpt lat="45.47347" lon="10.421888"></trkpt>
      <trkpt lat="45.457455" lon="10.47948"></trkpt>
      <trkpt lat="45.457121" lon="10.481232"></trkpt>
      <trkpt lat="45.456917" lon="10.484014"></trkpt>
      <trkpt lat="45.457198" lon="10.486769"></trkpt>
      <trkpt lat="45.458017" lon="10.489723"></trkpt>
      <trkpt lat="45.467198" lon="10.512751"></trkpt>
      <trkpt lat="45.46771" lon="10.51435"></trkpt>
      <trkpt lat="45.468148" lon="10.516542"></trkpt>
      <trkpt lat="45.468314" lon="10.51838"></trkpt>
      <trkpt lat="45.468289" lon="10.520836"></trkpt>
      <trkpt lat="45.468035" lon="10.522877"></trkpt>
      <trkpt lat="45.467561" lon="10.524794"></trkpt>
      <trkpt lat="45.466775" lon="10.526942"></trkpt>
      <trkpt lat="45.436655" lon="10.596268"></trkpt>
      <trkpt lat="45.435876" lon="10.598713"></trkpt>
      <trkpt lat="45.435535" lon="10.600611"></trkpt>
      <trkpt lat="45.435417" lon="10.602326"></trkpt>
      <trkpt lat="45.435527" lon="10.604833"></trkpt>
      <trkpt lat="45.441847" lon="10.666157"></trkpt>
      <trkpt lat="45.442069" lon="10.669518"></trkpt>
      <trkpt lat="45.441918" lon="10.671753"></trkpt>
      <trkpt lat="45.441459" lon="10.674073"></trkpt>
      <trkpt lat="45.438238" lon="10.683827"></trkpt>
      <trkpt lat="45.43555" lon="10.690431"></trkpt>
      <trkpt lat="45.435105" lon="10.69248"></trkpt>
      <trkpt lat="45.435015" lon="10.694629"></trkpt>
      <trkpt lat="45.435321" lon="10.696963"></trkpt>
      <trkpt lat="45.436037" lon="10.69908"></trkpt>
      <trkpt lat="45.437096" lon="10.700808"></trkpt>
      <trkpt lat="45.440293" lon="10.705112"></trkpt>
      <trkpt lat="45.441011" lon="10.706447"></trkpt>
      <trkpt lat="45.441573" lon="10.707983"></trkpt>
      <trkpt lat="45.44184" lon="10.709063"></trkpt>
      <trkpt lat="45.442123" lon="10.711223"></trkpt>
      <trkpt lat="45.442161" lon="10.712746"></trkpt>
      <trkpt lat="45.441852" lon="10.715008"></trkpt>
      <trkpt lat="45.430511" lon="10.759508"></trkpt>
      <trkpt lat="45.42414" lon="10.796317"></trkpt>
      <trkpt lat="45.421577" lon="10.813946"></trkpt>
      <trkpt lat="45.421305" lon="10.816756"></trkpt>
      <trkpt lat="45.421366" lon="10.818815"></trkpt>
      <trkpt lat="45.421602" lon="10.82124"></trkpt>
      <trkpt lat="45.423149" lon="10.828908"></trkpt>
      <trkpt lat="45.424441" lon="10.834567"></trkpt>
      <trkpt lat="45.427037" lon="10.84827"></trkpt>
      <trkpt lat="45.427378" lon="10.851386"></trkpt>
      <trkpt lat="45.427452" lon="10.854586"></trkpt>
      <trkpt lat="45.427348" lon="10.885099"></trkpt>
      <trkpt lat="45.426986" lon="10.95751"></trkpt>
      <trkpt lat="45.42674" lon="10.960845"></trkpt>
      <trkpt lat="45.425793" lon="10.965656"></trkpt>
      <trkpt lat="45.425637" lon="10.967838"></trkpt>
      <trkpt lat="45.425854" lon="10.969809"></trkpt>
      <trkpt lat="45.42717" lon="10.975726"></trkpt>
      <trkpt lat="45.42757" lon="10.978279"></trkpt>
      <trkpt lat="45.429176" lon="10.986268"></trkpt>
      <trkpt lat="45.429303" lon="10.98908"></trkpt>
      <trkpt lat="45.42916" lon="10.990466"></trkpt>
      <trkpt lat="45.428793" lon="10.991757"></trkpt>
      <trkpt lat="45.42629" lon="10.997293"></trkpt>
      <trkpt lat="45.425986" lon="10.998741"></trkpt>
      <trkpt lat="45.425981" lon="11.000064"></trkpt>
      <trkpt lat="45.426219" lon="11.001332"></trkpt>
      <trkpt lat="45.426896" lon="11.002798"></trkpt>
      <trkpt lat="45.433207" lon="11.009894"></trkpt>
      <trkpt lat="45.433843" lon="11.010816"></trkpt>
      <trkpt lat="45.434364" lon="11.011961"></trkpt>
      <trkpt lat="45.43473" lon="11.013383"></trkpt>
      <trkpt lat="45.436498" lon="11.025668"></trkpt>
      <trkpt lat="45.436633" lon="11.026927"></trkpt>
      <trkpt lat="45.436627" lon="11.028515"></trkpt>
      <trkpt lat="45.436414" lon="11.030138"></trkpt>
      <trkpt lat="45.434989" lon="11.037452"></trkpt>
      <trkpt lat="45.434123" lon="11.040177"></trkpt>
      <trkpt lat="45.433231" lon="11.04192"></trkpt>
      <trkpt lat="45.432211" lon="11.043373"></trkpt>
      <trkpt lat="45.431428" lon="11.0442"></trkpt>
      <trkpt lat="45.428971" lon="11.046262"></trkpt>
      <trkpt lat="45.427716" lon="11.047887"></trkpt>
      <trkpt lat="45.427049" lon="11.049103"></trkpt>
      <trkpt lat="45.426438" lon="11.050628"></trkpt>
      <trkpt lat="45.42599" lon="11.052725"></trkpt>
      <trkpt lat="45.424731" lon="11.062287"></trkpt>
      <trkpt lat="45.418256" lon="11.11666"></trkpt>
      <trkpt lat="45.414264" lon="11.163006"></trkpt>
      <trkpt lat="45.413654" lon="11.187916"></trkpt>
      <trkpt lat="45.413457" lon="11.190772"></trkpt>
      <trkpt lat="45.40186" lon="11.254455"></trkpt>
      <trkpt lat="45.401624" lon="11.256762"></trkpt>
      <trkpt lat="45.401483" lon="11.260962"></trkpt>
      <trkpt lat="45.40148" lon="11.262787"></trkpt>
      <trkpt lat="45.401647" lon="11.265007"></trkpt>
      <trkpt lat="45.40272" lon="11.273608"></trkpt>
      <trkpt lat="45.409945" lon="11.336928"></trkpt>
      <trkpt lat="45.410528" lon="11.339804"></trkpt>
      <trkpt lat="45.411535" lon="11.34242"></trkpt>
      <trkpt lat="45.412536" lon="11.34414"></trkpt>
      <trkpt lat="45.413428" lon="11.345246"></trkpt>
      <trkpt lat="45.451813" lon="11.389775"></trkpt>
      <trkpt lat="45.452928" lon="11.391639"></trkpt>
      <trkpt lat="45.453512" lon="11.393037"></trkpt>
      <trkpt lat="45.456344" lon="11.402399"></trkpt>
      <trkpt lat="45.457396" lon="11.405213"></trkpt>
      <trkpt lat="45.458506" lon="11.407402"></trkpt>
      <trkpt lat="45.460333" lon="11.410385"></trkpt>
      <trkpt lat="45.462146" lon="11.412665"></trkpt>
      <trkpt lat="45.464352" lon="11.414816"></trkpt>
      <trkpt lat="45.46703" lon="11.416958"></trkpt>
      <trkpt lat="45.478158" lon="11.424494"></trkpt>
      <trkpt lat="45.479521" lon="11.425529"></trkpt>
      <trkpt lat="45.4856" lon="11.431229"></trkpt>
      <trkpt lat="45.488267" lon="11.434043"></trkpt>
      <trkpt lat="45.495804" lon="11.441181"></trkpt>
      <trkpt lat="45.509421" lon="11.451925"></trkpt>
      <trkpt lat="45.510761" lon="11.453244"></trkpt>
      <trkpt lat="45.511931" lon="11.454936"></trkpt>
      <trkpt lat="45.512619" lon="11.456334"></trkpt>
      <trkpt lat="45.513214" lon="11.457957"></trkpt>
      <trkpt lat="45.521912" lon="11.48775"></trkpt>
      <trkpt lat="45.522503" lon="11.489457"></trkpt>
      <trkpt lat="45.523369" lon="11.491289"></trkpt>
      <trkpt lat="45.539417" lon="11.521939"></trkpt>
      <trkpt lat="45.540227" lon="11.524039"></trkpt>
      <trkpt lat="45.540661" lon="11.526262"></trkpt>
      <trkpt lat="45.540971" lon="11.531946"></trkpt>
      <trkpt lat="45.540828" lon="11.535775"></trkpt>
      <trkpt lat="45.540803" lon="11.541616"></trkpt>
      <trkpt lat="45.541047" lon="11.545069"></trkpt>
      <trkpt lat="45.541041" lon="11.551719"></trkpt>
      <trkpt lat="45.542164" lon="11.561633"></trkpt>
      <trkpt lat="45.542281" lon="11.563558"></trkpt>
      <trkpt lat="45.542158" lon="11.565849"></trkpt>
      <trkpt lat="45.541828" lon="11.567791"></trkpt>
      <trkpt lat="45.53568" lon="11.595428"></trkpt>
      <trkpt lat="45.534964" lon="11.597697"></trkpt>
      <trkpt lat="45.510196" lon="11.655429"></trkpt>
      <trkpt lat="45.490781" lon="11.701276"></trkpt>
      <trkpt lat="45.485277" lon="11.712791"></trkpt>
      <trkpt lat="45.48072" lon="11.722991"></trkpt>
      <trkpt lat="45.460751" lon="11.765784"></trkpt>
      <trkpt lat="45.440435" lon="11.823669"></trkpt>
      <trkpt lat="45.419129" lon="11.874056"></trkpt>
      <trkpt lat="45.418565" lon="11.87618"></trkpt>
      <trkpt lat="45.418477" lon="11.87761"></trkpt>
      <trkpt lat="45.417547" lon="11.883559"></trkpt>
      <trkpt lat="45.417404" lon="11.886214"></trkpt>
      <trkpt lat="45.41778" lon="11.889069"></trkpt>
      <trkpt lat="45.420283" lon="11.902268"></trkpt>
      <trkpt lat="45.42229" lon="11.911781"></trkpt>
      <trkpt lat="45.423962" lon="11.920993"></trkpt>
      <trkpt lat="45.441416" lon="12.011427"></trkpt>
      <trkpt lat="45.460908" lon="12.109356"></trkpt>
      <trkpt lat="45.471448" lon="12.15843"></trkpt>
      <trkpt lat="45.475281" lon="12.176887"></trkpt>
      <trkpt lat="45.477258" lon="12.185503"></trkpt>
      <trkpt lat="45.479079" lon="12.194464"></trkpt>
      <trkpt lat="45.481275" lon="12.203904"></trkpt>
      <trkpt lat="45.48279" lon="12.211174"></trkpt>
      <trkpt lat="45.483435" lon="12.215578"></trkpt>
      <trkpt lat="45.483782" lon="12.220378"></trkpt>
      <trkpt lat="45.483801" lon="12.221978"></trkpt>
      <trkpt lat="45.483534" lon="12.224232"></trkpt>
      <trkpt lat="45.481497" lon="12.231741"></trkpt>
      <trkpt lat="45.479659" lon="12.240768"></trkpt>
      <trkpt lat="45.478108" lon="12.246681"></trkpt>
      <trkpt lat="45.4773" lon="12.24871"></trkpt>
      <trkpt lat="45.476617" lon="12.250085"></trkpt>
      <trkpt lat="45.473049" lon="12.25499"></trkpt>
      <trkpt lat="45.47232" lon="12.25628"></trkpt>
      <trkpt lat="45.47147" lon="12.258173"></trkpt>
      <trkpt lat="45.470523" lon="12.261303"></trkpt>
      <trkpt lat="45.469144" lon="12.268687"></trkpt>
      <trkpt lat="45.468318" lon="12.271543"></trkpt>
      <trkpt lat="45.467262" lon="12.274378"></trkpt>
      <trkpt lat="45.464727" lon="12.279482"></trkpt>
      <trkpt lat="45.449154" lon="12.307149"></trkpt>
      <trkpt lat="45.448669" lon="12.308179"></trkpt>
      <trkpt lat="45.44609" lon="12.312736"></trkpt>
      <trkpt lat="45.444093" lon="12.316717"></trkpt>
      <trkpt lat="45.441664" lon="12.321005"></trkpt>
      <trkpt lat="45.444093" lon="12.316717"></trkpt>
      <trkpt lat="45.444812" lon="12.315182"></trkpt>
      <trkpt lat="45.464334" lon="12.280491"></trkpt>
      <trkpt lat="45.467159" lon="12.274933"></trkpt>
      <trkpt lat="45.468128" lon="12.272482"></trkpt>
      <trkpt lat="45.469108" lon="12.269296"></trkpt>
      <trkpt lat="45.469632" lon="12.266974"></trkpt>
      <trkpt lat="45.470635" lon="12.261349"></trkpt>
      <trkpt lat="45.47175" lon="12.257884"></trkpt>
      <trkpt lat="45.472646" lon="12.256007"></trkpt>
      <trkpt lat="45.473387" lon="12.254766"></trkpt>
      <trkpt lat="45.475868" lon="12.25155"></trkpt>
      <trkpt lat="45.476825" lon="12.250141"></trkpt>
      <trkpt lat="45.477655" lon="12.24867"></trkpt>
      <trkpt lat="45.478572" lon="12.246625"></trkpt>
      <trkpt lat="45.479142" lon="12.244742"></trkpt>
      <trkpt lat="45.483315" lon="12.227812"></trkpt>
      <trkpt lat="45.483907" lon="12.226078"></trkpt>
      <trkpt lat="45.485047" lon="12.224364"></trkpt>
      <trkpt lat="45.485987" lon="12.223675"></trkpt>
      <trkpt lat="45.48762" lon="12.223178"></trkpt>
      <trkpt lat="45.489104" lon="12.222922"></trkpt>
      <trkpt lat="45.489573" lon="12.222935"></trkpt>
      <trkpt lat="45.490152" lon="12.223112"></trkpt>
      <trkpt lat="45.49078" lon="12.223544"></trkpt>
      <trkpt lat="45.491221" lon="12.224055"></trkpt>
      <trkpt lat="45.495193" lon="12.230874"></trkpt>
      <trkpt lat="45.49954" lon="12.23733"></trkpt>
      <trkpt lat="45.508936" lon="12.250825"></trkpt>
      <trkpt lat="45.511155" lon="12.254338"></trkpt>
      <trkpt lat="45.542554" lon="12.309731"></trkpt>
      <trkpt lat="45.575043" lon="12.36572"></trkpt>
      <trkpt lat="45.581464" lon="12.377162"></trkpt>
      <trkpt lat="45.589112" lon="12.396165"></trkpt>
      <trkpt lat="45.611602" lon="12.44997"></trkpt>
      <trkpt lat="45.615366" lon="12.459994"></trkpt>
      <trkpt lat="45.616073" lon="12.462762"></trkpt>
      <trkpt lat="45.621838" lon="12.488892"></trkpt>
      <trkpt lat="45.633293" lon="12.545233"></trkpt>
      <trkpt lat="45.633899" lon="12.547603"></trkpt>
      <trkpt lat="45.634822" lon="12.550093"></trkpt>
      <trkpt lat="45.641882" lon="12.563806"></trkpt>
      <trkpt lat="45.642862" lon="12.565479"></trkpt>
      <trkpt lat="45.685845" lon="12.630385"></trkpt>
      <trkpt lat="45.71798" lon="12.676859"></trkpt>
      <trkpt lat="45.719568" lon="12.679422"></trkpt>
      <trkpt lat="45.720606" lon="12.681672"></trkpt>
      <trkpt lat="45.726502" lon="12.696841"></trkpt>
      <trkpt lat="45.773608" lon="12.813083"></trkpt>
      <trkpt lat="45.783851" lon="12.838721"></trkpt>
      <trkpt lat="45.784436" lon="12.841133"></trkpt>
      <trkpt lat="45.78458" lon="12.843428"></trkpt>
      <trkpt lat="45.78339" lon="12.855487"></trkpt>
      <trkpt lat="45.783218" lon="12.858617"></trkpt>
      <trkpt lat="45.783534" lon="12.94105"></trkpt>
      <trkpt lat="45.783476" lon="12.945626"></trkpt>
      <trkpt lat="45.783025" lon="12.948493"></trkpt>
      <trkpt lat="45.77201" lon="12.988501"></trkpt>
      <trkpt lat="45.771627" lon="12.990649"></trkpt>
      <trkpt lat="45.771554" lon="12.991993"></trkpt>
      <trkpt lat="45.771628" lon="12.993283"></trkpt>
      <trkpt lat="45.772464" lon="12.998354"></trkpt>
      <trkpt lat="45.772849" lon="12.999296"></trkpt>
      <trkpt lat="45.773253" lon="12.999873"></trkpt>
      <trkpt lat="45.773852" lon="13.00042"></trkpt>
      <trkpt lat="45.77445" lon="13.000708"></trkpt>
      <trkpt lat="45.776315" lon="13.000946"></trkpt>
      <trkpt lat="45.780262" lon="13.001767"></trkpt>
      <trkpt lat="45.780992" lon="13.002064"></trkpt>
      <trkpt lat="45.781748" lon="13.002598"></trkpt>
      <trkpt lat="45.7824" lon="13.003289"></trkpt>
      <trkpt lat="45.783182" lon="13.004373"></trkpt>
      <trkpt lat="45.785922" lon="13.008877"></trkpt>
      <trkpt lat="45.786643" lon="13.010265"></trkpt>
      <trkpt lat="45.787223" lon="13.011814"></trkpt>
      <trkpt lat="45.787719" lon="13.013801"></trkpt>
      <trkpt lat="45.799097" lon="13.068539"></trkpt>
      <trkpt lat="45.828641" lon="13.175156"></trkpt>
      <trkpt lat="45.829156" lon="13.177191"></trkpt>
      <trkpt lat="45.829414" lon="13.178767"></trkpt>
      <trkpt lat="45.829563" lon="13.181807"></trkpt>
      <trkpt lat="45.828916" lon="13.223485"></trkpt>
      <trkpt lat="45.828642" lon="13.225999"></trkpt>
      <trkpt lat="45.827457" lon="13.231244"></trkpt>
      <trkpt lat="45.827145" lon="13.234295"></trkpt>
      <trkpt lat="45.827221" lon="13.24267"></trkpt>
      <trkpt lat="45.827692" lon="13.247854"></trkpt>
      <trkpt lat="45.827729" lon="13.249845"></trkpt>
      <trkpt lat="45.826257" lon="13.267088"></trkpt>
      <trkpt lat="45.825957" lon="13.285429"></trkpt>
      <trkpt lat="45.825247" lon="13.310868"></trkpt>
      <trkpt lat="45.825317" lon="13.313008"></trkpt>
      <trkpt lat="45.82559" lon="13.315404"></trkpt>
      <trkpt lat="45.827005" lon="13.322323"></trkpt>
      <trkpt lat="45.827166" lon="13.324343"></trkpt>
      <trkpt lat="45.827131" lon="13.326454"></trkpt>
      <trkpt lat="45.826802" lon="13.328918"></trkpt>
      <trkpt lat="45.824218" lon="13.341937"></trkpt>
      <trkpt lat="45.823171" lon="13.346808"></trkpt>
      <trkpt lat="45.821707" lon="13.352774"></trkpt>
      <trkpt lat="45.817315" lon="13.373568"></trkpt>
      <trkpt lat="45.809018" lon="13.418209"></trkpt>
      <trkpt lat="45.808687" lon="13.421287"></trkpt>
      <trkpt lat="45.808842" lon="13.424463"></trkpt>
      <trkpt lat="45.809864" lon="13.432365"></trkpt>
      <trkpt lat="45.810194" lon="13.433998"></trkpt>
      <trkpt lat="45.811061" lon="13.436606"></trkpt>
      <trkpt lat="45.81471" lon="13.445038"></trkpt>
      <trkpt lat="45.815194" lon="13.446701"></trkpt>
      <trkpt lat="45.815503" lon="13.448726"></trkpt>
      <trkpt lat="45.815712" lon="13.457276"></trkpt>
      <trkpt lat="45.819085" lon="13.515788"></trkpt>
      <trkpt lat="45.818929" lon="13.517901"></trkpt>
      <trkpt lat="45.818502" lon="13.519294"></trkpt>
      <trkpt lat="45.817897" lon="13.520394"></trkpt>
      <trkpt lat="45.817195" lon="13.521234"></trkpt>
      <trkpt lat="45.815666" lon="13.522653"></trkpt>
      <trkpt lat="45.814776" lon="13.52403"></trkpt>
      <trkpt lat="45.81332" lon="13.528444"></trkpt>
      <trkpt lat="45.812367" lon="13.531801"></trkpt>
      <trkpt lat="45.811881" lon="13.532849"></trkpt>
      <trkpt lat="45.810429" lon="13.535102"></trkpt>
      <trkpt lat="45.809152" lon="13.538276"></trkpt>
      <trkpt lat="45.807943" lon="13.54199"></trkpt>
      <trkpt lat="45.805732" lon="13.552563"></trkpt>
      <trkpt lat="45.805341" lon="13.553605"></trkpt>
      <trkpt lat="45.803979" lon="13.55646"></trkpt>
      <trkpt lat="45.803599" lon="13.557549"></trkpt>
      <trkpt lat="45.8029" lon="13.561884"></trkpt>
      <trkpt lat="45.802367" lon="13.566078"></trkpt>
      <trkpt lat="45.802418" lon="13.567222"></trkpt>
      <trkpt lat="45.802818" lon="13.569569"></trkpt>
      <trkpt lat="45.802903" lon="13.570712"></trkpt>
      <trkpt lat="45.802583" lon="13.57442"></trkpt>
      <trkpt lat="45.802622" lon="13.575578"></trkpt>
      <trkpt lat="45.803606" lon="13.579782"></trkpt>
      <trkpt lat="45.803815" lon="13.581253"></trkpt>
      <trkpt lat="45.803693" lon="13.583167"></trkpt>
      <trkpt lat="45.803102" lon="13.584993"></trkpt>
      <trkpt lat="45.802402" lon="13.586091"></trkpt>
      <trkpt lat="45.801547" lon="13.586872"></trkpt>
      <trkpt lat="45.796746" lon="13.589298"></trkpt>
      <trkpt lat="45.796066" lon="13.589763"></trkpt>
      <trkpt lat="45.79503" lon="13.59098"></trkpt>
      <trkpt lat="45.793429" lon="13.594099"></trkpt>
      <trkpt lat="45.792957" lon="13.594688"></trkpt>
      <trkpt lat="45.792262" lon="13.595302"></trkpt>
      <trkpt lat="45.789756" lon="13.597004"></trkpt>
      <trkpt lat="45.788748" lon="13.59729"></trkpt>
      <trkpt lat="45.786669" lon="13.597388"></trkpt>
      <trkpt lat="45.785725" lon="13.597761"></trkpt>
      <trkpt lat="45.785011" lon="13.598283"></trkpt>
      <trkpt lat="45.781302" lon="13.601871"></trkpt>
      <trkpt lat="45.779601" lon="13.604587"></trkpt>
      <trkpt lat="45.778978" lon="13.6061"></trkpt>
      <trkpt lat="45.777818" lon="13.609718"></trkpt>
      <trkpt lat="45.777546" lon="13.611291"></trkpt>
      <trkpt lat="45.777554" lon="13.612728"></trkpt>
      <trkpt lat="45.778169" lon="13.617017"></trkpt>
      <trkpt lat="45.777825" lon="13.623027"></trkpt>
      <trkpt lat="45.77745" lon="13.62451"></trkpt>
      <trkpt lat="45.77654" lon="13.626781"></trkpt>
      <trkpt lat="45.776195" lon="13.628599"></trkpt>
      <trkpt lat="45.776258" lon="13.630693"></trkpt>
      <trkpt lat="45.777545" lon="13.637274"></trkpt>
      <trkpt lat="45.777734" lon="13.638735"></trkpt>
      <trkpt lat="45.77756" lon="13.641017"></trkpt>
      <trkpt lat="45.776884" lon="13.64294"></trkpt>
      <trkpt lat="45.776399" lon="13.643751"></trkpt>
      <trkpt lat="45.770501" lon="13.651686"></trkpt>
      <trkpt lat="45.769984" lon="13.652272"></trkpt>
      <trkpt lat="45.769222" lon="13.652872"></trkpt>
      <trkpt lat="45.767904" lon="13.65336"></trkpt>
      <trkpt lat="45.766594" lon="13.653272"></trkpt>
      <trkpt lat="45.765922" lon="13.653003"></trkpt>
      <trkpt lat="45.761703" lon="13.650647"></trkpt>
      <trkpt lat="45.760789" lon="13.650388"></trkpt>
      <trkpt lat="45.759724" lon="13.650468"></trkpt>
      <trkpt lat="45.758129" lon="13.65117"></trkpt>
      <trkpt lat="45.757153" lon="13.651971"></trkpt>
      <trkpt lat="45.752937" lon="13.657511"></trkpt>
      <trkpt lat="45.752369" lon="13.658663"></trkpt>
      <trkpt lat="45.751975" lon="13.660009"></trkpt>
      <trkpt lat="45.751809" lon="13.661519"></trkpt>
      <trkpt lat="45.751878" lon="13.662931"></trkpt>
      <trkpt lat="45.75223" lon="13.664519"></trkpt>
      <trkpt lat="45.757349" lon="13.679039"></trkpt>
      <trkpt lat="45.757518" lon="13.68042"></trkpt>
      <trkpt lat="45.757477" lon="13.681695"></trkpt>
      <trkpt lat="45.757225" lon="13.683039"></trkpt>
      <trkpt lat="45.756699" lon="13.68448"></trkpt>
      <trkpt lat="45.75603" lon="13.685481"></trkpt>
      <trkpt lat="45.753134" lon="13.688636"></trkpt>
      <trkpt lat="45.751216" lon="13.691048"></trkpt>
      <trkpt lat="45.750682" lon="13.692111"></trkpt>
      <trkpt lat="45.749455" lon="13.696097"></trkpt>
      <trkpt lat="45.748805" lon="13.697252"></trkpt>
      <trkpt lat="45.748003" lon="13.697881"></trkpt>
      <trkpt lat="45.745135" lon="13.69899"></trkpt>
      <trkpt lat="45.744562" lon="13.699429"></trkpt>
      <trkpt lat="45.744132" lon="13.699929"></trkpt>
      <trkpt lat="45.743496" lon="13.701223"></trkpt>
      <trkpt lat="45.742655" lon="13.704449"></trkpt>
      <trkpt lat="45.741896" lon="13.705584"></trkpt>
      <trkpt lat="45.736176" lon="13.710445"></trkpt>
      <trkpt lat="45.735473" lon="13.710757"></trkpt>
      <trkpt lat="45.730521" lon="13.712288"></trkpt>
      <trkpt lat="45.72964" lon="13.712875"></trkpt>
      <trkpt lat="45.728864" lon="13.71375"></trkpt>
      <trkpt lat="45.728293" lon="13.714757"></trkpt>
      <trkpt lat="45.727898" lon="13.715872"></trkpt>
      <trkpt lat="45.727667" lon="13.717104"></trkpt>
      <trkpt lat="45.727626" lon="13.718476"></trkpt>
      <trkpt lat="45.727775" lon="13.719678"></trkpt>
      <trkpt lat="45.728134" lon="13.720934"></trkpt>
      <trkpt lat="45.730094" lon="13.724794"></trkpt>
      <trkpt lat="45.730609" lon="13.726448"></trkpt>
      <trkpt lat="45.730723" lon="13.727886"></trkpt>
      <trkpt lat="45.730638" lon="13.728909"></trkpt>
      <trkpt lat="45.730389" lon="13.729981"></trkpt>
      <trkpt lat="45.729885" lon="13.731146"></trkpt>
      <trkpt lat="45.729374" lon="13.731893"></trkpt>
      <trkpt lat="45.723236" lon="13.739287"></trkpt>
      <trkpt lat="45.722628" lon="13.74055"></trkpt>
      <trkpt lat="45.721007" lon="13.745945"></trkpt>
      <trkpt lat="45.718033" lon="13.750197"></trkpt>
      <trkpt lat="45.715752" lon="13.754876"></trkpt>
      <trkpt lat="45.711935" lon="13.76074"></trkpt>
      <trkpt lat="45.711403" lon="13.761354"></trkpt>
      <trkpt lat="45.710744" lon="13.761756"></trkpt>
      <trkpt lat="45.705951" lon="13.762522"></trkpt>
      <trkpt lat="45.705118" lon="13.762874"></trkpt>
      <trkpt lat="45.704271" lon="13.76355"></trkpt>
      <trkpt lat="45.703424" lon="13.764716"></trkpt>
      <trkpt lat="45.70285" lon="13.766153"></trkpt>
      <trkpt lat="45.702603" lon="13.767449"></trkpt>
      <trkpt lat="45.702347" lon="13.770663"></trkpt>
      <trkpt lat="45.701979" lon="13.771987"></trkpt>
      <trkpt lat="45.701367" lon="13.773202"></trkpt>
      <trkpt lat="45.700503" lon="13.774214"></trkpt>
      <trkpt lat="45.699418" lon="13.774882"></trkpt>
      <trkpt lat="45.698673" lon="13.775078"></trkpt>
      <trkpt lat="45.696597" lon="13.775146"></trkpt>
      <trkpt lat="45.695915" lon="13.775365"></trkpt>
      <trkpt lat="45.695036" lon="13.775955"></trkpt>
      <trkpt lat="45.694204" lon="13.776896"></trkpt>
      <trkpt lat="45.692705" lon="13.779248"></trkpt>
      <trkpt lat="45.692373" lon="13.780006"></trkpt>
      <trkpt lat="45.692039" lon="13.781263"></trkpt>
      <trkpt lat="45.691933" lon="13.783309"></trkpt>
      <trkpt lat="45.692327" lon="13.785325"></trkpt>
      <trkpt lat="45.695494" lon="13.793733"></trkpt>
      <trkpt lat="45.699249" lon="13.803093"></trkpt>
      <trkpt lat="45.699494" lon="13.804517"></trkpt>
      <trkpt lat="45.699475" lon="13.805436"></trkpt>
      <trkpt lat="45.699306" lon="13.806406"></trkpt>
      <trkpt lat="45.699013" lon="13.807267"></trkpt>
      <trkpt lat="45.697706" lon="13.809664"></trkpt>
      <trkpt lat="45.697354" lon="13.810667"></trkpt>
      <trkpt lat="45.697229" lon="13.811604"></trkpt>
      <trkpt lat="45.697286" lon="13.814146"></trkpt>
      <trkpt lat="45.697199" lon="13.815677"></trkpt>
      <trkpt lat="45.69623" lon="13.819136"></trkpt>
      <trkpt lat="45.695629" lon="13.820143"></trkpt>
      <trkpt lat="45.693882" lon="13.82237"></trkpt>
      <trkpt lat="45.693469" lon="13.823444"></trkpt>
      <trkpt lat="45.692818" lon="13.82606"></trkpt>
      <trkpt lat="45.692571" lon="13.826743"></trkpt>
      <trkpt lat="45.692149" lon="13.827405"></trkpt>
      <trkpt lat="45.691387" lon="13.82808"></trkpt>
      <trkpt lat="45.689287" lon="13.829043"></trkpt>
      <trkpt lat="45.688626" lon="13.829656"></trkpt>
      <trkpt lat="45.688133" lon="13.830413"></trkpt>
      <trkpt lat="45.68761" lon="13.832067"></trkpt>
      <trkpt lat="45.687528" lon="13.833056"></trkpt>
      <trkpt lat="45.687624" lon="13.834087"></trkpt>
      <trkpt lat="45.688137" lon="13.83573"></trkpt>
      <trkpt lat="45.688487" lon="13.836289"></trkpt>
      <trkpt lat="45.689027" lon="13.836836"></trkpt>
      <trkpt lat="45.689968" lon="13.837347"></trkpt>
      <trkpt lat="45.693734" lon="13.838308"></trkpt>
      <trkpt lat="45.694578" lon="13.838921"></trkpt>
      <trkpt lat="45.695153" lon="13.839728"></trkpt>
      <trkpt lat="45.695406" lon="13.840313"></trkpt>
      <trkpt lat="45.695644" lon="13.841374"></trkpt>
      <trkpt lat="45.695674" lon="13.842393"></trkpt>
      <trkpt lat="45.695419" lon="13.845314"></trkpt>
      <trkpt lat="45.695509" lon="13.846263"></trkpt>
      <trkpt lat="45.695724" lon="13.847005"></trkpt>
      <trkpt lat="45.69834" lon="13.852626"></trkpt>
      <trkpt lat="45.699152" lon="13.853469"></trkpt>
      <trkpt lat="45.700941" lon="13.854758"></trkpt>
      <trkpt lat="45.701332" lon="13.855251"></trkpt>
      <trkpt lat="45.701779" lon="13.856099"></trkpt>
      <trkpt lat="45.702947" lon="13.860892"></trkpt>
      <trkpt lat="45.703203" lon="13.864764"></trkpt>
      <trkpt lat="45.703962" lon="13.86697"></trkpt>
      <trkpt lat="45.704336" lon="13.869895"></trkpt>
      <trkpt lat="45.704758" lon="13.870887"></trkpt>
      <trkpt lat="45.705424" lon="13.871733"></trkpt>
      <trkpt lat="45.708129" lon="13.873534"></trkpt>
      <trkpt lat="45.708947" lon="13.874536"></trkpt>
      <trkpt lat="45.710796" lon="13.880795"></trkpt>
      <trkpt lat="45.711007" lon="13.881991"></trkpt>
      <trkpt lat="45.711049" lon="13.883204"></trkpt>
      <trkpt lat="45.710473" lon="13.890246"></trkpt>
      <trkpt lat="45.710207" lon="13.891461"></trkpt>
      <trkpt lat="45.709624" lon="13.89312"></trkpt>
      <trkpt lat="45.706716" lon="13.898478"></trkpt>
      <trkpt lat="45.705907" lon="13.899242"></trkpt>
      <trkpt lat="45.704556" lon="13.899784"></trkpt>
      <trkpt lat="45.704041" lon="13.900177"></trkpt>
      <trkpt lat="45.703355" lon="13.901144"></trkpt>
      <trkpt lat="45.703025" lon="13.90212"></trkpt>
      <trkpt lat="45.702892" lon="13.90319"></trkpt>
      <trkpt lat="45.702991" lon="13.904282"></trkpt>
      <trkpt lat="45.703932" lon="13.906664"></trkpt>
      <trkpt lat="45.704143" lon="13.907971"></trkpt>
      <trkpt lat="45.703448" lon="13.913836"></trkpt>
      <trkpt lat="45.70349" lon="13.915195"></trkpt>
      <trkpt lat="45.70375" lon="13.917368"></trkpt>
      <trkpt lat="45.70369" lon="13.919036"></trkpt>
      <trkpt lat="45.703249" lon="13.920786"></trkpt>
      <trkpt lat="45.699164" lon="13.930927"></trkpt>
      <trkpt lat="45.698542" lon="13.932745"></trkpt>
      <trkpt lat="45.696795" lon="13.942235"></trkpt>
      <trkpt lat="45.696474" lon="13.943382"></trkpt>
      <trkpt lat="45.695838" lon="13.944577"></trkpt>
      <trkpt lat="45.695098" lon="13.945411"></trkpt>
      <trkpt lat="45.694324" lon="13.945919"></trkpt>
      <trkpt lat="45.691972" lon="13.94702"></trkpt>
      <trkpt lat="45.691438" lon="13.947524"></trkpt>
      <trkpt lat="45.690981" lon="13.948188"></trkpt>
      <trkpt lat="45.687106" lon="13.958039"></trkpt>
      <trkpt lat="45.686399" lon="13.959608"></trkpt>
      <trkpt lat="45.685952" lon="13.960204"></trkpt>
      <trkpt lat="45.685359" lon="13.960711"></trkpt>
      <trkpt lat="45.683183" lon="13.961836"></trkpt>
      <trkpt lat="45.682571" lon="13.96245"></trkpt>
      <trkpt lat="45.682178" lon="13.963086"></trkpt>
      <trkpt lat="45.681743" lon="13.964319"></trkpt>
      <trkpt lat="45.680518" lon="13.969361"></trkpt>
      <trkpt lat="45.680515" lon="13.970869"></trkpt>
      <trkpt lat="45.681933" lon="13.982909"></trkpt>
      <trkpt lat="45.682112" lon="13.983908"></trkpt>
      <trkpt lat="45.682528" lon="13.984933"></trkpt>
      <trkpt lat="45.683184" lon="13.985746"></trkpt>
      <trkpt lat="45.683676" lon="13.986069"></trkpt>
      <trkpt lat="45.684158" lon="13.986228"></trkpt>
      <trkpt lat="45.68492" lon="13.986215"></trkpt>
      <trkpt lat="45.687869" lon="13.985624"></trkpt>
      <trkpt lat="45.688526" lon="13.985618"></trkpt>
      <trkpt lat="45.689387" lon="13.985957"></trkpt>
      <trkpt lat="45.689942" lon="13.986408"></trkpt>
      <trkpt lat="45.693071" lon="13.98964"></trkpt>
      <trkpt lat="45.693789" lon="13.990515"></trkpt>
      <trkpt lat="45.694333" lon="13.991466"></trkpt>
      <trkpt lat="45.69467" lon="13.992644"></trkpt>
      <trkpt lat="45.69468" lon="13.993768"></trkpt>
      <trkpt lat="45.694541" lon="13.994608"></trkpt>
      <trkpt lat="45.689931" lon="14.010972"></trkpt>
      <trkpt lat="45.689275" lon="14.012509"></trkpt>
      <trkpt lat="45.688495" lon="14.013482"></trkpt>
      <trkpt lat="45.68779" lon="14.013994"></trkpt>
      <trkpt lat="45.685764" lon="14.015091"></trkpt>
      <trkpt lat="45.684973" lon="14.015771"></trkpt>
      <trkpt lat="45.684324" lon="14.016659"></trkpt>
      <trkpt lat="45.682554" lon="14.019648"></trkpt>
      <trkpt lat="45.68178" lon="14.020403"></trkpt>
      <trkpt lat="45.681255" lon="14.020638"></trkpt>
      <trkpt lat="45.680471" lon="14.020709"></trkpt>
      <trkpt lat="45.675688" lon="14.019618"></trkpt>
      <trkpt lat="45.674843" lon="14.019769"></trkpt>
      <trkpt lat="45.674105" lon="14.02024"></trkpt>
      <trkpt lat="45.66729" lon="14.026156"></trkpt>
      <trkpt lat="45.666676" lon="14.02709"></trkpt>
      <trkpt lat="45.665993" lon="14.028719"></trkpt>
      <trkpt lat="45.664751" lon="14.030413"></trkpt>
      <trkpt lat="45.664293" lon="14.031786"></trkpt>
      <trkpt lat="45.664219" lon="14.033005"></trkpt>
      <trkpt lat="45.664541" lon="14.034634"></trkpt>
      <trkpt lat="45.665058" lon="14.035636"></trkpt>
      <trkpt lat="45.667052" lon="14.038198"></trkpt>
      <trkpt lat="45.667592" lon="14.039633"></trkpt>
      <trkpt lat="45.669945" lon="14.059243"></trkpt>
      <trkpt lat="45.669814" lon="14.06045"></trkpt>
      <trkpt lat="45.66952" lon="14.061667"></trkpt>
      <trkpt lat="45.668872" lon="14.06291"></trkpt>
      <trkpt lat="45.667951" lon="14.063608"></trkpt>
      <trkpt lat="45.665482" lon="14.064337"></trkpt>
      <trkpt lat="45.664995" lon="14.064737"></trkpt>
      <trkpt lat="45.664557" lon="14.065298"></trkpt>
      <trkpt lat="45.663995" lon="14.066796"></trkpt>
      <trkpt lat="45.663937" lon="14.06831"></trkpt>
      <trkpt lat="45.664218" lon="14.069458"></trkpt>
      <trkpt lat="45.664669" lon="14.070293"></trkpt>
      <trkpt lat="45.667804" lon="14.073783"></trkpt>
      <trkpt lat="45.668292" lon="14.074497"></trkpt>
      <trkpt lat="45.668698" lon="14.075735"></trkpt>
      <trkpt lat="45.668719" lon="14.07701"></trkpt>
      <trkpt lat="45.668413" lon="14.078214"></trkpt>
      <trkpt lat="45.667784" lon="14.07918"></trkpt>
      <trkpt lat="45.662629" lon="14.083738"></trkpt>
      <trkpt lat="45.662054" lon="14.084512"></trkpt>
      <trkpt lat="45.661543" lon="14.085907"></trkpt>
      <trkpt lat="45.65988" lon="14.0931"></trkpt>
      <trkpt lat="45.659778" lon="14.093923"></trkpt>
      <trkpt lat="45.65984" lon="14.094868"></trkpt>
      <trkpt lat="45.660379" lon="14.096643"></trkpt>
      <trkpt lat="45.662859" lon="14.103377"></trkpt>
      <trkpt lat="45.663174" lon="14.104094"></trkpt>
      <trkpt lat="45.663746" lon="14.104806"></trkpt>
      <trkpt lat="45.664648" lon="14.105364"></trkpt>
      <trkpt lat="45.665325" lon="14.10548"></trkpt>
      <trkpt lat="45.665754" lon="14.105402"></trkpt>
      <trkpt lat="45.667942" lon="14.104528"></trkpt>
      <trkpt lat="45.668879" lon="14.104475"></trkpt>
      <trkpt lat="45.66977" lon="14.104901"></trkpt>
      <trkpt lat="45.670402" lon="14.10559"></trkpt>
      <trkpt lat="45.6708" lon="14.106209"></trkpt>
      <trkpt lat="45.67601" lon="14.116219"></trkpt>
      <trkpt lat="45.678237" lon="14.120773"></trkpt>
      <trkpt lat="45.678815" lon="14.122528"></trkpt>
      <trkpt lat="45.679095" lon="14.123823"></trkpt>
      <trkpt lat="45.679695" lon="14.128905"></trkpt>
      <trkpt lat="45.679987" lon="14.130123"></trkpt>
      <trkpt lat="45.680308" lon="14.130863"></trkpt>
      <trkpt lat="45.683968" lon="14.137222"></trkpt>
      <trkpt lat="45.684309" lon="14.138134"></trkpt>
      <trkpt lat="45.684455" lon="14.139082"></trkpt>
      <trkpt lat="45.684381" lon="14.140309"></trkpt>
      <trkpt lat="45.68414" lon="14.141337"></trkpt>
      <trkpt lat="45.68038" lon="14.155887"></trkpt>
      <trkpt lat="45.679308" lon="14.158498"></trkpt>
      <trkpt lat="45.676011" lon="14.164212"></trkpt>
      <trkpt lat="45.675521" lon="14.165555"></trkpt>
      <trkpt lat="45.675389" lon="14.16659"></trkpt>
      <trkpt lat="45.675419" lon="14.167559"></trkpt>
      <trkpt lat="45.676014" lon="14.170156"></trkpt>
      <trkpt lat="45.67616" lon="14.171497"></trkpt>
      <trkpt lat="45.675926" lon="14.177369"></trkpt>
      <trkpt lat="45.675694" lon="14.178697"></trkpt>
      <trkpt lat="45.675364" lon="14.179564"></trkpt>
      <trkpt lat="45.674896" lon="14.180351"></trkpt>
      <trkpt lat="45.672967" lon="14.182643"></trkpt>
      <trkpt lat="45.67174" lon="14.184291"></trkpt>
      <trkpt lat="45.671466" lon="14.184997"></trkpt>
      <trkpt lat="45.67131" lon="14.185883"></trkpt>
      <trkpt lat="45.671432" lon="14.187258"></trkpt>
      <trkpt lat="45.671861" lon="14.188338"></trkpt>
      <trkpt lat="45.672462" lon="14.189044"></trkpt>
      <trkpt lat="45.678133" lon="14.193195"></trkpt>
      <trkpt lat="45.679016" lon="14.193679"></trkpt>
      <trkpt lat="45.679637" lon="14.193773"></trkpt>
      <trkpt lat="45.680221" lon="14.19364"></trkpt>
      <trkpt lat="45.680859" lon="14.193242"></trkpt>
      <trkpt lat="45.682493" lon="14.191079"></trkpt>
      <trkpt lat="45.682932" lon="14.190682"></trkpt>
      <trkpt lat="45.683624" lon="14.190361"></trkpt>
      <trkpt lat="45.684122" lon="14.190307"></trkpt>
      <trkpt lat="45.684762" lon="14.190448"></trkpt>
      <trkpt lat="45.686539" lon="14.191487"></trkpt>
      <trkpt lat="45.687231" lon="14.191748"></trkpt>
      <trkpt lat="45.687934" lon="14.191762"></trkpt>
      <trkpt lat="45.688565" lon="14.191533"></trkpt>
      <trkpt lat="45.689371" lon="14.190817"></trkpt>
      <trkpt lat="45.69086" lon="14.188469"></trkpt>
      <trkpt lat="45.691587" lon="14.187919"></trkpt>
      <trkpt lat="45.692252" lon="14.1877"></trkpt>
      <trkpt lat="45.692899" lon="14.187738"></trkpt>
      <trkpt lat="45.693318" lon="14.187892"></trkpt>
      <trkpt lat="45.694883" lon="14.188839"></trkpt>
      <trkpt lat="45.695867" lon="14.188917"></trkpt>
      <trkpt lat="45.696682" lon="14.188536"></trkpt>
      <trkpt lat="45.69895" lon="14.186756"></trkpt>
      <trkpt lat="45.699621" lon="14.186469"></trkpt>
      <trkpt lat="45.700203" lon="14.186405"></trkpt>
      <trkpt lat="45.701186" lon="14.186677"></trkpt>
      <trkpt lat="45.70294" lon="14.187983"></trkpt>
      <trkpt lat="45.703686" lon="14.188294"></trkpt>
      <trkpt lat="45.704506" lon="14.18825"></trkpt>
      <trkpt lat="45.705919" lon="14.187718"></trkpt>
      <trkpt lat="45.706528" lon="14.187727"></trkpt>
      <trkpt lat="45.707164" lon="14.187974"></trkpt>
      <trkpt lat="45.708405" lon="14.188858"></trkpt>
      <trkpt lat="45.709056" lon="14.189115"></trkpt>
      <trkpt lat="45.716216" lon="14.190197"></trkpt>
      <trkpt lat="45.717465" lon="14.190238"></trkpt>
      <trkpt lat="45.71824" lon="14.190099"></trkpt>
      <trkpt lat="45.719287" lon="14.189696"></trkpt>
      <trkpt lat="45.721656" lon="14.18826"></trkpt>
      <trkpt lat="45.723452" lon="14.187357"></trkpt>
      <trkpt lat="45.726414" lon="14.185545"></trkpt>
      <trkpt lat="45.72722" lon="14.185346"></trkpt>
      <trkpt lat="45.727974" lon="14.185426"></trkpt>
      <trkpt lat="45.728669" lon="14.18579"></trkpt>
      <trkpt lat="45.729554" lon="14.186712"></trkpt>
      <trkpt lat="45.731367" lon="14.189782"></trkpt>
      <trkpt lat="45.731882" lon="14.190471"></trkpt>
      <trkpt lat="45.734537" lon="14.192748"></trkpt>
      <trkpt lat="45.735523" lon="14.193967"></trkpt>
      <trkpt lat="45.735943" lon="14.194737"></trkpt>
      <trkpt lat="45.736445" lon="14.196145"></trkpt>
      <trkpt lat="45.737227" lon="14.199742"></trkpt>
      <trkpt lat="45.737831" lon="14.200808"></trkpt>
      <trkpt lat="45.738366" lon="14.201357"></trkpt>
      <trkpt lat="45.739045" lon="14.201771"></trkpt>
      <trkpt lat="45.73956" lon="14.201915"></trkpt>
      <trkpt lat="45.740212" lon="14.201935"></trkpt>
      <trkpt lat="45.74089" lon="14.201738"></trkpt>
      <trkpt lat="45.742496" lon="14.200806"></trkpt>
      <trkpt lat="45.74321" lon="14.200678"></trkpt>
      <trkpt lat="45.743724" lon="14.200718"></trkpt>
      <trkpt lat="45.74429" lon="14.200962"></trkpt>
      <trkpt lat="45.745815" lon="14.202265"></trkpt>
      <trkpt lat="45.746381" lon="14.202619"></trkpt>
      <trkpt lat="45.747131" lon="14.202754"></trkpt>
      <trkpt lat="45.749479" lon="14.20238"></trkpt>
      <trkpt lat="45.750072" lon="14.20255"></trkpt>
      <trkpt lat="45.750821" lon="14.203121"></trkpt>
      <trkpt lat="45.752326" lon="14.205356"></trkpt>
      <trkpt lat="45.753334" lon="14.207071"></trkpt>
      <trkpt lat="45.753605" lon="14.208031"></trkpt>
      <trkpt lat="45.753956" lon="14.210388"></trkpt>
      <trkpt lat="45.754419" lon="14.211554"></trkpt>
      <trkpt lat="45.755074" lon="14.212366"></trkpt>
      <trkpt lat="45.756836" lon="14.213361"></trkpt>
      <trkpt lat="45.757645" lon="14.214268"></trkpt>
      <trkpt lat="45.757987" lon="14.214998"></trkpt>
      <trkpt lat="45.758814" lon="14.218012"></trkpt>
      <trkpt lat="45.759966" lon="14.220058"></trkpt>
      <trkpt lat="45.760692" lon="14.220871"></trkpt>
      <trkpt lat="45.761176" lon="14.221142"></trkpt>
      <trkpt lat="45.761666" lon="14.221264"></trkpt>
      <trkpt lat="45.763139" lon="14.221126"></trkpt>
      <trkpt lat="45.763854" lon="14.221259"></trkpt>
      <trkpt lat="45.766231" lon="14.222892"></trkpt>
      <trkpt lat="45.767218" lon="14.223062"></trkpt>
      <trkpt lat="45.767957" lon="14.222877"></trkpt>
      <trkpt lat="45.769757" lon="14.221539"></trkpt>
      <trkpt lat="45.770765" lon="14.221408"></trkpt>
      <trkpt lat="45.772207" lon="14.221868"></trkpt>
      <trkpt lat="45.773035" lon="14.22196"></trkpt>
      <trkpt lat="45.774078" lon="14.221586"></trkpt>
      <trkpt lat="45.775572" lon="14.220505"></trkpt>
      <trkpt lat="45.77621" lon="14.220273"></trkpt>
      <trkpt lat="45.777219" lon="14.220261"></trkpt>
      <trkpt lat="45.779188" lon="14.220773"></trkpt>
      <trkpt lat="45.78005" lon="14.22072"></trkpt>
      <trkpt lat="45.781822" lon="14.220201"></trkpt>
      <trkpt lat="45.782601" lon="14.220178"></trkpt>
      <trkpt lat="45.783717" lon="14.220604"></trkpt>
      <trkpt lat="45.787387" lon="14.223629"></trkpt>
      <trkpt lat="45.788098" lon="14.224662"></trkpt>
      <trkpt lat="45.78873" lon="14.226911"></trkpt>
      <trkpt lat="45.789421" lon="14.228071"></trkpt>
      <trkpt lat="45.790317" lon="14.228691"></trkpt>
      <trkpt lat="45.792053" lon="14.22892"></trkpt>
      <trkpt lat="45.792607" lon="14.22914"></trkpt>
      <trkpt lat="45.793405" lon="14.229889"></trkpt>
      <trkpt lat="45.793887" lon="14.230786"></trkpt>
      <trkpt lat="45.796773" lon="14.238545"></trkpt>
      <trkpt lat="45.797184" lon="14.239956"></trkpt>
      <trkpt lat="45.799471" lon="14.257274"></trkpt>
      <trkpt lat="45.799784" lon="14.258688"></trkpt>
      <trkpt lat="45.803217" lon="14.266453"></trkpt>
      <trkpt lat="45.803893" lon="14.267437"></trkpt>
      <trkpt lat="45.805249" lon="14.268891"></trkpt>
      <trkpt lat="45.805671" lon="14.269699"></trkpt>
      <trkpt lat="45.805977" lon="14.271066"></trkpt>
      <trkpt lat="45.805982" lon="14.273552"></trkpt>
      <trkpt lat="45.806374" lon="14.274884"></trkpt>
      <trkpt lat="45.80953" lon="14.279314"></trkpt>
      <trkpt lat="45.810216" lon="14.28062"></trkpt>
      <trkpt lat="45.810701" lon="14.282118"></trkpt>
      <trkpt lat="45.810979" lon="14.284205"></trkpt>
      <trkpt lat="45.810876" lon="14.286136"></trkpt>
      <trkpt lat="45.809839" lon="14.290361"></trkpt>
      <trkpt lat="45.809042" lon="14.295528"></trkpt>
      <trkpt lat="45.8087" lon="14.296763"></trkpt>
      <trkpt lat="45.808065" lon="14.297757"></trkpt>
      <trkpt lat="45.807369" lon="14.298291"></trkpt>
      <trkpt lat="45.80673" lon="14.298479"></trkpt>
      <trkpt lat="45.804955" lon="14.298599"></trkpt>
      <trkpt lat="45.804206" lon="14.299004"></trkpt>
      <trkpt lat="45.80377" lon="14.299445"></trkpt>
      <trkpt lat="45.80175" lon="14.303393"></trkpt>
      <trkpt lat="45.801425" lon="14.304382"></trkpt>
      <trkpt lat="45.801265" lon="14.305418"></trkpt>
      <trkpt lat="45.801285" lon="14.306675"></trkpt>
      <trkpt lat="45.801468" lon="14.30767"></trkpt>
      <trkpt lat="45.801789" lon="14.308562"></trkpt>
      <trkpt lat="45.802227" lon="14.309349"></trkpt>
      <trkpt lat="45.806307" lon="14.31475"></trkpt>
      <trkpt lat="45.8072" lon="14.315493"></trkpt>
      <trkpt lat="45.807926" lon="14.315763"></trkpt>
      <trkpt lat="45.808563" lon="14.315809"></trkpt>
      <trkpt lat="45.811929" lon="14.31558"></trkpt>
      <trkpt lat="45.812704" lon="14.315351"></trkpt>
      <trkpt lat="45.815507" lon="14.313117"></trkpt>
      <trkpt lat="45.816626" lon="14.31208"></trkpt>
      <trkpt lat="45.817688" lon="14.311326"></trkpt>
      <trkpt lat="45.818596" lon="14.31098"></trkpt>
      <trkpt lat="45.819748" lon="14.310946"></trkpt>
      <trkpt lat="45.820386" lon="14.31121"></trkpt>
      <trkpt lat="45.821083" lon="14.311759"></trkpt>
      <trkpt lat="45.823083" lon="14.313903"></trkpt>
      <trkpt lat="45.823786" lon="14.314368"></trkpt>
      <trkpt lat="45.824557" lon="14.314586"></trkpt>
      <trkpt lat="45.825158" lon="14.314561"></trkpt>
      <trkpt lat="45.825928" lon="14.314302"></trkpt>
      <trkpt lat="45.830435" lon="14.311789"></trkpt>
      <trkpt lat="45.831091" lon="14.31107"></trkpt>
      <trkpt lat="45.831422" lon="14.310511"></trkpt>
      <trkpt lat="45.836071" lon="14.299682"></trkpt>
      <trkpt lat="45.836748" lon="14.29852"></trkpt>
      <trkpt lat="45.837504" lon="14.297787"></trkpt>
      <trkpt lat="45.840401" lon="14.296326"></trkpt>
      <trkpt lat="45.84112" lon="14.295748"></trkpt>
      <trkpt lat="45.847456" lon="14.287755"></trkpt>
      <trkpt lat="45.848115" lon="14.287307"></trkpt>
      <trkpt lat="45.848856" lon="14.287079"></trkpt>
      <trkpt lat="45.850993" lon="14.286992"></trkpt>
      <trkpt lat="45.851792" lon="14.286652"></trkpt>
      <trkpt lat="45.852413" lon="14.286156"></trkpt>
      <trkpt lat="45.852961" lon="14.285472"></trkpt>
      <trkpt lat="45.854289" lon="14.28254"></trkpt>
      <trkpt lat="45.854899" lon="14.281623"></trkpt>
      <trkpt lat="45.863823" lon="14.272962"></trkpt>
      <trkpt lat="45.864462" lon="14.272556"></trkpt>
      <trkpt lat="45.865165" lon="14.272286"></trkpt>
      <trkpt lat="45.867564" lon="14.271901"></trkpt>
      <trkpt lat="45.868553" lon="14.271498"></trkpt>
      <trkpt lat="45.875032" lon="14.265431"></trkpt>
      <trkpt lat="45.87567" lon="14.264887"></trkpt>
      <trkpt lat="45.876301" lon="14.264548"></trkpt>
      <trkpt lat="45.877004" lon="14.264385"></trkpt>
      <trkpt lat="45.877935" lon="14.264519"></trkpt>
      <trkpt lat="45.88261" lon="14.266855"></trkpt>
      <trkpt lat="45.883376" lon="14.267107"></trkpt>
      <trkpt lat="45.883977" lon="14.267104"></trkpt>
      <trkpt lat="45.884462" lon="14.266973"></trkpt>
      <trkpt lat="45.885323" lon="14.266398"></trkpt>
      <trkpt lat="45.885906" lon="14.265575"></trkpt>
      <trkpt lat="45.887962" lon="14.26135"></trkpt>
      <trkpt lat="45.890691" lon="14.257969"></trkpt>
      <trkpt lat="45.891095" lon="14.257063"></trkpt>
      <trkpt lat="45.892228" lon="14.253656"></trkpt>
      <trkpt lat="45.892773" lon="14.252776"></trkpt>
      <trkpt lat="45.894023" lon="14.251529"></trkpt>
      <trkpt lat="45.894693" lon="14.250688"></trkpt>
      <trkpt lat="45.896395" lon="14.24639"></trkpt>
      <trkpt lat="45.896913" lon="14.245474"></trkpt>
      <trkpt lat="45.899659" lon="14.242452"></trkpt>
      <trkpt lat="45.900706" lon="14.240454"></trkpt>
      <trkpt lat="45.901477" lon="14.239457"></trkpt>
      <trkpt lat="45.908604" lon="14.234996"></trkpt>
      <trkpt lat="45.909589" lon="14.234805"></trkpt>
      <trkpt lat="45.915225" lon="14.235107"></trkpt>
      <trkpt lat="45.922291" lon="14.237056"></trkpt>
      <trkpt lat="45.923222" lon="14.237533"></trkpt>
      <trkpt lat="45.92551" lon="14.239954"></trkpt>
      <trkpt lat="45.926366" lon="14.240415"></trkpt>
      <trkpt lat="45.927375" lon="14.240336"></trkpt>
      <trkpt lat="45.930799" lon="14.238724"></trkpt>
      <trkpt lat="45.931346" lon="14.238701"></trkpt>
      <trkpt lat="45.931959" lon="14.238889"></trkpt>
      <trkpt lat="45.932749" lon="14.239566"></trkpt>
      <trkpt lat="45.936469" lon="14.244725"></trkpt>
      <trkpt lat="45.93743" lon="14.245728"></trkpt>
      <trkpt lat="45.93815" lon="14.246268"></trkpt>
      <trkpt lat="45.939739" lon="14.247004"></trkpt>
      <trkpt lat="45.940697" lon="14.247118"></trkpt>
      <trkpt lat="45.944239" lon="14.247094"></trkpt>
      <trkpt lat="45.944719" lon="14.247223"></trkpt>
      <trkpt lat="45.945357" lon="14.247622"></trkpt>
      <trkpt lat="45.945872" lon="14.24821"></trkpt>
      <trkpt lat="45.946195" lon="14.248801"></trkpt>
      <trkpt lat="45.946957" lon="14.251124"></trkpt>
      <trkpt lat="45.947317" lon="14.251842"></trkpt>
      <trkpt lat="45.947685" lon="14.252309"></trkpt>
      <trkpt lat="45.948889" lon="14.253348"></trkpt>
      <trkpt lat="45.949427" lon="14.254158"></trkpt>
      <trkpt lat="45.949838" lon="14.255587"></trkpt>
      <trkpt lat="45.949949" lon="14.25994"></trkpt>
      <trkpt lat="45.950111" lon="14.261021"></trkpt>
      <trkpt lat="45.95056" lon="14.26209"></trkpt>
      <trkpt lat="45.952115" lon="14.264266"></trkpt>
      <trkpt lat="45.95248" lon="14.265245"></trkpt>
      <trkpt lat="45.952622" lon="14.26681"></trkpt>
      <trkpt lat="45.952307" lon="14.268275"></trkpt>
      <trkpt lat="45.951792" lon="14.269199"></trkpt>
      <trkpt lat="45.951067" lon="14.269851"></trkpt>
      <trkpt lat="45.941954" lon="14.27449"></trkpt>
      <trkpt lat="45.941369" lon="14.27517"></trkpt>
      <trkpt lat="45.940921" lon="14.276161"></trkpt>
      <trkpt lat="45.940744" lon="14.277019"></trkpt>
      <trkpt lat="45.940735" lon="14.278146"></trkpt>
      <trkpt lat="45.940969" lon="14.279219"></trkpt>
      <trkpt lat="45.942041" lon="14.281828"></trkpt>
      <trkpt lat="45.942176" lon="14.282884"></trkpt>
      <trkpt lat="45.942124" lon="14.284724"></trkpt>
      <trkpt lat="45.942293" lon="14.285835"></trkpt>
      <trkpt lat="45.942682" lon="14.286806"></trkpt>
      <trkpt lat="45.94357" lon="14.288156"></trkpt>
      <trkpt lat="45.943965" lon="14.289534"></trkpt>
      <trkpt lat="45.943981" lon="14.290906"></trkpt>
      <trkpt lat="45.943441" lon="14.296771"></trkpt>
      <trkpt lat="45.943607" lon="14.298371"></trkpt>
      <trkpt lat="45.944153" lon="14.301206"></trkpt>
      <trkpt lat="45.94465" lon="14.302212"></trkpt>
      <trkpt lat="45.94542" lon="14.302952"></trkpt>
      <trkpt lat="45.947571" lon="14.303872"></trkpt>
      <trkpt lat="45.949745" lon="14.304639"></trkpt>
      <trkpt lat="45.95069" lon="14.305198"></trkpt>
      <trkpt lat="45.95172" lon="14.30624"></trkpt>
      <trkpt lat="45.953266" lon="14.308409"></trkpt>
      <trkpt lat="45.953735" lon="14.309329"></trkpt>
      <trkpt lat="45.953994" lon="14.310173"></trkpt>
      <trkpt lat="45.955233" lon="14.316169"></trkpt>
      <trkpt lat="45.955279" lon="14.317491"></trkpt>
      <trkpt lat="45.954995" lon="14.318717"></trkpt>
      <trkpt lat="45.952282" lon="14.323373"></trkpt>
      <trkpt lat="45.95138" lon="14.325908"></trkpt>
      <trkpt lat="45.950925" lon="14.326852"></trkpt>
      <trkpt lat="45.950167" lon="14.327997"></trkpt>
      <trkpt lat="45.949521" lon="14.328707"></trkpt>
      <trkpt lat="45.948394" lon="14.329539"></trkpt>
      <trkpt lat="45.94642" lon="14.330315"></trkpt>
      <trkpt lat="45.943762" lon="14.332198"></trkpt>
      <trkpt lat="45.940889" lon="14.333126"></trkpt>
      <trkpt lat="45.939837" lon="14.333721"></trkpt>
      <trkpt lat="45.933493" lon="14.339009"></trkpt>
      <trkpt lat="45.929016" lon="14.343799"></trkpt>
      <trkpt lat="45.928452" lon="14.344676"></trkpt>
      <trkpt lat="45.928155" lon="14.345627"></trkpt>
      <trkpt lat="45.928052" lon="14.349072"></trkpt>
      <trkpt lat="45.927729" lon="14.350072"></trkpt>
      <trkpt lat="45.927259" lon="14.350859"></trkpt>
      <trkpt lat="45.923976" lon="14.354788"></trkpt>
      <trkpt lat="45.923037" lon="14.355342"></trkpt>
      <trkpt lat="45.921594" lon="14.355563"></trkpt>
      <trkpt lat="45.921096" lon="14.355736"></trkpt>
      <trkpt lat="45.920575" lon="14.356109"></trkpt>
      <trkpt lat="45.920171" lon="14.356569"></trkpt>
      <trkpt lat="45.919715" lon="14.357435"></trkpt>
      <trkpt lat="45.919532" lon="14.35806"></trkpt>
      <trkpt lat="45.919051" lon="14.361007"></trkpt>
      <trkpt lat="45.918651" lon="14.36189"></trkpt>
      <trkpt lat="45.918277" lon="14.362398"></trkpt>
      <trkpt lat="45.917554" lon="14.362985"></trkpt>
      <trkpt lat="45.914103" lon="14.364531"></trkpt>
      <trkpt lat="45.913075" lon="14.365236"></trkpt>
      <trkpt lat="45.909014" lon="14.369958"></trkpt>
      <trkpt lat="45.906673" lon="14.373112"></trkpt>
      <trkpt lat="45.906275" lon="14.373816"></trkpt>
      <trkpt lat="45.905865" lon="14.375463"></trkpt>
      <trkpt lat="45.905988" lon="14.377135"></trkpt>
      <trkpt lat="45.906287" lon="14.378034"></trkpt>
      <trkpt lat="45.906561" lon="14.378491"></trkpt>
      <trkpt lat="45.907355" lon="14.379335"></trkpt>
      <trkpt lat="45.907844" lon="14.3796"></trkpt>
      <trkpt lat="45.908365" lon="14.37972"></trkpt>
      <trkpt lat="45.90937" lon="14.379521"></trkpt>
      <trkpt lat="45.910121" lon="14.378978"></trkpt>
      <trkpt lat="45.910758" lon="14.378026"></trkpt>
      <trkpt lat="45.911849" lon="14.374509"></trkpt>
      <trkpt lat="45.9125" lon="14.373163"></trkpt>
      <trkpt lat="45.913484" lon="14.371999"></trkpt>
      <trkpt lat="45.914232" lon="14.371474"></trkpt>
      <trkpt lat="45.923871" lon="14.366983"></trkpt>
      <trkpt lat="45.924982" lon="14.366606"></trkpt>
      <trkpt lat="45.931704" lon="14.363566"></trkpt>
      <trkpt lat="45.932598" lon="14.363298"></trkpt>
      <trkpt lat="45.933933" lon="14.363167"></trkpt>
      <trkpt lat="45.935033" lon="14.363294"></trkpt>
      <trkpt lat="45.935827" lon="14.363547"></trkpt>
      <trkpt lat="45.9368" lon="14.364003"></trkpt>
      <trkpt lat="45.937981" lon="14.364865"></trkpt>
      <trkpt lat="45.94119" lon="14.368348"></trkpt>
      <trkpt lat="45.944803" lon="14.370784"></trkpt>
      <trkpt lat="45.946334" lon="14.372203"></trkpt>
      <trkpt lat="45.947395" lon="14.373718"></trkpt>
      <trkpt lat="45.952222" lon="14.38225"></trkpt>
      <trkpt lat="45.954203" lon="14.385514"></trkpt>
      <trkpt lat="45.955541" lon="14.387578"></trkpt>
      <trkpt lat="45.956454" lon="14.388665"></trkpt>
      <trkpt lat="45.957665" lon="14.389685"></trkpt>
      <trkpt lat="45.961003" lon="14.39139"></trkpt>
      <trkpt lat="45.961989" lon="14.392046"></trkpt>
      <trkpt lat="45.963355" lon="14.393359"></trkpt>
      <trkpt lat="45.965347" lon="14.395754"></trkpt>
      <trkpt lat="45.966404" lon="14.396666"></trkpt>
      <trkpt lat="45.967601" lon="14.39734"></trkpt>
      <trkpt lat="45.968765" lon="14.397728"></trkpt>
      <trkpt lat="45.978782" lon="14.399154"></trkpt>
      <trkpt lat="45.981109" lon="14.399761"></trkpt>
      <trkpt lat="46.010643" lon="14.412704"></trkpt>
      <trkpt lat="46.012196" lon="14.413584"></trkpt>
      <trkpt lat="46.013564" lon="14.414555"></trkpt>
      <trkpt lat="46.015477" lon="14.416314"></trkpt>
      <trkpt lat="46.01699" lon="14.418126"></trkpt>
      <trkpt lat="46.018599" lon="14.420607"></trkpt>
      <trkpt lat="46.019542" lon="14.422581"></trkpt>
      <trkpt lat="46.050605" lon="14.494948"></trkpt>
      <trkpt lat="46.051408" lon="14.4962"></trkpt>
      <trkpt lat="46.052555" lon="14.497316"></trkpt>
      <trkpt lat="46.05357" lon="14.497882"></trkpt>
      <trkpt lat="46.05572" lon="14.498622"></trkpt>
      <trkpt lat="46.056531" lon="14.499185"></trkpt>
      <trkpt lat="46.057444" lon="14.500245"></trkpt>
      <trkpt lat="46.058287" lon="14.501946"></trkpt>
      <trkpt lat="46.058629" lon="14.503542"></trkpt>
      <trkpt lat="46.058809" lon="14.506989"></trkpt>
      <trkpt lat="46.058914" lon="14.515656"></trkpt>
      <trkpt lat="46.058831" lon="14.52168"></trkpt>
      <trkpt lat="46.058589" lon="14.524369"></trkpt>
      <trkpt lat="46.058341" lon="14.519453"></trkpt>
      <trkpt lat="46.058273" lon="14.513286"></trkpt>
      <trkpt lat="46.058341" lon="14.519453"></trkpt>
      <trkpt lat="46.058562" lon="14.525241"></trkpt>
      <trkpt lat="46.058526" lon="14.528843"></trkpt>
      <trkpt lat="46.05912" lon="14.576009"></trkpt>
      <trkpt lat="46.059175" lon="14.591327"></trkpt>
      <trkpt lat="46.05905" lon="14.606023"></trkpt>
      <trkpt lat="46.059299" lon="14.609997"></trkpt>
      <trkpt lat="46.059335" lon="14.615974"></trkpt>
      <trkpt lat="46.059442" lon="14.617131"></trkpt>
      <trkpt lat="46.059799" lon="14.618606"></trkpt>
      <trkpt lat="46.06011" lon="14.619353"></trkpt>
      <trkpt lat="46.065413" lon="14.62887"></trkpt>
      <trkpt lat="46.066869" lon="14.632081"></trkpt>
      <trkpt lat="46.068632" lon="14.633928"></trkpt>
      <trkpt lat="46.070157" lon="14.634754"></trkpt>
      <trkpt lat="46.070778" lon="14.635346"></trkpt>
      <trkpt lat="46.074851" lon="14.6418"></trkpt>
      <trkpt lat="46.075098" lon="14.642632"></trkpt>
      <trkpt lat="46.075189" lon="14.643655"></trkpt>
      <trkpt lat="46.074942" lon="14.647275"></trkpt>
      <trkpt lat="46.074964" lon="14.651133"></trkpt>
      <trkpt lat="46.075234" lon="14.652336"></trkpt>
      <trkpt lat="46.07707" lon="14.657109"></trkpt>
      <trkpt lat="46.077427" lon="14.658376"></trkpt>
      <trkpt lat="46.077682" lon="14.660289"></trkpt>
      <trkpt lat="46.077654" lon="14.662982"></trkpt>
      <trkpt lat="46.077896" lon="14.664291"></trkpt>
      <trkpt lat="46.079258" lon="14.668201"></trkpt>
      <trkpt lat="46.081381" lon="14.672253"></trkpt>
      <trkpt lat="46.081912" lon="14.674222"></trkpt>
      <trkpt lat="46.082293" lon="14.675085"></trkpt>
      <trkpt lat="46.083958" lon="14.677058"></trkpt>
      <trkpt lat="46.084408" lon="14.677373"></trkpt>
      <trkpt lat="46.085451" lon="14.677811"></trkpt>
      <trkpt lat="46.085982" lon="14.678188"></trkpt>
      <trkpt lat="46.086666" lon="14.67916"></trkpt>
      <trkpt lat="46.08711" lon="14.680362"></trkpt>
      <trkpt lat="46.087548" lon="14.684821"></trkpt>
      <trkpt lat="46.088284" lon="14.68799"></trkpt>
      <trkpt lat="46.088662" lon="14.690267"></trkpt>
      <trkpt lat="46.088792" lon="14.692216"></trkpt>
      <trkpt lat="46.088743" lon="14.69388"></trkpt>
      <trkpt lat="46.088269" lon="14.697354"></trkpt>
      <trkpt lat="46.086121" lon="14.70612"></trkpt>
      <trkpt lat="46.085593" lon="14.707958"></trkpt>
      <trkpt lat="46.08417" lon="14.711695"></trkpt>
      <trkpt lat="46.083508" lon="14.714819"></trkpt>
      <trkpt lat="46.083136" lon="14.719139"></trkpt>
      <trkpt lat="46.082919" lon="14.725962"></trkpt>
      <trkpt lat="46.082992" lon="14.727442"></trkpt>
      <trkpt lat="46.083337" lon="14.730177"></trkpt>
      <trkpt lat="46.083422" lon="14.733255"></trkpt>
      <trkpt lat="46.083576" lon="14.734538"></trkpt>
      <trkpt lat="46.083839" lon="14.735677"></trkpt>
      <trkpt lat="46.084916" lon="14.738924"></trkpt>
      <trkpt lat="46.085829" lon="14.743594"></trkpt>
      <trkpt lat="46.086325" lon="14.74521"></trkpt>
      <trkpt lat="46.08681" lon="14.746288"></trkpt>
      <trkpt lat="46.089791" lon="14.75175"></trkpt>
      <trkpt lat="46.090492" lon="14.753799"></trkpt>
      <trkpt lat="46.090747" lon="14.755163"></trkpt>
      <trkpt lat="46.090867" lon="14.756586"></trkpt>
      <trkpt lat="46.091102" lon="14.765225"></trkpt>
      <trkpt lat="46.091304" lon="14.76655"></trkpt>
      <trkpt lat="46.091977" lon="14.768776"></trkpt>
      <trkpt lat="46.093102" lon="14.770907"></trkpt>
      <trkpt lat="46.096038" lon="14.774465"></trkpt>
      <trkpt lat="46.097108" lon="14.775527"></trkpt>
      <trkpt lat="46.10036" lon="14.778145"></trkpt>
      <trkpt lat="46.101306" lon="14.779189"></trkpt>
      <trkpt lat="46.10186" lon="14.779996"></trkpt>
      <trkpt lat="46.10257" lon="14.78132"></trkpt>
      <trkpt lat="46.103236" lon="14.783111"></trkpt>
      <trkpt lat="46.10368" lon="14.785189"></trkpt>
      <trkpt lat="46.103824" lon="14.787029"></trkpt>
      <trkpt lat="46.103762" lon="14.788665"></trkpt>
      <trkpt lat="46.103563" lon="14.789949"></trkpt>
      <trkpt lat="46.103105" lon="14.791255"></trkpt>
      <trkpt lat="46.102418" lon="14.792289"></trkpt>
      <trkpt lat="46.101801" lon="14.792871"></trkpt>
      <trkpt lat="46.099876" lon="14.794263"></trkpt>
      <trkpt lat="46.090764" lon="14.800458"></trkpt>
      <trkpt lat="46.090028" lon="14.801195"></trkpt>
      <trkpt lat="46.087966" lon="14.803799"></trkpt>
      <trkpt lat="46.086539" lon="14.806064"></trkpt>
      <trkpt lat="46.085279" lon="14.808951"></trkpt>
      <trkpt lat="46.084677" lon="14.810988"></trkpt>
      <trkpt lat="46.084508" lon="14.813177"></trkpt>
      <trkpt lat="46.084872" lon="14.821212"></trkpt>
      <trkpt lat="46.084771" lon="14.821871"></trkpt>
      <trkpt lat="46.084372" lon="14.823055"></trkpt>
      <trkpt lat="46.083939" lon="14.823707"></trkpt>
      <trkpt lat="46.083448" lon="14.824114"></trkpt>
      <trkpt lat="46.082647" lon="14.824494"></trkpt>
      <trkpt lat="46.079443" lon="14.82515"></trkpt>
      <trkpt lat="46.078031" lon="14.825098"></trkpt>
      <trkpt lat="46.076861" lon="14.824737"></trkpt>
      <trkpt lat="46.071102" lon="14.821525"></trkpt>
      <trkpt lat="46.070514" lon="14.820996"></trkpt>
      <trkpt lat="46.068827" lon="14.819054"></trkpt>
      <trkpt lat="46.0658" lon="14.816689"></trkpt>
      <trkpt lat="46.064093" lon="14.815844"></trkpt>
      <trkpt lat="46.062374" lon="14.815504"></trkpt>
      <trkpt lat="46.061084" lon="14.815553"></trkpt>
      <trkpt lat="46.060018" lon="14.815827"></trkpt>
      <trkpt lat="46.059207" lon="14.816355"></trkpt>
      <trkpt lat="46.058589" lon="14.817063"></trkpt>
      <trkpt lat="46.057963" lon="14.818279"></trkpt>
      <trkpt lat="46.057655" lon="14.819258"></trkpt>
      <trkpt lat="46.057509" lon="14.820797"></trkpt>
      <trkpt lat="46.057637" lon="14.82252"></trkpt>
      <trkpt lat="46.058041" lon="14.824374"></trkpt>
      <trkpt lat="46.058713" lon="14.82603"></trkpt>
      <trkpt lat="46.062986" lon="14.832748"></trkpt>
      <trkpt lat="46.063682" lon="14.834143"></trkpt>
      <trkpt lat="46.06417" lon="14.835792"></trkpt>
      <trkpt lat="46.064776" lon="14.838728"></trkpt>
      <trkpt lat="46.065287" lon="14.84039"></trkpt>
      <trkpt lat="46.072849" lon="14.859143"></trkpt>
      <trkpt lat="46.073785" lon="14.860832"></trkpt>
      <trkpt lat="46.074568" lon="14.861993"></trkpt>
      <trkpt lat="46.079734" lon="14.868114"></trkpt>
      <trkpt lat="46.080841" lon="14.869739"></trkpt>
      <trkpt lat="46.084346" lon="14.876336"></trkpt>
      <trkpt lat="46.085183" lon="14.878472"></trkpt>
      <trkpt lat="46.085664" lon="14.880069"></trkpt>
      <trkpt lat="46.0862" lon="14.882606"></trkpt>
      <trkpt lat="46.088483" lon="14.897013"></trkpt>
      <trkpt lat="46.089249" lon="14.900309"></trkpt>
      <trkpt lat="46.089618" lon="14.901393"></trkpt>
      <trkpt lat="46.090104" lon="14.902374"></trkpt>
      <trkpt lat="46.092067" lon="14.904949"></trkpt>
      <trkpt lat="46.09294" lon="14.906528"></trkpt>
      <trkpt lat="46.093471" lon="14.908081"></trkpt>
      <trkpt lat="46.093871" lon="14.909934"></trkpt>
      <trkpt lat="46.093909" lon="14.911121"></trkpt>
      <trkpt lat="46.093758" lon="14.91311"></trkpt>
      <trkpt lat="46.092847" lon="14.916818"></trkpt>
      <trkpt lat="46.09259" lon="14.918601"></trkpt>
      <trkpt lat="46.092643" lon="14.920403"></trkpt>
      <trkpt lat="46.093036" lon="14.923447"></trkpt>
      <trkpt lat="46.093144" lon="14.927359"></trkpt>
      <trkpt lat="46.092471" lon="14.93227"></trkpt>
      <trkpt lat="46.091882" lon="14.934925"></trkpt>
      <trkpt lat="46.09183" lon="14.937125"></trkpt>
      <trkpt lat="46.091929" lon="14.938218"></trkpt>
      <trkpt lat="46.09257" lon="14.940465"></trkpt>
      <trkpt lat="46.092775" lon="14.943631"></trkpt>
      <trkpt lat="46.0931" lon="14.94638"></trkpt>
      <trkpt lat="46.09495" lon="14.952444"></trkpt>
      <trkpt lat="46.095253" lon="14.953214"></trkpt>
      <trkpt lat="46.096049" lon="14.954655"></trkpt>
      <trkpt lat="46.096921" lon="14.955755"></trkpt>
      <trkpt lat="46.098151" lon="14.956593"></trkpt>
      <trkpt lat="46.099545" lon="14.957262"></trkpt>
      <trkpt lat="46.100025" lon="14.95762"></trkpt>
      <trkpt lat="46.101625" lon="14.959398"></trkpt>
      <trkpt lat="46.10442" lon="14.961371"></trkpt>
      <trkpt lat="46.105147" lon="14.962172"></trkpt>
      <trkpt lat="46.107189" lon="14.966776"></trkpt>
      <trkpt lat="46.11116" lon="14.973172"></trkpt>
      <trkpt lat="46.111742" lon="14.97495"></trkpt>
      <trkpt lat="46.112492" lon="14.979065"></trkpt>
      <trkpt lat="46.113186" lon="14.980833"></trkpt>
      <trkpt lat="46.11526" lon="14.983586"></trkpt>
      <trkpt lat="46.117515" lon="14.985411"></trkpt>
      <trkpt lat="46.118213" lon="14.986154"></trkpt>
      <trkpt lat="46.119935" lon="14.988868"></trkpt>
      <trkpt lat="46.120337" lon="14.989816"></trkpt>
      <trkpt lat="46.12062" lon="14.991621"></trkpt>
      <trkpt lat="46.120637" lon="14.992512"></trkpt>
      <trkpt lat="46.120438" lon="14.993662"></trkpt>
      <trkpt lat="46.120092" lon="14.994513"></trkpt>
      <trkpt lat="46.11949" lon="14.995339"></trkpt>
      <trkpt lat="46.113977" lon="15.000719"></trkpt>
      <trkpt lat="46.113474" lon="15.001334"></trkpt>
      <trkpt lat="46.112968" lon="15.002323"></trkpt>
      <trkpt lat="46.112677" lon="15.003342"></trkpt>
      <trkpt lat="46.112551" lon="15.004287"></trkpt>
      <trkpt lat="46.112252" lon="15.007728"></trkpt>
      <trkpt lat="46.112315" lon="15.008701"></trkpt>
      <trkpt lat="46.112582" lon="15.009675"></trkpt>
      <trkpt lat="46.113665" lon="15.011682"></trkpt>
      <trkpt lat="46.115562" lon="15.018575"></trkpt>
      <trkpt lat="46.116103" lon="15.020032"></trkpt>
      <trkpt lat="46.118531" lon="15.024378"></trkpt>
      <trkpt lat="46.120126" lon="15.026037"></trkpt>
      <trkpt lat="46.121945" lon="15.028788"></trkpt>
      <trkpt lat="46.123696" lon="15.032215"></trkpt>
      <trkpt lat="46.126158" lon="15.036592"></trkpt>
      <trkpt lat="46.126463" lon="15.037811"></trkpt>
      <trkpt lat="46.127059" lon="15.044513"></trkpt>
      <trkpt lat="46.127064" lon="15.046251"></trkpt>
      <trkpt lat="46.126538" lon="15.053509"></trkpt>
      <trkpt lat="46.125942" lon="15.059261"></trkpt>
      <trkpt lat="46.126003" lon="15.060155"></trkpt>
      <trkpt lat="46.126646" lon="15.064006"></trkpt>
      <trkpt lat="46.126674" lon="15.064981"></trkpt>
      <trkpt lat="46.126518" lon="15.066404"></trkpt>
      <trkpt lat="46.125882" lon="15.068012"></trkpt>
      <trkpt lat="46.125297" lon="15.068739"></trkpt>
      <trkpt lat="46.124471" lon="15.069284"></trkpt>
      <trkpt lat="46.122234" lon="15.070361"></trkpt>
      <trkpt lat="46.121662" lon="15.07087"></trkpt>
      <trkpt lat="46.120637" lon="15.072743"></trkpt>
      <trkpt lat="46.120208" lon="15.074253"></trkpt>
      <trkpt lat="46.1201" lon="15.07826"></trkpt>
      <trkpt lat="46.12067" lon="15.080692"></trkpt>
      <trkpt lat="46.12132" lon="15.084825"></trkpt>
      <trkpt lat="46.122715" lon="15.090825"></trkpt>
      <trkpt lat="46.122757" lon="15.092207"></trkpt>
      <trkpt lat="46.122583" lon="15.093365"></trkpt>
      <trkpt lat="46.121675" lon="15.095544"></trkpt>
      <trkpt lat="46.121" lon="15.096537"></trkpt>
      <trkpt lat="46.11489" lon="15.101869"></trkpt>
      <trkpt lat="46.11447" lon="15.102341"></trkpt>
      <trkpt lat="46.114054" lon="15.103065"></trkpt>
      <trkpt lat="46.113786" lon="15.103912"></trkpt>
      <trkpt lat="46.113675" lon="15.104731"></trkpt>
      <trkpt lat="46.113809" lon="15.108726"></trkpt>
      <trkpt lat="46.113732" lon="15.110067"></trkpt>
      <trkpt lat="46.113114" lon="15.113887"></trkpt>
      <trkpt lat="46.112728" lon="15.11544"></trkpt>
      <trkpt lat="46.111915" lon="15.117448"></trkpt>
      <trkpt lat="46.110866" lon="15.119352"></trkpt>
      <trkpt lat="46.110085" lon="15.120031"></trkpt>
      <trkpt lat="46.10884" lon="15.120437"></trkpt>
      <trkpt lat="46.108046" lon="15.120938"></trkpt>
      <trkpt lat="46.106747" lon="15.122425"></trkpt>
      <trkpt lat="46.106191" lon="15.123516"></trkpt>
      <trkpt lat="46.10557" lon="15.127341"></trkpt>
      <trkpt lat="46.105567" lon="15.128442"></trkpt>
      <trkpt lat="46.105836" lon="15.129976"></trkpt>
      <trkpt lat="46.105754" lon="15.131581"></trkpt>
      <trkpt lat="46.104999" lon="15.134095"></trkpt>
      <trkpt lat="46.10449" lon="15.135402"></trkpt>
      <trkpt lat="46.102771" lon="15.138516"></trkpt>
      <trkpt lat="46.101677" lon="15.142007"></trkpt>
      <trkpt lat="46.099771" lon="15.145139"></trkpt>
      <trkpt lat="46.099036" lon="15.146722"></trkpt>
      <trkpt lat="46.097791" lon="15.149941"></trkpt>
      <trkpt lat="46.097101" lon="15.151313"></trkpt>
      <trkpt lat="46.096382" lon="15.152416"></trkpt>
      <trkpt lat="46.095399" lon="15.15367"></trkpt>
      <trkpt lat="46.094205" lon="15.154944"></trkpt>
      <trkpt lat="46.093291" lon="15.155723"></trkpt>
      <trkpt lat="46.090252" lon="15.157767"></trkpt>
      <trkpt lat="46.089468" lon="15.158476"></trkpt>
      <trkpt lat="46.089027" lon="15.159145"></trkpt>
      <trkpt lat="46.08863" lon="15.160333"></trkpt>
      <trkpt lat="46.088028" lon="15.164041"></trkpt>
      <trkpt lat="46.087275" lon="15.167303"></trkpt>
      <trkpt lat="46.086998" lon="15.168125"></trkpt>
      <trkpt lat="46.086635" lon="15.168747"></trkpt>
      <trkpt lat="46.084371" lon="15.171676"></trkpt>
      <trkpt lat="46.08328" lon="15.172489"></trkpt>
      <trkpt lat="46.082768" lon="15.172692"></trkpt>
      <trkpt lat="46.082404" lon="15.172692"></trkpt>
      <trkpt lat="46.080891" lon="15.172174"></trkpt>
      <trkpt lat="46.08051" lon="15.172152"></trkpt>
      <trkpt lat="46.080058" lon="15.172266"></trkpt>
      <trkpt lat="46.079488" lon="15.172665"></trkpt>
      <trkpt lat="46.078936" lon="15.173518"></trkpt>
      <trkpt lat="46.077405" lon="15.177536"></trkpt>
      <trkpt lat="46.076762" lon="15.178703"></trkpt>
      <trkpt lat="46.075855" lon="15.179606"></trkpt>
      <trkpt lat="46.07447" lon="15.180241"></trkpt>
      <trkpt lat="46.073925" lon="15.180711"></trkpt>
      <trkpt lat="46.073057" lon="15.181727"></trkpt>
      <trkpt lat="46.071145" lon="15.183497"></trkpt>
      <trkpt lat="46.069468" lon="15.18532"></trkpt>
      <trkpt lat="46.067068" lon="15.188009"></trkpt>
      <trkpt lat="46.066071" lon="15.189358"></trkpt>
      <trkpt lat="46.064811" lon="15.191564"></trkpt>
      <trkpt lat="46.063827" lon="15.193854"></trkpt>
      <trkpt lat="46.063109" lon="15.19616"></trkpt>
      <trkpt lat="46.061574" lon="15.202218"></trkpt>
      <trkpt lat="46.061067" lon="15.203598"></trkpt>
      <trkpt lat="46.060397" lon="15.204885"></trkpt>
      <trkpt lat="46.059798" lon="15.205481"></trkpt>
      <trkpt lat="46.059176" lon="15.20579"></trkpt>
      <trkpt lat="46.058703" lon="15.205872"></trkpt>
      <trkpt lat="46.058127" lon="15.205791"></trkpt>
      <trkpt lat="46.056137" lon="15.204986"></trkpt>
      <trkpt lat="46.055081" lon="15.205048"></trkpt>
      <trkpt lat="46.05229" lon="15.205943"></trkpt>
      <trkpt lat="46.051872" lon="15.206194"></trkpt>
      <trkpt lat="46.05131" lon="15.206757"></trkpt>
      <trkpt lat="46.050666" lon="15.20821"></trkpt>
      <trkpt lat="46.047518" lon="15.218915"></trkpt>
      <trkpt lat="46.047326" lon="15.220283"></trkpt>
      <trkpt lat="46.047298" lon="15.223594"></trkpt>
      <trkpt lat="46.047044" lon="15.224679"></trkpt>
      <trkpt lat="46.046448" lon="15.225782"></trkpt>
      <trkpt lat="46.043153" lon="15.22941"></trkpt>
      <trkpt lat="46.042584" lon="15.230355"></trkpt>
      <trkpt lat="46.042174" lon="15.231303"></trkpt>
      <trkpt lat="46.041835" lon="15.232908"></trkpt>
      <trkpt lat="46.041719" lon="15.234297"></trkpt>
      <trkpt lat="46.041702" lon="15.239486"></trkpt>
      <trkpt lat="46.042009" lon="15.241251"></trkpt>
      <trkpt lat="46.042391" lon="15.242307"></trkpt>
      <trkpt lat="46.043164" lon="15.243495"></trkpt>
      <trkpt lat="46.045651" lon="15.2454"></trkpt>
      <trkpt lat="46.046411" lon="15.246398"></trkpt>
      <trkpt lat="46.0478" lon="15.250198"></trkpt>
      <trkpt lat="46.048342" lon="15.253461"></trkpt>
      <trkpt lat="46.0484" lon="15.255223"></trkpt>
      <trkpt lat="46.048113" lon="15.260578"></trkpt>
      <trkpt lat="46.047634" lon="15.263079"></trkpt>
      <trkpt lat="46.04682" lon="15.265598"></trkpt>
      <trkpt lat="46.04611" lon="15.266599"></trkpt>
      <trkpt lat="46.043737" lon="15.268461"></trkpt>
      <trkpt lat="46.042496" lon="15.268817"></trkpt>
      <trkpt lat="46.039814" lon="15.269018"></trkpt>
      <trkpt lat="46.036918" lon="15.268941"></trkpt>
      <trkpt lat="46.027968" lon="15.265465"></trkpt>
      <trkpt lat="46.027022" lon="15.265205"></trkpt>
      <trkpt lat="46.025996" lon="15.265248"></trkpt>
      <trkpt lat="46.025154" lon="15.265576"></trkpt>
      <trkpt lat="46.023755" lon="15.266622"></trkpt>
      <trkpt lat="46.023008" lon="15.267541"></trkpt>
      <trkpt lat="46.022459" lon="15.268588"></trkpt>
      <trkpt lat="46.018486" lon="15.283827"></trkpt>
      <trkpt lat="46.017917" lon="15.285251"></trkpt>
      <trkpt lat="46.015371" lon="15.290477"></trkpt>
      <trkpt lat="46.013967" lon="15.295597"></trkpt>
      <trkpt lat="46.013383" lon="15.296593"></trkpt>
      <trkpt lat="46.006588" lon="15.304614"></trkpt>
      <trkpt lat="46.005784" lon="15.305834"></trkpt>
      <trkpt lat="46.005529" lon="15.306624"></trkpt>
      <trkpt lat="46.005411" lon="15.307616"></trkpt>
      <trkpt lat="46.005454" lon="15.319234"></trkpt>
      <trkpt lat="46.005002" lon="15.322883"></trkpt>
      <trkpt lat="46.004856" lon="15.326767"></trkpt>
      <trkpt lat="46.004193" lon="15.329885"></trkpt>
      <trkpt lat="46.003242" lon="15.333161"></trkpt>
      <trkpt lat="46.002917" lon="15.333876"></trkpt>
      <trkpt lat="46.001631" lon="15.335992"></trkpt>
      <trkpt lat="46.000579" lon="15.33703"></trkpt>
      <trkpt lat="45.998083" lon="15.338772"></trkpt>
      <trkpt lat="45.997307" lon="15.339649"></trkpt>
      <trkpt lat="45.996706" lon="15.340608"></trkpt>
      <trkpt lat="45.996208" lon="15.341612"></trkpt>
      <trkpt lat="45.995644" lon="15.343254"></trkpt>
      <trkpt lat="45.994981" lon="15.346038"></trkpt>
      <trkpt lat="45.994872" lon="15.348147"></trkpt>
      <trkpt lat="45.995653" lon="15.354785"></trkpt>
      <trkpt lat="45.995596" lon="15.35624"></trkpt>
      <trkpt lat="45.99527" lon="15.358078"></trkpt>
      <trkpt lat="45.994397" lon="15.360811"></trkpt>
      <trkpt lat="45.994129" lon="15.362146"></trkpt>
      <trkpt lat="45.993078" lon="15.378851"></trkpt>
      <trkpt lat="45.992802" lon="15.380779"></trkpt>
      <trkpt lat="45.991735" lon="15.38512"></trkpt>
      <trkpt lat="45.991329" lon="15.388561"></trkpt>
      <trkpt lat="45.989147" lon="15.399576"></trkpt>
      <trkpt lat="45.988811" lon="15.401948"></trkpt>
      <trkpt lat="45.988838" lon="15.40328"></trkpt>
      <trkpt lat="45.989068" lon="15.404711"></trkpt>
      <trkpt lat="45.991055" lon="15.413256"></trkpt>
      <trkpt lat="45.991329" lon="15.414871"></trkpt>
      <trkpt lat="45.992027" lon="15.424958"></trkpt>
      <trkpt lat="45.992217" lon="15.429281"></trkpt>
      <trkpt lat="45.992057" lon="15.431895"></trkpt>
      <trkpt lat="45.991794" lon="15.433741"></trkpt>
      <trkpt lat="45.989347" lon="15.446199"></trkpt>
      <trkpt lat="45.988875" lon="15.44764"></trkpt>
      <trkpt lat="45.987796" lon="15.450169"></trkpt>
      <trkpt lat="45.987286" lon="15.452216"></trkpt>
      <trkpt lat="45.987189" lon="15.453661"></trkpt>
      <trkpt lat="45.987314" lon="15.4553"></trkpt>
      <trkpt lat="45.988318" lon="15.459788"></trkpt>
      <trkpt lat="45.988499" lon="15.460972"></trkpt>
      <trkpt lat="45.98854" lon="15.462341"></trkpt>
      <trkpt lat="45.987775" lon="15.468478"></trkpt>
      <trkpt lat="45.987169" lon="15.470648"></trkpt>
      <trkpt lat="45.984268" lon="15.475923"></trkpt>
      <trkpt lat="45.983313" lon="15.477316"></trkpt>
      <trkpt lat="45.982515" lon="15.478121"></trkpt>
      <trkpt lat="45.977845" lon="15.481973"></trkpt>
      <trkpt lat="45.968178" lon="15.487777"></trkpt>
      <trkpt lat="45.966402" lon="15.4887"></trkpt>
      <trkpt lat="45.965638" lon="15.488906"></trkpt>
      <trkpt lat="45.964702" lon="15.488955"></trkpt>
      <trkpt lat="45.961973" lon="15.488313"></trkpt>
      <trkpt lat="45.961097" lon="15.488344"></trkpt>
      <trkpt lat="45.959989" lon="15.488725"></trkpt>
      <trkpt lat="45.959116" lon="15.489331"></trkpt>
      <trkpt lat="45.95779" lon="15.490921"></trkpt>
      <trkpt lat="45.952329" lon="15.498997"></trkpt>
      <trkpt lat="45.95129" lon="15.500693"></trkpt>
      <trkpt lat="45.950667" lon="15.502086"></trkpt>
      <trkpt lat="45.949948" lon="15.504605"></trkpt>
      <trkpt lat="45.946983" lon="15.522785"></trkpt>
      <trkpt lat="45.946859" lon="15.524533"></trkpt>
      <trkpt lat="45.946612" lon="15.535121"></trkpt>
      <trkpt lat="45.946433" lon="15.536775"></trkpt>
      <trkpt lat="45.945977" lon="15.538679"></trkpt>
      <trkpt lat="45.905911" lon="15.631328"></trkpt>
      <trkpt lat="45.905256" lon="15.633116"></trkpt>
      <trkpt lat="45.898725" lon="15.654445"></trkpt>
      <trkpt lat="45.896895" lon="15.660026"></trkpt>
      <trkpt lat="45.855872" lon="15.792043"></trkpt>
      <trkpt lat="45.852267" lon="15.803466"></trkpt>
      <trkpt lat="45.851673" lon="15.804947"></trkpt>
      <trkpt lat="45.850912" lon="15.806133"></trkpt>
      <trkpt lat="45.850208" lon="15.806952"></trkpt>
      <trkpt lat="45.837018" lon="15.821122"></trkpt>
      <trkpt lat="45.836236" lon="15.821659"></trkpt>
      <trkpt lat="45.835521" lon="15.821975"></trkpt>
      <trkpt lat="45.83036" lon="15.823428"></trkpt>
      <trkpt lat="45.827354" lon="15.825602"></trkpt>
      <trkpt lat="45.818562" lon="15.830023"></trkpt>
      <trkpt lat="45.817376" lon="15.831123"></trkpt>
      <trkpt lat="45.816771" lon="15.832"></trkpt>
      <trkpt lat="45.816211" lon="15.833176"></trkpt>
      <trkpt lat="45.815846" lon="15.834374"></trkpt>
      <trkpt lat="45.815612" lon="15.835946"></trkpt>
      <trkpt lat="45.815492" lon="15.837963"></trkpt>
      <trkpt lat="45.810815" lon="15.923822"></trkpt>
      <trkpt lat="45.810313" lon="15.93113"></trkpt>
      <trkpt lat="45.809416" lon="15.94764"></trkpt>
      <trkpt lat="45.809374" lon="15.95076"></trkpt>
      <trkpt lat="45.808941" lon="15.95779"></trkpt>
      <trkpt lat="45.808678" lon="15.959238"></trkpt>
      <trkpt lat="45.808144" lon="15.960628"></trkpt>
      <trkpt lat="45.807664" lon="15.961495"></trkpt>
      <trkpt lat="45.805214" lon="15.965091"></trkpt>
      <trkpt lat="45.804525" lon="15.966511"></trkpt>
      <trkpt lat="45.804086" lon="15.968365"></trkpt>
      <trkpt lat="45.804048" lon="15.971114"></trkpt>
      <trkpt lat="45.805011" lon="15.989292"></trkpt>
      <trkpt lat="45.807056" lon="15.997236"></trkpt>
      <trkpt lat="45.813196" lon="16.019895"></trkpt>
      <trkpt lat="45.813679" lon="16.022048"></trkpt>
      <trkpt lat="45.81663" lon="16.038901"></trkpt>
      <trkpt lat="45.826354" lon="16.096612"></trkpt>
      <trkpt lat="45.826598" lon="16.098714"></trkpt>
      <trkpt lat="45.826639" lon="16.101027"></trkpt>
      <trkpt lat="45.826528" lon="16.10265"></trkpt>
      <trkpt lat="45.826252" lon="16.104321"></trkpt>
      <trkpt lat="45.801213" lon="16.208129"></trkpt>
      <trkpt lat="45.800549" lon="16.211719"></trkpt>
      <trkpt lat="45.800251" lon="16.215258"></trkpt>
      <trkpt lat="45.800298" lon="16.21877"></trkpt>
      <trkpt lat="45.801855" lon="16.241545"></trkpt>
      <trkpt lat="45.803348" lon="16.265489"></trkpt>
      <trkpt lat="45.803893" lon="16.269942"></trkpt>
      <trkpt lat="45.80497" lon="16.274118"></trkpt>
      <trkpt lat="45.806477" lon="16.27777"></trkpt>
      <trkpt lat="45.859905" lon="16.37736"></trkpt>
      <trkpt lat="45.861173" lon="16.37954"></trkpt>
      <trkpt lat="45.862571" lon="16.381436"></trkpt>
      <trkpt lat="45.86346" lon="16.382411"></trkpt>
      <trkpt lat="45.86631" lon="16.385077"></trkpt>
      <trkpt lat="45.868136" lon="16.387272"></trkpt>
      <trkpt lat="45.869749" lon="16.389946"></trkpt>
      <trkpt lat="45.870792" lon="16.392296"></trkpt>
      <trkpt lat="45.87178" lon="16.395403"></trkpt>
      <trkpt lat="45.872333" lon="16.398164"></trkpt>
      <trkpt lat="45.873392" lon="16.408529"></trkpt>
      <trkpt lat="45.875175" lon="16.436583"></trkpt>
      <trkpt lat="45.875155" lon="16.43902"></trkpt>
      <trkpt lat="45.874689" lon="16.445566"></trkpt>
      <trkpt lat="45.874723" lon="16.447613"></trkpt>
      <trkpt lat="45.874927" lon="16.449905"></trkpt>
      <trkpt lat="45.875472" lon="16.452966"></trkpt>
      <trkpt lat="45.876314" lon="16.455861"></trkpt>
      <trkpt lat="45.877392" lon="16.458481"></trkpt>
      <trkpt lat="45.878986" lon="16.461274"></trkpt>
      <trkpt lat="45.880579" lon="16.463318"></trkpt>
      <trkpt lat="45.88222" lon="16.464899"></trkpt>
      <trkpt lat="45.900435" lon="16.479665"></trkpt>
      <trkpt lat="45.901443" lon="16.480366"></trkpt>
      <trkpt lat="45.902773" lon="16.481178"></trkpt>
      <trkpt lat="45.904379" lon="16.481867"></trkpt>
      <trkpt lat="45.912009" lon="16.48399"></trkpt>
      <trkpt lat="45.918044" lon="16.485821"></trkpt>
      <trkpt lat="45.919606" lon="16.486348"></trkpt>
      <trkpt lat="45.92087" lon="16.486949"></trkpt>
      <trkpt lat="45.987369" lon="16.5294"></trkpt>
      <trkpt lat="45.989194" lon="16.530396"></trkpt>
      <trkpt lat="45.993011" lon="16.532235"></trkpt>
      <trkpt lat="45.994987" lon="16.533389"></trkpt>
      <trkpt lat="45.999344" lon="16.536668"></trkpt>
      <trkpt lat="46.000992" lon="16.538084"></trkpt>
      <trkpt lat="46.004541" lon="16.541657"></trkpt>
      <trkpt lat="46.007302" lon="16.544775"></trkpt>
      <trkpt lat="46.00998" lon="16.547504"></trkpt>
      <trkpt lat="46.013622" lon="16.55203"></trkpt>
      <trkpt lat="46.015162" lon="16.554551"></trkpt>
      <trkpt lat="46.016371" lon="16.557266"></trkpt>
      <trkpt lat="46.017312" lon="16.560278"></trkpt>
      <trkpt lat="46.017765" lon="16.562301"></trkpt>
      <trkpt lat="46.019064" lon="16.569564"></trkpt>
      <trkpt lat="46.019827" lon="16.572432"></trkpt>
      <trkpt lat="46.026574" lon="16.589839"></trkpt>
      <trkpt lat="46.0288" lon="16.595179"></trkpt>
      <trkpt lat="46.030448" lon="16.598082"></trkpt>
      <trkpt lat="46.03254" lon="16.600902"></trkpt>
      <trkpt lat="46.044482" lon="16.613469"></trkpt>
      <trkpt lat="46.045959" lon="16.615109"></trkpt>
      <trkpt lat="46.046984" lon="16.616624"></trkpt>
      <trkpt lat="46.048224" lon="16.618966"></trkpt>
      <trkpt lat="46.051204" lon="16.625948"></trkpt>
      <trkpt lat="46.054946" lon="16.636254"></trkpt>
      <trkpt lat="46.056237" lon="16.638819"></trkpt>
      <trkpt lat="46.057649" lon="16.64084"></trkpt>
      <trkpt lat="46.059285" lon="16.642642"></trkpt>
      <trkpt lat="46.060885" lon="16.643991"></trkpt>
      <trkpt lat="46.071951" lon="16.651182"></trkpt>
      <trkpt lat="46.073132" lon="16.651764"></trkpt>
      <trkpt lat="46.075104" lon="16.652446"></trkpt>
      <trkpt lat="46.076458" lon="16.652691"></trkpt>
      <trkpt lat="46.08368" lon="16.652644"></trkpt>
      <trkpt lat="46.084521" lon="16.652674"></trkpt>
      <trkpt lat="46.085684" lon="16.652889"></trkpt>
      <trkpt lat="46.087753" lon="16.653543"></trkpt>
      <trkpt lat="46.090665" lon="16.654785"></trkpt>
      <trkpt lat="46.093117" lon="16.656208"></trkpt>
      <trkpt lat="46.093964" lon="16.656811"></trkpt>
      <trkpt lat="46.095181" lon="16.658036"></trkpt>
      <trkpt lat="46.096773" lon="16.660394"></trkpt>
      <trkpt lat="46.097527" lon="16.662055"></trkpt>
      <trkpt lat="46.09832" lon="16.664428"></trkpt>
      <trkpt lat="46.098906" lon="16.667564"></trkpt>
      <trkpt lat="46.099027" lon="16.670929"></trkpt>
      <trkpt lat="46.09753" lon="16.690204"></trkpt>
      <trkpt lat="46.097494" lon="16.695055"></trkpt>
      <trkpt lat="46.097664" lon="16.697051"></trkpt>
      <trkpt lat="46.098034" lon="16.699126"></trkpt>
      <trkpt lat="46.101069" lon="16.71168"></trkpt>
      <trkpt lat="46.101816" lon="16.71412"></trkpt>
      <trkpt lat="46.102787" lon="16.716499"></trkpt>
      <trkpt lat="46.104942" lon="16.720816"></trkpt>
      <trkpt lat="46.10986" lon="16.727379"></trkpt>
      <trkpt lat="46.110993" lon="16.729157"></trkpt>
      <trkpt lat="46.11189" lon="16.731033"></trkpt>
      <trkpt lat="46.115117" lon="16.738946"></trkpt>
      <trkpt lat="46.115779" lon="16.741242"></trkpt>
      <trkpt lat="46.116622" lon="16.746081"></trkpt>
      <trkpt lat="46.117117" lon="16.748317"></trkpt>
      <trkpt lat="46.117962" lon="16.750864"></trkpt>
      <trkpt lat="46.119505" lon="16.754207"></trkpt>
      <trkpt lat="46.133689" lon="16.779746"></trkpt>
      <trkpt lat="46.141556" lon="16.795663"></trkpt>
      <trkpt lat="46.143407" lon="16.798737"></trkpt>
      <trkpt lat="46.14455" lon="16.800116"></trkpt>
      <trkpt lat="46.146435" lon="16.801766"></trkpt>
      <trkpt lat="46.168256" lon="16.81904"></trkpt>
      <trkpt lat="46.169664" lon="16.82001"></trkpt>
      <trkpt lat="46.168648" lon="16.819211"></trkpt>
      <trkpt lat="46.166892" lon="16.817145"></trkpt>
      <trkpt lat="46.164154" lon="16.81457"></trkpt>
      <trkpt lat="46.162259" lon="16.81318"></trkpt>
      <trkpt lat="46.1632" lon="16.814127"></trkpt>
      <trkpt lat="46.162259" lon="16.81318"></trkpt>
      <trkpt lat="46.164154" lon="16.81457"></trkpt>
      <trkpt lat="46.166331" lon="16.816596"></trkpt>
      <trkpt lat="46.168648" lon="16.819211"></trkpt>
      <trkpt lat="46.169664" lon="16.82001"></trkpt>
      <trkpt lat="46.168862" lon="16.819457"></trkpt>
      <trkpt lat="46.170761" lon="16.821059"></trkpt>
      <trkpt lat="46.171792" lon="16.822339"></trkpt>
      <trkpt lat="46.230431" lon="16.924225"></trkpt>
      <trkpt lat="46.232495" lon="16.92703"></trkpt>
      <trkpt lat="46.238381" lon="16.933937"></trkpt>
      <trkpt lat="46.239398" lon="16.934972"></trkpt>
      <trkpt lat="46.242997" lon="16.939122"></trkpt>
      <trkpt lat="46.247359" lon="16.944587"></trkpt>
      <trkpt lat="46.248039" lon="16.945862"></trkpt>
      <trkpt lat="46.248491" lon="16.947357"></trkpt>
      <trkpt lat="46.24874" lon="16.949806"></trkpt>
      <trkpt lat="46.248959" lon="16.948142"></trkpt>
      <trkpt lat="46.249401" lon="16.94696"></trkpt>
      <trkpt lat="46.249937" lon="16.945923"></trkpt>
      <trkpt lat="46.252725" lon="16.941916"></trkpt>
      <trkpt lat="46.257582" lon="16.933202"></trkpt>
      <trkpt lat="46.262301" lon="16.925279"></trkpt>
      <trkpt lat="46.26383" lon="16.921611"></trkpt>
      <trkpt lat="46.266314" lon="16.913925"></trkpt>
      <trkpt lat="46.267076" lon="16.912345"></trkpt>
      <trkpt lat="46.267897" lon="16.911096"></trkpt>
      <trkpt lat="46.269069" lon="16.909825"></trkpt>
      <trkpt lat="46.269955" lon="16.90909"></trkpt>
      <trkpt lat="46.275284" lon="16.905163"></trkpt>
      <trkpt lat="46.279696" lon="16.90173"></trkpt>
      <trkpt lat="46.284346" lon="16.898802"></trkpt>
      <trkpt lat="46.285698" lon="16.898115"></trkpt>
      <trkpt lat="46.288196" lon="16.897105"></trkpt>
      <trkpt lat="46.289482" lon="16.896265"></trkpt>
      <trkpt lat="46.291529" lon="16.894407"></trkpt>
      <trkpt lat="46.293829" lon="16.891865"></trkpt>
      <trkpt lat="46.296069" lon="16.889157"></trkpt>
      <trkpt lat="46.297324" lon="16.888043"></trkpt>
      <trkpt lat="46.299338" lon="16.886886"></trkpt>
      <trkpt lat="46.302464" lon="16.886235"></trkpt>
      <trkpt lat="46.304335" lon="16.8856"></trkpt>
      <trkpt lat="46.309644" lon="16.883208"></trkpt>
      <trkpt lat="46.318635" lon="16.87852"></trkpt>
      <trkpt lat="46.320099" lon="16.877918"></trkpt>
      <trkpt lat="46.322072" lon="16.877421"></trkpt>
      <trkpt lat="46.323959" lon="16.877175"></trkpt>
      <trkpt lat="46.325939" lon="16.877436"></trkpt>
      <trkpt lat="46.327648" lon="16.87809"></trkpt>
      <trkpt lat="46.329259" lon="16.87899"></trkpt>
      <trkpt lat="46.331436" lon="16.880444"></trkpt>
      <trkpt lat="46.332739" lon="16.881072"></trkpt>
      <trkpt lat="46.334132" lon="16.881338"></trkpt>
      <trkpt lat="46.33528" lon="16.88127"></trkpt>
      <trkpt lat="46.33592" lon="16.881113"></trkpt>
      <trkpt lat="46.337141" lon="16.88056"></trkpt>
      <trkpt lat="46.337742" lon="16.880159"></trkpt>
      <trkpt lat="46.339614" lon="16.87848"></trkpt>
      <trkpt lat="46.344296" lon="16.874742"></trkpt>
      <trkpt lat="46.345519" lon="16.873839"></trkpt>
      <trkpt lat="46.346365" lon="16.873358"></trkpt>
      <trkpt lat="46.358541" lon="16.868438"></trkpt>
      <trkpt lat="46.359396" lon="16.868305"></trkpt>
      <trkpt lat="46.360001" lon="16.868362"></trkpt>
      <trkpt lat="46.361143" lon="16.86895"></trkpt>
      <trkpt lat="46.362091" lon="16.870028"></trkpt>
      <trkpt lat="46.362573" lon="16.871047"></trkpt>
      <trkpt lat="46.362838" lon="16.8719"></trkpt>
      <trkpt lat="46.363381" lon="16.874221"></trkpt>
      <trkpt lat="46.367996" lon="16.89811"></trkpt>
      <trkpt lat="46.36913" lon="16.902338"></trkpt>
      <trkpt lat="46.371097" lon="16.90744"></trkpt>
      <trkpt lat="46.372787" lon="16.910793"></trkpt>
      <trkpt lat="46.40154" lon="16.960796"></trkpt>
      <trkpt lat="46.403067" lon="16.963189"></trkpt>
      <trkpt lat="46.417391" lon="16.980954"></trkpt>
      <trkpt lat="46.418321" lon="16.981942"></trkpt>
      <trkpt lat="46.419387" lon="16.982762"></trkpt>
      <trkpt lat="46.420783" lon="16.983456"></trkpt>
      <trkpt lat="46.423299" lon="16.984056"></trkpt>
      <trkpt lat="46.437477" lon="16.986591"></trkpt>
      <trkpt lat="46.438408" lon="16.986612"></trkpt>
      <trkpt lat="46.442449" lon="16.987348"></trkpt>
      <trkpt lat="46.443359" lon="16.98764"></trkpt>
      <trkpt lat="46.445042" lon="16.987963"></trkpt>
      <trkpt lat="46.446211" lon="16.988542"></trkpt>
      <trkpt lat="46.447159" lon="16.989314"></trkpt>
      <trkpt lat="46.448278" lon="16.990625"></trkpt>
      <trkpt lat="46.448916" lon="16.991698"></trkpt>
      <trkpt lat="46.449592" lon="16.993278"></trkpt>
      <trkpt lat="46.450153" lon="16.995526"></trkpt>
      <trkpt lat="46.450341" lon="16.998227"></trkpt>
      <trkpt lat="46.450142" lon="17.000447"></trkpt>
      <trkpt lat="46.449338" lon="17.003311"></trkpt>
      <trkpt lat="46.443403" lon="17.019849"></trkpt>
      <trkpt lat="46.443035" lon="17.021114"></trkpt>
      <trkpt lat="46.442742" lon="17.02337"></trkpt>
      <trkpt lat="46.442774" lon="17.025353"></trkpt>
      <trkpt lat="46.443024" lon="17.027024"></trkpt>
      <trkpt lat="46.443488" lon="17.028593"></trkpt>
      <trkpt lat="46.443956" lon="17.029776"></trkpt>
      <trkpt lat="46.444961" lon="17.031551"></trkpt>
      <trkpt lat="46.445893" lon="17.032448"></trkpt>
      <trkpt lat="46.446905" lon="17.033232"></trkpt>
      <trkpt lat="46.450791" lon="17.035647"></trkpt>
      <trkpt lat="46.467332" lon="17.045723"></trkpt>
      <trkpt lat="46.46854" lon="17.046686"></trkpt>
      <trkpt lat="46.469597" lon="17.047775"></trkpt>
      <trkpt lat="46.470807" lon="17.049394"></trkpt>
      <trkpt lat="46.47179" lon="17.05109"></trkpt>
      <trkpt lat="46.472897" lon="17.053915"></trkpt>
      <trkpt lat="46.473527" lon="17.056443"></trkpt>
      <trkpt lat="46.473777" lon="17.058374"></trkpt>
      <trkpt lat="46.473879" lon="17.061042"></trkpt>
      <trkpt lat="46.473747" lon="17.063344"></trkpt>
      <trkpt lat="46.471217" lon="17.083343"></trkpt>
      <trkpt lat="46.47112" lon="17.086629"></trkpt>
      <trkpt lat="46.47133" lon="17.089011"></trkpt>
      <trkpt lat="46.471859" lon="17.091949"></trkpt>
      <trkpt lat="46.472454" lon="17.094218"></trkpt>
      <trkpt lat="46.478967" lon="17.114795"></trkpt>
      <trkpt lat="46.479659" lon="17.116443"></trkpt>
      <trkpt lat="46.481106" lon="17.119057"></trkpt>
      <trkpt lat="46.515961" lon="17.174017"></trkpt>
      <trkpt lat="46.51899" lon="17.178536"></trkpt>
      <trkpt lat="46.520578" lon="17.180202"></trkpt>
      <trkpt lat="46.533693" lon="17.191016"></trkpt>
      <trkpt lat="46.534274" lon="17.191591"></trkpt>
      <trkpt lat="46.540021" lon="17.196269"></trkpt>
      <trkpt lat="46.542194" lon="17.197612"></trkpt>
      <trkpt lat="46.543776" lon="17.198183"></trkpt>
      <trkpt lat="46.544917" lon="17.198458"></trkpt>
      <trkpt lat="46.565356" lon="17.202379"></trkpt>
      <trkpt lat="46.566856" lon="17.202896"></trkpt>
      <trkpt lat="46.568773" lon="17.203907"></trkpt>
      <trkpt lat="46.570481" lon="17.205259"></trkpt>
      <trkpt lat="46.572023" lon="17.206884"></trkpt>
      <trkpt lat="46.584679" lon="17.223004"></trkpt>
      <trkpt lat="46.586204" lon="17.224468"></trkpt>
      <trkpt lat="46.587977" lon="17.225606"></trkpt>
      <trkpt lat="46.60685" lon="17.234148"></trkpt>
      <trkpt lat="46.607979" lon="17.234753"></trkpt>
      <trkpt lat="46.612886" lon="17.236953"></trkpt>
      <trkpt lat="46.613574" lon="17.237174"></trkpt>
      <trkpt lat="46.663184" lon="17.259699"></trkpt>
      <trkpt lat="46.665647" lon="17.261146"></trkpt>
      <trkpt lat="46.694381" lon="17.290664"></trkpt>
      <trkpt lat="46.695235" lon="17.291703"></trkpt>
      <trkpt lat="46.708921" lon="17.305964"></trkpt>
      <trkpt lat="46.710299" lon="17.307761"></trkpt>
      <trkpt lat="46.711274" lon="17.309361"></trkpt>
      <trkpt lat="46.712235" lon="17.311581"></trkpt>
      <trkpt lat="46.713003" lon="17.313801"></trkpt>
      <trkpt lat="46.713702" lon="17.316893"></trkpt>
      <trkpt lat="46.713973" lon="17.319233"></trkpt>
      <trkpt lat="46.71406" lon="17.322546"></trkpt>
      <trkpt lat="46.713815" lon="17.339883"></trkpt>
      <trkpt lat="46.713615" lon="17.341602"></trkpt>
      <trkpt lat="46.71298" lon="17.344394"></trkpt>
      <trkpt lat="46.705873" lon="17.363076"></trkpt>
      <trkpt lat="46.705031" lon="17.366272"></trkpt>
      <trkpt lat="46.704678" lon="17.369181"></trkpt>
      <trkpt lat="46.702392" lon="17.403479"></trkpt>
      <trkpt lat="46.702327" lon="17.406301"></trkpt>
      <trkpt lat="46.70397" lon="17.426541"></trkpt>
      <trkpt lat="46.704778" lon="17.435193"></trkpt>
      <trkpt lat="46.711537" lon="17.472125"></trkpt>
      <trkpt lat="46.714488" lon="17.488834"></trkpt>
      <trkpt lat="46.715272" lon="17.492707"></trkpt>
      <trkpt lat="46.71574" lon="17.494483"></trkpt>
      <trkpt lat="46.716662" lon="17.497143"></trkpt>
      <trkpt lat="46.725732" lon="17.520399"></trkpt>
      <trkpt lat="46.727567" lon="17.52501"></trkpt>
      <trkpt lat="46.72828" lon="17.526447"></trkpt>
      <trkpt lat="46.729511" lon="17.528184"></trkpt>
      <trkpt lat="46.730764" lon="17.529393"></trkpt>
      <trkpt lat="46.739799" lon="17.536581"></trkpt>
      <trkpt lat="46.740896" lon="17.537711"></trkpt>
      <trkpt lat="46.741928" lon="17.539087"></trkpt>
      <trkpt lat="46.746824" lon="17.547466"></trkpt>
      <trkpt lat="46.748398" lon="17.551011"></trkpt>
      <trkpt lat="46.750085" lon="17.557353"></trkpt>
      <trkpt lat="46.752325" lon="17.567284"></trkpt>
      <trkpt lat="46.755994" lon="17.582187"></trkpt>
      <trkpt lat="46.773446" lon="17.638865"></trkpt>
      <trkpt lat="46.777786" lon="17.652551"></trkpt>
      <trkpt lat="46.778793" lon="17.654578"></trkpt>
      <trkpt lat="46.781396" lon="17.658653"></trkpt>
      <trkpt lat="46.782099" lon="17.660151"></trkpt>
      <trkpt lat="46.782485" lon="17.661336"></trkpt>
      <trkpt lat="46.782914" lon="17.663637"></trkpt>
      <trkpt lat="46.785905" lon="17.687958"></trkpt>
      <trkpt lat="46.786472" lon="17.690837"></trkpt>
      <trkpt lat="46.806736" lon="17.762402"></trkpt>
      <trkpt lat="46.810578" lon="17.772775"></trkpt>
      <trkpt lat="46.81128" lon="17.774325"></trkpt>
      <trkpt lat="46.813778" lon="17.780979"></trkpt>
      <trkpt lat="46.814229" lon="17.782513"></trkpt>
      <trkpt lat="46.837679" lon="17.845202"></trkpt>
      <trkpt lat="46.863965" lon="17.903155"></trkpt>
      <trkpt lat="46.875328" lon="17.928354"></trkpt>
      <trkpt lat="46.876238" lon="17.930615"></trkpt>
      <trkpt lat="46.877291" lon="17.934233"></trkpt>
      <trkpt lat="46.903746" lon="18.041689"></trkpt>
      <trkpt lat="46.909376" lon="18.057755"></trkpt>
      <trkpt lat="46.909859" lon="18.059383"></trkpt>
      <trkpt lat="46.923881" lon="18.098902"></trkpt>
      <trkpt lat="46.925354" lon="18.102207"></trkpt>
      <trkpt lat="46.939717" lon="18.129223"></trkpt>
      <trkpt lat="46.942114" lon="18.133226"></trkpt>
      <trkpt lat="46.944" lon="18.136114"></trkpt>
      <trkpt lat="46.947886" lon="18.141605"></trkpt>
      <trkpt lat="46.950585" lon="18.145092"></trkpt>
      <trkpt lat="46.953422" lon="18.148329"></trkpt>
      <trkpt lat="46.957118" lon="18.15209"></trkpt>
      <trkpt lat="46.959426" lon="18.15415"></trkpt>
      <trkpt lat="46.964183" lon="18.157901"></trkpt>
      <trkpt lat="46.969086" lon="18.161013"></trkpt>
      <trkpt lat="46.972432" lon="18.162648"></trkpt>
      <trkpt lat="46.977079" lon="18.164652"></trkpt>
      <trkpt lat="46.980608" lon="18.166624"></trkpt>
      <trkpt lat="46.981645" lon="18.167373"></trkpt>
      <trkpt lat="46.983037" lon="18.168902"></trkpt>
      <trkpt lat="46.984554" lon="18.171329"></trkpt>
      <trkpt lat="46.985418" lon="18.17307"></trkpt>
      <trkpt lat="46.98646" lon="18.175797"></trkpt>
      <trkpt lat="46.987116" lon="18.178964"></trkpt>
      <trkpt lat="46.987373" lon="18.182885"></trkpt>
      <trkpt lat="46.987055" lon="18.186796"></trkpt>
      <trkpt lat="46.986522" lon="18.189304"></trkpt>
      <trkpt lat="46.985281" lon="18.192796"></trkpt>
      <trkpt lat="46.97445" lon="18.217068"></trkpt>
      <trkpt lat="46.97404" lon="18.218151"></trkpt>
      <trkpt lat="46.973439" lon="18.220356"></trkpt>
      <trkpt lat="46.973128" lon="18.223537"></trkpt>
      <trkpt lat="46.973234" lon="18.225779"></trkpt>
      <trkpt lat="46.9736" lon="18.22792"></trkpt>
      <trkpt lat="46.974197" lon="18.229851"></trkpt>
      <trkpt lat="46.974706" lon="18.231015"></trkpt>
      <trkpt lat="46.975744" lon="18.232827"></trkpt>
      <trkpt lat="46.9886" lon="18.249203"></trkpt>
      <trkpt lat="46.99806" lon="18.2619"></trkpt>
      <trkpt lat="46.999331" lon="18.264074"></trkpt>
      <trkpt lat="47.049224" lon="18.357183"></trkpt>
      <trkpt lat="47.051791" lon="18.361149"></trkpt>
      <trkpt lat="47.052909" lon="18.362557"></trkpt>
      <trkpt lat="47.054604" lon="18.364285"></trkpt>
      <trkpt lat="47.056397" lon="18.365838"></trkpt>
      <trkpt lat="47.057838" lon="18.366783"></trkpt>
      <trkpt lat="47.059614" lon="18.367791"></trkpt>
      <trkpt lat="47.062883" lon="18.369086"></trkpt>
      <trkpt lat="47.096597" lon="18.378818"></trkpt>
      <trkpt lat="47.098234" lon="18.379578"></trkpt>
      <trkpt lat="47.099384" lon="18.380307"></trkpt>
      <trkpt lat="47.100654" lon="18.381395"></trkpt>
      <trkpt lat="47.10182" lon="18.382746"></trkpt>
      <trkpt lat="47.10511" lon="18.387723"></trkpt>
      <trkpt lat="47.112374" lon="18.401784"></trkpt>
      <trkpt lat="47.114041" lon="18.404489"></trkpt>
      <trkpt lat="47.115122" lon="18.405856"></trkpt>
      <trkpt lat="47.116494" lon="18.407197"></trkpt>
      <trkpt lat="47.118217" lon="18.408461"></trkpt>
      <trkpt lat="47.119994" lon="18.409356"></trkpt>
      <trkpt lat="47.121141" lon="18.409745"></trkpt>
      <trkpt lat="47.122292" lon="18.409981"></trkpt>
      <trkpt lat="47.123381" lon="18.410081"></trkpt>
      <trkpt lat="47.124869" lon="18.410038"></trkpt>
      <trkpt lat="47.171438" lon="18.405494"></trkpt>
      <trkpt lat="47.172765" lon="18.405659"></trkpt>
      <trkpt lat="47.174543" lon="18.406421"></trkpt>
      <trkpt lat="47.175908" lon="18.407515"></trkpt>
      <trkpt lat="47.177349" lon="18.409233"></trkpt>
      <trkpt lat="47.178157" lon="18.410719"></trkpt>
      <trkpt lat="47.178931" lon="18.412699"></trkpt>
      <trkpt lat="47.182973" lon="18.425012"></trkpt>
      <trkpt lat="47.185437" lon="18.432979"></trkpt>
      <trkpt lat="47.185948" lon="18.435568"></trkpt>
      <trkpt lat="47.186078" lon="18.437885"></trkpt>
      <trkpt lat="47.18593" lon="18.440194"></trkpt>
      <trkpt lat="47.185574" lon="18.442139"></trkpt>
      <trkpt lat="47.185036" lon="18.443939"></trkpt>
      <trkpt lat="47.18416" lon="18.44591"></trkpt>
      <trkpt lat="47.18302" lon="18.447698"></trkpt>
      <trkpt lat="47.17459" lon="18.459078"></trkpt>
      <trkpt lat="47.173692" lon="18.460513"></trkpt>
      <trkpt lat="47.172738" lon="18.462361"></trkpt>
      <trkpt lat="47.171746" lon="18.464828"></trkpt>
      <trkpt lat="47.171061" lon="18.467107"></trkpt>
      <trkpt lat="47.170449" lon="18.470148"></trkpt>
      <trkpt lat="47.170178" lon="18.472588"></trkpt>
      <trkpt lat="47.170098" lon="18.475582"></trkpt>
      <trkpt lat="47.170293" lon="18.478592"></trkpt>
      <trkpt lat="47.171589" lon="18.486123"></trkpt>
      <trkpt lat="47.172148" lon="18.490657"></trkpt>
      <trkpt lat="47.177014" lon="18.552386"></trkpt>
      <trkpt lat="47.177608" lon="18.555353"></trkpt>
      <trkpt lat="47.178529" lon="18.55815"></trkpt>
      <trkpt lat="47.201545" lon="18.614649"></trkpt>
      <trkpt lat="47.20454" lon="18.621406"></trkpt>
      <trkpt lat="47.207601" lon="18.627455"></trkpt>
      <trkpt lat="47.219321" lon="18.649397"></trkpt>
      <trkpt lat="47.221063" lon="18.652943"></trkpt>
      <trkpt lat="47.226483" lon="18.662929"></trkpt>
      <trkpt lat="47.230462" lon="18.670804"></trkpt>
      <trkpt lat="47.236137" lon="18.681497"></trkpt>
      <trkpt lat="47.237317" lon="18.683333"></trkpt>
      <trkpt lat="47.316025" lon="18.775685"></trkpt>
      <trkpt lat="47.322566" lon="18.783818"></trkpt>
      <trkpt lat="47.324554" lon="18.786807"></trkpt>
      <trkpt lat="47.325493" lon="18.788599"></trkpt>
      <trkpt lat="47.36279" lon="18.868094"></trkpt>
      <trkpt lat="47.364853" lon="18.872861"></trkpt>
      <trkpt lat="47.368632" lon="18.880653"></trkpt>
      <trkpt lat="47.373682" lon="18.891559"></trkpt>
      <trkpt lat="47.374842" lon="18.894625"></trkpt>
      <trkpt lat="47.375766" lon="18.89831"></trkpt>
      <trkpt lat="47.37654" lon="18.902761"></trkpt>
      <trkpt lat="47.389331" lon="18.98345"></trkpt>
      <trkpt lat="47.390286" lon="18.988511"></trkpt>
      <trkpt lat="47.390779" lon="18.990096"></trkpt>
      <trkpt lat="47.391425" lon="18.991681"></trkpt>
      <trkpt lat="47.407609" lon="19.026354"></trkpt>
      <trkpt lat="47.413101" lon="19.038368"></trkpt>
      <trkpt lat="47.413642" lon="19.039333"></trkpt>
      <trkpt lat="47.414563" lon="19.040535"></trkpt>
      <trkpt lat="47.415513" lon="19.041343"></trkpt>
      <trkpt lat="47.41646" lon="19.041823"></trkpt>
      <trkpt lat="47.417572" lon="19.04207"></trkpt>
      <trkpt lat="47.426233" lon="19.041492"></trkpt>
      <trkpt lat="47.427986" lon="19.041228"></trkpt>
      <trkpt lat="47.429839" lon="19.040748"></trkpt>
      <trkpt lat="47.431296" lon="19.04016"></trkpt>
      <trkpt lat="47.43287" lon="19.039288"></trkpt>
      <trkpt lat="47.439659" lon="19.034618"></trkpt>
      <trkpt lat="47.451859" lon="19.026634"></trkpt>
      <trkpt lat="47.452605" lon="19.025898"></trkpt>
      <trkpt lat="47.453942" lon="19.024029"></trkpt>
      <trkpt lat="47.455221" lon="19.02185"></trkpt>
      <trkpt lat="47.456089" lon="19.021095"></trkpt>
      <trkpt lat="47.457859" lon="19.020591"></trkpt>
      <trkpt lat="47.462918" lon="19.020217"></trkpt>
      <trkpt lat="47.467174" lon="19.020826"></trkpt>
      <trkpt lat="47.468198" lon="19.020814"></trkpt>
      <trkpt lat="47.470475" lon="19.021248"></trkpt>
      <trkpt lat="47.470985" lon="19.021571"></trkpt>
      <trkpt lat="47.471568" lon="19.022213"></trkpt>
      <trkpt lat="47.472174" lon="19.023564"></trkpt>
      <trkpt lat="47.47313" lon="19.031478"></trkpt>
      <trkpt lat="47.473182" lon="19.032825"></trkpt>
      <trkpt lat="47.47301" lon="19.034651"></trkpt>
      <trkpt lat="47.468974" lon="19.056419"></trkpt>
      <trkpt lat="47.468754" lon="19.058141"></trkpt>
      <trkpt lat="47.468148" lon="19.080167"></trkpt>
      <trkpt lat="47.468475" lon="19.087129"></trkpt>
      <trkpt lat="47.468798" lon="19.089967"></trkpt>
      <trkpt lat="47.469447" lon="19.094046"></trkpt>
      <trkpt lat="47.472296" lon="19.105321"></trkpt>
      <trkpt lat="47.473555" lon="19.109469"></trkpt>
      <trkpt lat="47.474628" lon="19.112105"></trkpt>
      <trkpt lat="47.475762" lon="19.11404"></trkpt>
      <trkpt lat="47.477624" lon="19.116136"></trkpt>
      <trkpt lat="47.479568" lon="19.117773"></trkpt>
      <trkpt lat="47.48043" lon="19.118205"></trkpt>
      <trkpt lat="47.481593" lon="19.118538"></trkpt>
      <trkpt lat="47.485453" lon="19.119116"></trkpt>
      <trkpt lat="47.48592" lon="19.119054"></trkpt>
      <trkpt lat="47.486436" lon="19.118831"></trkpt>
      <trkpt lat="47.48733" lon="19.117976"></trkpt>
      <trkpt lat="47.487936" lon="19.116669"></trkpt>
      <trkpt lat="47.488453" lon="19.114394"></trkpt>
      <trkpt lat="47.488474" lon="19.113032"></trkpt>
      <trkpt lat="47.488186" lon="19.110578"></trkpt>
      <trkpt lat="47.488276" lon="19.108662"></trkpt>
      <trkpt lat="47.488635" lon="19.107276"></trkpt>
      <trkpt lat="47.489565" lon="19.105188"></trkpt>
      <trkpt lat="47.490395" lon="19.103988"></trkpt>
      <trkpt lat="47.491183" lon="19.103175"></trkpt>
      <trkpt lat="47.498589" lon="19.098512"></trkpt>
      <trkpt lat="47.49933" lon="19.097763"></trkpt>
      <trkpt lat="47.499928" lon="19.096701"></trkpt>
      <trkpt lat="47.500275" lon="19.095221"></trkpt>
      <trkpt lat="47.50043" lon="19.092511"></trkpt>
      <trkpt lat="47.500488" lon="19.08411"></trkpt>
  </trkseg></trk>
</gpx>
