<?xml version="1.0" encoding="UTF-8"?>
<gpx version="1.1" creator="yatutbuv" xmlns="http://www.topografix.com/GPX/1/1">
  <trk><name>2015_Kyiv -&gt; Svaliava (741.2km)</name><trkseg>
      <trkpt lat="50.440197" lon="30.487931"></trkpt>
      <trkpt lat="50.440919" lon="30.48699"></trkpt>
      <trkpt lat="50.442339" lon="30.4858"></trkpt>
      <trkpt lat="50.444884" lon="30.482378"></trkpt>
      <trkpt lat="50.445712" lon="30.480411"></trkpt>
      <trkpt lat="50.446038" lon="30.478257"></trkpt>
      <trkpt lat="50.445954" lon="30.477015"></trkpt>
      <trkpt lat="50.445589" lon="30.475593"></trkpt>
      <trkpt lat="50.443673" lon="30.472007"></trkpt>
      <trkpt lat="50.443371" lon="30.471219"></trkpt>
      <trkpt lat="50.443099" lon="30.469991"></trkpt>
      <trkpt lat="50.442555" lon="30.466286"></trkpt>
      <trkpt lat="50.442157" lon="30.455154"></trkpt>
      <trkpt lat="50.441829" lon="30.453669"></trkpt>
      <trkpt lat="50.441322" lon="30.45236"></trkpt>
      <trkpt lat="50.440612" lon="30.451271"></trkpt>
      <trkpt lat="50.439862" lon="30.450582"></trkpt>
      <trkpt lat="50.435807" lon="30.447944"></trkpt>
      <trkpt lat="50.433145" lon="30.445939"></trkpt>
      <trkpt lat="50.416237" lon="30.434876"></trkpt>
      <trkpt lat="50.412238" lon="30.431839"></trkpt>
      <trkpt lat="50.405406" lon="30.42732"></trkpt>
      <trkpt lat="50.403219" lon="30.42549"></trkpt>
      <trkpt lat="50.40109" lon="30.423194"></trkpt>
      <trkpt lat="50.399955" lon="30.421558"></trkpt>
      <trkpt lat="50.398881" lon="30.41971"></trkpt>
      <trkpt lat="50.397738" lon="30.417328"></trkpt>
      <trkpt lat="50.396338" lon="30.413561"></trkpt>
      <trkpt lat="50.376961" lon="30.341941"></trkpt>
      <trkpt lat="50.375521" lon="30.337582"></trkpt>
      <trkpt lat="50.374135" lon="30.334561"></trkpt>
      <trkpt lat="50.373258" lon="30.332945"></trkpt>
      <trkpt lat="50.371287" lon="30.330048"></trkpt>
      <trkpt lat="50.349848" lon="30.306854"></trkpt>
      <trkpt lat="50.34697" lon="30.304344"></trkpt>
      <trkpt lat="50.34454" lon="30.302721"></trkpt>
      <trkpt lat="50.341925" lon="30.30143"></trkpt>
      <trkpt lat="50.339454" lon="30.300593"></trkpt>
      <trkpt lat="50.338215" lon="30.300314"></trkpt>
      <trkpt lat="50.336974" lon="30.300104"></trkpt>
      <trkpt lat="50.33296" lon="30.299848"></trkpt>
      <trkpt lat="50.319405" lon="30.299211"></trkpt>
      <trkpt lat="50.316358" lon="30.298921"></trkpt>
      <trkpt lat="50.308086" lon="30.298579"></trkpt>
      <trkpt lat="50.306999" lon="30.298673"></trkpt>
      <trkpt lat="50.303122" lon="30.299416"></trkpt>
      <trkpt lat="50.301374" lon="30.299991"></trkpt>
      <trkpt lat="50.28706" lon="30.306417"></trkpt>
      <trkpt lat="50.268603" lon="30.314914"></trkpt>
      <trkpt lat="50.267721" lon="30.315217"></trkpt>
      <trkpt lat="50.266831" lon="30.315405"></trkpt>
      <trkpt lat="50.264942" lon="30.315357"></trkpt>
      <trkpt lat="50.262884" lon="30.314659"></trkpt>
      <trkpt lat="50.261874" lon="30.313982"></trkpt>
      <trkpt lat="50.26096" lon="30.313197"></trkpt>
      <trkpt lat="50.260036" lon="30.312178"></trkpt>
      <trkpt lat="50.259183" lon="30.310999"></trkpt>
      <trkpt lat="50.258212" lon="30.309152"></trkpt>
      <trkpt lat="50.257545" lon="30.307518"></trkpt>
      <trkpt lat="50.248558" lon="30.283792"></trkpt>
      <trkpt lat="50.216935" lon="30.202672"></trkpt>
      <trkpt lat="50.216265" lon="30.20064"></trkpt>
      <trkpt lat="50.207205" lon="30.168351"></trkpt>
      <trkpt lat="50.206548" lon="30.166427"></trkpt>
      <trkpt lat="50.187106" lon="30.117739"></trkpt>
      <trkpt lat="50.184581" lon="30.111847"></trkpt>
      <trkpt lat="50.181908" lon="30.105185"></trkpt>
      <trkpt lat="50.176878" lon="30.092214"></trkpt>
      <trkpt lat="50.171006" lon="30.077649"></trkpt>
      <trkpt lat="50.170212" lon="30.07516"></trkpt>
      <trkpt lat="50.164405" lon="30.050001"></trkpt>
      <trkpt lat="50.163986" lon="30.04858"></trkpt>
      <trkpt lat="50.162915" lon="30.046188"></trkpt>
      <trkpt lat="50.161948" lon="30.044598"></trkpt>
      <trkpt lat="50.16103" lon="30.04347"></trkpt>
      <trkpt lat="50.122562" lon="29.997878"></trkpt>
      <trkpt lat="50.112223" lon="29.98332"></trkpt>
      <trkpt lat="50.109782" lon="29.980056"></trkpt>
      <trkpt lat="50.105125" lon="29.973332"></trkpt>
      <trkpt lat="50.103189" lon="29.970755"></trkpt>
      <trkpt lat="50.102058" lon="29.968902"></trkpt>
      <trkpt lat="50.101556" lon="29.967787"></trkpt>
      <trkpt lat="50.092434" lon="29.944993"></trkpt>
      <trkpt lat="50.091836" lon="29.943739"></trkpt>
      <trkpt lat="50.090962" lon="29.942325"></trkpt>
      <trkpt lat="50.089879" lon="29.940987"></trkpt>
      <trkpt lat="50.056125" lon="29.90634"></trkpt>
      <trkpt lat="50.042325" lon="29.892327"></trkpt>
      <trkpt lat="50.041315" lon="29.891148"></trkpt>
      <trkpt lat="50.040153" lon="29.889317"></trkpt>
      <trkpt lat="50.035275" lon="29.880224"></trkpt>
      <trkpt lat="50.015653" lon="29.843291"></trkpt>
      <trkpt lat="50.010505" lon="29.833801"></trkpt>
      <trkpt lat="50.009454" lon="29.831567"></trkpt>
      <trkpt lat="50.007407" lon="29.826005"></trkpt>
      <trkpt lat="49.985174" lon="29.756963"></trkpt>
      <trkpt lat="49.983959" lon="29.751478"></trkpt>
      <trkpt lat="49.960188" lon="29.575956"></trkpt>
      <trkpt lat="49.940859" lon="29.434413"></trkpt>
      <trkpt lat="49.940552" lon="29.430434"></trkpt>
      <trkpt lat="49.940452" lon="29.426359"></trkpt>
      <trkpt lat="49.940584" lon="29.422708"></trkpt>
      <trkpt lat="49.940873" lon="29.419341"></trkpt>
      <trkpt lat="49.951292" lon="29.341614"></trkpt>
      <trkpt lat="49.957699" lon="29.306114"></trkpt>
      <trkpt lat="49.957909" lon="29.302977"></trkpt>
      <trkpt lat="49.957855" lon="29.300253"></trkpt>
      <trkpt lat="49.957538" lon="29.297448"></trkpt>
      <trkpt lat="49.95689" lon="29.294407"></trkpt>
      <trkpt lat="49.956021" lon="29.291748"></trkpt>
      <trkpt lat="49.936153" lon="29.240002"></trkpt>
      <trkpt lat="49.923548" lon="29.209783"></trkpt>
      <trkpt lat="49.922784" lon="29.207546"></trkpt>
      <trkpt lat="49.907866" lon="29.157894"></trkpt>
      <trkpt lat="49.884547" lon="29.094856"></trkpt>
      <trkpt lat="49.868616" lon="29.059487"></trkpt>
      <trkpt lat="49.866511" lon="29.056065"></trkpt>
      <trkpt lat="49.846793" lon="29.029617"></trkpt>
      <trkpt lat="49.845069" lon="29.026947"></trkpt>
      <trkpt lat="49.839804" lon="29.019904"></trkpt>
      <trkpt lat="49.839038" lon="29.019076"></trkpt>
      <trkpt lat="49.792126" lon="28.956294"></trkpt>
      <trkpt lat="49.747886" lon="28.890617"></trkpt>
      <trkpt lat="49.746569" lon="28.888358"></trkpt>
      <trkpt lat="49.746136" lon="28.886923"></trkpt>
      <trkpt lat="49.745995" lon="28.885051"></trkpt>
      <trkpt lat="49.74627" lon="28.881923"></trkpt>
      <trkpt lat="49.746053" lon="28.880032"></trkpt>
      <trkpt lat="49.745679" lon="28.878882"></trkpt>
      <trkpt lat="49.742923" lon="28.872231"></trkpt>
      <trkpt lat="49.742564" lon="28.87055"></trkpt>
      <trkpt lat="49.742074" lon="28.851482"></trkpt>
      <trkpt lat="49.742174" lon="28.849104"></trkpt>
      <trkpt lat="49.742742" lon="28.845995"></trkpt>
      <trkpt lat="49.746678" lon="28.832345"></trkpt>
      <trkpt lat="49.746871" lon="28.831121"></trkpt>
      <trkpt lat="49.746881" lon="28.829835"></trkpt>
      <trkpt lat="49.746623" lon="28.828261"></trkpt>
      <trkpt lat="49.746033" lon="28.826804"></trkpt>
      <trkpt lat="49.736635" lon="28.808544"></trkpt>
      <trkpt lat="49.736265" lon="28.807077"></trkpt>
      <trkpt lat="49.736179" lon="28.805268"></trkpt>
      <trkpt lat="49.736518" lon="28.803425"></trkpt>
      <trkpt lat="49.737025" lon="28.802226"></trkpt>
      <trkpt lat="49.737471" lon="28.801504"></trkpt>
      <trkpt lat="49.738177" lon="28.800668"></trkpt>
      <trkpt lat="49.739896" lon="28.799287"></trkpt>
      <trkpt lat="49.741184" lon="28.798946"></trkpt>
      <trkpt lat="49.743395" lon="28.799136"></trkpt>
      <trkpt lat="49.744271" lon="28.79902"></trkpt>
      <trkpt lat="49.745112" lon="28.798631"></trkpt>
      <trkpt lat="49.745986" lon="28.797894"></trkpt>
      <trkpt lat="49.748793" lon="28.794249"></trkpt>
      <trkpt lat="49.749735" lon="28.793226"></trkpt>
      <trkpt lat="49.751289" lon="28.790949"></trkpt>
      <trkpt lat="49.756306" lon="28.784974"></trkpt>
      <trkpt lat="49.75767" lon="28.783182"></trkpt>
      <trkpt lat="49.760205" lon="28.77906"></trkpt>
      <trkpt lat="49.764713" lon="28.774666"></trkpt>
      <trkpt lat="49.766825" lon="28.772131"></trkpt>
      <trkpt lat="49.768187" lon="28.770118"></trkpt>
      <trkpt lat="49.769905" lon="28.766862"></trkpt>
      <trkpt lat="49.781028" lon="28.740508"></trkpt>
      <trkpt lat="49.783038" lon="28.737056"></trkpt>
      <trkpt lat="49.785234" lon="28.734294"></trkpt>
      <trkpt lat="49.786712" lon="28.732861"></trkpt>
      <trkpt lat="49.788695" lon="28.731318"></trkpt>
      <trkpt lat="49.83851" lon="28.698464"></trkpt>
      <trkpt lat="49.840474" lon="28.696988"></trkpt>
      <trkpt lat="49.842029" lon="28.695466"></trkpt>
      <trkpt lat="49.84369" lon="28.693426"></trkpt>
      <trkpt lat="49.857168" lon="28.673915"></trkpt>
      <trkpt lat="49.86863" lon="28.659705"></trkpt>
      <trkpt lat="49.870016" lon="28.657462"></trkpt>
      <trkpt lat="49.870989" lon="28.655024"></trkpt>
      <trkpt lat="49.873823" lon="28.643422"></trkpt>
      <trkpt lat="49.874371" lon="28.641562"></trkpt>
      <trkpt lat="49.875287" lon="28.639143"></trkpt>
      <trkpt lat="49.876471" lon="28.636793"></trkpt>
      <trkpt lat="49.880864" lon="28.628848"></trkpt>
      <trkpt lat="49.882277" lon="28.626549"></trkpt>
      <trkpt lat="49.887044" lon="28.617853"></trkpt>
      <trkpt lat="49.88789" lon="28.616728"></trkpt>
      <trkpt lat="49.890565" lon="28.611914"></trkpt>
      <trkpt lat="49.892277" lon="28.609405"></trkpt>
      <trkpt lat="49.893169" lon="28.608573"></trkpt>
      <trkpt lat="49.894107" lon="28.608007"></trkpt>
      <trkpt lat="49.894883" lon="28.60771"></trkpt>
      <trkpt lat="49.897433" lon="28.607137"></trkpt>
      <trkpt lat="49.898359" lon="28.606608"></trkpt>
      <trkpt lat="49.899426" lon="28.605612"></trkpt>
      <trkpt lat="49.900416" lon="28.604137"></trkpt>
      <trkpt lat="49.904292" lon="28.596051"></trkpt>
      <trkpt lat="49.906331" lon="28.590111"></trkpt>
      <trkpt lat="49.907652" lon="28.586808"></trkpt>
      <trkpt lat="49.915291" lon="28.570357"></trkpt>
      <trkpt lat="49.916911" lon="28.567336"></trkpt>
      <trkpt lat="49.920558" lon="28.562227"></trkpt>
      <trkpt lat="49.921687" lon="28.560401"></trkpt>
      <trkpt lat="49.922717" lon="28.55795"></trkpt>
      <trkpt lat="49.924828" lon="28.550829"></trkpt>
      <trkpt lat="49.92578" lon="28.548382"></trkpt>
      <trkpt lat="49.926731" lon="28.546653"></trkpt>
      <trkpt lat="49.929756" lon="28.542216"></trkpt>
      <trkpt lat="49.931714" lon="28.538441"></trkpt>
      <trkpt lat="49.939023" lon="28.518417"></trkpt>
      <trkpt lat="49.939613" lon="28.517049"></trkpt>
      <trkpt lat="49.94023" lon="28.51603"></trkpt>
      <trkpt lat="49.941341" lon="28.514816"></trkpt>
      <trkpt lat="49.948717" lon="28.509674"></trkpt>
      <trkpt lat="49.949626" lon="28.508882"></trkpt>
      <trkpt lat="49.950785" lon="28.507244"></trkpt>
      <trkpt lat="49.951694" lon="28.504902"></trkpt>
      <trkpt lat="49.952045" lon="28.503099"></trkpt>
      <trkpt lat="49.952921" lon="28.496956"></trkpt>
      <trkpt lat="49.955507" lon="28.486697"></trkpt>
      <trkpt lat="49.955706" lon="28.485009"></trkpt>
      <trkpt lat="49.955723" lon="28.483578"></trkpt>
      <trkpt lat="49.955469" lon="28.481558"></trkpt>
      <trkpt lat="49.954362" lon="28.476137"></trkpt>
      <trkpt lat="49.953921" lon="28.472893"></trkpt>
      <trkpt lat="49.952105" lon="28.449762"></trkpt>
      <trkpt lat="49.94783" lon="28.423217"></trkpt>
      <trkpt lat="49.947549" lon="28.42097"></trkpt>
      <trkpt lat="49.94738" lon="28.41868"></trkpt>
      <trkpt lat="49.947331" lon="28.415317"></trkpt>
      <trkpt lat="49.947863" lon="28.403872"></trkpt>
      <trkpt lat="49.948065" lon="28.40203"></trkpt>
      <trkpt lat="49.948731" lon="28.399703"></trkpt>
      <trkpt lat="49.949497" lon="28.398242"></trkpt>
      <trkpt lat="49.95004" lon="28.397474"></trkpt>
      <trkpt lat="49.952985" lon="28.394257"></trkpt>
      <trkpt lat="49.953923" lon="28.392792"></trkpt>
      <trkpt lat="49.954674" lon="28.391087"></trkpt>
      <trkpt lat="49.955318" lon="28.3888"></trkpt>
      <trkpt lat="49.95851" lon="28.371204"></trkpt>
      <trkpt lat="49.961269" lon="28.344724"></trkpt>
      <trkpt lat="49.961678" lon="28.341999"></trkpt>
      <trkpt lat="49.962262" lon="28.339346"></trkpt>
      <trkpt lat="49.96988" lon="28.312642"></trkpt>
      <trkpt lat="49.970484" lon="28.31006"></trkpt>
      <trkpt lat="49.970926" lon="28.305371"></trkpt>
      <trkpt lat="49.971586" lon="28.28953"></trkpt>
      <trkpt lat="49.971924" lon="28.286168"></trkpt>
      <trkpt lat="49.972525" lon="28.282116"></trkpt>
      <trkpt lat="49.975998" lon="28.263625"></trkpt>
      <trkpt lat="49.976927" lon="28.259709"></trkpt>
      <trkpt lat="49.978194" lon="28.256015"></trkpt>
      <trkpt lat="50.015574" lon="28.16846"></trkpt>
      <trkpt lat="50.016457" lon="28.165665"></trkpt>
      <trkpt lat="50.016969" lon="28.162251"></trkpt>
      <trkpt lat="50.021438" lon="28.117586"></trkpt>
      <trkpt lat="50.02382" lon="28.103224"></trkpt>
      <trkpt lat="50.023944" lon="28.101143"></trkpt>
      <trkpt lat="50.023877" lon="28.0844"></trkpt>
      <trkpt lat="50.023984" lon="28.081205"></trkpt>
      <trkpt lat="50.024461" lon="28.077084"></trkpt>
      <trkpt lat="50.026342" lon="28.067101"></trkpt>
      <trkpt lat="50.027263" lon="28.063505"></trkpt>
      <trkpt lat="50.02804" lon="28.061244"></trkpt>
      <trkpt lat="50.029033" lon="28.058852"></trkpt>
      <trkpt lat="50.039699" lon="28.038113"></trkpt>
      <trkpt lat="50.040704" lon="28.03584"></trkpt>
      <trkpt lat="50.041334" lon="28.033646"></trkpt>
      <trkpt lat="50.041667" lon="28.031839"></trkpt>
      <trkpt lat="50.0441" lon="28.013325"></trkpt>
      <trkpt lat="50.044547" lon="28.010776"></trkpt>
      <trkpt lat="50.045542" lon="28.007645"></trkpt>
      <trkpt lat="50.050906" lon="27.994314"></trkpt>
      <trkpt lat="50.051547" lon="27.992098"></trkpt>
      <trkpt lat="50.051803" lon="27.989467"></trkpt>
      <trkpt lat="50.054551" lon="27.904636"></trkpt>
      <trkpt lat="50.054806" lon="27.902026"></trkpt>
      <trkpt lat="50.055289" lon="27.899797"></trkpt>
      <trkpt lat="50.069506" lon="27.847265"></trkpt>
      <trkpt lat="50.07045" lon="27.842985"></trkpt>
      <trkpt lat="50.077007" lon="27.788523"></trkpt>
      <trkpt lat="50.088486" lon="27.691372"></trkpt>
      <trkpt lat="50.088822" lon="27.690087"></trkpt>
      <trkpt lat="50.089303" lon="27.688887"></trkpt>
      <trkpt lat="50.090034" lon="27.687647"></trkpt>
      <trkpt lat="50.090813" lon="27.686768"></trkpt>
      <trkpt lat="50.093633" lon="27.684828"></trkpt>
      <trkpt lat="50.097405" lon="27.682695"></trkpt>
      <trkpt lat="50.098798" lon="27.681394"></trkpt>
      <trkpt lat="50.099523" lon="27.680261"></trkpt>
      <trkpt lat="50.10007" lon="27.679058"></trkpt>
      <trkpt lat="50.100508" lon="27.677577"></trkpt>
      <trkpt lat="50.100772" lon="27.67611"></trkpt>
      <trkpt lat="50.100853" lon="27.67438"></trkpt>
      <trkpt lat="50.100714" lon="27.672677"></trkpt>
      <trkpt lat="50.096514" lon="27.644383"></trkpt>
      <trkpt lat="50.096388" lon="27.640734"></trkpt>
      <trkpt lat="50.096603" lon="27.638508"></trkpt>
      <trkpt lat="50.096938" lon="27.636706"></trkpt>
      <trkpt lat="50.11158" lon="27.571373"></trkpt>
      <trkpt lat="50.112362" lon="27.568394"></trkpt>
      <trkpt lat="50.112997" lon="27.566463"></trkpt>
      <trkpt lat="50.114028" lon="27.56388"></trkpt>
      <trkpt lat="50.115608" lon="27.56084"></trkpt>
      <trkpt lat="50.137112" lon="27.526451"></trkpt>
      <trkpt lat="50.138176" lon="27.524407"></trkpt>
      <trkpt lat="50.139336" lon="27.52168"></trkpt>
      <trkpt lat="50.142691" lon="27.512162"></trkpt>
      <trkpt lat="50.143071" lon="27.510589"></trkpt>
      <trkpt lat="50.143207" lon="27.507047"></trkpt>
      <trkpt lat="50.14305" lon="27.504484"></trkpt>
      <trkpt lat="50.135626" lon="27.468693"></trkpt>
      <trkpt lat="50.128035" lon="27.419894"></trkpt>
      <trkpt lat="50.127736" lon="27.41705"></trkpt>
      <trkpt lat="50.127614" lon="27.413834"></trkpt>
      <trkpt lat="50.127918" lon="27.408244"></trkpt>
      <trkpt lat="50.128529" lon="27.404551"></trkpt>
      <trkpt lat="50.135104" lon="27.372619"></trkpt>
      <trkpt lat="50.135443" lon="27.370403"></trkpt>
      <trkpt lat="50.137022" lon="27.351062"></trkpt>
      <trkpt lat="50.137375" lon="27.348598"></trkpt>
      <trkpt lat="50.1401" lon="27.334529"></trkpt>
      <trkpt lat="50.140636" lon="27.331299"></trkpt>
      <trkpt lat="50.1493" lon="27.251755"></trkpt>
      <trkpt lat="50.149864" lon="27.247931"></trkpt>
      <trkpt lat="50.150542" lon="27.244989"></trkpt>
      <trkpt lat="50.153084" lon="27.236128"></trkpt>
      <trkpt lat="50.153526" lon="27.234262"></trkpt>
      <trkpt lat="50.159228" lon="27.203044"></trkpt>
      <trkpt lat="50.159989" lon="27.199458"></trkpt>
      <trkpt lat="50.181706" lon="27.12765"></trkpt>
      <trkpt lat="50.182332" lon="27.124862"></trkpt>
      <trkpt lat="50.182339" lon="27.123317"></trkpt>
      <trkpt lat="50.181764" lon="27.111813"></trkpt>
      <trkpt lat="50.181501" lon="27.109207"></trkpt>
      <trkpt lat="50.181073" lon="27.107543"></trkpt>
      <trkpt lat="50.180642" lon="27.106458"></trkpt>
      <trkpt lat="50.178306" lon="27.102847"></trkpt>
      <trkpt lat="50.177611" lon="27.101044"></trkpt>
      <trkpt lat="50.177321" lon="27.099411"></trkpt>
      <trkpt lat="50.177266" lon="27.098316"></trkpt>
      <trkpt lat="50.177817" lon="27.092056"></trkpt>
      <trkpt lat="50.177761" lon="27.090154"></trkpt>
      <trkpt lat="50.177468" lon="27.088669"></trkpt>
      <trkpt lat="50.176583" lon="27.086024"></trkpt>
      <trkpt lat="50.175793" lon="27.083861"></trkpt>
      <trkpt lat="50.175168" lon="27.082674"></trkpt>
      <trkpt lat="50.174496" lon="27.08189"></trkpt>
      <trkpt lat="50.173283" lon="27.081016"></trkpt>
      <trkpt lat="50.172173" lon="27.080408"></trkpt>
      <trkpt lat="50.170991" lon="27.079986"></trkpt>
      <trkpt lat="50.167242" lon="27.078049"></trkpt>
      <trkpt lat="50.166321" lon="27.077751"></trkpt>
      <trkpt lat="50.162015" lon="27.076938"></trkpt>
      <trkpt lat="50.159741" lon="27.076383"></trkpt>
      <trkpt lat="50.158861" lon="27.076038"></trkpt>
      <trkpt lat="50.142099" lon="27.063407"></trkpt>
      <trkpt lat="50.140691" lon="27.062517"></trkpt>
      <trkpt lat="50.139859" lon="27.062167"></trkpt>
      <trkpt lat="50.13865" lon="27.061855"></trkpt>
      <trkpt lat="50.134489" lon="27.061423"></trkpt>
      <trkpt lat="50.133515" lon="27.061007"></trkpt>
      <trkpt lat="50.132309" lon="27.060075"></trkpt>
      <trkpt lat="50.131276" lon="27.058703"></trkpt>
      <trkpt lat="50.130804" lon="27.057767"></trkpt>
      <trkpt lat="50.130298" lon="27.056375"></trkpt>
      <trkpt lat="50.129904" lon="27.054506"></trkpt>
      <trkpt lat="50.129712" lon="27.050834"></trkpt>
      <trkpt lat="50.129508" lon="27.049264"></trkpt>
      <trkpt lat="50.129114" lon="27.047731"></trkpt>
      <trkpt lat="50.128331" lon="27.045955"></trkpt>
      <trkpt lat="50.12721" lon="27.044398"></trkpt>
      <trkpt lat="50.126234" lon="27.043558"></trkpt>
      <trkpt lat="50.123446" lon="27.042413"></trkpt>
      <trkpt lat="50.12277" lon="27.042021"></trkpt>
      <trkpt lat="50.122052" lon="27.041419"></trkpt>
      <trkpt lat="50.120487" lon="27.039552"></trkpt>
      <trkpt lat="50.119513" lon="27.03764"></trkpt>
      <trkpt lat="50.11893" lon="27.035939"></trkpt>
      <trkpt lat="50.117836" lon="27.030777"></trkpt>
      <trkpt lat="50.113362" lon="27.014459"></trkpt>
      <trkpt lat="50.112708" lon="27.012685"></trkpt>
      <trkpt lat="50.11105" lon="27.009393"></trkpt>
      <trkpt lat="50.110537" lon="27.007784"></trkpt>
      <trkpt lat="50.11018" lon="27.005422"></trkpt>
      <trkpt lat="50.110077" lon="27.001215"></trkpt>
      <trkpt lat="50.109899" lon="26.999219"></trkpt>
      <trkpt lat="50.109478" lon="26.997465"></trkpt>
      <trkpt lat="50.108648" lon="26.995249"></trkpt>
      <trkpt lat="50.108201" lon="26.993573"></trkpt>
      <trkpt lat="50.107555" lon="26.987882"></trkpt>
      <trkpt lat="50.108174" lon="26.966864"></trkpt>
      <trkpt lat="50.108687" lon="26.96336"></trkpt>
      <trkpt lat="50.111957" lon="26.950622"></trkpt>
      <trkpt lat="50.112466" lon="26.947746"></trkpt>
      <trkpt lat="50.112843" lon="26.941086"></trkpt>
      <trkpt lat="50.112832" lon="26.931705"></trkpt>
      <trkpt lat="50.113529" lon="26.920965"></trkpt>
      <trkpt lat="50.11422" lon="26.91762"></trkpt>
      <trkpt lat="50.117795" lon="26.904968"></trkpt>
      <trkpt lat="50.118117" lon="26.90343"></trkpt>
      <trkpt lat="50.118247" lon="26.901916"></trkpt>
      <trkpt lat="50.116091" lon="26.861192"></trkpt>
      <trkpt lat="50.115781" lon="26.858222"></trkpt>
      <trkpt lat="50.115253" lon="26.855808"></trkpt>
      <trkpt lat="50.114459" lon="26.853392"></trkpt>
      <trkpt lat="50.111607" lon="26.847304"></trkpt>
      <trkpt lat="50.110774" lon="26.84516"></trkpt>
      <trkpt lat="50.104988" lon="26.823738"></trkpt>
      <trkpt lat="50.104242" lon="26.822109"></trkpt>
      <trkpt lat="50.103075" lon="26.820545"></trkpt>
      <trkpt lat="50.102167" lon="26.819782"></trkpt>
      <trkpt lat="50.101359" lon="26.819378"></trkpt>
      <trkpt lat="50.098594" lon="26.818807"></trkpt>
      <trkpt lat="50.096784" lon="26.818894"></trkpt>
      <trkpt lat="50.094019" lon="26.819627"></trkpt>
      <trkpt lat="50.092751" lon="26.820501"></trkpt>
      <trkpt lat="50.091691" lon="26.821754"></trkpt>
      <trkpt lat="50.091093" lon="26.822792"></trkpt>
      <trkpt lat="50.089753" lon="26.825801"></trkpt>
      <trkpt lat="50.088825" lon="26.827098"></trkpt>
      <trkpt lat="50.088397" lon="26.827542"></trkpt>
      <trkpt lat="50.087321" lon="26.828282"></trkpt>
      <trkpt lat="50.086067" lon="26.8287"></trkpt>
      <trkpt lat="50.0851" lon="26.828715"></trkpt>
      <trkpt lat="50.084227" lon="26.828533"></trkpt>
      <trkpt lat="50.082758" lon="26.827988"></trkpt>
      <trkpt lat="50.082253" lon="26.827693"></trkpt>
      <trkpt lat="50.081463" lon="26.827014"></trkpt>
      <trkpt lat="50.080743" lon="26.82617"></trkpt>
      <trkpt lat="50.079972" lon="26.824854"></trkpt>
      <trkpt lat="50.079537" lon="26.823814"></trkpt>
      <trkpt lat="50.079122" lon="26.822359"></trkpt>
      <trkpt lat="50.078429" lon="26.81758"></trkpt>
      <trkpt lat="50.077888" lon="26.814983"></trkpt>
      <trkpt lat="50.073503" lon="26.797636"></trkpt>
      <trkpt lat="50.073172" lon="26.795336"></trkpt>
      <trkpt lat="50.072854" lon="26.790282"></trkpt>
      <trkpt lat="50.0726" lon="26.787941"></trkpt>
      <trkpt lat="50.072196" lon="26.785917"></trkpt>
      <trkpt lat="50.071443" lon="26.783608"></trkpt>
      <trkpt lat="50.070878" lon="26.782345"></trkpt>
      <trkpt lat="50.070081" lon="26.780952"></trkpt>
      <trkpt lat="50.06845" lon="26.778927"></trkpt>
      <trkpt lat="50.066813" lon="26.777639"></trkpt>
      <trkpt lat="50.062736" lon="26.775304"></trkpt>
      <trkpt lat="50.061934" lon="26.774675"></trkpt>
      <trkpt lat="50.060888" lon="26.773624"></trkpt>
      <trkpt lat="50.05984" lon="26.772195"></trkpt>
      <trkpt lat="50.059092" lon="26.770864"></trkpt>
      <trkpt lat="50.058" lon="26.768107"></trkpt>
      <trkpt lat="50.057646" lon="26.766769"></trkpt>
      <trkpt lat="50.057354" lon="26.764765"></trkpt>
      <trkpt lat="50.055344" lon="26.747202"></trkpt>
      <trkpt lat="50.054977" lon="26.744439"></trkpt>
      <trkpt lat="50.054539" lon="26.742138"></trkpt>
      <trkpt lat="50.053702" lon="26.738994"></trkpt>
      <trkpt lat="50.042052" lon="26.701953"></trkpt>
      <trkpt lat="50.041132" lon="26.698563"></trkpt>
      <trkpt lat="50.040348" lon="26.693905"></trkpt>
      <trkpt lat="50.039007" lon="26.680231"></trkpt>
      <trkpt lat="50.039004" lon="26.677278"></trkpt>
      <trkpt lat="50.039429" lon="26.672686"></trkpt>
      <trkpt lat="50.039288" lon="26.670261"></trkpt>
      <trkpt lat="50.030718" lon="26.605942"></trkpt>
      <trkpt lat="50.030466" lon="26.600754"></trkpt>
      <trkpt lat="50.030144" lon="26.58865"></trkpt>
      <trkpt lat="50.030285" lon="26.586839"></trkpt>
      <trkpt lat="50.030729" lon="26.585573"></trkpt>
      <trkpt lat="50.03681" lon="26.574624"></trkpt>
      <trkpt lat="50.037161" lon="26.573804"></trkpt>
      <trkpt lat="50.037386" lon="26.572881"></trkpt>
      <trkpt lat="50.037798" lon="26.569826"></trkpt>
      <trkpt lat="50.039249" lon="26.562778"></trkpt>
      <trkpt lat="50.039344" lon="26.561537"></trkpt>
      <trkpt lat="50.03953" lon="26.54717"></trkpt>
      <trkpt lat="50.038995" lon="26.536657"></trkpt>
      <trkpt lat="50.037927" lon="26.527403"></trkpt>
      <trkpt lat="50.03744" lon="26.52516"></trkpt>
      <trkpt lat="50.03509" lon="26.518439"></trkpt>
      <trkpt lat="50.034857" lon="26.517262"></trkpt>
      <trkpt lat="50.034558" lon="26.513591"></trkpt>
      <trkpt lat="50.034121" lon="26.511891"></trkpt>
      <trkpt lat="50.031683" lon="26.50698"></trkpt>
      <trkpt lat="50.030798" lon="26.504796"></trkpt>
      <trkpt lat="50.024353" lon="26.48662"></trkpt>
      <trkpt lat="50.022458" lon="26.480148"></trkpt>
      <trkpt lat="50.022067" lon="26.479149"></trkpt>
      <trkpt lat="50.021401" lon="26.47793"></trkpt>
      <trkpt lat="50.020771" lon="26.477111"></trkpt>
      <trkpt lat="50.017063" lon="26.473473"></trkpt>
      <trkpt lat="50.016379" lon="26.472439"></trkpt>
      <trkpt lat="50.015799" lon="26.471245"></trkpt>
      <trkpt lat="50.007759" lon="26.444472"></trkpt>
      <trkpt lat="50.005107" lon="26.437836"></trkpt>
      <trkpt lat="50.004587" lon="26.436072"></trkpt>
      <trkpt lat="50.004324" lon="26.433647"></trkpt>
      <trkpt lat="50.004648" lon="26.429005"></trkpt>
      <trkpt lat="50.004645" lon="26.42766"></trkpt>
      <trkpt lat="50.003409" lon="26.417329"></trkpt>
      <trkpt lat="50.003407" lon="26.414936"></trkpt>
      <trkpt lat="50.003669" lon="26.409907"></trkpt>
      <trkpt lat="50.003595" lon="26.408099"></trkpt>
      <trkpt lat="49.999965" lon="26.384416"></trkpt>
      <trkpt lat="49.997605" lon="26.369798"></trkpt>
      <trkpt lat="49.994552" lon="26.358693"></trkpt>
      <trkpt lat="49.992711" lon="26.34421"></trkpt>
      <trkpt lat="49.990842" lon="26.336267"></trkpt>
      <trkpt lat="49.990069" lon="26.334245"></trkpt>
      <trkpt lat="49.985617" lon="26.326007"></trkpt>
      <trkpt lat="49.985023" lon="26.324152"></trkpt>
      <trkpt lat="49.98475" lon="26.322529"></trkpt>
      <trkpt lat="49.984722" lon="26.319935"></trkpt>
      <trkpt lat="49.985185" lon="26.314345"></trkpt>
      <trkpt lat="49.988494" lon="26.303523"></trkpt>
      <trkpt lat="49.98889" lon="26.30152"></trkpt>
      <trkpt lat="49.989545" lon="26.288568"></trkpt>
      <trkpt lat="49.989535" lon="26.286593"></trkpt>
      <trkpt lat="49.989382" lon="26.284874"></trkpt>
      <trkpt lat="49.989119" lon="26.283432"></trkpt>
      <trkpt lat="49.980091" lon="26.23712"></trkpt>
      <trkpt lat="49.979271" lon="26.23457"></trkpt>
      <trkpt lat="49.978244" lon="26.232357"></trkpt>
      <trkpt lat="49.977028" lon="26.230395"></trkpt>
      <trkpt lat="49.975381" lon="26.228524"></trkpt>
      <trkpt lat="49.974567" lon="26.227832"></trkpt>
      <trkpt lat="49.9737" lon="26.227365"></trkpt>
      <trkpt lat="49.9701" lon="26.226396"></trkpt>
      <trkpt lat="49.969036" lon="26.225766"></trkpt>
      <trkpt lat="49.950213" lon="26.210774"></trkpt>
      <trkpt lat="49.948734" lon="26.209174"></trkpt>
      <trkpt lat="49.947273" lon="26.206977"></trkpt>
      <trkpt lat="49.94514" lon="26.20309"></trkpt>
      <trkpt lat="49.944163" lon="26.200479"></trkpt>
      <trkpt lat="49.943482" lon="26.197494"></trkpt>
      <trkpt lat="49.94321" lon="26.193226"></trkpt>
      <trkpt lat="49.942981" lon="26.191394"></trkpt>
      <trkpt lat="49.942037" lon="26.188177"></trkpt>
      <trkpt lat="49.941118" lon="26.186234"></trkpt>
      <trkpt lat="49.939986" lon="26.184833"></trkpt>
      <trkpt lat="49.936181" lon="26.181959"></trkpt>
      <trkpt lat="49.934731" lon="26.180513"></trkpt>
      <trkpt lat="49.927381" lon="26.172092"></trkpt>
      <trkpt lat="49.926794" lon="26.171235"></trkpt>
      <trkpt lat="49.926138" lon="26.16991"></trkpt>
      <trkpt lat="49.925591" lon="26.168122"></trkpt>
      <trkpt lat="49.923122" lon="26.156826"></trkpt>
      <trkpt lat="49.922678" lon="26.154328"></trkpt>
      <trkpt lat="49.922482" lon="26.151174"></trkpt>
      <trkpt lat="49.922695" lon="26.1401"></trkpt>
      <trkpt lat="49.922278" lon="26.136655"></trkpt>
      <trkpt lat="49.921597" lon="26.134124"></trkpt>
      <trkpt lat="49.920557" lon="26.131685"></trkpt>
      <trkpt lat="49.919727" lon="26.130328"></trkpt>
      <trkpt lat="49.910685" lon="26.117557"></trkpt>
      <trkpt lat="49.909053" lon="26.115086"></trkpt>
      <trkpt lat="49.907482" lon="26.11203"></trkpt>
      <trkpt lat="49.90528" lon="26.106791"></trkpt>
      <trkpt lat="49.904562" lon="26.105597"></trkpt>
      <trkpt lat="49.903815" lon="26.10472"></trkpt>
      <trkpt lat="49.903109" lon="26.104122"></trkpt>
      <trkpt lat="49.902396" lon="26.103695"></trkpt>
      <trkpt lat="49.901176" lon="26.103351"></trkpt>
      <trkpt lat="49.899765" lon="26.103366"></trkpt>
      <trkpt lat="49.896598" lon="26.103681"></trkpt>
      <trkpt lat="49.891275" lon="26.104919"></trkpt>
      <trkpt lat="49.889857" lon="26.105007"></trkpt>
      <trkpt lat="49.888472" lon="26.104762"></trkpt>
      <trkpt lat="49.883986" lon="26.103388"></trkpt>
      <trkpt lat="49.883044" lon="26.102956"></trkpt>
      <trkpt lat="49.882494" lon="26.102551"></trkpt>
      <trkpt lat="49.881083" lon="26.100984"></trkpt>
      <trkpt lat="49.879996" lon="26.099216"></trkpt>
      <trkpt lat="49.877006" lon="26.092258"></trkpt>
      <trkpt lat="49.875958" lon="26.089108"></trkpt>
      <trkpt lat="49.874407" lon="26.083711"></trkpt>
      <trkpt lat="49.873283" lon="26.078405"></trkpt>
      <trkpt lat="49.872563" lon="26.074311"></trkpt>
      <trkpt lat="49.871944" lon="26.072613"></trkpt>
      <trkpt lat="49.871215" lon="26.071334"></trkpt>
      <trkpt lat="49.870478" lon="26.070431"></trkpt>
      <trkpt lat="49.869636" lon="26.069713"></trkpt>
      <trkpt lat="49.867005" lon="26.06831"></trkpt>
      <trkpt lat="49.865976" lon="26.067489"></trkpt>
      <trkpt lat="49.865303" lon="26.066695"></trkpt>
      <trkpt lat="49.86352" lon="26.064104"></trkpt>
      <trkpt lat="49.862824" lon="26.063369"></trkpt>
      <trkpt lat="49.861885" lon="26.062655"></trkpt>
      <trkpt lat="49.860727" lon="26.062209"></trkpt>
      <trkpt lat="49.859973" lon="26.062118"></trkpt>
      <trkpt lat="49.856312" lon="26.062631"></trkpt>
      <trkpt lat="49.855319" lon="26.062537"></trkpt>
      <trkpt lat="49.854613" lon="26.062338"></trkpt>
      <trkpt lat="49.853422" lon="26.061765"></trkpt>
      <trkpt lat="49.852366" lon="26.060956"></trkpt>
      <trkpt lat="49.851198" lon="26.059633"></trkpt>
      <trkpt lat="49.850384" lon="26.058299"></trkpt>
      <trkpt lat="49.849816" lon="26.057047"></trkpt>
      <trkpt lat="49.848474" lon="26.053372"></trkpt>
      <trkpt lat="49.847542" lon="26.050217"></trkpt>
      <trkpt lat="49.846784" lon="26.046477"></trkpt>
      <trkpt lat="49.846164" lon="26.041169"></trkpt>
      <trkpt lat="49.845898" lon="26.039745"></trkpt>
      <trkpt lat="49.843474" lon="26.032985"></trkpt>
      <trkpt lat="49.842717" lon="26.028542"></trkpt>
      <trkpt lat="49.842221" lon="26.026992"></trkpt>
      <trkpt lat="49.841348" lon="26.025299"></trkpt>
      <trkpt lat="49.837896" lon="26.02101"></trkpt>
      <trkpt lat="49.835827" lon="26.017592"></trkpt>
      <trkpt lat="49.832717" lon="26.010422"></trkpt>
      <trkpt lat="49.829569" lon="26.004585"></trkpt>
      <trkpt lat="49.820489" lon="25.983567"></trkpt>
      <trkpt lat="49.820036" lon="25.982238"></trkpt>
      <trkpt lat="49.819176" lon="25.977993"></trkpt>
      <trkpt lat="49.818379" lon="25.976079"></trkpt>
      <trkpt lat="49.817682" lon="25.9751"></trkpt>
      <trkpt lat="49.816864" lon="25.974349"></trkpt>
      <trkpt lat="49.815934" lon="25.973854"></trkpt>
      <trkpt lat="49.815" lon="25.973682"></trkpt>
      <trkpt lat="49.813277" lon="25.973937"></trkpt>
      <trkpt lat="49.811654" lon="25.974342"></trkpt>
      <trkpt lat="49.809418" lon="25.975777"></trkpt>
      <trkpt lat="49.808415" lon="25.976149"></trkpt>
      <trkpt lat="49.807804" lon="25.97616"></trkpt>
      <trkpt lat="49.807149" lon="25.976"></trkpt>
      <trkpt lat="49.80657" lon="25.975706"></trkpt>
      <trkpt lat="49.806027" lon="25.975263"></trkpt>
      <trkpt lat="49.805392" lon="25.9745"></trkpt>
      <trkpt lat="49.804763" lon="25.973267"></trkpt>
      <trkpt lat="49.801499" lon="25.964398"></trkpt>
      <trkpt lat="49.800581" lon="25.962393"></trkpt>
      <trkpt lat="49.799353" lon="25.960407"></trkpt>
      <trkpt lat="49.795449" lon="25.95541"></trkpt>
      <trkpt lat="49.794484" lon="25.953505"></trkpt>
      <trkpt lat="49.79395" lon="25.951716"></trkpt>
      <trkpt lat="49.793672" lon="25.949367"></trkpt>
      <trkpt lat="49.793706" lon="25.947981"></trkpt>
      <trkpt lat="49.794132" lon="25.943948"></trkpt>
      <trkpt lat="49.794067" lon="25.941984"></trkpt>
      <trkpt lat="49.793806" lon="25.940331"></trkpt>
      <trkpt lat="49.793011" lon="25.937183"></trkpt>
      <trkpt lat="49.792578" lon="25.93058"></trkpt>
      <trkpt lat="49.791662" lon="25.926234"></trkpt>
      <trkpt lat="49.791061" lon="25.922271"></trkpt>
      <trkpt lat="49.789085" lon="25.915262"></trkpt>
      <trkpt lat="49.788612" lon="25.913916"></trkpt>
      <trkpt lat="49.787855" lon="25.91252"></trkpt>
      <trkpt lat="49.785909" lon="25.909665"></trkpt>
      <trkpt lat="49.783681" lon="25.905155"></trkpt>
      <trkpt lat="49.783092" lon="25.903369"></trkpt>
      <trkpt lat="49.782933" lon="25.901378"></trkpt>
      <trkpt lat="49.783599" lon="25.889449"></trkpt>
      <trkpt lat="49.783418" lon="25.887319"></trkpt>
      <trkpt lat="49.783178" lon="25.886199"></trkpt>
      <trkpt lat="49.782259" lon="25.883848"></trkpt>
      <trkpt lat="49.778633" lon="25.878725"></trkpt>
      <trkpt lat="49.777652" lon="25.877051"></trkpt>
      <trkpt lat="49.777034" lon="25.875728"></trkpt>
      <trkpt lat="49.775187" lon="25.87069"></trkpt>
      <trkpt lat="49.774618" lon="25.868748"></trkpt>
      <trkpt lat="49.774287" lon="25.866908"></trkpt>
      <trkpt lat="49.773853" lon="25.863103"></trkpt>
      <trkpt lat="49.773569" lon="25.861981"></trkpt>
      <trkpt lat="49.770457" lon="25.855949"></trkpt>
      <trkpt lat="49.769918" lon="25.854195"></trkpt>
      <trkpt lat="49.769304" lon="25.851498"></trkpt>
      <trkpt lat="49.768952" lon="25.850656"></trkpt>
      <trkpt lat="49.764626" lon="25.844405"></trkpt>
      <trkpt lat="49.762513" lon="25.840111"></trkpt>
      <trkpt lat="49.761894" lon="25.839183"></trkpt>
      <trkpt lat="49.761232" lon="25.838665"></trkpt>
      <trkpt lat="49.760775" lon="25.838488"></trkpt>
      <trkpt lat="49.758579" lon="25.838361"></trkpt>
      <trkpt lat="49.758006" lon="25.838226"></trkpt>
      <trkpt lat="49.757094" lon="25.837514"></trkpt>
      <trkpt lat="49.756539" lon="25.836655"></trkpt>
      <trkpt lat="49.756146" lon="25.835585"></trkpt>
      <trkpt lat="49.755949" lon="25.834227"></trkpt>
      <trkpt lat="49.756288" lon="25.830171"></trkpt>
      <trkpt lat="49.756207" lon="25.828815"></trkpt>
      <trkpt lat="49.75586" lon="25.827205"></trkpt>
      <trkpt lat="49.755099" lon="25.82565"></trkpt>
      <trkpt lat="49.754487" lon="25.824942"></trkpt>
      <trkpt lat="49.749497" lon="25.820414"></trkpt>
      <trkpt lat="49.748665" lon="25.820017"></trkpt>
      <trkpt lat="49.747449" lon="25.819816"></trkpt>
      <trkpt lat="49.746111" lon="25.82006"></trkpt>
      <trkpt lat="49.743032" lon="25.821363"></trkpt>
      <trkpt lat="49.741414" lon="25.821632"></trkpt>
      <trkpt lat="49.740386" lon="25.821605"></trkpt>
      <trkpt lat="49.732836" lon="25.820613"></trkpt>
      <trkpt lat="49.731521" lon="25.820669"></trkpt>
      <trkpt lat="49.730825" lon="25.820914"></trkpt>
      <trkpt lat="49.73001" lon="25.821439"></trkpt>
      <trkpt lat="49.727659" lon="25.823747"></trkpt>
      <trkpt lat="49.726436" lon="25.824471"></trkpt>
      <trkpt lat="49.725427" lon="25.824633"></trkpt>
      <trkpt lat="49.719884" lon="25.824663"></trkpt>
      <trkpt lat="49.718991" lon="25.824765"></trkpt>
      <trkpt lat="49.71701" lon="25.825431"></trkpt>
      <trkpt lat="49.712886" lon="25.827117"></trkpt>
      <trkpt lat="49.711855" lon="25.827237"></trkpt>
      <trkpt lat="49.71072" lon="25.826832"></trkpt>
      <trkpt lat="49.710053" lon="25.826308"></trkpt>
      <trkpt lat="49.709558" lon="25.82573"></trkpt>
      <trkpt lat="49.708933" lon="25.824557"></trkpt>
      <trkpt lat="49.70769" lon="25.820451"></trkpt>
      <trkpt lat="49.707252" lon="25.819631"></trkpt>
      <trkpt lat="49.706579" lon="25.818915"></trkpt>
      <trkpt lat="49.705814" lon="25.818484"></trkpt>
      <trkpt lat="49.704716" lon="25.818305"></trkpt>
      <trkpt lat="49.704097" lon="25.81843"></trkpt>
      <trkpt lat="49.702075" lon="25.819222"></trkpt>
      <trkpt lat="49.701326" lon="25.819349"></trkpt>
      <trkpt lat="49.700631" lon="25.819152"></trkpt>
      <trkpt lat="49.700206" lon="25.818904"></trkpt>
      <trkpt lat="49.699845" lon="25.818594"></trkpt>
      <trkpt lat="49.699348" lon="25.817904"></trkpt>
      <trkpt lat="49.698575" lon="25.816145"></trkpt>
      <trkpt lat="49.697059" lon="25.810805"></trkpt>
      <trkpt lat="49.696818" lon="25.809723"></trkpt>
      <trkpt lat="49.696729" lon="25.808569"></trkpt>
      <trkpt lat="49.697077" lon="25.801133"></trkpt>
      <trkpt lat="49.696967" lon="25.79535"></trkpt>
      <trkpt lat="49.697038" lon="25.793555"></trkpt>
      <trkpt lat="49.699073" lon="25.781404"></trkpt>
      <trkpt lat="49.699246" lon="25.779687"></trkpt>
      <trkpt lat="49.699168" lon="25.777736"></trkpt>
      <trkpt lat="49.698466" lon="25.774167"></trkpt>
      <trkpt lat="49.698117" lon="25.773357"></trkpt>
      <trkpt lat="49.697729" lon="25.772774"></trkpt>
      <trkpt lat="49.697116" lon="25.772189"></trkpt>
      <trkpt lat="49.696621" lon="25.77191"></trkpt>
      <trkpt lat="49.695818" lon="25.771777"></trkpt>
      <trkpt lat="49.693346" lon="25.772037"></trkpt>
      <trkpt lat="49.692587" lon="25.771891"></trkpt>
      <trkpt lat="49.691973" lon="25.771607"></trkpt>
      <trkpt lat="49.691375" lon="25.771101"></trkpt>
      <trkpt lat="49.689331" lon="25.768763"></trkpt>
      <trkpt lat="49.688563" lon="25.768038"></trkpt>
      <trkpt lat="49.687802" lon="25.767548"></trkpt>
      <trkpt lat="49.687042" lon="25.767375"></trkpt>
      <trkpt lat="49.686604" lon="25.76742"></trkpt>
      <trkpt lat="49.685992" lon="25.767658"></trkpt>
      <trkpt lat="49.685441" lon="25.76811"></trkpt>
      <trkpt lat="49.684981" lon="25.768705"></trkpt>
      <trkpt lat="49.684572" lon="25.76956"></trkpt>
      <trkpt lat="49.683412" lon="25.773056"></trkpt>
      <trkpt lat="49.682795" lon="25.774057"></trkpt>
      <trkpt lat="49.682132" lon="25.77465"></trkpt>
      <trkpt lat="49.681224" lon="25.774963"></trkpt>
      <trkpt lat="49.680619" lon="25.774935"></trkpt>
      <trkpt lat="49.68018" lon="25.774789"></trkpt>
      <trkpt lat="49.679395" lon="25.774214"></trkpt>
      <trkpt lat="49.678752" lon="25.773288"></trkpt>
      <trkpt lat="49.678325" lon="25.772048"></trkpt>
      <trkpt lat="49.678153" lon="25.77071"></trkpt>
      <trkpt lat="49.677931" lon="25.756909"></trkpt>
      <trkpt lat="49.677745" lon="25.755057"></trkpt>
      <trkpt lat="49.67751" lon="25.754148"></trkpt>
      <trkpt lat="49.677006" lon="25.752953"></trkpt>
      <trkpt lat="49.674141" lon="25.748253"></trkpt>
      <trkpt lat="49.673834" lon="25.747359"></trkpt>
      <trkpt lat="49.673661" lon="25.746303"></trkpt>
      <trkpt lat="49.673645" lon="25.745289"></trkpt>
      <trkpt lat="49.673831" lon="25.744163"></trkpt>
      <trkpt lat="49.675821" lon="25.737965"></trkpt>
      <trkpt lat="49.675926" lon="25.736758"></trkpt>
      <trkpt lat="49.675721" lon="25.735479"></trkpt>
      <trkpt lat="49.675498" lon="25.734891"></trkpt>
      <trkpt lat="49.675027" lon="25.734164"></trkpt>
      <trkpt lat="49.672226" lon="25.73113"></trkpt>
      <trkpt lat="49.671667" lon="25.730755"></trkpt>
      <trkpt lat="49.671031" lon="25.73062"></trkpt>
      <trkpt lat="49.670187" lon="25.730792"></trkpt>
      <trkpt lat="49.669614" lon="25.731194"></trkpt>
      <trkpt lat="49.668622" lon="25.732223"></trkpt>
      <trkpt lat="49.668098" lon="25.732466"></trkpt>
      <trkpt lat="49.667665" lon="25.73247"></trkpt>
      <trkpt lat="49.665543" lon="25.731153"></trkpt>
      <trkpt lat="49.664287" lon="25.730519"></trkpt>
      <trkpt lat="49.663863" lon="25.730064"></trkpt>
      <trkpt lat="49.663563" lon="25.729493"></trkpt>
      <trkpt lat="49.662795" lon="25.726705"></trkpt>
      <trkpt lat="49.662522" lon="25.725104"></trkpt>
      <trkpt lat="49.661317" lon="25.711104"></trkpt>
      <trkpt lat="49.658616" lon="25.700096"></trkpt>
      <trkpt lat="49.658342" lon="25.699306"></trkpt>
      <trkpt lat="49.654681" lon="25.692018"></trkpt>
      <trkpt lat="49.654112" lon="25.689216"></trkpt>
      <trkpt lat="49.653773" lon="25.688373"></trkpt>
      <trkpt lat="49.651234" lon="25.685262"></trkpt>
      <trkpt lat="49.650653" lon="25.684954"></trkpt>
      <trkpt lat="49.64881" lon="25.684775"></trkpt>
      <trkpt lat="49.648181" lon="25.684289"></trkpt>
      <trkpt lat="49.647793" lon="25.683659"></trkpt>
      <trkpt lat="49.647531" lon="25.68274"></trkpt>
      <trkpt lat="49.64752" lon="25.681546"></trkpt>
      <trkpt lat="49.648417" lon="25.677489"></trkpt>
      <trkpt lat="49.648532" lon="25.676538"></trkpt>
      <trkpt lat="49.648329" lon="25.675301"></trkpt>
      <trkpt lat="49.647768" lon="25.674292"></trkpt>
      <trkpt lat="49.647184" lon="25.673856"></trkpt>
      <trkpt lat="49.645274" lon="25.673472"></trkpt>
      <trkpt lat="49.639894" lon="25.673957"></trkpt>
      <trkpt lat="49.639445" lon="25.673851"></trkpt>
      <trkpt lat="49.638998" lon="25.673562"></trkpt>
      <trkpt lat="49.638441" lon="25.672838"></trkpt>
      <trkpt lat="49.638154" lon="25.672124"></trkpt>
      <trkpt lat="49.638004" lon="25.671299"></trkpt>
      <trkpt lat="49.637963" lon="25.66911"></trkpt>
      <trkpt lat="49.637491" lon="25.667696"></trkpt>
      <trkpt lat="49.637129" lon="25.667258"></trkpt>
      <trkpt lat="49.63675" lon="25.667008"></trkpt>
      <trkpt lat="49.6353" lon="25.666436"></trkpt>
      <trkpt lat="49.634758" lon="25.6661"></trkpt>
      <trkpt lat="49.633073" lon="25.663502"></trkpt>
      <trkpt lat="49.631811" lon="25.661115"></trkpt>
      <trkpt lat="49.631212" lon="25.6606"></trkpt>
      <trkpt lat="49.630144" lon="25.660384"></trkpt>
      <trkpt lat="49.629599" lon="25.660381"></trkpt>
      <trkpt lat="49.627852" lon="25.660758"></trkpt>
      <trkpt lat="49.625237" lon="25.660465"></trkpt>
      <trkpt lat="49.624652" lon="25.660762"></trkpt>
      <trkpt lat="49.623513" lon="25.661971"></trkpt>
      <trkpt lat="49.622997" lon="25.662242"></trkpt>
      <trkpt lat="49.619198" lon="25.66233"></trkpt>
      <trkpt lat="49.618527" lon="25.66247"></trkpt>
      <trkpt lat="49.618054" lon="25.662778"></trkpt>
      <trkpt lat="49.617546" lon="25.663304"></trkpt>
      <trkpt lat="49.616315" lon="25.66529"></trkpt>
      <trkpt lat="49.61584" lon="25.665698"></trkpt>
      <trkpt lat="49.615329" lon="25.665907"></trkpt>
      <trkpt lat="49.613879" lon="25.666008"></trkpt>
      <trkpt lat="49.612312" lon="25.665536"></trkpt>
      <trkpt lat="49.609706" lon="25.665954"></trkpt>
      <trkpt lat="49.606528" lon="25.666253"></trkpt>
      <trkpt lat="49.605977" lon="25.666107"></trkpt>
      <trkpt lat="49.604679" lon="25.665258"></trkpt>
      <trkpt lat="49.604037" lon="25.665105"></trkpt>
      <trkpt lat="49.601173" lon="25.666219"></trkpt>
      <trkpt lat="49.599498" lon="25.666078"></trkpt>
      <trkpt lat="49.598813" lon="25.666345"></trkpt>
      <trkpt lat="49.598234" lon="25.666894"></trkpt>
      <trkpt lat="49.597137" lon="25.66909"></trkpt>
      <trkpt lat="49.596656" lon="25.669645"></trkpt>
      <trkpt lat="49.596159" lon="25.669905"></trkpt>
      <trkpt lat="49.595732" lon="25.669943"></trkpt>
      <trkpt lat="49.595236" lon="25.669792"></trkpt>
      <trkpt lat="49.594862" lon="25.669515"></trkpt>
      <trkpt lat="49.594374" lon="25.668838"></trkpt>
      <trkpt lat="49.594116" lon="25.668242"></trkpt>
      <trkpt lat="49.593528" lon="25.66601"></trkpt>
      <trkpt lat="49.593463" lon="25.665128"></trkpt>
      <trkpt lat="49.593562" lon="25.661119"></trkpt>
      <trkpt lat="49.59324" lon="25.659316"></trkpt>
      <trkpt lat="49.593185" lon="25.656125"></trkpt>
      <trkpt lat="49.592324" lon="25.65304"></trkpt>
      <trkpt lat="49.592522" lon="25.647944"></trkpt>
      <trkpt lat="49.592179" lon="25.646325"></trkpt>
      <trkpt lat="49.591514" lon="25.645282"></trkpt>
      <trkpt lat="49.591072" lon="25.644933"></trkpt>
      <trkpt lat="49.590158" lon="25.644477"></trkpt>
      <trkpt lat="49.589043" lon="25.643215"></trkpt>
      <trkpt lat="49.588672" lon="25.64297"></trkpt>
      <trkpt lat="49.586749" lon="25.642282"></trkpt>
      <trkpt lat="49.585304" lon="25.641136"></trkpt>
      <trkpt lat="49.584759" lon="25.641055"></trkpt>
      <trkpt lat="49.583214" lon="25.641202"></trkpt>
      <trkpt lat="49.582555" lon="25.641041"></trkpt>
      <trkpt lat="49.580472" lon="25.639816"></trkpt>
      <trkpt lat="49.579841" lon="25.639051"></trkpt>
      <trkpt lat="49.579401" lon="25.637725"></trkpt>
      <trkpt lat="49.579253" lon="25.636191"></trkpt>
      <trkpt lat="49.579419" lon="25.635167"></trkpt>
      <trkpt lat="49.580521" lon="25.630869"></trkpt>
      <trkpt lat="49.580671" lon="25.629827"></trkpt>
      <trkpt lat="49.580584" lon="25.627755"></trkpt>
      <trkpt lat="49.580821" lon="25.623839"></trkpt>
      <trkpt lat="49.580718" lon="25.622832"></trkpt>
      <trkpt lat="49.580417" lon="25.621847"></trkpt>
      <trkpt lat="49.58004" lon="25.621102"></trkpt>
      <trkpt lat="49.578449" lon="25.618676"></trkpt>
      <trkpt lat="49.575673" lon="25.615209"></trkpt>
      <trkpt lat="49.56896" lon="25.610269"></trkpt>
      <trkpt lat="49.568387" lon="25.609573"></trkpt>
      <trkpt lat="49.567935" lon="25.608289"></trkpt>
      <trkpt lat="49.565906" lon="25.598318"></trkpt>
      <trkpt lat="49.565316" lon="25.596937"></trkpt>
      <trkpt lat="49.564611" lon="25.596277"></trkpt>
      <trkpt lat="49.564061" lon="25.596073"></trkpt>
      <trkpt lat="49.563516" lon="25.596166"></trkpt>
      <trkpt lat="49.561103" lon="25.597777"></trkpt>
      <trkpt lat="49.558463" lon="25.598771"></trkpt>
      <trkpt lat="49.556522" lon="25.599859"></trkpt>
      <trkpt lat="49.553073" lon="25.60146"></trkpt>
      <trkpt lat="49.551437" lon="25.602097"></trkpt>
      <trkpt lat="49.548956" lon="25.603349"></trkpt>
      <trkpt lat="49.547418" lon="25.604924"></trkpt>
      <trkpt lat="49.545435" lon="25.608292"></trkpt>
      <trkpt lat="49.543544" lon="25.610908"></trkpt>
      <trkpt lat="49.542807" lon="25.611405"></trkpt>
      <trkpt lat="49.542195" lon="25.611514"></trkpt>
      <trkpt lat="49.54144" lon="25.611327"></trkpt>
      <trkpt lat="49.540612" lon="25.610638"></trkpt>
      <trkpt lat="49.54009" lon="25.609718"></trkpt>
      <trkpt lat="49.539773" lon="25.608525"></trkpt>
      <trkpt lat="49.539713" lon="25.607684"></trkpt>
      <trkpt lat="49.539876" lon="25.60638"></trkpt>
      <trkpt lat="49.541123" lon="25.602471"></trkpt>
      <trkpt lat="49.541297" lon="25.601457"></trkpt>
      <trkpt lat="49.541252" lon="25.60028"></trkpt>
      <trkpt lat="49.540666" lon="25.597441"></trkpt>
      <trkpt lat="49.540117" lon="25.59601"></trkpt>
      <trkpt lat="49.539583" lon="25.595338"></trkpt>
      <trkpt lat="49.539118" lon="25.595019"></trkpt>
      <trkpt lat="49.538598" lon="25.59485"></trkpt>
      <trkpt lat="49.537176" lon="25.594729"></trkpt>
      <trkpt lat="49.536408" lon="25.594325"></trkpt>
      <trkpt lat="49.533048" lon="25.591985"></trkpt>
      <trkpt lat="49.530655" lon="25.589418"></trkpt>
      <trkpt lat="49.530191" lon="25.589076"></trkpt>
      <trkpt lat="49.529646" lon="25.58889"></trkpt>
      <trkpt lat="49.528891" lon="25.588875"></trkpt>
      <trkpt lat="49.528348" lon="25.589023"></trkpt>
      <trkpt lat="49.527087" lon="25.589628"></trkpt>
      <trkpt lat="49.526312" lon="25.590162"></trkpt>
      <trkpt lat="49.525423" lon="25.591173"></trkpt>
      <trkpt lat="49.522664" lon="25.594992"></trkpt>
      <trkpt lat="49.521479" lon="25.595948"></trkpt>
      <trkpt lat="49.49978" lon="25.606332"></trkpt>
      <trkpt lat="49.497766" lon="25.607054"></trkpt>
      <trkpt lat="49.495727" lon="25.606788"></trkpt>
      <trkpt lat="49.487041" lon="25.603782"></trkpt>
      <trkpt lat="49.485949" lon="25.603062"></trkpt>
      <trkpt lat="49.485405" lon="25.602332"></trkpt>
      <trkpt lat="49.484928" lon="25.601144"></trkpt>
      <trkpt lat="49.484513" lon="25.598155"></trkpt>
      <trkpt lat="49.483837" lon="25.596005"></trkpt>
      <trkpt lat="49.482161" lon="25.592287"></trkpt>
      <trkpt lat="49.481949" lon="25.591417"></trkpt>
      <trkpt lat="49.4819" lon="25.590047"></trkpt>
      <trkpt lat="49.482861" lon="25.585436"></trkpt>
      <trkpt lat="49.483048" lon="25.582673"></trkpt>
      <trkpt lat="49.482759" lon="25.580403"></trkpt>
      <trkpt lat="49.481639" lon="25.576036"></trkpt>
      <trkpt lat="49.481479" lon="25.574134"></trkpt>
      <trkpt lat="49.481515" lon="25.572775"></trkpt>
      <trkpt lat="49.481885" lon="25.570548"></trkpt>
      <trkpt lat="49.483637" lon="25.56412"></trkpt>
      <trkpt lat="49.48551" lon="25.553897"></trkpt>
      <trkpt lat="49.485818" lon="25.55309"></trkpt>
      <trkpt lat="49.487647" lon="25.549638"></trkpt>
      <trkpt lat="49.488172" lon="25.548034"></trkpt>
      <trkpt lat="49.488192" lon="25.54613"></trkpt>
      <trkpt lat="49.487529" lon="25.543735"></trkpt>
      <trkpt lat="49.487407" lon="25.542404"></trkpt>
      <trkpt lat="49.488163" lon="25.536858"></trkpt>
      <trkpt lat="49.48823" lon="25.535398"></trkpt>
      <trkpt lat="49.488014" lon="25.533758"></trkpt>
      <trkpt lat="49.487172" lon="25.530657"></trkpt>
      <trkpt lat="49.487128" lon="25.527024"></trkpt>
      <trkpt lat="49.486572" lon="25.519971"></trkpt>
      <trkpt lat="49.486335" lon="25.518776"></trkpt>
      <trkpt lat="49.484546" lon="25.512227"></trkpt>
      <trkpt lat="49.484278" lon="25.506673"></trkpt>
      <trkpt lat="49.483706" lon="25.503936"></trkpt>
      <trkpt lat="49.483373" lon="25.501624"></trkpt>
      <trkpt lat="49.473833" lon="25.426597"></trkpt>
      <trkpt lat="49.473367" lon="25.414766"></trkpt>
      <trkpt lat="49.469061" lon="25.391123"></trkpt>
      <trkpt lat="49.469605" lon="25.367525"></trkpt>
      <trkpt lat="49.469739" lon="25.365405"></trkpt>
      <trkpt lat="49.470084" lon="25.362284"></trkpt>
      <trkpt lat="49.472196" lon="25.350214"></trkpt>
      <trkpt lat="49.472393" lon="25.348365"></trkpt>
      <trkpt lat="49.472287" lon="25.346786"></trkpt>
      <trkpt lat="49.470494" lon="25.334642"></trkpt>
      <trkpt lat="49.469935" lon="25.332888"></trkpt>
      <trkpt lat="49.467819" lon="25.330159"></trkpt>
      <trkpt lat="49.467441" lon="25.329462"></trkpt>
      <trkpt lat="49.467184" lon="25.32859"></trkpt>
      <trkpt lat="49.467077" lon="25.327028"></trkpt>
      <trkpt lat="49.467325" lon="25.318718"></trkpt>
      <trkpt lat="49.466991" lon="25.316565"></trkpt>
      <trkpt lat="49.466295" lon="25.314812"></trkpt>
      <trkpt lat="49.465304" lon="25.313443"></trkpt>
      <trkpt lat="49.448371" lon="25.295075"></trkpt>
      <trkpt lat="49.4478" lon="25.294277"></trkpt>
      <trkpt lat="49.447418" lon="25.293299"></trkpt>
      <trkpt lat="49.447221" lon="25.291837"></trkpt>
      <trkpt lat="49.447079" lon="25.28673"></trkpt>
      <trkpt lat="49.445889" lon="25.282196"></trkpt>
      <trkpt lat="49.445721" lon="25.280668"></trkpt>
      <trkpt lat="49.445777" lon="25.279119"></trkpt>
      <trkpt lat="49.446475" lon="25.274059"></trkpt>
      <trkpt lat="49.446493" lon="25.267246"></trkpt>
      <trkpt lat="49.446272" lon="25.265195"></trkpt>
      <trkpt lat="49.445193" lon="25.262109"></trkpt>
      <trkpt lat="49.444895" lon="25.26063"></trkpt>
      <trkpt lat="49.445311" lon="25.252359"></trkpt>
      <trkpt lat="49.445219" lon="25.251242"></trkpt>
      <trkpt lat="49.444904" lon="25.25004"></trkpt>
      <trkpt lat="49.444305" lon="25.249029"></trkpt>
      <trkpt lat="49.443486" lon="25.248347"></trkpt>
      <trkpt lat="49.44172" lon="25.24769"></trkpt>
      <trkpt lat="49.441265" lon="25.247396"></trkpt>
      <trkpt lat="49.440498" lon="25.246438"></trkpt>
      <trkpt lat="49.440047" lon="25.245353"></trkpt>
      <trkpt lat="49.439837" lon="25.243948"></trkpt>
      <trkpt lat="49.43901" lon="25.221417"></trkpt>
      <trkpt lat="49.438788" lon="25.219192"></trkpt>
      <trkpt lat="49.438394" lon="25.217795"></trkpt>
      <trkpt lat="49.437759" lon="25.216498"></trkpt>
      <trkpt lat="49.434351" lon="25.211952"></trkpt>
      <trkpt lat="49.433621" lon="25.210713"></trkpt>
      <trkpt lat="49.432962" lon="25.209235"></trkpt>
      <trkpt lat="49.432589" lon="25.207951"></trkpt>
      <trkpt lat="49.429546" lon="25.192989"></trkpt>
      <trkpt lat="49.429467" lon="25.191944"></trkpt>
      <trkpt lat="49.429416" lon="25.159329"></trkpt>
      <trkpt lat="49.429363" lon="25.158032"></trkpt>
      <trkpt lat="49.429089" lon="25.156741"></trkpt>
      <trkpt lat="49.428732" lon="25.155966"></trkpt>
      <trkpt lat="49.428132" lon="25.155184"></trkpt>
      <trkpt lat="49.427539" lon="25.154768"></trkpt>
      <trkpt lat="49.42663" lon="25.154579"></trkpt>
      <trkpt lat="49.426153" lon="25.154672"></trkpt>
      <trkpt lat="49.425583" lon="25.154959"></trkpt>
      <trkpt lat="49.423701" lon="25.156867"></trkpt>
      <trkpt lat="49.423109" lon="25.157217"></trkpt>
      <trkpt lat="49.422678" lon="25.157313"></trkpt>
      <trkpt lat="49.420993" lon="25.157166"></trkpt>
      <trkpt lat="49.418579" lon="25.15796"></trkpt>
      <trkpt lat="49.418015" lon="25.158041"></trkpt>
      <trkpt lat="49.417261" lon="25.15789"></trkpt>
      <trkpt lat="49.416229" lon="25.157235"></trkpt>
      <trkpt lat="49.415428" lon="25.156265"></trkpt>
      <trkpt lat="49.415039" lon="25.155368"></trkpt>
      <trkpt lat="49.4145" lon="25.153386"></trkpt>
      <trkpt lat="49.413996" lon="25.152073"></trkpt>
      <trkpt lat="49.413442" lon="25.151173"></trkpt>
      <trkpt lat="49.412727" lon="25.150418"></trkpt>
      <trkpt lat="49.41153" lon="25.14979"></trkpt>
      <trkpt lat="49.406985" lon="25.148521"></trkpt>
      <trkpt lat="49.406322" lon="25.148247"></trkpt>
      <trkpt lat="49.405513" lon="25.147477"></trkpt>
      <trkpt lat="49.40425" lon="25.145659"></trkpt>
      <trkpt lat="49.403361" lon="25.144898"></trkpt>
      <trkpt lat="49.402697" lon="25.144765"></trkpt>
      <trkpt lat="49.400893" lon="25.145193"></trkpt>
      <trkpt lat="49.399999" lon="25.144947"></trkpt>
      <trkpt lat="49.399082" lon="25.143979"></trkpt>
      <trkpt lat="49.398509" lon="25.142545"></trkpt>
      <trkpt lat="49.398411" lon="25.140851"></trkpt>
      <trkpt lat="49.399016" lon="25.137747"></trkpt>
      <trkpt lat="49.40398" lon="25.122674"></trkpt>
      <trkpt lat="49.404213" lon="25.121187"></trkpt>
      <trkpt lat="49.404011" lon="25.119588"></trkpt>
      <trkpt lat="49.403562" lon="25.11855"></trkpt>
      <trkpt lat="49.402594" lon="25.117061"></trkpt>
      <trkpt lat="49.402262" lon="25.115804"></trkpt>
      <trkpt lat="49.398098" lon="25.085358"></trkpt>
      <trkpt lat="49.397978" lon="25.082701"></trkpt>
      <trkpt lat="49.398497" lon="25.06602"></trkpt>
      <trkpt lat="49.398692" lon="25.064821"></trkpt>
      <trkpt lat="49.399098" lon="25.063657"></trkpt>
      <trkpt lat="49.401334" lon="25.059822"></trkpt>
      <trkpt lat="49.401792" lon="25.058738"></trkpt>
      <trkpt lat="49.402022" lon="25.057249"></trkpt>
      <trkpt lat="49.402086" lon="25.053838"></trkpt>
      <trkpt lat="49.402905" lon="25.048912"></trkpt>
      <trkpt lat="49.403933" lon="25.044665"></trkpt>
      <trkpt lat="49.404553" lon="25.042887"></trkpt>
      <trkpt lat="49.40558" lon="25.040703"></trkpt>
      <trkpt lat="49.407522" lon="25.037322"></trkpt>
      <trkpt lat="49.409102" lon="25.034914"></trkpt>
      <trkpt lat="49.410325" lon="25.032375"></trkpt>
      <trkpt lat="49.411114" lon="25.029885"></trkpt>
      <trkpt lat="49.412178" lon="25.02518"></trkpt>
      <trkpt lat="49.412242" lon="25.023997"></trkpt>
      <trkpt lat="49.412113" lon="25.023078"></trkpt>
      <trkpt lat="49.411609" lon="25.021892"></trkpt>
      <trkpt lat="49.408682" lon="25.017844"></trkpt>
      <trkpt lat="49.408263" lon="25.017111"></trkpt>
      <trkpt lat="49.405802" lon="25.007866"></trkpt>
      <trkpt lat="49.405138" lon="25.006234"></trkpt>
      <trkpt lat="49.404434" lon="25.005452"></trkpt>
      <trkpt lat="49.401296" lon="25.003462"></trkpt>
      <trkpt lat="49.398566" lon="25.00052"></trkpt>
      <trkpt lat="49.397865" lon="24.999498"></trkpt>
      <trkpt lat="49.396527" lon="24.996043"></trkpt>
      <trkpt lat="49.395979" lon="24.995009"></trkpt>
      <trkpt lat="49.395323" lon="24.994268"></trkpt>
      <trkpt lat="49.390173" lon="24.990191"></trkpt>
      <trkpt lat="49.389741" lon="24.989576"></trkpt>
      <trkpt lat="49.388807" lon="24.987003"></trkpt>
      <trkpt lat="49.388101" lon="24.985801"></trkpt>
      <trkpt lat="49.387577" lon="24.985316"></trkpt>
      <trkpt lat="49.384752" lon="24.983549"></trkpt>
      <trkpt lat="49.383159" lon="24.982634"></trkpt>
      <trkpt lat="49.381777" lon="24.981995"></trkpt>
      <trkpt lat="49.380835" lon="24.981768"></trkpt>
      <trkpt lat="49.375083" lon="24.981319"></trkpt>
      <trkpt lat="49.373227" lon="24.980735"></trkpt>
      <trkpt lat="49.372496" lon="24.98011"></trkpt>
      <trkpt lat="49.371967" lon="24.979217"></trkpt>
      <trkpt lat="49.371682" lon="24.978281"></trkpt>
      <trkpt lat="49.370727" lon="24.970268"></trkpt>
      <trkpt lat="49.370347" lon="24.96928"></trkpt>
      <trkpt lat="49.369057" lon="24.967365"></trkpt>
      <trkpt lat="49.368783" lon="24.966502"></trkpt>
      <trkpt lat="49.36865" lon="24.965495"></trkpt>
      <trkpt lat="49.368743" lon="24.964151"></trkpt>
      <trkpt lat="49.369402" lon="24.961278"></trkpt>
      <trkpt lat="49.369974" lon="24.959422"></trkpt>
      <trkpt lat="49.370545" lon="24.958088"></trkpt>
      <trkpt lat="49.373365" lon="24.953036"></trkpt>
      <trkpt lat="49.374406" lon="24.951549"></trkpt>
      <trkpt lat="49.375536" lon="24.949459"></trkpt>
      <trkpt lat="49.375969" lon="24.948963"></trkpt>
      <trkpt lat="49.377157" lon="24.948084"></trkpt>
      <trkpt lat="49.377647" lon="24.947463"></trkpt>
      <trkpt lat="49.377989" lon="24.946749"></trkpt>
      <trkpt lat="49.378261" lon="24.945754"></trkpt>
      <trkpt lat="49.378332" lon="24.944655"></trkpt>
      <trkpt lat="49.378075" lon="24.939838"></trkpt>
      <trkpt lat="49.376912" lon="24.932379"></trkpt>
      <trkpt lat="49.376385" lon="24.930209"></trkpt>
      <trkpt lat="49.375245" lon="24.9283"></trkpt>
      <trkpt lat="49.37475" lon="24.92696"></trkpt>
      <trkpt lat="49.374545" lon="24.924312"></trkpt>
      <trkpt lat="49.374349" lon="24.92325"></trkpt>
      <trkpt lat="49.372555" lon="24.91729"></trkpt>
      <trkpt lat="49.37243" lon="24.916076"></trkpt>
      <trkpt lat="49.372525" lon="24.914568"></trkpt>
      <trkpt lat="49.372942" lon="24.913038"></trkpt>
      <trkpt lat="49.374255" lon="24.909843"></trkpt>
      <trkpt lat="49.375133" lon="24.908444"></trkpt>
      <trkpt lat="49.37691" lon="24.906625"></trkpt>
      <trkpt lat="49.377298" lon="24.906014"></trkpt>
      <trkpt lat="49.377613" lon="24.905237"></trkpt>
      <trkpt lat="49.381959" lon="24.887353"></trkpt>
      <trkpt lat="49.382332" lon="24.886427"></trkpt>
      <trkpt lat="49.384326" lon="24.882712"></trkpt>
      <trkpt lat="49.384808" lon="24.881365"></trkpt>
      <trkpt lat="49.385405" lon="24.878104"></trkpt>
      <trkpt lat="49.386306" lon="24.870739"></trkpt>
      <trkpt lat="49.386662" lon="24.868717"></trkpt>
      <trkpt lat="49.387175" lon="24.866978"></trkpt>
      <trkpt lat="49.388701" lon="24.863205"></trkpt>
      <trkpt lat="49.389604" lon="24.859043"></trkpt>
      <trkpt lat="49.391393" lon="24.853051"></trkpt>
      <trkpt lat="49.391861" lon="24.850401"></trkpt>
      <trkpt lat="49.392416" lon="24.849041"></trkpt>
      <trkpt lat="49.394878" lon="24.845885"></trkpt>
      <trkpt lat="49.395519" lon="24.844539"></trkpt>
      <trkpt lat="49.395696" lon="24.84338"></trkpt>
      <trkpt lat="49.395868" lon="24.838868"></trkpt>
      <trkpt lat="49.395463" lon="24.837363"></trkpt>
      <trkpt lat="49.393998" lon="24.834546"></trkpt>
      <trkpt lat="49.393792" lon="24.833445"></trkpt>
      <trkpt lat="49.393832" lon="24.832385"></trkpt>
      <trkpt lat="49.394248" lon="24.83082"></trkpt>
      <trkpt lat="49.395515" lon="24.828745"></trkpt>
      <trkpt lat="49.396111" lon="24.826974"></trkpt>
      <trkpt lat="49.396818" lon="24.821413"></trkpt>
      <trkpt lat="49.39704" lon="24.811695"></trkpt>
      <trkpt lat="49.397188" lon="24.810117"></trkpt>
      <trkpt lat="49.397642" lon="24.808113"></trkpt>
      <trkpt lat="49.399386" lon="24.80359"></trkpt>
      <trkpt lat="49.399578" lon="24.801992"></trkpt>
      <trkpt lat="49.399462" lon="24.800731"></trkpt>
      <trkpt lat="49.399257" lon="24.800059"></trkpt>
      <trkpt lat="49.398654" lon="24.799041"></trkpt>
      <trkpt lat="49.398227" lon="24.798644"></trkpt>
      <trkpt lat="49.397404" lon="24.798268"></trkpt>
      <trkpt lat="49.395645" lon="24.79824"></trkpt>
      <trkpt lat="49.393941" lon="24.797161"></trkpt>
      <trkpt lat="49.393595" lon="24.797043"></trkpt>
      <trkpt lat="49.392443" lon="24.796993"></trkpt>
      <trkpt lat="49.392069" lon="24.796862"></trkpt>
      <trkpt lat="49.391564" lon="24.796477"></trkpt>
      <trkpt lat="49.390529" lon="24.795191"></trkpt>
      <trkpt lat="49.389356" lon="24.792915"></trkpt>
      <trkpt lat="49.387898" lon="24.791517"></trkpt>
      <trkpt lat="49.387225" lon="24.790446"></trkpt>
      <trkpt lat="49.3861" lon="24.786713"></trkpt>
      <trkpt lat="49.385531" lon="24.783656"></trkpt>
      <trkpt lat="49.385021" lon="24.781899"></trkpt>
      <trkpt lat="49.384609" lon="24.781147"></trkpt>
      <trkpt lat="49.382944" lon="24.779457"></trkpt>
      <trkpt lat="49.381997" lon="24.778898"></trkpt>
      <trkpt lat="49.376501" lon="24.77647"></trkpt>
      <trkpt lat="49.375914" lon="24.775789"></trkpt>
      <trkpt lat="49.37459" lon="24.773183"></trkpt>
      <trkpt lat="49.373949" lon="24.772591"></trkpt>
      <trkpt lat="49.373396" lon="24.772348"></trkpt>
      <trkpt lat="49.372639" lon="24.772309"></trkpt>
      <trkpt lat="49.371955" lon="24.772577"></trkpt>
      <trkpt lat="49.369035" lon="24.775625"></trkpt>
      <trkpt lat="49.368365" lon="24.776029"></trkpt>
      <trkpt lat="49.367611" lon="24.776241"></trkpt>
      <trkpt lat="49.365664" lon="24.775999"></trkpt>
      <trkpt lat="49.364822" lon="24.77574"></trkpt>
      <trkpt lat="49.364181" lon="24.775181"></trkpt>
      <trkpt lat="49.363649" lon="24.774329"></trkpt>
      <trkpt lat="49.363238" lon="24.772897"></trkpt>
      <trkpt lat="49.363225" lon="24.771661"></trkpt>
      <trkpt lat="49.364242" lon="24.76719"></trkpt>
      <trkpt lat="49.364557" lon="24.766572"></trkpt>
      <trkpt lat="49.364993" lon="24.766041"></trkpt>
      <trkpt lat="49.366636" lon="24.76482"></trkpt>
      <trkpt lat="49.367156" lon="24.763951"></trkpt>
      <trkpt lat="49.367477" lon="24.76287"></trkpt>
      <trkpt lat="49.367563" lon="24.761487"></trkpt>
      <trkpt lat="49.366956" lon="24.7569"></trkpt>
      <trkpt lat="49.366884" lon="24.754145"></trkpt>
      <trkpt lat="49.367193" lon="24.75174"></trkpt>
      <trkpt lat="49.369033" lon="24.742685"></trkpt>
      <trkpt lat="49.369139" lon="24.74165"></trkpt>
      <trkpt lat="49.369035" lon="24.740431"></trkpt>
      <trkpt lat="49.368569" lon="24.739061"></trkpt>
      <trkpt lat="49.364587" lon="24.733406"></trkpt>
      <trkpt lat="49.364173" lon="24.732116"></trkpt>
      <trkpt lat="49.364124" lon="24.730412"></trkpt>
      <trkpt lat="49.364345" lon="24.729421"></trkpt>
      <trkpt lat="49.364656" lon="24.728688"></trkpt>
      <trkpt lat="49.365072" lon="24.728084"></trkpt>
      <trkpt lat="49.365648" lon="24.727574"></trkpt>
      <trkpt lat="49.366233" lon="24.72733"></trkpt>
      <trkpt lat="49.366864" lon="24.727297"></trkpt>
      <trkpt lat="49.368796" lon="24.72815"></trkpt>
      <trkpt lat="49.36939" lon="24.728281"></trkpt>
      <trkpt lat="49.369834" lon="24.728247"></trkpt>
      <trkpt lat="49.370458" lon="24.727955"></trkpt>
      <trkpt lat="49.370932" lon="24.72753"></trkpt>
      <trkpt lat="49.371565" lon="24.726424"></trkpt>
      <trkpt lat="49.371895" lon="24.724848"></trkpt>
      <trkpt lat="49.371844" lon="24.723677"></trkpt>
      <trkpt lat="49.371675" lon="24.722913"></trkpt>
      <trkpt lat="49.371102" lon="24.721702"></trkpt>
      <trkpt lat="49.369535" lon="24.719952"></trkpt>
      <trkpt lat="49.369106" lon="24.71908"></trkpt>
      <trkpt lat="49.368887" lon="24.718258"></trkpt>
      <trkpt lat="49.368805" lon="24.716561"></trkpt>
      <trkpt lat="49.369206" lon="24.71364"></trkpt>
      <trkpt lat="49.369623" lon="24.712498"></trkpt>
      <trkpt lat="49.370107" lon="24.711817"></trkpt>
      <trkpt lat="49.372889" lon="24.709614"></trkpt>
      <trkpt lat="49.373579" lon="24.708489"></trkpt>
      <trkpt lat="49.373891" lon="24.707163"></trkpt>
      <trkpt lat="49.373911" lon="24.706203"></trkpt>
      <trkpt lat="49.373328" lon="24.7029"></trkpt>
      <trkpt lat="49.373312" lon="24.702181"></trkpt>
      <trkpt lat="49.373532" lon="24.700796"></trkpt>
      <trkpt lat="49.373843" lon="24.700026"></trkpt>
      <trkpt lat="49.37533" lon="24.698095"></trkpt>
      <trkpt lat="49.376475" lon="24.696159"></trkpt>
      <trkpt lat="49.377097" lon="24.695356"></trkpt>
      <trkpt lat="49.37812" lon="24.694578"></trkpt>
      <trkpt lat="49.379683" lon="24.694"></trkpt>
      <trkpt lat="49.380474" lon="24.693311"></trkpt>
      <trkpt lat="49.38098" lon="24.692387"></trkpt>
      <trkpt lat="49.381244" lon="24.691365"></trkpt>
      <trkpt lat="49.381271" lon="24.689625"></trkpt>
      <trkpt lat="49.380324" lon="24.678448"></trkpt>
      <trkpt lat="49.380085" lon="24.677084"></trkpt>
      <trkpt lat="49.378652" lon="24.671875"></trkpt>
      <trkpt lat="49.378483" lon="24.670946"></trkpt>
      <trkpt lat="49.377312" lon="24.659462"></trkpt>
      <trkpt lat="49.377511" lon="24.656819"></trkpt>
      <trkpt lat="49.378683" lon="24.652641"></trkpt>
      <trkpt lat="49.378788" lon="24.647236"></trkpt>
      <trkpt lat="49.379196" lon="24.645431"></trkpt>
      <trkpt lat="49.379968" lon="24.643995"></trkpt>
      <trkpt lat="49.38035" lon="24.643618"></trkpt>
      <trkpt lat="49.382102" lon="24.642384"></trkpt>
      <trkpt lat="49.382691" lon="24.641526"></trkpt>
      <trkpt lat="49.383141" lon="24.640204"></trkpt>
      <trkpt lat="49.384069" lon="24.635739"></trkpt>
      <trkpt lat="49.384335" lon="24.635023"></trkpt>
      <trkpt lat="49.384757" lon="24.634368"></trkpt>
      <trkpt lat="49.385781" lon="24.633547"></trkpt>
      <trkpt lat="49.387287" lon="24.63324"></trkpt>
      <trkpt lat="49.388246" lon="24.632698"></trkpt>
      <trkpt lat="49.389002" lon="24.631769"></trkpt>
      <trkpt lat="49.389807" lon="24.630074"></trkpt>
      <trkpt lat="49.390359" lon="24.62932"></trkpt>
      <trkpt lat="49.402381" lon="24.618705"></trkpt>
      <trkpt lat="49.403015" lon="24.617731"></trkpt>
      <trkpt lat="49.403389" lon="24.616591"></trkpt>
      <trkpt lat="49.403516" lon="24.615226"></trkpt>
      <trkpt lat="49.403175" lon="24.610759"></trkpt>
      <trkpt lat="49.402845" lon="24.609367"></trkpt>
      <trkpt lat="49.39535" lon="24.596646"></trkpt>
      <trkpt lat="49.395032" lon="24.595306"></trkpt>
      <trkpt lat="49.395103" lon="24.593598"></trkpt>
      <trkpt lat="49.395319" lon="24.592791"></trkpt>
      <trkpt lat="49.397485" lon="24.587317"></trkpt>
      <trkpt lat="49.399019" lon="24.584868"></trkpt>
      <trkpt lat="49.40135" lon="24.57902"></trkpt>
      <trkpt lat="49.40558" lon="24.566246"></trkpt>
      <trkpt lat="49.406136" lon="24.565381"></trkpt>
      <trkpt lat="49.407456" lon="24.56397"></trkpt>
      <trkpt lat="49.407982" lon="24.562825"></trkpt>
      <trkpt lat="49.40821" lon="24.561407"></trkpt>
      <trkpt lat="49.408097" lon="24.558973"></trkpt>
      <trkpt lat="49.407921" lon="24.558088"></trkpt>
      <trkpt lat="49.407141" lon="24.555824"></trkpt>
      <trkpt lat="49.406997" lon="24.554915"></trkpt>
      <trkpt lat="49.40701" lon="24.553831"></trkpt>
      <trkpt lat="49.408063" lon="24.549545"></trkpt>
      <trkpt lat="49.408738" lon="24.545406"></trkpt>
      <trkpt lat="49.408764" lon="24.544461"></trkpt>
      <trkpt lat="49.4083" lon="24.542061"></trkpt>
      <trkpt lat="49.408252" lon="24.540653"></trkpt>
      <trkpt lat="49.409059" lon="24.537371"></trkpt>
      <trkpt lat="49.409004" lon="24.53518"></trkpt>
      <trkpt lat="49.409091" lon="24.534323"></trkpt>
      <trkpt lat="49.40925" lon="24.533677"></trkpt>
      <trkpt lat="49.410017" lon="24.531781"></trkpt>
      <trkpt lat="49.410321" lon="24.530578"></trkpt>
      <trkpt lat="49.410509" lon="24.526656"></trkpt>
      <trkpt lat="49.411061" lon="24.525207"></trkpt>
      <trkpt lat="49.415581" lon="24.518996"></trkpt>
      <trkpt lat="49.416191" lon="24.517854"></trkpt>
      <trkpt lat="49.416642" lon="24.515405"></trkpt>
      <trkpt lat="49.41774" lon="24.507611"></trkpt>
      <trkpt lat="49.418689" lon="24.504918"></trkpt>
      <trkpt lat="49.41888" lon="24.504036"></trkpt>
      <trkpt lat="49.418924" lon="24.503058"></trkpt>
      <trkpt lat="49.418775" lon="24.50082"></trkpt>
      <trkpt lat="49.41895" lon="24.499249"></trkpt>
      <trkpt lat="49.421979" lon="24.488324"></trkpt>
      <trkpt lat="49.422308" lon="24.483869"></trkpt>
      <trkpt lat="49.422121" lon="24.482329"></trkpt>
      <trkpt lat="49.421525" lon="24.480994"></trkpt>
      <trkpt lat="49.419196" lon="24.478751"></trkpt>
      <trkpt lat="49.418675" lon="24.477881"></trkpt>
      <trkpt lat="49.418295" lon="24.476978"></trkpt>
      <trkpt lat="49.417894" lon="24.475013"></trkpt>
      <trkpt lat="49.417744" lon="24.471462"></trkpt>
      <trkpt lat="49.417559" lon="24.470356"></trkpt>
      <trkpt lat="49.417228" lon="24.469306"></trkpt>
      <trkpt lat="49.415371" lon="24.465935"></trkpt>
      <trkpt lat="49.415009" lon="24.465017"></trkpt>
      <trkpt lat="49.412714" lon="24.454768"></trkpt>
      <trkpt lat="49.412368" lon="24.45397"></trkpt>
      <trkpt lat="49.411583" lon="24.453018"></trkpt>
      <trkpt lat="49.410768" lon="24.452544"></trkpt>
      <trkpt lat="49.408824" lon="24.451788"></trkpt>
      <trkpt lat="49.408071" lon="24.451118"></trkpt>
      <trkpt lat="49.407301" lon="24.449619"></trkpt>
      <trkpt lat="49.407076" lon="24.448201"></trkpt>
      <trkpt lat="49.407304" lon="24.445448"></trkpt>
      <trkpt lat="49.408124" lon="24.443421"></trkpt>
      <trkpt lat="49.408374" lon="24.442324"></trkpt>
      <trkpt lat="49.409358" lon="24.427153"></trkpt>
      <trkpt lat="49.409393" lon="24.419687"></trkpt>
      <trkpt lat="49.407819" lon="24.398804"></trkpt>
      <trkpt lat="49.407901" lon="24.391739"></trkpt>
      <trkpt lat="49.408012" lon="24.390275"></trkpt>
      <trkpt lat="49.408475" lon="24.388576"></trkpt>
      <trkpt lat="49.41189" lon="24.380781"></trkpt>
      <trkpt lat="49.412459" lon="24.379114"></trkpt>
      <trkpt lat="49.414605" lon="24.368581"></trkpt>
      <trkpt lat="49.414739" lon="24.366811"></trkpt>
      <trkpt lat="49.414714" lon="24.361514"></trkpt>
      <trkpt lat="49.414823" lon="24.360139"></trkpt>
      <trkpt lat="49.415327" lon="24.358275"></trkpt>
      <trkpt lat="49.41837" lon="24.350767"></trkpt>
      <trkpt lat="49.419052" lon="24.348775"></trkpt>
      <trkpt lat="49.421271" lon="24.33604"></trkpt>
      <trkpt lat="49.42154" lon="24.333144"></trkpt>
      <trkpt lat="49.42143" lon="24.330669"></trkpt>
      <trkpt lat="49.420842" lon="24.327674"></trkpt>
      <trkpt lat="49.420275" lon="24.326055"></trkpt>
      <trkpt lat="49.419656" lon="24.324771"></trkpt>
      <trkpt lat="49.409757" lon="24.30973"></trkpt>
      <trkpt lat="49.4091" lon="24.309224"></trkpt>
      <trkpt lat="49.408333" lon="24.308988"></trkpt>
      <trkpt lat="49.407398" lon="24.309058"></trkpt>
      <trkpt lat="49.40532" lon="24.309505"></trkpt>
      <trkpt lat="49.402331" lon="24.309427"></trkpt>
      <trkpt lat="49.400817" lon="24.308857"></trkpt>
      <trkpt lat="49.398944" lon="24.307726"></trkpt>
      <trkpt lat="49.397375" lon="24.306317"></trkpt>
      <trkpt lat="49.38206" lon="24.288867"></trkpt>
      <trkpt lat="49.381355" lon="24.287748"></trkpt>
      <trkpt lat="49.3806" lon="24.285912"></trkpt>
      <trkpt lat="49.380283" lon="24.284281"></trkpt>
      <trkpt lat="49.380177" lon="24.282541"></trkpt>
      <trkpt lat="49.381489" lon="24.265909"></trkpt>
      <trkpt lat="49.382008" lon="24.243049"></trkpt>
      <trkpt lat="49.377967" lon="24.200697"></trkpt>
      <trkpt lat="49.377809" lon="24.154289"></trkpt>
      <trkpt lat="49.377765" lon="24.152799"></trkpt>
      <trkpt lat="49.377608" lon="24.151847"></trkpt>
      <trkpt lat="49.377274" lon="24.150802"></trkpt>
      <trkpt lat="49.376876" lon="24.149978"></trkpt>
      <trkpt lat="49.376202" lon="24.149008"></trkpt>
      <trkpt lat="49.375631" lon="24.148557"></trkpt>
      <trkpt lat="49.359095" lon="24.140972"></trkpt>
      <trkpt lat="49.357859" lon="24.140099"></trkpt>
      <trkpt lat="49.357107" lon="24.139382"></trkpt>
      <trkpt lat="49.324642" lon="24.100648"></trkpt>
      <trkpt lat="49.32371" lon="24.099288"></trkpt>
      <trkpt lat="49.323115" lon="24.097878"></trkpt>
      <trkpt lat="49.322618" lon="24.095978"></trkpt>
      <trkpt lat="49.3072" lon="24.018084"></trkpt>
      <trkpt lat="49.300145" lon="23.98297"></trkpt>
      <trkpt lat="49.29937" lon="23.980718"></trkpt>
      <trkpt lat="49.290255" lon="23.95848"></trkpt>
      <trkpt lat="49.28945" lon="23.956091"></trkpt>
      <trkpt lat="49.266566" lon="23.89959"></trkpt>
      <trkpt lat="49.266039" lon="23.897936"></trkpt>
      <trkpt lat="49.265845" lon="23.896438"></trkpt>
      <trkpt lat="49.265826" lon="23.895351"></trkpt>
      <trkpt lat="49.265949" lon="23.894183"></trkpt>
      <trkpt lat="49.266369" lon="23.892491"></trkpt>
      <trkpt lat="49.270442" lon="23.884408"></trkpt>
      <trkpt lat="49.271849" lon="23.881236"></trkpt>
      <trkpt lat="49.275205" lon="23.874615"></trkpt>
      <trkpt lat="49.275759" lon="23.87329"></trkpt>
      <trkpt lat="49.276322" lon="23.871339"></trkpt>
      <trkpt lat="49.276777" lon="23.868192"></trkpt>
      <trkpt lat="49.276809" lon="23.86628"></trkpt>
      <trkpt lat="49.276677" lon="23.864461"></trkpt>
      <trkpt lat="49.276083" lon="23.861412"></trkpt>
      <trkpt lat="49.275034" lon="23.858633"></trkpt>
      <trkpt lat="49.274041" lon="23.856906"></trkpt>
      <trkpt lat="49.272553" lon="23.85516"></trkpt>
      <trkpt lat="49.266073" lon="23.850403"></trkpt>
      <trkpt lat="49.265333" lon="23.849766"></trkpt>
      <trkpt lat="49.26439" lon="23.848691"></trkpt>
      <trkpt lat="49.252614" lon="23.830855"></trkpt>
      <trkpt lat="49.252109" lon="23.8299"></trkpt>
      <trkpt lat="49.250991" lon="23.827057"></trkpt>
      <trkpt lat="49.246981" lon="23.817786"></trkpt>
      <trkpt lat="49.245295" lon="23.814587"></trkpt>
      <trkpt lat="49.241508" lon="23.805749"></trkpt>
      <trkpt lat="49.21396" lon="23.747949"></trkpt>
      <trkpt lat="49.212466" lon="23.744895"></trkpt>
      <trkpt lat="49.211534" lon="23.743451"></trkpt>
      <trkpt lat="49.210584" lon="23.74257"></trkpt>
      <trkpt lat="49.14472" lon="23.691242"></trkpt>
      <trkpt lat="49.143037" lon="23.689642"></trkpt>
      <trkpt lat="49.131695" lon="23.677352"></trkpt>
      <trkpt lat="49.130649" lon="23.676343"></trkpt>
      <trkpt lat="49.12931" lon="23.67545"></trkpt>
      <trkpt lat="49.117592" lon="23.669932"></trkpt>
      <trkpt lat="49.116249" lon="23.668756"></trkpt>
      <trkpt lat="49.114793" lon="23.666958"></trkpt>
      <trkpt lat="49.114236" lon="23.665866"></trkpt>
      <trkpt lat="49.102818" lon="23.639168"></trkpt>
      <trkpt lat="49.102229" lon="23.63728"></trkpt>
      <trkpt lat="49.101983" lon="23.636068"></trkpt>
      <trkpt lat="49.101789" lon="23.633064"></trkpt>
      <trkpt lat="49.101703" lon="23.621609"></trkpt>
      <trkpt lat="49.101802" lon="23.617139"></trkpt>
      <trkpt lat="49.102161" lon="23.614587"></trkpt>
      <trkpt lat="49.104419" lon="23.603741"></trkpt>
      <trkpt lat="49.104565" lon="23.602155"></trkpt>
      <trkpt lat="49.104457" lon="23.60049"></trkpt>
      <trkpt lat="49.104238" lon="23.599247"></trkpt>
      <trkpt lat="49.10253" lon="23.594595"></trkpt>
      <trkpt lat="49.101659" lon="23.593255"></trkpt>
      <trkpt lat="49.100712" lon="23.59245"></trkpt>
      <trkpt lat="49.099109" lon="23.591573"></trkpt>
      <trkpt lat="49.081908" lon="23.583554"></trkpt>
      <trkpt lat="49.080228" lon="23.582355"></trkpt>
      <trkpt lat="49.079018" lon="23.581008"></trkpt>
      <trkpt lat="49.054979" lon="23.540321"></trkpt>
      <trkpt lat="49.052551" lon="23.534619"></trkpt>
      <trkpt lat="49.051885" lon="23.530972"></trkpt>
      <trkpt lat="49.051385" lon="23.52941"></trkpt>
      <trkpt lat="49.050973" lon="23.528587"></trkpt>
      <trkpt lat="49.048663" lon="23.525188"></trkpt>
      <trkpt lat="49.048017" lon="23.52396"></trkpt>
      <trkpt lat="49.042728" lon="23.51163"></trkpt>
      <trkpt lat="49.041012" lon="23.50817"></trkpt>
      <trkpt lat="49.040476" lon="23.507469"></trkpt>
      <trkpt lat="49.039971" lon="23.507012"></trkpt>
      <trkpt lat="49.039009" lon="23.506262"></trkpt>
      <trkpt lat="49.038009" lon="23.505728"></trkpt>
      <trkpt lat="49.030894" lon="23.50385"></trkpt>
      <trkpt lat="49.028756" lon="23.503237"></trkpt>
      <trkpt lat="49.028178" lon="23.502967"></trkpt>
      <trkpt lat="49.027755" lon="23.502597"></trkpt>
      <trkpt lat="49.027221" lon="23.501877"></trkpt>
      <trkpt lat="49.026062" lon="23.498906"></trkpt>
      <trkpt lat="49.025491" lon="23.49808"></trkpt>
      <trkpt lat="49.024715" lon="23.49757"></trkpt>
      <trkpt lat="49.022229" lon="23.496938"></trkpt>
      <trkpt lat="49.021507" lon="23.496331"></trkpt>
      <trkpt lat="49.021029" lon="23.495509"></trkpt>
      <trkpt lat="49.02067" lon="23.494339"></trkpt>
      <trkpt lat="49.018531" lon="23.483015"></trkpt>
      <trkpt lat="49.018202" lon="23.481793"></trkpt>
      <trkpt lat="49.017749" lon="23.480708"></trkpt>
      <trkpt lat="49.01709" lon="23.479688"></trkpt>
      <trkpt lat="49.015241" lon="23.477647"></trkpt>
      <trkpt lat="49.014391" lon="23.477017"></trkpt>
      <trkpt lat="49.013827" lon="23.476775"></trkpt>
      <trkpt lat="49.013062" lon="23.476667"></trkpt>
      <trkpt lat="49.01099" lon="23.476724"></trkpt>
      <trkpt lat="49.010294" lon="23.476508"></trkpt>
      <trkpt lat="49.007119" lon="23.472952"></trkpt>
      <trkpt lat="49.003787" lon="23.470099"></trkpt>
      <trkpt lat="49.002865" lon="23.469538"></trkpt>
      <trkpt lat="49.002262" lon="23.46951"></trkpt>
      <trkpt lat="49.000715" lon="23.469991"></trkpt>
      <trkpt lat="48.99976" lon="23.470059"></trkpt>
      <trkpt lat="48.99908" lon="23.4698"></trkpt>
      <trkpt lat="48.996795" lon="23.467786"></trkpt>
      <trkpt lat="48.995791" lon="23.467299"></trkpt>
      <trkpt lat="48.988978" lon="23.466845"></trkpt>
      <trkpt lat="48.986726" lon="23.466805"></trkpt>
      <trkpt lat="48.985955" lon="23.467066"></trkpt>
      <trkpt lat="48.981566" lon="23.469329"></trkpt>
      <trkpt lat="48.974495" lon="23.471403"></trkpt>
      <trkpt lat="48.973205" lon="23.471641"></trkpt>
      <trkpt lat="48.97228" lon="23.472075"></trkpt>
      <trkpt lat="48.971562" lon="23.47297"></trkpt>
      <trkpt lat="48.97121" lon="23.473817"></trkpt>
      <trkpt lat="48.97075" lon="23.477995"></trkpt>
      <trkpt lat="48.970286" lon="23.479328"></trkpt>
      <trkpt lat="48.969435" lon="23.480379"></trkpt>
      <trkpt lat="48.967095" lon="23.481568"></trkpt>
      <trkpt lat="48.966504" lon="23.481624"></trkpt>
      <trkpt lat="48.96435" lon="23.481366"></trkpt>
      <trkpt lat="48.960435" lon="23.482294"></trkpt>
      <trkpt lat="48.959171" lon="23.482267"></trkpt>
      <trkpt lat="48.958533" lon="23.482041"></trkpt>
      <trkpt lat="48.957388" lon="23.481285"></trkpt>
      <trkpt lat="48.952828" lon="23.477048"></trkpt>
      <trkpt lat="48.951927" lon="23.476682"></trkpt>
      <trkpt lat="48.951464" lon="23.47667"></trkpt>
      <trkpt lat="48.950839" lon="23.476856"></trkpt>
      <trkpt lat="48.950049" lon="23.477447"></trkpt>
      <trkpt lat="48.949545" lon="23.47807"></trkpt>
      <trkpt lat="48.949006" lon="23.479394"></trkpt>
      <trkpt lat="48.947542" lon="23.488492"></trkpt>
      <trkpt lat="48.947117" lon="23.48981"></trkpt>
      <trkpt lat="48.946516" lon="23.490676"></trkpt>
      <trkpt lat="48.945638" lon="23.491238"></trkpt>
      <trkpt lat="48.942209" lon="23.491773"></trkpt>
      <trkpt lat="48.941427" lon="23.491557"></trkpt>
      <trkpt lat="48.940799" lon="23.490993"></trkpt>
      <trkpt lat="48.937919" lon="23.485142"></trkpt>
      <trkpt lat="48.937459" lon="23.484551"></trkpt>
      <trkpt lat="48.936371" lon="23.483683"></trkpt>
      <trkpt lat="48.935575" lon="23.483434"></trkpt>
      <trkpt lat="48.928653" lon="23.482456"></trkpt>
      <trkpt lat="48.927941" lon="23.482497"></trkpt>
      <trkpt lat="48.926373" lon="23.482842"></trkpt>
      <trkpt lat="48.92533" lon="23.482704"></trkpt>
      <trkpt lat="48.924134" lon="23.48205"></trkpt>
      <trkpt lat="48.919619" lon="23.477662"></trkpt>
      <trkpt lat="48.917838" lon="23.476251"></trkpt>
      <trkpt lat="48.916752" lon="23.475792"></trkpt>
      <trkpt lat="48.916218" lon="23.475679"></trkpt>
      <trkpt lat="48.913304" lon="23.475319"></trkpt>
      <trkpt lat="48.912421" lon="23.475445"></trkpt>
      <trkpt lat="48.909359" lon="23.476386"></trkpt>
      <trkpt lat="48.908541" lon="23.476313"></trkpt>
      <trkpt lat="48.907312" lon="23.475903"></trkpt>
      <trkpt lat="48.906803" lon="23.475668"></trkpt>
      <trkpt lat="48.906243" lon="23.475194"></trkpt>
      <trkpt lat="48.903498" lon="23.47161"></trkpt>
      <trkpt lat="48.902896" lon="23.471201"></trkpt>
      <trkpt lat="48.902218" lon="23.470979"></trkpt>
      <trkpt lat="48.901039" lon="23.471061"></trkpt>
      <trkpt lat="48.898423" lon="23.47217"></trkpt>
      <trkpt lat="48.896416" lon="23.472468"></trkpt>
      <trkpt lat="48.894453" lon="23.473608"></trkpt>
      <trkpt lat="48.893053" lon="23.473906"></trkpt>
      <trkpt lat="48.892328" lon="23.474189"></trkpt>
      <trkpt lat="48.891694" lon="23.4747"></trkpt>
      <trkpt lat="48.891208" lon="23.47541"></trkpt>
      <trkpt lat="48.890352" lon="23.477752"></trkpt>
      <trkpt lat="48.889702" lon="23.47891"></trkpt>
      <trkpt lat="48.889089" lon="23.479519"></trkpt>
      <trkpt lat="48.885261" lon="23.482589"></trkpt>
      <trkpt lat="48.884344" lon="23.483093"></trkpt>
      <trkpt lat="48.882132" lon="23.483527"></trkpt>
      <trkpt lat="48.880263" lon="23.484318"></trkpt>
      <trkpt lat="48.879341" lon="23.484336"></trkpt>
      <trkpt lat="48.878294" lon="23.483668"></trkpt>
      <trkpt lat="48.876805" lon="23.482217"></trkpt>
      <trkpt lat="48.875619" lon="23.480076"></trkpt>
      <trkpt lat="48.873928" lon="23.477878"></trkpt>
      <trkpt lat="48.872635" lon="23.475546"></trkpt>
      <trkpt lat="48.871001" lon="23.473819"></trkpt>
      <trkpt lat="48.869894" lon="23.472279"></trkpt>
      <trkpt lat="48.868851" lon="23.471219"></trkpt>
      <trkpt lat="48.865734" lon="23.469469"></trkpt>
      <trkpt lat="48.863611" lon="23.467762"></trkpt>
      <trkpt lat="48.862549" lon="23.467191"></trkpt>
      <trkpt lat="48.861737" lon="23.46707"></trkpt>
      <trkpt lat="48.859936" lon="23.467308"></trkpt>
      <trkpt lat="48.859053" lon="23.46729"></trkpt>
      <trkpt lat="48.858246" lon="23.467148"></trkpt>
      <trkpt lat="48.857248" lon="23.466729"></trkpt>
      <trkpt lat="48.856364" lon="23.466051"></trkpt>
      <trkpt lat="48.853562" lon="23.46325"></trkpt>
      <trkpt lat="48.852998" lon="23.46234"></trkpt>
      <trkpt lat="48.852649" lon="23.4615"></trkpt>
      <trkpt lat="48.852298" lon="23.459645"></trkpt>
      <trkpt lat="48.852414" lon="23.457632"></trkpt>
      <trkpt lat="48.853145" lon="23.454724"></trkpt>
      <trkpt lat="48.853252" lon="23.453835"></trkpt>
      <trkpt lat="48.85321" lon="23.452636"></trkpt>
      <trkpt lat="48.852842" lon="23.451151"></trkpt>
      <trkpt lat="48.852312" lon="23.450084"></trkpt>
      <trkpt lat="48.849776" lon="23.446231"></trkpt>
      <trkpt lat="48.845402" lon="23.44016"></trkpt>
      <trkpt lat="48.841876" lon="23.43421"></trkpt>
      <trkpt lat="48.841363" lon="23.433058"></trkpt>
      <trkpt lat="48.84119" lon="23.432128"></trkpt>
      <trkpt lat="48.84115" lon="23.431101"></trkpt>
      <trkpt lat="48.841533" lon="23.428449"></trkpt>
      <trkpt lat="48.841547" lon="23.427059"></trkpt>
      <trkpt lat="48.841404" lon="23.426196"></trkpt>
      <trkpt lat="48.839604" lon="23.421038"></trkpt>
      <trkpt lat="48.839166" lon="23.419247"></trkpt>
      <trkpt lat="48.83902" lon="23.417358"></trkpt>
      <trkpt lat="48.839242" lon="23.413102"></trkpt>
      <trkpt lat="48.839055" lon="23.411482"></trkpt>
      <trkpt lat="48.838681" lon="23.410403"></trkpt>
      <trkpt lat="48.838152" lon="23.409554"></trkpt>
      <trkpt lat="48.837383" lon="23.408994"></trkpt>
      <trkpt lat="48.836021" lon="23.408479"></trkpt>
      <trkpt lat="48.835419" lon="23.407866"></trkpt>
      <trkpt lat="48.834968" lon="23.407057"></trkpt>
      <trkpt lat="48.834618" lon="23.405801"></trkpt>
      <trkpt lat="48.834563" lon="23.40514"></trkpt>
      <trkpt lat="48.834873" lon="23.402401"></trkpt>
      <trkpt lat="48.834823" lon="23.400179"></trkpt>
      <trkpt lat="48.834677" lon="23.399229"></trkpt>
      <trkpt lat="48.834094" lon="23.397695"></trkpt>
      <trkpt lat="48.833673" lon="23.397093"></trkpt>
      <trkpt lat="48.832577" lon="23.395966"></trkpt>
      <trkpt lat="48.832048" lon="23.394942"></trkpt>
      <trkpt lat="48.831756" lon="23.393458"></trkpt>
      <trkpt lat="48.831857" lon="23.39064"></trkpt>
      <trkpt lat="48.831328" lon="23.388133"></trkpt>
      <trkpt lat="48.831046" lon="23.387486"></trkpt>
      <trkpt lat="48.830357" lon="23.386592"></trkpt>
      <trkpt lat="48.829907" lon="23.386286"></trkpt>
      <trkpt lat="48.828754" lon="23.385791"></trkpt>
      <trkpt lat="48.82821" lon="23.385326"></trkpt>
      <trkpt lat="48.827831" lon="23.38478"></trkpt>
      <trkpt lat="48.827406" lon="23.383765"></trkpt>
      <trkpt lat="48.826415" lon="23.380001"></trkpt>
      <trkpt lat="48.826229" lon="23.37885"></trkpt>
      <trkpt lat="48.826325" lon="23.377481"></trkpt>
      <trkpt lat="48.827122" lon="23.374691"></trkpt>
      <trkpt lat="48.827127" lon="23.373183"></trkpt>
      <trkpt lat="48.826531" lon="23.37076"></trkpt>
      <trkpt lat="48.826087" lon="23.369875"></trkpt>
      <trkpt lat="48.825506" lon="23.369243"></trkpt>
      <trkpt lat="48.825019" lon="23.368956"></trkpt>
      <trkpt lat="48.823558" lon="23.368765"></trkpt>
      <trkpt lat="48.822803" lon="23.368514"></trkpt>
      <trkpt lat="48.822142" lon="23.367884"></trkpt>
      <trkpt lat="48.821199" lon="23.366581"></trkpt>
      <trkpt lat="48.820532" lon="23.366095"></trkpt>
      <trkpt lat="48.819822" lon="23.365914"></trkpt>
      <trkpt lat="48.818173" lon="23.365772"></trkpt>
      <trkpt lat="48.817345" lon="23.365433"></trkpt>
      <trkpt lat="48.816788" lon="23.364856"></trkpt>
      <trkpt lat="48.815947" lon="23.363356"></trkpt>
      <trkpt lat="48.814453" lon="23.361156"></trkpt>
      <trkpt lat="48.808243" lon="23.355665"></trkpt>
      <trkpt lat="48.807181" lon="23.355016"></trkpt>
      <trkpt lat="48.805876" lon="23.354618"></trkpt>
      <trkpt lat="48.805023" lon="23.354755"></trkpt>
      <trkpt lat="48.803278" lon="23.356015"></trkpt>
      <trkpt lat="48.801958" lon="23.35804"></trkpt>
      <trkpt lat="48.801573" lon="23.358456"></trkpt>
      <trkpt lat="48.800978" lon="23.358795"></trkpt>
      <trkpt lat="48.800514" lon="23.358866"></trkpt>
      <trkpt lat="48.799739" lon="23.358705"></trkpt>
      <trkpt lat="48.79928" lon="23.358431"></trkpt>
      <trkpt lat="48.796833" lon="23.356451"></trkpt>
      <trkpt lat="48.795125" lon="23.35523"></trkpt>
      <trkpt lat="48.793231" lon="23.353022"></trkpt>
      <trkpt lat="48.791713" lon="23.351857"></trkpt>
      <trkpt lat="48.790422" lon="23.349886"></trkpt>
      <trkpt lat="48.789491" lon="23.348701"></trkpt>
      <trkpt lat="48.789041" lon="23.347807"></trkpt>
      <trkpt lat="48.788402" lon="23.345731"></trkpt>
      <trkpt lat="48.78727" lon="23.343662"></trkpt>
      <trkpt lat="48.786934" lon="23.342342"></trkpt>
      <trkpt lat="48.786966" lon="23.340947"></trkpt>
      <trkpt lat="48.787238" lon="23.339932"></trkpt>
      <trkpt lat="48.788093" lon="23.337836"></trkpt>
      <trkpt lat="48.788242" lon="23.33665"></trkpt>
      <trkpt lat="48.788194" lon="23.335796"></trkpt>
      <trkpt lat="48.787839" lon="23.334446"></trkpt>
      <trkpt lat="48.78655" lon="23.331968"></trkpt>
      <trkpt lat="48.785884" lon="23.330994"></trkpt>
      <trkpt lat="48.785237" lon="23.330502"></trkpt>
      <trkpt lat="48.784845" lon="23.330347"></trkpt>
      <trkpt lat="48.784153" lon="23.330327"></trkpt>
      <trkpt lat="48.783664" lon="23.330481"></trkpt>
      <trkpt lat="48.78314" lon="23.330883"></trkpt>
      <trkpt lat="48.782506" lon="23.331798"></trkpt>
      <trkpt lat="48.781801" lon="23.333757"></trkpt>
      <trkpt lat="48.781464" lon="23.334376"></trkpt>
      <trkpt lat="48.780746" lon="23.335103"></trkpt>
      <trkpt lat="48.780071" lon="23.335388"></trkpt>
      <trkpt lat="48.779282" lon="23.335388"></trkpt>
      <trkpt lat="48.777761" lon="23.334505"></trkpt>
      <trkpt lat="48.776919" lon="23.334241"></trkpt>
      <trkpt lat="48.776224" lon="23.334378"></trkpt>
      <trkpt lat="48.774604" lon="23.335266"></trkpt>
      <trkpt lat="48.773786" lon="23.335367"></trkpt>
      <trkpt lat="48.772847" lon="23.334875"></trkpt>
      <trkpt lat="48.771623" lon="23.333597"></trkpt>
      <trkpt lat="48.771165" lon="23.333359"></trkpt>
      <trkpt lat="48.770608" lon="23.333264"></trkpt>
      <trkpt lat="48.769695" lon="23.333425"></trkpt>
      <trkpt lat="48.767916" lon="23.334439"></trkpt>
      <trkpt lat="48.767264" lon="23.334433"></trkpt>
      <trkpt lat="48.766682" lon="23.334099"></trkpt>
      <trkpt lat="48.765934" lon="23.333058"></trkpt>
      <trkpt lat="48.765281" lon="23.330884"></trkpt>
      <trkpt lat="48.764845" lon="23.329987"></trkpt>
      <trkpt lat="48.764266" lon="23.329202"></trkpt>
      <trkpt lat="48.761648" lon="23.326497"></trkpt>
      <trkpt lat="48.761262" lon="23.325888"></trkpt>
      <trkpt lat="48.751598" lon="23.303169"></trkpt>
      <trkpt lat="48.750946" lon="23.302234"></trkpt>
      <trkpt lat="48.748931" lon="23.300394"></trkpt>
      <trkpt lat="48.748373" lon="23.300177"></trkpt>
      <trkpt lat="48.747162" lon="23.299936"></trkpt>
      <trkpt lat="48.74639" lon="23.299415"></trkpt>
      <trkpt lat="48.745884" lon="23.298717"></trkpt>
      <trkpt lat="48.745344" lon="23.297684"></trkpt>
      <trkpt lat="48.74486" lon="23.295047"></trkpt>
      <trkpt lat="48.744285" lon="23.293709"></trkpt>
      <trkpt lat="48.743695" lon="23.292997"></trkpt>
      <trkpt lat="48.743321" lon="23.292732"></trkpt>
      <trkpt lat="48.741417" lon="23.29216"></trkpt>
      <trkpt lat="48.740708" lon="23.291504"></trkpt>
      <trkpt lat="48.739996" lon="23.290232"></trkpt>
      <trkpt lat="48.739643" lon="23.289117"></trkpt>
      <trkpt lat="48.739471" lon="23.286102"></trkpt>
      <trkpt lat="48.739273" lon="23.285024"></trkpt>
      <trkpt lat="48.738875" lon="23.284169"></trkpt>
      <trkpt lat="48.738086" lon="23.283121"></trkpt>
      <trkpt lat="48.737329" lon="23.28289"></trkpt>
      <trkpt lat="48.736858" lon="23.282958"></trkpt>
      <trkpt lat="48.736122" lon="23.283435"></trkpt>
      <trkpt lat="48.735441" lon="23.284278"></trkpt>
      <trkpt lat="48.734928" lon="23.285639"></trkpt>
      <trkpt lat="48.734568" lon="23.287004"></trkpt>
      <trkpt lat="48.73449" lon="23.289405"></trkpt>
      <trkpt lat="48.734295" lon="23.2907"></trkpt>
      <trkpt lat="48.734005" lon="23.291595"></trkpt>
      <trkpt lat="48.733479" lon="23.292425"></trkpt>
      <trkpt lat="48.733016" lon="23.292758"></trkpt>
      <trkpt lat="48.732538" lon="23.292922"></trkpt>
      <trkpt lat="48.731745" lon="23.292851"></trkpt>
      <trkpt lat="48.730976" lon="23.292313"></trkpt>
      <trkpt lat="48.730429" lon="23.291465"></trkpt>
      <trkpt lat="48.730116" lon="23.290473"></trkpt>
      <trkpt lat="48.730038" lon="23.289809"></trkpt>
      <trkpt lat="48.730281" lon="23.287598"></trkpt>
      <trkpt lat="48.730568" lon="23.286455"></trkpt>
      <trkpt lat="48.731603" lon="23.283589"></trkpt>
      <trkpt lat="48.73197" lon="23.280862"></trkpt>
      <trkpt lat="48.732795" lon="23.278428"></trkpt>
      <trkpt lat="48.733194" lon="23.276185"></trkpt>
      <trkpt lat="48.733027" lon="23.274608"></trkpt>
      <trkpt lat="48.731973" lon="23.272029"></trkpt>
      <trkpt lat="48.73142" lon="23.270032"></trkpt>
      <trkpt lat="48.731064" lon="23.269251"></trkpt>
      <trkpt lat="48.730011" lon="23.267581"></trkpt>
      <trkpt lat="48.727671" lon="23.264187"></trkpt>
      <trkpt lat="48.726939" lon="23.263736"></trkpt>
      <trkpt lat="48.725442" lon="23.263482"></trkpt>
      <trkpt lat="48.724877" lon="23.263241"></trkpt>
      <trkpt lat="48.722859" lon="23.261855"></trkpt>
      <trkpt lat="48.72131" lon="23.261214"></trkpt>
      <trkpt lat="48.720855" lon="23.260855"></trkpt>
      <trkpt lat="48.720347" lon="23.260231"></trkpt>
      <trkpt lat="48.719851" lon="23.25929"></trkpt>
      <trkpt lat="48.71959" lon="23.258494"></trkpt>
      <trkpt lat="48.719071" lon="23.255535"></trkpt>
      <trkpt lat="48.717708" lon="23.252281"></trkpt>
      <trkpt lat="48.717491" lon="23.25121"></trkpt>
      <trkpt lat="48.717341" lon="23.248777"></trkpt>
      <trkpt lat="48.717023" lon="23.247512"></trkpt>
      <trkpt lat="48.716649" lon="23.246792"></trkpt>
      <trkpt lat="48.716059" lon="23.246142"></trkpt>
      <trkpt lat="48.714168" lon="23.245369"></trkpt>
      <trkpt lat="48.713513" lon="23.244777"></trkpt>
      <trkpt lat="48.713027" lon="23.243996"></trkpt>
      <trkpt lat="48.712633" lon="23.24262"></trkpt>
      <trkpt lat="48.712675" lon="23.24086"></trkpt>
      <trkpt lat="48.712934" lon="23.239883"></trkpt>
      <trkpt lat="48.713359" lon="23.239138"></trkpt>
      <trkpt lat="48.714012" lon="23.238499"></trkpt>
      <trkpt lat="48.715921" lon="23.237614"></trkpt>
      <trkpt lat="48.716488" lon="23.237159"></trkpt>
      <trkpt lat="48.71702" lon="23.236398"></trkpt>
      <trkpt lat="48.71742" lon="23.235262"></trkpt>
      <trkpt lat="48.717523" lon="23.234063"></trkpt>
      <trkpt lat="48.717401" lon="23.231047"></trkpt>
      <trkpt lat="48.717486" lon="23.227704"></trkpt>
      <trkpt lat="48.71787" lon="23.223762"></trkpt>
      <trkpt lat="48.718226" lon="23.218324"></trkpt>
      <trkpt lat="48.717959" lon="23.214908"></trkpt>
      <trkpt lat="48.717736" lon="23.213606"></trkpt>
      <trkpt lat="48.715613" lon="23.205032"></trkpt>
      <trkpt lat="48.715322" lon="23.204235"></trkpt>
      <trkpt lat="48.714384" lon="23.202518"></trkpt>
      <trkpt lat="48.713997" lon="23.200978"></trkpt>
      <trkpt lat="48.713976" lon="23.195629"></trkpt>
      <trkpt lat="48.71315" lon="23.192755"></trkpt>
      <trkpt lat="48.713016" lon="23.191595"></trkpt>
      <trkpt lat="48.714054" lon="23.179913"></trkpt>
      <trkpt lat="48.714001" lon="23.177255"></trkpt>
      <trkpt lat="48.713607" lon="23.174491"></trkpt>
      <trkpt lat="48.712198" lon="23.17157"></trkpt>
      <trkpt lat="48.711941" lon="23.170642"></trkpt>
      <trkpt lat="48.711838" lon="23.16958"></trkpt>
      <trkpt lat="48.711857" lon="23.164346"></trkpt>
      <trkpt lat="48.711582" lon="23.16327"></trkpt>
      <trkpt lat="48.710959" lon="23.161739"></trkpt>
      <trkpt lat="48.710671" lon="23.16055"></trkpt>
      <trkpt lat="48.710467" lon="23.158059"></trkpt>
      <trkpt lat="48.70976" lon="23.153576"></trkpt>
      <trkpt lat="48.708882" lon="23.146272"></trkpt>
      <trkpt lat="48.708344" lon="23.144376"></trkpt>
      <trkpt lat="48.707033" lon="23.141657"></trkpt>
      <trkpt lat="48.706403" lon="23.140669"></trkpt>
      <trkpt lat="48.704506" lon="23.138435"></trkpt>
      <trkpt lat="48.70407" lon="23.137656"></trkpt>
      <trkpt lat="48.701303" lon="23.130296"></trkpt>
      <trkpt lat="48.700847" lon="23.129669"></trkpt>
      <trkpt lat="48.699689" lon="23.128471"></trkpt>
      <trkpt lat="48.698486" lon="23.12654"></trkpt>
      <trkpt lat="48.697691" lon="23.125888"></trkpt>
      <trkpt lat="48.697287" lon="23.125762"></trkpt>
      <trkpt lat="48.696621" lon="23.125768"></trkpt>
      <trkpt lat="48.694495" lon="23.1267"></trkpt>
      <trkpt lat="48.69394" lon="23.126679"></trkpt>
      <trkpt lat="48.693293" lon="23.126378"></trkpt>
      <trkpt lat="48.692802" lon="23.125932"></trkpt>
      <trkpt lat="48.692367" lon="23.125321"></trkpt>
      <trkpt lat="48.691025" lon="23.122791"></trkpt>
      <trkpt lat="48.688319" lon="23.120225"></trkpt>
      <trkpt lat="48.687936" lon="23.11949"></trkpt>
      <trkpt lat="48.687651" lon="23.118295"></trkpt>
      <trkpt lat="48.687611" lon="23.117168"></trkpt>
      <trkpt lat="48.687756" lon="23.11551"></trkpt>
      <trkpt lat="48.687588" lon="23.114232"></trkpt>
      <trkpt lat="48.685994" lon="23.110343"></trkpt>
      <trkpt lat="48.685465" lon="23.107087"></trkpt>
      <trkpt lat="48.68492" lon="23.106035"></trkpt>
      <trkpt lat="48.683966" lon="23.105234"></trkpt>
      <trkpt lat="48.683083" lon="23.105088"></trkpt>
      <trkpt lat="48.677828" lon="23.106182"></trkpt>
      <trkpt lat="48.676567" lon="23.106072"></trkpt>
      <trkpt lat="48.673036" lon="23.10533"></trkpt>
      <trkpt lat="48.672587" lon="23.105317"></trkpt>
      <trkpt lat="48.671778" lon="23.105515"></trkpt>
      <trkpt lat="48.669659" lon="23.106672"></trkpt>
      <trkpt lat="48.668947" lon="23.106731"></trkpt>
      <trkpt lat="48.668115" lon="23.10628"></trkpt>
      <trkpt lat="48.665969" lon="23.104398"></trkpt>
      <trkpt lat="48.66393" lon="23.103315"></trkpt>
      <trkpt lat="48.663458" lon="23.103188"></trkpt>
      <trkpt lat="48.662914" lon="23.10325"></trkpt>
      <trkpt lat="48.661383" lon="23.10405"></trkpt>
      <trkpt lat="48.660338" lon="23.104128"></trkpt>
      <trkpt lat="48.659494" lon="23.103741"></trkpt>
      <trkpt lat="48.658301" lon="23.102698"></trkpt>
      <trkpt lat="48.657424" lon="23.102401"></trkpt>
      <trkpt lat="48.656859" lon="23.102488"></trkpt>
      <trkpt lat="48.656072" lon="23.102883"></trkpt>
      <trkpt lat="48.65466" lon="23.104407"></trkpt>
      <trkpt lat="48.654019" lon="23.10486"></trkpt>
      <trkpt lat="48.653481" lon="23.105007"></trkpt>
      <trkpt lat="48.652827" lon="23.10497"></trkpt>
      <trkpt lat="48.652082" lon="23.104625"></trkpt>
      <trkpt lat="48.651648" lon="23.104207"></trkpt>
      <trkpt lat="48.649966" lon="23.101695"></trkpt>
      <trkpt lat="48.649269" lon="23.101018"></trkpt>
      <trkpt lat="48.647841" lon="23.100298"></trkpt>
      <trkpt lat="48.645319" lon="23.09876"></trkpt>
      <trkpt lat="48.641638" lon="23.097011"></trkpt>
      <trkpt lat="48.640763" lon="23.096956"></trkpt>
      <trkpt lat="48.640079" lon="23.09727"></trkpt>
      <trkpt lat="48.638724" lon="23.09878"></trkpt>
      <trkpt lat="48.637837" lon="23.099319"></trkpt>
      <trkpt lat="48.636894" lon="23.099373"></trkpt>
      <trkpt lat="48.636188" lon="23.099056"></trkpt>
      <trkpt lat="48.635679" lon="23.098525"></trkpt>
      <trkpt lat="48.635403" lon="23.09805"></trkpt>
      <trkpt lat="48.635025" lon="23.096779"></trkpt>
      <trkpt lat="48.634989" lon="23.09588"></trkpt>
      <trkpt lat="48.635156" lon="23.093516"></trkpt>
      <trkpt lat="48.63506" lon="23.092444"></trkpt>
      <trkpt lat="48.634887" lon="23.091808"></trkpt>
      <trkpt lat="48.634268" lon="23.090701"></trkpt>
      <trkpt lat="48.63393" lon="23.090341"></trkpt>
      <trkpt lat="48.633296" lon="23.089933"></trkpt>
      <trkpt lat="48.632343" lon="23.089759"></trkpt>
      <trkpt lat="48.627415" lon="23.090031"></trkpt>
      <trkpt lat="48.626111" lon="23.090522"></trkpt>
      <trkpt lat="48.624006" lon="23.091714"></trkpt>
      <trkpt lat="48.623092" lon="23.091871"></trkpt>
      <trkpt lat="48.622111" lon="23.091743"></trkpt>
      <trkpt lat="48.619887" lon="23.091183"></trkpt>
      <trkpt lat="48.619134" lon="23.090769"></trkpt>
      <trkpt lat="48.617164" lon="23.089177"></trkpt>
      <trkpt lat="48.616441" lon="23.088863"></trkpt>
      <trkpt lat="48.614451" lon="23.088381"></trkpt>
      <trkpt lat="48.609613" lon="23.084283"></trkpt>
      <trkpt lat="48.608027" lon="23.083551"></trkpt>
      <trkpt lat="48.596481" lon="23.080803"></trkpt>
      <trkpt lat="48.592504" lon="23.079465"></trkpt>
      <trkpt lat="48.59183" lon="23.079458"></trkpt>
      <trkpt lat="48.591462" lon="23.079578"></trkpt>
      <trkpt lat="48.589965" lon="23.080749"></trkpt>
      <trkpt lat="48.589194" lon="23.081101"></trkpt>
      <trkpt lat="48.588243" lon="23.080979"></trkpt>
      <trkpt lat="48.587315" lon="23.080288"></trkpt>
      <trkpt lat="48.586956" lon="23.079864"></trkpt>
      <trkpt lat="48.58662" lon="23.079183"></trkpt>
      <trkpt lat="48.585763" lon="23.076306"></trkpt>
      <trkpt lat="48.585281" lon="23.075426"></trkpt>
      <trkpt lat="48.584834" lon="23.074923"></trkpt>
      <trkpt lat="48.584032" lon="23.07447"></trkpt>
      <trkpt lat="48.580874" lon="23.073669"></trkpt>
      <trkpt lat="48.5801" lon="23.073224"></trkpt>
      <trkpt lat="48.579601" lon="23.072688"></trkpt>
      <trkpt lat="48.578046" lon="23.070335"></trkpt>
      <trkpt lat="48.573966" lon="23.063535"></trkpt>
      <trkpt lat="48.573089" lon="23.062555"></trkpt>
      <trkpt lat="48.571151" lon="23.060765"></trkpt>
      <trkpt lat="48.570304" lon="23.059704"></trkpt>
      <trkpt lat="48.567132" lon="23.053821"></trkpt>
      <trkpt lat="48.566641" lon="23.052039"></trkpt>
      <trkpt lat="48.565662" lon="23.045451"></trkpt>
      <trkpt lat="48.565353" lon="23.044153"></trkpt>
      <trkpt lat="48.560545" lon="23.030183"></trkpt>
      <trkpt lat="48.559775" lon="23.028247"></trkpt>
      <trkpt lat="48.554865" lon="23.019055"></trkpt>
      <trkpt lat="48.554176" lon="23.017242"></trkpt>
      <trkpt lat="48.553884" lon="23.015336"></trkpt>
      <trkpt lat="48.552664" lon="23.000186"></trkpt>
      <trkpt lat="48.551885" lon="22.988025"></trkpt>
  </trkseg></trk>
</gpx>
