<?xml version="1.0" encoding="UTF-8"?>
<gpx version="1.1" creator="yatutbuv" xmlns="http://www.topografix.com/GPX/1/1">
  <trk><name>1990і_Lviv_Kherson (1,027.6km)</name><trkseg>
      <trkpt lat="49.839997" lon="23.993806"></trkpt>
      <trkpt lat="49.841276" lon="23.994646"></trkpt>
      <trkpt lat="49.841934" lon="23.99493"></trkpt>
      <trkpt lat="49.842646" lon="23.994939"></trkpt>
      <trkpt lat="49.843637" lon="23.994579"></trkpt>
      <trkpt lat="49.847303" lon="23.991983"></trkpt>
      <trkpt lat="49.85448" lon="23.985582"></trkpt>
      <trkpt lat="49.855296" lon="23.985123"></trkpt>
      <trkpt lat="49.856654" lon="23.984837"></trkpt>
      <trkpt lat="49.857485" lon="23.984898"></trkpt>
      <trkpt lat="49.858298" lon="23.985124"></trkpt>
      <trkpt lat="49.85887" lon="23.985435"></trkpt>
      <trkpt lat="49.859539" lon="23.986006"></trkpt>
      <trkpt lat="49.861282" lon="23.988163"></trkpt>
      <trkpt lat="49.862642" lon="23.98948"></trkpt>
      <trkpt lat="49.863231" lon="23.990297"></trkpt>
      <trkpt lat="49.863732" lon="23.991439"></trkpt>
      <trkpt lat="49.86402" lon="23.992839"></trkpt>
      <trkpt lat="49.86405" lon="23.994464"></trkpt>
      <trkpt lat="49.863691" lon="23.997612"></trkpt>
      <trkpt lat="49.863387" lon="23.998863"></trkpt>
      <trkpt lat="49.862997" lon="23.999845"></trkpt>
      <trkpt lat="49.862159" lon="24.001076"></trkpt>
      <trkpt lat="49.860024" lon="24.003756"></trkpt>
      <trkpt lat="49.858705" lon="24.005781"></trkpt>
      <trkpt lat="49.855869" lon="24.011986"></trkpt>
      <trkpt lat="49.852082" lon="24.018602"></trkpt>
      <trkpt lat="49.851499" lon="24.02017"></trkpt>
      <trkpt lat="49.851218" lon="24.02161"></trkpt>
      <trkpt lat="49.850609" lon="24.030223"></trkpt>
      <trkpt lat="49.852206" lon="24.040596"></trkpt>
      <trkpt lat="49.852455" lon="24.043121"></trkpt>
      <trkpt lat="49.853064" lon="24.052394"></trkpt>
      <trkpt lat="49.853241" lon="24.060972"></trkpt>
      <trkpt lat="49.853212" lon="24.064426"></trkpt>
      <trkpt lat="49.852746" lon="24.069032"></trkpt>
      <trkpt lat="49.851609" lon="24.092197"></trkpt>
      <trkpt lat="49.848807" lon="24.117352"></trkpt>
      <trkpt lat="49.847896" lon="24.123779"></trkpt>
      <trkpt lat="49.84738" lon="24.128418"></trkpt>
      <trkpt lat="49.847133" lon="24.13398"></trkpt>
      <trkpt lat="49.847066" lon="24.140299"></trkpt>
      <trkpt lat="49.846254" lon="24.160866"></trkpt>
      <trkpt lat="49.845814" lon="24.164489"></trkpt>
      <trkpt lat="49.843738" lon="24.175254"></trkpt>
      <trkpt lat="49.843544" lon="24.177766"></trkpt>
      <trkpt lat="49.843618" lon="24.179587"></trkpt>
      <trkpt lat="49.843828" lon="24.181321"></trkpt>
      <trkpt lat="49.84667" lon="24.196021"></trkpt>
      <trkpt lat="49.847041" lon="24.197407"></trkpt>
      <trkpt lat="49.847473" lon="24.198446"></trkpt>
      <trkpt lat="49.84838" lon="24.19991"></trkpt>
      <trkpt lat="49.848933" lon="24.200507"></trkpt>
      <trkpt lat="49.855504" lon="24.204952"></trkpt>
      <trkpt lat="49.856183" lon="24.205559"></trkpt>
      <trkpt lat="49.857025" lon="24.206676"></trkpt>
      <trkpt lat="49.857518" lon="24.207623"></trkpt>
      <trkpt lat="49.85802" lon="24.20903"></trkpt>
      <trkpt lat="49.858314" lon="24.210393"></trkpt>
      <trkpt lat="49.858545" lon="24.213641"></trkpt>
      <trkpt lat="49.861969" lon="24.287021"></trkpt>
      <trkpt lat="49.862278" lon="24.290099"></trkpt>
      <trkpt lat="49.86437" lon="24.306171"></trkpt>
      <trkpt lat="49.864132" lon="24.318584"></trkpt>
      <trkpt lat="49.864305" lon="24.320781"></trkpt>
      <trkpt lat="49.864626" lon="24.322624"></trkpt>
      <trkpt lat="49.865219" lon="24.324631"></trkpt>
      <trkpt lat="49.876743" lon="24.357899"></trkpt>
      <trkpt lat="49.87726" lon="24.360024"></trkpt>
      <trkpt lat="49.877648" lon="24.362901"></trkpt>
      <trkpt lat="49.877777" lon="24.432888"></trkpt>
      <trkpt lat="49.877877" lon="24.444767"></trkpt>
      <trkpt lat="49.878213" lon="24.448788"></trkpt>
      <trkpt lat="49.879453" lon="24.454899"></trkpt>
      <trkpt lat="49.901663" lon="24.547624"></trkpt>
      <trkpt lat="49.915144" lon="24.599067"></trkpt>
      <trkpt lat="49.915595" lon="24.601421"></trkpt>
      <trkpt lat="49.915977" lon="24.604791"></trkpt>
      <trkpt lat="49.916326" lon="24.61109"></trkpt>
      <trkpt lat="49.917484" lon="24.622195"></trkpt>
      <trkpt lat="49.91738" lon="24.624074"></trkpt>
      <trkpt lat="49.916874" lon="24.625862"></trkpt>
      <trkpt lat="49.916094" lon="24.627209"></trkpt>
      <trkpt lat="49.899103" lon="24.645475"></trkpt>
      <trkpt lat="49.898273" lon="24.646507"></trkpt>
      <trkpt lat="49.897196" lon="24.648365"></trkpt>
      <trkpt lat="49.896352" lon="24.650469"></trkpt>
      <trkpt lat="49.87971" lon="24.701824"></trkpt>
      <trkpt lat="49.871152" lon="24.721345"></trkpt>
      <trkpt lat="49.868652" lon="24.726793"></trkpt>
      <trkpt lat="49.867502" lon="24.728422"></trkpt>
      <trkpt lat="49.866098" lon="24.729621"></trkpt>
      <trkpt lat="49.858887" lon="24.732683"></trkpt>
      <trkpt lat="49.857075" lon="24.733957"></trkpt>
      <trkpt lat="49.855625" lon="24.735442"></trkpt>
      <trkpt lat="49.844055" lon="24.749084"></trkpt>
      <trkpt lat="49.842714" lon="24.750345"></trkpt>
      <trkpt lat="49.832617" lon="24.758792"></trkpt>
      <trkpt lat="49.831872" lon="24.759568"></trkpt>
      <trkpt lat="49.831232" lon="24.760473"></trkpt>
      <trkpt lat="49.83042" lon="24.76234"></trkpt>
      <trkpt lat="49.825134" lon="24.781032"></trkpt>
      <trkpt lat="49.824626" lon="24.782435"></trkpt>
      <trkpt lat="49.824038" lon="24.783631"></trkpt>
      <trkpt lat="49.823396" lon="24.784605"></trkpt>
      <trkpt lat="49.820083" lon="24.788728"></trkpt>
      <trkpt lat="49.818701" lon="24.790772"></trkpt>
      <trkpt lat="49.814543" lon="24.797074"></trkpt>
      <trkpt lat="49.813707" lon="24.79878"></trkpt>
      <trkpt lat="49.813249" lon="24.800204"></trkpt>
      <trkpt lat="49.81287" lon="24.802065"></trkpt>
      <trkpt lat="49.806986" lon="24.845245"></trkpt>
      <trkpt lat="49.806115" lon="24.849264"></trkpt>
      <trkpt lat="49.799934" lon="24.868277"></trkpt>
      <trkpt lat="49.798876" lon="24.870333"></trkpt>
      <trkpt lat="49.793703" lon="24.878953"></trkpt>
      <trkpt lat="49.787063" lon="24.896775"></trkpt>
      <trkpt lat="49.78656" lon="24.898426"></trkpt>
      <trkpt lat="49.785841" lon="24.901669"></trkpt>
      <trkpt lat="49.775815" lon="24.9609"></trkpt>
      <trkpt lat="49.775196" lon="24.962914"></trkpt>
      <trkpt lat="49.770147" lon="24.974859"></trkpt>
      <trkpt lat="49.769554" lon="24.976605"></trkpt>
      <trkpt lat="49.769293" lon="24.978228"></trkpt>
      <trkpt lat="49.769002" lon="24.984005"></trkpt>
      <trkpt lat="49.768741" lon="24.98636"></trkpt>
      <trkpt lat="49.76629" lon="24.998803"></trkpt>
      <trkpt lat="49.765929" lon="25.000222"></trkpt>
      <trkpt lat="49.758546" lon="25.017969"></trkpt>
      <trkpt lat="49.757198" lon="25.02025"></trkpt>
      <trkpt lat="49.752152" lon="25.027341"></trkpt>
      <trkpt lat="49.751169" lon="25.029105"></trkpt>
      <trkpt lat="49.750698" lon="25.030471"></trkpt>
      <trkpt lat="49.748595" lon="25.041898"></trkpt>
      <trkpt lat="49.748442" lon="25.044219"></trkpt>
      <trkpt lat="49.748574" lon="25.045629"></trkpt>
      <trkpt lat="49.74887" lon="25.046962"></trkpt>
      <trkpt lat="49.750868" lon="25.052239"></trkpt>
      <trkpt lat="49.751229" lon="25.054763"></trkpt>
      <trkpt lat="49.751103" lon="25.057095"></trkpt>
      <trkpt lat="49.750534" lon="25.05931"></trkpt>
      <trkpt lat="49.742033" lon="25.083384"></trkpt>
      <trkpt lat="49.741385" lon="25.08454"></trkpt>
      <trkpt lat="49.738412" lon="25.088723"></trkpt>
      <trkpt lat="49.736345" lon="25.091084"></trkpt>
      <trkpt lat="49.721077" lon="25.102343"></trkpt>
      <trkpt lat="49.720083" lon="25.103239"></trkpt>
      <trkpt lat="49.698454" lon="25.128149"></trkpt>
      <trkpt lat="49.695499" lon="25.130454"></trkpt>
      <trkpt lat="49.684429" lon="25.137737"></trkpt>
      <trkpt lat="49.67835" lon="25.143721"></trkpt>
      <trkpt lat="49.677511" lon="25.144998"></trkpt>
      <trkpt lat="49.676864" lon="25.146609"></trkpt>
      <trkpt lat="49.676506" lon="25.148193"></trkpt>
      <trkpt lat="49.676292" lon="25.15002"></trkpt>
      <trkpt lat="49.674681" lon="25.170389"></trkpt>
      <trkpt lat="49.673852" lon="25.178297"></trkpt>
      <trkpt lat="49.673332" lon="25.181034"></trkpt>
      <trkpt lat="49.667192" lon="25.201455"></trkpt>
      <trkpt lat="49.66575" lon="25.207207"></trkpt>
      <trkpt lat="49.662169" lon="25.218963"></trkpt>
      <trkpt lat="49.661742" lon="25.219862"></trkpt>
      <trkpt lat="49.66098" lon="25.221047"></trkpt>
      <trkpt lat="49.655515" lon="25.228611"></trkpt>
      <trkpt lat="49.654634" lon="25.230431"></trkpt>
      <trkpt lat="49.648065" lon="25.259204"></trkpt>
      <trkpt lat="49.647763" lon="25.261693"></trkpt>
      <trkpt lat="49.647748" lon="25.26449"></trkpt>
      <trkpt lat="49.649268" lon="25.299782"></trkpt>
      <trkpt lat="49.64843" lon="25.324736"></trkpt>
      <trkpt lat="49.647944" lon="25.326833"></trkpt>
      <trkpt lat="49.647105" lon="25.328602"></trkpt>
      <trkpt lat="49.637097" lon="25.340887"></trkpt>
      <trkpt lat="49.636195" lon="25.342515"></trkpt>
      <trkpt lat="49.635707" lon="25.344153"></trkpt>
      <trkpt lat="49.635491" lon="25.345601"></trkpt>
      <trkpt lat="49.635461" lon="25.347211"></trkpt>
      <trkpt lat="49.636477" lon="25.363504"></trkpt>
      <trkpt lat="49.636104" lon="25.371923"></trkpt>
      <trkpt lat="49.636113" lon="25.373641"></trkpt>
      <trkpt lat="49.63632" lon="25.375862"></trkpt>
      <trkpt lat="49.637345" lon="25.381513"></trkpt>
      <trkpt lat="49.637575" lon="25.383883"></trkpt>
      <trkpt lat="49.637489" lon="25.386016"></trkpt>
      <trkpt lat="49.637002" lon="25.391044"></trkpt>
      <trkpt lat="49.636623" lon="25.392835"></trkpt>
      <trkpt lat="49.636147" lon="25.394085"></trkpt>
      <trkpt lat="49.630594" lon="25.403481"></trkpt>
      <trkpt lat="49.629616" lon="25.405723"></trkpt>
      <trkpt lat="49.629043" lon="25.407626"></trkpt>
      <trkpt lat="49.628795" lon="25.408945"></trkpt>
      <trkpt lat="49.62863" lon="25.41095"></trkpt>
      <trkpt lat="49.628419" lon="25.425655"></trkpt>
      <trkpt lat="49.62813" lon="25.427957"></trkpt>
      <trkpt lat="49.627599" lon="25.430091"></trkpt>
      <trkpt lat="49.62702" lon="25.431665"></trkpt>
      <trkpt lat="49.626052" lon="25.433567"></trkpt>
      <trkpt lat="49.622559" lon="25.438282"></trkpt>
      <trkpt lat="49.621747" lon="25.439634"></trkpt>
      <trkpt lat="49.620525" lon="25.442781"></trkpt>
      <trkpt lat="49.620147" lon="25.444667"></trkpt>
      <trkpt lat="49.620099" lon="25.446505"></trkpt>
      <trkpt lat="49.620247" lon="25.447908"></trkpt>
      <trkpt lat="49.620967" lon="25.451906"></trkpt>
      <trkpt lat="49.621618" lon="25.453856"></trkpt>
      <trkpt lat="49.622033" lon="25.454642"></trkpt>
      <trkpt lat="49.622762" lon="25.455637"></trkpt>
      <trkpt lat="49.626656" lon="25.459291"></trkpt>
      <trkpt lat="49.627396" lon="25.460151"></trkpt>
      <trkpt lat="49.628269" lon="25.461839"></trkpt>
      <trkpt lat="49.628751" lon="25.463536"></trkpt>
      <trkpt lat="49.628924" lon="25.464904"></trkpt>
      <trkpt lat="49.628943" lon="25.466445"></trkpt>
      <trkpt lat="49.628785" lon="25.467913"></trkpt>
      <trkpt lat="49.628201" lon="25.470638"></trkpt>
      <trkpt lat="49.628111" lon="25.472005"></trkpt>
      <trkpt lat="49.628483" lon="25.488792"></trkpt>
      <trkpt lat="49.62864" lon="25.490382"></trkpt>
      <trkpt lat="49.630228" lon="25.499774"></trkpt>
      <trkpt lat="49.630528" lon="25.501033"></trkpt>
      <trkpt lat="49.631598" lon="25.504014"></trkpt>
      <trkpt lat="49.631923" lon="25.505291"></trkpt>
      <trkpt lat="49.632035" lon="25.506365"></trkpt>
      <trkpt lat="49.632" lon="25.507476"></trkpt>
      <trkpt lat="49.631597" lon="25.509305"></trkpt>
      <trkpt lat="49.630886" lon="25.510689"></trkpt>
      <trkpt lat="49.627063" lon="25.51576"></trkpt>
      <trkpt lat="49.619503" lon="25.527982"></trkpt>
      <trkpt lat="49.6181" lon="25.530737"></trkpt>
      <trkpt lat="49.614377" lon="25.539619"></trkpt>
      <trkpt lat="49.613225" lon="25.541556"></trkpt>
      <trkpt lat="49.612486" lon="25.542427"></trkpt>
      <trkpt lat="49.611632" lon="25.543181"></trkpt>
      <trkpt lat="49.604437" lon="25.547678"></trkpt>
      <trkpt lat="49.603692" lon="25.548295"></trkpt>
      <trkpt lat="49.603204" lon="25.548887"></trkpt>
      <trkpt lat="49.602553" lon="25.55022"></trkpt>
      <trkpt lat="49.599621" lon="25.558694"></trkpt>
      <trkpt lat="49.599175" lon="25.559737"></trkpt>
      <trkpt lat="49.598397" lon="25.561031"></trkpt>
      <trkpt lat="49.595937" lon="25.564413"></trkpt>
      <trkpt lat="49.593072" lon="25.567599"></trkpt>
      <trkpt lat="49.591922" lon="25.568716"></trkpt>
      <trkpt lat="49.590939" lon="25.569367"></trkpt>
      <trkpt lat="49.587268" lon="25.571154"></trkpt>
      <trkpt lat="49.586466" lon="25.571714"></trkpt>
      <trkpt lat="49.585264" lon="25.572803"></trkpt>
      <trkpt lat="49.581406" lon="25.576729"></trkpt>
      <trkpt lat="49.580454" lon="25.577839"></trkpt>
      <trkpt lat="49.579567" lon="25.579374"></trkpt>
      <trkpt lat="49.578148" lon="25.582604"></trkpt>
      <trkpt lat="49.577692" lon="25.583359"></trkpt>
      <trkpt lat="49.576585" lon="25.58475"></trkpt>
      <trkpt lat="49.569001" lon="25.591199"></trkpt>
      <trkpt lat="49.566413" lon="25.593161"></trkpt>
      <trkpt lat="49.56251" lon="25.596615"></trkpt>
      <trkpt lat="49.561071" lon="25.597644"></trkpt>
      <trkpt lat="49.558463" lon="25.598771"></trkpt>
      <trkpt lat="49.556522" lon="25.599859"></trkpt>
      <trkpt lat="49.553918" lon="25.601076"></trkpt>
      <trkpt lat="49.549646" lon="25.602948"></trkpt>
      <trkpt lat="49.548467" lon="25.603765"></trkpt>
      <trkpt lat="49.547513" lon="25.604929"></trkpt>
      <trkpt lat="49.546883" lon="25.605961"></trkpt>
      <trkpt lat="49.534379" lon="25.628272"></trkpt>
      <trkpt lat="49.533208" lon="25.630673"></trkpt>
      <trkpt lat="49.532373" lon="25.633334"></trkpt>
      <trkpt lat="49.514659" lon="25.723702"></trkpt>
      <trkpt lat="49.513905" lon="25.728369"></trkpt>
      <trkpt lat="49.51296" lon="25.732501"></trkpt>
      <trkpt lat="49.512871" lon="25.734279"></trkpt>
      <trkpt lat="49.513046" lon="25.73597"></trkpt>
      <trkpt lat="49.51543" lon="25.74666"></trkpt>
      <trkpt lat="49.516007" lon="25.747991"></trkpt>
      <trkpt lat="49.516943" lon="25.749236"></trkpt>
      <trkpt lat="49.517708" lon="25.749821"></trkpt>
      <trkpt lat="49.51869" lon="25.750181"></trkpt>
      <trkpt lat="49.519666" lon="25.750166"></trkpt>
      <trkpt lat="49.520235" lon="25.750044"></trkpt>
      <trkpt lat="49.524403" lon="25.748922"></trkpt>
      <trkpt lat="49.525251" lon="25.748949"></trkpt>
      <trkpt lat="49.526111" lon="25.749306"></trkpt>
      <trkpt lat="49.52784" lon="25.750747"></trkpt>
      <trkpt lat="49.528451" lon="25.751447"></trkpt>
      <trkpt lat="49.531005" lon="25.755612"></trkpt>
      <trkpt lat="49.531832" lon="25.757449"></trkpt>
      <trkpt lat="49.533177" lon="25.762383"></trkpt>
      <trkpt lat="49.533553" lon="25.764207"></trkpt>
      <trkpt lat="49.533614" lon="25.76522"></trkpt>
      <trkpt lat="49.53346" lon="25.766913"></trkpt>
      <trkpt lat="49.532038" lon="25.775222"></trkpt>
      <trkpt lat="49.531798" lon="25.777425"></trkpt>
      <trkpt lat="49.531886" lon="25.779342"></trkpt>
      <trkpt lat="49.532995" lon="25.785036"></trkpt>
      <trkpt lat="49.533089" lon="25.786966"></trkpt>
      <trkpt lat="49.532853" lon="25.788834"></trkpt>
      <trkpt lat="49.531488" lon="25.795853"></trkpt>
      <trkpt lat="49.531412" lon="25.797348"></trkpt>
      <trkpt lat="49.531519" lon="25.798372"></trkpt>
      <trkpt lat="49.531842" lon="25.799629"></trkpt>
      <trkpt lat="49.532605" lon="25.80108"></trkpt>
      <trkpt lat="49.533213" lon="25.801786"></trkpt>
      <trkpt lat="49.534151" lon="25.802412"></trkpt>
      <trkpt lat="49.563232" lon="25.81604"></trkpt>
      <trkpt lat="49.564661" lon="25.816905"></trkpt>
      <trkpt lat="49.565656" lon="25.817754"></trkpt>
      <trkpt lat="49.586017" lon="25.838733"></trkpt>
      <trkpt lat="49.587899" lon="25.841011"></trkpt>
      <trkpt lat="49.605444" lon="25.869888"></trkpt>
      <trkpt lat="49.605857" lon="25.870833"></trkpt>
      <trkpt lat="49.606178" lon="25.87202"></trkpt>
      <trkpt lat="49.606372" lon="25.87417"></trkpt>
      <trkpt lat="49.606192" lon="25.875906"></trkpt>
      <trkpt lat="49.605722" lon="25.877492"></trkpt>
      <trkpt lat="49.598113" lon="25.892114"></trkpt>
      <trkpt lat="49.597373" lon="25.893887"></trkpt>
      <trkpt lat="49.596864" lon="25.895975"></trkpt>
      <trkpt lat="49.596632" lon="25.899211"></trkpt>
      <trkpt lat="49.596486" lon="25.915663"></trkpt>
      <trkpt lat="49.596378" lon="25.917544"></trkpt>
      <trkpt lat="49.596171" lon="25.933771"></trkpt>
      <trkpt lat="49.595881" lon="25.935836"></trkpt>
      <trkpt lat="49.595183" lon="25.937876"></trkpt>
      <trkpt lat="49.592918" lon="25.941507"></trkpt>
      <trkpt lat="49.58332" lon="25.956123"></trkpt>
      <trkpt lat="49.582227" lon="25.95741"></trkpt>
      <trkpt lat="49.575324" lon="25.964555"></trkpt>
      <trkpt lat="49.574384" lon="25.965409"></trkpt>
      <trkpt lat="49.573817" lon="25.96575"></trkpt>
      <trkpt lat="49.57303" lon="25.966047"></trkpt>
      <trkpt lat="49.572252" lon="25.966138"></trkpt>
      <trkpt lat="49.57085" lon="25.965842"></trkpt>
      <trkpt lat="49.567686" lon="25.96435"></trkpt>
      <trkpt lat="49.566911" lon="25.964092"></trkpt>
      <trkpt lat="49.565675" lon="25.964132"></trkpt>
      <trkpt lat="49.56458" lon="25.964659"></trkpt>
      <trkpt lat="49.564017" lon="25.965151"></trkpt>
      <trkpt lat="49.563402" lon="25.965909"></trkpt>
      <trkpt lat="49.556348" lon="25.976077"></trkpt>
      <trkpt lat="49.555581" lon="25.977459"></trkpt>
      <trkpt lat="49.555103" lon="25.978814"></trkpt>
      <trkpt lat="49.554842" lon="25.980033"></trkpt>
      <trkpt lat="49.554185" lon="25.98472"></trkpt>
      <trkpt lat="49.55224" lon="26.005997"></trkpt>
      <trkpt lat="49.551681" lon="26.009357"></trkpt>
      <trkpt lat="49.54887" lon="26.023178"></trkpt>
      <trkpt lat="49.548767" lon="26.024495"></trkpt>
      <trkpt lat="49.548906" lon="26.026564"></trkpt>
      <trkpt lat="49.54922" lon="26.028291"></trkpt>
      <trkpt lat="49.554185" lon="26.040742"></trkpt>
      <trkpt lat="49.554866" lon="26.043438"></trkpt>
      <trkpt lat="49.554963" lon="26.045367"></trkpt>
      <trkpt lat="49.554416" lon="26.049643"></trkpt>
      <trkpt lat="49.554373" lon="26.053773"></trkpt>
      <trkpt lat="49.554019" lon="26.060765"></trkpt>
      <trkpt lat="49.554168" lon="26.062307"></trkpt>
      <trkpt lat="49.554481" lon="26.063777"></trkpt>
      <trkpt lat="49.555657" lon="26.067447"></trkpt>
      <trkpt lat="49.555872" lon="26.068427"></trkpt>
      <trkpt lat="49.555996" lon="26.071891"></trkpt>
      <trkpt lat="49.555835" lon="26.073822"></trkpt>
      <trkpt lat="49.555564" lon="26.074971"></trkpt>
      <trkpt lat="49.555141" lon="26.076133"></trkpt>
      <trkpt lat="49.547678" lon="26.093279"></trkpt>
      <trkpt lat="49.54686" lon="26.094727"></trkpt>
      <trkpt lat="49.544422" lon="26.098083"></trkpt>
      <trkpt lat="49.54382" lon="26.099078"></trkpt>
      <trkpt lat="49.530597" lon="26.128893"></trkpt>
      <trkpt lat="49.530167" lon="26.130677"></trkpt>
      <trkpt lat="49.528739" lon="26.143294"></trkpt>
      <trkpt lat="49.528366" lon="26.14555"></trkpt>
      <trkpt lat="49.524602" lon="26.15919"></trkpt>
      <trkpt lat="49.524078" lon="26.161938"></trkpt>
      <trkpt lat="49.523345" lon="26.169362"></trkpt>
      <trkpt lat="49.52325" lon="26.171685"></trkpt>
      <trkpt lat="49.523376" lon="26.173943"></trkpt>
      <trkpt lat="49.523966" lon="26.177331"></trkpt>
      <trkpt lat="49.524748" lon="26.179761"></trkpt>
      <trkpt lat="49.525636" lon="26.181624"></trkpt>
      <trkpt lat="49.526359" lon="26.182752"></trkpt>
      <trkpt lat="49.531791" lon="26.190154"></trkpt>
      <trkpt lat="49.532352" lon="26.191099"></trkpt>
      <trkpt lat="49.532846" lon="26.192237"></trkpt>
      <trkpt lat="49.533211" lon="26.19344"></trkpt>
      <trkpt lat="49.533542" lon="26.195306"></trkpt>
      <trkpt lat="49.5336" lon="26.196571"></trkpt>
      <trkpt lat="49.533527" lon="26.198252"></trkpt>
      <trkpt lat="49.528923" lon="26.2364"></trkpt>
      <trkpt lat="49.527106" lon="26.310275"></trkpt>
      <trkpt lat="49.526742" lon="26.31552"></trkpt>
      <trkpt lat="49.526029" lon="26.32103"></trkpt>
      <trkpt lat="49.512845" lon="26.397953"></trkpt>
      <trkpt lat="49.511705" lon="26.401308"></trkpt>
      <trkpt lat="49.504708" lon="26.417948"></trkpt>
      <trkpt lat="49.50348" lon="26.421266"></trkpt>
      <trkpt lat="49.492776" lon="26.462025"></trkpt>
      <trkpt lat="49.492483" lon="26.463549"></trkpt>
      <trkpt lat="49.492291" lon="26.465356"></trkpt>
      <trkpt lat="49.492252" lon="26.466975"></trkpt>
      <trkpt lat="49.492396" lon="26.469334"></trkpt>
      <trkpt lat="49.495641" lon="26.497791"></trkpt>
      <trkpt lat="49.496234" lon="26.501351"></trkpt>
      <trkpt lat="49.497111" lon="26.504804"></trkpt>
      <trkpt lat="49.508832" lon="26.541898"></trkpt>
      <trkpt lat="49.509518" lon="26.544641"></trkpt>
      <trkpt lat="49.509978" lon="26.547225"></trkpt>
      <trkpt lat="49.510266" lon="26.549607"></trkpt>
      <trkpt lat="49.510442" lon="26.552665"></trkpt>
      <trkpt lat="49.510353" lon="26.55683"></trkpt>
      <trkpt lat="49.508802" lon="26.573851"></trkpt>
      <trkpt lat="49.508657" lon="26.576906"></trkpt>
      <trkpt lat="49.508905" lon="26.626404"></trkpt>
      <trkpt lat="49.509406" lon="26.635263"></trkpt>
      <trkpt lat="49.50938" lon="26.638109"></trkpt>
      <trkpt lat="49.508835" lon="26.641633"></trkpt>
      <trkpt lat="49.499473" lon="26.685772"></trkpt>
      <trkpt lat="49.498887" lon="26.689624"></trkpt>
      <trkpt lat="49.498655" lon="26.694498"></trkpt>
      <trkpt lat="49.499143" lon="26.724263"></trkpt>
      <trkpt lat="49.498985" lon="26.727666"></trkpt>
      <trkpt lat="49.498547" lon="26.730913"></trkpt>
      <trkpt lat="49.497885" lon="26.733964"></trkpt>
      <trkpt lat="49.496051" lon="26.741089"></trkpt>
      <trkpt lat="49.48574" lon="26.779999"></trkpt>
      <trkpt lat="49.470051" lon="26.826172"></trkpt>
      <trkpt lat="49.46929" lon="26.82873"></trkpt>
      <trkpt lat="49.466141" lon="26.844423"></trkpt>
      <trkpt lat="49.45593" lon="26.897474"></trkpt>
      <trkpt lat="49.454782" lon="26.901918"></trkpt>
      <trkpt lat="49.45404" lon="26.904052"></trkpt>
      <trkpt lat="49.449168" lon="26.916241"></trkpt>
      <trkpt lat="49.448354" lon="26.917637"></trkpt>
      <trkpt lat="49.447011" lon="26.919213"></trkpt>
      <trkpt lat="49.446017" lon="26.921072"></trkpt>
      <trkpt lat="49.436956" lon="26.942278"></trkpt>
      <trkpt lat="49.435925" lon="26.943533"></trkpt>
      <trkpt lat="49.430713" lon="26.947548"></trkpt>
      <trkpt lat="49.428268" lon="26.950974"></trkpt>
      <trkpt lat="49.424554" lon="26.955233"></trkpt>
      <trkpt lat="49.423014" lon="26.957355"></trkpt>
      <trkpt lat="49.421946" lon="26.959117"></trkpt>
      <trkpt lat="49.420644" lon="26.961771"></trkpt>
      <trkpt lat="49.41967" lon="26.964266"></trkpt>
      <trkpt lat="49.417142" lon="26.97285"></trkpt>
      <trkpt lat="49.41676" lon="26.974902"></trkpt>
      <trkpt lat="49.416604" lon="26.976885"></trkpt>
      <trkpt lat="49.416585" lon="26.978544"></trkpt>
      <trkpt lat="49.416755" lon="26.980674"></trkpt>
      <trkpt lat="49.41886" lon="26.994129"></trkpt>
      <trkpt lat="49.418922" lon="26.997069"></trkpt>
      <trkpt lat="49.41865" lon="26.999734"></trkpt>
      <trkpt lat="49.418025" lon="27.002538"></trkpt>
      <trkpt lat="49.406094" lon="27.050197"></trkpt>
      <trkpt lat="49.404821" lon="27.054"></trkpt>
      <trkpt lat="49.385163" lon="27.101396"></trkpt>
      <trkpt lat="49.384275" lon="27.103836"></trkpt>
      <trkpt lat="49.371578" lon="27.148592"></trkpt>
      <trkpt lat="49.358657" lon="27.189513"></trkpt>
      <trkpt lat="49.357656" lon="27.191602"></trkpt>
      <trkpt lat="49.356244" lon="27.193613"></trkpt>
      <trkpt lat="49.355215" lon="27.194682"></trkpt>
      <trkpt lat="49.352727" lon="27.196907"></trkpt>
      <trkpt lat="49.351722" lon="27.198027"></trkpt>
      <trkpt lat="49.350958" lon="27.199091"></trkpt>
      <trkpt lat="49.350163" lon="27.200656"></trkpt>
      <trkpt lat="49.348257" lon="27.205097"></trkpt>
      <trkpt lat="49.347666" lon="27.206113"></trkpt>
      <trkpt lat="49.344165" lon="27.211023"></trkpt>
      <trkpt lat="49.343567" lon="27.212237"></trkpt>
      <trkpt lat="49.341256" lon="27.217852"></trkpt>
      <trkpt lat="49.339786" lon="27.22017"></trkpt>
      <trkpt lat="49.338916" lon="27.221147"></trkpt>
      <trkpt lat="49.337929" lon="27.221998"></trkpt>
      <trkpt lat="49.329923" lon="27.228102"></trkpt>
      <trkpt lat="49.325234" lon="27.231025"></trkpt>
      <trkpt lat="49.323085" lon="27.233176"></trkpt>
      <trkpt lat="49.322133" lon="27.234441"></trkpt>
      <trkpt lat="49.321576" lon="27.235572"></trkpt>
      <trkpt lat="49.321109" lon="27.237187"></trkpt>
      <trkpt lat="49.319759" lon="27.245041"></trkpt>
      <trkpt lat="49.318721" lon="27.249941"></trkpt>
      <trkpt lat="49.317269" lon="27.254726"></trkpt>
      <trkpt lat="49.316188" lon="27.257445"></trkpt>
      <trkpt lat="49.315105" lon="27.259384"></trkpt>
      <trkpt lat="49.313688" lon="27.261242"></trkpt>
      <trkpt lat="49.301201" lon="27.272324"></trkpt>
      <trkpt lat="49.300341" lon="27.2733"></trkpt>
      <trkpt lat="49.299165" lon="27.275091"></trkpt>
      <trkpt lat="49.298267" lon="27.277033"></trkpt>
      <trkpt lat="49.294566" lon="27.286306"></trkpt>
      <trkpt lat="49.286785" lon="27.30922"></trkpt>
      <trkpt lat="49.286186" lon="27.311365"></trkpt>
      <trkpt lat="49.282358" lon="27.327385"></trkpt>
      <trkpt lat="49.276903" lon="27.344462"></trkpt>
      <trkpt lat="49.276279" lon="27.346849"></trkpt>
      <trkpt lat="49.27568" lon="27.35003"></trkpt>
      <trkpt lat="49.272361" lon="27.380205"></trkpt>
      <trkpt lat="49.272316" lon="27.386056"></trkpt>
      <trkpt lat="49.272188" lon="27.387768"></trkpt>
      <trkpt lat="49.270188" lon="27.404216"></trkpt>
      <trkpt lat="49.268521" lon="27.410996"></trkpt>
      <trkpt lat="49.268123" lon="27.413076"></trkpt>
      <trkpt lat="49.267233" lon="27.426442"></trkpt>
      <trkpt lat="49.266111" lon="27.447978"></trkpt>
      <trkpt lat="49.265744" lon="27.450685"></trkpt>
      <trkpt lat="49.264978" lon="27.453427"></trkpt>
      <trkpt lat="49.263987" lon="27.455657"></trkpt>
      <trkpt lat="49.262748" lon="27.457569"></trkpt>
      <trkpt lat="49.255233" lon="27.466455"></trkpt>
      <trkpt lat="49.253683" lon="27.467923"></trkpt>
      <trkpt lat="49.25205" lon="27.469088"></trkpt>
      <trkpt lat="49.247837" lon="27.471552"></trkpt>
      <trkpt lat="49.246117" lon="27.472318"></trkpt>
      <trkpt lat="49.244353" lon="27.472873"></trkpt>
      <trkpt lat="49.240749" lon="27.473468"></trkpt>
      <trkpt lat="49.238011" lon="27.474017"></trkpt>
      <trkpt lat="49.236448" lon="27.474447"></trkpt>
      <trkpt lat="49.227043" lon="27.478138"></trkpt>
      <trkpt lat="49.225212" lon="27.47923"></trkpt>
      <trkpt lat="49.224321" lon="27.480031"></trkpt>
      <trkpt lat="49.222778" lon="27.481998"></trkpt>
      <trkpt lat="49.222127" lon="27.483149"></trkpt>
      <trkpt lat="49.218393" lon="27.490838"></trkpt>
      <trkpt lat="49.216217" lon="27.496022"></trkpt>
      <trkpt lat="49.215247" lon="27.497873"></trkpt>
      <trkpt lat="49.214414" lon="27.499032"></trkpt>
      <trkpt lat="49.20725" lon="27.507767"></trkpt>
      <trkpt lat="49.206437" lon="27.508989"></trkpt>
      <trkpt lat="49.205709" lon="27.510592"></trkpt>
      <trkpt lat="49.205268" lon="27.512316"></trkpt>
      <trkpt lat="49.205068" lon="27.514285"></trkpt>
      <trkpt lat="49.205206" lon="27.516659"></trkpt>
      <trkpt lat="49.205629" lon="27.518427"></trkpt>
      <trkpt lat="49.206145" lon="27.519768"></trkpt>
      <trkpt lat="49.206737" lon="27.520827"></trkpt>
      <trkpt lat="49.21044" lon="27.526055"></trkpt>
      <trkpt lat="49.211176" lon="27.527285"></trkpt>
      <trkpt lat="49.211911" lon="27.529065"></trkpt>
      <trkpt lat="49.212535" lon="27.531434"></trkpt>
      <trkpt lat="49.212724" lon="27.533057"></trkpt>
      <trkpt lat="49.212761" lon="27.535296"></trkpt>
      <trkpt lat="49.211515" lon="27.551789"></trkpt>
      <trkpt lat="49.211443" lon="27.55354"></trkpt>
      <trkpt lat="49.211529" lon="27.555339"></trkpt>
      <trkpt lat="49.211787" lon="27.557603"></trkpt>
      <trkpt lat="49.212143" lon="27.559307"></trkpt>
      <trkpt lat="49.214899" lon="27.568151"></trkpt>
      <trkpt lat="49.215405" lon="27.570064"></trkpt>
      <trkpt lat="49.215649" lon="27.57166"></trkpt>
      <trkpt lat="49.215743" lon="27.573397"></trkpt>
      <trkpt lat="49.215605" lon="27.575794"></trkpt>
      <trkpt lat="49.214951" lon="27.578728"></trkpt>
      <trkpt lat="49.211095" lon="27.589124"></trkpt>
      <trkpt lat="49.210278" lon="27.592129"></trkpt>
      <trkpt lat="49.20896" lon="27.601567"></trkpt>
      <trkpt lat="49.208369" lon="27.610432"></trkpt>
      <trkpt lat="49.208006" lon="27.613998"></trkpt>
      <trkpt lat="49.205052" lon="27.629088"></trkpt>
      <trkpt lat="49.202872" lon="27.645662"></trkpt>
      <trkpt lat="49.202449" lon="27.647942"></trkpt>
      <trkpt lat="49.201834" lon="27.649983"></trkpt>
      <trkpt lat="49.201156" lon="27.651549"></trkpt>
      <trkpt lat="49.19877" lon="27.655683"></trkpt>
      <trkpt lat="49.197766" lon="27.657747"></trkpt>
      <trkpt lat="49.191969" lon="27.674302"></trkpt>
      <trkpt lat="49.191289" lon="27.677488"></trkpt>
      <trkpt lat="49.190499" lon="27.685932"></trkpt>
      <trkpt lat="49.189731" lon="27.690543"></trkpt>
      <trkpt lat="49.18493" lon="27.707336"></trkpt>
      <trkpt lat="49.183788" lon="27.709741"></trkpt>
      <trkpt lat="49.182341" lon="27.711591"></trkpt>
      <trkpt lat="49.180585" lon="27.712975"></trkpt>
      <trkpt lat="49.170583" lon="27.720228"></trkpt>
      <trkpt lat="49.169319" lon="27.721539"></trkpt>
      <trkpt lat="49.168754" lon="27.72239"></trkpt>
      <trkpt lat="49.16752" lon="27.724765"></trkpt>
      <trkpt lat="49.156419" lon="27.749"></trkpt>
      <trkpt lat="49.155531" lon="27.750758"></trkpt>
      <trkpt lat="49.154053" lon="27.752764"></trkpt>
      <trkpt lat="49.148646" lon="27.758292"></trkpt>
      <trkpt lat="49.147664" lon="27.759461"></trkpt>
      <trkpt lat="49.146182" lon="27.762057"></trkpt>
      <trkpt lat="49.143866" lon="27.767137"></trkpt>
      <trkpt lat="49.142512" lon="27.769333"></trkpt>
      <trkpt lat="49.14142" lon="27.770473"></trkpt>
      <trkpt lat="49.137967" lon="27.773265"></trkpt>
      <trkpt lat="49.137193" lon="27.774156"></trkpt>
      <trkpt lat="49.136223" lon="27.775714"></trkpt>
      <trkpt lat="49.135615" lon="27.777121"></trkpt>
      <trkpt lat="49.135161" lon="27.778547"></trkpt>
      <trkpt lat="49.134254" lon="27.783833"></trkpt>
      <trkpt lat="49.1336" lon="27.78644"></trkpt>
      <trkpt lat="49.126087" lon="27.802287"></trkpt>
      <trkpt lat="49.125409" lon="27.803377"></trkpt>
      <trkpt lat="49.115549" lon="27.817118"></trkpt>
      <trkpt lat="49.114214" lon="27.818752"></trkpt>
      <trkpt lat="49.112235" lon="27.820533"></trkpt>
      <trkpt lat="49.111506" lon="27.821419"></trkpt>
      <trkpt lat="49.110938" lon="27.822319"></trkpt>
      <trkpt lat="49.110242" lon="27.823753"></trkpt>
      <trkpt lat="49.109521" lon="27.826419"></trkpt>
      <trkpt lat="49.099317" lon="27.877718"></trkpt>
      <trkpt lat="49.098535" lon="27.882079"></trkpt>
      <trkpt lat="49.098328" lon="27.883801"></trkpt>
      <trkpt lat="49.098256" lon="27.886918"></trkpt>
      <trkpt lat="49.098479" lon="27.889576"></trkpt>
      <trkpt lat="49.103137" lon="27.914594"></trkpt>
      <trkpt lat="49.103472" lon="27.918189"></trkpt>
      <trkpt lat="49.103408" lon="27.920519"></trkpt>
      <trkpt lat="49.102995" lon="27.923636"></trkpt>
      <trkpt lat="49.099985" lon="27.938209"></trkpt>
      <trkpt lat="49.099562" lon="27.939863"></trkpt>
      <trkpt lat="49.087707" lon="27.972861"></trkpt>
      <trkpt lat="49.08662" lon="27.975062"></trkpt>
      <trkpt lat="49.085517" lon="27.976519"></trkpt>
      <trkpt lat="49.084042" lon="27.97778"></trkpt>
      <trkpt lat="49.082924" lon="27.978351"></trkpt>
      <trkpt lat="49.081856" lon="27.978651"></trkpt>
      <trkpt lat="49.068457" lon="27.978487"></trkpt>
      <trkpt lat="49.067187" lon="27.978657"></trkpt>
      <trkpt lat="49.066197" lon="27.978976"></trkpt>
      <trkpt lat="49.064899" lon="27.979656"></trkpt>
      <trkpt lat="49.058985" lon="27.983328"></trkpt>
      <trkpt lat="49.057885" lon="27.984121"></trkpt>
      <trkpt lat="49.057232" lon="27.984766"></trkpt>
      <trkpt lat="49.056133" lon="27.986145"></trkpt>
      <trkpt lat="49.05481" lon="27.98866"></trkpt>
      <trkpt lat="49.054128" lon="27.990766"></trkpt>
      <trkpt lat="49.053674" lon="27.993273"></trkpt>
      <trkpt lat="49.051595" lon="28.021441"></trkpt>
      <trkpt lat="49.051067" lon="28.024511"></trkpt>
      <trkpt lat="49.050059" lon="28.027471"></trkpt>
      <trkpt lat="49.044552" lon="28.038533"></trkpt>
      <trkpt lat="49.04357" lon="28.040844"></trkpt>
      <trkpt lat="49.043081" lon="28.042416"></trkpt>
      <trkpt lat="49.042778" lon="28.044095"></trkpt>
      <trkpt lat="49.042444" lon="28.051111"></trkpt>
      <trkpt lat="49.042194" lon="28.052543"></trkpt>
      <trkpt lat="49.041632" lon="28.054576"></trkpt>
      <trkpt lat="49.037003" lon="28.063651"></trkpt>
      <trkpt lat="49.035556" lon="28.067032"></trkpt>
      <trkpt lat="49.035004" lon="28.068706"></trkpt>
      <trkpt lat="49.034898" lon="28.07093"></trkpt>
      <trkpt lat="49.034288" lon="28.074983"></trkpt>
      <trkpt lat="49.034297" lon="28.07741"></trkpt>
      <trkpt lat="49.034512" lon="28.0791"></trkpt>
      <trkpt lat="49.03508" lon="28.081957"></trkpt>
      <trkpt lat="49.035162" lon="28.086503"></trkpt>
      <trkpt lat="49.035556" lon="28.089205"></trkpt>
      <trkpt lat="49.036907" lon="28.096275"></trkpt>
      <trkpt lat="49.037014" lon="28.097685"></trkpt>
      <trkpt lat="49.036534" lon="28.101795"></trkpt>
      <trkpt lat="49.035449" lon="28.107778"></trkpt>
      <trkpt lat="49.034874" lon="28.109471"></trkpt>
      <trkpt lat="49.03276" lon="28.113184"></trkpt>
      <trkpt lat="49.030895" lon="28.115588"></trkpt>
      <trkpt lat="49.030054" lon="28.116608"></trkpt>
      <trkpt lat="49.028518" lon="28.118155"></trkpt>
      <trkpt lat="49.020795" lon="28.125265"></trkpt>
      <trkpt lat="49.019733" lon="28.126537"></trkpt>
      <trkpt lat="49.018546" lon="28.128541"></trkpt>
      <trkpt lat="49.017606" lon="28.13087"></trkpt>
      <trkpt lat="49.017195" lon="28.132442"></trkpt>
      <trkpt lat="49.012987" lon="28.15374"></trkpt>
      <trkpt lat="49.012285" lon="28.156"></trkpt>
      <trkpt lat="49.011377" lon="28.158017"></trkpt>
      <trkpt lat="49.010134" lon="28.159913"></trkpt>
      <trkpt lat="49.008438" lon="28.161648"></trkpt>
      <trkpt lat="49.006823" lon="28.162657"></trkpt>
      <trkpt lat="49.001218" lon="28.165387"></trkpt>
      <trkpt lat="48.999598" lon="28.16578"></trkpt>
      <trkpt lat="48.998234" lon="28.16584"></trkpt>
      <trkpt lat="48.992176" lon="28.164843"></trkpt>
      <trkpt lat="48.990584" lon="28.164842"></trkpt>
      <trkpt lat="48.989433" lon="28.165083"></trkpt>
      <trkpt lat="48.988132" lon="28.165642"></trkpt>
      <trkpt lat="48.986953" lon="28.16642"></trkpt>
      <trkpt lat="48.986129" lon="28.167152"></trkpt>
      <trkpt lat="48.985094" lon="28.168328"></trkpt>
      <trkpt lat="48.98431" lon="28.169491"></trkpt>
      <trkpt lat="48.983627" lon="28.170767"></trkpt>
      <trkpt lat="48.982897" lon="28.172555"></trkpt>
      <trkpt lat="48.975874" lon="28.199142"></trkpt>
      <trkpt lat="48.97489" lon="28.201545"></trkpt>
      <trkpt lat="48.974017" lon="28.203052"></trkpt>
      <trkpt lat="48.973001" lon="28.204368"></trkpt>
      <trkpt lat="48.971849" lon="28.205454"></trkpt>
      <trkpt lat="48.970617" lon="28.206309"></trkpt>
      <trkpt lat="48.969355" lon="28.20688"></trkpt>
      <trkpt lat="48.968311" lon="28.207142"></trkpt>
      <trkpt lat="48.95077" lon="28.207707"></trkpt>
      <trkpt lat="48.949609" lon="28.207984"></trkpt>
      <trkpt lat="48.948762" lon="28.208319"></trkpt>
      <trkpt lat="48.94709" lon="28.209418"></trkpt>
      <trkpt lat="48.945932" lon="28.210521"></trkpt>
      <trkpt lat="48.944608" lon="28.212322"></trkpt>
      <trkpt lat="48.927902" lon="28.241122"></trkpt>
      <trkpt lat="48.926935" lon="28.242492"></trkpt>
      <trkpt lat="48.925704" lon="28.243765"></trkpt>
      <trkpt lat="48.908928" lon="28.259272"></trkpt>
      <trkpt lat="48.906167" lon="28.262084"></trkpt>
      <trkpt lat="48.904113" lon="28.264808"></trkpt>
      <trkpt lat="48.899343" lon="28.272681"></trkpt>
      <trkpt lat="48.898211" lon="28.274355"></trkpt>
      <trkpt lat="48.890608" lon="28.287136"></trkpt>
      <trkpt lat="48.889365" lon="28.289429"></trkpt>
      <trkpt lat="48.887799" lon="28.292707"></trkpt>
      <trkpt lat="48.882456" lon="28.305136"></trkpt>
      <trkpt lat="48.881618" lon="28.307457"></trkpt>
      <trkpt lat="48.88081" lon="28.310503"></trkpt>
      <trkpt lat="48.880238" lon="28.314227"></trkpt>
      <trkpt lat="48.87891" lon="28.343042"></trkpt>
      <trkpt lat="48.878404" lon="28.346563"></trkpt>
      <trkpt lat="48.877565" lon="28.349434"></trkpt>
      <trkpt lat="48.865219" lon="28.383551"></trkpt>
      <trkpt lat="48.86441" lon="28.386483"></trkpt>
      <trkpt lat="48.863135" lon="28.392611"></trkpt>
      <trkpt lat="48.862764" lon="28.393904"></trkpt>
      <trkpt lat="48.862014" lon="28.395826"></trkpt>
      <trkpt lat="48.86058" lon="28.398276"></trkpt>
      <trkpt lat="48.859959" lon="28.399056"></trkpt>
      <trkpt lat="48.858819" lon="28.400182"></trkpt>
      <trkpt lat="48.857608" lon="28.401047"></trkpt>
      <trkpt lat="48.852457" lon="28.403954"></trkpt>
      <trkpt lat="48.851481" lon="28.404458"></trkpt>
      <trkpt lat="48.850617" lon="28.404754"></trkpt>
      <trkpt lat="48.838407" lon="28.407649"></trkpt>
      <trkpt lat="48.836697" lon="28.40855"></trkpt>
      <trkpt lat="48.835516" lon="28.409561"></trkpt>
      <trkpt lat="48.834811" lon="28.410366"></trkpt>
      <trkpt lat="48.833771" lon="28.411915"></trkpt>
      <trkpt lat="48.833291" lon="28.412873"></trkpt>
      <trkpt lat="48.812001" lon="28.458754"></trkpt>
      <trkpt lat="48.810277" lon="28.461899"></trkpt>
      <trkpt lat="48.80809" lon="28.464883"></trkpt>
      <trkpt lat="48.80624" lon="28.466761"></trkpt>
      <trkpt lat="48.804417" lon="28.468233"></trkpt>
      <trkpt lat="48.802563" lon="28.469344"></trkpt>
      <trkpt lat="48.80062" lon="28.470178"></trkpt>
      <trkpt lat="48.798441" lon="28.470731"></trkpt>
      <trkpt lat="48.78519" lon="28.47253"></trkpt>
      <trkpt lat="48.78375" lon="28.472986"></trkpt>
      <trkpt lat="48.782547" lon="28.473589"></trkpt>
      <trkpt lat="48.781985" lon="28.474015"></trkpt>
      <trkpt lat="48.781266" lon="28.47479"></trkpt>
      <trkpt lat="48.780756" lon="28.475484"></trkpt>
      <trkpt lat="48.780087" lon="28.476725"></trkpt>
      <trkpt lat="48.779473" lon="28.478374"></trkpt>
      <trkpt lat="48.778392" lon="28.483324"></trkpt>
      <trkpt lat="48.777777" lon="28.48526"></trkpt>
      <trkpt lat="48.776805" lon="28.487067"></trkpt>
      <trkpt lat="48.77547" lon="28.488583"></trkpt>
      <trkpt lat="48.769719" lon="28.492266"></trkpt>
      <trkpt lat="48.752057" lon="28.503134"></trkpt>
      <trkpt lat="48.750995" lon="28.504011"></trkpt>
      <trkpt lat="48.747279" lon="28.507765"></trkpt>
      <trkpt lat="48.746041" lon="28.508612"></trkpt>
      <trkpt lat="48.744673" lon="28.509231"></trkpt>
      <trkpt lat="48.743557" lon="28.509487"></trkpt>
      <trkpt lat="48.742542" lon="28.509532"></trkpt>
      <trkpt lat="48.740812" lon="28.509262"></trkpt>
      <trkpt lat="48.739795" lon="28.508877"></trkpt>
      <trkpt lat="48.738747" lon="28.508275"></trkpt>
      <trkpt lat="48.73735" lon="28.507104"></trkpt>
      <trkpt lat="48.736233" lon="28.505774"></trkpt>
      <trkpt lat="48.735354" lon="28.504391"></trkpt>
      <trkpt lat="48.730328" lon="28.49402"></trkpt>
      <trkpt lat="48.728989" lon="28.492286"></trkpt>
      <trkpt lat="48.72773" lon="28.491249"></trkpt>
      <trkpt lat="48.726538" lon="28.490677"></trkpt>
      <trkpt lat="48.725461" lon="28.490389"></trkpt>
      <trkpt lat="48.724384" lon="28.490359"></trkpt>
      <trkpt lat="48.72341" lon="28.490517"></trkpt>
      <trkpt lat="48.722511" lon="28.490836"></trkpt>
      <trkpt lat="48.721309" lon="28.491572"></trkpt>
      <trkpt lat="48.720356" lon="28.492432"></trkpt>
      <trkpt lat="48.719483" lon="28.493487"></trkpt>
      <trkpt lat="48.718684" lon="28.494803"></trkpt>
      <trkpt lat="48.718079" lon="28.496159"></trkpt>
      <trkpt lat="48.717559" lon="28.497861"></trkpt>
      <trkpt lat="48.717261" lon="28.499379"></trkpt>
      <trkpt lat="48.71068" lon="28.55826"></trkpt>
      <trkpt lat="48.710207" lon="28.56091"></trkpt>
      <trkpt lat="48.709593" lon="28.563429"></trkpt>
      <trkpt lat="48.708134" lon="28.567691"></trkpt>
      <trkpt lat="48.707336" lon="28.569386"></trkpt>
      <trkpt lat="48.673284" lon="28.630759"></trkpt>
      <trkpt lat="48.649173" lon="28.667305"></trkpt>
      <trkpt lat="48.648127" lon="28.668721"></trkpt>
      <trkpt lat="48.590019" lon="28.732798"></trkpt>
      <trkpt lat="48.588897" lon="28.733843"></trkpt>
      <trkpt lat="48.587237" lon="28.73506"></trkpt>
      <trkpt lat="48.586035" lon="28.735749"></trkpt>
      <trkpt lat="48.584704" lon="28.736312"></trkpt>
      <trkpt lat="48.583372" lon="28.736694"></trkpt>
      <trkpt lat="48.582002" lon="28.736895"></trkpt>
      <trkpt lat="48.580003" lon="28.736843"></trkpt>
      <trkpt lat="48.578745" lon="28.736589"></trkpt>
      <trkpt lat="48.577138" lon="28.736063"></trkpt>
      <trkpt lat="48.575848" lon="28.735437"></trkpt>
      <trkpt lat="48.574148" lon="28.734298"></trkpt>
      <trkpt lat="48.562375" lon="28.723916"></trkpt>
      <trkpt lat="48.560594" lon="28.722945"></trkpt>
      <trkpt lat="48.559526" lon="28.722635"></trkpt>
      <trkpt lat="48.558677" lon="28.722521"></trkpt>
      <trkpt lat="48.557531" lon="28.72255"></trkpt>
      <trkpt lat="48.556476" lon="28.722746"></trkpt>
      <trkpt lat="48.555277" lon="28.723202"></trkpt>
      <trkpt lat="48.554523" lon="28.723633"></trkpt>
      <trkpt lat="48.543018" lon="28.732654"></trkpt>
      <trkpt lat="48.542355" lon="28.733435"></trkpt>
      <trkpt lat="48.540926" lon="28.734766"></trkpt>
      <trkpt lat="48.540004" lon="28.73588"></trkpt>
      <trkpt lat="48.538581" lon="28.738519"></trkpt>
      <trkpt lat="48.532559" lon="28.748506"></trkpt>
      <trkpt lat="48.530331" lon="28.751647"></trkpt>
      <trkpt lat="48.523998" lon="28.762048"></trkpt>
      <trkpt lat="48.523326" lon="28.762983"></trkpt>
      <trkpt lat="48.522173" lon="28.764221"></trkpt>
      <trkpt lat="48.520882" lon="28.765224"></trkpt>
      <trkpt lat="48.519536" lon="28.765906"></trkpt>
      <trkpt lat="48.499042" lon="28.772903"></trkpt>
      <trkpt lat="48.497324" lon="28.773994"></trkpt>
      <trkpt lat="48.495827" lon="28.775475"></trkpt>
      <trkpt lat="48.494497" lon="28.777438"></trkpt>
      <trkpt lat="48.493333" lon="28.780081"></trkpt>
      <trkpt lat="48.492784" lon="28.782053"></trkpt>
      <trkpt lat="48.49072" lon="28.792186"></trkpt>
      <trkpt lat="48.490099" lon="28.793987"></trkpt>
      <trkpt lat="48.489235" lon="28.795662"></trkpt>
      <trkpt lat="48.48803" lon="28.79722"></trkpt>
      <trkpt lat="48.486906" lon="28.79821"></trkpt>
      <trkpt lat="48.485625" lon="28.798906"></trkpt>
      <trkpt lat="48.481471" lon="28.8003"></trkpt>
      <trkpt lat="48.480189" lon="28.800947"></trkpt>
      <trkpt lat="48.478556" lon="28.802188"></trkpt>
      <trkpt lat="48.476985" lon="28.803916"></trkpt>
      <trkpt lat="48.475658" lon="28.80594"></trkpt>
      <trkpt lat="48.459957" lon="28.835193"></trkpt>
      <trkpt lat="48.458547" lon="28.837197"></trkpt>
      <trkpt lat="48.457806" lon="28.837965"></trkpt>
      <trkpt lat="48.456621" lon="28.83892"></trkpt>
      <trkpt lat="48.454501" lon="28.839947"></trkpt>
      <trkpt lat="48.443498" lon="28.843759"></trkpt>
      <trkpt lat="48.44255" lon="28.843958"></trkpt>
      <trkpt lat="48.441221" lon="28.844006"></trkpt>
      <trkpt lat="48.439941" lon="28.843791"></trkpt>
      <trkpt lat="48.438753" lon="28.843311"></trkpt>
      <trkpt lat="48.42103" lon="28.833613"></trkpt>
      <trkpt lat="48.419256" lon="28.832971"></trkpt>
      <trkpt lat="48.417922" lon="28.832789"></trkpt>
      <trkpt lat="48.416521" lon="28.832853"></trkpt>
      <trkpt lat="48.411462" lon="28.834238"></trkpt>
      <trkpt lat="48.40928" lon="28.834439"></trkpt>
      <trkpt lat="48.407984" lon="28.834243"></trkpt>
      <trkpt lat="48.402846" lon="28.83268"></trkpt>
      <trkpt lat="48.401274" lon="28.832543"></trkpt>
      <trkpt lat="48.400404" lon="28.832683"></trkpt>
      <trkpt lat="48.39951" lon="28.832981"></trkpt>
      <trkpt lat="48.398146" lon="28.833822"></trkpt>
      <trkpt lat="48.396645" lon="28.835342"></trkpt>
      <trkpt lat="48.395419" lon="28.837376"></trkpt>
      <trkpt lat="48.387051" lon="28.857284"></trkpt>
      <trkpt lat="48.38598" lon="28.859273"></trkpt>
      <trkpt lat="48.384987" lon="28.860626"></trkpt>
      <trkpt lat="48.383897" lon="28.861749"></trkpt>
      <trkpt lat="48.382762" lon="28.862662"></trkpt>
      <trkpt lat="48.3695" lon="28.871635"></trkpt>
      <trkpt lat="48.367727" lon="28.873195"></trkpt>
      <trkpt lat="48.367048" lon="28.873977"></trkpt>
      <trkpt lat="48.348169" lon="28.900333"></trkpt>
      <trkpt lat="48.339025" lon="28.910804"></trkpt>
      <trkpt lat="48.336177" lon="28.914286"></trkpt>
      <trkpt lat="48.320869" lon="28.928768"></trkpt>
      <trkpt lat="48.294422" lon="28.953493"></trkpt>
      <trkpt lat="48.293357" lon="28.954299"></trkpt>
      <trkpt lat="48.292457" lon="28.954844"></trkpt>
      <trkpt lat="48.291505" lon="28.955233"></trkpt>
      <trkpt lat="48.29057" lon="28.955446"></trkpt>
      <trkpt lat="48.289126" lon="28.95551"></trkpt>
      <trkpt lat="48.288249" lon="28.955396"></trkpt>
      <trkpt lat="48.287317" lon="28.955127"></trkpt>
      <trkpt lat="48.286349" lon="28.954699"></trkpt>
      <trkpt lat="48.285304" lon="28.954069"></trkpt>
      <trkpt lat="48.284161" lon="28.953109"></trkpt>
      <trkpt lat="48.28345" lon="28.952319"></trkpt>
      <trkpt lat="48.270204" lon="28.935636"></trkpt>
      <trkpt lat="48.268677" lon="28.934355"></trkpt>
      <trkpt lat="48.267443" lon="28.933688"></trkpt>
      <trkpt lat="48.265869" lon="28.933255"></trkpt>
      <trkpt lat="48.264275" lon="28.933199"></trkpt>
      <trkpt lat="48.26304" lon="28.933428"></trkpt>
      <trkpt lat="48.262301" lon="28.933695"></trkpt>
      <trkpt lat="48.25403" lon="28.937322"></trkpt>
      <trkpt lat="48.252749" lon="28.938046"></trkpt>
      <trkpt lat="48.251999" lon="28.938708"></trkpt>
      <trkpt lat="48.250142" lon="28.940744"></trkpt>
      <trkpt lat="48.245728" lon="28.947318"></trkpt>
      <trkpt lat="48.244218" lon="28.948933"></trkpt>
      <trkpt lat="48.243227" lon="28.949689"></trkpt>
      <trkpt lat="48.241614" lon="28.950521"></trkpt>
      <trkpt lat="48.240066" lon="28.951022"></trkpt>
      <trkpt lat="48.238384" lon="28.951252"></trkpt>
      <trkpt lat="48.235816" lon="28.951303"></trkpt>
      <trkpt lat="48.234841" lon="28.951516"></trkpt>
      <trkpt lat="48.234082" lon="28.951835"></trkpt>
      <trkpt lat="48.232675" lon="28.952696"></trkpt>
      <trkpt lat="48.224475" lon="28.958772"></trkpt>
      <trkpt lat="48.223123" lon="28.960282"></trkpt>
      <trkpt lat="48.221852" lon="28.962323"></trkpt>
      <trkpt lat="48.208477" lon="28.98915"></trkpt>
      <trkpt lat="48.207699" lon="28.991528"></trkpt>
      <trkpt lat="48.207235" lon="28.994008"></trkpt>
      <trkpt lat="48.206978" lon="29.000054"></trkpt>
      <trkpt lat="48.206705" lon="29.002739"></trkpt>
      <trkpt lat="48.206081" lon="29.005396"></trkpt>
      <trkpt lat="48.205057" lon="29.007981"></trkpt>
      <trkpt lat="48.204438" lon="29.009099"></trkpt>
      <trkpt lat="48.20348" lon="29.010481"></trkpt>
      <trkpt lat="48.192073" lon="29.024795"></trkpt>
      <trkpt lat="48.190583" lon="29.026303"></trkpt>
      <trkpt lat="48.188765" lon="29.027799"></trkpt>
      <trkpt lat="48.187395" lon="29.028687"></trkpt>
      <trkpt lat="48.185522" lon="29.029631"></trkpt>
      <trkpt lat="48.184015" lon="29.030183"></trkpt>
      <trkpt lat="48.18048" lon="29.03102"></trkpt>
      <trkpt lat="48.177252" lon="29.031981"></trkpt>
      <trkpt lat="48.170203" lon="29.033279"></trkpt>
      <trkpt lat="48.169282" lon="29.033639"></trkpt>
      <trkpt lat="48.168467" lon="29.034104"></trkpt>
      <trkpt lat="48.167746" lon="29.034605"></trkpt>
      <trkpt lat="48.166645" lon="29.035608"></trkpt>
      <trkpt lat="48.165261" lon="29.037367"></trkpt>
      <trkpt lat="48.164139" lon="29.039472"></trkpt>
      <trkpt lat="48.161695" lon="29.046873"></trkpt>
      <trkpt lat="48.159666" lon="29.053844"></trkpt>
      <trkpt lat="48.158829" lon="29.055812"></trkpt>
      <trkpt lat="48.156866" lon="29.059668"></trkpt>
      <trkpt lat="48.155546" lon="29.061681"></trkpt>
      <trkpt lat="48.154193" lon="29.063425"></trkpt>
      <trkpt lat="48.133169" lon="29.088728"></trkpt>
      <trkpt lat="48.131631" lon="29.090775"></trkpt>
      <trkpt lat="48.128808" lon="29.095552"></trkpt>
      <trkpt lat="48.127451" lon="29.097204"></trkpt>
      <trkpt lat="48.12587" lon="29.098425"></trkpt>
      <trkpt lat="48.12498" lon="29.098856"></trkpt>
      <trkpt lat="48.123204" lon="29.099291"></trkpt>
      <trkpt lat="48.122298" lon="29.099291"></trkpt>
      <trkpt lat="48.121422" lon="29.099146"></trkpt>
      <trkpt lat="48.117906" lon="29.098084"></trkpt>
      <trkpt lat="48.116112" lon="29.098033"></trkpt>
      <trkpt lat="48.115211" lon="29.098215"></trkpt>
      <trkpt lat="48.113477" lon="29.098929"></trkpt>
      <trkpt lat="48.112646" lon="29.099468"></trkpt>
      <trkpt lat="48.107" lon="29.103566"></trkpt>
      <trkpt lat="48.105371" lon="29.10513"></trkpt>
      <trkpt lat="48.092703" lon="29.119214"></trkpt>
      <trkpt lat="48.091276" lon="29.121181"></trkpt>
      <trkpt lat="48.080348" lon="29.139115"></trkpt>
      <trkpt lat="48.079009" lon="29.141041"></trkpt>
      <trkpt lat="48.078265" lon="29.141841"></trkpt>
      <trkpt lat="48.076756" lon="29.143035"></trkpt>
      <trkpt lat="48.065512" lon="29.150706"></trkpt>
      <trkpt lat="48.05794" lon="29.156049"></trkpt>
      <trkpt lat="48.056411" lon="29.15746"></trkpt>
      <trkpt lat="48.035227" lon="29.178842"></trkpt>
      <trkpt lat="48.033989" lon="29.179763"></trkpt>
      <trkpt lat="48.027966" lon="29.182558"></trkpt>
      <trkpt lat="48.026331" lon="29.183652"></trkpt>
      <trkpt lat="48.025542" lon="29.184387"></trkpt>
      <trkpt lat="48.01694" lon="29.194161"></trkpt>
      <trkpt lat="48.015629" lon="29.195967"></trkpt>
      <trkpt lat="48.014967" lon="29.197157"></trkpt>
      <trkpt lat="48.011507" lon="29.206335"></trkpt>
      <trkpt lat="48.010717" lon="29.208737"></trkpt>
      <trkpt lat="48.007192" lon="29.221051"></trkpt>
      <trkpt lat="48.006332" lon="29.223408"></trkpt>
      <trkpt lat="47.999697" lon="29.236039"></trkpt>
      <trkpt lat="47.998397" lon="29.237906"></trkpt>
      <trkpt lat="47.972628" lon="29.270218"></trkpt>
      <trkpt lat="47.971437" lon="29.271385"></trkpt>
      <trkpt lat="47.969852" lon="29.27241"></trkpt>
      <trkpt lat="47.962239" lon="29.275195"></trkpt>
      <trkpt lat="47.96056" lon="29.276185"></trkpt>
      <trkpt lat="47.956795" lon="29.279398"></trkpt>
      <trkpt lat="47.956019" lon="29.280362"></trkpt>
      <trkpt lat="47.953679" lon="29.284062"></trkpt>
      <trkpt lat="47.952127" lon="29.285813"></trkpt>
      <trkpt lat="47.936802" lon="29.298914"></trkpt>
      <trkpt lat="47.929113" lon="29.304878"></trkpt>
      <trkpt lat="47.927199" lon="29.306523"></trkpt>
      <trkpt lat="47.924457" lon="29.308958"></trkpt>
      <trkpt lat="47.92161" lon="29.312328"></trkpt>
      <trkpt lat="47.920417" lon="29.313545"></trkpt>
      <trkpt lat="47.919688" lon="29.314078"></trkpt>
      <trkpt lat="47.918421" lon="29.314685"></trkpt>
      <trkpt lat="47.915379" lon="29.315255"></trkpt>
      <trkpt lat="47.914035" lon="29.315857"></trkpt>
      <trkpt lat="47.912814" lon="29.316797"></trkpt>
      <trkpt lat="47.911002" lon="29.318632"></trkpt>
      <trkpt lat="47.909778" lon="29.319648"></trkpt>
      <trkpt lat="47.906557" lon="29.321397"></trkpt>
      <trkpt lat="47.905311" lon="29.322358"></trkpt>
      <trkpt lat="47.902198" lon="29.325667"></trkpt>
      <trkpt lat="47.898307" lon="29.331238"></trkpt>
      <trkpt lat="47.897242" lon="29.332466"></trkpt>
      <trkpt lat="47.88791" lon="29.340548"></trkpt>
      <trkpt lat="47.887055" lon="29.341441"></trkpt>
      <trkpt lat="47.886192" lon="29.3426"></trkpt>
      <trkpt lat="47.885203" lon="29.344303"></trkpt>
      <trkpt lat="47.884422" lon="29.346266"></trkpt>
      <trkpt lat="47.884002" lon="29.347794"></trkpt>
      <trkpt lat="47.88367" lon="29.349521"></trkpt>
      <trkpt lat="47.883481" lon="29.351335"></trkpt>
      <trkpt lat="47.883454" lon="29.353186"></trkpt>
      <trkpt lat="47.883595" lon="29.354975"></trkpt>
      <trkpt lat="47.883916" lon="29.356838"></trkpt>
      <trkpt lat="47.884448" lon="29.358802"></trkpt>
      <trkpt lat="47.885114" lon="29.360506"></trkpt>
      <trkpt lat="47.887046" lon="29.364746"></trkpt>
      <trkpt lat="47.887733" lon="29.366975"></trkpt>
      <trkpt lat="47.8881" lon="29.369116"></trkpt>
      <trkpt lat="47.888214" lon="29.371227"></trkpt>
      <trkpt lat="47.887893" lon="29.37459"></trkpt>
      <trkpt lat="47.887304" lon="29.376868"></trkpt>
      <trkpt lat="47.881807" lon="29.393112"></trkpt>
      <trkpt lat="47.881076" lon="29.395551"></trkpt>
      <trkpt lat="47.864456" lon="29.451996"></trkpt>
      <trkpt lat="47.863853" lon="29.455097"></trkpt>
      <trkpt lat="47.863715" lon="29.457111"></trkpt>
      <trkpt lat="47.863793" lon="29.459764"></trkpt>
      <trkpt lat="47.864089" lon="29.461725"></trkpt>
      <trkpt lat="47.864567" lon="29.463604"></trkpt>
      <trkpt lat="47.865474" lon="29.465927"></trkpt>
      <trkpt lat="47.866016" lon="29.466982"></trkpt>
      <trkpt lat="47.869852" lon="29.473256"></trkpt>
      <trkpt lat="47.870951" lon="29.476125"></trkpt>
      <trkpt lat="47.871439" lon="29.478381"></trkpt>
      <trkpt lat="47.871587" lon="29.479936"></trkpt>
      <trkpt lat="47.871565" lon="29.482318"></trkpt>
      <trkpt lat="47.871349" lon="29.484094"></trkpt>
      <trkpt lat="47.870862" lon="29.486254"></trkpt>
      <trkpt lat="47.870257" lon="29.488037"></trkpt>
      <trkpt lat="47.86962" lon="29.489308"></trkpt>
      <trkpt lat="47.868657" lon="29.490615"></trkpt>
      <trkpt lat="47.859593" lon="29.501267"></trkpt>
      <trkpt lat="47.858003" lon="29.50328"></trkpt>
      <trkpt lat="47.852179" lon="29.511972"></trkpt>
      <trkpt lat="47.851775" lon="29.512724"></trkpt>
      <trkpt lat="47.851386" lon="29.513928"></trkpt>
      <trkpt lat="47.851177" lon="29.515722"></trkpt>
      <trkpt lat="47.851275" lon="29.517164"></trkpt>
      <trkpt lat="47.851597" lon="29.518425"></trkpt>
      <trkpt lat="47.85187" lon="29.51902"></trkpt>
      <trkpt lat="47.855285" lon="29.524128"></trkpt>
      <trkpt lat="47.857203" lon="29.526751"></trkpt>
      <trkpt lat="47.85788" lon="29.527432"></trkpt>
      <trkpt lat="47.859298" lon="29.528548"></trkpt>
      <trkpt lat="47.87222" lon="29.537377"></trkpt>
      <trkpt lat="47.874332" lon="29.5392"></trkpt>
      <trkpt lat="47.875491" lon="29.540803"></trkpt>
      <trkpt lat="47.876408" lon="29.542535"></trkpt>
      <trkpt lat="47.876791" lon="29.54349"></trkpt>
      <trkpt lat="47.879455" lon="29.552321"></trkpt>
      <trkpt lat="47.879927" lon="29.555165"></trkpt>
      <trkpt lat="47.880009" lon="29.557117"></trkpt>
      <trkpt lat="47.879892" lon="29.559363"></trkpt>
      <trkpt lat="47.879455" lon="29.561784"></trkpt>
      <trkpt lat="47.87157" lon="29.586453"></trkpt>
      <trkpt lat="47.871148" lon="29.588066"></trkpt>
      <trkpt lat="47.870771" lon="29.590649"></trkpt>
      <trkpt lat="47.870722" lon="29.593045"></trkpt>
      <trkpt lat="47.870861" lon="29.594777"></trkpt>
      <trkpt lat="47.874629" lon="29.615313"></trkpt>
      <trkpt lat="47.874863" lon="29.617642"></trkpt>
      <trkpt lat="47.87457" lon="29.623035"></trkpt>
      <trkpt lat="47.872431" lon="29.638574"></trkpt>
      <trkpt lat="47.872321" lon="29.640591"></trkpt>
      <trkpt lat="47.872498" lon="29.64238"></trkpt>
      <trkpt lat="47.872944" lon="29.64418"></trkpt>
      <trkpt lat="47.873766" lon="29.645982"></trkpt>
      <trkpt lat="47.874375" lon="29.64685"></trkpt>
      <trkpt lat="47.875114" lon="29.647628"></trkpt>
      <trkpt lat="47.875926" lon="29.64828"></trkpt>
      <trkpt lat="47.882285" lon="29.653089"></trkpt>
      <trkpt lat="47.882809" lon="29.653623"></trkpt>
      <trkpt lat="47.88365" lon="29.654815"></trkpt>
      <trkpt lat="47.884391" lon="29.656474"></trkpt>
      <trkpt lat="47.884847" lon="29.658341"></trkpt>
      <trkpt lat="47.884987" lon="29.659674"></trkpt>
      <trkpt lat="47.884929" lon="29.661675"></trkpt>
      <trkpt lat="47.879223" lon="29.695217"></trkpt>
      <trkpt lat="47.872769" lon="29.732204"></trkpt>
      <trkpt lat="47.872236" lon="29.734763"></trkpt>
      <trkpt lat="47.844669" lon="29.830573"></trkpt>
      <trkpt lat="47.844354" lon="29.83197"></trkpt>
      <trkpt lat="47.843986" lon="29.835058"></trkpt>
      <trkpt lat="47.843974" lon="29.836793"></trkpt>
      <trkpt lat="47.845278" lon="29.854268"></trkpt>
      <trkpt lat="47.845154" lon="29.856277"></trkpt>
      <trkpt lat="47.844767" lon="29.858584"></trkpt>
      <trkpt lat="47.844217" lon="29.860494"></trkpt>
      <trkpt lat="47.843351" lon="29.86257"></trkpt>
      <trkpt lat="47.833263" lon="29.881867"></trkpt>
      <trkpt lat="47.832565" lon="29.883659"></trkpt>
      <trkpt lat="47.831891" lon="29.886504"></trkpt>
      <trkpt lat="47.831729" lon="29.887933"></trkpt>
      <trkpt lat="47.831701" lon="29.890608"></trkpt>
      <trkpt lat="47.835381" lon="29.945336"></trkpt>
      <trkpt lat="47.835397" lon="29.947521"></trkpt>
      <trkpt lat="47.835228" lon="29.949473"></trkpt>
      <trkpt lat="47.834907" lon="29.95119"></trkpt>
      <trkpt lat="47.826727" lon="29.977414"></trkpt>
      <trkpt lat="47.824994" lon="29.982711"></trkpt>
      <trkpt lat="47.823216" lon="29.987564"></trkpt>
      <trkpt lat="47.806498" lon="30.013559"></trkpt>
      <trkpt lat="47.805501" lon="30.016478"></trkpt>
      <trkpt lat="47.805231" lon="30.019578"></trkpt>
      <trkpt lat="47.805385" lon="30.022103"></trkpt>
      <trkpt lat="47.805986" lon="30.024916"></trkpt>
      <trkpt lat="47.821388" lon="30.084079"></trkpt>
      <trkpt lat="47.822009" lon="30.085675"></trkpt>
      <trkpt lat="47.822729" lon="30.087002"></trkpt>
      <trkpt lat="47.823889" lon="30.088677"></trkpt>
      <trkpt lat="47.825098" lon="30.089899"></trkpt>
      <trkpt lat="47.856468" lon="30.109874"></trkpt>
      <trkpt lat="47.857196" lon="30.110496"></trkpt>
      <trkpt lat="47.85833" lon="30.112025"></trkpt>
      <trkpt lat="47.859147" lon="30.11394"></trkpt>
      <trkpt lat="47.859584" lon="30.11602"></trkpt>
      <trkpt lat="47.859663" lon="30.117616"></trkpt>
      <trkpt lat="47.859491" lon="30.119333"></trkpt>
      <trkpt lat="47.856514" lon="30.138365"></trkpt>
      <trkpt lat="47.856431" lon="30.141917"></trkpt>
      <trkpt lat="47.857291" lon="30.148295"></trkpt>
      <trkpt lat="47.861857" lon="30.178252"></trkpt>
      <trkpt lat="47.86203" lon="30.180321"></trkpt>
      <trkpt lat="47.861821" lon="30.183252"></trkpt>
      <trkpt lat="47.861306" lon="30.1855"></trkpt>
      <trkpt lat="47.860836" lon="30.186789"></trkpt>
      <trkpt lat="47.849153" lon="30.212151"></trkpt>
      <trkpt lat="47.848219" lon="30.215079"></trkpt>
      <trkpt lat="47.84779" lon="30.218005"></trkpt>
      <trkpt lat="47.847758" lon="30.220203"></trkpt>
      <trkpt lat="47.849469" lon="30.255253"></trkpt>
      <trkpt lat="47.849381" lon="30.256828"></trkpt>
      <trkpt lat="47.848851" lon="30.260391"></trkpt>
      <trkpt lat="47.84782" lon="30.264072"></trkpt>
      <trkpt lat="47.831006" lon="30.315463"></trkpt>
      <trkpt lat="47.83067" lon="30.317431"></trkpt>
      <trkpt lat="47.830524" lon="30.319461"></trkpt>
      <trkpt lat="47.830779" lon="30.323656"></trkpt>
      <trkpt lat="47.836937" lon="30.36822"></trkpt>
      <trkpt lat="47.837535" lon="30.371575"></trkpt>
      <trkpt lat="47.837954" lon="30.373023"></trkpt>
      <trkpt lat="47.838944" lon="30.375341"></trkpt>
      <trkpt lat="47.840129" lon="30.377167"></trkpt>
      <trkpt lat="47.854461" lon="30.397272"></trkpt>
      <trkpt lat="47.854942" lon="30.398101"></trkpt>
      <trkpt lat="47.855805" lon="30.400287"></trkpt>
      <trkpt lat="47.856321" lon="30.402706"></trkpt>
      <trkpt lat="47.856472" lon="30.405033"></trkpt>
      <trkpt lat="47.8563" lon="30.407252"></trkpt>
      <trkpt lat="47.84634" lon="30.469245"></trkpt>
      <trkpt lat="47.846086" lon="30.471419"></trkpt>
      <trkpt lat="47.845996" lon="30.473586"></trkpt>
      <trkpt lat="47.846189" lon="30.475532"></trkpt>
      <trkpt lat="47.865431" lon="30.561818"></trkpt>
      <trkpt lat="47.866666" lon="30.564654"></trkpt>
      <trkpt lat="47.886118" lon="30.603098"></trkpt>
      <trkpt lat="47.887296" lon="30.605738"></trkpt>
      <trkpt lat="47.888381" lon="30.609241"></trkpt>
      <trkpt lat="47.897169" lon="30.645448"></trkpt>
      <trkpt lat="47.910406" lon="30.681191"></trkpt>
      <trkpt lat="47.911135" lon="30.683508"></trkpt>
      <trkpt lat="47.911384" lon="30.684884"></trkpt>
      <trkpt lat="47.911526" lon="30.686716"></trkpt>
      <trkpt lat="47.911517" lon="30.688004"></trkpt>
      <trkpt lat="47.911318" lon="30.689934"></trkpt>
      <trkpt lat="47.905206" lon="30.72031"></trkpt>
      <trkpt lat="47.904972" lon="30.722349"></trkpt>
      <trkpt lat="47.904981" lon="30.724848"></trkpt>
      <trkpt lat="47.911995" lon="30.784079"></trkpt>
      <trkpt lat="47.917384" lon="30.828081"></trkpt>
      <trkpt lat="47.917671" lon="30.829876"></trkpt>
      <trkpt lat="47.918181" lon="30.831738"></trkpt>
      <trkpt lat="47.918774" lon="30.833185"></trkpt>
      <trkpt lat="47.919493" lon="30.834461"></trkpt>
      <trkpt lat="47.920766" lon="30.836038"></trkpt>
      <trkpt lat="47.940763" lon="30.856917"></trkpt>
      <trkpt lat="47.941854" lon="30.857936"></trkpt>
      <trkpt lat="47.943133" lon="30.858806"></trkpt>
      <trkpt lat="47.944204" lon="30.859299"></trkpt>
      <trkpt lat="47.945245" lon="30.859594"></trkpt>
      <trkpt lat="47.946494" lon="30.859717"></trkpt>
      <trkpt lat="47.947676" lon="30.859608"></trkpt>
      <trkpt lat="47.949048" lon="30.859218"></trkpt>
      <trkpt lat="47.95796" lon="30.856107"></trkpt>
      <trkpt lat="47.959508" lon="30.855404"></trkpt>
      <trkpt lat="47.960727" lon="30.854495"></trkpt>
      <trkpt lat="47.961505" lon="30.853635"></trkpt>
      <trkpt lat="47.962767" lon="30.851887"></trkpt>
      <trkpt lat="47.971434" lon="30.836804"></trkpt>
      <trkpt lat="47.98163" lon="30.818556"></trkpt>
      <trkpt lat="47.982882" lon="30.816663"></trkpt>
      <trkpt lat="47.983835" lon="30.815632"></trkpt>
      <trkpt lat="47.992472" lon="30.807978"></trkpt>
      <trkpt lat="47.993256" lon="30.807525"></trkpt>
      <trkpt lat="47.994205" lon="30.807214"></trkpt>
      <trkpt lat="47.995289" lon="30.80713"></trkpt>
      <trkpt lat="47.996384" lon="30.807354"></trkpt>
      <trkpt lat="47.997675" lon="30.808096"></trkpt>
      <trkpt lat="47.998854" lon="30.809314"></trkpt>
      <trkpt lat="48.002801" lon="30.815867"></trkpt>
      <trkpt lat="48.003353" lon="30.816656"></trkpt>
      <trkpt lat="48.004235" lon="30.817558"></trkpt>
      <trkpt lat="48.005283" lon="30.818242"></trkpt>
      <trkpt lat="48.006224" lon="30.818572"></trkpt>
      <trkpt lat="48.014464" lon="30.819532"></trkpt>
      <trkpt lat="48.015488" lon="30.819811"></trkpt>
      <trkpt lat="48.016617" lon="30.82039"></trkpt>
      <trkpt lat="48.017512" lon="30.821093"></trkpt>
      <trkpt lat="48.018382" lon="30.82209"></trkpt>
      <trkpt lat="48.026284" lon="30.833555"></trkpt>
      <trkpt lat="48.027714" lon="30.835184"></trkpt>
      <trkpt lat="48.028756" lon="30.835969"></trkpt>
      <trkpt lat="48.029825" lon="30.836501"></trkpt>
      <trkpt lat="48.037418" lon="30.83906"></trkpt>
      <trkpt lat="48.037934" lon="30.839318"></trkpt>
      <trkpt lat="48.038686" lon="30.839872"></trkpt>
      <trkpt lat="48.03918" lon="30.840412"></trkpt>
      <trkpt lat="48.039806" lon="30.84138"></trkpt>
      <trkpt lat="48.040298" lon="30.842423"></trkpt>
      <trkpt lat="48.040736" lon="30.844334"></trkpt>
      <trkpt lat="48.041911" lon="30.860772"></trkpt>
      <trkpt lat="48.042081" lon="30.861776"></trkpt>
      <trkpt lat="48.043392" lon="30.866404"></trkpt>
      <trkpt lat="48.04348" lon="30.867897"></trkpt>
      <trkpt lat="48.04309" lon="30.869676"></trkpt>
      <trkpt lat="48.042603" lon="30.870695"></trkpt>
      <trkpt lat="48.042235" lon="30.871193"></trkpt>
      <trkpt lat="48.041476" lon="30.87191"></trkpt>
      <trkpt lat="48.038963" lon="30.873554"></trkpt>
      <trkpt lat="48.03802" lon="30.874522"></trkpt>
      <trkpt lat="48.037033" lon="30.876226"></trkpt>
      <trkpt lat="48.036536" lon="30.87771"></trkpt>
      <trkpt lat="48.036333" lon="30.878716"></trkpt>
      <trkpt lat="48.036225" lon="30.881194"></trkpt>
      <trkpt lat="48.036474" lon="30.882916"></trkpt>
      <trkpt lat="48.036928" lon="30.884392"></trkpt>
      <trkpt lat="48.039053" lon="30.89005"></trkpt>
      <trkpt lat="48.039427" lon="30.891815"></trkpt>
      <trkpt lat="48.039556" lon="30.893944"></trkpt>
      <trkpt lat="48.039315" lon="30.89599"></trkpt>
      <trkpt lat="48.035535" lon="30.911504"></trkpt>
      <trkpt lat="48.035317" lon="30.913968"></trkpt>
      <trkpt lat="48.03539" lon="30.915457"></trkpt>
      <trkpt lat="48.036274" lon="30.922593"></trkpt>
      <trkpt lat="48.036655" lon="30.924478"></trkpt>
      <trkpt lat="48.037661" lon="30.926566"></trkpt>
      <trkpt lat="48.038801" lon="30.927751"></trkpt>
      <trkpt lat="48.039474" lon="30.928187"></trkpt>
      <trkpt lat="48.04068" lon="30.92858"></trkpt>
      <trkpt lat="48.04125" lon="30.928602"></trkpt>
      <trkpt lat="48.041884" lon="30.928444"></trkpt>
      <trkpt lat="48.042825" lon="30.928021"></trkpt>
      <trkpt lat="48.055238" lon="30.918703"></trkpt>
      <trkpt lat="48.056623" lon="30.917306"></trkpt>
      <trkpt lat="48.060252" lon="30.913201"></trkpt>
      <trkpt lat="48.06288" lon="30.91042"></trkpt>
      <trkpt lat="48.063916" lon="30.909841"></trkpt>
      <trkpt lat="48.076715" lon="30.905671"></trkpt>
      <trkpt lat="48.077577" lon="30.905133"></trkpt>
      <trkpt lat="48.078443" lon="30.904288"></trkpt>
      <trkpt lat="48.080836" lon="30.900876"></trkpt>
      <trkpt lat="48.081588" lon="30.900082"></trkpt>
      <trkpt lat="48.082162" lon="30.899668"></trkpt>
      <trkpt lat="48.083124" lon="30.899195"></trkpt>
      <trkpt lat="48.098905" lon="30.89551"></trkpt>
      <trkpt lat="48.102736" lon="30.894781"></trkpt>
      <trkpt lat="48.103444" lon="30.894736"></trkpt>
      <trkpt lat="48.111246" lon="30.892983"></trkpt>
      <trkpt lat="48.113405" lon="30.89322"></trkpt>
      <trkpt lat="48.115642" lon="30.89388"></trkpt>
      <trkpt lat="48.11663" lon="30.894454"></trkpt>
      <trkpt lat="48.117588" lon="30.895266"></trkpt>
      <trkpt lat="48.126788" lon="30.908772"></trkpt>
      <trkpt lat="48.127422" lon="30.910161"></trkpt>
      <trkpt lat="48.128086" lon="30.912538"></trkpt>
      <trkpt lat="48.128215" lon="30.914493"></trkpt>
      <trkpt lat="48.128022" lon="30.916866"></trkpt>
      <trkpt lat="48.12749" lon="30.918754"></trkpt>
      <trkpt lat="48.11542" lon="30.944583"></trkpt>
      <trkpt lat="48.11462" lon="30.947007"></trkpt>
      <trkpt lat="48.114331" lon="30.948913"></trkpt>
      <trkpt lat="48.112859" lon="30.969464"></trkpt>
      <trkpt lat="48.112963" lon="30.971382"></trkpt>
      <trkpt lat="48.113412" lon="30.973722"></trkpt>
      <trkpt lat="48.114254" lon="30.976105"></trkpt>
      <trkpt lat="48.115356" lon="30.977945"></trkpt>
      <trkpt lat="48.123716" lon="30.988129"></trkpt>
      <trkpt lat="48.124887" lon="30.990511"></trkpt>
      <trkpt lat="48.125355" lon="30.992024"></trkpt>
      <trkpt lat="48.125614" lon="30.993192"></trkpt>
      <trkpt lat="48.125848" lon="30.995574"></trkpt>
      <trkpt lat="48.12431" lon="31.033709"></trkpt>
      <trkpt lat="48.124246" lon="31.037408"></trkpt>
      <trkpt lat="48.124403" lon="31.045475"></trkpt>
      <trkpt lat="48.125618" lon="31.083561"></trkpt>
      <trkpt lat="48.125684" lon="31.089244"></trkpt>
      <trkpt lat="48.125354" lon="31.092918"></trkpt>
      <trkpt lat="48.125089" lon="31.094612"></trkpt>
      <trkpt lat="48.117517" lon="31.140335"></trkpt>
      <trkpt lat="48.117394" lon="31.142608"></trkpt>
      <trkpt lat="48.117588" lon="31.144961"></trkpt>
      <trkpt lat="48.123557" lon="31.171913"></trkpt>
      <trkpt lat="48.124249" lon="31.17394"></trkpt>
      <trkpt lat="48.164927" lon="31.253115"></trkpt>
      <trkpt lat="48.167051" lon="31.258228"></trkpt>
      <trkpt lat="48.16734" lon="31.259398"></trkpt>
      <trkpt lat="48.168321" lon="31.265246"></trkpt>
      <trkpt lat="48.177985" lon="31.324872"></trkpt>
      <trkpt lat="48.18255" lon="31.353924"></trkpt>
      <trkpt lat="48.184791" lon="31.367185"></trkpt>
      <trkpt lat="48.185333" lon="31.369334"></trkpt>
      <trkpt lat="48.186756" lon="31.372936"></trkpt>
      <trkpt lat="48.197043" lon="31.395662"></trkpt>
      <trkpt lat="48.19883" lon="31.399759"></trkpt>
      <trkpt lat="48.199547" lon="31.401747"></trkpt>
      <trkpt lat="48.200146" lon="31.404583"></trkpt>
      <trkpt lat="48.200312" lon="31.40782"></trkpt>
      <trkpt lat="48.199898" lon="31.413758"></trkpt>
      <trkpt lat="48.199569" lon="31.415671"></trkpt>
      <trkpt lat="48.199197" lon="31.416955"></trkpt>
      <trkpt lat="48.198759" lon="31.418068"></trkpt>
      <trkpt lat="48.197952" lon="31.419572"></trkpt>
      <trkpt lat="48.197344" lon="31.420401"></trkpt>
      <trkpt lat="48.196255" lon="31.421495"></trkpt>
      <trkpt lat="48.17607" lon="31.435795"></trkpt>
      <trkpt lat="48.173704" lon="31.437684"></trkpt>
      <trkpt lat="48.166641" lon="31.444727"></trkpt>
      <trkpt lat="48.165891" lon="31.445655"></trkpt>
      <trkpt lat="48.158386" lon="31.453099"></trkpt>
      <trkpt lat="48.154693" lon="31.45724"></trkpt>
      <trkpt lat="48.152772" lon="31.458827"></trkpt>
      <trkpt lat="48.151611" lon="31.459526"></trkpt>
      <trkpt lat="48.150408" lon="31.460018"></trkpt>
      <trkpt lat="48.137924" lon="31.463584"></trkpt>
      <trkpt lat="48.135404" lon="31.46465"></trkpt>
      <trkpt lat="48.133721" lon="31.465706"></trkpt>
      <trkpt lat="48.125444" lon="31.472462"></trkpt>
      <trkpt lat="48.120292" lon="31.47643"></trkpt>
      <trkpt lat="48.119111" lon="31.477204"></trkpt>
      <trkpt lat="48.11806" lon="31.477624"></trkpt>
      <trkpt lat="48.098353" lon="31.482707"></trkpt>
      <trkpt lat="48.09722" lon="31.482875"></trkpt>
      <trkpt lat="48.094746" lon="31.482771"></trkpt>
      <trkpt lat="48.092757" lon="31.482545"></trkpt>
      <trkpt lat="48.09098" lon="31.482227"></trkpt>
      <trkpt lat="48.089378" lon="31.481556"></trkpt>
      <trkpt lat="48.08658" lon="31.479797"></trkpt>
      <trkpt lat="48.085547" lon="31.478832"></trkpt>
      <trkpt lat="48.082313" lon="31.47505"></trkpt>
      <trkpt lat="48.081113" lon="31.473805"></trkpt>
      <trkpt lat="48.080312" lon="31.473186"></trkpt>
      <trkpt lat="48.078834" lon="31.472385"></trkpt>
      <trkpt lat="48.07741" lon="31.471996"></trkpt>
      <trkpt lat="48.056686" lon="31.468643"></trkpt>
      <trkpt lat="48.055243" lon="31.468207"></trkpt>
      <trkpt lat="48.053959" lon="31.467542"></trkpt>
      <trkpt lat="48.053242" lon="31.46702"></trkpt>
      <trkpt lat="48.045488" lon="31.46056"></trkpt>
      <trkpt lat="48.043361" lon="31.458649"></trkpt>
      <trkpt lat="48.037343" lon="31.452832"></trkpt>
      <trkpt lat="48.012008" lon="31.429075"></trkpt>
      <trkpt lat="48.010479" lon="31.427518"></trkpt>
      <trkpt lat="48.009673" lon="31.426503"></trkpt>
      <trkpt lat="48.008673" lon="31.424955"></trkpt>
      <trkpt lat="48.007542" lon="31.422739"></trkpt>
      <trkpt lat="48.007077" lon="31.42159"></trkpt>
      <trkpt lat="48.004813" lon="31.415669"></trkpt>
      <trkpt lat="47.962699" lon="31.309978"></trkpt>
      <trkpt lat="47.961297" lon="31.30727"></trkpt>
      <trkpt lat="47.959655" lon="31.305046"></trkpt>
      <trkpt lat="47.948439" lon="31.292761"></trkpt>
      <trkpt lat="47.947342" lon="31.291702"></trkpt>
      <trkpt lat="47.946452" lon="31.291154"></trkpt>
      <trkpt lat="47.936911" lon="31.286432"></trkpt>
      <trkpt lat="47.934992" lon="31.285213"></trkpt>
      <trkpt lat="47.93303" lon="31.283305"></trkpt>
      <trkpt lat="47.929869" lon="31.278042"></trkpt>
      <trkpt lat="47.928911" lon="31.277"></trkpt>
      <trkpt lat="47.928118" lon="31.276442"></trkpt>
      <trkpt lat="47.926892" lon="31.275931"></trkpt>
      <trkpt lat="47.916545" lon="31.272727"></trkpt>
      <trkpt lat="47.915067" lon="31.272478"></trkpt>
      <trkpt lat="47.913823" lon="31.27241"></trkpt>
      <trkpt lat="47.912059" lon="31.272562"></trkpt>
      <trkpt lat="47.910938" lon="31.272778"></trkpt>
      <trkpt lat="47.903281" lon="31.274707"></trkpt>
      <trkpt lat="47.878523" lon="31.281264"></trkpt>
      <trkpt lat="47.87651" lon="31.281576"></trkpt>
      <trkpt lat="47.873989" lon="31.281523"></trkpt>
      <trkpt lat="47.872208" lon="31.281163"></trkpt>
      <trkpt lat="47.87045" lon="31.280569"></trkpt>
      <trkpt lat="47.850125" lon="31.270382"></trkpt>
      <trkpt lat="47.84803" lon="31.26958"></trkpt>
      <trkpt lat="47.796106" lon="31.256745"></trkpt>
      <trkpt lat="47.79419" lon="31.256418"></trkpt>
      <trkpt lat="47.792316" lon="31.256622"></trkpt>
      <trkpt lat="47.790817" lon="31.257083"></trkpt>
      <trkpt lat="47.78374" lon="31.259697"></trkpt>
      <trkpt lat="47.782542" lon="31.260165"></trkpt>
      <trkpt lat="47.781437" lon="31.260832"></trkpt>
      <trkpt lat="47.780261" lon="31.261763"></trkpt>
      <trkpt lat="47.751073" lon="31.291211"></trkpt>
      <trkpt lat="47.748625" lon="31.293114"></trkpt>
      <trkpt lat="47.746323" lon="31.294099"></trkpt>
      <trkpt lat="47.712489" lon="31.302535"></trkpt>
      <trkpt lat="47.707753" lon="31.304035"></trkpt>
      <trkpt lat="47.706884" lon="31.30444"></trkpt>
      <trkpt lat="47.703232" lon="31.307061"></trkpt>
      <trkpt lat="47.699044" lon="31.310328"></trkpt>
      <trkpt lat="47.69778" lon="31.310951"></trkpt>
      <trkpt lat="47.680609" lon="31.315395"></trkpt>
      <trkpt lat="47.679472" lon="31.315452"></trkpt>
      <trkpt lat="47.678286" lon="31.315182"></trkpt>
      <trkpt lat="47.676111" lon="31.314183"></trkpt>
      <trkpt lat="47.67436" lon="31.313792"></trkpt>
      <trkpt lat="47.673358" lon="31.313828"></trkpt>
      <trkpt lat="47.670834" lon="31.314194"></trkpt>
      <trkpt lat="47.669161" lon="31.314181"></trkpt>
      <trkpt lat="47.668146" lon="31.313833"></trkpt>
      <trkpt lat="47.667567" lon="31.313484"></trkpt>
      <trkpt lat="47.666661" lon="31.312708"></trkpt>
      <trkpt lat="47.66428" lon="31.310019"></trkpt>
      <trkpt lat="47.663198" lon="31.309214"></trkpt>
      <trkpt lat="47.655456" lon="31.304714"></trkpt>
      <trkpt lat="47.649862" lon="31.301678"></trkpt>
      <trkpt lat="47.648034" lon="31.300871"></trkpt>
      <trkpt lat="47.645603" lon="31.300358"></trkpt>
      <trkpt lat="47.644256" lon="31.300333"></trkpt>
      <trkpt lat="47.642552" lon="31.300579"></trkpt>
      <trkpt lat="47.640996" lon="31.300942"></trkpt>
      <trkpt lat="47.621914" lon="31.303627"></trkpt>
      <trkpt lat="47.619842" lon="31.304512"></trkpt>
      <trkpt lat="47.617793" lon="31.30585"></trkpt>
      <trkpt lat="47.606366" lon="31.31276"></trkpt>
      <trkpt lat="47.603917" lon="31.314064"></trkpt>
      <trkpt lat="47.602286" lon="31.314604"></trkpt>
      <trkpt lat="47.600492" lon="31.314878"></trkpt>
      <trkpt lat="47.589238" lon="31.315086"></trkpt>
      <trkpt lat="47.588081" lon="31.315317"></trkpt>
      <trkpt lat="47.586436" lon="31.315998"></trkpt>
      <trkpt lat="47.572816" lon="31.323971"></trkpt>
      <trkpt lat="47.570298" lon="31.324904"></trkpt>
      <trkpt lat="47.569326" lon="31.325061"></trkpt>
      <trkpt lat="47.568008" lon="31.325092"></trkpt>
      <trkpt lat="47.556325" lon="31.324655"></trkpt>
      <trkpt lat="47.555506" lon="31.324811"></trkpt>
      <trkpt lat="47.554757" lon="31.325171"></trkpt>
      <trkpt lat="47.553794" lon="31.325893"></trkpt>
      <trkpt lat="47.552955" lon="31.326831"></trkpt>
      <trkpt lat="47.552104" lon="31.328246"></trkpt>
      <trkpt lat="47.543679" lon="31.35149"></trkpt>
      <trkpt lat="47.542736" lon="31.353203"></trkpt>
      <trkpt lat="47.541903" lon="31.354283"></trkpt>
      <trkpt lat="47.540631" lon="31.355347"></trkpt>
      <trkpt lat="47.539343" lon="31.355956"></trkpt>
      <trkpt lat="47.532332" lon="31.356945"></trkpt>
      <trkpt lat="47.530976" lon="31.357736"></trkpt>
      <trkpt lat="47.530289" lon="31.358357"></trkpt>
      <trkpt lat="47.529395" lon="31.359623"></trkpt>
      <trkpt lat="47.528898" lon="31.360672"></trkpt>
      <trkpt lat="47.528054" lon="31.363247"></trkpt>
      <trkpt lat="47.527208" lon="31.365087"></trkpt>
      <trkpt lat="47.525287" lon="31.367579"></trkpt>
      <trkpt lat="47.522446" lon="31.372068"></trkpt>
      <trkpt lat="47.521502" lon="31.373217"></trkpt>
      <trkpt lat="47.519102" lon="31.37573"></trkpt>
      <trkpt lat="47.514906" lon="31.37943"></trkpt>
      <trkpt lat="47.503533" lon="31.388573"></trkpt>
      <trkpt lat="47.499832" lon="31.392021"></trkpt>
      <trkpt lat="47.498963" lon="31.392579"></trkpt>
      <trkpt lat="47.497727" lon="31.392965"></trkpt>
      <trkpt lat="47.496739" lon="31.392968"></trkpt>
      <trkpt lat="47.495282" lon="31.392506"></trkpt>
      <trkpt lat="47.49451" lon="31.392029"></trkpt>
      <trkpt lat="47.493384" lon="31.390828"></trkpt>
      <trkpt lat="47.492773" lon="31.389845"></trkpt>
      <trkpt lat="47.492111" lon="31.388307"></trkpt>
      <trkpt lat="47.491591" lon="31.386258"></trkpt>
      <trkpt lat="47.490716" lon="31.381263"></trkpt>
      <trkpt lat="47.490516" lon="31.378839"></trkpt>
      <trkpt lat="47.49063" lon="31.377259"></trkpt>
      <trkpt lat="47.490921" lon="31.3758"></trkpt>
      <trkpt lat="47.496522" lon="31.356446"></trkpt>
      <trkpt lat="47.497154" lon="31.353918"></trkpt>
      <trkpt lat="47.497326" lon="31.35266"></trkpt>
      <trkpt lat="47.497426" lon="31.34999"></trkpt>
      <trkpt lat="47.497186" lon="31.347395"></trkpt>
      <trkpt lat="47.496842" lon="31.345744"></trkpt>
      <trkpt lat="47.496106" lon="31.343515"></trkpt>
      <trkpt lat="47.49546" lon="31.342136"></trkpt>
      <trkpt lat="47.494446" lon="31.340548"></trkpt>
      <trkpt lat="47.484265" lon="31.327525"></trkpt>
      <trkpt lat="47.483545" lon="31.326471"></trkpt>
      <trkpt lat="47.483061" lon="31.32535"></trkpt>
      <trkpt lat="47.482648" lon="31.323762"></trkpt>
      <trkpt lat="47.482521" lon="31.321989"></trkpt>
      <trkpt lat="47.482655" lon="31.320305"></trkpt>
      <trkpt lat="47.483473" lon="31.31454"></trkpt>
      <trkpt lat="47.483524" lon="31.312999"></trkpt>
      <trkpt lat="47.483417" lon="31.311711"></trkpt>
      <trkpt lat="47.482787" lon="31.309204"></trkpt>
      <trkpt lat="47.479728" lon="31.300302"></trkpt>
      <trkpt lat="47.478723" lon="31.297661"></trkpt>
      <trkpt lat="47.477232" lon="31.294847"></trkpt>
      <trkpt lat="47.467018" lon="31.276602"></trkpt>
      <trkpt lat="47.465439" lon="31.274382"></trkpt>
      <trkpt lat="47.464277" lon="31.273203"></trkpt>
      <trkpt lat="47.462597" lon="31.271767"></trkpt>
      <trkpt lat="47.452605" lon="31.263757"></trkpt>
      <trkpt lat="47.450804" lon="31.262187"></trkpt>
      <trkpt lat="47.449016" lon="31.260975"></trkpt>
      <trkpt lat="47.447041" lon="31.260137"></trkpt>
      <trkpt lat="47.440443" lon="31.25765"></trkpt>
      <trkpt lat="47.431701" lon="31.255496"></trkpt>
      <trkpt lat="47.43003" lon="31.255368"></trkpt>
      <trkpt lat="47.426999" lon="31.255753"></trkpt>
      <trkpt lat="47.425919" lon="31.255761"></trkpt>
      <trkpt lat="47.425068" lon="31.255616"></trkpt>
      <trkpt lat="47.42078" lon="31.254302"></trkpt>
      <trkpt lat="47.412507" lon="31.253131"></trkpt>
      <trkpt lat="47.411241" lon="31.253125"></trkpt>
      <trkpt lat="47.409003" lon="31.253539"></trkpt>
      <trkpt lat="47.40787" lon="31.253882"></trkpt>
      <trkpt lat="47.406427" lon="31.254549"></trkpt>
      <trkpt lat="47.404796" lon="31.255651"></trkpt>
      <trkpt lat="47.398267" lon="31.261162"></trkpt>
      <trkpt lat="47.39735" lon="31.261725"></trkpt>
      <trkpt lat="47.396569" lon="31.262047"></trkpt>
      <trkpt lat="47.391647" lon="31.262905"></trkpt>
      <trkpt lat="47.384568" lon="31.265559"></trkpt>
      <trkpt lat="47.382541" lon="31.266052"></trkpt>
      <trkpt lat="47.37024" lon="31.266834"></trkpt>
      <trkpt lat="47.369167" lon="31.26681"></trkpt>
      <trkpt lat="47.367658" lon="31.266348"></trkpt>
      <trkpt lat="47.366322" lon="31.265368"></trkpt>
      <trkpt lat="47.365565" lon="31.264496"></trkpt>
      <trkpt lat="47.364962" lon="31.26353"></trkpt>
      <trkpt lat="47.360163" lon="31.254191"></trkpt>
      <trkpt lat="47.359558" lon="31.252405"></trkpt>
      <trkpt lat="47.359258" lon="31.250626"></trkpt>
      <trkpt lat="47.359256" lon="31.245546"></trkpt>
      <trkpt lat="47.359507" lon="31.242306"></trkpt>
      <trkpt lat="47.362212" lon="31.227277"></trkpt>
      <trkpt lat="47.363423" lon="31.221166"></trkpt>
      <trkpt lat="47.363742" lon="31.218967"></trkpt>
      <trkpt lat="47.363733" lon="31.216989"></trkpt>
      <trkpt lat="47.363528" lon="31.215706"></trkpt>
      <trkpt lat="47.362899" lon="31.213755"></trkpt>
      <trkpt lat="47.362304" lon="31.212614"></trkpt>
      <trkpt lat="47.361802" lon="31.211902"></trkpt>
      <trkpt lat="47.360884" lon="31.210961"></trkpt>
      <trkpt lat="47.359226" lon="31.209744"></trkpt>
      <trkpt lat="47.357918" lon="31.208955"></trkpt>
      <trkpt lat="47.357145" lon="31.208706"></trkpt>
      <trkpt lat="47.356129" lon="31.208637"></trkpt>
      <trkpt lat="47.354831" lon="31.208962"></trkpt>
      <trkpt lat="47.354231" lon="31.20926"></trkpt>
      <trkpt lat="47.352999" lon="31.210263"></trkpt>
      <trkpt lat="47.351823" lon="31.211943"></trkpt>
      <trkpt lat="47.351256" lon="31.213389"></trkpt>
      <trkpt lat="47.350342" lon="31.216916"></trkpt>
      <trkpt lat="47.349616" lon="31.218542"></trkpt>
      <trkpt lat="47.349105" lon="31.219344"></trkpt>
      <trkpt lat="47.348107" lon="31.220416"></trkpt>
      <trkpt lat="47.347319" lon="31.220997"></trkpt>
      <trkpt lat="47.346246" lon="31.221467"></trkpt>
      <trkpt lat="47.34566" lon="31.221571"></trkpt>
      <trkpt lat="47.344386" lon="31.22155"></trkpt>
      <trkpt lat="47.343158" lon="31.221108"></trkpt>
      <trkpt lat="47.342407" lon="31.220597"></trkpt>
      <trkpt lat="47.340495" lon="31.21868"></trkpt>
      <trkpt lat="47.339132" lon="31.21666"></trkpt>
      <trkpt lat="47.337975" lon="31.214009"></trkpt>
      <trkpt lat="47.337577" lon="31.212674"></trkpt>
      <trkpt lat="47.337166" lon="31.210576"></trkpt>
      <trkpt lat="47.337047" lon="31.209324"></trkpt>
      <trkpt lat="47.337041" lon="31.206179"></trkpt>
      <trkpt lat="47.338105" lon="31.196962"></trkpt>
      <trkpt lat="47.338128" lon="31.195752"></trkpt>
      <trkpt lat="47.33796" lon="31.19403"></trkpt>
      <trkpt lat="47.337547" lon="31.192328"></trkpt>
      <trkpt lat="47.33721" lon="31.191422"></trkpt>
      <trkpt lat="47.336357" lon="31.189907"></trkpt>
      <trkpt lat="47.335551" lon="31.188981"></trkpt>
      <trkpt lat="47.325789" lon="31.181262"></trkpt>
      <trkpt lat="47.324499" lon="31.179958"></trkpt>
      <trkpt lat="47.323014" lon="31.177598"></trkpt>
      <trkpt lat="47.322126" lon="31.175794"></trkpt>
      <trkpt lat="47.321601" lon="31.173931"></trkpt>
      <trkpt lat="47.321395" lon="31.171911"></trkpt>
      <trkpt lat="47.321445" lon="31.170463"></trkpt>
      <trkpt lat="47.321914" lon="31.167968"></trkpt>
      <trkpt lat="47.322158" lon="31.167011"></trkpt>
      <trkpt lat="47.322833" lon="31.16541"></trkpt>
      <trkpt lat="47.329043" lon="31.156498"></trkpt>
      <trkpt lat="47.33012" lon="31.154433"></trkpt>
      <trkpt lat="47.330503" lon="31.153456"></trkpt>
      <trkpt lat="47.331109" lon="31.151311"></trkpt>
      <trkpt lat="47.331407" lon="31.149675"></trkpt>
      <trkpt lat="47.331818" lon="31.143841"></trkpt>
      <trkpt lat="47.332226" lon="31.140787"></trkpt>
      <trkpt lat="47.336391" lon="31.122411"></trkpt>
      <trkpt lat="47.336786" lon="31.11865"></trkpt>
      <trkpt lat="47.336808" lon="31.116659"></trkpt>
      <trkpt lat="47.33666" lon="31.114287"></trkpt>
      <trkpt lat="47.33634" lon="31.112177"></trkpt>
      <trkpt lat="47.335215" lon="31.107524"></trkpt>
      <trkpt lat="47.317803" lon="31.043175"></trkpt>
      <trkpt lat="47.315837" lon="31.037881"></trkpt>
      <trkpt lat="47.313082" lon="31.027741"></trkpt>
      <trkpt lat="47.311641" lon="31.023764"></trkpt>
      <trkpt lat="47.311273" lon="31.023145"></trkpt>
      <trkpt lat="47.309466" lon="31.021524"></trkpt>
      <trkpt lat="47.309958" lon="31.022234"></trkpt>
      <trkpt lat="47.310142" lon="31.022704"></trkpt>
      <trkpt lat="47.310711" lon="31.025938"></trkpt>
      <trkpt lat="47.31084" lon="31.027692"></trkpt>
      <trkpt lat="47.310707" lon="31.030562"></trkpt>
      <trkpt lat="47.309667" lon="31.047455"></trkpt>
      <trkpt lat="47.309336" lon="31.049863"></trkpt>
      <trkpt lat="47.307716" lon="31.058382"></trkpt>
      <trkpt lat="47.307508" lon="31.060257"></trkpt>
      <trkpt lat="47.306828" lon="31.091413"></trkpt>
      <trkpt lat="47.306611" lon="31.094034"></trkpt>
      <trkpt lat="47.303009" lon="31.126218"></trkpt>
      <trkpt lat="47.301888" lon="31.158281"></trkpt>
      <trkpt lat="47.301293" lon="31.162228"></trkpt>
      <trkpt lat="47.296333" lon="31.186189"></trkpt>
      <trkpt lat="47.292787" lon="31.20401"></trkpt>
      <trkpt lat="47.289689" lon="31.234048"></trkpt>
      <trkpt lat="47.289528" lon="31.236707"></trkpt>
      <trkpt lat="47.289531" lon="31.23933"></trkpt>
      <trkpt lat="47.289682" lon="31.242116"></trkpt>
      <trkpt lat="47.295157" lon="31.336913"></trkpt>
      <trkpt lat="47.298616" lon="31.394978"></trkpt>
      <trkpt lat="47.301852" lon="31.446776"></trkpt>
      <trkpt lat="47.301839" lon="31.449918"></trkpt>
      <trkpt lat="47.296238" lon="31.49434"></trkpt>
      <trkpt lat="47.295822" lon="31.497316"></trkpt>
      <trkpt lat="47.295393" lon="31.499471"></trkpt>
      <trkpt lat="47.294749" lon="31.501966"></trkpt>
      <trkpt lat="47.282164" lon="31.544452"></trkpt>
      <trkpt lat="47.27677" lon="31.562573"></trkpt>
      <trkpt lat="47.27583" lon="31.565298"></trkpt>
      <trkpt lat="47.274905" lon="31.567057"></trkpt>
      <trkpt lat="47.24969" lon="31.60902"></trkpt>
      <trkpt lat="47.209154" lon="31.676213"></trkpt>
      <trkpt lat="47.194765" lon="31.705025"></trkpt>
      <trkpt lat="47.18922" lon="31.714498"></trkpt>
      <trkpt lat="47.175172" lon="31.73797"></trkpt>
      <trkpt lat="47.173876" lon="31.740704"></trkpt>
      <trkpt lat="47.1691" lon="31.753224"></trkpt>
      <trkpt lat="47.167826" lon="31.75578"></trkpt>
      <trkpt lat="47.161676" lon="31.76469"></trkpt>
      <trkpt lat="47.15615" lon="31.770241"></trkpt>
      <trkpt lat="47.147846" lon="31.781006"></trkpt>
      <trkpt lat="47.141094" lon="31.788737"></trkpt>
      <trkpt lat="47.140393" lon="31.789804"></trkpt>
      <trkpt lat="47.138211" lon="31.793748"></trkpt>
      <trkpt lat="47.137334" lon="31.796376"></trkpt>
      <trkpt lat="47.136957" lon="31.798883"></trkpt>
      <trkpt lat="47.137073" lon="31.801535"></trkpt>
      <trkpt lat="47.137638" lon="31.803635"></trkpt>
      <trkpt lat="47.138482" lon="31.805291"></trkpt>
      <trkpt lat="47.139666" lon="31.806678"></trkpt>
      <trkpt lat="47.146213" lon="31.811071"></trkpt>
      <trkpt lat="47.147205" lon="31.811922"></trkpt>
      <trkpt lat="47.147968" lon="31.812809"></trkpt>
      <trkpt lat="47.150058" lon="31.816208"></trkpt>
      <trkpt lat="47.15077" lon="31.817785"></trkpt>
      <trkpt lat="47.151277" lon="31.820218"></trkpt>
      <trkpt lat="47.151361" lon="31.822227"></trkpt>
      <trkpt lat="47.151283" lon="31.823815"></trkpt>
      <trkpt lat="47.150843" lon="31.826966"></trkpt>
      <trkpt lat="47.144915" lon="31.848218"></trkpt>
      <trkpt lat="47.144058" lon="31.850594"></trkpt>
      <trkpt lat="47.143288" lon="31.851867"></trkpt>
      <trkpt lat="47.142577" lon="31.852683"></trkpt>
      <trkpt lat="47.141792" lon="31.853311"></trkpt>
      <trkpt lat="47.139589" lon="31.85451"></trkpt>
      <trkpt lat="47.138965" lon="31.854968"></trkpt>
      <trkpt lat="47.133501" lon="31.859616"></trkpt>
      <trkpt lat="47.132542" lon="31.860628"></trkpt>
      <trkpt lat="47.132006" lon="31.861441"></trkpt>
      <trkpt lat="47.131476" lon="31.862513"></trkpt>
      <trkpt lat="47.131049" lon="31.863777"></trkpt>
      <trkpt lat="47.129891" lon="31.870705"></trkpt>
      <trkpt lat="47.129436" lon="31.872255"></trkpt>
      <trkpt lat="47.128973" lon="31.873379"></trkpt>
      <trkpt lat="47.111709" lon="31.902851"></trkpt>
      <trkpt lat="47.110964" lon="31.904531"></trkpt>
      <trkpt lat="47.109445" lon="31.910184"></trkpt>
      <trkpt lat="47.108858" lon="31.911777"></trkpt>
      <trkpt lat="47.105154" lon="31.91932"></trkpt>
      <trkpt lat="47.104163" lon="31.92096"></trkpt>
      <trkpt lat="47.103446" lon="31.921851"></trkpt>
      <trkpt lat="47.102469" lon="31.922772"></trkpt>
      <trkpt lat="47.095005" lon="31.928319"></trkpt>
      <trkpt lat="47.093699" lon="31.929482"></trkpt>
      <trkpt lat="47.092367" lon="31.931236"></trkpt>
      <trkpt lat="47.087159" lon="31.939499"></trkpt>
      <trkpt lat="47.086218" lon="31.940622"></trkpt>
      <trkpt lat="47.085014" lon="31.941695"></trkpt>
      <trkpt lat="47.083769" lon="31.942468"></trkpt>
      <trkpt lat="47.082421" lon="31.942985"></trkpt>
      <trkpt lat="47.078712" lon="31.943428"></trkpt>
      <trkpt lat="47.077684" lon="31.943815"></trkpt>
      <trkpt lat="47.076822" lon="31.944391"></trkpt>
      <trkpt lat="47.070248" lon="31.950002"></trkpt>
      <trkpt lat="47.069435" lon="31.95055"></trkpt>
      <trkpt lat="47.068215" lon="31.951126"></trkpt>
      <trkpt lat="47.058044" lon="31.955175"></trkpt>
      <trkpt lat="47.056771" lon="31.95605"></trkpt>
      <trkpt lat="47.055341" lon="31.957645"></trkpt>
      <trkpt lat="47.054411" lon="31.959201"></trkpt>
      <trkpt lat="47.053354" lon="31.961751"></trkpt>
      <trkpt lat="47.052258" lon="31.965545"></trkpt>
      <trkpt lat="47.051637" lon="31.966933"></trkpt>
      <trkpt lat="47.050777" lon="31.968214"></trkpt>
      <trkpt lat="47.048858" lon="31.970057"></trkpt>
      <trkpt lat="47.047943" lon="31.971123"></trkpt>
      <trkpt lat="47.0474" lon="31.971938"></trkpt>
      <trkpt lat="47.046683" lon="31.973448"></trkpt>
      <trkpt lat="47.046197" lon="31.974938"></trkpt>
      <trkpt lat="47.0453" lon="31.978586"></trkpt>
      <trkpt lat="47.044954" lon="31.980475"></trkpt>
      <trkpt lat="47.044516" lon="31.984586"></trkpt>
      <trkpt lat="47.044244" lon="31.985844"></trkpt>
      <trkpt lat="47.043809" lon="31.987083"></trkpt>
      <trkpt lat="47.042685" lon="31.989036"></trkpt>
      <trkpt lat="47.040383" lon="31.991376"></trkpt>
      <trkpt lat="47.039601" lon="31.992481"></trkpt>
      <trkpt lat="47.039065" lon="31.993549"></trkpt>
      <trkpt lat="47.038593" lon="31.99499"></trkpt>
      <trkpt lat="47.03828" lon="31.996859"></trkpt>
      <trkpt lat="47.038095" lon="32.004292"></trkpt>
      <trkpt lat="47.037777" lon="32.006398"></trkpt>
      <trkpt lat="47.03672" lon="32.009487"></trkpt>
      <trkpt lat="47.033907" lon="32.015268"></trkpt>
      <trkpt lat="47.032859" lon="32.016652"></trkpt>
      <trkpt lat="47.031932" lon="32.017384"></trkpt>
      <trkpt lat="47.021684" lon="32.023167"></trkpt>
      <trkpt lat="47.02032" lon="32.023669"></trkpt>
      <trkpt lat="47.019488" lon="32.023797"></trkpt>
      <trkpt lat="47.014902" lon="32.02378"></trkpt>
      <trkpt lat="47.014062" lon="32.024001"></trkpt>
      <trkpt lat="47.013007" lon="32.024559"></trkpt>
      <trkpt lat="47.012066" lon="32.025377"></trkpt>
      <trkpt lat="47.011383" lon="32.026246"></trkpt>
      <trkpt lat="47.007927" lon="32.031965"></trkpt>
      <trkpt lat="47.00687" lon="32.033292"></trkpt>
      <trkpt lat="47.005538" lon="32.034291"></trkpt>
      <trkpt lat="47.001229" lon="32.036422"></trkpt>
      <trkpt lat="46.999956" lon="32.037456"></trkpt>
      <trkpt lat="46.999032" lon="32.038562"></trkpt>
      <trkpt lat="46.998089" lon="32.040168"></trkpt>
      <trkpt lat="46.99755" lon="32.041489"></trkpt>
      <trkpt lat="46.995228" lon="32.050992"></trkpt>
      <trkpt lat="46.994879" lon="32.051993"></trkpt>
      <trkpt lat="46.994346" lon="32.052917"></trkpt>
      <trkpt lat="46.99352" lon="32.053773"></trkpt>
      <trkpt lat="46.992764" lon="32.054215"></trkpt>
      <trkpt lat="46.991883" lon="32.054422"></trkpt>
      <trkpt lat="46.989895" lon="32.054282"></trkpt>
      <trkpt lat="46.988945" lon="32.054401"></trkpt>
      <trkpt lat="46.987853" lon="32.054846"></trkpt>
      <trkpt lat="46.986838" lon="32.055659"></trkpt>
      <trkpt lat="46.986204" lon="32.056452"></trkpt>
      <trkpt lat="46.984995" lon="32.058383"></trkpt>
      <trkpt lat="46.980392" lon="32.066917"></trkpt>
      <trkpt lat="46.979758" lon="32.069042"></trkpt>
      <trkpt lat="46.979583" lon="32.070315"></trkpt>
      <trkpt lat="46.97955" lon="32.0716"></trkpt>
      <trkpt lat="46.979747" lon="32.07354"></trkpt>
      <trkpt lat="46.98077" lon="32.079563"></trkpt>
      <trkpt lat="46.980834" lon="32.080974"></trkpt>
      <trkpt lat="46.980673" lon="32.083482"></trkpt>
      <trkpt lat="46.980232" lon="32.086601"></trkpt>
      <trkpt lat="46.979802" lon="32.088221"></trkpt>
      <trkpt lat="46.978987" lon="32.089891"></trkpt>
      <trkpt lat="46.978239" lon="32.090845"></trkpt>
      <trkpt lat="46.97761" lon="32.091421"></trkpt>
      <trkpt lat="46.9765" lon="32.092072"></trkpt>
      <trkpt lat="46.974405" lon="32.092872"></trkpt>
      <trkpt lat="46.972262" lon="32.09347"></trkpt>
      <trkpt lat="46.971193" lon="32.0936"></trkpt>
      <trkpt lat="46.967175" lon="32.093237"></trkpt>
      <trkpt lat="46.966074" lon="32.093036"></trkpt>
      <trkpt lat="46.964617" lon="32.092461"></trkpt>
      <trkpt lat="46.963425" lon="32.091657"></trkpt>
      <trkpt lat="46.962157" lon="32.090406"></trkpt>
      <trkpt lat="46.958725" lon="32.086223"></trkpt>
      <trkpt lat="46.957919" lon="32.084789"></trkpt>
      <trkpt lat="46.954052" lon="32.076481"></trkpt>
      <trkpt lat="46.952883" lon="32.074689"></trkpt>
      <trkpt lat="46.951533" lon="32.073539"></trkpt>
      <trkpt lat="46.945948" lon="32.070556"></trkpt>
      <trkpt lat="46.944648" lon="32.069612"></trkpt>
      <trkpt lat="46.933101" lon="32.057425"></trkpt>
      <trkpt lat="46.931792" lon="32.056279"></trkpt>
      <trkpt lat="46.931077" lon="32.055867"></trkpt>
      <trkpt lat="46.930397" lon="32.055681"></trkpt>
      <trkpt lat="46.929626" lon="32.055654"></trkpt>
      <trkpt lat="46.929024" lon="32.055757"></trkpt>
      <trkpt lat="46.928058" lon="32.056175"></trkpt>
      <trkpt lat="46.919025" lon="32.06268"></trkpt>
      <trkpt lat="46.918182" lon="32.063624"></trkpt>
      <trkpt lat="46.91759" lon="32.064515"></trkpt>
      <trkpt lat="46.811789" lon="32.302726"></trkpt>
      <trkpt lat="46.801377" lon="32.325854"></trkpt>
      <trkpt lat="46.773705" lon="32.403879"></trkpt>
      <trkpt lat="46.754796" lon="32.446845"></trkpt>
      <trkpt lat="46.750817" lon="32.455608"></trkpt>
      <trkpt lat="46.708419" lon="32.5513"></trkpt>
      <trkpt lat="46.707574" lon="32.552837"></trkpt>
      <trkpt lat="46.705835" lon="32.554848"></trkpt>
      <trkpt lat="46.705048" lon="32.555488"></trkpt>
      <trkpt lat="46.702214" lon="32.557394"></trkpt>
      <trkpt lat="46.701086" lon="32.558574"></trkpt>
      <trkpt lat="46.70028" lon="32.560039"></trkpt>
      <trkpt lat="46.699238" lon="32.563703"></trkpt>
      <trkpt lat="46.698546" lon="32.565363"></trkpt>
      <trkpt lat="46.697563" lon="32.566768"></trkpt>
      <trkpt lat="46.696452" lon="32.567753"></trkpt>
      <trkpt lat="46.695568" lon="32.568234"></trkpt>
      <trkpt lat="46.692589" lon="32.569287"></trkpt>
      <trkpt lat="46.691559" lon="32.569469"></trkpt>
      <trkpt lat="46.690594" lon="32.569403"></trkpt>
      <trkpt lat="46.689752" lon="32.569145"></trkpt>
      <trkpt lat="46.688575" lon="32.568421"></trkpt>
      <trkpt lat="46.687776" lon="32.567673"></trkpt>
      <trkpt lat="46.686346" lon="32.566015"></trkpt>
      <trkpt lat="46.685039" lon="32.565128"></trkpt>
      <trkpt lat="46.684145" lon="32.564807"></trkpt>
      <trkpt lat="46.683184" lon="32.564722"></trkpt>
      <trkpt lat="46.682046" lon="32.564899"></trkpt>
      <trkpt lat="46.681225" lon="32.565257"></trkpt>
      <trkpt lat="46.679963" lon="32.566229"></trkpt>
      <trkpt lat="46.679531" lon="32.566691"></trkpt>
      <trkpt lat="46.678812" lon="32.567773"></trkpt>
      <trkpt lat="46.673703" lon="32.57911"></trkpt>
      <trkpt lat="46.673068" lon="32.580174"></trkpt>
      <trkpt lat="46.672271" lon="32.581124"></trkpt>
      <trkpt lat="46.670785" lon="32.582173"></trkpt>
      <trkpt lat="46.657656" lon="32.587804"></trkpt>
      <trkpt lat="46.656897" lon="32.588202"></trkpt>
      <trkpt lat="46.655959" lon="32.588997"></trkpt>
      <trkpt lat="46.655049" lon="32.590279"></trkpt>
      <trkpt lat="46.654436" lon="32.591864"></trkpt>
      <trkpt lat="46.654144" lon="32.593264"></trkpt>
      <trkpt lat="46.654078" lon="32.594976"></trkpt>
      <trkpt lat="46.654441" lon="32.597287"></trkpt>
      <trkpt lat="46.654941" lon="32.598937"></trkpt>
      <trkpt lat="46.656092" lon="32.601936"></trkpt>
      <trkpt lat="46.65686" lon="32.604542"></trkpt>
  </trkseg></trk>
</gpx>
