<?xml version="1.0" encoding="UTF-8"?>
<gpx version="1.1" creator="yatutbuv" xmlns="http://www.topografix.com/GPX/1/1">
  <trk><name>2004Lviv -&gt; Zaporizhzhia (1,154.3km)</name><trkseg>
      <trkpt lat="49.839756" lon="23.993922"></trkpt>
      <trkpt lat="49.841267" lon="23.994911"></trkpt>
      <trkpt lat="49.841846" lon="23.995109"></trkpt>
      <trkpt lat="49.842637" lon="23.995014"></trkpt>
      <trkpt lat="49.843637" lon="23.994579"></trkpt>
      <trkpt lat="49.847303" lon="23.991983"></trkpt>
      <trkpt lat="49.85448" lon="23.985582"></trkpt>
      <trkpt lat="49.855296" lon="23.985123"></trkpt>
      <trkpt lat="49.856654" lon="23.984837"></trkpt>
      <trkpt lat="49.857485" lon="23.984898"></trkpt>
      <trkpt lat="49.858298" lon="23.985124"></trkpt>
      <trkpt lat="49.85887" lon="23.985435"></trkpt>
      <trkpt lat="49.859539" lon="23.986006"></trkpt>
      <trkpt lat="49.861282" lon="23.988163"></trkpt>
      <trkpt lat="49.862642" lon="23.98948"></trkpt>
      <trkpt lat="49.863231" lon="23.990297"></trkpt>
      <trkpt lat="49.863732" lon="23.991439"></trkpt>
      <trkpt lat="49.86402" lon="23.992839"></trkpt>
      <trkpt lat="49.86405" lon="23.994464"></trkpt>
      <trkpt lat="49.863691" lon="23.997612"></trkpt>
      <trkpt lat="49.863387" lon="23.998863"></trkpt>
      <trkpt lat="49.862997" lon="23.999845"></trkpt>
      <trkpt lat="49.862159" lon="24.001076"></trkpt>
      <trkpt lat="49.860024" lon="24.003756"></trkpt>
      <trkpt lat="49.858705" lon="24.005781"></trkpt>
      <trkpt lat="49.855869" lon="24.011986"></trkpt>
      <trkpt lat="49.852082" lon="24.018602"></trkpt>
      <trkpt lat="49.851499" lon="24.02017"></trkpt>
      <trkpt lat="49.851218" lon="24.02161"></trkpt>
      <trkpt lat="49.850609" lon="24.030223"></trkpt>
      <trkpt lat="49.852206" lon="24.040596"></trkpt>
      <trkpt lat="49.852455" lon="24.043121"></trkpt>
      <trkpt lat="49.853064" lon="24.052394"></trkpt>
      <trkpt lat="49.853241" lon="24.060972"></trkpt>
      <trkpt lat="49.853212" lon="24.064426"></trkpt>
      <trkpt lat="49.852746" lon="24.069032"></trkpt>
      <trkpt lat="49.851609" lon="24.092197"></trkpt>
      <trkpt lat="49.848807" lon="24.117352"></trkpt>
      <trkpt lat="49.847896" lon="24.123779"></trkpt>
      <trkpt lat="49.84738" lon="24.128418"></trkpt>
      <trkpt lat="49.847133" lon="24.13398"></trkpt>
      <trkpt lat="49.847066" lon="24.140299"></trkpt>
      <trkpt lat="49.846254" lon="24.160866"></trkpt>
      <trkpt lat="49.845814" lon="24.164489"></trkpt>
      <trkpt lat="49.843738" lon="24.175254"></trkpt>
      <trkpt lat="49.843544" lon="24.177766"></trkpt>
      <trkpt lat="49.843673" lon="24.180136"></trkpt>
      <trkpt lat="49.84667" lon="24.196021"></trkpt>
      <trkpt lat="49.847041" lon="24.197407"></trkpt>
      <trkpt lat="49.847473" lon="24.198446"></trkpt>
      <trkpt lat="49.84838" lon="24.19991"></trkpt>
      <trkpt lat="49.848933" lon="24.200507"></trkpt>
      <trkpt lat="49.855504" lon="24.204952"></trkpt>
      <trkpt lat="49.856183" lon="24.205559"></trkpt>
      <trkpt lat="49.857025" lon="24.206676"></trkpt>
      <trkpt lat="49.857518" lon="24.207623"></trkpt>
      <trkpt lat="49.85802" lon="24.20903"></trkpt>
      <trkpt lat="49.858314" lon="24.210393"></trkpt>
      <trkpt lat="49.858545" lon="24.213641"></trkpt>
      <trkpt lat="49.861969" lon="24.287021"></trkpt>
      <trkpt lat="49.862278" lon="24.290099"></trkpt>
      <trkpt lat="49.86437" lon="24.306171"></trkpt>
      <trkpt lat="49.864132" lon="24.318584"></trkpt>
      <trkpt lat="49.864305" lon="24.320781"></trkpt>
      <trkpt lat="49.864626" lon="24.322624"></trkpt>
      <trkpt lat="49.865219" lon="24.324631"></trkpt>
      <trkpt lat="49.876743" lon="24.357899"></trkpt>
      <trkpt lat="49.87726" lon="24.360024"></trkpt>
      <trkpt lat="49.877648" lon="24.362901"></trkpt>
      <trkpt lat="49.877877" lon="24.444767"></trkpt>
      <trkpt lat="49.878041" lon="24.447449"></trkpt>
      <trkpt lat="49.878415" lon="24.450002"></trkpt>
      <trkpt lat="49.879453" lon="24.454899"></trkpt>
      <trkpt lat="49.901663" lon="24.547624"></trkpt>
      <trkpt lat="49.91531" lon="24.599819"></trkpt>
      <trkpt lat="49.915916" lon="24.604138"></trkpt>
      <trkpt lat="49.916426" lon="24.610879"></trkpt>
      <trkpt lat="49.916827" lon="24.614056"></trkpt>
      <trkpt lat="49.922497" lon="24.672211"></trkpt>
      <trkpt lat="49.923076" lon="24.675515"></trkpt>
      <trkpt lat="49.923557" lon="24.677405"></trkpt>
      <trkpt lat="49.94127" lon="24.736582"></trkpt>
      <trkpt lat="49.942123" lon="24.739021"></trkpt>
      <trkpt lat="49.963153" lon="24.790648"></trkpt>
      <trkpt lat="49.975107" lon="24.830156"></trkpt>
      <trkpt lat="49.975706" lon="24.83181"></trkpt>
      <trkpt lat="49.97686" lon="24.834161"></trkpt>
      <trkpt lat="49.977618" lon="24.835253"></trkpt>
      <trkpt lat="49.983174" lon="24.841254"></trkpt>
      <trkpt lat="49.984133" lon="24.842531"></trkpt>
      <trkpt lat="49.985025" lon="24.844226"></trkpt>
      <trkpt lat="50.021038" lon="24.932937"></trkpt>
      <trkpt lat="50.042952" lon="24.98867"></trkpt>
      <trkpt lat="50.052722" lon="25.019169"></trkpt>
      <trkpt lat="50.054629" lon="25.026507"></trkpt>
      <trkpt lat="50.058773" lon="25.038042"></trkpt>
      <trkpt lat="50.074386" lon="25.086425"></trkpt>
      <trkpt lat="50.074963" lon="25.08859"></trkpt>
      <trkpt lat="50.075326" lon="25.090766"></trkpt>
      <trkpt lat="50.075517" lon="25.092611"></trkpt>
      <trkpt lat="50.075576" lon="25.09472"></trkpt>
      <trkpt lat="50.074375" lon="25.134271"></trkpt>
      <trkpt lat="50.074032" lon="25.150275"></trkpt>
      <trkpt lat="50.073431" lon="25.168013"></trkpt>
      <trkpt lat="50.073511" lon="25.170252"></trkpt>
      <trkpt lat="50.073862" lon="25.172288"></trkpt>
      <trkpt lat="50.074965" lon="25.175264"></trkpt>
      <trkpt lat="50.104381" lon="25.234516"></trkpt>
      <trkpt lat="50.105289" lon="25.236081"></trkpt>
      <trkpt lat="50.106549" lon="25.2378"></trkpt>
      <trkpt lat="50.11157" lon="25.242883"></trkpt>
      <trkpt lat="50.112987" lon="25.244543"></trkpt>
      <trkpt lat="50.113848" lon="25.245846"></trkpt>
      <trkpt lat="50.114708" lon="25.247505"></trkpt>
      <trkpt lat="50.115835" lon="25.250311"></trkpt>
      <trkpt lat="50.117299" lon="25.255185"></trkpt>
      <trkpt lat="50.118134" lon="25.257591"></trkpt>
      <trkpt lat="50.121299" lon="25.268184"></trkpt>
      <trkpt lat="50.123558" lon="25.27637"></trkpt>
      <trkpt lat="50.129699" lon="25.297027"></trkpt>
      <trkpt lat="50.130546" lon="25.300514"></trkpt>
      <trkpt lat="50.131034" lon="25.303586"></trkpt>
      <trkpt lat="50.1392" lon="25.369725"></trkpt>
      <trkpt lat="50.139781" lon="25.373013"></trkpt>
      <trkpt lat="50.140732" lon="25.37661"></trkpt>
      <trkpt lat="50.144206" lon="25.387791"></trkpt>
      <trkpt lat="50.145202" lon="25.390426"></trkpt>
      <trkpt lat="50.150035" lon="25.401925"></trkpt>
      <trkpt lat="50.151078" lon="25.403943"></trkpt>
      <trkpt lat="50.152493" lon="25.405759"></trkpt>
      <trkpt lat="50.173876" lon="25.426772"></trkpt>
      <trkpt lat="50.175483" lon="25.428849"></trkpt>
      <trkpt lat="50.197461" lon="25.473068"></trkpt>
      <trkpt lat="50.198533" lon="25.474767"></trkpt>
      <trkpt lat="50.199547" lon="25.475773"></trkpt>
      <trkpt lat="50.200766" lon="25.476452"></trkpt>
      <trkpt lat="50.211524" lon="25.480158"></trkpt>
      <trkpt lat="50.212677" lon="25.480648"></trkpt>
      <trkpt lat="50.217382" lon="25.483892"></trkpt>
      <trkpt lat="50.218367" lon="25.484728"></trkpt>
      <trkpt lat="50.219127" lon="25.485673"></trkpt>
      <trkpt lat="50.219775" lon="25.486806"></trkpt>
      <trkpt lat="50.220331" lon="25.488211"></trkpt>
      <trkpt lat="50.224297" lon="25.502766"></trkpt>
      <trkpt lat="50.224692" lon="25.503907"></trkpt>
      <trkpt lat="50.232851" lon="25.523709"></trkpt>
      <trkpt lat="50.234007" lon="25.526023"></trkpt>
      <trkpt lat="50.235317" lon="25.52784"></trkpt>
      <trkpt lat="50.240073" lon="25.532039"></trkpt>
      <trkpt lat="50.24137" lon="25.533625"></trkpt>
      <trkpt lat="50.263334" lon="25.568852"></trkpt>
      <trkpt lat="50.264134" lon="25.569732"></trkpt>
      <trkpt lat="50.264761" lon="25.570227"></trkpt>
      <trkpt lat="50.269429" lon="25.572937"></trkpt>
      <trkpt lat="50.270645" lon="25.574229"></trkpt>
      <trkpt lat="50.271626" lon="25.576027"></trkpt>
      <trkpt lat="50.27368" lon="25.581766"></trkpt>
      <trkpt lat="50.275377" lon="25.585159"></trkpt>
      <trkpt lat="50.285015" lon="25.603647"></trkpt>
      <trkpt lat="50.290407" lon="25.612268"></trkpt>
      <trkpt lat="50.296937" lon="25.620955"></trkpt>
      <trkpt lat="50.298155" lon="25.622149"></trkpt>
      <trkpt lat="50.307557" lon="25.63036"></trkpt>
      <trkpt lat="50.311723" lon="25.634859"></trkpt>
      <trkpt lat="50.312968" lon="25.63663"></trkpt>
      <trkpt lat="50.313785" lon="25.638695"></trkpt>
      <trkpt lat="50.318895" lon="25.656877"></trkpt>
      <trkpt lat="50.32141" lon="25.664592"></trkpt>
      <trkpt lat="50.321751" lon="25.666415"></trkpt>
      <trkpt lat="50.322091" lon="25.670649"></trkpt>
      <trkpt lat="50.322284" lon="25.671789"></trkpt>
      <trkpt lat="50.322856" lon="25.673781"></trkpt>
      <trkpt lat="50.323814" lon="25.675929"></trkpt>
      <trkpt lat="50.324943" lon="25.677456"></trkpt>
      <trkpt lat="50.326038" lon="25.678335"></trkpt>
      <trkpt lat="50.328061" lon="25.679262"></trkpt>
      <trkpt lat="50.331687" lon="25.680655"></trkpt>
      <trkpt lat="50.332404" lon="25.681045"></trkpt>
      <trkpt lat="50.333031" lon="25.681546"></trkpt>
      <trkpt lat="50.339123" lon="25.688418"></trkpt>
      <trkpt lat="50.348186" lon="25.698186"></trkpt>
      <trkpt lat="50.353776" lon="25.702441"></trkpt>
      <trkpt lat="50.355585" lon="25.704025"></trkpt>
      <trkpt lat="50.3563" lon="25.70508"></trkpt>
      <trkpt lat="50.357014" lon="25.706622"></trkpt>
      <trkpt lat="50.359274" lon="25.714307"></trkpt>
      <trkpt lat="50.359771" lon="25.715641"></trkpt>
      <trkpt lat="50.360483" lon="25.716943"></trkpt>
      <trkpt lat="50.361539" lon="25.718201"></trkpt>
      <trkpt lat="50.362765" lon="25.71905"></trkpt>
      <trkpt lat="50.364045" lon="25.719496"></trkpt>
      <trkpt lat="50.377333" lon="25.722578"></trkpt>
      <trkpt lat="50.37836" lon="25.723088"></trkpt>
      <trkpt lat="50.379461" lon="25.724083"></trkpt>
      <trkpt lat="50.380137" lon="25.725009"></trkpt>
      <trkpt lat="50.380728" lon="25.726083"></trkpt>
      <trkpt lat="50.381449" lon="25.728226"></trkpt>
      <trkpt lat="50.386949" lon="25.755816"></trkpt>
      <trkpt lat="50.387699" lon="25.758559"></trkpt>
      <trkpt lat="50.38856" lon="25.761095"></trkpt>
      <trkpt lat="50.389398" lon="25.76263"></trkpt>
      <trkpt lat="50.390849" lon="25.764322"></trkpt>
      <trkpt lat="50.391969" lon="25.765139"></trkpt>
      <trkpt lat="50.398453" lon="25.768838"></trkpt>
      <trkpt lat="50.399656" lon="25.770128"></trkpt>
      <trkpt lat="50.400667" lon="25.771993"></trkpt>
      <trkpt lat="50.401303" lon="25.77403"></trkpt>
      <trkpt lat="50.420352" lon="25.845105"></trkpt>
      <trkpt lat="50.424754" lon="25.8795"></trkpt>
      <trkpt lat="50.426735" lon="25.90093"></trkpt>
      <trkpt lat="50.434321" lon="25.941171"></trkpt>
      <trkpt lat="50.43531" lon="25.944117"></trkpt>
      <trkpt lat="50.451256" lon="25.981751"></trkpt>
      <trkpt lat="50.452082" lon="25.984557"></trkpt>
      <trkpt lat="50.45239" lon="25.986658"></trkpt>
      <trkpt lat="50.452471" lon="25.988506"></trkpt>
      <trkpt lat="50.45314" lon="26.022788"></trkpt>
      <trkpt lat="50.453336" lon="26.024774"></trkpt>
      <trkpt lat="50.453847" lon="26.027047"></trkpt>
      <trkpt lat="50.454721" lon="26.029324"></trkpt>
      <trkpt lat="50.466095" lon="26.053539"></trkpt>
      <trkpt lat="50.46707" lon="26.055365"></trkpt>
      <trkpt lat="50.468169" lon="26.056828"></trkpt>
      <trkpt lat="50.469351" lon="26.057966"></trkpt>
      <trkpt lat="50.470857" lon="26.058907"></trkpt>
      <trkpt lat="50.47198" lon="26.059296"></trkpt>
      <trkpt lat="50.47608" lon="26.060026"></trkpt>
      <trkpt lat="50.477292" lon="26.060484"></trkpt>
      <trkpt lat="50.47854" lon="26.061232"></trkpt>
      <trkpt lat="50.484267" lon="26.065649"></trkpt>
      <trkpt lat="50.485838" lon="26.066339"></trkpt>
      <trkpt lat="50.488428" lon="26.067045"></trkpt>
      <trkpt lat="50.489582" lon="26.067666"></trkpt>
      <trkpt lat="50.490681" lon="26.068751"></trkpt>
      <trkpt lat="50.495773" lon="26.075211"></trkpt>
      <trkpt lat="50.496548" lon="26.076501"></trkpt>
      <trkpt lat="50.497248" lon="26.078424"></trkpt>
      <trkpt lat="50.498315" lon="26.083739"></trkpt>
      <trkpt lat="50.49876" lon="26.091"></trkpt>
      <trkpt lat="50.498761" lon="26.093951"></trkpt>
      <trkpt lat="50.498156" lon="26.107512"></trkpt>
      <trkpt lat="50.498246" lon="26.109592"></trkpt>
      <trkpt lat="50.498565" lon="26.111903"></trkpt>
      <trkpt lat="50.499275" lon="26.11462"></trkpt>
      <trkpt lat="50.506082" lon="26.135989"></trkpt>
      <trkpt lat="50.506561" lon="26.138879"></trkpt>
      <trkpt lat="50.506757" lon="26.143997"></trkpt>
      <trkpt lat="50.50696" lon="26.145638"></trkpt>
      <trkpt lat="50.507352" lon="26.147184"></trkpt>
      <trkpt lat="50.509944" lon="26.155007"></trkpt>
      <trkpt lat="50.511249" lon="26.16088"></trkpt>
      <trkpt lat="50.511831" lon="26.166791"></trkpt>
      <trkpt lat="50.511812" lon="26.168577"></trkpt>
      <trkpt lat="50.511576" lon="26.170336"></trkpt>
      <trkpt lat="50.508935" lon="26.182271"></trkpt>
      <trkpt lat="50.508713" lon="26.184322"></trkpt>
      <trkpt lat="50.50878" lon="26.186197"></trkpt>
      <trkpt lat="50.509199" lon="26.188472"></trkpt>
      <trkpt lat="50.51357" lon="26.206002"></trkpt>
      <trkpt lat="50.513838" lon="26.20829"></trkpt>
      <trkpt lat="50.51428" lon="26.219641"></trkpt>
      <trkpt lat="50.514446" lon="26.221451"></trkpt>
      <trkpt lat="50.514951" lon="26.223565"></trkpt>
      <trkpt lat="50.516773" lon="26.229149"></trkpt>
      <trkpt lat="50.517035" lon="26.230433"></trkpt>
      <trkpt lat="50.517176" lon="26.232037"></trkpt>
      <trkpt lat="50.517131" lon="26.233635"></trkpt>
      <trkpt lat="50.516907" lon="26.235215"></trkpt>
      <trkpt lat="50.514553" lon="26.244677"></trkpt>
      <trkpt lat="50.513886" lon="26.250688"></trkpt>
      <trkpt lat="50.513043" lon="26.256002"></trkpt>
      <trkpt lat="50.511899" lon="26.259765"></trkpt>
      <trkpt lat="50.510962" lon="26.261675"></trkpt>
      <trkpt lat="50.508801" lon="26.265238"></trkpt>
      <trkpt lat="50.506797" lon="26.270106"></trkpt>
      <trkpt lat="50.505903" lon="26.271964"></trkpt>
      <trkpt lat="50.503602" lon="26.27539"></trkpt>
      <trkpt lat="50.50024" lon="26.279964"></trkpt>
      <trkpt lat="50.499628" lon="26.281186"></trkpt>
      <trkpt lat="50.497768" lon="26.285652"></trkpt>
      <trkpt lat="50.496783" lon="26.287414"></trkpt>
      <trkpt lat="50.48763" lon="26.299562"></trkpt>
      <trkpt lat="50.479986" lon="26.309034"></trkpt>
      <trkpt lat="50.479054" lon="26.31053"></trkpt>
      <trkpt lat="50.478368" lon="26.31191"></trkpt>
      <trkpt lat="50.456742" lon="26.375914"></trkpt>
      <trkpt lat="50.456102" lon="26.378543"></trkpt>
      <trkpt lat="50.45518" lon="26.38405"></trkpt>
      <trkpt lat="50.454389" lon="26.386791"></trkpt>
      <trkpt lat="50.453689" lon="26.388604"></trkpt>
      <trkpt lat="50.450556" lon="26.394261"></trkpt>
      <trkpt lat="50.449761" lon="26.396211"></trkpt>
      <trkpt lat="50.44926" lon="26.398952"></trkpt>
      <trkpt lat="50.448705" lon="26.409663"></trkpt>
      <trkpt lat="50.448175" lon="26.413539"></trkpt>
      <trkpt lat="50.447868" lon="26.415012"></trkpt>
      <trkpt lat="50.446952" lon="26.41811"></trkpt>
      <trkpt lat="50.443152" lon="26.428844"></trkpt>
      <trkpt lat="50.442517" lon="26.431179"></trkpt>
      <trkpt lat="50.442327" lon="26.433787"></trkpt>
      <trkpt lat="50.442735" lon="26.440187"></trkpt>
      <trkpt lat="50.442688" lon="26.441233"></trkpt>
      <trkpt lat="50.442352" lon="26.443252"></trkpt>
      <trkpt lat="50.441865" lon="26.444768"></trkpt>
      <trkpt lat="50.441189" lon="26.44615"></trkpt>
      <trkpt lat="50.438411" lon="26.45038"></trkpt>
      <trkpt lat="50.437699" lon="26.451631"></trkpt>
      <trkpt lat="50.436988" lon="26.45369"></trkpt>
      <trkpt lat="50.436662" lon="26.455645"></trkpt>
      <trkpt lat="50.436606" lon="26.457331"></trkpt>
      <trkpt lat="50.436787" lon="26.459179"></trkpt>
      <trkpt lat="50.438781" lon="26.468585"></trkpt>
      <trkpt lat="50.439374" lon="26.472562"></trkpt>
      <trkpt lat="50.439799" lon="26.480391"></trkpt>
      <trkpt lat="50.43974" lon="26.481955"></trkpt>
      <trkpt lat="50.439471" lon="26.484171"></trkpt>
      <trkpt lat="50.439023" lon="26.486614"></trkpt>
      <trkpt lat="50.429352" lon="26.523929"></trkpt>
      <trkpt lat="50.4288" lon="26.525738"></trkpt>
      <trkpt lat="50.428328" lon="26.526918"></trkpt>
      <trkpt lat="50.427361" lon="26.528608"></trkpt>
      <trkpt lat="50.42464" lon="26.532285"></trkpt>
      <trkpt lat="50.4237" lon="26.533967"></trkpt>
      <trkpt lat="50.423104" lon="26.535676"></trkpt>
      <trkpt lat="50.42055" lon="26.545216"></trkpt>
      <trkpt lat="50.419086" lon="26.549321"></trkpt>
      <trkpt lat="50.417242" lon="26.553318"></trkpt>
      <trkpt lat="50.407063" lon="26.572775"></trkpt>
      <trkpt lat="50.406164" lon="26.574188"></trkpt>
      <trkpt lat="50.405092" lon="26.575443"></trkpt>
      <trkpt lat="50.399787" lon="26.580456"></trkpt>
      <trkpt lat="50.398824" lon="26.5816"></trkpt>
      <trkpt lat="50.398003" lon="26.583123"></trkpt>
      <trkpt lat="50.395852" lon="26.588326"></trkpt>
      <trkpt lat="50.395203" lon="26.58952"></trkpt>
      <trkpt lat="50.394448" lon="26.590529"></trkpt>
      <trkpt lat="50.393637" lon="26.591249"></trkpt>
      <trkpt lat="50.390758" lon="26.59283"></trkpt>
      <trkpt lat="50.390057" lon="26.593367"></trkpt>
      <trkpt lat="50.389347" lon="26.594141"></trkpt>
      <trkpt lat="50.38605" lon="26.598611"></trkpt>
      <trkpt lat="50.38482" lon="26.600783"></trkpt>
      <trkpt lat="50.38307" lon="26.604331"></trkpt>
      <trkpt lat="50.382186" lon="26.606803"></trkpt>
      <trkpt lat="50.367651" lon="26.673494"></trkpt>
      <trkpt lat="50.364248" lon="26.689533"></trkpt>
      <trkpt lat="50.360961" lon="26.704111"></trkpt>
      <trkpt lat="50.349273" lon="26.75836"></trkpt>
      <trkpt lat="50.349044" lon="26.760404"></trkpt>
      <trkpt lat="50.349055" lon="26.761908"></trkpt>
      <trkpt lat="50.349809" lon="26.767754"></trkpt>
      <trkpt lat="50.349855" lon="26.768795"></trkpt>
      <trkpt lat="50.349699" lon="26.771017"></trkpt>
      <trkpt lat="50.349457" lon="26.772293"></trkpt>
      <trkpt lat="50.348804" lon="26.774235"></trkpt>
      <trkpt lat="50.343365" lon="26.787362"></trkpt>
      <trkpt lat="50.342414" lon="26.790071"></trkpt>
      <trkpt lat="50.341766" lon="26.792433"></trkpt>
      <trkpt lat="50.338021" lon="26.809441"></trkpt>
      <trkpt lat="50.337358" lon="26.811841"></trkpt>
      <trkpt lat="50.33637" lon="26.814432"></trkpt>
      <trkpt lat="50.330318" lon="26.82813"></trkpt>
      <trkpt lat="50.329159" lon="26.831292"></trkpt>
      <trkpt lat="50.32825" lon="26.834654"></trkpt>
      <trkpt lat="50.327524" lon="26.838764"></trkpt>
      <trkpt lat="50.31839" lon="26.902046"></trkpt>
      <trkpt lat="50.31784" lon="26.904641"></trkpt>
      <trkpt lat="50.31684" lon="26.907819"></trkpt>
      <trkpt lat="50.316056" lon="26.909685"></trkpt>
      <trkpt lat="50.315367" lon="26.910999"></trkpt>
      <trkpt lat="50.313434" lon="26.913906"></trkpt>
      <trkpt lat="50.311375" lon="26.916025"></trkpt>
      <trkpt lat="50.309859" lon="26.917216"></trkpt>
      <trkpt lat="50.308456" lon="26.918051"></trkpt>
      <trkpt lat="50.306734" lon="26.918836"></trkpt>
      <trkpt lat="50.305503" lon="26.91925"></trkpt>
      <trkpt lat="50.279441" lon="26.926467"></trkpt>
      <trkpt lat="50.278331" lon="26.926944"></trkpt>
      <trkpt lat="50.27613" lon="26.928239"></trkpt>
      <trkpt lat="50.274503" lon="26.929518"></trkpt>
      <trkpt lat="50.272907" lon="26.93111"></trkpt>
      <trkpt lat="50.271268" lon="26.933134"></trkpt>
      <trkpt lat="50.26333" lon="26.945092"></trkpt>
      <trkpt lat="50.222006" lon="27.006095"></trkpt>
      <trkpt lat="50.220416" lon="27.008756"></trkpt>
      <trkpt lat="50.205434" lon="27.039755"></trkpt>
      <trkpt lat="50.20298" lon="27.046986"></trkpt>
      <trkpt lat="50.202299" lon="27.049765"></trkpt>
      <trkpt lat="50.201595" lon="27.054262"></trkpt>
      <trkpt lat="50.200031" lon="27.060799"></trkpt>
      <trkpt lat="50.198908" lon="27.065091"></trkpt>
      <trkpt lat="50.196803" lon="27.071312"></trkpt>
      <trkpt lat="50.193335" lon="27.084911"></trkpt>
      <trkpt lat="50.187775" lon="27.107554"></trkpt>
      <trkpt lat="50.160485" lon="27.197678"></trkpt>
      <trkpt lat="50.15976" lon="27.200375"></trkpt>
      <trkpt lat="50.153526" lon="27.234262"></trkpt>
      <trkpt lat="50.153084" lon="27.236128"></trkpt>
      <trkpt lat="50.150542" lon="27.244989"></trkpt>
      <trkpt lat="50.149544" lon="27.249747"></trkpt>
      <trkpt lat="50.140636" lon="27.331299"></trkpt>
      <trkpt lat="50.1401" lon="27.334529"></trkpt>
      <trkpt lat="50.137375" lon="27.348598"></trkpt>
      <trkpt lat="50.137022" lon="27.351062"></trkpt>
      <trkpt lat="50.135443" lon="27.370403"></trkpt>
      <trkpt lat="50.135104" lon="27.372619"></trkpt>
      <trkpt lat="50.128529" lon="27.404551"></trkpt>
      <trkpt lat="50.127918" lon="27.408244"></trkpt>
      <trkpt lat="50.127688" lon="27.411282"></trkpt>
      <trkpt lat="50.127614" lon="27.413834"></trkpt>
      <trkpt lat="50.127684" lon="27.416194"></trkpt>
      <trkpt lat="50.128251" lon="27.42134"></trkpt>
      <trkpt lat="50.135626" lon="27.468693"></trkpt>
      <trkpt lat="50.14305" lon="27.504484"></trkpt>
      <trkpt lat="50.143207" lon="27.507047"></trkpt>
      <trkpt lat="50.143071" lon="27.510589"></trkpt>
      <trkpt lat="50.142691" lon="27.512162"></trkpt>
      <trkpt lat="50.139336" lon="27.52168"></trkpt>
      <trkpt lat="50.138176" lon="27.524407"></trkpt>
      <trkpt lat="50.137112" lon="27.526451"></trkpt>
      <trkpt lat="50.115608" lon="27.56084"></trkpt>
      <trkpt lat="50.114028" lon="27.56388"></trkpt>
      <trkpt lat="50.112997" lon="27.566463"></trkpt>
      <trkpt lat="50.112362" lon="27.568394"></trkpt>
      <trkpt lat="50.11158" lon="27.571373"></trkpt>
      <trkpt lat="50.096938" lon="27.636706"></trkpt>
      <trkpt lat="50.096603" lon="27.638508"></trkpt>
      <trkpt lat="50.096388" lon="27.640734"></trkpt>
      <trkpt lat="50.096514" lon="27.644383"></trkpt>
      <trkpt lat="50.100714" lon="27.672677"></trkpt>
      <trkpt lat="50.100853" lon="27.67438"></trkpt>
      <trkpt lat="50.100772" lon="27.67611"></trkpt>
      <trkpt lat="50.100508" lon="27.677577"></trkpt>
      <trkpt lat="50.10007" lon="27.679058"></trkpt>
      <trkpt lat="50.099523" lon="27.680261"></trkpt>
      <trkpt lat="50.098798" lon="27.681394"></trkpt>
      <trkpt lat="50.097405" lon="27.682695"></trkpt>
      <trkpt lat="50.093633" lon="27.684828"></trkpt>
      <trkpt lat="50.090813" lon="27.686768"></trkpt>
      <trkpt lat="50.090034" lon="27.687647"></trkpt>
      <trkpt lat="50.089303" lon="27.688887"></trkpt>
      <trkpt lat="50.088822" lon="27.690087"></trkpt>
      <trkpt lat="50.088486" lon="27.691372"></trkpt>
      <trkpt lat="50.077007" lon="27.788523"></trkpt>
      <trkpt lat="50.07045" lon="27.842985"></trkpt>
      <trkpt lat="50.069506" lon="27.847265"></trkpt>
      <trkpt lat="50.055289" lon="27.899797"></trkpt>
      <trkpt lat="50.054806" lon="27.902026"></trkpt>
      <trkpt lat="50.054551" lon="27.904636"></trkpt>
      <trkpt lat="50.051803" lon="27.989467"></trkpt>
      <trkpt lat="50.051547" lon="27.992098"></trkpt>
      <trkpt lat="50.050906" lon="27.994314"></trkpt>
      <trkpt lat="50.045542" lon="28.007645"></trkpt>
      <trkpt lat="50.044547" lon="28.010776"></trkpt>
      <trkpt lat="50.0441" lon="28.013325"></trkpt>
      <trkpt lat="50.041667" lon="28.031839"></trkpt>
      <trkpt lat="50.041334" lon="28.033646"></trkpt>
      <trkpt lat="50.040704" lon="28.03584"></trkpt>
      <trkpt lat="50.039699" lon="28.038113"></trkpt>
      <trkpt lat="50.029033" lon="28.058852"></trkpt>
      <trkpt lat="50.02804" lon="28.061244"></trkpt>
      <trkpt lat="50.027263" lon="28.063505"></trkpt>
      <trkpt lat="50.026342" lon="28.067101"></trkpt>
      <trkpt lat="50.024461" lon="28.077084"></trkpt>
      <trkpt lat="50.023984" lon="28.081205"></trkpt>
      <trkpt lat="50.023877" lon="28.0844"></trkpt>
      <trkpt lat="50.023944" lon="28.101143"></trkpt>
      <trkpt lat="50.02382" lon="28.103224"></trkpt>
      <trkpt lat="50.021438" lon="28.117586"></trkpt>
      <trkpt lat="50.016969" lon="28.162251"></trkpt>
      <trkpt lat="50.016457" lon="28.165665"></trkpt>
      <trkpt lat="50.015574" lon="28.16846"></trkpt>
      <trkpt lat="49.978194" lon="28.256015"></trkpt>
      <trkpt lat="49.976927" lon="28.259709"></trkpt>
      <trkpt lat="49.975998" lon="28.263625"></trkpt>
      <trkpt lat="49.972525" lon="28.282116"></trkpt>
      <trkpt lat="49.971924" lon="28.286168"></trkpt>
      <trkpt lat="49.971586" lon="28.28953"></trkpt>
      <trkpt lat="49.970926" lon="28.305371"></trkpt>
      <trkpt lat="49.970484" lon="28.31006"></trkpt>
      <trkpt lat="49.96988" lon="28.312642"></trkpt>
      <trkpt lat="49.962262" lon="28.339346"></trkpt>
      <trkpt lat="49.961678" lon="28.341999"></trkpt>
      <trkpt lat="49.961269" lon="28.344724"></trkpt>
      <trkpt lat="49.95851" lon="28.371204"></trkpt>
      <trkpt lat="49.955318" lon="28.3888"></trkpt>
      <trkpt lat="49.954674" lon="28.391087"></trkpt>
      <trkpt lat="49.953923" lon="28.392792"></trkpt>
      <trkpt lat="49.952985" lon="28.394257"></trkpt>
      <trkpt lat="49.95004" lon="28.397474"></trkpt>
      <trkpt lat="49.949497" lon="28.398242"></trkpt>
      <trkpt lat="49.948731" lon="28.399703"></trkpt>
      <trkpt lat="49.948065" lon="28.40203"></trkpt>
      <trkpt lat="49.947863" lon="28.403872"></trkpt>
      <trkpt lat="49.947331" lon="28.415317"></trkpt>
      <trkpt lat="49.94738" lon="28.41868"></trkpt>
      <trkpt lat="49.947549" lon="28.42097"></trkpt>
      <trkpt lat="49.94783" lon="28.423217"></trkpt>
      <trkpt lat="49.952105" lon="28.449762"></trkpt>
      <trkpt lat="49.953921" lon="28.472893"></trkpt>
      <trkpt lat="49.954362" lon="28.476137"></trkpt>
      <trkpt lat="49.955469" lon="28.481558"></trkpt>
      <trkpt lat="49.955723" lon="28.483578"></trkpt>
      <trkpt lat="49.955706" lon="28.485009"></trkpt>
      <trkpt lat="49.955507" lon="28.486697"></trkpt>
      <trkpt lat="49.952921" lon="28.496956"></trkpt>
      <trkpt lat="49.951913" lon="28.503926"></trkpt>
      <trkpt lat="49.951538" lon="28.505436"></trkpt>
      <trkpt lat="49.950785" lon="28.507244"></trkpt>
      <trkpt lat="49.949626" lon="28.508882"></trkpt>
      <trkpt lat="49.948717" lon="28.509674"></trkpt>
      <trkpt lat="49.941341" lon="28.514816"></trkpt>
      <trkpt lat="49.94023" lon="28.51603"></trkpt>
      <trkpt lat="49.939613" lon="28.517049"></trkpt>
      <trkpt lat="49.939023" lon="28.518417"></trkpt>
      <trkpt lat="49.931714" lon="28.538441"></trkpt>
      <trkpt lat="49.929756" lon="28.542216"></trkpt>
      <trkpt lat="49.926731" lon="28.546653"></trkpt>
      <trkpt lat="49.92578" lon="28.548382"></trkpt>
      <trkpt lat="49.924828" lon="28.550829"></trkpt>
      <trkpt lat="49.922717" lon="28.55795"></trkpt>
      <trkpt lat="49.921687" lon="28.560401"></trkpt>
      <trkpt lat="49.920558" lon="28.562227"></trkpt>
      <trkpt lat="49.916911" lon="28.567336"></trkpt>
      <trkpt lat="49.915291" lon="28.570357"></trkpt>
      <trkpt lat="49.907652" lon="28.586808"></trkpt>
      <trkpt lat="49.906331" lon="28.590111"></trkpt>
      <trkpt lat="49.904292" lon="28.596051"></trkpt>
      <trkpt lat="49.900416" lon="28.604137"></trkpt>
      <trkpt lat="49.899426" lon="28.605612"></trkpt>
      <trkpt lat="49.898359" lon="28.606608"></trkpt>
      <trkpt lat="49.897433" lon="28.607137"></trkpt>
      <trkpt lat="49.894883" lon="28.60771"></trkpt>
      <trkpt lat="49.894107" lon="28.608007"></trkpt>
      <trkpt lat="49.893169" lon="28.608573"></trkpt>
      <trkpt lat="49.892277" lon="28.609405"></trkpt>
      <trkpt lat="49.890565" lon="28.611914"></trkpt>
      <trkpt lat="49.88789" lon="28.616728"></trkpt>
      <trkpt lat="49.887044" lon="28.617853"></trkpt>
      <trkpt lat="49.882277" lon="28.626549"></trkpt>
      <trkpt lat="49.880864" lon="28.628848"></trkpt>
      <trkpt lat="49.876471" lon="28.636793"></trkpt>
      <trkpt lat="49.875287" lon="28.639143"></trkpt>
      <trkpt lat="49.874371" lon="28.641562"></trkpt>
      <trkpt lat="49.873823" lon="28.643422"></trkpt>
      <trkpt lat="49.870989" lon="28.655024"></trkpt>
      <trkpt lat="49.870016" lon="28.657462"></trkpt>
      <trkpt lat="49.869132" lon="28.659007"></trkpt>
      <trkpt lat="49.857168" lon="28.673915"></trkpt>
      <trkpt lat="49.84369" lon="28.693426"></trkpt>
      <trkpt lat="49.842029" lon="28.695466"></trkpt>
      <trkpt lat="49.840474" lon="28.696988"></trkpt>
      <trkpt lat="49.83851" lon="28.698464"></trkpt>
      <trkpt lat="49.788695" lon="28.731318"></trkpt>
      <trkpt lat="49.786712" lon="28.732861"></trkpt>
      <trkpt lat="49.785234" lon="28.734294"></trkpt>
      <trkpt lat="49.783038" lon="28.737056"></trkpt>
      <trkpt lat="49.781028" lon="28.740508"></trkpt>
      <trkpt lat="49.770263" lon="28.766061"></trkpt>
      <trkpt lat="49.76879" lon="28.769081"></trkpt>
      <trkpt lat="49.767141" lon="28.771685"></trkpt>
      <trkpt lat="49.764713" lon="28.774666"></trkpt>
      <trkpt lat="49.760205" lon="28.77906"></trkpt>
      <trkpt lat="49.759615" lon="28.779902"></trkpt>
      <trkpt lat="49.757949" lon="28.782885"></trkpt>
      <trkpt lat="49.756544" lon="28.784877"></trkpt>
      <trkpt lat="49.750672" lon="28.791865"></trkpt>
      <trkpt lat="49.749735" lon="28.793226"></trkpt>
      <trkpt lat="49.748793" lon="28.794249"></trkpt>
      <trkpt lat="49.745986" lon="28.797894"></trkpt>
      <trkpt lat="49.745112" lon="28.798631"></trkpt>
      <trkpt lat="49.744271" lon="28.79902"></trkpt>
      <trkpt lat="49.743395" lon="28.799136"></trkpt>
      <trkpt lat="49.740915" lon="28.798972"></trkpt>
      <trkpt lat="49.740342" lon="28.799106"></trkpt>
      <trkpt lat="49.739548" lon="28.799491"></trkpt>
      <trkpt lat="49.738177" lon="28.800668"></trkpt>
      <trkpt lat="49.737192" lon="28.801942"></trkpt>
      <trkpt lat="49.736518" lon="28.803425"></trkpt>
      <trkpt lat="49.736208" lon="28.804926"></trkpt>
      <trkpt lat="49.736265" lon="28.807077"></trkpt>
      <trkpt lat="49.736795" lon="28.808944"></trkpt>
      <trkpt lat="49.746033" lon="28.826804"></trkpt>
      <trkpt lat="49.746556" lon="28.828031"></trkpt>
      <trkpt lat="49.74685" lon="28.829481"></trkpt>
      <trkpt lat="49.746871" lon="28.831121"></trkpt>
      <trkpt lat="49.746678" lon="28.832345"></trkpt>
      <trkpt lat="49.742608" lon="28.846537"></trkpt>
      <trkpt lat="49.742174" lon="28.849104"></trkpt>
      <trkpt lat="49.742074" lon="28.851482"></trkpt>
      <trkpt lat="49.742601" lon="28.870872"></trkpt>
      <trkpt lat="49.743135" lon="28.872807"></trkpt>
      <trkpt lat="49.745679" lon="28.878882"></trkpt>
      <trkpt lat="49.746053" lon="28.880032"></trkpt>
      <trkpt lat="49.74627" lon="28.881923"></trkpt>
      <trkpt lat="49.746007" lon="28.884797"></trkpt>
      <trkpt lat="49.746018" lon="28.886091"></trkpt>
      <trkpt lat="49.746136" lon="28.886923"></trkpt>
      <trkpt lat="49.746569" lon="28.888358"></trkpt>
      <trkpt lat="49.747886" lon="28.890617"></trkpt>
      <trkpt lat="49.792126" lon="28.956294"></trkpt>
      <trkpt lat="49.839038" lon="29.019076"></trkpt>
      <trkpt lat="49.839804" lon="29.019904"></trkpt>
      <trkpt lat="49.845069" lon="29.026947"></trkpt>
      <trkpt lat="49.846793" lon="29.029617"></trkpt>
      <trkpt lat="49.866511" lon="29.056065"></trkpt>
      <trkpt lat="49.868616" lon="29.059487"></trkpt>
      <trkpt lat="49.884547" lon="29.094856"></trkpt>
      <trkpt lat="49.907866" lon="29.157894"></trkpt>
      <trkpt lat="49.922784" lon="29.207546"></trkpt>
      <trkpt lat="49.923548" lon="29.209783"></trkpt>
      <trkpt lat="49.936153" lon="29.240002"></trkpt>
      <trkpt lat="49.956021" lon="29.291748"></trkpt>
      <trkpt lat="49.95689" lon="29.294407"></trkpt>
      <trkpt lat="49.957538" lon="29.297448"></trkpt>
      <trkpt lat="49.957855" lon="29.300253"></trkpt>
      <trkpt lat="49.957909" lon="29.302977"></trkpt>
      <trkpt lat="49.957699" lon="29.306114"></trkpt>
      <trkpt lat="49.951735" lon="29.338945"></trkpt>
      <trkpt lat="49.951157" lon="29.342577"></trkpt>
      <trkpt lat="49.940873" lon="29.419341"></trkpt>
      <trkpt lat="49.940469" lon="29.425435"></trkpt>
      <trkpt lat="49.940602" lon="29.431374"></trkpt>
      <trkpt lat="49.940972" lon="29.435332"></trkpt>
      <trkpt lat="49.960188" lon="29.575956"></trkpt>
      <trkpt lat="49.98392" lon="29.751494"></trkpt>
      <trkpt lat="49.985136" lon="29.756989"></trkpt>
      <trkpt lat="50.007365" lon="29.826045"></trkpt>
      <trkpt lat="50.00942" lon="29.831602"></trkpt>
      <trkpt lat="50.011931" lon="29.836616"></trkpt>
      <trkpt lat="50.015622" lon="29.843332"></trkpt>
      <trkpt lat="50.040123" lon="29.88936"></trkpt>
      <trkpt lat="50.041288" lon="29.891197"></trkpt>
      <trkpt lat="50.042302" lon="29.89238"></trkpt>
      <trkpt lat="50.053054" lon="29.903294"></trkpt>
      <trkpt lat="50.054871" lon="29.905616"></trkpt>
      <trkpt lat="50.055589" lon="29.907198"></trkpt>
      <trkpt lat="50.056012" lon="29.909281"></trkpt>
      <trkpt lat="50.056489" lon="29.914975"></trkpt>
      <trkpt lat="50.057058" lon="29.932318"></trkpt>
      <trkpt lat="50.057015" lon="29.933589"></trkpt>
      <trkpt lat="50.05682" lon="29.934947"></trkpt>
      <trkpt lat="50.056317" lon="29.936728"></trkpt>
      <trkpt lat="50.055675" lon="29.938063"></trkpt>
      <trkpt lat="50.042766" lon="29.960621"></trkpt>
      <trkpt lat="50.00956" lon="30.009696"></trkpt>
      <trkpt lat="49.99902" lon="30.025168"></trkpt>
      <trkpt lat="49.997309" lon="30.027351"></trkpt>
      <trkpt lat="49.995535" lon="30.02916"></trkpt>
      <trkpt lat="49.988565" lon="30.035213"></trkpt>
      <trkpt lat="49.987128" lon="30.036077"></trkpt>
      <trkpt lat="49.986138" lon="30.036423"></trkpt>
      <trkpt lat="49.984647" lon="30.0367"></trkpt>
      <trkpt lat="49.957402" lon="30.039862"></trkpt>
      <trkpt lat="49.956317" lon="30.040122"></trkpt>
      <trkpt lat="49.888044" lon="30.063643"></trkpt>
      <trkpt lat="49.839945" lon="30.08006"></trkpt>
      <trkpt lat="49.837334" lon="30.081119"></trkpt>
      <trkpt lat="49.835619" lon="30.082145"></trkpt>
      <trkpt lat="49.834023" lon="30.083401"></trkpt>
      <trkpt lat="49.817001" lon="30.098996"></trkpt>
      <trkpt lat="49.816229" lon="30.099765"></trkpt>
      <trkpt lat="49.81558" lon="30.100615"></trkpt>
      <trkpt lat="49.814986" lon="30.101717"></trkpt>
      <trkpt lat="49.81462" lon="30.102703"></trkpt>
      <trkpt lat="49.81127" lon="30.112923"></trkpt>
      <trkpt lat="49.807277" lon="30.124468"></trkpt>
      <trkpt lat="49.806519" lon="30.126205"></trkpt>
      <trkpt lat="49.805086" lon="30.128848"></trkpt>
      <trkpt lat="49.803781" lon="30.130673"></trkpt>
      <trkpt lat="49.801443" lon="30.132928"></trkpt>
      <trkpt lat="49.800192" lon="30.133716"></trkpt>
      <trkpt lat="49.798063" lon="30.13482"></trkpt>
      <trkpt lat="49.796344" lon="30.135159"></trkpt>
      <trkpt lat="49.795381" lon="30.1351"></trkpt>
      <trkpt lat="49.79166" lon="30.134342"></trkpt>
      <trkpt lat="49.790818" lon="30.134392"></trkpt>
      <trkpt lat="49.789997" lon="30.134678"></trkpt>
      <trkpt lat="49.789153" lon="30.135212"></trkpt>
      <trkpt lat="49.788505" lon="30.135858"></trkpt>
      <trkpt lat="49.78727" lon="30.137515"></trkpt>
      <trkpt lat="49.786278" lon="30.139163"></trkpt>
      <trkpt lat="49.785299" lon="30.14149"></trkpt>
      <trkpt lat="49.782845" lon="30.148872"></trkpt>
      <trkpt lat="49.782162" lon="30.151464"></trkpt>
      <trkpt lat="49.781717" lon="30.154188"></trkpt>
      <trkpt lat="49.777926" lon="30.212148"></trkpt>
      <trkpt lat="49.777651" lon="30.214888"></trkpt>
      <trkpt lat="49.777207" lon="30.217574"></trkpt>
      <trkpt lat="49.770343" lon="30.245592"></trkpt>
      <trkpt lat="49.769482" lon="30.248266"></trkpt>
      <trkpt lat="49.768328" lon="30.250978"></trkpt>
      <trkpt lat="49.766941" lon="30.253462"></trkpt>
      <trkpt lat="49.762631" lon="30.258966"></trkpt>
      <trkpt lat="49.761632" lon="30.260315"></trkpt>
      <trkpt lat="49.760548" lon="30.262072"></trkpt>
      <trkpt lat="49.759356" lon="30.264536"></trkpt>
      <trkpt lat="49.758631" lon="30.266454"></trkpt>
      <trkpt lat="49.757664" lon="30.269949"></trkpt>
      <trkpt lat="49.740636" lon="30.351004"></trkpt>
      <trkpt lat="49.737976" lon="30.370269"></trkpt>
      <trkpt lat="49.73374" lon="30.402631"></trkpt>
      <trkpt lat="49.733218" lon="30.405622"></trkpt>
      <trkpt lat="49.732486" lon="30.408681"></trkpt>
      <trkpt lat="49.727172" lon="30.429454"></trkpt>
      <trkpt lat="49.726437" lon="30.431338"></trkpt>
      <trkpt lat="49.723551" lon="30.436056"></trkpt>
      <trkpt lat="49.722561" lon="30.43847"></trkpt>
      <trkpt lat="49.713797" lon="30.472335"></trkpt>
      <trkpt lat="49.712915" lon="30.474204"></trkpt>
      <trkpt lat="49.689987" lon="30.518419"></trkpt>
      <trkpt lat="49.688467" lon="30.521916"></trkpt>
      <trkpt lat="49.68752" lon="30.524882"></trkpt>
      <trkpt lat="49.679066" lon="30.563866"></trkpt>
      <trkpt lat="49.661283" lon="30.620768"></trkpt>
      <trkpt lat="49.661005" lon="30.6229"></trkpt>
      <trkpt lat="49.661049" lon="30.624905"></trkpt>
      <trkpt lat="49.662067" lon="30.631488"></trkpt>
      <trkpt lat="49.662219" lon="30.633111"></trkpt>
      <trkpt lat="49.662201" lon="30.635434"></trkpt>
      <trkpt lat="49.66184" lon="30.637936"></trkpt>
      <trkpt lat="49.64945" lon="30.676017"></trkpt>
      <trkpt lat="49.630516" lon="30.755493"></trkpt>
      <trkpt lat="49.630305" lon="30.757176"></trkpt>
      <trkpt lat="49.630202" lon="30.759526"></trkpt>
      <trkpt lat="49.631638" lon="30.809264"></trkpt>
      <trkpt lat="49.631814" lon="30.81215"></trkpt>
      <trkpt lat="49.632406" lon="30.816133"></trkpt>
      <trkpt lat="49.633295" lon="30.819778"></trkpt>
      <trkpt lat="49.653745" lon="30.885653"></trkpt>
      <trkpt lat="49.656591" lon="30.896304"></trkpt>
      <trkpt lat="49.657065" lon="30.899547"></trkpt>
      <trkpt lat="49.657105" lon="30.902132"></trkpt>
      <trkpt lat="49.657013" lon="30.903361"></trkpt>
      <trkpt lat="49.651317" lon="30.943021"></trkpt>
      <trkpt lat="49.649107" lon="30.970468"></trkpt>
      <trkpt lat="49.64892" lon="30.971861"></trkpt>
      <trkpt lat="49.648339" lon="30.974335"></trkpt>
      <trkpt lat="49.643337" lon="30.988923"></trkpt>
      <trkpt lat="49.642207" lon="30.993049"></trkpt>
      <trkpt lat="49.641672" lon="30.9946"></trkpt>
      <trkpt lat="49.641072" lon="30.99573"></trkpt>
      <trkpt lat="49.637143" lon="31.001635"></trkpt>
      <trkpt lat="49.636417" lon="31.00291"></trkpt>
      <trkpt lat="49.630502" lon="31.017626"></trkpt>
      <trkpt lat="49.629868" lon="31.018959"></trkpt>
      <trkpt lat="49.629043" lon="31.020268"></trkpt>
      <trkpt lat="49.628254" lon="31.021201"></trkpt>
      <trkpt lat="49.626092" lon="31.022898"></trkpt>
      <trkpt lat="49.615662" lon="31.029864"></trkpt>
      <trkpt lat="49.614737" lon="31.030748"></trkpt>
      <trkpt lat="49.613631" lon="31.032264"></trkpt>
      <trkpt lat="49.612591" lon="31.034555"></trkpt>
      <trkpt lat="49.611067" lon="31.039115"></trkpt>
      <trkpt lat="49.606593" lon="31.057759"></trkpt>
      <trkpt lat="49.6061" lon="31.059478"></trkpt>
      <trkpt lat="49.605506" lon="31.061016"></trkpt>
      <trkpt lat="49.604363" lon="31.063102"></trkpt>
      <trkpt lat="49.599842" lon="31.06924"></trkpt>
      <trkpt lat="49.598112" lon="31.072407"></trkpt>
      <trkpt lat="49.590444" lon="31.089564"></trkpt>
      <trkpt lat="49.585238" lon="31.101915"></trkpt>
      <trkpt lat="49.584481" lon="31.10326"></trkpt>
      <trkpt lat="49.58358" lon="31.104475"></trkpt>
      <trkpt lat="49.579485" lon="31.109172"></trkpt>
      <trkpt lat="49.578" lon="31.110712"></trkpt>
      <trkpt lat="49.572534" lon="31.115545"></trkpt>
      <trkpt lat="49.571329" lon="31.116998"></trkpt>
      <trkpt lat="49.570563" lon="31.118361"></trkpt>
      <trkpt lat="49.56979" lon="31.120774"></trkpt>
      <trkpt lat="49.569573" lon="31.122156"></trkpt>
      <trkpt lat="49.569503" lon="31.123974"></trkpt>
      <trkpt lat="49.56976" lon="31.12662"></trkpt>
      <trkpt lat="49.571096" lon="31.136447"></trkpt>
      <trkpt lat="49.571221" lon="31.141897"></trkpt>
      <trkpt lat="49.571088" lon="31.143355"></trkpt>
      <trkpt lat="49.570824" lon="31.144625"></trkpt>
      <trkpt lat="49.570183" lon="31.146332"></trkpt>
      <trkpt lat="49.569588" lon="31.147333"></trkpt>
      <trkpt lat="49.568194" lon="31.149059"></trkpt>
      <trkpt lat="49.567389" lon="31.14971"></trkpt>
      <trkpt lat="49.566553" lon="31.150112"></trkpt>
      <trkpt lat="49.56562" lon="31.150328"></trkpt>
      <trkpt lat="49.564741" lon="31.150378"></trkpt>
      <trkpt lat="49.562086" lon="31.149983"></trkpt>
      <trkpt lat="49.560733" lon="31.149927"></trkpt>
      <trkpt lat="49.558477" lon="31.150248"></trkpt>
      <trkpt lat="49.557599" lon="31.15055"></trkpt>
      <trkpt lat="49.55676" lon="31.151001"></trkpt>
      <trkpt lat="49.555583" lon="31.15196"></trkpt>
      <trkpt lat="49.547799" lon="31.160215"></trkpt>
      <trkpt lat="49.547021" lon="31.160895"></trkpt>
      <trkpt lat="49.545375" lon="31.162053"></trkpt>
      <trkpt lat="49.543703" lon="31.162999"></trkpt>
      <trkpt lat="49.539416" lon="31.16505"></trkpt>
      <trkpt lat="49.537226" lon="31.165732"></trkpt>
      <trkpt lat="49.53607" lon="31.16621"></trkpt>
      <trkpt lat="49.529994" lon="31.169616"></trkpt>
      <trkpt lat="49.529115" lon="31.169884"></trkpt>
      <trkpt lat="49.527341" lon="31.170169"></trkpt>
      <trkpt lat="49.522839" lon="31.17055"></trkpt>
      <trkpt lat="49.52152" lon="31.171064"></trkpt>
      <trkpt lat="49.520296" lon="31.171893"></trkpt>
      <trkpt lat="49.519102" lon="31.172847"></trkpt>
      <trkpt lat="49.517995" lon="31.174078"></trkpt>
      <trkpt lat="49.513423" lon="31.180704"></trkpt>
      <trkpt lat="49.512534" lon="31.182233"></trkpt>
      <trkpt lat="49.512017" lon="31.183359"></trkpt>
      <trkpt lat="49.510963" lon="31.186443"></trkpt>
      <trkpt lat="49.51047" lon="31.187572"></trkpt>
      <trkpt lat="49.509863" lon="31.18859"></trkpt>
      <trkpt lat="49.509171" lon="31.189424"></trkpt>
      <trkpt lat="49.508365" lon="31.190105"></trkpt>
      <trkpt lat="49.507092" lon="31.190718"></trkpt>
      <trkpt lat="49.501707" lon="31.19163"></trkpt>
      <trkpt lat="49.500819" lon="31.191931"></trkpt>
      <trkpt lat="49.500002" lon="31.192419"></trkpt>
      <trkpt lat="49.498864" lon="31.193479"></trkpt>
      <trkpt lat="49.487099" lon="31.206936"></trkpt>
      <trkpt lat="49.486227" lon="31.208247"></trkpt>
      <trkpt lat="49.485526" lon="31.209674"></trkpt>
      <trkpt lat="49.483034" lon="31.216322"></trkpt>
      <trkpt lat="49.482535" lon="31.218244"></trkpt>
      <trkpt lat="49.481964" lon="31.221653"></trkpt>
      <trkpt lat="49.48142" lon="31.223843"></trkpt>
      <trkpt lat="49.480223" lon="31.22788"></trkpt>
      <trkpt lat="49.479717" lon="31.22906"></trkpt>
      <trkpt lat="49.479115" lon="31.230111"></trkpt>
      <trkpt lat="49.47807" lon="31.23143"></trkpt>
      <trkpt lat="49.476874" lon="31.232346"></trkpt>
      <trkpt lat="49.473856" lon="31.233588"></trkpt>
      <trkpt lat="49.469442" lon="31.235201"></trkpt>
      <trkpt lat="49.468577" lon="31.235615"></trkpt>
      <trkpt lat="49.467808" lon="31.236161"></trkpt>
      <trkpt lat="49.466639" lon="31.237292"></trkpt>
      <trkpt lat="49.465964" lon="31.238147"></trkpt>
      <trkpt lat="49.461506" lon="31.244838"></trkpt>
      <trkpt lat="49.460709" lon="31.246597"></trkpt>
      <trkpt lat="49.459923" lon="31.249056"></trkpt>
      <trkpt lat="49.456825" lon="31.262029"></trkpt>
      <trkpt lat="49.455811" lon="31.265783"></trkpt>
      <trkpt lat="49.455293" lon="31.266914"></trkpt>
      <trkpt lat="49.454324" lon="31.268355"></trkpt>
      <trkpt lat="49.453543" lon="31.269119"></trkpt>
      <trkpt lat="49.451962" lon="31.270336"></trkpt>
      <trkpt lat="49.450927" lon="31.271529"></trkpt>
      <trkpt lat="49.450308" lon="31.272582"></trkpt>
      <trkpt lat="49.449794" lon="31.273817"></trkpt>
      <trkpt lat="49.448559" lon="31.279587"></trkpt>
      <trkpt lat="49.448102" lon="31.280747"></trkpt>
      <trkpt lat="49.446734" lon="31.283409"></trkpt>
      <trkpt lat="49.446118" lon="31.285265"></trkpt>
      <trkpt lat="49.445871" lon="31.286553"></trkpt>
      <trkpt lat="49.445434" lon="31.290728"></trkpt>
      <trkpt lat="49.445138" lon="31.292046"></trkpt>
      <trkpt lat="49.444462" lon="31.293834"></trkpt>
      <trkpt lat="49.442504" lon="31.296841"></trkpt>
      <trkpt lat="49.438704" lon="31.301542"></trkpt>
      <trkpt lat="49.437533" lon="31.302543"></trkpt>
      <trkpt lat="49.43549" lon="31.303564"></trkpt>
      <trkpt lat="49.434604" lon="31.304136"></trkpt>
      <trkpt lat="49.432832" lon="31.305863"></trkpt>
      <trkpt lat="49.4318" lon="31.307764"></trkpt>
      <trkpt lat="49.428175" lon="31.318079"></trkpt>
      <trkpt lat="49.426968" lon="31.32083"></trkpt>
      <trkpt lat="49.426301" lon="31.321821"></trkpt>
      <trkpt lat="49.425494" lon="31.322701"></trkpt>
      <trkpt lat="49.421038" lon="31.325767"></trkpt>
      <trkpt lat="49.42031" lon="31.326545"></trkpt>
      <trkpt lat="49.419691" lon="31.327478"></trkpt>
      <trkpt lat="49.419255" lon="31.328459"></trkpt>
      <trkpt lat="49.418903" lon="31.329641"></trkpt>
      <trkpt lat="49.417645" lon="31.336718"></trkpt>
      <trkpt lat="49.416629" lon="31.341643"></trkpt>
      <trkpt lat="49.416233" lon="31.342864"></trkpt>
      <trkpt lat="49.41568" lon="31.344045"></trkpt>
      <trkpt lat="49.415049" lon="31.34503"></trkpt>
      <trkpt lat="49.414358" lon="31.345859"></trkpt>
      <trkpt lat="49.413371" lon="31.346686"></trkpt>
      <trkpt lat="49.412275" lon="31.34722"></trkpt>
      <trkpt lat="49.408704" lon="31.347875"></trkpt>
      <trkpt lat="49.407678" lon="31.347969"></trkpt>
      <trkpt lat="49.40691" lon="31.347885"></trkpt>
      <trkpt lat="49.405633" lon="31.347367"></trkpt>
      <trkpt lat="49.404793" lon="31.346788"></trkpt>
      <trkpt lat="49.403956" lon="31.345992"></trkpt>
      <trkpt lat="49.400968" lon="31.341469"></trkpt>
      <trkpt lat="49.399594" lon="31.339994"></trkpt>
      <trkpt lat="49.398395" lon="31.33917"></trkpt>
      <trkpt lat="49.395427" lon="31.338048"></trkpt>
      <trkpt lat="49.394594" lon="31.337513"></trkpt>
      <trkpt lat="49.393802" lon="31.336804"></trkpt>
      <trkpt lat="49.39274" lon="31.335563"></trkpt>
      <trkpt lat="49.389176" lon="31.330278"></trkpt>
      <trkpt lat="49.387837" lon="31.329051"></trkpt>
      <trkpt lat="49.385967" lon="31.328003"></trkpt>
      <trkpt lat="49.385094" lon="31.327654"></trkpt>
      <trkpt lat="49.384186" lon="31.327515"></trkpt>
      <trkpt lat="49.381507" lon="31.327589"></trkpt>
      <trkpt lat="49.380191" lon="31.327341"></trkpt>
      <trkpt lat="49.379414" lon="31.326959"></trkpt>
      <trkpt lat="49.378675" lon="31.326397"></trkpt>
      <trkpt lat="49.376272" lon="31.32404"></trkpt>
      <trkpt lat="49.375015" lon="31.323374"></trkpt>
      <trkpt lat="49.374262" lon="31.323179"></trkpt>
      <trkpt lat="49.373134" lon="31.323127"></trkpt>
      <trkpt lat="49.371893" lon="31.323475"></trkpt>
      <trkpt lat="49.371314" lon="31.323819"></trkpt>
      <trkpt lat="49.370251" lon="31.324713"></trkpt>
      <trkpt lat="49.369582" lon="31.325552"></trkpt>
      <trkpt lat="49.366721" lon="31.330805"></trkpt>
      <trkpt lat="49.365329" lon="31.332588"></trkpt>
      <trkpt lat="49.363733" lon="31.333877"></trkpt>
      <trkpt lat="49.361647" lon="31.335137"></trkpt>
      <trkpt lat="49.360338" lon="31.335595"></trkpt>
      <trkpt lat="49.355003" lon="31.336903"></trkpt>
      <trkpt lat="49.35417" lon="31.337253"></trkpt>
      <trkpt lat="49.353342" lon="31.337787"></trkpt>
      <trkpt lat="49.352255" lon="31.338933"></trkpt>
      <trkpt lat="49.346952" lon="31.346201"></trkpt>
      <trkpt lat="49.345559" lon="31.348052"></trkpt>
      <trkpt lat="49.344993" lon="31.348621"></trkpt>
      <trkpt lat="49.344287" lon="31.349163"></trkpt>
      <trkpt lat="49.343501" lon="31.349576"></trkpt>
      <trkpt lat="49.342753" lon="31.349774"></trkpt>
      <trkpt lat="49.341987" lon="31.349823"></trkpt>
      <trkpt lat="49.340233" lon="31.349667"></trkpt>
      <trkpt lat="49.339233" lon="31.349774"></trkpt>
      <trkpt lat="49.338468" lon="31.35"></trkpt>
      <trkpt lat="49.33683" lon="31.350788"></trkpt>
      <trkpt lat="49.335912" lon="31.351467"></trkpt>
      <trkpt lat="49.335168" lon="31.352186"></trkpt>
      <trkpt lat="49.33432" lon="31.353258"></trkpt>
      <trkpt lat="49.331864" lon="31.357665"></trkpt>
      <trkpt lat="49.330597" lon="31.359605"></trkpt>
      <trkpt lat="49.318155" lon="31.373549"></trkpt>
      <trkpt lat="49.316417" lon="31.375971"></trkpt>
      <trkpt lat="49.315711" lon="31.377374"></trkpt>
      <trkpt lat="49.31149" lon="31.388299"></trkpt>
      <trkpt lat="49.310591" lon="31.390187"></trkpt>
      <trkpt lat="49.293284" lon="31.418349"></trkpt>
      <trkpt lat="49.292247" lon="31.419661"></trkpt>
      <trkpt lat="49.28948" lon="31.422151"></trkpt>
      <trkpt lat="49.288416" lon="31.423766"></trkpt>
      <trkpt lat="49.287769" lon="31.425359"></trkpt>
      <trkpt lat="49.286527" lon="31.430557"></trkpt>
      <trkpt lat="49.285991" lon="31.43236"></trkpt>
      <trkpt lat="49.284971" lon="31.434226"></trkpt>
      <trkpt lat="49.28438" lon="31.434991"></trkpt>
      <trkpt lat="49.28379" lon="31.435527"></trkpt>
      <trkpt lat="49.283085" lon="31.436032"></trkpt>
      <trkpt lat="49.282418" lon="31.436319"></trkpt>
      <trkpt lat="49.281157" lon="31.436565"></trkpt>
      <trkpt lat="49.280494" lon="31.436506"></trkpt>
      <trkpt lat="49.27372" lon="31.434674"></trkpt>
      <trkpt lat="49.272675" lon="31.434532"></trkpt>
      <trkpt lat="49.266439" lon="31.432858"></trkpt>
      <trkpt lat="49.264711" lon="31.432741"></trkpt>
      <trkpt lat="49.262625" lon="31.433003"></trkpt>
      <trkpt lat="49.261033" lon="31.4335"></trkpt>
      <trkpt lat="49.259424" lon="31.434373"></trkpt>
      <trkpt lat="49.245173" lon="31.442497"></trkpt>
      <trkpt lat="49.243645" lon="31.443171"></trkpt>
      <trkpt lat="49.242797" lon="31.443334"></trkpt>
      <trkpt lat="49.241107" lon="31.443188"></trkpt>
      <trkpt lat="49.239469" lon="31.44257"></trkpt>
      <trkpt lat="49.231923" lon="31.436527"></trkpt>
      <trkpt lat="49.231245" lon="31.436174"></trkpt>
      <trkpt lat="49.230534" lon="31.435927"></trkpt>
      <trkpt lat="49.229404" lon="31.435824"></trkpt>
      <trkpt lat="49.228387" lon="31.43601"></trkpt>
      <trkpt lat="49.227547" lon="31.43636"></trkpt>
      <trkpt lat="49.226071" lon="31.437563"></trkpt>
      <trkpt lat="49.225177" lon="31.438617"></trkpt>
      <trkpt lat="49.22434" lon="31.439837"></trkpt>
      <trkpt lat="49.223551" lon="31.441771"></trkpt>
      <trkpt lat="49.222122" lon="31.445939"></trkpt>
      <trkpt lat="49.221169" lon="31.447472"></trkpt>
      <trkpt lat="49.220349" lon="31.448282"></trkpt>
      <trkpt lat="49.218179" lon="31.449889"></trkpt>
      <trkpt lat="49.2088" lon="31.456452"></trkpt>
      <trkpt lat="49.204679" lon="31.460766"></trkpt>
      <trkpt lat="49.20347" lon="31.46156"></trkpt>
      <trkpt lat="49.19977" lon="31.463539"></trkpt>
      <trkpt lat="49.198554" lon="31.464574"></trkpt>
      <trkpt lat="49.192298" lon="31.470996"></trkpt>
      <trkpt lat="49.191581" lon="31.471863"></trkpt>
      <trkpt lat="49.190917" lon="31.472923"></trkpt>
      <trkpt lat="49.189137" lon="31.476792"></trkpt>
      <trkpt lat="49.188458" lon="31.477701"></trkpt>
      <trkpt lat="49.186275" lon="31.47976"></trkpt>
      <trkpt lat="49.185447" lon="31.480734"></trkpt>
      <trkpt lat="49.184725" lon="31.481968"></trkpt>
      <trkpt lat="49.183392" lon="31.48488"></trkpt>
      <trkpt lat="49.182058" lon="31.486837"></trkpt>
      <trkpt lat="49.180674" lon="31.488143"></trkpt>
      <trkpt lat="49.177283" lon="31.490338"></trkpt>
      <trkpt lat="49.176093" lon="31.491238"></trkpt>
      <trkpt lat="49.174963" lon="31.492401"></trkpt>
      <trkpt lat="49.173976" lon="31.493788"></trkpt>
      <trkpt lat="49.151482" lon="31.532991"></trkpt>
      <trkpt lat="49.149993" lon="31.536154"></trkpt>
      <trkpt lat="49.149142" lon="31.539296"></trkpt>
      <trkpt lat="49.148285" lon="31.545116"></trkpt>
      <trkpt lat="49.144334" lon="31.574225"></trkpt>
      <trkpt lat="49.144194" lon="31.57621"></trkpt>
      <trkpt lat="49.144236" lon="31.577563"></trkpt>
      <trkpt lat="49.14464" lon="31.582543"></trkpt>
      <trkpt lat="49.145382" lon="31.586973"></trkpt>
      <trkpt lat="49.146031" lon="31.589477"></trkpt>
      <trkpt lat="49.147345" lon="31.592293"></trkpt>
      <trkpt lat="49.147861" lon="31.593802"></trkpt>
      <trkpt lat="49.148209" lon="31.595408"></trkpt>
      <trkpt lat="49.148334" lon="31.597435"></trkpt>
      <trkpt lat="49.148234" lon="31.598883"></trkpt>
      <trkpt lat="49.147219" lon="31.603898"></trkpt>
      <trkpt lat="49.14703" lon="31.605323"></trkpt>
      <trkpt lat="49.146832" lon="31.608129"></trkpt>
      <trkpt lat="49.146948" lon="31.610595"></trkpt>
      <trkpt lat="49.14714" lon="31.611921"></trkpt>
      <trkpt lat="49.149857" lon="31.623946"></trkpt>
      <trkpt lat="49.150131" lon="31.62571"></trkpt>
      <trkpt lat="49.150284" lon="31.628019"></trkpt>
      <trkpt lat="49.150431" lon="31.636141"></trkpt>
      <trkpt lat="49.150739" lon="31.638814"></trkpt>
      <trkpt lat="49.152795" lon="31.647403"></trkpt>
      <trkpt lat="49.153532" lon="31.649321"></trkpt>
      <trkpt lat="49.154104" lon="31.650278"></trkpt>
      <trkpt lat="49.154825" lon="31.651191"></trkpt>
      <trkpt lat="49.155487" lon="31.651768"></trkpt>
      <trkpt lat="49.15866" lon="31.653801"></trkpt>
      <trkpt lat="49.159736" lon="31.654952"></trkpt>
      <trkpt lat="49.164581" lon="31.66173"></trkpt>
      <trkpt lat="49.169469" lon="31.670219"></trkpt>
      <trkpt lat="49.170713" lon="31.672188"></trkpt>
      <trkpt lat="49.178645" lon="31.682341"></trkpt>
      <trkpt lat="49.180801" lon="31.684668"></trkpt>
      <trkpt lat="49.19265" lon="31.696751"></trkpt>
      <trkpt lat="49.194004" lon="31.697587"></trkpt>
      <trkpt lat="49.195285" lon="31.697948"></trkpt>
      <trkpt lat="49.196132" lon="31.697972"></trkpt>
      <trkpt lat="49.197581" lon="31.697579"></trkpt>
      <trkpt lat="49.201158" lon="31.695751"></trkpt>
      <trkpt lat="49.202385" lon="31.695468"></trkpt>
      <trkpt lat="49.203397" lon="31.695487"></trkpt>
      <trkpt lat="49.20796" lon="31.696656"></trkpt>
      <trkpt lat="49.209049" lon="31.697249"></trkpt>
      <trkpt lat="49.210072" lon="31.698112"></trkpt>
      <trkpt lat="49.211596" lon="31.700065"></trkpt>
      <trkpt lat="49.219708" lon="31.715347"></trkpt>
      <trkpt lat="49.220305" lon="31.716828"></trkpt>
      <trkpt lat="49.220865" lon="31.719022"></trkpt>
      <trkpt lat="49.221124" lon="31.721747"></trkpt>
      <trkpt lat="49.220986" lon="31.724459"></trkpt>
      <trkpt lat="49.219405" lon="31.733834"></trkpt>
      <trkpt lat="49.219249" lon="31.735156"></trkpt>
      <trkpt lat="49.219169" lon="31.737931"></trkpt>
      <trkpt lat="49.225344" lon="31.801983"></trkpt>
      <trkpt lat="49.225516" lon="31.805151"></trkpt>
      <trkpt lat="49.225381" lon="31.809345"></trkpt>
      <trkpt lat="49.225222" lon="31.810997"></trkpt>
      <trkpt lat="49.224742" lon="31.814059"></trkpt>
      <trkpt lat="49.224074" lon="31.817022"></trkpt>
      <trkpt lat="49.216905" lon="31.841711"></trkpt>
      <trkpt lat="49.216182" lon="31.844608"></trkpt>
      <trkpt lat="49.215931" lon="31.846488"></trkpt>
      <trkpt lat="49.215852" lon="31.849408"></trkpt>
      <trkpt lat="49.216451" lon="31.85573"></trkpt>
      <trkpt lat="49.216343" lon="31.85787"></trkpt>
      <trkpt lat="49.215892" lon="31.860404"></trkpt>
      <trkpt lat="49.205529" lon="31.893684"></trkpt>
      <trkpt lat="49.201433" lon="31.906489"></trkpt>
      <trkpt lat="49.194491" lon="31.916853"></trkpt>
      <trkpt lat="49.19372" lon="31.918463"></trkpt>
      <trkpt lat="49.189763" lon="31.928676"></trkpt>
      <trkpt lat="49.18851" lon="31.93056"></trkpt>
      <trkpt lat="49.187788" lon="31.93136"></trkpt>
      <trkpt lat="49.186492" lon="31.932378"></trkpt>
      <trkpt lat="49.177476" lon="31.936863"></trkpt>
      <trkpt lat="49.176144" lon="31.937413"></trkpt>
      <trkpt lat="49.174975" lon="31.937589"></trkpt>
      <trkpt lat="49.173916" lon="31.937507"></trkpt>
      <trkpt lat="49.168378" lon="31.936508"></trkpt>
      <trkpt lat="49.166969" lon="31.936384"></trkpt>
      <trkpt lat="49.166385" lon="31.936463"></trkpt>
      <trkpt lat="49.165502" lon="31.936781"></trkpt>
      <trkpt lat="49.164278" lon="31.937615"></trkpt>
      <trkpt lat="49.16364" lon="31.938281"></trkpt>
      <trkpt lat="49.157634" lon="31.945931"></trkpt>
      <trkpt lat="49.156646" lon="31.946833"></trkpt>
      <trkpt lat="49.151718" lon="31.950196"></trkpt>
      <trkpt lat="49.150974" lon="31.950937"></trkpt>
      <trkpt lat="49.150159" lon="31.952014"></trkpt>
      <trkpt lat="49.149391" lon="31.953668"></trkpt>
      <trkpt lat="49.148955" lon="31.955224"></trkpt>
      <trkpt lat="49.148476" lon="31.958924"></trkpt>
      <trkpt lat="49.148045" lon="31.960776"></trkpt>
      <trkpt lat="49.147331" lon="31.962414"></trkpt>
      <trkpt lat="49.146411" lon="31.963761"></trkpt>
      <trkpt lat="49.145549" lon="31.964618"></trkpt>
      <trkpt lat="49.144384" lon="31.965392"></trkpt>
      <trkpt lat="49.142867" lon="31.966151"></trkpt>
      <trkpt lat="49.139355" lon="31.96828"></trkpt>
      <trkpt lat="49.111065" lon="31.992617"></trkpt>
      <trkpt lat="49.110052" lon="31.993239"></trkpt>
      <trkpt lat="49.10935" lon="31.993516"></trkpt>
      <trkpt lat="49.107345" lon="31.994009"></trkpt>
      <trkpt lat="49.073423" lon="32.000552"></trkpt>
      <trkpt lat="49.072438" lon="32.000888"></trkpt>
      <trkpt lat="49.070829" lon="32.002037"></trkpt>
      <trkpt lat="49.070111" lon="32.002772"></trkpt>
      <trkpt lat="49.06739" lon="32.006576"></trkpt>
      <trkpt lat="49.066338" lon="32.008715"></trkpt>
      <trkpt lat="49.064765" lon="32.013688"></trkpt>
      <trkpt lat="49.064037" lon="32.014955"></trkpt>
      <trkpt lat="49.063191" lon="32.015914"></trkpt>
      <trkpt lat="49.060322" lon="32.017823"></trkpt>
      <trkpt lat="49.059382" lon="32.018581"></trkpt>
      <trkpt lat="49.058521" lon="32.019707"></trkpt>
      <trkpt lat="49.057352" lon="32.022171"></trkpt>
      <trkpt lat="49.05673" lon="32.024598"></trkpt>
      <trkpt lat="49.05668" lon="32.027459"></trkpt>
      <trkpt lat="49.057197" lon="32.03138"></trkpt>
      <trkpt lat="49.057166" lon="32.032925"></trkpt>
      <trkpt lat="49.055644" lon="32.041224"></trkpt>
      <trkpt lat="49.053886" lon="32.047776"></trkpt>
      <trkpt lat="49.053702" lon="32.049271"></trkpt>
      <trkpt lat="49.053309" lon="32.056451"></trkpt>
      <trkpt lat="49.052861" lon="32.059169"></trkpt>
      <trkpt lat="49.049727" lon="32.068455"></trkpt>
      <trkpt lat="49.049053" lon="32.069874"></trkpt>
      <trkpt lat="49.044782" lon="32.077683"></trkpt>
      <trkpt lat="49.044112" lon="32.07925"></trkpt>
      <trkpt lat="49.04374" lon="32.080707"></trkpt>
      <trkpt lat="49.043514" lon="32.082721"></trkpt>
      <trkpt lat="49.043697" lon="32.087579"></trkpt>
      <trkpt lat="49.043564" lon="32.089528"></trkpt>
      <trkpt lat="49.043104" lon="32.091532"></trkpt>
      <trkpt lat="49.041763" lon="32.095657"></trkpt>
      <trkpt lat="49.041458" lon="32.09757"></trkpt>
      <trkpt lat="49.041678" lon="32.102243"></trkpt>
      <trkpt lat="49.041551" lon="32.104557"></trkpt>
      <trkpt lat="49.038383" lon="32.117621"></trkpt>
      <trkpt lat="49.03809" lon="32.119757"></trkpt>
      <trkpt lat="49.037647" lon="32.125127"></trkpt>
      <trkpt lat="49.037009" lon="32.127872"></trkpt>
      <trkpt lat="49.036506" lon="32.128963"></trkpt>
      <trkpt lat="49.035881" lon="32.129983"></trkpt>
      <trkpt lat="49.032681" lon="32.133292"></trkpt>
      <trkpt lat="49.031278" lon="32.135231"></trkpt>
      <trkpt lat="49.01906" lon="32.15938"></trkpt>
      <trkpt lat="49.008123" lon="32.177614"></trkpt>
      <trkpt lat="49.006969" lon="32.179732"></trkpt>
      <trkpt lat="49.006044" lon="32.181933"></trkpt>
      <trkpt lat="49.005503" lon="32.183637"></trkpt>
      <trkpt lat="48.999198" lon="32.209898"></trkpt>
      <trkpt lat="48.998547" lon="32.212128"></trkpt>
      <trkpt lat="48.997851" lon="32.213765"></trkpt>
      <trkpt lat="48.995058" lon="32.218836"></trkpt>
      <trkpt lat="48.992706" lon="32.222805"></trkpt>
      <trkpt lat="48.98938" lon="32.227467"></trkpt>
      <trkpt lat="48.982342" lon="32.240068"></trkpt>
      <trkpt lat="48.95949" lon="32.270275"></trkpt>
      <trkpt lat="48.959024" lon="32.271112"></trkpt>
      <trkpt lat="48.958229" lon="32.273051"></trkpt>
      <trkpt lat="48.954061" lon="32.289151"></trkpt>
      <trkpt lat="48.95358" lon="32.290626"></trkpt>
      <trkpt lat="48.953033" lon="32.291804"></trkpt>
      <trkpt lat="48.951354" lon="32.294824"></trkpt>
      <trkpt lat="48.95034" lon="32.296159"></trkpt>
      <trkpt lat="48.949496" lon="32.296987"></trkpt>
      <trkpt lat="48.945517" lon="32.300035"></trkpt>
      <trkpt lat="48.944685" lon="32.30089"></trkpt>
      <trkpt lat="48.943679" lon="32.30224"></trkpt>
      <trkpt lat="48.94147" lon="32.305877"></trkpt>
      <trkpt lat="48.940519" lon="32.307985"></trkpt>
      <trkpt lat="48.938017" lon="32.314305"></trkpt>
      <trkpt lat="48.937416" lon="32.315555"></trkpt>
      <trkpt lat="48.936637" lon="32.316791"></trkpt>
      <trkpt lat="48.934093" lon="32.320163"></trkpt>
      <trkpt lat="48.933052" lon="32.321101"></trkpt>
      <trkpt lat="48.932428" lon="32.321498"></trkpt>
      <trkpt lat="48.931707" lon="32.321926"></trkpt>
      <trkpt lat="48.930891" lon="32.322228"></trkpt>
      <trkpt lat="48.926097" lon="32.323297"></trkpt>
      <trkpt lat="48.92505" lon="32.323774"></trkpt>
      <trkpt lat="48.923419" lon="32.324964"></trkpt>
      <trkpt lat="48.922007" lon="32.32652"></trkpt>
      <trkpt lat="48.916465" lon="32.334041"></trkpt>
      <trkpt lat="48.907048" lon="32.34426"></trkpt>
      <trkpt lat="48.905572" lon="32.346255"></trkpt>
      <trkpt lat="48.904877" lon="32.34766"></trkpt>
      <trkpt lat="48.904036" lon="32.350531"></trkpt>
      <trkpt lat="48.901525" lon="32.363098"></trkpt>
      <trkpt lat="48.900982" lon="32.364961"></trkpt>
      <trkpt lat="48.900523" lon="32.365945"></trkpt>
      <trkpt lat="48.899512" lon="32.367442"></trkpt>
      <trkpt lat="48.895763" lon="32.370859"></trkpt>
      <trkpt lat="48.891193" lon="32.376717"></trkpt>
      <trkpt lat="48.890533" lon="32.378007"></trkpt>
      <trkpt lat="48.890087" lon="32.379273"></trkpt>
      <trkpt lat="48.889229" lon="32.383877"></trkpt>
      <trkpt lat="48.888736" lon="32.385642"></trkpt>
      <trkpt lat="48.888214" lon="32.386785"></trkpt>
      <trkpt lat="48.884803" lon="32.3922"></trkpt>
      <trkpt lat="48.883881" lon="32.39311"></trkpt>
      <trkpt lat="48.882746" lon="32.393794"></trkpt>
      <trkpt lat="48.88197" lon="32.394032"></trkpt>
      <trkpt lat="48.879751" lon="32.394319"></trkpt>
      <trkpt lat="48.87909" lon="32.394529"></trkpt>
      <trkpt lat="48.877631" lon="32.395438"></trkpt>
      <trkpt lat="48.876489" lon="32.396513"></trkpt>
      <trkpt lat="48.875557" lon="32.397811"></trkpt>
      <trkpt lat="48.874712" lon="32.399778"></trkpt>
      <trkpt lat="48.873503" lon="32.404795"></trkpt>
      <trkpt lat="48.872603" lon="32.407107"></trkpt>
      <trkpt lat="48.871746" lon="32.408287"></trkpt>
      <trkpt lat="48.871033" lon="32.408974"></trkpt>
      <trkpt lat="48.869879" lon="32.409725"></trkpt>
      <trkpt lat="48.869343" lon="32.409971"></trkpt>
      <trkpt lat="48.868224" lon="32.410133"></trkpt>
      <trkpt lat="48.866799" lon="32.409891"></trkpt>
      <trkpt lat="48.865669" lon="32.409446"></trkpt>
      <trkpt lat="48.860562" lon="32.406772"></trkpt>
      <trkpt lat="48.859887" lon="32.40652"></trkpt>
      <trkpt lat="48.858402" lon="32.406216"></trkpt>
      <trkpt lat="48.856834" lon="32.406311"></trkpt>
      <trkpt lat="48.853853" lon="32.407029"></trkpt>
      <trkpt lat="48.849858" lon="32.408137"></trkpt>
      <trkpt lat="48.849195" lon="32.408424"></trkpt>
      <trkpt lat="48.847934" lon="32.40927"></trkpt>
      <trkpt lat="48.841183" lon="32.414556"></trkpt>
      <trkpt lat="48.840519" lon="32.415358"></trkpt>
      <trkpt lat="48.839917" lon="32.416331"></trkpt>
      <trkpt lat="48.838196" lon="32.420704"></trkpt>
      <trkpt lat="48.837167" lon="32.422429"></trkpt>
      <trkpt lat="48.8329" lon="32.427026"></trkpt>
      <trkpt lat="48.831771" lon="32.428736"></trkpt>
      <trkpt lat="48.831069" lon="32.430702"></trkpt>
      <trkpt lat="48.829802" lon="32.435983"></trkpt>
      <trkpt lat="48.827537" lon="32.440949"></trkpt>
      <trkpt lat="48.825963" lon="32.445109"></trkpt>
      <trkpt lat="48.824811" lon="32.447072"></trkpt>
      <trkpt lat="48.8223" lon="32.450377"></trkpt>
      <trkpt lat="48.821933" lon="32.451129"></trkpt>
      <trkpt lat="48.819421" lon="32.458926"></trkpt>
      <trkpt lat="48.819069" lon="32.459745"></trkpt>
      <trkpt lat="48.817937" lon="32.46155"></trkpt>
      <trkpt lat="48.816698" lon="32.462672"></trkpt>
      <trkpt lat="48.815835" lon="32.46312"></trkpt>
      <trkpt lat="48.815018" lon="32.463362"></trkpt>
      <trkpt lat="48.814146" lon="32.463392"></trkpt>
      <trkpt lat="48.81303" lon="32.463165"></trkpt>
      <trkpt lat="48.811914" lon="32.462575"></trkpt>
      <trkpt lat="48.80981" lon="32.460992"></trkpt>
      <trkpt lat="48.808694" lon="32.460555"></trkpt>
      <trkpt lat="48.806415" lon="32.460168"></trkpt>
      <trkpt lat="48.805373" lon="32.459729"></trkpt>
      <trkpt lat="48.804739" lon="32.45927"></trkpt>
      <trkpt lat="48.80333" lon="32.457506"></trkpt>
      <trkpt lat="48.794279" lon="32.44312"></trkpt>
      <trkpt lat="48.792857" lon="32.441195"></trkpt>
      <trkpt lat="48.79151" lon="32.440111"></trkpt>
      <trkpt lat="48.788842" lon="32.43884"></trkpt>
      <trkpt lat="48.787574" lon="32.438513"></trkpt>
      <trkpt lat="48.786347" lon="32.438488"></trkpt>
      <trkpt lat="48.785209" lon="32.4387"></trkpt>
      <trkpt lat="48.784701" lon="32.438902"></trkpt>
      <trkpt lat="48.783759" lon="32.43939"></trkpt>
      <trkpt lat="48.782961" lon="32.439977"></trkpt>
      <trkpt lat="48.76605" lon="32.453568"></trkpt>
      <trkpt lat="48.758233" lon="32.459359"></trkpt>
      <trkpt lat="48.75775" lon="32.459916"></trkpt>
      <trkpt lat="48.75644" lon="32.462052"></trkpt>
      <trkpt lat="48.754703" lon="32.465469"></trkpt>
      <trkpt lat="48.753565" lon="32.468244"></trkpt>
      <trkpt lat="48.752987" lon="32.470838"></trkpt>
      <trkpt lat="48.752762" lon="32.472856"></trkpt>
      <trkpt lat="48.752219" lon="32.486159"></trkpt>
      <trkpt lat="48.752031" lon="32.488077"></trkpt>
      <trkpt lat="48.748093" lon="32.507706"></trkpt>
      <trkpt lat="48.747759" lon="32.510412"></trkpt>
      <trkpt lat="48.747771" lon="32.511979"></trkpt>
      <trkpt lat="48.7485" lon="32.52076"></trkpt>
      <trkpt lat="48.751102" lon="32.542031"></trkpt>
      <trkpt lat="48.751115" lon="32.544047"></trkpt>
      <trkpt lat="48.750911" lon="32.546665"></trkpt>
      <trkpt lat="48.750702" lon="32.547702"></trkpt>
      <trkpt lat="48.750062" lon="32.54958"></trkpt>
      <trkpt lat="48.748243" lon="32.553356"></trkpt>
      <trkpt lat="48.74101" lon="32.566171"></trkpt>
      <trkpt lat="48.739821" lon="32.567649"></trkpt>
      <trkpt lat="48.719519" lon="32.589404"></trkpt>
      <trkpt lat="48.718625" lon="32.590701"></trkpt>
      <trkpt lat="48.717822" lon="32.592392"></trkpt>
      <trkpt lat="48.716507" lon="32.596284"></trkpt>
      <trkpt lat="48.716138" lon="32.597896"></trkpt>
      <trkpt lat="48.716013" lon="32.600597"></trkpt>
      <trkpt lat="48.716293" lon="32.602591"></trkpt>
      <trkpt lat="48.716847" lon="32.604384"></trkpt>
      <trkpt lat="48.719217" lon="32.610795"></trkpt>
      <trkpt lat="48.719621" lon="32.612367"></trkpt>
      <trkpt lat="48.719935" lon="32.614253"></trkpt>
      <trkpt lat="48.720178" lon="32.617915"></trkpt>
      <trkpt lat="48.720282" lon="32.620827"></trkpt>
      <trkpt lat="48.720199" lon="32.622218"></trkpt>
      <trkpt lat="48.720539" lon="32.628902"></trkpt>
      <trkpt lat="48.720608" lon="32.637182"></trkpt>
      <trkpt lat="48.720351" lon="32.639325"></trkpt>
      <trkpt lat="48.719998" lon="32.640959"></trkpt>
      <trkpt lat="48.717009" lon="32.653056"></trkpt>
      <trkpt lat="48.716024" lon="32.655952"></trkpt>
      <trkpt lat="48.715531" lon="32.658763"></trkpt>
      <trkpt lat="48.714844" lon="32.66074"></trkpt>
      <trkpt lat="48.714323" lon="32.662833"></trkpt>
      <trkpt lat="48.711363" lon="32.679768"></trkpt>
      <trkpt lat="48.710894" lon="32.683355"></trkpt>
      <trkpt lat="48.71079" lon="32.685254"></trkpt>
      <trkpt lat="48.709606" lon="32.696531"></trkpt>
      <trkpt lat="48.709374" lon="32.699739"></trkpt>
      <trkpt lat="48.707345" lon="32.753473"></trkpt>
      <trkpt lat="48.705127" lon="32.807896"></trkpt>
      <trkpt lat="48.704707" lon="32.811009"></trkpt>
      <trkpt lat="48.704138" lon="32.813278"></trkpt>
      <trkpt lat="48.703553" lon="32.815026"></trkpt>
      <trkpt lat="48.680074" lon="32.873021"></trkpt>
      <trkpt lat="48.678441" lon="32.877453"></trkpt>
      <trkpt lat="48.674089" lon="32.888009"></trkpt>
      <trkpt lat="48.673063" lon="32.891339"></trkpt>
      <trkpt lat="48.672781" lon="32.893109"></trkpt>
      <trkpt lat="48.672664" lon="32.89505"></trkpt>
      <trkpt lat="48.672792" lon="32.897645"></trkpt>
      <trkpt lat="48.676958" lon="32.937804"></trkpt>
      <trkpt lat="48.6771" lon="32.94041"></trkpt>
      <trkpt lat="48.677529" lon="32.962603"></trkpt>
      <trkpt lat="48.677753" lon="32.964467"></trkpt>
      <trkpt lat="48.678167" lon="32.966328"></trkpt>
      <trkpt lat="48.67865" lon="32.967814"></trkpt>
      <trkpt lat="48.679523" lon="32.969698"></trkpt>
      <trkpt lat="48.680136" lon="32.970716"></trkpt>
      <trkpt lat="48.681005" lon="32.97183"></trkpt>
      <trkpt lat="48.681722" lon="32.97258"></trkpt>
      <trkpt lat="48.682722" lon="32.973392"></trkpt>
      <trkpt lat="48.683694" lon="32.973986"></trkpt>
      <trkpt lat="48.684663" lon="32.974369"></trkpt>
      <trkpt lat="48.685714" lon="32.974614"></trkpt>
      <trkpt lat="48.686575" lon="32.974634"></trkpt>
      <trkpt lat="48.688484" lon="32.974274"></trkpt>
      <trkpt lat="48.701798" lon="32.969202"></trkpt>
      <trkpt lat="48.703454" lon="32.968824"></trkpt>
      <trkpt lat="48.705455" lon="32.968893"></trkpt>
      <trkpt lat="48.706842" lon="32.969261"></trkpt>
      <trkpt lat="48.707762" lon="32.969688"></trkpt>
      <trkpt lat="48.716308" lon="32.97528"></trkpt>
      <trkpt lat="48.717633" lon="32.976429"></trkpt>
      <trkpt lat="48.718689" lon="32.977649"></trkpt>
      <trkpt lat="48.728493" lon="32.992749"></trkpt>
      <trkpt lat="48.729486" lon="32.994969"></trkpt>
      <trkpt lat="48.731" lon="33.001346"></trkpt>
      <trkpt lat="48.731938" lon="33.003613"></trkpt>
      <trkpt lat="48.732574" lon="33.00456"></trkpt>
      <trkpt lat="48.733285" lon="33.005354"></trkpt>
      <trkpt lat="48.734064" lon="33.005957"></trkpt>
      <trkpt lat="48.736097" lon="33.007178"></trkpt>
      <trkpt lat="48.736928" lon="33.007878"></trkpt>
      <trkpt lat="48.737966" lon="33.009297"></trkpt>
      <trkpt lat="48.738474" lon="33.010434"></trkpt>
      <trkpt lat="48.738937" lon="33.012346"></trkpt>
      <trkpt lat="48.73905" lon="33.013718"></trkpt>
      <trkpt lat="48.738882" lon="33.015797"></trkpt>
      <trkpt lat="48.738519" lon="33.017129"></trkpt>
      <trkpt lat="48.738074" lon="33.01827"></trkpt>
      <trkpt lat="48.728679" lon="33.038116"></trkpt>
      <trkpt lat="48.727988" lon="33.039863"></trkpt>
      <trkpt lat="48.727548" lon="33.041797"></trkpt>
      <trkpt lat="48.727459" lon="33.044492"></trkpt>
      <trkpt lat="48.727761" lon="33.046519"></trkpt>
      <trkpt lat="48.728021" lon="33.047499"></trkpt>
      <trkpt lat="48.731302" lon="33.056881"></trkpt>
      <trkpt lat="48.731809" lon="33.059063"></trkpt>
      <trkpt lat="48.732214" lon="33.070761"></trkpt>
      <trkpt lat="48.731998" lon="33.073409"></trkpt>
      <trkpt lat="48.731753" lon="33.074698"></trkpt>
      <trkpt lat="48.731027" lon="33.076488"></trkpt>
      <trkpt lat="48.730011" lon="33.077828"></trkpt>
      <trkpt lat="48.728836" lon="33.07866"></trkpt>
      <trkpt lat="48.728253" lon="33.078851"></trkpt>
      <trkpt lat="48.727396" lon="33.078901"></trkpt>
      <trkpt lat="48.724476" lon="33.078425"></trkpt>
      <trkpt lat="48.723257" lon="33.078059"></trkpt>
      <trkpt lat="48.722477" lon="33.07754"></trkpt>
      <trkpt lat="48.721876" lon="33.076959"></trkpt>
      <trkpt lat="48.72055" lon="33.074839"></trkpt>
      <trkpt lat="48.719637" lon="33.073818"></trkpt>
      <trkpt lat="48.719102" lon="33.073424"></trkpt>
      <trkpt lat="48.71841" lon="33.073112"></trkpt>
      <trkpt lat="48.717315" lon="33.072884"></trkpt>
      <trkpt lat="48.716117" lon="33.07308"></trkpt>
      <trkpt lat="48.715022" lon="33.073692"></trkpt>
      <trkpt lat="48.714436" lon="33.074223"></trkpt>
      <trkpt lat="48.704246" lon="33.085816"></trkpt>
      <trkpt lat="48.703506" lon="33.087007"></trkpt>
      <trkpt lat="48.70313" lon="33.087854"></trkpt>
      <trkpt lat="48.702581" lon="33.089611"></trkpt>
      <trkpt lat="48.702313" lon="33.091381"></trkpt>
      <trkpt lat="48.701696" lon="33.09901"></trkpt>
      <trkpt lat="48.701164" lon="33.100911"></trkpt>
      <trkpt lat="48.700401" lon="33.102483"></trkpt>
      <trkpt lat="48.699778" lon="33.10337"></trkpt>
      <trkpt lat="48.698953" lon="33.104217"></trkpt>
      <trkpt lat="48.697785" lon="33.104924"></trkpt>
      <trkpt lat="48.696704" lon="33.105188"></trkpt>
      <trkpt lat="48.694448" lon="33.105375"></trkpt>
      <trkpt lat="48.693096" lon="33.105898"></trkpt>
      <trkpt lat="48.692525" lon="33.106335"></trkpt>
      <trkpt lat="48.691855" lon="33.107072"></trkpt>
      <trkpt lat="48.690918" lon="33.108687"></trkpt>
      <trkpt lat="48.689961" lon="33.111309"></trkpt>
      <trkpt lat="48.689701" lon="33.113034"></trkpt>
      <trkpt lat="48.68967" lon="33.114352"></trkpt>
      <trkpt lat="48.690065" lon="33.117778"></trkpt>
      <trkpt lat="48.690111" lon="33.119131"></trkpt>
      <trkpt lat="48.690005" lon="33.120888"></trkpt>
      <trkpt lat="48.689707" lon="33.122355"></trkpt>
      <trkpt lat="48.689006" lon="33.124265"></trkpt>
      <trkpt lat="48.687429" lon="33.127215"></trkpt>
      <trkpt lat="48.686564" lon="33.128496"></trkpt>
      <trkpt lat="48.685555" lon="33.129347"></trkpt>
      <trkpt lat="48.679894" lon="33.131851"></trkpt>
      <trkpt lat="48.67901" lon="33.132133"></trkpt>
      <trkpt lat="48.669428" lon="33.134007"></trkpt>
      <trkpt lat="48.668319" lon="33.134307"></trkpt>
      <trkpt lat="48.667039" lon="33.135002"></trkpt>
      <trkpt lat="48.664558" lon="33.136679"></trkpt>
      <trkpt lat="48.663286" lon="33.137093"></trkpt>
      <trkpt lat="48.659878" lon="33.1373"></trkpt>
      <trkpt lat="48.658606" lon="33.13709"></trkpt>
      <trkpt lat="48.653226" lon="33.134495"></trkpt>
      <trkpt lat="48.65253" lon="33.134228"></trkpt>
      <trkpt lat="48.651023" lon="33.13391"></trkpt>
      <trkpt lat="48.643087" lon="33.132632"></trkpt>
      <trkpt lat="48.641775" lon="33.132643"></trkpt>
      <trkpt lat="48.640287" lon="33.133008"></trkpt>
      <trkpt lat="48.638553" lon="33.13387"></trkpt>
      <trkpt lat="48.637373" lon="33.13483"></trkpt>
      <trkpt lat="48.632587" lon="33.139656"></trkpt>
      <trkpt lat="48.631691" lon="33.140822"></trkpt>
      <trkpt lat="48.631195" lon="33.141731"></trkpt>
      <trkpt lat="48.63081" lon="33.142629"></trkpt>
      <trkpt lat="48.630319" lon="33.144334"></trkpt>
      <trkpt lat="48.627675" lon="33.156884"></trkpt>
      <trkpt lat="48.627302" lon="33.158084"></trkpt>
      <trkpt lat="48.626781" lon="33.159195"></trkpt>
      <trkpt lat="48.625974" lon="33.160428"></trkpt>
      <trkpt lat="48.624957" lon="33.16142"></trkpt>
      <trkpt lat="48.624192" lon="33.161898"></trkpt>
      <trkpt lat="48.623094" lon="33.162253"></trkpt>
      <trkpt lat="48.621142" lon="33.16245"></trkpt>
      <trkpt lat="48.620055" lon="33.162217"></trkpt>
      <trkpt lat="48.61917" lon="33.161814"></trkpt>
      <trkpt lat="48.613043" lon="33.1579"></trkpt>
      <trkpt lat="48.612403" lon="33.157536"></trkpt>
      <trkpt lat="48.611409" lon="33.157181"></trkpt>
      <trkpt lat="48.610004" lon="33.157134"></trkpt>
      <trkpt lat="48.609172" lon="33.157363"></trkpt>
      <trkpt lat="48.608341" lon="33.157803"></trkpt>
      <trkpt lat="48.607591" lon="33.158405"></trkpt>
      <trkpt lat="48.604755" lon="33.161386"></trkpt>
      <trkpt lat="48.60204" lon="33.16596"></trkpt>
      <trkpt lat="48.601064" lon="33.168196"></trkpt>
      <trkpt lat="48.598481" lon="33.17498"></trkpt>
      <trkpt lat="48.597929" lon="33.176008"></trkpt>
      <trkpt lat="48.59571" lon="33.179061"></trkpt>
      <trkpt lat="48.595302" lon="33.179772"></trkpt>
      <trkpt lat="48.594836" lon="33.180867"></trkpt>
      <trkpt lat="48.593775" lon="33.18462"></trkpt>
      <trkpt lat="48.591276" lon="33.190222"></trkpt>
      <trkpt lat="48.590021" lon="33.193865"></trkpt>
      <trkpt lat="48.589495" lon="33.194974"></trkpt>
      <trkpt lat="48.58887" lon="33.195891"></trkpt>
      <trkpt lat="48.588129" lon="33.196685"></trkpt>
      <trkpt lat="48.587319" lon="33.197277"></trkpt>
      <trkpt lat="48.58648" lon="33.197677"></trkpt>
      <trkpt lat="48.584863" lon="33.198008"></trkpt>
      <trkpt lat="48.583819" lon="33.197971"></trkpt>
      <trkpt lat="48.581597" lon="33.197211"></trkpt>
      <trkpt lat="48.580783" lon="33.197225"></trkpt>
      <trkpt lat="48.579915" lon="33.197472"></trkpt>
      <trkpt lat="48.579001" lon="33.197995"></trkpt>
      <trkpt lat="48.578617" lon="33.198348"></trkpt>
      <trkpt lat="48.577906" lon="33.19919"></trkpt>
      <trkpt lat="48.577325" lon="33.20018"></trkpt>
      <trkpt lat="48.576676" lon="33.201982"></trkpt>
      <trkpt lat="48.576449" lon="33.203236"></trkpt>
      <trkpt lat="48.576364" lon="33.204663"></trkpt>
      <trkpt lat="48.576577" lon="33.206633"></trkpt>
      <trkpt lat="48.577163" lon="33.208531"></trkpt>
      <trkpt lat="48.579294" lon="33.211981"></trkpt>
      <trkpt lat="48.579819" lon="33.21304"></trkpt>
      <trkpt lat="48.580241" lon="33.214209"></trkpt>
      <trkpt lat="48.580526" lon="33.215449"></trkpt>
      <trkpt lat="48.580657" lon="33.216775"></trkpt>
      <trkpt lat="48.580583" lon="33.218759"></trkpt>
      <trkpt lat="48.578981" lon="33.228703"></trkpt>
      <trkpt lat="48.57874" lon="33.230679"></trkpt>
      <trkpt lat="48.57872" lon="33.231943"></trkpt>
      <trkpt lat="48.578984" lon="33.236373"></trkpt>
      <trkpt lat="48.581692" lon="33.261285"></trkpt>
      <trkpt lat="48.582096" lon="33.263491"></trkpt>
      <trkpt lat="48.589125" lon="33.29389"></trkpt>
      <trkpt lat="48.589426" lon="33.295508"></trkpt>
      <trkpt lat="48.589677" lon="33.298123"></trkpt>
      <trkpt lat="48.594964" lon="33.406382"></trkpt>
      <trkpt lat="48.594757" lon="33.409081"></trkpt>
      <trkpt lat="48.592691" lon="33.423669"></trkpt>
      <trkpt lat="48.592386" lon="33.42564"></trkpt>
      <trkpt lat="48.591902" lon="33.427526"></trkpt>
      <trkpt lat="48.591473" lon="33.428709"></trkpt>
      <trkpt lat="48.590667" lon="33.430298"></trkpt>
      <trkpt lat="48.589667" lon="33.431702"></trkpt>
      <trkpt lat="48.588932" lon="33.432491"></trkpt>
      <trkpt lat="48.576683" lon="33.444244"></trkpt>
      <trkpt lat="48.572498" lon="33.448408"></trkpt>
      <trkpt lat="48.571469" lon="33.449248"></trkpt>
      <trkpt lat="48.570652" lon="33.449821"></trkpt>
      <trkpt lat="48.56894" lon="33.450679"></trkpt>
      <trkpt lat="48.551438" lon="33.456942"></trkpt>
      <trkpt lat="48.549802" lon="33.457852"></trkpt>
      <trkpt lat="48.548993" lon="33.458435"></trkpt>
      <trkpt lat="48.524958" lon="33.479623"></trkpt>
      <trkpt lat="48.523488" lon="33.48119"></trkpt>
      <trkpt lat="48.522177" lon="33.483066"></trkpt>
      <trkpt lat="48.514952" lon="33.496888"></trkpt>
      <trkpt lat="48.514303" lon="33.497854"></trkpt>
      <trkpt lat="48.513571" lon="33.498661"></trkpt>
      <trkpt lat="48.512342" lon="33.499605"></trkpt>
      <trkpt lat="48.491152" lon="33.512343"></trkpt>
      <trkpt lat="48.490489" lon="33.512792"></trkpt>
      <trkpt lat="48.489582" lon="33.513635"></trkpt>
      <trkpt lat="48.488936" lon="33.514507"></trkpt>
      <trkpt lat="48.488356" lon="33.515567"></trkpt>
      <trkpt lat="48.480973" lon="33.531733"></trkpt>
      <trkpt lat="48.480053" lon="33.533184"></trkpt>
      <trkpt lat="48.479314" lon="33.533988"></trkpt>
      <trkpt lat="48.478499" lon="33.5346"></trkpt>
      <trkpt lat="48.477664" lon="33.535018"></trkpt>
      <trkpt lat="48.476755" lon="33.535195"></trkpt>
      <trkpt lat="48.475855" lon="33.53519"></trkpt>
      <trkpt lat="48.474987" lon="33.534997"></trkpt>
      <trkpt lat="48.467982" lon="33.532337"></trkpt>
      <trkpt lat="48.466646" lon="33.53224"></trkpt>
      <trkpt lat="48.465731" lon="33.532454"></trkpt>
      <trkpt lat="48.464444" lon="33.533145"></trkpt>
      <trkpt lat="48.463676" lon="33.533814"></trkpt>
      <trkpt lat="48.462799" lon="33.53493"></trkpt>
      <trkpt lat="48.4601" lon="33.540089"></trkpt>
      <trkpt lat="48.459372" lon="33.542348"></trkpt>
      <trkpt lat="48.459134" lon="33.543705"></trkpt>
      <trkpt lat="48.458939" lon="33.549832"></trkpt>
      <trkpt lat="48.457758" lon="33.554746"></trkpt>
      <trkpt lat="48.457557" lon="33.556433"></trkpt>
      <trkpt lat="48.457688" lon="33.558525"></trkpt>
      <trkpt lat="48.45795" lon="33.559676"></trkpt>
      <trkpt lat="48.458398" lon="33.560904"></trkpt>
      <trkpt lat="48.46049" lon="33.56552"></trkpt>
      <trkpt lat="48.46098" lon="33.567193"></trkpt>
      <trkpt lat="48.461173" lon="33.56844"></trkpt>
      <trkpt lat="48.461231" lon="33.569819"></trkpt>
      <trkpt lat="48.460807" lon="33.57475"></trkpt>
      <trkpt lat="48.460834" lon="33.576741"></trkpt>
      <trkpt lat="48.461186" lon="33.578717"></trkpt>
      <trkpt lat="48.462591" lon="33.582888"></trkpt>
      <trkpt lat="48.462891" lon="33.584239"></trkpt>
      <trkpt lat="48.463007" lon="33.585494"></trkpt>
      <trkpt lat="48.462875" lon="33.588281"></trkpt>
      <trkpt lat="48.460826" lon="33.607808"></trkpt>
      <trkpt lat="48.460582" lon="33.609578"></trkpt>
      <trkpt lat="48.460236" lon="33.610836"></trkpt>
      <trkpt lat="48.459773" lon="33.611996"></trkpt>
      <trkpt lat="48.458882" lon="33.613443"></trkpt>
      <trkpt lat="48.456828" lon="33.615482"></trkpt>
      <trkpt lat="48.455318" lon="33.616513"></trkpt>
      <trkpt lat="48.449884" lon="33.619724"></trkpt>
      <trkpt lat="48.447757" lon="33.621941"></trkpt>
      <trkpt lat="48.431913" lon="33.642076"></trkpt>
      <trkpt lat="48.429206" lon="33.645815"></trkpt>
      <trkpt lat="48.422804" lon="33.653944"></trkpt>
      <trkpt lat="48.420979" lon="33.655951"></trkpt>
      <trkpt lat="48.419639" lon="33.657748"></trkpt>
      <trkpt lat="48.419028" lon="33.65909"></trkpt>
      <trkpt lat="48.418398" lon="33.661276"></trkpt>
      <trkpt lat="48.414613" lon="33.688012"></trkpt>
      <trkpt lat="48.414389" lon="33.690907"></trkpt>
      <trkpt lat="48.414766" lon="33.698574"></trkpt>
      <trkpt lat="48.416004" lon="33.708281"></trkpt>
      <trkpt lat="48.416057" lon="33.713721"></trkpt>
      <trkpt lat="48.418087" lon="33.730962"></trkpt>
      <trkpt lat="48.41949" lon="33.756056"></trkpt>
      <trkpt lat="48.41968" lon="33.757644"></trkpt>
      <trkpt lat="48.420257" lon="33.760436"></trkpt>
      <trkpt lat="48.423268" lon="33.772552"></trkpt>
      <trkpt lat="48.423669" lon="33.775973"></trkpt>
      <trkpt lat="48.42364" lon="33.777925"></trkpt>
      <trkpt lat="48.423297" lon="33.78058"></trkpt>
      <trkpt lat="48.418562" lon="33.8055"></trkpt>
      <trkpt lat="48.418433" lon="33.809298"></trkpt>
      <trkpt lat="48.418442" lon="33.820054"></trkpt>
      <trkpt lat="48.418798" lon="33.822698"></trkpt>
      <trkpt lat="48.419466" lon="33.825195"></trkpt>
      <trkpt lat="48.430267" lon="33.853565"></trkpt>
      <trkpt lat="48.430855" lon="33.855869"></trkpt>
      <trkpt lat="48.431149" lon="33.858544"></trkpt>
      <trkpt lat="48.431061" lon="33.86127"></trkpt>
      <trkpt lat="48.430623" lon="33.863874"></trkpt>
      <trkpt lat="48.429844" lon="33.866319"></trkpt>
      <trkpt lat="48.428751" lon="33.868463"></trkpt>
      <trkpt lat="48.42776" lon="33.869797"></trkpt>
      <trkpt lat="48.4266" lon="33.870914"></trkpt>
      <trkpt lat="48.42101" lon="33.875203"></trkpt>
      <trkpt lat="48.420125" lon="33.876004"></trkpt>
      <trkpt lat="48.419522" lon="33.876684"></trkpt>
      <trkpt lat="48.418339" lon="33.878711"></trkpt>
      <trkpt lat="48.417461" lon="33.881018"></trkpt>
      <trkpt lat="48.417183" lon="33.882318"></trkpt>
      <trkpt lat="48.416937" lon="33.8844"></trkpt>
      <trkpt lat="48.416987" lon="33.886944"></trkpt>
      <trkpt lat="48.417314" lon="33.888903"></trkpt>
      <trkpt lat="48.417673" lon="33.890114"></trkpt>
      <trkpt lat="48.419732" lon="33.896098"></trkpt>
      <trkpt lat="48.420658" lon="33.897713"></trkpt>
      <trkpt lat="48.421524" lon="33.898635"></trkpt>
      <trkpt lat="48.422315" lon="33.899215"></trkpt>
      <trkpt lat="48.424815" lon="33.900276"></trkpt>
      <trkpt lat="48.425815" lon="33.900424"></trkpt>
      <trkpt lat="48.426376" lon="33.900669"></trkpt>
      <trkpt lat="48.427682" lon="33.900898"></trkpt>
      <trkpt lat="48.428563" lon="33.901195"></trkpt>
      <trkpt lat="48.429418" lon="33.901632"></trkpt>
      <trkpt lat="48.430431" lon="33.902357"></trkpt>
      <trkpt lat="48.431222" lon="33.903173"></trkpt>
      <trkpt lat="48.435737" lon="33.908621"></trkpt>
      <trkpt lat="48.441407" lon="33.915748"></trkpt>
      <trkpt lat="48.442441" lon="33.917398"></trkpt>
      <trkpt lat="48.443322" lon="33.919101"></trkpt>
      <trkpt lat="48.446567" lon="33.925788"></trkpt>
      <trkpt lat="48.447294" lon="33.928116"></trkpt>
      <trkpt lat="48.44761" lon="33.930102"></trkpt>
      <trkpt lat="48.447694" lon="33.932086"></trkpt>
      <trkpt lat="48.447557" lon="33.934181"></trkpt>
      <trkpt lat="48.446991" lon="33.936707"></trkpt>
      <trkpt lat="48.444532" lon="33.94315"></trkpt>
      <trkpt lat="48.443786" lon="33.94558"></trkpt>
      <trkpt lat="48.443447" lon="33.947615"></trkpt>
      <trkpt lat="48.443373" lon="33.949592"></trkpt>
      <trkpt lat="48.443758" lon="33.952744"></trkpt>
      <trkpt lat="48.446113" lon="33.960907"></trkpt>
      <trkpt lat="48.446885" lon="33.962948"></trkpt>
      <trkpt lat="48.4482" lon="33.965237"></trkpt>
      <trkpt lat="48.451568" lon="33.969688"></trkpt>
      <trkpt lat="48.452794" lon="33.971718"></trkpt>
      <trkpt lat="48.463699" lon="33.996921"></trkpt>
      <trkpt lat="48.464436" lon="33.999009"></trkpt>
      <trkpt lat="48.465003" lon="34.001599"></trkpt>
      <trkpt lat="48.465278" lon="34.006671"></trkpt>
      <trkpt lat="48.465101" lon="34.011624"></trkpt>
      <trkpt lat="48.46021" lon="34.046276"></trkpt>
      <trkpt lat="48.459935" lon="34.048702"></trkpt>
      <trkpt lat="48.459872" lon="34.050871"></trkpt>
      <trkpt lat="48.459941" lon="34.052188"></trkpt>
      <trkpt lat="48.460273" lon="34.054538"></trkpt>
      <trkpt lat="48.470528" lon="34.102745"></trkpt>
      <trkpt lat="48.47112" lon="34.105762"></trkpt>
      <trkpt lat="48.471592" lon="34.11031"></trkpt>
      <trkpt lat="48.471636" lon="34.113599"></trkpt>
      <trkpt lat="48.471485" lon="34.11906"></trkpt>
      <trkpt lat="48.468813" lon="34.205423"></trkpt>
      <trkpt lat="48.468896" lon="34.208276"></trkpt>
      <trkpt lat="48.469318" lon="34.210865"></trkpt>
      <trkpt lat="48.469994" lon="34.213201"></trkpt>
      <trkpt lat="48.471286" lon="34.216511"></trkpt>
      <trkpt lat="48.474534" lon="34.223222"></trkpt>
      <trkpt lat="48.478295" lon="34.228487"></trkpt>
      <trkpt lat="48.479623" lon="34.229994"></trkpt>
      <trkpt lat="48.480697" lon="34.23076"></trkpt>
      <trkpt lat="48.481513" lon="34.231505"></trkpt>
      <trkpt lat="48.484481" lon="34.235585"></trkpt>
      <trkpt lat="48.484928" lon="34.236378"></trkpt>
      <trkpt lat="48.486072" lon="34.239109"></trkpt>
      <trkpt lat="48.488152" lon="34.241867"></trkpt>
      <trkpt lat="48.488585" lon="34.242276"></trkpt>
      <trkpt lat="48.489785" lon="34.243072"></trkpt>
      <trkpt lat="48.490909" lon="34.243483"></trkpt>
      <trkpt lat="48.496475" lon="34.243949"></trkpt>
      <trkpt lat="48.498171" lon="34.244463"></trkpt>
      <trkpt lat="48.499037" lon="34.244863"></trkpt>
      <trkpt lat="48.516434" lon="34.256553"></trkpt>
      <trkpt lat="48.517334" lon="34.257384"></trkpt>
      <trkpt lat="48.519863" lon="34.260245"></trkpt>
      <trkpt lat="48.549869" lon="34.295012"></trkpt>
      <trkpt lat="48.551239" lon="34.297489"></trkpt>
      <trkpt lat="48.552141" lon="34.300283"></trkpt>
      <trkpt lat="48.556489" lon="34.322378"></trkpt>
      <trkpt lat="48.556863" lon="34.325026"></trkpt>
      <trkpt lat="48.556939" lon="34.326362"></trkpt>
      <trkpt lat="48.556883" lon="34.331768"></trkpt>
      <trkpt lat="48.556973" lon="34.33375"></trkpt>
      <trkpt lat="48.558322" lon="34.34391"></trkpt>
      <trkpt lat="48.55848" lon="34.34756"></trkpt>
      <trkpt lat="48.558255" lon="34.34963"></trkpt>
      <trkpt lat="48.55789" lon="34.351279"></trkpt>
      <trkpt lat="48.556007" lon="34.357083"></trkpt>
      <trkpt lat="48.5554" lon="34.359527"></trkpt>
      <trkpt lat="48.553559" lon="34.373771"></trkpt>
      <trkpt lat="48.551969" lon="34.381412"></trkpt>
      <trkpt lat="48.551769" lon="34.384345"></trkpt>
      <trkpt lat="48.551834" lon="34.392838"></trkpt>
      <trkpt lat="48.551735" lon="34.394923"></trkpt>
      <trkpt lat="48.551252" lon="34.397773"></trkpt>
      <trkpt lat="48.549556" lon="34.404734"></trkpt>
      <trkpt lat="48.548996" lon="34.408179"></trkpt>
      <trkpt lat="48.548431" lon="34.413564"></trkpt>
      <trkpt lat="48.548447" lon="34.41485"></trkpt>
      <trkpt lat="48.548804" lon="34.418448"></trkpt>
      <trkpt lat="48.548739" lon="34.420139"></trkpt>
      <trkpt lat="48.548545" lon="34.421463"></trkpt>
      <trkpt lat="48.547755" lon="34.423858"></trkpt>
      <trkpt lat="48.546751" lon="34.425461"></trkpt>
      <trkpt lat="48.545997" lon="34.426264"></trkpt>
      <trkpt lat="48.543372" lon="34.428166"></trkpt>
      <trkpt lat="48.542473" lon="34.429067"></trkpt>
      <trkpt lat="48.540611" lon="34.431607"></trkpt>
      <trkpt lat="48.539487" lon="34.433613"></trkpt>
      <trkpt lat="48.5389" lon="34.435572"></trkpt>
      <trkpt lat="48.538658" lon="34.437623"></trkpt>
      <trkpt lat="48.538689" lon="34.43928"></trkpt>
      <trkpt lat="48.538986" lon="34.441766"></trkpt>
      <trkpt lat="48.539007" lon="34.44402"></trkpt>
      <trkpt lat="48.538647" lon="34.446182"></trkpt>
      <trkpt lat="48.538146" lon="34.447605"></trkpt>
      <trkpt lat="48.536905" lon="34.449771"></trkpt>
      <trkpt lat="48.529953" lon="34.459973"></trkpt>
      <trkpt lat="48.528337" lon="34.461552"></trkpt>
      <trkpt lat="48.525881" lon="34.463145"></trkpt>
      <trkpt lat="48.524163" lon="34.464493"></trkpt>
      <trkpt lat="48.522924" lon="34.46608"></trkpt>
      <trkpt lat="48.519509" lon="34.470942"></trkpt>
      <trkpt lat="48.516361" lon="34.47492"></trkpt>
      <trkpt lat="48.515322" lon="34.475761"></trkpt>
      <trkpt lat="48.511788" lon="34.478081"></trkpt>
      <trkpt lat="48.510767" lon="34.479075"></trkpt>
      <trkpt lat="48.509602" lon="34.480625"></trkpt>
      <trkpt lat="48.508524" lon="34.481773"></trkpt>
      <trkpt lat="48.507723" lon="34.482337"></trkpt>
      <trkpt lat="48.505476" lon="34.48359"></trkpt>
      <trkpt lat="48.504691" lon="34.484326"></trkpt>
      <trkpt lat="48.500585" lon="34.489475"></trkpt>
      <trkpt lat="48.499666" lon="34.491163"></trkpt>
      <trkpt lat="48.49908" lon="34.49304"></trkpt>
      <trkpt lat="48.498829" lon="34.494725"></trkpt>
      <trkpt lat="48.498773" lon="34.496027"></trkpt>
      <trkpt lat="48.499271" lon="34.508822"></trkpt>
      <trkpt lat="48.499586" lon="34.512471"></trkpt>
      <trkpt lat="48.500081" lon="34.514298"></trkpt>
      <trkpt lat="48.500756" lon="34.515765"></trkpt>
      <trkpt lat="48.506315" lon="34.52464"></trkpt>
      <trkpt lat="48.506937" lon="34.525717"></trkpt>
      <trkpt lat="48.507308" lon="34.526635"></trkpt>
      <trkpt lat="48.507698" lon="34.527847"></trkpt>
      <trkpt lat="48.508011" lon="34.529972"></trkpt>
      <trkpt lat="48.507881" lon="34.53595"></trkpt>
      <trkpt lat="48.507538" lon="34.537705"></trkpt>
      <trkpt lat="48.506891" lon="34.539504"></trkpt>
      <trkpt lat="48.505826" lon="34.541223"></trkpt>
      <trkpt lat="48.502714" lon="34.545024"></trkpt>
      <trkpt lat="48.50215" lon="34.545936"></trkpt>
      <trkpt lat="48.497814" lon="34.55478"></trkpt>
      <trkpt lat="48.497111" lon="34.556517"></trkpt>
      <trkpt lat="48.495986" lon="34.560079"></trkpt>
      <trkpt lat="48.494247" lon="34.566798"></trkpt>
      <trkpt lat="48.493956" lon="34.56852"></trkpt>
      <trkpt lat="48.493884" lon="34.570006"></trkpt>
      <trkpt lat="48.494055" lon="34.571941"></trkpt>
      <trkpt lat="48.496368" lon="34.582519"></trkpt>
      <trkpt lat="48.497383" lon="34.586017"></trkpt>
      <trkpt lat="48.499428" lon="34.59194"></trkpt>
      <trkpt lat="48.499691" lon="34.593071"></trkpt>
      <trkpt lat="48.499915" lon="34.595634"></trkpt>
      <trkpt lat="48.499623" lon="34.598244"></trkpt>
      <trkpt lat="48.499021" lon="34.600129"></trkpt>
      <trkpt lat="48.493395" lon="34.613189"></trkpt>
      <trkpt lat="48.482978" lon="34.631683"></trkpt>
      <trkpt lat="48.481388" lon="34.634806"></trkpt>
      <trkpt lat="48.480829" lon="34.636764"></trkpt>
      <trkpt lat="48.48068" lon="34.638576"></trkpt>
      <trkpt lat="48.480703" lon="34.640394"></trkpt>
      <trkpt lat="48.481491" lon="34.647518"></trkpt>
      <trkpt lat="48.481677" lon="34.652858"></trkpt>
      <trkpt lat="48.482379" lon="34.659113"></trkpt>
      <trkpt lat="48.482992" lon="34.662686"></trkpt>
      <trkpt lat="48.484705" lon="34.668833"></trkpt>
      <trkpt lat="48.484936" lon="34.670453"></trkpt>
      <trkpt lat="48.484942" lon="34.672025"></trkpt>
      <trkpt lat="48.48476" lon="34.673701"></trkpt>
      <trkpt lat="48.484494" lon="34.674805"></trkpt>
      <trkpt lat="48.478018" lon="34.692766"></trkpt>
      <trkpt lat="48.477389" lon="34.694889"></trkpt>
      <trkpt lat="48.477153" lon="34.697143"></trkpt>
      <trkpt lat="48.477495" lon="34.703279"></trkpt>
      <trkpt lat="48.477402" lon="34.704434"></trkpt>
      <trkpt lat="48.477095" lon="34.705968"></trkpt>
      <trkpt lat="48.474945" lon="34.71136"></trkpt>
      <trkpt lat="48.47395" lon="34.713343"></trkpt>
      <trkpt lat="48.472866" lon="34.714754"></trkpt>
      <trkpt lat="48.470923" lon="34.716682"></trkpt>
      <trkpt lat="48.469678" lon="34.718287"></trkpt>
      <trkpt lat="48.463187" lon="34.731364"></trkpt>
      <trkpt lat="48.461271" lon="34.734328"></trkpt>
      <trkpt lat="48.457724" lon="34.73914"></trkpt>
      <trkpt lat="48.457027" lon="34.73981"></trkpt>
      <trkpt lat="48.4563" lon="34.74031"></trkpt>
      <trkpt lat="48.45525" lon="34.740746"></trkpt>
      <trkpt lat="48.454569" lon="34.740855"></trkpt>
      <trkpt lat="48.450012" lon="34.740718"></trkpt>
      <trkpt lat="48.449285" lon="34.740793"></trkpt>
      <trkpt lat="48.44804" lon="34.741252"></trkpt>
      <trkpt lat="48.44487" lon="34.74374"></trkpt>
      <trkpt lat="48.443515" lon="34.745057"></trkpt>
      <trkpt lat="48.442718" lon="34.746277"></trkpt>
      <trkpt lat="48.44219" lon="34.747476"></trkpt>
      <trkpt lat="48.441859" lon="34.748511"></trkpt>
      <trkpt lat="48.44154" lon="34.750189"></trkpt>
      <trkpt lat="48.441046" lon="34.765495"></trkpt>
      <trkpt lat="48.441241" lon="34.781367"></trkpt>
      <trkpt lat="48.43996" lon="34.808767"></trkpt>
      <trkpt lat="48.4399" lon="34.811752"></trkpt>
      <trkpt lat="48.44012" lon="34.814097"></trkpt>
      <trkpt lat="48.440443" lon="34.815782"></trkpt>
      <trkpt lat="48.443658" lon="34.826348"></trkpt>
      <trkpt lat="48.444003" lon="34.828266"></trkpt>
      <trkpt lat="48.443998" lon="34.830475"></trkpt>
      <trkpt lat="48.443791" lon="34.831833"></trkpt>
      <trkpt lat="48.443193" lon="34.833882"></trkpt>
      <trkpt lat="48.441904" lon="34.837129"></trkpt>
      <trkpt lat="48.441539" lon="34.839022"></trkpt>
      <trkpt lat="48.441451" lon="34.840713"></trkpt>
      <trkpt lat="48.441649" lon="34.842762"></trkpt>
      <trkpt lat="48.443596" lon="34.852176"></trkpt>
      <trkpt lat="48.443946" lon="34.853517"></trkpt>
      <trkpt lat="48.444742" lon="34.855355"></trkpt>
      <trkpt lat="48.446641" lon="34.857958"></trkpt>
      <trkpt lat="48.447402" lon="34.85877"></trkpt>
      <trkpt lat="48.448205" lon="34.859377"></trkpt>
      <trkpt lat="48.448966" lon="34.859725"></trkpt>
      <trkpt lat="48.450868" lon="34.860219"></trkpt>
      <trkpt lat="48.451945" lon="34.860783"></trkpt>
      <trkpt lat="48.457343" lon="34.865633"></trkpt>
      <trkpt lat="48.458262" lon="34.866824"></trkpt>
      <trkpt lat="48.458902" lon="34.868031"></trkpt>
      <trkpt lat="48.459217" lon="34.868832"></trkpt>
      <trkpt lat="48.459609" lon="34.870402"></trkpt>
      <trkpt lat="48.45982" lon="34.872289"></trkpt>
      <trkpt lat="48.459723" lon="34.88426"></trkpt>
      <trkpt lat="48.458498" lon="34.890476"></trkpt>
      <trkpt lat="48.458401" lon="34.892435"></trkpt>
      <trkpt lat="48.458479" lon="34.89353"></trkpt>
      <trkpt lat="48.458948" lon="34.89597"></trkpt>
      <trkpt lat="48.459539" lon="34.897422"></trkpt>
      <trkpt lat="48.461306" lon="34.901038"></trkpt>
      <trkpt lat="48.461864" lon="34.903349"></trkpt>
      <trkpt lat="48.463342" lon="34.917246"></trkpt>
      <trkpt lat="48.463381" lon="34.921138"></trkpt>
      <trkpt lat="48.463595" lon="34.923143"></trkpt>
      <trkpt lat="48.464026" lon="34.924645"></trkpt>
      <trkpt lat="48.464833" lon="34.926277"></trkpt>
      <trkpt lat="48.467311" lon="34.9291"></trkpt>
      <trkpt lat="48.468034" lon="34.93028"></trkpt>
      <trkpt lat="48.470653" lon="34.936085"></trkpt>
      <trkpt lat="48.471339" lon="34.938195"></trkpt>
      <trkpt lat="48.475284" lon="34.953389"></trkpt>
      <trkpt lat="48.475703" lon="34.955839"></trkpt>
      <trkpt lat="48.476315" lon="34.960712"></trkpt>
      <trkpt lat="48.476554" lon="34.967299"></trkpt>
      <trkpt lat="48.476719" lon="34.969256"></trkpt>
      <trkpt lat="48.477144" lon="34.971246"></trkpt>
      <trkpt lat="48.478046" lon="34.974348"></trkpt>
      <trkpt lat="48.478335" lon="34.97674"></trkpt>
      <trkpt lat="48.478547" lon="34.987094"></trkpt>
      <trkpt lat="48.478549" lon="34.988591"></trkpt>
      <trkpt lat="48.478407" lon="34.990077"></trkpt>
      <trkpt lat="48.476687" lon="34.996726"></trkpt>
      <trkpt lat="48.476188" lon="35.000151"></trkpt>
      <trkpt lat="48.476155" lon="35.001262"></trkpt>
      <trkpt lat="48.476698" lon="35.005441"></trkpt>
      <trkpt lat="48.47789" lon="35.010849"></trkpt>
      <trkpt lat="48.479016" lon="35.017321"></trkpt>
      <trkpt lat="48.479523" lon="35.019652"></trkpt>
      <trkpt lat="48.480252" lon="35.021096"></trkpt>
      <trkpt lat="48.4816" lon="35.022703"></trkpt>
      <trkpt lat="48.491455" lon="35.030914"></trkpt>
      <trkpt lat="48.493245" lon="35.032557"></trkpt>
      <trkpt lat="48.497405" lon="35.036044"></trkpt>
      <trkpt lat="48.498342" lon="35.037031"></trkpt>
      <trkpt lat="48.499321" lon="35.038528"></trkpt>
      <trkpt lat="48.500496" lon="35.040888"></trkpt>
      <trkpt lat="48.503702" lon="35.04796"></trkpt>
      <trkpt lat="48.504409" lon="35.050012"></trkpt>
      <trkpt lat="48.504695" lon="35.05191"></trkpt>
      <trkpt lat="48.504691" lon="35.053607"></trkpt>
      <trkpt lat="48.504226" lon="35.056001"></trkpt>
      <trkpt lat="48.503752" lon="35.057389"></trkpt>
      <trkpt lat="48.503003" lon="35.058746"></trkpt>
      <trkpt lat="48.487593" lon="35.077256"></trkpt>
      <trkpt lat="48.486394" lon="35.079133"></trkpt>
      <trkpt lat="48.485325" lon="35.081626"></trkpt>
      <trkpt lat="48.483152" lon="35.088313"></trkpt>
      <trkpt lat="48.481085" lon="35.094178"></trkpt>
      <trkpt lat="48.480666" lon="35.095774"></trkpt>
      <trkpt lat="48.480496" lon="35.097095"></trkpt>
      <trkpt lat="48.480134" lon="35.105785"></trkpt>
      <trkpt lat="48.480121" lon="35.112029"></trkpt>
      <trkpt lat="48.481179" lon="35.122374"></trkpt>
      <trkpt lat="48.481257" lon="35.128008"></trkpt>
      <trkpt lat="48.481526" lon="35.130565"></trkpt>
      <trkpt lat="48.481648" lon="35.133632"></trkpt>
      <trkpt lat="48.4824" lon="35.14075"></trkpt>
      <trkpt lat="48.482684" lon="35.142118"></trkpt>
      <trkpt lat="48.483621" lon="35.14452"></trkpt>
      <trkpt lat="48.483845" lon="35.146124"></trkpt>
      <trkpt lat="48.483582" lon="35.147892"></trkpt>
      <trkpt lat="48.47984" lon="35.159189"></trkpt>
      <trkpt lat="48.47937" lon="35.161727"></trkpt>
      <trkpt lat="48.479329" lon="35.164734"></trkpt>
      <trkpt lat="48.480534" lon="35.177895"></trkpt>
      <trkpt lat="48.480528" lon="35.179432"></trkpt>
      <trkpt lat="48.480327" lon="35.180989"></trkpt>
      <trkpt lat="48.479857" lon="35.182703"></trkpt>
      <trkpt lat="48.479292" lon="35.183992"></trkpt>
      <trkpt lat="48.478525" lon="35.185202"></trkpt>
      <trkpt lat="48.47754" lon="35.186228"></trkpt>
      <trkpt lat="48.476922" lon="35.186672"></trkpt>
      <trkpt lat="48.473592" lon="35.188467"></trkpt>
      <trkpt lat="48.464297" lon="35.193104"></trkpt>
      <trkpt lat="48.462999" lon="35.193881"></trkpt>
      <trkpt lat="48.461714" lon="35.195065"></trkpt>
      <trkpt lat="48.46059" lon="35.196457"></trkpt>
      <trkpt lat="48.455483" lon="35.204253"></trkpt>
      <trkpt lat="48.454312" lon="35.20562"></trkpt>
      <trkpt lat="48.451535" lon="35.207632"></trkpt>
      <trkpt lat="48.450268" lon="35.208336"></trkpt>
      <trkpt lat="48.449099" lon="35.208678"></trkpt>
      <trkpt lat="48.445348" lon="35.209092"></trkpt>
      <trkpt lat="48.443956" lon="35.209713"></trkpt>
      <trkpt lat="48.443107" lon="35.210417"></trkpt>
      <trkpt lat="48.442161" lon="35.211408"></trkpt>
      <trkpt lat="48.435586" lon="35.218422"></trkpt>
      <trkpt lat="48.434402" lon="35.219841"></trkpt>
      <trkpt lat="48.433752" lon="35.220977"></trkpt>
      <trkpt lat="48.433133" lon="35.222686"></trkpt>
      <trkpt lat="48.432103" lon="35.228971"></trkpt>
      <trkpt lat="48.430162" lon="35.233836"></trkpt>
      <trkpt lat="48.429674" lon="35.23559"></trkpt>
      <trkpt lat="48.429371" lon="35.237584"></trkpt>
      <trkpt lat="48.429024" lon="35.243757"></trkpt>
      <trkpt lat="48.428558" lon="35.247018"></trkpt>
      <trkpt lat="48.428035" lon="35.249269"></trkpt>
      <trkpt lat="48.426126" lon="35.255669"></trkpt>
      <trkpt lat="48.424648" lon="35.263856"></trkpt>
      <trkpt lat="48.424098" lon="35.265923"></trkpt>
      <trkpt lat="48.423603" lon="35.267248"></trkpt>
      <trkpt lat="48.422401" lon="35.269533"></trkpt>
      <trkpt lat="48.415955" lon="35.277786"></trkpt>
      <trkpt lat="48.415135" lon="35.278603"></trkpt>
      <trkpt lat="48.41347" lon="35.279747"></trkpt>
      <trkpt lat="48.41216" lon="35.280303"></trkpt>
      <trkpt lat="48.410779" lon="35.280563"></trkpt>
      <trkpt lat="48.388982" lon="35.280674"></trkpt>
      <trkpt lat="48.388294" lon="35.280766"></trkpt>
      <trkpt lat="48.387396" lon="35.281055"></trkpt>
      <trkpt lat="48.38657" lon="35.281469"></trkpt>
      <trkpt lat="48.384955" lon="35.28276"></trkpt>
      <trkpt lat="48.384212" lon="35.28368"></trkpt>
      <trkpt lat="48.383423" lon="35.284938"></trkpt>
      <trkpt lat="48.374464" lon="35.302335"></trkpt>
      <trkpt lat="48.373687" lon="35.304522"></trkpt>
      <trkpt lat="48.37323" lon="35.30648"></trkpt>
      <trkpt lat="48.370826" lon="35.325051"></trkpt>
      <trkpt lat="48.37038" lon="35.329205"></trkpt>
      <trkpt lat="48.369818" lon="35.340706"></trkpt>
      <trkpt lat="48.369431" lon="35.344088"></trkpt>
      <trkpt lat="48.368982" lon="35.346513"></trkpt>
      <trkpt lat="48.367942" lon="35.350343"></trkpt>
      <trkpt lat="48.36083" lon="35.370831"></trkpt>
      <trkpt lat="48.359913" lon="35.374264"></trkpt>
      <trkpt lat="48.353867" lon="35.409847"></trkpt>
      <trkpt lat="48.353023" lon="35.413677"></trkpt>
      <trkpt lat="48.352267" lon="35.416119"></trkpt>
      <trkpt lat="48.351349" lon="35.418484"></trkpt>
      <trkpt lat="48.348324" lon="35.424774"></trkpt>
      <trkpt lat="48.34734" lon="35.427191"></trkpt>
      <trkpt lat="48.346524" lon="35.429765"></trkpt>
      <trkpt lat="48.345793" lon="35.432795"></trkpt>
      <trkpt lat="48.335718" lon="35.497712"></trkpt>
      <trkpt lat="48.334762" lon="35.502652"></trkpt>
      <trkpt lat="48.330908" lon="35.527334"></trkpt>
      <trkpt lat="48.330537" lon="35.528912"></trkpt>
      <trkpt lat="48.329992" lon="35.530128"></trkpt>
      <trkpt lat="48.329251" lon="35.531185"></trkpt>
      <trkpt lat="48.328677" lon="35.531699"></trkpt>
      <trkpt lat="48.327558" lon="35.5322"></trkpt>
      <trkpt lat="48.326832" lon="35.532208"></trkpt>
      <trkpt lat="48.326501" lon="35.53217"></trkpt>
      <trkpt lat="48.325714" lon="35.531783"></trkpt>
      <trkpt lat="48.319603" lon="35.529689"></trkpt>
      <trkpt lat="48.318892" lon="35.529338"></trkpt>
      <trkpt lat="48.317322" lon="35.528167"></trkpt>
      <trkpt lat="48.314328" lon="35.525197"></trkpt>
      <trkpt lat="48.311472" lon="35.522987"></trkpt>
      <trkpt lat="48.309256" lon="35.520777"></trkpt>
      <trkpt lat="48.301579" lon="35.513758"></trkpt>
      <trkpt lat="48.274069" lon="35.48903"></trkpt>
      <trkpt lat="48.27167" lon="35.487261"></trkpt>
      <trkpt lat="48.270839" lon="35.486757"></trkpt>
      <trkpt lat="48.269124" lon="35.485962"></trkpt>
      <trkpt lat="48.267367" lon="35.485399"></trkpt>
      <trkpt lat="48.26467" lon="35.485042"></trkpt>
      <trkpt lat="48.250692" lon="35.485895"></trkpt>
      <trkpt lat="48.238693" lon="35.48683"></trkpt>
      <trkpt lat="48.224063" lon="35.487715"></trkpt>
      <trkpt lat="48.212864" lon="35.488579"></trkpt>
      <trkpt lat="48.206585" lon="35.488928"></trkpt>
      <trkpt lat="48.158946" lon="35.492224"></trkpt>
      <trkpt lat="48.144619" lon="35.493345"></trkpt>
      <trkpt lat="48.143074" lon="35.493636"></trkpt>
      <trkpt lat="48.141132" lon="35.494597"></trkpt>
      <trkpt lat="48.139412" lon="35.495989"></trkpt>
      <trkpt lat="48.123716" lon="35.511949"></trkpt>
      <trkpt lat="48.110979" lon="35.525126"></trkpt>
      <trkpt lat="48.109787" lon="35.526547"></trkpt>
      <trkpt lat="48.104057" lon="35.534887"></trkpt>
      <trkpt lat="48.102253" lon="35.537231"></trkpt>
      <trkpt lat="48.101334" lon="35.537993"></trkpt>
      <trkpt lat="48.100159" lon="35.538671"></trkpt>
      <trkpt lat="48.099539" lon="35.538905"></trkpt>
      <trkpt lat="48.097583" lon="35.539162"></trkpt>
      <trkpt lat="48.097021" lon="35.539092"></trkpt>
      <trkpt lat="48.095735" lon="35.538658"></trkpt>
      <trkpt lat="48.093701" lon="35.537529"></trkpt>
      <trkpt lat="48.087307" lon="35.53354"></trkpt>
      <trkpt lat="48.085913" lon="35.532352"></trkpt>
      <trkpt lat="48.082984" lon="35.529302"></trkpt>
      <trkpt lat="48.053083" lon="35.495979"></trkpt>
      <trkpt lat="48.050894" lon="35.493779"></trkpt>
      <trkpt lat="48.049201" lon="35.492555"></trkpt>
      <trkpt lat="48.046503" lon="35.491388"></trkpt>
      <trkpt lat="48.035947" lon="35.488494"></trkpt>
      <trkpt lat="48.029629" lon="35.486882"></trkpt>
      <trkpt lat="48.002231" lon="35.47933"></trkpt>
      <trkpt lat="48.000438" lon="35.479164"></trkpt>
      <trkpt lat="47.998684" lon="35.479495"></trkpt>
      <trkpt lat="47.996961" lon="35.480333"></trkpt>
      <trkpt lat="47.996005" lon="35.481028"></trkpt>
      <trkpt lat="47.994657" lon="35.482431"></trkpt>
      <trkpt lat="47.97926" lon="35.500874"></trkpt>
      <trkpt lat="47.977488" lon="35.50282"></trkpt>
      <trkpt lat="47.976049" lon="35.503958"></trkpt>
      <trkpt lat="47.969639" lon="35.507938"></trkpt>
      <trkpt lat="47.968274" lon="35.508679"></trkpt>
      <trkpt lat="47.967112" lon="35.509097"></trkpt>
      <trkpt lat="47.965732" lon="35.509352"></trkpt>
      <trkpt lat="47.964447" lon="35.509392"></trkpt>
      <trkpt lat="47.962291" lon="35.508971"></trkpt>
      <trkpt lat="47.960734" lon="35.508287"></trkpt>
      <trkpt lat="47.958956" lon="35.507012"></trkpt>
      <trkpt lat="47.956765" lon="35.504851"></trkpt>
      <trkpt lat="47.956066" lon="35.503927"></trkpt>
      <trkpt lat="47.955359" lon="35.502732"></trkpt>
      <trkpt lat="47.954545" lon="35.500933"></trkpt>
      <trkpt lat="47.953524" lon="35.497306"></trkpt>
      <trkpt lat="47.948765" lon="35.478041"></trkpt>
      <trkpt lat="47.948328" lon="35.475482"></trkpt>
      <trkpt lat="47.938498" lon="35.40217"></trkpt>
      <trkpt lat="47.937982" lon="35.399628"></trkpt>
      <trkpt lat="47.937246" lon="35.397434"></trkpt>
      <trkpt lat="47.93621" lon="35.395367"></trkpt>
      <trkpt lat="47.921337" lon="35.369168"></trkpt>
      <trkpt lat="47.920445" lon="35.367761"></trkpt>
      <trkpt lat="47.919172" lon="35.366219"></trkpt>
      <trkpt lat="47.918478" lon="35.365566"></trkpt>
      <trkpt lat="47.900983" lon="35.350262"></trkpt>
      <trkpt lat="47.899271" lon="35.348311"></trkpt>
      <trkpt lat="47.898093" lon="35.34647"></trkpt>
      <trkpt lat="47.84983" lon="35.245187"></trkpt>
      <trkpt lat="47.83955" lon="35.223747"></trkpt>
      <trkpt lat="47.838544" lon="35.221945"></trkpt>
      <trkpt lat="47.832678" lon="35.213826"></trkpt>
      <trkpt lat="47.827508" lon="35.207902"></trkpt>
      <trkpt lat="47.826208" lon="35.205922"></trkpt>
      <trkpt lat="47.82553" lon="35.205175"></trkpt>
      <trkpt lat="47.824394" lon="35.204375"></trkpt>
      <trkpt lat="47.823181" lon="35.203995"></trkpt>
      <trkpt lat="47.822234" lon="35.203957"></trkpt>
      <trkpt lat="47.818345" lon="35.204484"></trkpt>
      <trkpt lat="47.817036" lon="35.204237"></trkpt>
      <trkpt lat="47.81626" lon="35.203885"></trkpt>
      <trkpt lat="47.814971" lon="35.202814"></trkpt>
      <trkpt lat="47.807109" lon="35.193393"></trkpt>
      <trkpt lat="47.80173" lon="35.189527"></trkpt>
      <trkpt lat="47.79929" lon="35.187911"></trkpt>
      <trkpt lat="47.798371" lon="35.18749"></trkpt>
      <trkpt lat="47.797546" lon="35.18736"></trkpt>
      <trkpt lat="47.795939" lon="35.187576"></trkpt>
      <trkpt lat="47.792054" lon="35.189226"></trkpt>
      <trkpt lat="47.791047" lon="35.189487"></trkpt>
      <trkpt lat="47.789804" lon="35.190003"></trkpt>
      <trkpt lat="47.788702" lon="35.190631"></trkpt>
      <trkpt lat="47.787374" lon="35.191117"></trkpt>
      <trkpt lat="47.785929" lon="35.191937"></trkpt>
      <trkpt lat="47.781356" lon="35.194895"></trkpt>
      <trkpt lat="47.778158" lon="35.19673"></trkpt>
      <trkpt lat="47.77708" lon="35.197497"></trkpt>
      <trkpt lat="47.772844" lon="35.199875"></trkpt>
      <trkpt lat="47.771063" lon="35.201158"></trkpt>
      <trkpt lat="47.768575" lon="35.20266"></trkpt>
  </trkseg></trk>
</gpx>
