<?xml version="1.0" encoding="UTF-8"?>
<gpx version="1.1" creator="yatutbuv" xmlns="http://www.topografix.com/GPX/1/1">
  <trk><name>2008_EURO (1,614.2km)</name><trkseg>
      <trkpt lat="49.839901" lon="23.993915"></trkpt>
      <trkpt lat="49.838762" lon="23.993153"></trkpt>
      <trkpt lat="49.838197" lon="23.992578"></trkpt>
      <trkpt lat="49.837652" lon="23.991722"></trkpt>
      <trkpt lat="49.837203" lon="23.99054"></trkpt>
      <trkpt lat="49.83645" lon="23.986736"></trkpt>
      <trkpt lat="49.8357" lon="23.981636"></trkpt>
      <trkpt lat="49.834488" lon="23.977083"></trkpt>
      <trkpt lat="49.83423" lon="23.975241"></trkpt>
      <trkpt lat="49.834214" lon="23.973023"></trkpt>
      <trkpt lat="49.834332" lon="23.971602"></trkpt>
      <trkpt lat="49.835793" lon="23.961574"></trkpt>
      <trkpt lat="49.835948" lon="23.959412"></trkpt>
      <trkpt lat="49.837417" lon="23.949741"></trkpt>
      <trkpt lat="49.837847" lon="23.936644"></trkpt>
      <trkpt lat="49.837786" lon="23.935457"></trkpt>
      <trkpt lat="49.838098" lon="23.923742"></trkpt>
      <trkpt lat="49.837984" lon="23.921912"></trkpt>
      <trkpt lat="49.8377" lon="23.919944"></trkpt>
      <trkpt lat="49.835854" lon="23.913368"></trkpt>
      <trkpt lat="49.834336" lon="23.908609"></trkpt>
      <trkpt lat="49.83332" lon="23.904372"></trkpt>
      <trkpt lat="49.833135" lon="23.902247"></trkpt>
      <trkpt lat="49.832532" lon="23.886445"></trkpt>
      <trkpt lat="49.832615" lon="23.885262"></trkpt>
      <trkpt lat="49.832874" lon="23.883835"></trkpt>
      <trkpt lat="49.835633" lon="23.874044"></trkpt>
      <trkpt lat="49.836626" lon="23.869713"></trkpt>
      <trkpt lat="49.837101" lon="23.865608"></trkpt>
      <trkpt lat="49.837149" lon="23.861932"></trkpt>
      <trkpt lat="49.827332" lon="23.74446"></trkpt>
      <trkpt lat="49.827235" lon="23.741157"></trkpt>
      <trkpt lat="49.82744" lon="23.738895"></trkpt>
      <trkpt lat="49.82779" lon="23.73695"></trkpt>
      <trkpt lat="49.837562" lon="23.692643"></trkpt>
      <trkpt lat="49.838761" lon="23.685554"></trkpt>
      <trkpt lat="49.842587" lon="23.660097"></trkpt>
      <trkpt lat="49.842748" lon="23.657363"></trkpt>
      <trkpt lat="49.842569" lon="23.653937"></trkpt>
      <trkpt lat="49.842617" lon="23.651404"></trkpt>
      <trkpt lat="49.843229" lon="23.645362"></trkpt>
      <trkpt lat="49.843063" lon="23.642962"></trkpt>
      <trkpt lat="49.842617" lon="23.641007"></trkpt>
      <trkpt lat="49.84222" lon="23.63997"></trkpt>
      <trkpt lat="49.841502" lon="23.638599"></trkpt>
      <trkpt lat="49.840778" lon="23.63763"></trkpt>
      <trkpt lat="49.832869" lon="23.630063"></trkpt>
      <trkpt lat="49.831754" lon="23.629359"></trkpt>
      <trkpt lat="49.829856" lon="23.628671"></trkpt>
      <trkpt lat="49.829159" lon="23.628546"></trkpt>
      <trkpt lat="49.82633" lon="23.628573"></trkpt>
      <trkpt lat="49.823489" lon="23.628778"></trkpt>
      <trkpt lat="49.784125" lon="23.630027"></trkpt>
      <trkpt lat="49.783557" lon="23.629874"></trkpt>
      <trkpt lat="49.782796" lon="23.629382"></trkpt>
      <trkpt lat="49.781885" lon="23.628538"></trkpt>
      <trkpt lat="49.781184" lon="23.627593"></trkpt>
      <trkpt lat="49.780245" lon="23.625383"></trkpt>
      <trkpt lat="49.779844" lon="23.622844"></trkpt>
      <trkpt lat="49.779387" lon="23.610433"></trkpt>
      <trkpt lat="49.779533" lon="23.606929"></trkpt>
      <trkpt lat="49.779842" lon="23.605162"></trkpt>
      <trkpt lat="49.785076" lon="23.581901"></trkpt>
      <trkpt lat="49.785394" lon="23.579239"></trkpt>
      <trkpt lat="49.785777" lon="23.573569"></trkpt>
      <trkpt lat="49.785693" lon="23.568871"></trkpt>
      <trkpt lat="49.785917" lon="23.566444"></trkpt>
      <trkpt lat="49.787955" lon="23.558401"></trkpt>
      <trkpt lat="49.788303" lon="23.556644"></trkpt>
      <trkpt lat="49.791761" lon="23.536592"></trkpt>
      <trkpt lat="49.792136" lon="23.533308"></trkpt>
      <trkpt lat="49.793194" lon="23.511519"></trkpt>
      <trkpt lat="49.793242" lon="23.46518"></trkpt>
      <trkpt lat="49.794453" lon="23.446668"></trkpt>
      <trkpt lat="49.794889" lon="23.425835"></trkpt>
      <trkpt lat="49.799378" lon="23.386843"></trkpt>
      <trkpt lat="49.800854" lon="23.375117"></trkpt>
      <trkpt lat="49.802236" lon="23.369009"></trkpt>
      <trkpt lat="49.806139" lon="23.352952"></trkpt>
      <trkpt lat="49.806402" lon="23.351141"></trkpt>
      <trkpt lat="49.808937" lon="23.301597"></trkpt>
      <trkpt lat="49.809159" lon="23.299131"></trkpt>
      <trkpt lat="49.809827" lon="23.296289"></trkpt>
      <trkpt lat="49.814404" lon="23.284234"></trkpt>
      <trkpt lat="49.815168" lon="23.281981"></trkpt>
      <trkpt lat="49.815717" lon="23.279533"></trkpt>
      <trkpt lat="49.815931" lon="23.276283"></trkpt>
      <trkpt lat="49.816825" lon="23.234156"></trkpt>
      <trkpt lat="49.817139" lon="23.229555"></trkpt>
      <trkpt lat="49.817968" lon="23.225168"></trkpt>
      <trkpt lat="49.818887" lon="23.222014"></trkpt>
      <trkpt lat="49.82701" lon="23.201391"></trkpt>
      <trkpt lat="49.829265" lon="23.195387"></trkpt>
      <trkpt lat="49.830348" lon="23.191381"></trkpt>
      <trkpt lat="49.831114" lon="23.187229"></trkpt>
      <trkpt lat="49.831558" lon="23.183027"></trkpt>
      <trkpt lat="49.831675" lon="23.179503"></trkpt>
      <trkpt lat="49.831609" lon="23.176591"></trkpt>
      <trkpt lat="49.831353" lon="23.173496"></trkpt>
      <trkpt lat="49.829264" lon="23.158967"></trkpt>
      <trkpt lat="49.828867" lon="23.156996"></trkpt>
      <trkpt lat="49.827983" lon="23.154611"></trkpt>
      <trkpt lat="49.825246" lon="23.150318"></trkpt>
      <trkpt lat="49.824393" lon="23.14836"></trkpt>
      <trkpt lat="49.820582" lon="23.136519"></trkpt>
      <trkpt lat="49.819245" lon="23.132726"></trkpt>
      <trkpt lat="49.808264" lon="23.098589"></trkpt>
      <trkpt lat="49.807573" lon="23.09592"></trkpt>
      <trkpt lat="49.807218" lon="23.093765"></trkpt>
      <trkpt lat="49.806964" lon="23.090209"></trkpt>
      <trkpt lat="49.807014" lon="23.087737"></trkpt>
      <trkpt lat="49.807355" lon="23.084737"></trkpt>
      <trkpt lat="49.807817" lon="23.082309"></trkpt>
      <trkpt lat="49.808653" lon="23.07942"></trkpt>
      <trkpt lat="49.817274" lon="23.053131"></trkpt>
      <trkpt lat="49.81782" lon="23.050427"></trkpt>
      <trkpt lat="49.818183" lon="23.047922"></trkpt>
      <trkpt lat="49.818273" lon="23.045601"></trkpt>
      <trkpt lat="49.818206" lon="23.043225"></trkpt>
      <trkpt lat="49.818013" lon="23.041551"></trkpt>
      <trkpt lat="49.817142" lon="23.036941"></trkpt>
      <trkpt lat="49.813623" lon="23.021333"></trkpt>
      <trkpt lat="49.810309" lon="23.010951"></trkpt>
      <trkpt lat="49.808082" lon="23.004544"></trkpt>
      <trkpt lat="49.804344" lon="22.993008"></trkpt>
      <trkpt lat="49.803537" lon="22.98999"></trkpt>
      <trkpt lat="49.802979" lon="22.986693"></trkpt>
      <trkpt lat="49.802708" lon="22.983977"></trkpt>
      <trkpt lat="49.802631" lon="22.981956"></trkpt>
      <trkpt lat="49.802801" lon="22.977697"></trkpt>
      <trkpt lat="49.805929" lon="22.955358"></trkpt>
      <trkpt lat="49.805925" lon="22.953443"></trkpt>
      <trkpt lat="49.805286" lon="22.949069"></trkpt>
      <trkpt lat="49.802841" lon="22.940184"></trkpt>
      <trkpt lat="49.800555" lon="22.934791"></trkpt>
      <trkpt lat="49.800146" lon="22.933544"></trkpt>
      <trkpt lat="49.799785" lon="22.931661"></trkpt>
      <trkpt lat="49.799094" lon="22.926027"></trkpt>
      <trkpt lat="49.798462" lon="22.923119"></trkpt>
      <trkpt lat="49.78841" lon="22.893587"></trkpt>
      <trkpt lat="49.78788" lon="22.891502"></trkpt>
      <trkpt lat="49.786931" lon="22.886489"></trkpt>
      <trkpt lat="49.785166" lon="22.881035"></trkpt>
      <trkpt lat="49.784668" lon="22.878954"></trkpt>
      <trkpt lat="49.784369" lon="22.876426"></trkpt>
      <trkpt lat="49.784362" lon="22.874009"></trkpt>
      <trkpt lat="49.785728" lon="22.856503"></trkpt>
      <trkpt lat="49.785285" lon="22.848211"></trkpt>
      <trkpt lat="49.785317" lon="22.846916"></trkpt>
      <trkpt lat="49.785512" lon="22.84569"></trkpt>
      <trkpt lat="49.785851" lon="22.844481"></trkpt>
      <trkpt lat="49.78637" lon="22.843253"></trkpt>
      <trkpt lat="49.787018" lon="22.842225"></trkpt>
      <trkpt lat="49.796073" lon="22.83204"></trkpt>
      <trkpt lat="49.797296" lon="22.830329"></trkpt>
      <trkpt lat="49.797923" lon="22.829174"></trkpt>
      <trkpt lat="49.801926" lon="22.820574"></trkpt>
      <trkpt lat="49.80316" lon="22.818494"></trkpt>
      <trkpt lat="49.80442" lon="22.817047"></trkpt>
      <trkpt lat="49.809905" lon="22.812241"></trkpt>
      <trkpt lat="49.811061" lon="22.811536"></trkpt>
      <trkpt lat="49.812125" lon="22.81126"></trkpt>
      <trkpt lat="49.813308" lon="22.811346"></trkpt>
      <trkpt lat="49.814574" lon="22.811914"></trkpt>
      <trkpt lat="49.815548" lon="22.812746"></trkpt>
      <trkpt lat="49.816463" lon="22.813986"></trkpt>
      <trkpt lat="49.816991" lon="22.815046"></trkpt>
      <trkpt lat="49.817604" lon="22.816851"></trkpt>
      <trkpt lat="49.818847" lon="22.821789"></trkpt>
      <trkpt lat="49.81945" lon="22.823612"></trkpt>
      <trkpt lat="49.823244" lon="22.830672"></trkpt>
      <trkpt lat="49.824338" lon="22.832002"></trkpt>
      <trkpt lat="49.826974" lon="22.833591"></trkpt>
      <trkpt lat="49.833369" lon="22.837898"></trkpt>
      <trkpt lat="49.835676" lon="22.839752"></trkpt>
      <trkpt lat="49.840175" lon="22.842858"></trkpt>
      <trkpt lat="49.84318" lon="22.845887"></trkpt>
      <trkpt lat="49.846314" lon="22.847946"></trkpt>
      <trkpt lat="49.871567" lon="22.862171"></trkpt>
      <trkpt lat="49.872473" lon="22.862637"></trkpt>
      <trkpt lat="49.873878" lon="22.863024"></trkpt>
      <trkpt lat="49.875313" lon="22.863067"></trkpt>
      <trkpt lat="49.876245" lon="22.862884"></trkpt>
      <trkpt lat="49.877156" lon="22.86254"></trkpt>
      <trkpt lat="49.932976" lon="22.83724"></trkpt>
      <trkpt lat="49.934751" lon="22.836424"></trkpt>
      <trkpt lat="49.935433" lon="22.835998"></trkpt>
      <trkpt lat="49.936985" lon="22.834367"></trkpt>
      <trkpt lat="49.938117" lon="22.832605"></trkpt>
      <trkpt lat="49.938616" lon="22.831424"></trkpt>
      <trkpt lat="49.940646" lon="22.82521"></trkpt>
      <trkpt lat="49.942189" lon="22.820914"></trkpt>
      <trkpt lat="49.961289" lon="22.762258"></trkpt>
      <trkpt lat="49.961854" lon="22.760621"></trkpt>
      <trkpt lat="49.962844" lon="22.758367"></trkpt>
      <trkpt lat="49.971442" lon="22.742186"></trkpt>
      <trkpt lat="49.972641" lon="22.740304"></trkpt>
      <trkpt lat="49.984185" lon="22.72622"></trkpt>
      <trkpt lat="49.991201" lon="22.71739"></trkpt>
      <trkpt lat="49.99557" lon="22.712265"></trkpt>
      <trkpt lat="50.000458" lon="22.706283"></trkpt>
      <trkpt lat="50.00325" lon="22.70285"></trkpt>
      <trkpt lat="50.003909" lon="22.70189"></trkpt>
      <trkpt lat="50.004767" lon="22.70023"></trkpt>
      <trkpt lat="50.007741" lon="22.69328"></trkpt>
      <trkpt lat="50.008585" lon="22.690867"></trkpt>
      <trkpt lat="50.008918" lon="22.689217"></trkpt>
      <trkpt lat="50.009777" lon="22.682727"></trkpt>
      <trkpt lat="50.012062" lon="22.667879"></trkpt>
      <trkpt lat="50.012537" lon="22.665919"></trkpt>
      <trkpt lat="50.014674" lon="22.658819"></trkpt>
      <trkpt lat="50.015612" lon="22.656444"></trkpt>
      <trkpt lat="50.017" lon="22.654241"></trkpt>
      <trkpt lat="50.054787" lon="22.601911"></trkpt>
      <trkpt lat="50.055854" lon="22.600113"></trkpt>
      <trkpt lat="50.056707" lon="22.598145"></trkpt>
      <trkpt lat="50.057556" lon="22.595155"></trkpt>
      <trkpt lat="50.06097" lon="22.577892"></trkpt>
      <trkpt lat="50.068022" lon="22.536003"></trkpt>
      <trkpt lat="50.068088" lon="22.532169"></trkpt>
      <trkpt lat="50.067909" lon="22.529571"></trkpt>
      <trkpt lat="50.067726" lon="22.52789"></trkpt>
      <trkpt lat="50.066663" lon="22.521584"></trkpt>
      <trkpt lat="50.066556" lon="22.518073"></trkpt>
      <trkpt lat="50.066293" lon="22.514758"></trkpt>
      <trkpt lat="50.066606" lon="22.51065"></trkpt>
      <trkpt lat="50.066866" lon="22.508935"></trkpt>
      <trkpt lat="50.067831" lon="22.496394"></trkpt>
      <trkpt lat="50.068126" lon="22.495187"></trkpt>
      <trkpt lat="50.068447" lon="22.49449"></trkpt>
      <trkpt lat="50.070318" lon="22.492234"></trkpt>
      <trkpt lat="50.072441" lon="22.489162"></trkpt>
      <trkpt lat="50.073145" lon="22.487809"></trkpt>
      <trkpt lat="50.073698" lon="22.486176"></trkpt>
      <trkpt lat="50.07972" lon="22.45442"></trkpt>
      <trkpt lat="50.080191" lon="22.451161"></trkpt>
      <trkpt lat="50.083532" lon="22.392042"></trkpt>
      <trkpt lat="50.083664" lon="22.388029"></trkpt>
      <trkpt lat="50.083641" lon="22.372791"></trkpt>
      <trkpt lat="50.083489" lon="22.365396"></trkpt>
      <trkpt lat="50.083621" lon="22.346447"></trkpt>
      <trkpt lat="50.083471" lon="22.274267"></trkpt>
      <trkpt lat="50.083332" lon="22.271269"></trkpt>
      <trkpt lat="50.081823" lon="22.256477"></trkpt>
      <trkpt lat="50.081641" lon="22.253454"></trkpt>
      <trkpt lat="50.081837" lon="22.189928"></trkpt>
      <trkpt lat="50.081759" lon="22.187616"></trkpt>
      <trkpt lat="50.081442" lon="22.185224"></trkpt>
      <trkpt lat="50.069104" lon="22.122771"></trkpt>
      <trkpt lat="50.066761" lon="22.111666"></trkpt>
      <trkpt lat="50.065793" lon="22.105821"></trkpt>
      <trkpt lat="50.052985" lon="22.041232"></trkpt>
      <trkpt lat="50.052595" lon="22.037994"></trkpt>
      <trkpt lat="50.052381" lon="22.027129"></trkpt>
      <trkpt lat="50.052136" lon="22.024952"></trkpt>
      <trkpt lat="50.051454" lon="22.022847"></trkpt>
      <trkpt lat="50.050424" lon="22.021181"></trkpt>
      <trkpt lat="50.04963" lon="22.020399"></trkpt>
      <trkpt lat="50.045104" lon="22.017121"></trkpt>
      <trkpt lat="50.044519" lon="22.016487"></trkpt>
      <trkpt lat="50.044058" lon="22.015625"></trkpt>
      <trkpt lat="50.043722" lon="22.01443"></trkpt>
      <trkpt lat="50.043296" lon="22.01151"></trkpt>
      <trkpt lat="50.042961" lon="22.002769"></trkpt>
      <trkpt lat="50.04302" lon="22.000043"></trkpt>
      <trkpt lat="50.043191" lon="21.998728"></trkpt>
      <trkpt lat="50.043431" lon="21.997993"></trkpt>
      <trkpt lat="50.043844" lon="21.997219"></trkpt>
      <trkpt lat="50.044186" lon="21.996796"></trkpt>
      <trkpt lat="50.044777" lon="21.996335"></trkpt>
      <trkpt lat="50.045525" lon="21.996078"></trkpt>
      <trkpt lat="50.056092" lon="21.993612"></trkpt>
      <trkpt lat="50.059998" lon="21.992572"></trkpt>
      <trkpt lat="50.061175" lon="21.992085"></trkpt>
      <trkpt lat="50.062413" lon="21.991241"></trkpt>
      <trkpt lat="50.063734" lon="21.989861"></trkpt>
      <trkpt lat="50.075035" lon="21.975193"></trkpt>
      <trkpt lat="50.07604" lon="21.973446"></trkpt>
      <trkpt lat="50.076867" lon="21.971608"></trkpt>
      <trkpt lat="50.077594" lon="21.969523"></trkpt>
      <trkpt lat="50.078209" lon="21.966998"></trkpt>
      <trkpt lat="50.080759" lon="21.948834"></trkpt>
      <trkpt lat="50.081129" lon="21.944942"></trkpt>
      <trkpt lat="50.081131" lon="21.942386"></trkpt>
      <trkpt lat="50.080984" lon="21.940357"></trkpt>
      <trkpt lat="50.078229" lon="21.914879"></trkpt>
      <trkpt lat="50.078002" lon="21.911642"></trkpt>
      <trkpt lat="50.078638" lon="21.83507"></trkpt>
      <trkpt lat="50.078543" lon="21.831594"></trkpt>
      <trkpt lat="50.077984" lon="21.827786"></trkpt>
      <trkpt lat="50.073331" lon="21.806989"></trkpt>
      <trkpt lat="50.073037" lon="21.804821"></trkpt>
      <trkpt lat="50.072512" lon="21.797716"></trkpt>
      <trkpt lat="50.072075" lon="21.795012"></trkpt>
      <trkpt lat="50.071311" lon="21.792074"></trkpt>
      <trkpt lat="50.069608" lon="21.787474"></trkpt>
      <trkpt lat="50.068972" lon="21.785406"></trkpt>
      <trkpt lat="50.067248" lon="21.77647"></trkpt>
      <trkpt lat="50.062816" lon="21.760736"></trkpt>
      <trkpt lat="50.062253" lon="21.757983"></trkpt>
      <trkpt lat="50.061937" lon="21.753704"></trkpt>
      <trkpt lat="50.062052" lon="21.751036"></trkpt>
      <trkpt lat="50.062317" lon="21.748844"></trkpt>
      <trkpt lat="50.06276" lon="21.746596"></trkpt>
      <trkpt lat="50.063179" lon="21.745135"></trkpt>
      <trkpt lat="50.064982" lon="21.740575"></trkpt>
      <trkpt lat="50.069177" lon="21.730757"></trkpt>
      <trkpt lat="50.070145" lon="21.727857"></trkpt>
      <trkpt lat="50.070744" lon="21.725106"></trkpt>
      <trkpt lat="50.072438" lon="21.715323"></trkpt>
      <trkpt lat="50.074176" lon="21.708769"></trkpt>
      <trkpt lat="50.074674" lon="21.705671"></trkpt>
      <trkpt lat="50.075643" lon="21.68832"></trkpt>
      <trkpt lat="50.076426" lon="21.666932"></trkpt>
      <trkpt lat="50.076116" lon="21.663468"></trkpt>
      <trkpt lat="50.07419" lon="21.647021"></trkpt>
      <trkpt lat="50.07407" lon="21.642884"></trkpt>
      <trkpt lat="50.074333" lon="21.63969"></trkpt>
      <trkpt lat="50.074668" lon="21.637831"></trkpt>
      <trkpt lat="50.078122" lon="21.624943"></trkpt>
      <trkpt lat="50.078621" lon="21.622137"></trkpt>
      <trkpt lat="50.079753" lon="21.607337"></trkpt>
      <trkpt lat="50.079328" lon="21.588945"></trkpt>
      <trkpt lat="50.078687" lon="21.581958"></trkpt>
      <trkpt lat="50.058793" lon="21.419248"></trkpt>
      <trkpt lat="50.058256" lon="21.416548"></trkpt>
      <trkpt lat="50.057515" lon="21.41405"></trkpt>
      <trkpt lat="50.048156" lon="21.38841"></trkpt>
      <trkpt lat="50.047219" lon="21.385519"></trkpt>
      <trkpt lat="50.046637" lon="21.382729"></trkpt>
      <trkpt lat="50.046381" lon="21.380579"></trkpt>
      <trkpt lat="50.045815" lon="21.373637"></trkpt>
      <trkpt lat="50.045609" lon="21.369603"></trkpt>
      <trkpt lat="50.046247" lon="21.316626"></trkpt>
      <trkpt lat="50.046359" lon="21.314217"></trkpt>
      <trkpt lat="50.04663" lon="21.311783"></trkpt>
      <trkpt lat="50.053256" lon="21.266222"></trkpt>
      <trkpt lat="50.053803" lon="21.263944"></trkpt>
      <trkpt lat="50.054793" lon="21.261133"></trkpt>
      <trkpt lat="50.061206" lon="21.246911"></trkpt>
      <trkpt lat="50.062361" lon="21.243492"></trkpt>
      <trkpt lat="50.062869" lon="21.24126"></trkpt>
      <trkpt lat="50.06542" lon="21.227565"></trkpt>
      <trkpt lat="50.065993" lon="21.220602"></trkpt>
      <trkpt lat="50.066027" lon="21.216661"></trkpt>
      <trkpt lat="50.065576" lon="21.212837"></trkpt>
      <trkpt lat="50.052508" lon="21.148101"></trkpt>
      <trkpt lat="50.051866" lon="21.145973"></trkpt>
      <trkpt lat="50.051218" lon="21.144303"></trkpt>
      <trkpt lat="50.044164" lon="21.127563"></trkpt>
      <trkpt lat="50.043623" lon="21.126032"></trkpt>
      <trkpt lat="50.042957" lon="21.123512"></trkpt>
      <trkpt lat="50.037203" lon="21.08552"></trkpt>
      <trkpt lat="50.03629" lon="21.078621"></trkpt>
      <trkpt lat="50.0345" lon="21.067293"></trkpt>
      <trkpt lat="50.033028" lon="21.057057"></trkpt>
      <trkpt lat="50.032336" lon="21.05373"></trkpt>
      <trkpt lat="50.031501" lon="21.051135"></trkpt>
      <trkpt lat="50.030289" lon="21.048443"></trkpt>
      <trkpt lat="50.020557" lon="21.031155"></trkpt>
      <trkpt lat="50.010321" lon="21.008391"></trkpt>
      <trkpt lat="50.007777" lon="21.003186"></trkpt>
      <trkpt lat="50.007032" lon="21.001466"></trkpt>
      <trkpt lat="50.006218" lon="20.999036"></trkpt>
      <trkpt lat="50.005685" lon="20.996832"></trkpt>
      <trkpt lat="50.005235" lon="20.993835"></trkpt>
      <trkpt lat="50.005071" lon="20.990345"></trkpt>
      <trkpt lat="50.005196" lon="20.978641"></trkpt>
      <trkpt lat="50.006225" lon="20.937464"></trkpt>
      <trkpt lat="50.0075" lon="20.87275"></trkpt>
      <trkpt lat="50.007545" lon="20.858294"></trkpt>
      <trkpt lat="50.003072" lon="20.712546"></trkpt>
      <trkpt lat="50.002476" lon="20.704812"></trkpt>
      <trkpt lat="50.002096" lon="20.702598"></trkpt>
      <trkpt lat="50.001579" lon="20.700517"></trkpt>
      <trkpt lat="49.9922" lon="20.674607"></trkpt>
      <trkpt lat="49.991297" lon="20.671362"></trkpt>
      <trkpt lat="49.990689" lon="20.667226"></trkpt>
      <trkpt lat="49.987001" lon="20.621315"></trkpt>
      <trkpt lat="49.986641" lon="20.614898"></trkpt>
      <trkpt lat="49.986688" lon="20.61226"></trkpt>
      <trkpt lat="49.987106" lon="20.606744"></trkpt>
      <trkpt lat="49.987517" lon="20.598259"></trkpt>
      <trkpt lat="49.986636" lon="20.530148"></trkpt>
      <trkpt lat="49.986417" lon="20.527631"></trkpt>
      <trkpt lat="49.977898" lon="20.462861"></trkpt>
      <trkpt lat="49.977738" lon="20.459186"></trkpt>
      <trkpt lat="49.977475" lon="20.441939"></trkpt>
      <trkpt lat="49.977541" lon="20.434636"></trkpt>
      <trkpt lat="49.977091" lon="20.412913"></trkpt>
      <trkpt lat="49.977399" lon="20.409343"></trkpt>
      <trkpt lat="49.978009" lon="20.406246"></trkpt>
      <trkpt lat="49.993038" lon="20.350553"></trkpt>
      <trkpt lat="50.000204" lon="20.310106"></trkpt>
      <trkpt lat="50.000683" lon="20.308033"></trkpt>
      <trkpt lat="50.001478" lon="20.303622"></trkpt>
      <trkpt lat="50.002482" lon="20.297837"></trkpt>
      <trkpt lat="50.002791" lon="20.295374"></trkpt>
      <trkpt lat="50.010203" lon="20.252593"></trkpt>
      <trkpt lat="50.010451" lon="20.248753"></trkpt>
      <trkpt lat="50.010661" lon="20.207274"></trkpt>
      <trkpt lat="50.010833" lon="20.203606"></trkpt>
      <trkpt lat="50.01144" lon="20.199872"></trkpt>
      <trkpt lat="50.019198" lon="20.163808"></trkpt>
      <trkpt lat="50.019648" lon="20.160897"></trkpt>
      <trkpt lat="50.01985" lon="20.157998"></trkpt>
      <trkpt lat="50.01956" lon="20.140309"></trkpt>
      <trkpt lat="50.017631" lon="20.060904"></trkpt>
      <trkpt lat="50.017726" lon="20.055137"></trkpt>
      <trkpt lat="50.018223" lon="20.051342"></trkpt>
      <trkpt lat="50.01951" lon="20.045896"></trkpt>
      <trkpt lat="50.021388" lon="20.032859"></trkpt>
      <trkpt lat="50.02333" lon="20.022757"></trkpt>
      <trkpt lat="50.023618" lon="20.020683"></trkpt>
      <trkpt lat="50.023886" lon="20.016761"></trkpt>
      <trkpt lat="50.02618" lon="20.002894"></trkpt>
      <trkpt lat="50.027458" lon="19.999841"></trkpt>
      <trkpt lat="50.028421" lon="19.996"></trkpt>
      <trkpt lat="50.030107" lon="19.987922"></trkpt>
      <trkpt lat="50.030665" lon="19.985886"></trkpt>
      <trkpt lat="50.031364" lon="19.982633"></trkpt>
      <trkpt lat="50.032006" lon="19.980933"></trkpt>
      <trkpt lat="50.036814" lon="19.974268"></trkpt>
      <trkpt lat="50.037324" lon="19.973375"></trkpt>
      <trkpt lat="50.038249" lon="19.971282"></trkpt>
      <trkpt lat="50.039847" lon="19.968885"></trkpt>
      <trkpt lat="50.053074" lon="19.950885"></trkpt>
      <trkpt lat="50.053906" lon="19.949962"></trkpt>
      <trkpt lat="50.054987" lon="19.949075"></trkpt>
      <trkpt lat="50.056168" lon="19.948431"></trkpt>
      <trkpt lat="50.057391" lon="19.94807"></trkpt>
      <trkpt lat="50.064688" lon="19.947598"></trkpt>
      <trkpt lat="50.066826" lon="19.947827"></trkpt>
      <trkpt lat="50.069299" lon="19.947731"></trkpt>
      <trkpt lat="50.070108" lon="19.947597"></trkpt>
      <trkpt lat="50.071303" lon="19.947153"></trkpt>
      <trkpt lat="50.073566" lon="19.945903"></trkpt>
      <trkpt lat="50.074941" lon="19.944627"></trkpt>
      <trkpt lat="50.077215" lon="19.941672"></trkpt>
      <trkpt lat="50.078399" lon="19.939628"></trkpt>
      <trkpt lat="50.079224" lon="19.937845"></trkpt>
      <trkpt lat="50.080257" lon="19.93379"></trkpt>
      <trkpt lat="50.080719" lon="19.929909"></trkpt>
      <trkpt lat="50.081406" lon="19.927258"></trkpt>
      <trkpt lat="50.081568" lon="19.926034"></trkpt>
      <trkpt lat="50.081829" lon="19.917236"></trkpt>
      <trkpt lat="50.082726" lon="19.895352"></trkpt>
      <trkpt lat="50.082611" lon="19.891371"></trkpt>
      <trkpt lat="50.082889" lon="19.888188"></trkpt>
      <trkpt lat="50.082976" lon="19.884597"></trkpt>
      <trkpt lat="50.082968" lon="19.882305"></trkpt>
      <trkpt lat="50.08253" lon="19.872268"></trkpt>
      <trkpt lat="50.082561" lon="19.868094"></trkpt>
      <trkpt lat="50.082744" lon="19.865662"></trkpt>
      <trkpt lat="50.083112" lon="19.862986"></trkpt>
      <trkpt lat="50.084512" lon="19.856792"></trkpt>
      <trkpt lat="50.085622" lon="19.853763"></trkpt>
      <trkpt lat="50.087169" lon="19.850779"></trkpt>
      <trkpt lat="50.098234" lon="19.833322"></trkpt>
      <trkpt lat="50.111102" lon="19.816358"></trkpt>
      <trkpt lat="50.112385" lon="19.81441"></trkpt>
      <trkpt lat="50.113249" lon="19.812834"></trkpt>
      <trkpt lat="50.114251" lon="19.810633"></trkpt>
      <trkpt lat="50.115362" lon="19.807456"></trkpt>
      <trkpt lat="50.118331" lon="19.796697"></trkpt>
      <trkpt lat="50.120478" lon="19.789504"></trkpt>
      <trkpt lat="50.121228" lon="19.786071"></trkpt>
      <trkpt lat="50.123529" lon="19.769665"></trkpt>
      <trkpt lat="50.123806" lon="19.766183"></trkpt>
      <trkpt lat="50.123809" lon="19.763253"></trkpt>
      <trkpt lat="50.123537" lon="19.759742"></trkpt>
      <trkpt lat="50.122079" lon="19.750301"></trkpt>
      <trkpt lat="50.121848" lon="19.748153"></trkpt>
      <trkpt lat="50.121717" lon="19.745235"></trkpt>
      <trkpt lat="50.121717" lon="19.739959"></trkpt>
      <trkpt lat="50.121496" lon="19.737124"></trkpt>
      <trkpt lat="50.118949" lon="19.720512"></trkpt>
      <trkpt lat="50.118789" lon="19.718285"></trkpt>
      <trkpt lat="50.118801" lon="19.716575"></trkpt>
      <trkpt lat="50.119022" lon="19.713204"></trkpt>
      <trkpt lat="50.119324" lon="19.710551"></trkpt>
      <trkpt lat="50.119844" lon="19.707762"></trkpt>
      <trkpt lat="50.120552" lon="19.705083"></trkpt>
      <trkpt lat="50.121678" lon="19.702014"></trkpt>
      <trkpt lat="50.126489" lon="19.690905"></trkpt>
      <trkpt lat="50.127472" lon="19.688058"></trkpt>
      <trkpt lat="50.128187" lon="19.685244"></trkpt>
      <trkpt lat="50.128862" lon="19.680596"></trkpt>
      <trkpt lat="50.130633" lon="19.662796"></trkpt>
      <trkpt lat="50.130799" lon="19.659121"></trkpt>
      <trkpt lat="50.130456" lon="19.648429"></trkpt>
      <trkpt lat="50.130457" lon="19.645509"></trkpt>
      <trkpt lat="50.131045" lon="19.632896"></trkpt>
      <trkpt lat="50.131097" lon="19.62523"></trkpt>
      <trkpt lat="50.130706" lon="19.621571"></trkpt>
      <trkpt lat="50.129072" lon="19.613865"></trkpt>
      <trkpt lat="50.128561" lon="19.61094"></trkpt>
      <trkpt lat="50.12826" lon="19.607936"></trkpt>
      <trkpt lat="50.128182" lon="19.605345"></trkpt>
      <trkpt lat="50.128294" lon="19.60233"></trkpt>
      <trkpt lat="50.130171" lon="19.581434"></trkpt>
      <trkpt lat="50.130641" lon="19.578084"></trkpt>
      <trkpt lat="50.131673" lon="19.57387"></trkpt>
      <trkpt lat="50.132737" lon="19.570928"></trkpt>
      <trkpt lat="50.137451" lon="19.560088"></trkpt>
      <trkpt lat="50.138572" lon="19.556593"></trkpt>
      <trkpt lat="50.139217" lon="19.553664"></trkpt>
      <trkpt lat="50.140055" lon="19.548491"></trkpt>
      <trkpt lat="50.140403" lon="19.544771"></trkpt>
      <trkpt lat="50.14047" lon="19.519142"></trkpt>
      <trkpt lat="50.140613" lon="19.516588"></trkpt>
      <trkpt lat="50.140961" lon="19.513665"></trkpt>
      <trkpt lat="50.141701" lon="19.509968"></trkpt>
      <trkpt lat="50.145025" lon="19.497607"></trkpt>
      <trkpt lat="50.152896" lon="19.456929"></trkpt>
      <trkpt lat="50.153942" lon="19.453102"></trkpt>
      <trkpt lat="50.15617" lon="19.446829"></trkpt>
      <trkpt lat="50.157525" lon="19.441811"></trkpt>
      <trkpt lat="50.157896" lon="19.439058"></trkpt>
      <trkpt lat="50.158006" lon="19.43557"></trkpt>
      <trkpt lat="50.157797" lon="19.432498"></trkpt>
      <trkpt lat="50.15726" lon="19.4293"></trkpt>
      <trkpt lat="50.15646" lon="19.426403"></trkpt>
      <trkpt lat="50.155624" lon="19.424221"></trkpt>
      <trkpt lat="50.15427" lon="19.421585"></trkpt>
      <trkpt lat="50.153096" lon="19.419851"></trkpt>
      <trkpt lat="50.151432" lon="19.417982"></trkpt>
      <trkpt lat="50.149768" lon="19.416627"></trkpt>
      <trkpt lat="50.148203" lon="19.415729"></trkpt>
      <trkpt lat="50.145435" lon="19.4146"></trkpt>
      <trkpt lat="50.144531" lon="19.414127"></trkpt>
      <trkpt lat="50.143663" lon="19.413487"></trkpt>
      <trkpt lat="50.14269" lon="19.412518"></trkpt>
      <trkpt lat="50.141638" lon="19.411111"></trkpt>
      <trkpt lat="50.136302" lon="19.402923"></trkpt>
      <trkpt lat="50.13042" lon="19.393647"></trkpt>
      <trkpt lat="50.129701" lon="19.391951"></trkpt>
      <trkpt lat="50.129112" lon="19.389556"></trkpt>
      <trkpt lat="50.128671" lon="19.383898"></trkpt>
      <trkpt lat="50.12838" lon="19.382311"></trkpt>
      <trkpt lat="50.120526" lon="19.354177"></trkpt>
      <trkpt lat="50.119844" lon="19.352556"></trkpt>
      <trkpt lat="50.119015" lon="19.351103"></trkpt>
      <trkpt lat="50.112945" lon="19.342711"></trkpt>
      <trkpt lat="50.112215" lon="19.341287"></trkpt>
      <trkpt lat="50.111703" lon="19.339755"></trkpt>
      <trkpt lat="50.111407" lon="19.338264"></trkpt>
      <trkpt lat="50.111269" lon="19.336586"></trkpt>
      <trkpt lat="50.111299" lon="19.335206"></trkpt>
      <trkpt lat="50.111514" lon="19.333535"></trkpt>
      <trkpt lat="50.116952" lon="19.309086"></trkpt>
      <trkpt lat="50.119458" lon="19.29545"></trkpt>
      <trkpt lat="50.119752" lon="19.293055"></trkpt>
      <trkpt lat="50.119716" lon="19.29002"></trkpt>
      <trkpt lat="50.119438" lon="19.288026"></trkpt>
      <trkpt lat="50.119104" lon="19.286607"></trkpt>
      <trkpt lat="50.116165" lon="19.27802"></trkpt>
      <trkpt lat="50.115089" lon="19.27578"></trkpt>
      <trkpt lat="50.102352" lon="19.257638"></trkpt>
      <trkpt lat="50.100667" lon="19.255387"></trkpt>
      <trkpt lat="50.099869" lon="19.254563"></trkpt>
      <trkpt lat="50.097899" lon="19.253288"></trkpt>
      <trkpt lat="50.071238" lon="19.240912"></trkpt>
      <trkpt lat="50.070222" lon="19.240327"></trkpt>
      <trkpt lat="50.068923" lon="19.239224"></trkpt>
      <trkpt lat="50.067845" lon="19.237924"></trkpt>
      <trkpt lat="50.041105" lon="19.199011"></trkpt>
      <trkpt lat="50.038046" lon="19.19471"></trkpt>
      <trkpt lat="50.036767" lon="19.193286"></trkpt>
      <trkpt lat="50.035947" lon="19.192635"></trkpt>
      <trkpt lat="50.025826" lon="19.186398"></trkpt>
      <trkpt lat="50.022407" lon="19.184467"></trkpt>
      <trkpt lat="50.006549" lon="19.174731"></trkpt>
      <trkpt lat="50.005184" lon="19.173766"></trkpt>
      <trkpt lat="50.003811" lon="19.172448"></trkpt>
      <trkpt lat="50.002873" lon="19.17129"></trkpt>
      <trkpt lat="50.001948" lon="19.169886"></trkpt>
      <trkpt lat="50.000602" lon="19.16714"></trkpt>
      <trkpt lat="49.994848" lon="19.152077"></trkpt>
      <trkpt lat="49.993622" lon="19.149366"></trkpt>
      <trkpt lat="49.989663" lon="19.139047"></trkpt>
      <trkpt lat="49.988695" lon="19.137049"></trkpt>
      <trkpt lat="49.988181" lon="19.136261"></trkpt>
      <trkpt lat="49.987366" lon="19.135165"></trkpt>
      <trkpt lat="49.986142" lon="19.133825"></trkpt>
      <trkpt lat="49.984379" lon="19.132388"></trkpt>
      <trkpt lat="49.982321" lon="19.131337"></trkpt>
      <trkpt lat="49.976073" lon="19.129574"></trkpt>
      <trkpt lat="49.972089" lon="19.128324"></trkpt>
      <trkpt lat="49.968513" lon="19.127439"></trkpt>
      <trkpt lat="49.955939" lon="19.123996"></trkpt>
      <trkpt lat="49.95509" lon="19.123611"></trkpt>
      <trkpt lat="49.954182" lon="19.123027"></trkpt>
      <trkpt lat="49.952649" lon="19.121539"></trkpt>
      <trkpt lat="49.95134" lon="19.119553"></trkpt>
      <trkpt lat="49.95029" lon="19.117109"></trkpt>
      <trkpt lat="49.919933" lon="19.036028"></trkpt>
      <trkpt lat="49.918448" lon="19.030668"></trkpt>
      <trkpt lat="49.917584" lon="19.026051"></trkpt>
      <trkpt lat="49.91609" lon="19.014119"></trkpt>
      <trkpt lat="49.915113" lon="19.005488"></trkpt>
      <trkpt lat="49.914921" lon="19.002781"></trkpt>
      <trkpt lat="49.911732" lon="18.974571"></trkpt>
      <trkpt lat="49.910577" lon="18.965318"></trkpt>
      <trkpt lat="49.893565" lon="18.815878"></trkpt>
      <trkpt lat="49.877069" lon="18.673462"></trkpt>
      <trkpt lat="49.876388" lon="18.659852"></trkpt>
      <trkpt lat="49.87644" lon="18.657921"></trkpt>
      <trkpt lat="49.876623" lon="18.656475"></trkpt>
      <trkpt lat="49.876911" lon="18.655085"></trkpt>
      <trkpt lat="49.877522" lon="18.653112"></trkpt>
      <trkpt lat="49.882583" lon="18.640275"></trkpt>
      <trkpt lat="49.882887" lon="18.638459"></trkpt>
      <trkpt lat="49.882839" lon="18.637064"></trkpt>
      <trkpt lat="49.882401" lon="18.635286"></trkpt>
      <trkpt lat="49.881594" lon="18.633864"></trkpt>
      <trkpt lat="49.881082" lon="18.633335"></trkpt>
      <trkpt lat="49.880217" lon="18.632834"></trkpt>
      <trkpt lat="49.879618" lon="18.6327"></trkpt>
      <trkpt lat="49.879002" lon="18.632738"></trkpt>
      <trkpt lat="49.878106" lon="18.633116"></trkpt>
      <trkpt lat="49.87731" lon="18.633837"></trkpt>
      <trkpt lat="49.87471" lon="18.637531"></trkpt>
      <trkpt lat="49.874008" lon="18.638259"></trkpt>
      <trkpt lat="49.873481" lon="18.638586"></trkpt>
      <trkpt lat="49.872911" lon="18.638772"></trkpt>
      <trkpt lat="49.871982" lon="18.638762"></trkpt>
      <trkpt lat="49.871458" lon="18.638571"></trkpt>
      <trkpt lat="49.870895" lon="18.638182"></trkpt>
      <trkpt lat="49.870177" lon="18.637378"></trkpt>
      <trkpt lat="49.869475" lon="18.635886"></trkpt>
      <trkpt lat="49.86918" lon="18.634548"></trkpt>
      <trkpt lat="49.868777" lon="18.63065"></trkpt>
      <trkpt lat="49.869007" lon="18.628604"></trkpt>
      <trkpt lat="49.869615" lon="18.626569"></trkpt>
      <trkpt lat="49.871048" lon="18.622768"></trkpt>
      <trkpt lat="49.872863" lon="18.618411"></trkpt>
      <trkpt lat="49.873307" lon="18.616754"></trkpt>
      <trkpt lat="49.873716" lon="18.611444"></trkpt>
      <trkpt lat="49.873866" lon="18.607013"></trkpt>
      <trkpt lat="49.874543" lon="18.600677"></trkpt>
      <trkpt lat="49.875189" lon="18.596938"></trkpt>
      <trkpt lat="49.876038" lon="18.593795"></trkpt>
      <trkpt lat="49.882679" lon="18.574684"></trkpt>
      <trkpt lat="49.883703" lon="18.572006"></trkpt>
      <trkpt lat="49.885399" lon="18.568378"></trkpt>
      <trkpt lat="49.890096" lon="18.559958"></trkpt>
      <trkpt lat="49.891779" lon="18.556474"></trkpt>
      <trkpt lat="49.892617" lon="18.554194"></trkpt>
      <trkpt lat="49.894545" lon="18.547931"></trkpt>
      <trkpt lat="49.89577" lon="18.544464"></trkpt>
      <trkpt lat="49.896225" lon="18.542548"></trkpt>
      <trkpt lat="49.898568" lon="18.521574"></trkpt>
      <trkpt lat="49.898703" lon="18.51736"></trkpt>
      <trkpt lat="49.898372" lon="18.513697"></trkpt>
      <trkpt lat="49.893823" lon="18.487317"></trkpt>
      <trkpt lat="49.893606" lon="18.484976"></trkpt>
      <trkpt lat="49.893645" lon="18.482415"></trkpt>
      <trkpt lat="49.894161" lon="18.479083"></trkpt>
      <trkpt lat="49.89465" lon="18.477372"></trkpt>
      <trkpt lat="49.895276" lon="18.475768"></trkpt>
      <trkpt lat="49.897732" lon="18.470964"></trkpt>
      <trkpt lat="49.901769" lon="18.463573"></trkpt>
      <trkpt lat="49.90554" lon="18.455726"></trkpt>
      <trkpt lat="49.911469" lon="18.439791"></trkpt>
      <trkpt lat="49.912059" lon="18.437776"></trkpt>
      <trkpt lat="49.912484" lon="18.435549"></trkpt>
      <trkpt lat="49.912649" lon="18.43394"></trkpt>
      <trkpt lat="49.912705" lon="18.431481"></trkpt>
      <trkpt lat="49.912078" lon="18.38744"></trkpt>
      <trkpt lat="49.911925" lon="18.385377"></trkpt>
      <trkpt lat="49.911668" lon="18.383768"></trkpt>
      <trkpt lat="49.910759" lon="18.380092"></trkpt>
      <trkpt lat="49.91007" lon="18.3779"></trkpt>
      <trkpt lat="49.908688" lon="18.374559"></trkpt>
      <trkpt lat="49.9049" lon="18.367209"></trkpt>
      <trkpt lat="49.899341" lon="18.356896"></trkpt>
      <trkpt lat="49.855784" lon="18.274759"></trkpt>
      <trkpt lat="49.853302" lon="18.269719"></trkpt>
      <trkpt lat="49.850744" lon="18.26492"></trkpt>
      <trkpt lat="49.848887" lon="18.261802"></trkpt>
      <trkpt lat="49.847673" lon="18.259518"></trkpt>
      <trkpt lat="49.846822" lon="18.257376"></trkpt>
      <trkpt lat="49.835132" lon="18.23547"></trkpt>
      <trkpt lat="49.833195" lon="18.231051"></trkpt>
      <trkpt lat="49.82854" lon="18.216456"></trkpt>
      <trkpt lat="49.828181" lon="18.215603"></trkpt>
      <trkpt lat="49.827342" lon="18.21415"></trkpt>
      <trkpt lat="49.826147" lon="18.212787"></trkpt>
      <trkpt lat="49.824897" lon="18.211972"></trkpt>
      <trkpt lat="49.817885" lon="18.208767"></trkpt>
      <trkpt lat="49.814013" lon="18.206742"></trkpt>
      <trkpt lat="49.781436" lon="18.191302"></trkpt>
      <trkpt lat="49.779641" lon="18.190414"></trkpt>
      <trkpt lat="49.778622" lon="18.189778"></trkpt>
      <trkpt lat="49.777446" lon="18.188859"></trkpt>
      <trkpt lat="49.775815" lon="18.18718"></trkpt>
      <trkpt lat="49.758186" lon="18.165998"></trkpt>
      <trkpt lat="49.756952" lon="18.164396"></trkpt>
      <trkpt lat="49.75622" lon="18.163241"></trkpt>
      <trkpt lat="49.742169" lon="18.139192"></trkpt>
      <trkpt lat="49.74117" lon="18.137203"></trkpt>
      <trkpt lat="49.740135" lon="18.134035"></trkpt>
      <trkpt lat="49.734082" lon="18.110003"></trkpt>
      <trkpt lat="49.733302" lon="18.107583"></trkpt>
      <trkpt lat="49.732456" lon="18.105753"></trkpt>
      <trkpt lat="49.731656" lon="18.104436"></trkpt>
      <trkpt lat="49.730521" lon="18.102953"></trkpt>
      <trkpt lat="49.712175" lon="18.081021"></trkpt>
      <trkpt lat="49.710884" lon="18.079177"></trkpt>
      <trkpt lat="49.710144" lon="18.077731"></trkpt>
      <trkpt lat="49.70958" lon="18.076287"></trkpt>
      <trkpt lat="49.708878" lon="18.073734"></trkpt>
      <trkpt lat="49.707163" lon="18.063616"></trkpt>
      <trkpt lat="49.7059" lon="18.057656"></trkpt>
      <trkpt lat="49.70483" lon="18.051453"></trkpt>
      <trkpt lat="49.704358" lon="18.049494"></trkpt>
      <trkpt lat="49.703545" lon="18.046928"></trkpt>
      <trkpt lat="49.703013" lon="18.045551"></trkpt>
      <trkpt lat="49.701159" lon="18.041763"></trkpt>
      <trkpt lat="49.687998" lon="18.015904"></trkpt>
      <trkpt lat="49.687244" lon="18.01425"></trkpt>
      <trkpt lat="49.686103" lon="18.011065"></trkpt>
      <trkpt lat="49.677935" lon="17.985094"></trkpt>
      <trkpt lat="49.676745" lon="17.982205"></trkpt>
      <trkpt lat="49.675292" lon="17.979693"></trkpt>
      <trkpt lat="49.674047" lon="17.978054"></trkpt>
      <trkpt lat="49.646907" lon="17.946501"></trkpt>
      <trkpt lat="49.645272" lon="17.944388"></trkpt>
      <trkpt lat="49.64464" lon="17.943429"></trkpt>
      <trkpt lat="49.643348" lon="17.941028"></trkpt>
      <trkpt lat="49.633119" lon="17.918807"></trkpt>
      <trkpt lat="49.631372" lon="17.916083"></trkpt>
      <trkpt lat="49.62958" lon="17.914132"></trkpt>
      <trkpt lat="49.606597" lon="17.89461"></trkpt>
      <trkpt lat="49.605506" lon="17.893732"></trkpt>
      <trkpt lat="49.604656" lon="17.893223"></trkpt>
      <trkpt lat="49.60377" lon="17.892897"></trkpt>
      <trkpt lat="49.603086" lon="17.892776"></trkpt>
      <trkpt lat="49.601627" lon="17.892877"></trkpt>
      <trkpt lat="49.595786" lon="17.895321"></trkpt>
      <trkpt lat="49.594787" lon="17.89553"></trkpt>
      <trkpt lat="49.593581" lon="17.895466"></trkpt>
      <trkpt lat="49.584714" lon="17.893441"></trkpt>
      <trkpt lat="49.583487" lon="17.893037"></trkpt>
      <trkpt lat="49.58235" lon="17.892318"></trkpt>
      <trkpt lat="49.581392" lon="17.891367"></trkpt>
      <trkpt lat="49.580694" lon="17.890432"></trkpt>
      <trkpt lat="49.579959" lon="17.889073"></trkpt>
      <trkpt lat="49.577" lon="17.881743"></trkpt>
      <trkpt lat="49.576218" lon="17.879356"></trkpt>
      <trkpt lat="49.575677" lon="17.877225"></trkpt>
      <trkpt lat="49.574095" lon="17.868703"></trkpt>
      <trkpt lat="49.573775" lon="17.864871"></trkpt>
      <trkpt lat="49.573779" lon="17.861664"></trkpt>
      <trkpt lat="49.574911" lon="17.849828"></trkpt>
      <trkpt lat="49.578891" lon="17.81275"></trkpt>
      <trkpt lat="49.579231" lon="17.811052"></trkpt>
      <trkpt lat="49.579911" lon="17.808855"></trkpt>
      <trkpt lat="49.584496" lon="17.797982"></trkpt>
      <trkpt lat="49.585103" lon="17.795892"></trkpt>
      <trkpt lat="49.585459" lon="17.793672"></trkpt>
      <trkpt lat="49.585556" lon="17.791834"></trkpt>
      <trkpt lat="49.585479" lon="17.789966"></trkpt>
      <trkpt lat="49.584032" lon="17.776293"></trkpt>
      <trkpt lat="49.584078" lon="17.774339"></trkpt>
      <trkpt lat="49.584922" lon="17.763917"></trkpt>
      <trkpt lat="49.584881" lon="17.762004"></trkpt>
      <trkpt lat="49.584636" lon="17.76"></trkpt>
      <trkpt lat="49.583943" lon="17.757329"></trkpt>
      <trkpt lat="49.58236" lon="17.753502"></trkpt>
      <trkpt lat="49.58149" lon="17.75203"></trkpt>
      <trkpt lat="49.580241" lon="17.750718"></trkpt>
      <trkpt lat="49.578843" lon="17.749906"></trkpt>
      <trkpt lat="49.577762" lon="17.749643"></trkpt>
      <trkpt lat="49.576806" lon="17.749644"></trkpt>
      <trkpt lat="49.574407" lon="17.750004"></trkpt>
      <trkpt lat="49.57345" lon="17.749931"></trkpt>
      <trkpt lat="49.572559" lon="17.749672"></trkpt>
      <trkpt lat="49.571834" lon="17.749289"></trkpt>
      <trkpt lat="49.570936" lon="17.74861"></trkpt>
      <trkpt lat="49.568618" lon="17.746131"></trkpt>
      <trkpt lat="49.567204" lon="17.744274"></trkpt>
      <trkpt lat="49.566269" lon="17.742607"></trkpt>
      <trkpt lat="49.564486" lon="17.738716"></trkpt>
      <trkpt lat="49.562844" lon="17.734088"></trkpt>
      <trkpt lat="49.560077" lon="17.720613"></trkpt>
      <trkpt lat="49.558125" lon="17.709817"></trkpt>
      <trkpt lat="49.558053" lon="17.708561"></trkpt>
      <trkpt lat="49.558156" lon="17.706612"></trkpt>
      <trkpt lat="49.559209" lon="17.699542"></trkpt>
      <trkpt lat="49.559181" lon="17.697382"></trkpt>
      <trkpt lat="49.558789" lon="17.694945"></trkpt>
      <trkpt lat="49.558328" lon="17.693424"></trkpt>
      <trkpt lat="49.557799" lon="17.692221"></trkpt>
      <trkpt lat="49.55489" lon="17.68737"></trkpt>
      <trkpt lat="49.553505" lon="17.684817"></trkpt>
      <trkpt lat="49.553052" lon="17.683766"></trkpt>
      <trkpt lat="49.549903" lon="17.67365"></trkpt>
      <trkpt lat="49.546939" lon="17.663642"></trkpt>
      <trkpt lat="49.546089" lon="17.661609"></trkpt>
      <trkpt lat="49.544457" lon="17.658583"></trkpt>
      <trkpt lat="49.543787" lon="17.656886"></trkpt>
      <trkpt lat="49.543356" lon="17.65504"></trkpt>
      <trkpt lat="49.54269" lon="17.650652"></trkpt>
      <trkpt lat="49.542077" lon="17.648402"></trkpt>
      <trkpt lat="49.541402" lon="17.646647"></trkpt>
      <trkpt lat="49.539066" lon="17.64143"></trkpt>
      <trkpt lat="49.53846" lon="17.639582"></trkpt>
      <trkpt lat="49.53794" lon="17.637314"></trkpt>
      <trkpt lat="49.537611" lon="17.634877"></trkpt>
      <trkpt lat="49.532756" lon="17.583777"></trkpt>
      <trkpt lat="49.532463" lon="17.581467"></trkpt>
      <trkpt lat="49.532119" lon="17.579403"></trkpt>
      <trkpt lat="49.531408" lon="17.577011"></trkpt>
      <trkpt lat="49.530462" lon="17.575031"></trkpt>
      <trkpt lat="49.528259" lon="17.571295"></trkpt>
      <trkpt lat="49.52733" lon="17.568914"></trkpt>
      <trkpt lat="49.526964" lon="17.567209"></trkpt>
      <trkpt lat="49.526828" lon="17.565196"></trkpt>
      <trkpt lat="49.526915" lon="17.55018"></trkpt>
      <trkpt lat="49.52681" lon="17.548761"></trkpt>
      <trkpt lat="49.526454" lon="17.54689"></trkpt>
      <trkpt lat="49.525577" lon="17.54447"></trkpt>
      <trkpt lat="49.518347" lon="17.52863"></trkpt>
      <trkpt lat="49.517631" lon="17.526748"></trkpt>
      <trkpt lat="49.517129" lon="17.524331"></trkpt>
      <trkpt lat="49.516629" lon="17.516643"></trkpt>
      <trkpt lat="49.516424" lon="17.515352"></trkpt>
      <trkpt lat="49.515909" lon="17.513515"></trkpt>
      <trkpt lat="49.515048" lon="17.511673"></trkpt>
      <trkpt lat="49.509971" lon="17.504281"></trkpt>
      <trkpt lat="49.508417" lon="17.501438"></trkpt>
      <trkpt lat="49.507533" lon="17.499155"></trkpt>
      <trkpt lat="49.502094" lon="17.482111"></trkpt>
      <trkpt lat="49.501615" lon="17.480939"></trkpt>
      <trkpt lat="49.500733" lon="17.479315"></trkpt>
      <trkpt lat="49.499745" lon="17.47797"></trkpt>
      <trkpt lat="49.47636" lon="17.450717"></trkpt>
      <trkpt lat="49.474566" lon="17.449182"></trkpt>
      <trkpt lat="49.472762" lon="17.448126"></trkpt>
      <trkpt lat="49.471414" lon="17.447641"></trkpt>
      <trkpt lat="49.468344" lon="17.446975"></trkpt>
      <trkpt lat="49.467373" lon="17.446511"></trkpt>
      <trkpt lat="49.466593" lon="17.445954"></trkpt>
      <trkpt lat="49.465378" lon="17.444672"></trkpt>
      <trkpt lat="49.464555" lon="17.443394"></trkpt>
      <trkpt lat="49.461746" lon="17.437339"></trkpt>
      <trkpt lat="49.460756" lon="17.435833"></trkpt>
      <trkpt lat="49.460015" lon="17.435055"></trkpt>
      <trkpt lat="49.458722" lon="17.434169"></trkpt>
      <trkpt lat="49.457669" lon="17.433804"></trkpt>
      <trkpt lat="49.456632" lon="17.43372"></trkpt>
      <trkpt lat="49.455503" lon="17.433893"></trkpt>
      <trkpt lat="49.45448" lon="17.434321"></trkpt>
      <trkpt lat="49.45338" lon="17.435116"></trkpt>
      <trkpt lat="49.452687" lon="17.435828"></trkpt>
      <trkpt lat="49.448624" lon="17.441963"></trkpt>
      <trkpt lat="49.447403" lon="17.443552"></trkpt>
      <trkpt lat="49.444388" lon="17.448664"></trkpt>
      <trkpt lat="49.442392" lon="17.450495"></trkpt>
      <trkpt lat="49.441516" lon="17.450778"></trkpt>
      <trkpt lat="49.439973" lon="17.450978"></trkpt>
      <trkpt lat="49.433379" lon="17.451251"></trkpt>
      <trkpt lat="49.429073" lon="17.451911"></trkpt>
      <trkpt lat="49.375336" lon="17.454014"></trkpt>
      <trkpt lat="49.350114" lon="17.455146"></trkpt>
      <trkpt lat="49.348081" lon="17.45545"></trkpt>
      <trkpt lat="49.346594" lon="17.455916"></trkpt>
      <trkpt lat="49.345006" lon="17.456659"></trkpt>
      <trkpt lat="49.343627" lon="17.457518"></trkpt>
      <trkpt lat="49.308812" lon="17.481687"></trkpt>
      <trkpt lat="49.298032" lon="17.489046"></trkpt>
      <trkpt lat="49.29614" lon="17.490167"></trkpt>
      <trkpt lat="49.294334" lon="17.490867"></trkpt>
      <trkpt lat="49.291864" lon="17.491273"></trkpt>
      <trkpt lat="49.290271" lon="17.491315"></trkpt>
      <trkpt lat="49.272287" lon="17.490923"></trkpt>
      <trkpt lat="49.270289" lon="17.491177"></trkpt>
      <trkpt lat="49.268153" lon="17.491873"></trkpt>
      <trkpt lat="49.265973" lon="17.493033"></trkpt>
      <trkpt lat="49.258892" lon="17.498217"></trkpt>
      <trkpt lat="49.25554" lon="17.500509"></trkpt>
      <trkpt lat="49.238219" lon="17.508915"></trkpt>
      <trkpt lat="49.235843" lon="17.51034"></trkpt>
      <trkpt lat="49.234404" lon="17.511527"></trkpt>
      <trkpt lat="49.232768" lon="17.513238"></trkpt>
      <trkpt lat="49.227652" lon="17.520218"></trkpt>
      <trkpt lat="49.226449" lon="17.521672"></trkpt>
      <trkpt lat="49.225091" lon="17.522948"></trkpt>
      <trkpt lat="49.223428" lon="17.524102"></trkpt>
      <trkpt lat="49.221142" lon="17.525086"></trkpt>
      <trkpt lat="49.207656" lon="17.529537"></trkpt>
      <trkpt lat="49.205292" lon="17.529905"></trkpt>
      <trkpt lat="49.200272" lon="17.53149"></trkpt>
      <trkpt lat="49.199585" lon="17.531562"></trkpt>
      <trkpt lat="49.198381" lon="17.53138"></trkpt>
      <trkpt lat="49.196929" lon="17.530799"></trkpt>
      <trkpt lat="49.195799" lon="17.530009"></trkpt>
      <trkpt lat="49.195014" lon="17.529276"></trkpt>
      <trkpt lat="49.194245" lon="17.528351"></trkpt>
      <trkpt lat="49.193531" lon="17.527259"></trkpt>
      <trkpt lat="49.192668" lon="17.525514"></trkpt>
      <trkpt lat="49.191964" lon="17.523504"></trkpt>
      <trkpt lat="49.188571" lon="17.511177"></trkpt>
      <trkpt lat="49.188102" lon="17.509768"></trkpt>
      <trkpt lat="49.187581" lon="17.508617"></trkpt>
      <trkpt lat="49.186804" lon="17.507348"></trkpt>
      <trkpt lat="49.185904" lon="17.506303"></trkpt>
      <trkpt lat="49.184669" lon="17.505351"></trkpt>
      <trkpt lat="49.183296" lon="17.504778"></trkpt>
      <trkpt lat="49.179719" lon="17.503703"></trkpt>
      <trkpt lat="49.177808" lon="17.503191"></trkpt>
      <trkpt lat="49.176754" lon="17.50306"></trkpt>
      <trkpt lat="49.174784" lon="17.503166"></trkpt>
      <trkpt lat="49.16517" lon="17.504463"></trkpt>
      <trkpt lat="49.161865" lon="17.504592"></trkpt>
      <trkpt lat="49.159003" lon="17.50428"></trkpt>
      <trkpt lat="49.156583" lon="17.503865"></trkpt>
      <trkpt lat="49.153303" lon="17.502998"></trkpt>
      <trkpt lat="49.151579" lon="17.502369"></trkpt>
      <trkpt lat="49.14907" lon="17.501084"></trkpt>
      <trkpt lat="49.14627" lon="17.499059"></trkpt>
      <trkpt lat="49.143383" lon="17.496182"></trkpt>
      <trkpt lat="49.117522" lon="17.467844"></trkpt>
      <trkpt lat="49.116745" lon="17.466841"></trkpt>
      <trkpt lat="49.11299" lon="17.462712"></trkpt>
      <trkpt lat="49.110865" lon="17.460557"></trkpt>
      <trkpt lat="49.073315" lon="17.419482"></trkpt>
      <trkpt lat="49.069246" lon="17.415281"></trkpt>
      <trkpt lat="49.066539" lon="17.412164"></trkpt>
      <trkpt lat="49.037507" lon="17.380398"></trkpt>
      <trkpt lat="48.983596" lon="17.321678"></trkpt>
      <trkpt lat="48.982524" lon="17.320355"></trkpt>
      <trkpt lat="48.977801" lon="17.315126"></trkpt>
      <trkpt lat="48.973742" lon="17.311107"></trkpt>
      <trkpt lat="48.971939" lon="17.309504"></trkpt>
      <trkpt lat="48.970173" lon="17.308157"></trkpt>
      <trkpt lat="48.967693" lon="17.306576"></trkpt>
      <trkpt lat="48.965339" lon="17.305398"></trkpt>
      <trkpt lat="48.945482" lon="17.296536"></trkpt>
      <trkpt lat="48.942665" lon="17.294928"></trkpt>
      <trkpt lat="48.940315" lon="17.293025"></trkpt>
      <trkpt lat="48.938527" lon="17.291105"></trkpt>
      <trkpt lat="48.937107" lon="17.289392"></trkpt>
      <trkpt lat="48.935476" lon="17.287082"></trkpt>
      <trkpt lat="48.933983" lon="17.284663"></trkpt>
      <trkpt lat="48.932502" lon="17.281827"></trkpt>
      <trkpt lat="48.858446" lon="17.126447"></trkpt>
      <trkpt lat="48.856453" lon="17.121949"></trkpt>
      <trkpt lat="48.851304" lon="17.111515"></trkpt>
      <trkpt lat="48.822819" lon="17.052208"></trkpt>
      <trkpt lat="48.820471" lon="17.048179"></trkpt>
      <trkpt lat="48.819036" lon="17.046119"></trkpt>
      <trkpt lat="48.817647" lon="17.044358"></trkpt>
      <trkpt lat="48.815455" lon="17.041968"></trkpt>
      <trkpt lat="48.803994" lon="17.03068"></trkpt>
      <trkpt lat="48.802394" lon="17.028591"></trkpt>
      <trkpt lat="48.800892" lon="17.025723"></trkpt>
      <trkpt lat="48.800044" lon="17.023563"></trkpt>
      <trkpt lat="48.797552" lon="17.015561"></trkpt>
      <trkpt lat="48.785871" lon="16.977602"></trkpt>
      <trkpt lat="48.784913" lon="16.973917"></trkpt>
      <trkpt lat="48.784445" lon="16.971068"></trkpt>
      <trkpt lat="48.784175" lon="16.967712"></trkpt>
      <trkpt lat="48.784132" lon="16.947273"></trkpt>
      <trkpt lat="48.783987" lon="16.941953"></trkpt>
      <trkpt lat="48.783681" lon="16.937963"></trkpt>
      <trkpt lat="48.782827" lon="16.932425"></trkpt>
      <trkpt lat="48.781968" lon="16.928779"></trkpt>
      <trkpt lat="48.780659" lon="16.924623"></trkpt>
      <trkpt lat="48.778752" lon="16.920128"></trkpt>
      <trkpt lat="48.776889" lon="16.916686"></trkpt>
      <trkpt lat="48.774442" lon="16.912958"></trkpt>
      <trkpt lat="48.772678" lon="16.910843"></trkpt>
      <trkpt lat="48.770808" lon="16.908906"></trkpt>
      <trkpt lat="48.763491" lon="16.90202"></trkpt>
      <trkpt lat="48.7598" lon="16.898855"></trkpt>
      <trkpt lat="48.749045" lon="16.888578"></trkpt>
      <trkpt lat="48.72858" lon="16.869449"></trkpt>
      <trkpt lat="48.727433" lon="16.86855"></trkpt>
      <trkpt lat="48.725871" lon="16.867582"></trkpt>
      <trkpt lat="48.724461" lon="16.866932"></trkpt>
      <trkpt lat="48.72298" lon="16.866463"></trkpt>
      <trkpt lat="48.721655" lon="16.866214"></trkpt>
      <trkpt lat="48.719811" lon="16.866135"></trkpt>
      <trkpt lat="48.718117" lon="16.866332"></trkpt>
      <trkpt lat="48.716631" lon="16.866722"></trkpt>
      <trkpt lat="48.681961" lon="16.881622"></trkpt>
      <trkpt lat="48.634085" lon="16.902409"></trkpt>
      <trkpt lat="48.632359" lon="16.902976"></trkpt>
      <trkpt lat="48.63061" lon="16.903327"></trkpt>
      <trkpt lat="48.62812" lon="16.903425"></trkpt>
      <trkpt lat="48.602711" lon="16.901234"></trkpt>
      <trkpt lat="48.600494" lon="16.901172"></trkpt>
      <trkpt lat="48.592898" lon="16.900518"></trkpt>
      <trkpt lat="48.590705" lon="16.900133"></trkpt>
      <trkpt lat="48.543856" lon="16.896101"></trkpt>
      <trkpt lat="48.541424" lon="16.895761"></trkpt>
      <trkpt lat="48.534468" lon="16.895356"></trkpt>
      <trkpt lat="48.520265" lon="16.894054"></trkpt>
      <trkpt lat="48.517127" lon="16.893453"></trkpt>
      <trkpt lat="48.515112" lon="16.892825"></trkpt>
      <trkpt lat="48.513282" lon="16.892089"></trkpt>
      <trkpt lat="48.510675" lon="16.890746"></trkpt>
      <trkpt lat="48.509088" lon="16.889738"></trkpt>
      <trkpt lat="48.506577" lon="16.887844"></trkpt>
      <trkpt lat="48.497829" lon="16.880347"></trkpt>
      <trkpt lat="48.49599" lon="16.878935"></trkpt>
      <trkpt lat="48.478475" lon="16.866361"></trkpt>
      <trkpt lat="48.469354" lon="16.859672"></trkpt>
      <trkpt lat="48.468353" lon="16.859097"></trkpt>
      <trkpt lat="48.45883" lon="16.852272"></trkpt>
      <trkpt lat="48.456958" lon="16.851091"></trkpt>
      <trkpt lat="48.45471" lon="16.849979"></trkpt>
      <trkpt lat="48.4517" lon="16.84899"></trkpt>
      <trkpt lat="48.450119" lon="16.848683"></trkpt>
      <trkpt lat="48.448246" lon="16.84848"></trkpt>
      <trkpt lat="48.402095" lon="16.845941"></trkpt>
      <trkpt lat="48.400499" lon="16.845547"></trkpt>
      <trkpt lat="48.398956" lon="16.844832"></trkpt>
      <trkpt lat="48.397223" lon="16.843569"></trkpt>
      <trkpt lat="48.396122" lon="16.842471"></trkpt>
      <trkpt lat="48.395073" lon="16.841154"></trkpt>
      <trkpt lat="48.38971" lon="16.833601"></trkpt>
      <trkpt lat="48.384784" lon="16.826459"></trkpt>
      <trkpt lat="48.383168" lon="16.823829"></trkpt>
      <trkpt lat="48.381172" lon="16.820186"></trkpt>
      <trkpt lat="48.345709" lon="16.751615"></trkpt>
      <trkpt lat="48.344163" lon="16.748061"></trkpt>
      <trkpt lat="48.342883" lon="16.74424"></trkpt>
      <trkpt lat="48.34227" lon="16.741808"></trkpt>
      <trkpt lat="48.341563" lon="16.737923"></trkpt>
      <trkpt lat="48.339383" lon="16.728512"></trkpt>
      <trkpt lat="48.319652" lon="16.638905"></trkpt>
      <trkpt lat="48.317477" lon="16.629499"></trkpt>
      <trkpt lat="48.303547" lon="16.566793"></trkpt>
      <trkpt lat="48.300842" lon="16.554175"></trkpt>
      <trkpt lat="48.288112" lon="16.496848"></trkpt>
      <trkpt lat="48.287469" lon="16.494363"></trkpt>
      <trkpt lat="48.284709" lon="16.481992"></trkpt>
      <trkpt lat="48.284329" lon="16.480875"></trkpt>
      <trkpt lat="48.283834" lon="16.480116"></trkpt>
      <trkpt lat="48.283331" lon="16.479694"></trkpt>
      <trkpt lat="48.28214" lon="16.479083"></trkpt>
      <trkpt lat="48.280388" lon="16.477898"></trkpt>
      <trkpt lat="48.27616" lon="16.475709"></trkpt>
      <trkpt lat="48.275116" lon="16.474972"></trkpt>
      <trkpt lat="48.273795" lon="16.474228"></trkpt>
      <trkpt lat="48.241529" lon="16.458596"></trkpt>
      <trkpt lat="48.239795" lon="16.457541"></trkpt>
      <trkpt lat="48.2331" lon="16.454298"></trkpt>
      <trkpt lat="48.227424" lon="16.452022"></trkpt>
      <trkpt lat="48.225348" lon="16.450895"></trkpt>
      <trkpt lat="48.223459" lon="16.450058"></trkpt>
      <trkpt lat="48.22106" lon="16.44934"></trkpt>
      <trkpt lat="48.218059" lon="16.448096"></trkpt>
      <trkpt lat="48.217077" lon="16.44793"></trkpt>
      <trkpt lat="48.216221" lon="16.447994"></trkpt>
      <trkpt lat="48.208391" lon="16.450071"></trkpt>
      <trkpt lat="48.207216" lon="16.450078"></trkpt>
      <trkpt lat="48.206361" lon="16.449784"></trkpt>
      <trkpt lat="48.205744" lon="16.449385"></trkpt>
      <trkpt lat="48.205069" lon="16.448729"></trkpt>
      <trkpt lat="48.198881" lon="16.440162"></trkpt>
      <trkpt lat="48.198215" lon="16.439351"></trkpt>
      <trkpt lat="48.197462" lon="16.438653"></trkpt>
      <trkpt lat="48.189739" lon="16.433384"></trkpt>
      <trkpt lat="48.175335" lon="16.423973"></trkpt>
      <trkpt lat="48.172181" lon="16.421819"></trkpt>
      <trkpt lat="48.171207" lon="16.420944"></trkpt>
      <trkpt lat="48.170359" lon="16.419878"></trkpt>
      <trkpt lat="48.168513" lon="16.416918"></trkpt>
      <trkpt lat="48.167973" lon="16.415942"></trkpt>
      <trkpt lat="48.167469" lon="16.414664"></trkpt>
      <trkpt lat="48.167118" lon="16.41308"></trkpt>
      <trkpt lat="48.167008" lon="16.411504"></trkpt>
      <trkpt lat="48.167174" lon="16.409637"></trkpt>
      <trkpt lat="48.167546" lon="16.408123"></trkpt>
      <trkpt lat="48.168375" lon="16.406329"></trkpt>
      <trkpt lat="48.175331" lon="16.395446"></trkpt>
      <trkpt lat="48.180904" lon="16.387587"></trkpt>
      <trkpt lat="48.182773" lon="16.385232"></trkpt>
      <trkpt lat="48.183439" lon="16.384183"></trkpt>
      <trkpt lat="48.183898" lon="16.383207"></trkpt>
      <trkpt lat="48.184482" lon="16.381503"></trkpt>
      <trkpt lat="48.185112" lon="16.377605"></trkpt>
      <trkpt lat="48.184482" lon="16.381503"></trkpt>
      <trkpt lat="48.183898" lon="16.383207"></trkpt>
      <trkpt lat="48.183439" lon="16.384183"></trkpt>
      <trkpt lat="48.183028" lon="16.384825"></trkpt>
      <trkpt lat="48.178908" lon="16.390001"></trkpt>
      <trkpt lat="48.176698" lon="16.393078"></trkpt>
      <trkpt lat="48.171394" lon="16.400983"></trkpt>
      <trkpt lat="48.168435" lon="16.405607"></trkpt>
      <trkpt lat="48.167054" lon="16.407388"></trkpt>
      <trkpt lat="48.162357" lon="16.412818"></trkpt>
      <trkpt lat="48.160347" lon="16.415815"></trkpt>
      <trkpt lat="48.153819" lon="16.423348"></trkpt>
      <trkpt lat="48.152291" lon="16.424797"></trkpt>
      <trkpt lat="48.151013" lon="16.425754"></trkpt>
      <trkpt lat="48.149317" lon="16.427839"></trkpt>
      <trkpt lat="48.141396" lon="16.433103"></trkpt>
      <trkpt lat="48.14057" lon="16.433816"></trkpt>
      <trkpt lat="48.139554" lon="16.434947"></trkpt>
      <trkpt lat="48.137993" lon="16.436283"></trkpt>
      <trkpt lat="48.129311" lon="16.442083"></trkpt>
      <trkpt lat="48.127942" lon="16.442827"></trkpt>
      <trkpt lat="48.124953" lon="16.444801"></trkpt>
      <trkpt lat="48.123516" lon="16.445625"></trkpt>
      <trkpt lat="48.121575" lon="16.44645"></trkpt>
      <trkpt lat="48.119604" lon="16.447074"></trkpt>
      <trkpt lat="48.117849" lon="16.447415"></trkpt>
      <trkpt lat="48.115402" lon="16.447575"></trkpt>
      <trkpt lat="48.114187" lon="16.44752"></trkpt>
      <trkpt lat="48.111328" lon="16.44709"></trkpt>
      <trkpt lat="48.094774" lon="16.442014"></trkpt>
      <trkpt lat="48.092328" lon="16.44159"></trkpt>
      <trkpt lat="48.090204" lon="16.44164"></trkpt>
      <trkpt lat="48.08789" lon="16.442142"></trkpt>
      <trkpt lat="48.086231" lon="16.442804"></trkpt>
      <trkpt lat="48.082978" lon="16.444495"></trkpt>
      <trkpt lat="48.076417" lon="16.448262"></trkpt>
      <trkpt lat="48.0741" lon="16.44991"></trkpt>
      <trkpt lat="48.044935" lon="16.477216"></trkpt>
      <trkpt lat="48.042184" lon="16.48"></trkpt>
      <trkpt lat="48.039101" lon="16.48386"></trkpt>
      <trkpt lat="48.037581" lon="16.486358"></trkpt>
      <trkpt lat="48.035626" lon="16.490556"></trkpt>
      <trkpt lat="48.034908" lon="16.492474"></trkpt>
      <trkpt lat="48.034544" lon="16.493851"></trkpt>
      <trkpt lat="48.028123" lon="16.522502"></trkpt>
      <trkpt lat="48.027557" lon="16.525774"></trkpt>
      <trkpt lat="48.027336" lon="16.528046"></trkpt>
      <trkpt lat="48.021442" lon="16.738839"></trkpt>
      <trkpt lat="48.020867" lon="16.751097"></trkpt>
      <trkpt lat="48.020586" lon="16.755096"></trkpt>
      <trkpt lat="48.020503" lon="16.759319"></trkpt>
      <trkpt lat="48.018828" lon="16.783269"></trkpt>
      <trkpt lat="48.018486" lon="16.787063"></trkpt>
      <trkpt lat="48.018129" lon="16.789293"></trkpt>
      <trkpt lat="48.016289" lon="16.805917"></trkpt>
      <trkpt lat="48.015879" lon="16.808171"></trkpt>
      <trkpt lat="48.015267" lon="16.81038"></trkpt>
      <trkpt lat="48.014308" lon="16.812872"></trkpt>
      <trkpt lat="48.013124" lon="16.815141"></trkpt>
      <trkpt lat="48.011505" lon="16.817425"></trkpt>
      <trkpt lat="48.002326" lon="16.828602"></trkpt>
      <trkpt lat="48.001141" lon="16.830312"></trkpt>
      <trkpt lat="47.999793" lon="16.832748"></trkpt>
      <trkpt lat="47.998706" lon="16.835249"></trkpt>
      <trkpt lat="47.989274" lon="16.85884"></trkpt>
      <trkpt lat="47.988425" lon="16.861116"></trkpt>
      <trkpt lat="47.987735" lon="16.86366"></trkpt>
      <trkpt lat="47.987432" lon="16.865199"></trkpt>
      <trkpt lat="47.987111" lon="16.867961"></trkpt>
      <trkpt lat="47.986944" lon="16.872515"></trkpt>
      <trkpt lat="47.989656" lon="16.935777"></trkpt>
      <trkpt lat="47.989679" lon="16.93897"></trkpt>
      <trkpt lat="47.989349" lon="16.942784"></trkpt>
      <trkpt lat="47.988785" lon="16.945905"></trkpt>
      <trkpt lat="47.98787" lon="16.949045"></trkpt>
      <trkpt lat="47.979567" lon="16.969565"></trkpt>
      <trkpt lat="47.978054" lon="16.973772"></trkpt>
      <trkpt lat="47.976959" lon="16.977552"></trkpt>
      <trkpt lat="47.97605" lon="16.981606"></trkpt>
      <trkpt lat="47.966326" lon="17.033277"></trkpt>
      <trkpt lat="47.965574" lon="17.036496"></trkpt>
      <trkpt lat="47.964618" lon="17.039636"></trkpt>
      <trkpt lat="47.962757" lon="17.044246"></trkpt>
      <trkpt lat="47.922664" lon="17.128568"></trkpt>
      <trkpt lat="47.875792" lon="17.219104"></trkpt>
      <trkpt lat="47.854289" lon="17.26029"></trkpt>
      <trkpt lat="47.853443" lon="17.261803"></trkpt>
      <trkpt lat="47.851571" lon="17.264557"></trkpt>
      <trkpt lat="47.838976" lon="17.282646"></trkpt>
      <trkpt lat="47.836016" lon="17.287167"></trkpt>
      <trkpt lat="47.74952" lon="17.436464"></trkpt>
      <trkpt lat="47.679261" lon="17.560771"></trkpt>
      <trkpt lat="47.678129" lon="17.562951"></trkpt>
      <trkpt lat="47.676334" lon="17.567"></trkpt>
      <trkpt lat="47.675327" lon="17.569716"></trkpt>
      <trkpt lat="47.674361" lon="17.572776"></trkpt>
      <trkpt lat="47.673464" lon="17.576216"></trkpt>
      <trkpt lat="47.672836" lon="17.579197"></trkpt>
      <trkpt lat="47.672246" lon="17.582908"></trkpt>
      <trkpt lat="47.671914" lon="17.585871"></trkpt>
      <trkpt lat="47.671662" lon="17.589651"></trkpt>
      <trkpt lat="47.671601" lon="17.59283"></trkpt>
      <trkpt lat="47.671675" lon="17.595992"></trkpt>
      <trkpt lat="47.671945" lon="17.599847"></trkpt>
      <trkpt lat="47.672288" lon="17.602784"></trkpt>
      <trkpt lat="47.672845" lon="17.606214"></trkpt>
      <trkpt lat="47.673335" lon="17.608558"></trkpt>
      <trkpt lat="47.674354" lon="17.612492"></trkpt>
      <trkpt lat="47.675428" lon="17.615843"></trkpt>
      <trkpt lat="47.680796" lon="17.631257"></trkpt>
      <trkpt lat="47.681584" lon="17.634048"></trkpt>
      <trkpt lat="47.683764" lon="17.640027"></trkpt>
      <trkpt lat="47.684857" lon="17.645129"></trkpt>
      <trkpt lat="47.684945" lon="17.646765"></trkpt>
      <trkpt lat="47.68466" lon="17.658807"></trkpt>
      <trkpt lat="47.683533" lon="17.698243"></trkpt>
      <trkpt lat="47.683567" lon="17.703654"></trkpt>
      <trkpt lat="47.683939" lon="17.709993"></trkpt>
      <trkpt lat="47.684428" lon="17.714504"></trkpt>
      <trkpt lat="47.68754" lon="17.737769"></trkpt>
      <trkpt lat="47.688023" lon="17.74205"></trkpt>
      <trkpt lat="47.691006" lon="17.763514"></trkpt>
      <trkpt lat="47.710249" lon="17.906936"></trkpt>
      <trkpt lat="47.710652" lon="17.910789"></trkpt>
      <trkpt lat="47.715671" lon="17.987612"></trkpt>
      <trkpt lat="47.716584" lon="17.997338"></trkpt>
      <trkpt lat="47.717653" lon="18.014558"></trkpt>
      <trkpt lat="47.718333" lon="18.023678"></trkpt>
      <trkpt lat="47.718704" lon="18.026916"></trkpt>
      <trkpt lat="47.719575" lon="18.030932"></trkpt>
      <trkpt lat="47.720973" lon="18.035535"></trkpt>
      <trkpt lat="47.747771" lon="18.102452"></trkpt>
      <trkpt lat="47.749183" lon="18.105214"></trkpt>
      <trkpt lat="47.749503" lon="18.106296"></trkpt>
      <trkpt lat="47.749657" lon="18.107462"></trkpt>
      <trkpt lat="47.749608" lon="18.110189"></trkpt>
      <trkpt lat="47.749155" lon="18.117311"></trkpt>
      <trkpt lat="47.748684" lon="18.121101"></trkpt>
      <trkpt lat="47.747536" lon="18.132632"></trkpt>
      <trkpt lat="47.747036" lon="18.13611"></trkpt>
      <trkpt lat="47.745908" lon="18.1423"></trkpt>
      <trkpt lat="47.745125" lon="18.145331"></trkpt>
      <trkpt lat="47.736543" lon="18.173127"></trkpt>
      <trkpt lat="47.735872" lon="18.17619"></trkpt>
      <trkpt lat="47.735698" lon="18.177668"></trkpt>
      <trkpt lat="47.735303" lon="18.184368"></trkpt>
      <trkpt lat="47.731224" lon="18.217205"></trkpt>
      <trkpt lat="47.729644" lon="18.228198"></trkpt>
      <trkpt lat="47.728419" lon="18.247718"></trkpt>
      <trkpt lat="47.7281" lon="18.250231"></trkpt>
      <trkpt lat="47.72769" lon="18.252414"></trkpt>
      <trkpt lat="47.727201" lon="18.25422"></trkpt>
      <trkpt lat="47.723911" lon="18.264355"></trkpt>
      <trkpt lat="47.723173" lon="18.266295"></trkpt>
      <trkpt lat="47.721876" lon="18.269063"></trkpt>
      <trkpt lat="47.718339" lon="18.27552"></trkpt>
      <trkpt lat="47.710751" lon="18.28859"></trkpt>
      <trkpt lat="47.709827" lon="18.290011"></trkpt>
      <trkpt lat="47.707812" lon="18.292298"></trkpt>
      <trkpt lat="47.689422" lon="18.306352"></trkpt>
      <trkpt lat="47.674121" lon="18.322105"></trkpt>
      <trkpt lat="47.672927" lon="18.323247"></trkpt>
      <trkpt lat="47.671421" lon="18.324475"></trkpt>
      <trkpt lat="47.6694" lon="18.325794"></trkpt>
      <trkpt lat="47.667634" lon="18.32662"></trkpt>
      <trkpt lat="47.662864" lon="18.328196"></trkpt>
      <trkpt lat="47.661024" lon="18.32898"></trkpt>
      <trkpt lat="47.657959" lon="18.330933"></trkpt>
      <trkpt lat="47.656761" lon="18.33194"></trkpt>
      <trkpt lat="47.654347" lon="18.334441"></trkpt>
      <trkpt lat="47.653395" lon="18.335945"></trkpt>
      <trkpt lat="47.652615" lon="18.338261"></trkpt>
      <trkpt lat="47.651863" lon="18.343346"></trkpt>
      <trkpt lat="47.651349" lon="18.344737"></trkpt>
      <trkpt lat="47.650583" lon="18.345979"></trkpt>
      <trkpt lat="47.650047" lon="18.34653"></trkpt>
      <trkpt lat="47.649049" lon="18.347197"></trkpt>
      <trkpt lat="47.63869" lon="18.35162"></trkpt>
      <trkpt lat="47.63671" lon="18.352633"></trkpt>
      <trkpt lat="47.635309" lon="18.353844"></trkpt>
      <trkpt lat="47.633736" lon="18.355595"></trkpt>
      <trkpt lat="47.621482" lon="18.372767"></trkpt>
      <trkpt lat="47.619114" lon="18.375479"></trkpt>
      <trkpt lat="47.616246" lon="18.378124"></trkpt>
      <trkpt lat="47.608149" lon="18.383347"></trkpt>
      <trkpt lat="47.604219" lon="18.385652"></trkpt>
      <trkpt lat="47.602436" lon="18.386219"></trkpt>
      <trkpt lat="47.600637" lon="18.386617"></trkpt>
      <trkpt lat="47.599411" lon="18.386672"></trkpt>
      <trkpt lat="47.596002" lon="18.386228"></trkpt>
      <trkpt lat="47.594737" lon="18.386383"></trkpt>
      <trkpt lat="47.593198" lon="18.386909"></trkpt>
      <trkpt lat="47.590754" lon="18.388416"></trkpt>
      <trkpt lat="47.588235" lon="18.3902"></trkpt>
      <trkpt lat="47.584469" lon="18.393921"></trkpt>
      <trkpt lat="47.582741" lon="18.395221"></trkpt>
      <trkpt lat="47.580003" lon="18.396709"></trkpt>
      <trkpt lat="47.578742" lon="18.397205"></trkpt>
      <trkpt lat="47.577798" lon="18.39736"></trkpt>
      <trkpt lat="47.57505" lon="18.397527"></trkpt>
      <trkpt lat="47.573664" lon="18.397837"></trkpt>
      <trkpt lat="47.572005" lon="18.398699"></trkpt>
      <trkpt lat="47.570337" lon="18.400182"></trkpt>
      <trkpt lat="47.569679" lon="18.400995"></trkpt>
      <trkpt lat="47.568722" lon="18.402517"></trkpt>
      <trkpt lat="47.565909" lon="18.4084"></trkpt>
      <trkpt lat="47.565008" lon="18.411328"></trkpt>
      <trkpt lat="47.563632" lon="18.416648"></trkpt>
      <trkpt lat="47.56333" lon="18.419222"></trkpt>
      <trkpt lat="47.563358" lon="18.433102"></trkpt>
      <trkpt lat="47.563197" lon="18.435409"></trkpt>
      <trkpt lat="47.562153" lon="18.442524"></trkpt>
      <trkpt lat="47.561284" lon="18.445918"></trkpt>
      <trkpt lat="47.560508" lon="18.448029"></trkpt>
      <trkpt lat="47.559762" lon="18.449572"></trkpt>
      <trkpt lat="47.556162" lon="18.455511"></trkpt>
      <trkpt lat="47.545398" lon="18.478758"></trkpt>
      <trkpt lat="47.543583" lon="18.481938"></trkpt>
      <trkpt lat="47.542023" lon="18.484019"></trkpt>
      <trkpt lat="47.540778" lon="18.485394"></trkpt>
      <trkpt lat="47.538718" lon="18.487134"></trkpt>
      <trkpt lat="47.536554" lon="18.488456"></trkpt>
      <trkpt lat="47.534939" lon="18.489132"></trkpt>
      <trkpt lat="47.533485" lon="18.489549"></trkpt>
      <trkpt lat="47.528722" lon="18.490512"></trkpt>
      <trkpt lat="47.527535" lon="18.490818"></trkpt>
      <trkpt lat="47.525671" lon="18.491518"></trkpt>
      <trkpt lat="47.510786" lon="18.499821"></trkpt>
      <trkpt lat="47.508604" lon="18.50147"></trkpt>
      <trkpt lat="47.498631" lon="18.511257"></trkpt>
      <trkpt lat="47.495337" lon="18.51602"></trkpt>
      <trkpt lat="47.494378" lon="18.517065"></trkpt>
      <trkpt lat="47.488445" lon="18.521711"></trkpt>
      <trkpt lat="47.486497" lon="18.524655"></trkpt>
      <trkpt lat="47.485258" lon="18.527125"></trkpt>
      <trkpt lat="47.484776" lon="18.528387"></trkpt>
      <trkpt lat="47.483879" lon="18.531676"></trkpt>
      <trkpt lat="47.482915" lon="18.536928"></trkpt>
      <trkpt lat="47.482526" lon="18.540107"></trkpt>
      <trkpt lat="47.482442" lon="18.54259"></trkpt>
      <trkpt lat="47.482887" lon="18.549068"></trkpt>
      <trkpt lat="47.483865" lon="18.554853"></trkpt>
      <trkpt lat="47.484277" lon="18.559341"></trkpt>
      <trkpt lat="47.484975" lon="18.603664"></trkpt>
      <trkpt lat="47.484805" lon="18.608062"></trkpt>
      <trkpt lat="47.483921" lon="18.618993"></trkpt>
      <trkpt lat="47.483596" lon="18.626625"></trkpt>
      <trkpt lat="47.483595" lon="18.628766"></trkpt>
      <trkpt lat="47.483902" lon="18.632243"></trkpt>
      <trkpt lat="47.484545" lon="18.636184"></trkpt>
      <trkpt lat="47.489605" lon="18.652787"></trkpt>
      <trkpt lat="47.490428" lon="18.656546"></trkpt>
      <trkpt lat="47.490896" lon="18.659614"></trkpt>
      <trkpt lat="47.494337" lon="18.706384"></trkpt>
      <trkpt lat="47.494608" lon="18.711115"></trkpt>
      <trkpt lat="47.494646" lon="18.714963"></trkpt>
      <trkpt lat="47.49339" lon="18.752651"></trkpt>
      <trkpt lat="47.493123" lon="18.755355"></trkpt>
      <trkpt lat="47.492695" lon="18.757236"></trkpt>
      <trkpt lat="47.491904" lon="18.759429"></trkpt>
      <trkpt lat="47.486204" lon="18.770251"></trkpt>
      <trkpt lat="47.484854" lon="18.773149"></trkpt>
      <trkpt lat="47.48414" lon="18.775208"></trkpt>
      <trkpt lat="47.483492" lon="18.777972"></trkpt>
      <trkpt lat="47.483094" lon="18.781024"></trkpt>
      <trkpt lat="47.483021" lon="18.783"></trkpt>
      <trkpt lat="47.483287" lon="18.78681"></trkpt>
      <trkpt lat="47.483604" lon="18.788784"></trkpt>
      <trkpt lat="47.484269" lon="18.79136"></trkpt>
      <trkpt lat="47.489144" lon="18.804061"></trkpt>
      <trkpt lat="47.489633" lon="18.805849"></trkpt>
      <trkpt lat="47.490006" lon="18.80769"></trkpt>
      <trkpt lat="47.49038" lon="18.810713"></trkpt>
      <trkpt lat="47.490431" lon="18.814173"></trkpt>
      <trkpt lat="47.490206" lon="18.816957"></trkpt>
      <trkpt lat="47.489699" lon="18.820755"></trkpt>
      <trkpt lat="47.489242" lon="18.82267"></trkpt>
      <trkpt lat="47.488626" lon="18.824355"></trkpt>
      <trkpt lat="47.487915" lon="18.825765"></trkpt>
      <trkpt lat="47.486549" lon="18.827644"></trkpt>
      <trkpt lat="47.48448" lon="18.829979"></trkpt>
      <trkpt lat="47.475223" lon="18.83998"></trkpt>
      <trkpt lat="47.474124" lon="18.841476"></trkpt>
      <trkpt lat="47.473402" lon="18.842933"></trkpt>
      <trkpt lat="47.472415" lon="18.845791"></trkpt>
      <trkpt lat="47.469418" lon="18.860976"></trkpt>
      <trkpt lat="47.468558" lon="18.863413"></trkpt>
      <trkpt lat="47.467385" lon="18.86566"></trkpt>
      <trkpt lat="47.46206" lon="18.873368"></trkpt>
      <trkpt lat="47.46059" lon="18.875137"></trkpt>
      <trkpt lat="47.459028" lon="18.876372"></trkpt>
      <trkpt lat="47.452524" lon="18.879986"></trkpt>
      <trkpt lat="47.451825" lon="18.880468"></trkpt>
      <trkpt lat="47.450739" lon="18.881486"></trkpt>
      <trkpt lat="47.449352" lon="18.883443"></trkpt>
      <trkpt lat="47.448674" lon="18.884852"></trkpt>
      <trkpt lat="47.44811" lon="18.886494"></trkpt>
      <trkpt lat="47.447572" lon="18.889502"></trkpt>
      <trkpt lat="47.44754" lon="18.892131"></trkpt>
      <trkpt lat="47.447898" lon="18.894708"></trkpt>
      <trkpt lat="47.449459" lon="18.899661"></trkpt>
      <trkpt lat="47.449954" lon="18.90259"></trkpt>
      <trkpt lat="47.450051" lon="18.919362"></trkpt>
      <trkpt lat="47.450238" lon="18.921362"></trkpt>
      <trkpt lat="47.451621" lon="18.931466"></trkpt>
      <trkpt lat="47.451691" lon="18.934156"></trkpt>
      <trkpt lat="47.450685" lon="18.946666"></trkpt>
      <trkpt lat="47.450427" lon="18.948805"></trkpt>
      <trkpt lat="47.449508" lon="18.954914"></trkpt>
      <trkpt lat="47.447984" lon="18.960831"></trkpt>
      <trkpt lat="47.447679" lon="18.962769"></trkpt>
      <trkpt lat="47.446872" lon="18.987874"></trkpt>
      <trkpt lat="47.447206" lon="18.990982"></trkpt>
      <trkpt lat="47.451983" lon="19.016123"></trkpt>
      <trkpt lat="47.45238" lon="19.017698"></trkpt>
      <trkpt lat="47.453134" lon="19.01914"></trkpt>
      <trkpt lat="47.454147" lon="19.020097"></trkpt>
      <trkpt lat="47.454844" lon="19.020415"></trkpt>
      <trkpt lat="47.455302" lon="19.020501"></trkpt>
      <trkpt lat="47.46349" lon="19.019957"></trkpt>
      <trkpt lat="47.465685" lon="19.020262"></trkpt>
      <trkpt lat="47.468024" lon="19.020788"></trkpt>
      <trkpt lat="47.470059" lon="19.021105"></trkpt>
      <trkpt lat="47.470685" lon="19.021358"></trkpt>
      <trkpt lat="47.471371" lon="19.021954"></trkpt>
      <trkpt lat="47.471906" lon="19.022822"></trkpt>
      <trkpt lat="47.472256" lon="19.023915"></trkpt>
      <trkpt lat="47.47313" lon="19.031478"></trkpt>
      <trkpt lat="47.473145" lon="19.033532"></trkpt>
      <trkpt lat="47.468825" lon="19.057393"></trkpt>
      <trkpt lat="47.468562" lon="19.063919"></trkpt>
      <trkpt lat="47.468167" lon="19.081148"></trkpt>
      <trkpt lat="47.468475" lon="19.087129"></trkpt>
      <trkpt lat="47.468798" lon="19.089967"></trkpt>
      <trkpt lat="47.46958" lon="19.09463"></trkpt>
      <trkpt lat="47.472386" lon="19.105657"></trkpt>
      <trkpt lat="47.473555" lon="19.109469"></trkpt>
      <trkpt lat="47.474628" lon="19.112105"></trkpt>
      <trkpt lat="47.47593" lon="19.114267"></trkpt>
      <trkpt lat="47.478452" lon="19.116906"></trkpt>
      <trkpt lat="47.479289" lon="19.11759"></trkpt>
      <trkpt lat="47.48043" lon="19.118205"></trkpt>
      <trkpt lat="47.481593" lon="19.118538"></trkpt>
      <trkpt lat="47.485161" lon="19.119101"></trkpt>
      <trkpt lat="47.48592" lon="19.119054"></trkpt>
      <trkpt lat="47.486598" lon="19.118728"></trkpt>
      <trkpt lat="47.487219" lon="19.118134"></trkpt>
      <trkpt lat="47.487527" lon="19.117658"></trkpt>
      <trkpt lat="47.487936" lon="19.116669"></trkpt>
      <trkpt lat="47.488291" lon="19.11538"></trkpt>
      <trkpt lat="47.488493" lon="19.113434"></trkpt>
      <trkpt lat="47.488186" lon="19.110578"></trkpt>
      <trkpt lat="47.488232" lon="19.108998"></trkpt>
      <trkpt lat="47.488635" lon="19.107276"></trkpt>
      <trkpt lat="47.489565" lon="19.105188"></trkpt>
      <trkpt lat="47.490395" lon="19.103988"></trkpt>
      <trkpt lat="47.491183" lon="19.103175"></trkpt>
      <trkpt lat="47.496808" lon="19.099688"></trkpt>
      <trkpt lat="47.498814" lon="19.098321"></trkpt>
      <trkpt lat="47.499667" lon="19.097259"></trkpt>
      <trkpt lat="47.500167" lon="19.095914"></trkpt>
      <trkpt lat="47.500439" lon="19.092272"></trkpt>
      <trkpt lat="47.500463" lon="19.083982"></trkpt>
      <trkpt lat="47.50043" lon="19.092511"></trkpt>
      <trkpt lat="47.500275" lon="19.095221"></trkpt>
      <trkpt lat="47.499928" lon="19.096701"></trkpt>
      <trkpt lat="47.49933" lon="19.097763"></trkpt>
      <trkpt lat="47.498589" lon="19.098512"></trkpt>
      <trkpt lat="47.49641" lon="19.099998"></trkpt>
      <trkpt lat="47.491201" lon="19.103229"></trkpt>
      <trkpt lat="47.490413" lon="19.104053"></trkpt>
      <trkpt lat="47.489697" lon="19.105055"></trkpt>
      <trkpt lat="47.488937" lon="19.10658"></trkpt>
      <trkpt lat="47.488395" lon="19.108263"></trkpt>
      <trkpt lat="47.488215" lon="19.110077"></trkpt>
      <trkpt lat="47.488511" lon="19.113028"></trkpt>
      <trkpt lat="47.48849" lon="19.114407"></trkpt>
      <trkpt lat="47.487975" lon="19.116692"></trkpt>
      <trkpt lat="47.487247" lon="19.118168"></trkpt>
      <trkpt lat="47.486447" lon="19.118893"></trkpt>
      <trkpt lat="47.485449" lon="19.119185"></trkpt>
      <trkpt lat="47.483362" lon="19.118906"></trkpt>
      <trkpt lat="47.480933" lon="19.118423"></trkpt>
      <trkpt lat="47.480416" lon="19.118266"></trkpt>
      <trkpt lat="47.479325" lon="19.117679"></trkpt>
      <trkpt lat="47.476638" lon="19.11534"></trkpt>
      <trkpt lat="47.477585" lon="19.116606"></trkpt>
      <trkpt lat="47.478124" lon="19.117983"></trkpt>
      <trkpt lat="47.478266" lon="19.119522"></trkpt>
      <trkpt lat="47.478036" lon="19.121035"></trkpt>
      <trkpt lat="47.477424" lon="19.122378"></trkpt>
      <trkpt lat="47.473645" lon="19.12762"></trkpt>
      <trkpt lat="47.4716" lon="19.130846"></trkpt>
      <trkpt lat="47.467711" lon="19.138419"></trkpt>
      <trkpt lat="47.466631" lon="19.141133"></trkpt>
      <trkpt lat="47.465431" lon="19.145044"></trkpt>
      <trkpt lat="47.463022" lon="19.154503"></trkpt>
      <trkpt lat="47.462333" lon="19.156678"></trkpt>
      <trkpt lat="47.461651" lon="19.159872"></trkpt>
      <trkpt lat="47.460057" lon="19.166046"></trkpt>
      <trkpt lat="47.454747" lon="19.183615"></trkpt>
      <trkpt lat="47.453303" lon="19.191189"></trkpt>
      <trkpt lat="47.452877" lon="19.194022"></trkpt>
      <trkpt lat="47.452409" lon="19.196087"></trkpt>
      <trkpt lat="47.451291" lon="19.199491"></trkpt>
      <trkpt lat="47.450489" lon="19.20139"></trkpt>
      <trkpt lat="47.449616" lon="19.203045"></trkpt>
      <trkpt lat="47.437709" lon="19.222999"></trkpt>
      <trkpt lat="47.436412" lon="19.224922"></trkpt>
      <trkpt lat="47.433904" lon="19.227887"></trkpt>
      <trkpt lat="47.406463" lon="19.25845"></trkpt>
      <trkpt lat="47.405236" lon="19.260201"></trkpt>
      <trkpt lat="47.40434" lon="19.262103"></trkpt>
      <trkpt lat="47.403706" lon="19.26426"></trkpt>
      <trkpt lat="47.403326" lon="19.266609"></trkpt>
      <trkpt lat="47.403166" lon="19.274795"></trkpt>
      <trkpt lat="47.402878" lon="19.276976"></trkpt>
      <trkpt lat="47.402353" lon="19.27925"></trkpt>
      <trkpt lat="47.401194" lon="19.282405"></trkpt>
      <trkpt lat="47.396033" lon="19.292857"></trkpt>
      <trkpt lat="47.394928" lon="19.296079"></trkpt>
      <trkpt lat="47.394363" lon="19.298785"></trkpt>
      <trkpt lat="47.394074" lon="19.301317"></trkpt>
      <trkpt lat="47.39147" lon="19.341712"></trkpt>
      <trkpt lat="47.390489" lon="19.354554"></trkpt>
      <trkpt lat="47.390253" lon="19.356289"></trkpt>
      <trkpt lat="47.389933" lon="19.357639"></trkpt>
      <trkpt lat="47.389307" lon="19.359448"></trkpt>
      <trkpt lat="47.388759" lon="19.360638"></trkpt>
      <trkpt lat="47.388153" lon="19.361771"></trkpt>
      <trkpt lat="47.366436" lon="19.396198"></trkpt>
      <trkpt lat="47.365336" lon="19.397656"></trkpt>
      <trkpt lat="47.363561" lon="19.399644"></trkpt>
      <trkpt lat="47.362663" lon="19.400901"></trkpt>
      <trkpt lat="47.361776" lon="19.402564"></trkpt>
      <trkpt lat="47.358115" lon="19.410499"></trkpt>
      <trkpt lat="47.357374" lon="19.412531"></trkpt>
      <trkpt lat="47.356213" lon="19.416799"></trkpt>
      <trkpt lat="47.355665" lon="19.418309"></trkpt>
      <trkpt lat="47.349734" lon="19.432135"></trkpt>
      <trkpt lat="47.348768" lon="19.433605"></trkpt>
      <trkpt lat="47.347256" lon="19.435507"></trkpt>
      <trkpt lat="47.341986" lon="19.440002"></trkpt>
      <trkpt lat="47.341135" lon="19.440843"></trkpt>
      <trkpt lat="47.339992" lon="19.442399"></trkpt>
      <trkpt lat="47.338714" lon="19.444981"></trkpt>
      <trkpt lat="47.329399" lon="19.466446"></trkpt>
      <trkpt lat="47.328293" lon="19.468355"></trkpt>
      <trkpt lat="47.321531" lon="19.478567"></trkpt>
      <trkpt lat="47.317625" lon="19.48438"></trkpt>
      <trkpt lat="47.315116" lon="19.487863"></trkpt>
      <trkpt lat="47.314239" lon="19.489545"></trkpt>
      <trkpt lat="47.311882" lon="19.494876"></trkpt>
      <trkpt lat="47.310898" lon="19.496741"></trkpt>
      <trkpt lat="47.308173" lon="19.500246"></trkpt>
      <trkpt lat="47.307182" lon="19.501306"></trkpt>
      <trkpt lat="47.306135" lon="19.502177"></trkpt>
      <trkpt lat="47.302817" lon="19.504329"></trkpt>
      <trkpt lat="47.301206" lon="19.506037"></trkpt>
      <trkpt lat="47.294097" lon="19.515857"></trkpt>
      <trkpt lat="47.293172" lon="19.517384"></trkpt>
      <trkpt lat="47.287617" lon="19.52765"></trkpt>
      <trkpt lat="47.286757" lon="19.528943"></trkpt>
      <trkpt lat="47.27774" lon="19.538773"></trkpt>
      <trkpt lat="47.276174" lon="19.540694"></trkpt>
      <trkpt lat="47.275473" lon="19.541953"></trkpt>
      <trkpt lat="47.274746" lon="19.543787"></trkpt>
      <trkpt lat="47.272363" lon="19.55456"></trkpt>
      <trkpt lat="47.271567" lon="19.55724"></trkpt>
      <trkpt lat="47.270713" lon="19.559168"></trkpt>
      <trkpt lat="47.269506" lon="19.561131"></trkpt>
      <trkpt lat="47.268099" lon="19.562777"></trkpt>
      <trkpt lat="47.266986" lon="19.563734"></trkpt>
      <trkpt lat="47.265294" lon="19.564714"></trkpt>
      <trkpt lat="47.26179" lon="19.566443"></trkpt>
      <trkpt lat="47.260204" lon="19.567689"></trkpt>
      <trkpt lat="47.258774" lon="19.569399"></trkpt>
      <trkpt lat="47.255268" lon="19.575228"></trkpt>
      <trkpt lat="47.254536" lon="19.576865"></trkpt>
      <trkpt lat="47.247285" lon="19.596877"></trkpt>
      <trkpt lat="47.246521" lon="19.598716"></trkpt>
      <trkpt lat="47.245477" lon="19.600546"></trkpt>
      <trkpt lat="47.24431" lon="19.602069"></trkpt>
      <trkpt lat="47.242316" lon="19.604178"></trkpt>
      <trkpt lat="47.237089" lon="19.610148"></trkpt>
      <trkpt lat="47.236038" lon="19.611676"></trkpt>
      <trkpt lat="47.234407" lon="19.614472"></trkpt>
      <trkpt lat="47.233073" lon="19.617198"></trkpt>
      <trkpt lat="47.216439" lon="19.657395"></trkpt>
      <trkpt lat="47.214081" lon="19.6623"></trkpt>
      <trkpt lat="47.213469" lon="19.664097"></trkpt>
      <trkpt lat="47.213039" lon="19.666258"></trkpt>
      <trkpt lat="47.211468" lon="19.682545"></trkpt>
      <trkpt lat="47.211008" lon="19.685071"></trkpt>
      <trkpt lat="47.209416" lon="19.689969"></trkpt>
      <trkpt lat="47.204844" lon="19.703005"></trkpt>
      <trkpt lat="47.204124" lon="19.705514"></trkpt>
      <trkpt lat="47.203734" lon="19.707834"></trkpt>
      <trkpt lat="47.203574" lon="19.709702"></trkpt>
      <trkpt lat="47.203598" lon="19.711927"></trkpt>
      <trkpt lat="47.203764" lon="19.713817"></trkpt>
      <trkpt lat="47.204082" lon="19.7157"></trkpt>
      <trkpt lat="47.204543" lon="19.717466"></trkpt>
      <trkpt lat="47.205259" lon="19.719459"></trkpt>
      <trkpt lat="47.207146" lon="19.723946"></trkpt>
      <trkpt lat="47.207985" lon="19.727294"></trkpt>
      <trkpt lat="47.208237" lon="19.729216"></trkpt>
      <trkpt lat="47.208348" lon="19.731887"></trkpt>
      <trkpt lat="47.207975" lon="19.735152"></trkpt>
      <trkpt lat="47.207082" lon="19.738221"></trkpt>
      <trkpt lat="47.186709" lon="19.791975"></trkpt>
      <trkpt lat="47.185515" lon="19.796072"></trkpt>
      <trkpt lat="47.181516" lon="19.81154"></trkpt>
      <trkpt lat="47.180521" lon="19.816161"></trkpt>
      <trkpt lat="47.18021" lon="19.818974"></trkpt>
      <trkpt lat="47.179437" lon="19.853658"></trkpt>
      <trkpt lat="47.179653" lon="19.857231"></trkpt>
      <trkpt lat="47.182733" lon="19.889487"></trkpt>
      <trkpt lat="47.18274" lon="19.892829"></trkpt>
      <trkpt lat="47.182306" lon="19.909972"></trkpt>
      <trkpt lat="47.182241" lon="19.92624"></trkpt>
      <trkpt lat="47.181883" lon="19.930197"></trkpt>
      <trkpt lat="47.179787" lon="19.943823"></trkpt>
      <trkpt lat="47.178536" lon="19.960935"></trkpt>
      <trkpt lat="47.173167" lon="19.996203"></trkpt>
      <trkpt lat="47.172608" lon="20.002149"></trkpt>
      <trkpt lat="47.172453" lon="20.009502"></trkpt>
      <trkpt lat="47.172672" lon="20.013213"></trkpt>
      <trkpt lat="47.177774" lon="20.046577"></trkpt>
      <trkpt lat="47.178114" lon="20.049596"></trkpt>
      <trkpt lat="47.178239" lon="20.052156"></trkpt>
      <trkpt lat="47.17822" lon="20.054973"></trkpt>
      <trkpt lat="47.173784" lon="20.127493"></trkpt>
      <trkpt lat="47.17372" lon="20.130842"></trkpt>
      <trkpt lat="47.173952" lon="20.132745"></trkpt>
      <trkpt lat="47.174688" lon="20.134592"></trkpt>
      <trkpt lat="47.175846" lon="20.13574"></trkpt>
      <trkpt lat="47.177285" lon="20.136446"></trkpt>
      <trkpt lat="47.178167" lon="20.137253"></trkpt>
      <trkpt lat="47.178829" lon="20.138363"></trkpt>
      <trkpt lat="47.179406" lon="20.140152"></trkpt>
      <trkpt lat="47.180133" lon="20.145173"></trkpt>
      <trkpt lat="47.180323" lon="20.148149"></trkpt>
      <trkpt lat="47.181263" lon="20.155093"></trkpt>
      <trkpt lat="47.181847" lon="20.160695"></trkpt>
      <trkpt lat="47.181944" lon="20.162192"></trkpt>
      <trkpt lat="47.181919" lon="20.165042"></trkpt>
      <trkpt lat="47.182174" lon="20.166225"></trkpt>
      <trkpt lat="47.18342" lon="20.175034"></trkpt>
      <trkpt lat="47.184967" lon="20.179392"></trkpt>
      <trkpt lat="47.185482" lon="20.182189"></trkpt>
      <trkpt lat="47.187155" lon="20.186306"></trkpt>
      <trkpt lat="47.187661" lon="20.188384"></trkpt>
      <trkpt lat="47.188049" lon="20.193126"></trkpt>
      <trkpt lat="47.188332" lon="20.201598"></trkpt>
      <trkpt lat="47.188321" lon="20.20537"></trkpt>
      <trkpt lat="47.188192" lon="20.207575"></trkpt>
      <trkpt lat="47.187858" lon="20.210383"></trkpt>
      <trkpt lat="47.187288" lon="20.2132"></trkpt>
      <trkpt lat="47.178734" lon="20.243318"></trkpt>
      <trkpt lat="47.178161" lon="20.245553"></trkpt>
      <trkpt lat="47.177381" lon="20.249764"></trkpt>
      <trkpt lat="47.175032" lon="20.264602"></trkpt>
      <trkpt lat="47.172672" lon="20.280697"></trkpt>
      <trkpt lat="47.171214" lon="20.289165"></trkpt>
      <trkpt lat="47.170309" lon="20.295177"></trkpt>
      <trkpt lat="47.170009" lon="20.297998"></trkpt>
      <trkpt lat="47.166098" lon="20.323562"></trkpt>
      <trkpt lat="47.165465" lon="20.328802"></trkpt>
      <trkpt lat="47.165354" lon="20.332968"></trkpt>
      <trkpt lat="47.16706" lon="20.394564"></trkpt>
      <trkpt lat="47.167525" lon="20.399274"></trkpt>
      <trkpt lat="47.191701" lon="20.541945"></trkpt>
      <trkpt lat="47.222052" lon="20.722978"></trkpt>
      <trkpt lat="47.222819" lon="20.72856"></trkpt>
      <trkpt lat="47.223485" lon="20.736255"></trkpt>
      <trkpt lat="47.224026" lon="20.749863"></trkpt>
      <trkpt lat="47.22423" lon="20.763648"></trkpt>
      <trkpt lat="47.224426" lon="20.768914"></trkpt>
      <trkpt lat="47.224808" lon="20.773059"></trkpt>
      <trkpt lat="47.225504" lon="20.777139"></trkpt>
      <trkpt lat="47.226297" lon="20.780366"></trkpt>
      <trkpt lat="47.22727" lon="20.783467"></trkpt>
      <trkpt lat="47.228231" lon="20.785926"></trkpt>
      <trkpt lat="47.229262" lon="20.788171"></trkpt>
      <trkpt lat="47.29718" lon="20.917464"></trkpt>
      <trkpt lat="47.301204" lon="20.925542"></trkpt>
      <trkpt lat="47.304628" lon="20.931979"></trkpt>
      <trkpt lat="47.307236" lon="20.937251"></trkpt>
      <trkpt lat="47.308181" lon="20.93955"></trkpt>
      <trkpt lat="47.308946" lon="20.942055"></trkpt>
      <trkpt lat="47.309625" lon="20.946826"></trkpt>
      <trkpt lat="47.314489" lon="20.993985"></trkpt>
      <trkpt lat="47.330821" lon="21.156338"></trkpt>
      <trkpt lat="47.332369" lon="21.165763"></trkpt>
      <trkpt lat="47.333604" lon="21.171114"></trkpt>
      <trkpt lat="47.334641" lon="21.174815"></trkpt>
      <trkpt lat="47.335858" lon="21.178599"></trkpt>
      <trkpt lat="47.338256" lon="21.184843"></trkpt>
      <trkpt lat="47.339978" lon="21.188643"></trkpt>
      <trkpt lat="47.356869" lon="21.230192"></trkpt>
      <trkpt lat="47.371155" lon="21.264688"></trkpt>
      <trkpt lat="47.375808" lon="21.276291"></trkpt>
      <trkpt lat="47.465369" lon="21.495238"></trkpt>
      <trkpt lat="47.512132" lon="21.610278"></trkpt>
      <trkpt lat="47.517063" lon="21.622894"></trkpt>
      <trkpt lat="47.519444" lon="21.628389"></trkpt>
      <trkpt lat="47.521523" lon="21.633804"></trkpt>
      <trkpt lat="47.524018" lon="21.639423"></trkpt>
      <trkpt lat="47.526508" lon="21.64325"></trkpt>
      <trkpt lat="47.527486" lon="21.644284"></trkpt>
      <trkpt lat="47.528683" lon="21.645193"></trkpt>
      <trkpt lat="47.529798" lon="21.645773"></trkpt>
      <trkpt lat="47.531117" lon="21.646155"></trkpt>
      <trkpt lat="47.578003" lon="21.654723"></trkpt>
      <trkpt lat="47.578984" lon="21.654768"></trkpt>
      <trkpt lat="47.58262" lon="21.655431"></trkpt>
      <trkpt lat="47.586858" lon="21.656338"></trkpt>
      <trkpt lat="47.655299" lon="21.668813"></trkpt>
      <trkpt lat="47.657661" lon="21.66953"></trkpt>
      <trkpt lat="47.680705" lon="21.677875"></trkpt>
      <trkpt lat="47.688587" lon="21.679767"></trkpt>
      <trkpt lat="47.690071" lon="21.680232"></trkpt>
      <trkpt lat="47.694198" lon="21.681103"></trkpt>
      <trkpt lat="47.696383" lon="21.681439"></trkpt>
      <trkpt lat="47.697633" lon="21.681454"></trkpt>
      <trkpt lat="47.699407" lon="21.681298"></trkpt>
      <trkpt lat="47.701729" lon="21.680893"></trkpt>
      <trkpt lat="47.703905" lon="21.680718"></trkpt>
      <trkpt lat="47.705434" lon="21.68097"></trkpt>
      <trkpt lat="47.715411" lon="21.685269"></trkpt>
      <trkpt lat="47.717946" lon="21.686056"></trkpt>
      <trkpt lat="47.73038" lon="21.687975"></trkpt>
      <trkpt lat="47.741378" lon="21.689822"></trkpt>
      <trkpt lat="47.752601" lon="21.69146"></trkpt>
      <trkpt lat="47.765868" lon="21.692572"></trkpt>
      <trkpt lat="47.767431" lon="21.69293"></trkpt>
      <trkpt lat="47.781835" lon="21.697401"></trkpt>
      <trkpt lat="47.785635" lon="21.698057"></trkpt>
      <trkpt lat="47.787746" lon="21.698508"></trkpt>
      <trkpt lat="47.78853" lon="21.698784"></trkpt>
      <trkpt lat="47.790277" lon="21.699429"></trkpt>
      <trkpt lat="47.797448" lon="21.703598"></trkpt>
      <trkpt lat="47.801555" lon="21.705695"></trkpt>
      <trkpt lat="47.803386" lon="21.706342"></trkpt>
      <trkpt lat="47.804731" lon="21.70664"></trkpt>
      <trkpt lat="47.806091" lon="21.706896"></trkpt>
      <trkpt lat="47.807258" lon="21.706954"></trkpt>
      <trkpt lat="47.811663" lon="21.7068"></trkpt>
      <trkpt lat="47.852837" lon="21.704462"></trkpt>
      <trkpt lat="47.854258" lon="21.704505"></trkpt>
      <trkpt lat="47.855453" lon="21.704673"></trkpt>
      <trkpt lat="47.857382" lon="21.70519"></trkpt>
      <trkpt lat="47.880652" lon="21.712985"></trkpt>
      <trkpt lat="47.882804" lon="21.71347"></trkpt>
      <trkpt lat="47.89268" lon="21.716897"></trkpt>
      <trkpt lat="47.893899" lon="21.717244"></trkpt>
      <trkpt lat="47.894958" lon="21.717406"></trkpt>
      <trkpt lat="47.904758" lon="21.716902"></trkpt>
      <trkpt lat="47.929196" lon="21.715264"></trkpt>
      <trkpt lat="47.930923" lon="21.714873"></trkpt>
      <trkpt lat="47.933095" lon="21.714042"></trkpt>
      <trkpt lat="47.941312" lon="21.708868"></trkpt>
      <trkpt lat="47.954528" lon="21.699721"></trkpt>
      <trkpt lat="47.955815" lon="21.698686"></trkpt>
      <trkpt lat="47.958099" lon="21.696003"></trkpt>
      <trkpt lat="47.959773" lon="21.694616"></trkpt>
      <trkpt lat="47.961031" lon="21.693971"></trkpt>
      <trkpt lat="47.962499" lon="21.693707"></trkpt>
      <trkpt lat="47.963856" lon="21.69376"></trkpt>
      <trkpt lat="47.965043" lon="21.69414"></trkpt>
      <trkpt lat="47.96591" lon="21.69455"></trkpt>
      <trkpt lat="47.96671" lon="21.695132"></trkpt>
      <trkpt lat="47.96873" lon="21.697171"></trkpt>
      <trkpt lat="47.98536" lon="21.715729"></trkpt>
      <trkpt lat="47.993682" lon="21.725151"></trkpt>
      <trkpt lat="47.999233" lon="21.731644"></trkpt>
      <trkpt lat="48.012929" lon="21.743818"></trkpt>
      <trkpt lat="48.022397" lon="21.751937"></trkpt>
      <trkpt lat="48.031046" lon="21.758652"></trkpt>
      <trkpt lat="48.047798" lon="21.772056"></trkpt>
      <trkpt lat="48.053268" lon="21.776313"></trkpt>
      <trkpt lat="48.055512" lon="21.778589"></trkpt>
      <trkpt lat="48.057475" lon="21.781126"></trkpt>
      <trkpt lat="48.059676" lon="21.785171"></trkpt>
      <trkpt lat="48.060455" lon="21.786985"></trkpt>
      <trkpt lat="48.061302" lon="21.789369"></trkpt>
      <trkpt lat="48.082583" lon="21.855587"></trkpt>
      <trkpt lat="48.085546" lon="21.864021"></trkpt>
      <trkpt lat="48.104438" lon="21.913281"></trkpt>
      <trkpt lat="48.107005" lon="21.919558"></trkpt>
      <trkpt lat="48.11153" lon="21.926916"></trkpt>
      <trkpt lat="48.121343" lon="21.94184"></trkpt>
      <trkpt lat="48.166034" lon="22.007746"></trkpt>
      <trkpt lat="48.167366" lon="22.010098"></trkpt>
      <trkpt lat="48.171738" lon="22.018731"></trkpt>
      <trkpt lat="48.187301" lon="22.050148"></trkpt>
      <trkpt lat="48.188891" lon="22.053133"></trkpt>
      <trkpt lat="48.190445" lon="22.055354"></trkpt>
      <trkpt lat="48.212846" lon="22.084243"></trkpt>
      <trkpt lat="48.213766" lon="22.085172"></trkpt>
      <trkpt lat="48.216054" lon="22.086967"></trkpt>
      <trkpt lat="48.217374" lon="22.087767"></trkpt>
      <trkpt lat="48.218623" lon="22.088202"></trkpt>
      <trkpt lat="48.222956" lon="22.089213"></trkpt>
      <trkpt lat="48.224904" lon="22.089962"></trkpt>
      <trkpt lat="48.23579" lon="22.096403"></trkpt>
      <trkpt lat="48.241247" lon="22.099544"></trkpt>
      <trkpt lat="48.242294" lon="22.099989"></trkpt>
      <trkpt lat="48.261338" lon="22.105533"></trkpt>
      <trkpt lat="48.267187" lon="22.107439"></trkpt>
      <trkpt lat="48.273048" lon="22.10911"></trkpt>
      <trkpt lat="48.27456" lon="22.109403"></trkpt>
      <trkpt lat="48.280036" lon="22.110925"></trkpt>
      <trkpt lat="48.293318" lon="22.114859"></trkpt>
      <trkpt lat="48.308275" lon="22.119125"></trkpt>
      <trkpt lat="48.317698" lon="22.121965"></trkpt>
      <trkpt lat="48.322757" lon="22.123914"></trkpt>
      <trkpt lat="48.34967" lon="22.134806"></trkpt>
      <trkpt lat="48.358274" lon="22.138102"></trkpt>
      <trkpt lat="48.367882" lon="22.141973"></trkpt>
      <trkpt lat="48.369178" lon="22.142783"></trkpt>
      <trkpt lat="48.370398" lon="22.14387"></trkpt>
      <trkpt lat="48.371064" lon="22.144617"></trkpt>
      <trkpt lat="48.375193" lon="22.150071"></trkpt>
      <trkpt lat="48.397808" lon="22.179034"></trkpt>
      <trkpt lat="48.403042" lon="22.185474"></trkpt>
      <trkpt lat="48.405396" lon="22.187681"></trkpt>
      <trkpt lat="48.406383" lon="22.188385"></trkpt>
      <trkpt lat="48.407464" lon="22.188811"></trkpt>
      <trkpt lat="48.409347" lon="22.189098"></trkpt>
      <trkpt lat="48.410702" lon="22.188808"></trkpt>
      <trkpt lat="48.411394" lon="22.188455"></trkpt>
      <trkpt lat="48.41207" lon="22.187937"></trkpt>
      <trkpt lat="48.416162" lon="22.183922"></trkpt>
      <trkpt lat="48.417817" lon="22.182557"></trkpt>
      <trkpt lat="48.419348" lon="22.181679"></trkpt>
      <trkpt lat="48.419997" lon="22.181549"></trkpt>
      <trkpt lat="48.420746" lon="22.181635"></trkpt>
      <trkpt lat="48.421725" lon="22.182133"></trkpt>
      <trkpt lat="48.422575" lon="22.183073"></trkpt>
      <trkpt lat="48.423113" lon="22.184111"></trkpt>
      <trkpt lat="48.425274" lon="22.189319"></trkpt>
      <trkpt lat="48.426602" lon="22.191319"></trkpt>
      <trkpt lat="48.42733" lon="22.192057"></trkpt>
      <trkpt lat="48.428371" lon="22.192815"></trkpt>
      <trkpt lat="48.430897" lon="22.193961"></trkpt>
      <trkpt lat="48.431669" lon="22.194607"></trkpt>
      <trkpt lat="48.432152" lon="22.195265"></trkpt>
      <trkpt lat="48.432815" lon="22.196789"></trkpt>
      <trkpt lat="48.433069" lon="22.198407"></trkpt>
      <trkpt lat="48.432946" lon="22.200341"></trkpt>
      <trkpt lat="48.432651" lon="22.201665"></trkpt>
      <trkpt lat="48.432543" lon="22.2032"></trkpt>
      <trkpt lat="48.432651" lon="22.201665"></trkpt>
      <trkpt lat="48.432971" lon="22.200047"></trkpt>
      <trkpt lat="48.432344" lon="22.210941"></trkpt>
      <trkpt lat="48.432032" lon="22.212779"></trkpt>
      <trkpt lat="48.431592" lon="22.217923"></trkpt>
      <trkpt lat="48.431178" lon="22.221182"></trkpt>
      <trkpt lat="48.430066" lon="22.227252"></trkpt>
      <trkpt lat="48.429711" lon="22.231717"></trkpt>
      <trkpt lat="48.428948" lon="22.235332"></trkpt>
      <trkpt lat="48.424199" lon="22.250927"></trkpt>
      <trkpt lat="48.423225" lon="22.253512"></trkpt>
      <trkpt lat="48.411474" lon="22.278144"></trkpt>
      <trkpt lat="48.409701" lon="22.281619"></trkpt>
      <trkpt lat="48.401208" lon="22.300128"></trkpt>
      <trkpt lat="48.397685" lon="22.308358"></trkpt>
      <trkpt lat="48.381711" lon="22.342189"></trkpt>
      <trkpt lat="48.373907" lon="22.361908"></trkpt>
      <trkpt lat="48.370398" lon="22.370453"></trkpt>
      <trkpt lat="48.369316" lon="22.372584"></trkpt>
      <trkpt lat="48.366341" lon="22.377641"></trkpt>
      <trkpt lat="48.365135" lon="22.379992"></trkpt>
      <trkpt lat="48.359459" lon="22.389679"></trkpt>
      <trkpt lat="48.357507" lon="22.393468"></trkpt>
      <trkpt lat="48.354582" lon="22.398382"></trkpt>
      <trkpt lat="48.353866" lon="22.399809"></trkpt>
      <trkpt lat="48.353342" lon="22.401154"></trkpt>
      <trkpt lat="48.352875" lon="22.403305"></trkpt>
      <trkpt lat="48.352605" lon="22.405748"></trkpt>
      <trkpt lat="48.352569" lon="22.408409"></trkpt>
      <trkpt lat="48.352262" lon="22.412476"></trkpt>
      <trkpt lat="48.352558" lon="22.416418"></trkpt>
      <trkpt lat="48.353852" lon="22.422545"></trkpt>
      <trkpt lat="48.354771" lon="22.429487"></trkpt>
      <trkpt lat="48.355656" lon="22.433778"></trkpt>
      <trkpt lat="48.358521" lon="22.446238"></trkpt>
      <trkpt lat="48.359817" lon="22.453365"></trkpt>
      <trkpt lat="48.367882" lon="22.489068"></trkpt>
      <trkpt lat="48.369456" lon="22.495053"></trkpt>
      <trkpt lat="48.371661" lon="22.504676"></trkpt>
      <trkpt lat="48.372198" lon="22.507709"></trkpt>
      <trkpt lat="48.377722" lon="22.531727"></trkpt>
      <trkpt lat="48.383939" lon="22.553406"></trkpt>
      <trkpt lat="48.385072" lon="22.557921"></trkpt>
      <trkpt lat="48.389229" lon="22.572133"></trkpt>
      <trkpt lat="48.38944" lon="22.573136"></trkpt>
      <trkpt lat="48.390479" lon="22.576131"></trkpt>
      <trkpt lat="48.418413" lon="22.673624"></trkpt>
      <trkpt lat="48.421986" lon="22.686777"></trkpt>
      <trkpt lat="48.426489" lon="22.702235"></trkpt>
      <trkpt lat="48.430169" lon="22.715492"></trkpt>
      <trkpt lat="48.432157" lon="22.721699"></trkpt>
      <trkpt lat="48.433743" lon="22.727298"></trkpt>
      <trkpt lat="48.434818" lon="22.729741"></trkpt>
      <trkpt lat="48.436206" lon="22.73153"></trkpt>
      <trkpt lat="48.456337" lon="22.749379"></trkpt>
      <trkpt lat="48.457997" lon="22.751024"></trkpt>
      <trkpt lat="48.459231" lon="22.752966"></trkpt>
      <trkpt lat="48.46166" lon="22.758665"></trkpt>
      <trkpt lat="48.46386" lon="22.764951"></trkpt>
      <trkpt lat="48.486804" lon="22.825981"></trkpt>
      <trkpt lat="48.487314" lon="22.827692"></trkpt>
      <trkpt lat="48.489985" lon="22.840649"></trkpt>
      <trkpt lat="48.490539" lon="22.842365"></trkpt>
      <trkpt lat="48.494299" lon="22.851645"></trkpt>
      <trkpt lat="48.495235" lon="22.852776"></trkpt>
      <trkpt lat="48.496188" lon="22.853365"></trkpt>
      <trkpt lat="48.496911" lon="22.853513"></trkpt>
      <trkpt lat="48.505344" lon="22.854299"></trkpt>
      <trkpt lat="48.506348" lon="22.854669"></trkpt>
      <trkpt lat="48.507595" lon="22.855779"></trkpt>
      <trkpt lat="48.517916" lon="22.869633"></trkpt>
      <trkpt lat="48.5197" lon="22.872308"></trkpt>
      <trkpt lat="48.524524" lon="22.881695"></trkpt>
      <trkpt lat="48.525144" lon="22.883505"></trkpt>
      <trkpt lat="48.526522" lon="22.889109"></trkpt>
      <trkpt lat="48.527117" lon="22.890531"></trkpt>
      <trkpt lat="48.527461" lon="22.891026"></trkpt>
      <trkpt lat="48.528159" lon="22.891706"></trkpt>
      <trkpt lat="48.531997" lon="22.894129"></trkpt>
      <trkpt lat="48.532809" lon="22.895028"></trkpt>
      <trkpt lat="48.533531" lon="22.896324"></trkpt>
      <trkpt lat="48.534074" lon="22.897976"></trkpt>
      <trkpt lat="48.534716" lon="22.900883"></trkpt>
      <trkpt lat="48.534975" lon="22.908412"></trkpt>
      <trkpt lat="48.534938" lon="22.910192"></trkpt>
      <trkpt lat="48.533702" lon="22.920871"></trkpt>
      <trkpt lat="48.533769" lon="22.923449"></trkpt>
      <trkpt lat="48.534221" lon="22.925408"></trkpt>
      <trkpt lat="48.535009" lon="22.927137"></trkpt>
      <trkpt lat="48.536" lon="22.928471"></trkpt>
      <trkpt lat="48.550335" lon="22.943654"></trkpt>
      <trkpt lat="48.551217" lon="22.945174"></trkpt>
      <trkpt lat="48.551818" lon="22.947002"></trkpt>
      <trkpt lat="48.552093" lon="22.948907"></trkpt>
      <trkpt lat="48.552106" lon="22.950281"></trkpt>
      <trkpt lat="48.550133" lon="22.96974"></trkpt>
      <trkpt lat="48.549977" lon="22.972419"></trkpt>
      <trkpt lat="48.550153" lon="22.975089"></trkpt>
      <trkpt lat="48.550978" lon="22.979949"></trkpt>
      <trkpt lat="48.55133" lon="22.983157"></trkpt>
      <trkpt lat="48.554051" lon="23.016643"></trkpt>
      <trkpt lat="48.554376" lon="23.017897"></trkpt>
      <trkpt lat="48.554865" lon="23.019055"></trkpt>
      <trkpt lat="48.560069" lon="23.028883"></trkpt>
      <trkpt lat="48.565353" lon="23.044153"></trkpt>
      <trkpt lat="48.565662" lon="23.045451"></trkpt>
      <trkpt lat="48.566641" lon="23.052039"></trkpt>
      <trkpt lat="48.566958" lon="23.053327"></trkpt>
      <trkpt lat="48.567418" lon="23.054481"></trkpt>
      <trkpt lat="48.570073" lon="23.059334"></trkpt>
      <trkpt lat="48.571151" lon="23.060765"></trkpt>
      <trkpt lat="48.573089" lon="23.062555"></trkpt>
      <trkpt lat="48.573966" lon="23.063535"></trkpt>
      <trkpt lat="48.578046" lon="23.070335"></trkpt>
      <trkpt lat="48.579847" lon="23.072983"></trkpt>
      <trkpt lat="48.580309" lon="23.07338"></trkpt>
      <trkpt lat="48.580874" lon="23.073669"></trkpt>
      <trkpt lat="48.584309" lon="23.074581"></trkpt>
      <trkpt lat="48.585068" lon="23.07516"></trkpt>
      <trkpt lat="48.585763" lon="23.076306"></trkpt>
      <trkpt lat="48.586448" lon="23.078696"></trkpt>
      <trkpt lat="48.586956" lon="23.079864"></trkpt>
      <trkpt lat="48.587759" lon="23.08069"></trkpt>
      <trkpt lat="48.588243" lon="23.080979"></trkpt>
      <trkpt lat="48.588771" lon="23.081117"></trkpt>
      <trkpt lat="48.589438" lon="23.081042"></trkpt>
      <trkpt lat="48.589965" lon="23.080749"></trkpt>
      <trkpt lat="48.591462" lon="23.079578"></trkpt>
      <trkpt lat="48.59183" lon="23.079458"></trkpt>
      <trkpt lat="48.592504" lon="23.079465"></trkpt>
      <trkpt lat="48.596481" lon="23.080803"></trkpt>
      <trkpt lat="48.599577" lon="23.081528"></trkpt>
      <trkpt lat="48.600369" lon="23.0816"></trkpt>
      <trkpt lat="48.607862" lon="23.083375"></trkpt>
      <trkpt lat="48.609613" lon="23.084283"></trkpt>
      <trkpt lat="48.614451" lon="23.088381"></trkpt>
      <trkpt lat="48.616441" lon="23.088863"></trkpt>
      <trkpt lat="48.617164" lon="23.089177"></trkpt>
      <trkpt lat="48.619134" lon="23.090769"></trkpt>
      <trkpt lat="48.619887" lon="23.091183"></trkpt>
      <trkpt lat="48.622111" lon="23.091743"></trkpt>
      <trkpt lat="48.623092" lon="23.091871"></trkpt>
      <trkpt lat="48.624006" lon="23.091714"></trkpt>
      <trkpt lat="48.626111" lon="23.090522"></trkpt>
      <trkpt lat="48.627415" lon="23.090031"></trkpt>
      <trkpt lat="48.632343" lon="23.089759"></trkpt>
      <trkpt lat="48.633296" lon="23.089933"></trkpt>
      <trkpt lat="48.63393" lon="23.090341"></trkpt>
      <trkpt lat="48.634268" lon="23.090701"></trkpt>
      <trkpt lat="48.634887" lon="23.091808"></trkpt>
      <trkpt lat="48.63506" lon="23.092444"></trkpt>
      <trkpt lat="48.635156" lon="23.093516"></trkpt>
      <trkpt lat="48.634989" lon="23.09588"></trkpt>
      <trkpt lat="48.635025" lon="23.096779"></trkpt>
      <trkpt lat="48.635403" lon="23.09805"></trkpt>
      <trkpt lat="48.635679" lon="23.098525"></trkpt>
      <trkpt lat="48.636188" lon="23.099056"></trkpt>
      <trkpt lat="48.636894" lon="23.099373"></trkpt>
      <trkpt lat="48.637837" lon="23.099319"></trkpt>
      <trkpt lat="48.638724" lon="23.09878"></trkpt>
      <trkpt lat="48.640079" lon="23.09727"></trkpt>
      <trkpt lat="48.640763" lon="23.096956"></trkpt>
      <trkpt lat="48.641638" lon="23.097011"></trkpt>
      <trkpt lat="48.645319" lon="23.09876"></trkpt>
      <trkpt lat="48.647841" lon="23.100298"></trkpt>
      <trkpt lat="48.649269" lon="23.101018"></trkpt>
      <trkpt lat="48.649966" lon="23.101695"></trkpt>
      <trkpt lat="48.651648" lon="23.104207"></trkpt>
      <trkpt lat="48.652082" lon="23.104625"></trkpt>
      <trkpt lat="48.652827" lon="23.10497"></trkpt>
      <trkpt lat="48.653481" lon="23.105007"></trkpt>
      <trkpt lat="48.654019" lon="23.10486"></trkpt>
      <trkpt lat="48.65466" lon="23.104407"></trkpt>
      <trkpt lat="48.656072" lon="23.102883"></trkpt>
      <trkpt lat="48.656859" lon="23.102488"></trkpt>
      <trkpt lat="48.657424" lon="23.102401"></trkpt>
      <trkpt lat="48.658301" lon="23.102698"></trkpt>
      <trkpt lat="48.659494" lon="23.103741"></trkpt>
      <trkpt lat="48.660338" lon="23.104128"></trkpt>
      <trkpt lat="48.661383" lon="23.10405"></trkpt>
      <trkpt lat="48.662914" lon="23.10325"></trkpt>
      <trkpt lat="48.663458" lon="23.103188"></trkpt>
      <trkpt lat="48.66393" lon="23.103315"></trkpt>
      <trkpt lat="48.665969" lon="23.104398"></trkpt>
      <trkpt lat="48.668115" lon="23.10628"></trkpt>
      <trkpt lat="48.668947" lon="23.106731"></trkpt>
      <trkpt lat="48.669659" lon="23.106672"></trkpt>
      <trkpt lat="48.671778" lon="23.105515"></trkpt>
      <trkpt lat="48.672587" lon="23.105317"></trkpt>
      <trkpt lat="48.673036" lon="23.10533"></trkpt>
      <trkpt lat="48.676567" lon="23.106072"></trkpt>
      <trkpt lat="48.677828" lon="23.106182"></trkpt>
      <trkpt lat="48.683332" lon="23.10508"></trkpt>
      <trkpt lat="48.683774" lon="23.105163"></trkpt>
      <trkpt lat="48.684293" lon="23.105425"></trkpt>
      <trkpt lat="48.68492" lon="23.106035"></trkpt>
      <trkpt lat="48.685309" lon="23.106705"></trkpt>
      <trkpt lat="48.685568" lon="23.107434"></trkpt>
      <trkpt lat="48.6859" lon="23.109934"></trkpt>
      <trkpt lat="48.686123" lon="23.110753"></trkpt>
      <trkpt lat="48.687429" lon="23.113735"></trkpt>
      <trkpt lat="48.687669" lon="23.114567"></trkpt>
      <trkpt lat="48.687756" lon="23.11551"></trkpt>
      <trkpt lat="48.687611" lon="23.117168"></trkpt>
      <trkpt lat="48.687651" lon="23.118295"></trkpt>
      <trkpt lat="48.687936" lon="23.11949"></trkpt>
      <trkpt lat="48.688319" lon="23.120225"></trkpt>
      <trkpt lat="48.691025" lon="23.122791"></trkpt>
      <trkpt lat="48.692589" lon="23.125663"></trkpt>
      <trkpt lat="48.693462" lon="23.126483"></trkpt>
      <trkpt lat="48.69394" lon="23.126679"></trkpt>
      <trkpt lat="48.694495" lon="23.1267"></trkpt>
      <trkpt lat="48.695081" lon="23.126518"></trkpt>
      <trkpt lat="48.696332" lon="23.125851"></trkpt>
      <trkpt lat="48.696841" lon="23.125734"></trkpt>
      <trkpt lat="48.697691" lon="23.125888"></trkpt>
      <trkpt lat="48.698486" lon="23.12654"></trkpt>
      <trkpt lat="48.699689" lon="23.128471"></trkpt>
      <trkpt lat="48.700847" lon="23.129669"></trkpt>
      <trkpt lat="48.701303" lon="23.130296"></trkpt>
      <trkpt lat="48.70407" lon="23.137656"></trkpt>
      <trkpt lat="48.704506" lon="23.138435"></trkpt>
      <trkpt lat="48.706763" lon="23.141192"></trkpt>
      <trkpt lat="48.708104" lon="23.143818"></trkpt>
      <trkpt lat="48.70875" lon="23.145605"></trkpt>
      <trkpt lat="48.70976" lon="23.153576"></trkpt>
      <trkpt lat="48.710467" lon="23.158059"></trkpt>
      <trkpt lat="48.710671" lon="23.16055"></trkpt>
      <trkpt lat="48.710959" lon="23.161739"></trkpt>
      <trkpt lat="48.711582" lon="23.16327"></trkpt>
      <trkpt lat="48.711857" lon="23.164346"></trkpt>
      <trkpt lat="48.711838" lon="23.16958"></trkpt>
      <trkpt lat="48.711941" lon="23.170642"></trkpt>
      <trkpt lat="48.712198" lon="23.17157"></trkpt>
      <trkpt lat="48.71352" lon="23.174216"></trkpt>
      <trkpt lat="48.713841" lon="23.175851"></trkpt>
      <trkpt lat="48.714024" lon="23.179556"></trkpt>
      <trkpt lat="48.713016" lon="23.191595"></trkpt>
      <trkpt lat="48.71315" lon="23.192755"></trkpt>
      <trkpt lat="48.713976" lon="23.195629"></trkpt>
      <trkpt lat="48.713997" lon="23.200978"></trkpt>
      <trkpt lat="48.714384" lon="23.202518"></trkpt>
      <trkpt lat="48.715322" lon="23.204235"></trkpt>
      <trkpt lat="48.715613" lon="23.205032"></trkpt>
      <trkpt lat="48.717736" lon="23.213606"></trkpt>
      <trkpt lat="48.717959" lon="23.214908"></trkpt>
      <trkpt lat="48.718226" lon="23.218324"></trkpt>
      <trkpt lat="48.71787" lon="23.223762"></trkpt>
      <trkpt lat="48.717486" lon="23.227704"></trkpt>
      <trkpt lat="48.717401" lon="23.231047"></trkpt>
      <trkpt lat="48.717523" lon="23.234063"></trkpt>
      <trkpt lat="48.71742" lon="23.235262"></trkpt>
      <trkpt lat="48.71702" lon="23.236398"></trkpt>
      <trkpt lat="48.716488" lon="23.237159"></trkpt>
      <trkpt lat="48.715921" lon="23.237614"></trkpt>
      <trkpt lat="48.714012" lon="23.238499"></trkpt>
      <trkpt lat="48.713359" lon="23.239138"></trkpt>
      <trkpt lat="48.712934" lon="23.239883"></trkpt>
      <trkpt lat="48.712675" lon="23.24086"></trkpt>
      <trkpt lat="48.712633" lon="23.24262"></trkpt>
      <trkpt lat="48.713027" lon="23.243996"></trkpt>
      <trkpt lat="48.713513" lon="23.244777"></trkpt>
      <trkpt lat="48.714168" lon="23.245369"></trkpt>
      <trkpt lat="48.716059" lon="23.246142"></trkpt>
      <trkpt lat="48.716649" lon="23.246792"></trkpt>
      <trkpt lat="48.717023" lon="23.247512"></trkpt>
      <trkpt lat="48.717341" lon="23.248777"></trkpt>
      <trkpt lat="48.717491" lon="23.25121"></trkpt>
      <trkpt lat="48.717708" lon="23.252281"></trkpt>
      <trkpt lat="48.719071" lon="23.255535"></trkpt>
      <trkpt lat="48.71959" lon="23.258494"></trkpt>
      <trkpt lat="48.719851" lon="23.25929"></trkpt>
      <trkpt lat="48.720347" lon="23.260231"></trkpt>
      <trkpt lat="48.720855" lon="23.260855"></trkpt>
      <trkpt lat="48.72131" lon="23.261214"></trkpt>
      <trkpt lat="48.722859" lon="23.261855"></trkpt>
      <trkpt lat="48.724877" lon="23.263241"></trkpt>
      <trkpt lat="48.725442" lon="23.263482"></trkpt>
      <trkpt lat="48.726939" lon="23.263736"></trkpt>
      <trkpt lat="48.727671" lon="23.264187"></trkpt>
      <trkpt lat="48.730011" lon="23.267581"></trkpt>
      <trkpt lat="48.731064" lon="23.269251"></trkpt>
      <trkpt lat="48.73142" lon="23.270032"></trkpt>
      <trkpt lat="48.731973" lon="23.272029"></trkpt>
      <trkpt lat="48.733027" lon="23.274608"></trkpt>
      <trkpt lat="48.733194" lon="23.276185"></trkpt>
      <trkpt lat="48.732795" lon="23.278428"></trkpt>
      <trkpt lat="48.73197" lon="23.280862"></trkpt>
      <trkpt lat="48.731603" lon="23.283589"></trkpt>
      <trkpt lat="48.730568" lon="23.286455"></trkpt>
      <trkpt lat="48.730281" lon="23.287598"></trkpt>
      <trkpt lat="48.730038" lon="23.289809"></trkpt>
      <trkpt lat="48.730116" lon="23.290473"></trkpt>
      <trkpt lat="48.730429" lon="23.291465"></trkpt>
      <trkpt lat="48.730976" lon="23.292313"></trkpt>
      <trkpt lat="48.731745" lon="23.292851"></trkpt>
      <trkpt lat="48.732538" lon="23.292922"></trkpt>
      <trkpt lat="48.733016" lon="23.292758"></trkpt>
      <trkpt lat="48.733479" lon="23.292425"></trkpt>
      <trkpt lat="48.734005" lon="23.291595"></trkpt>
      <trkpt lat="48.734295" lon="23.2907"></trkpt>
      <trkpt lat="48.73449" lon="23.289405"></trkpt>
      <trkpt lat="48.734568" lon="23.287004"></trkpt>
      <trkpt lat="48.734928" lon="23.285639"></trkpt>
      <trkpt lat="48.735441" lon="23.284278"></trkpt>
      <trkpt lat="48.736122" lon="23.283435"></trkpt>
      <trkpt lat="48.736858" lon="23.282958"></trkpt>
      <trkpt lat="48.737329" lon="23.28289"></trkpt>
      <trkpt lat="48.738086" lon="23.283121"></trkpt>
      <trkpt lat="48.738875" lon="23.284169"></trkpt>
      <trkpt lat="48.739273" lon="23.285024"></trkpt>
      <trkpt lat="48.739471" lon="23.286102"></trkpt>
      <trkpt lat="48.739643" lon="23.289117"></trkpt>
      <trkpt lat="48.739996" lon="23.290232"></trkpt>
      <trkpt lat="48.740708" lon="23.291504"></trkpt>
      <trkpt lat="48.741417" lon="23.29216"></trkpt>
      <trkpt lat="48.743321" lon="23.292732"></trkpt>
      <trkpt lat="48.743695" lon="23.292997"></trkpt>
      <trkpt lat="48.744285" lon="23.293709"></trkpt>
      <trkpt lat="48.74486" lon="23.295047"></trkpt>
      <trkpt lat="48.745344" lon="23.297684"></trkpt>
      <trkpt lat="48.745884" lon="23.298717"></trkpt>
      <trkpt lat="48.74639" lon="23.299415"></trkpt>
      <trkpt lat="48.747162" lon="23.299936"></trkpt>
      <trkpt lat="48.748373" lon="23.300177"></trkpt>
      <trkpt lat="48.748931" lon="23.300394"></trkpt>
      <trkpt lat="48.750946" lon="23.302234"></trkpt>
      <trkpt lat="48.751598" lon="23.303169"></trkpt>
      <trkpt lat="48.761262" lon="23.325888"></trkpt>
      <trkpt lat="48.761648" lon="23.326497"></trkpt>
      <trkpt lat="48.764266" lon="23.329202"></trkpt>
      <trkpt lat="48.764845" lon="23.329987"></trkpt>
      <trkpt lat="48.765281" lon="23.330884"></trkpt>
      <trkpt lat="48.765934" lon="23.333058"></trkpt>
      <trkpt lat="48.766682" lon="23.334099"></trkpt>
      <trkpt lat="48.767264" lon="23.334433"></trkpt>
      <trkpt lat="48.767916" lon="23.334439"></trkpt>
      <trkpt lat="48.769695" lon="23.333425"></trkpt>
      <trkpt lat="48.770608" lon="23.333264"></trkpt>
      <trkpt lat="48.771165" lon="23.333359"></trkpt>
      <trkpt lat="48.771623" lon="23.333597"></trkpt>
      <trkpt lat="48.772847" lon="23.334875"></trkpt>
      <trkpt lat="48.773786" lon="23.335367"></trkpt>
      <trkpt lat="48.774604" lon="23.335266"></trkpt>
      <trkpt lat="48.776224" lon="23.334378"></trkpt>
      <trkpt lat="48.776919" lon="23.334241"></trkpt>
      <trkpt lat="48.777761" lon="23.334505"></trkpt>
      <trkpt lat="48.779282" lon="23.335388"></trkpt>
      <trkpt lat="48.780071" lon="23.335388"></trkpt>
      <trkpt lat="48.780746" lon="23.335103"></trkpt>
      <trkpt lat="48.781464" lon="23.334376"></trkpt>
      <trkpt lat="48.781801" lon="23.333757"></trkpt>
      <trkpt lat="48.782506" lon="23.331798"></trkpt>
      <trkpt lat="48.78314" lon="23.330883"></trkpt>
      <trkpt lat="48.783664" lon="23.330481"></trkpt>
      <trkpt lat="48.784153" lon="23.330327"></trkpt>
      <trkpt lat="48.784845" lon="23.330347"></trkpt>
      <trkpt lat="48.785237" lon="23.330502"></trkpt>
      <trkpt lat="48.785884" lon="23.330994"></trkpt>
      <trkpt lat="48.78655" lon="23.331968"></trkpt>
      <trkpt lat="48.787839" lon="23.334446"></trkpt>
      <trkpt lat="48.788194" lon="23.335796"></trkpt>
      <trkpt lat="48.788242" lon="23.33665"></trkpt>
      <trkpt lat="48.788093" lon="23.337836"></trkpt>
      <trkpt lat="48.787238" lon="23.339932"></trkpt>
      <trkpt lat="48.786966" lon="23.340947"></trkpt>
      <trkpt lat="48.786934" lon="23.342342"></trkpt>
      <trkpt lat="48.78727" lon="23.343662"></trkpt>
      <trkpt lat="48.788402" lon="23.345731"></trkpt>
      <trkpt lat="48.789041" lon="23.347807"></trkpt>
      <trkpt lat="48.789491" lon="23.348701"></trkpt>
      <trkpt lat="48.790422" lon="23.349886"></trkpt>
      <trkpt lat="48.791713" lon="23.351857"></trkpt>
      <trkpt lat="48.793231" lon="23.353022"></trkpt>
      <trkpt lat="48.795125" lon="23.35523"></trkpt>
      <trkpt lat="48.796833" lon="23.356451"></trkpt>
      <trkpt lat="48.79928" lon="23.358431"></trkpt>
      <trkpt lat="48.799739" lon="23.358705"></trkpt>
      <trkpt lat="48.800514" lon="23.358866"></trkpt>
      <trkpt lat="48.800978" lon="23.358795"></trkpt>
      <trkpt lat="48.801573" lon="23.358456"></trkpt>
      <trkpt lat="48.801958" lon="23.35804"></trkpt>
      <trkpt lat="48.803278" lon="23.356015"></trkpt>
      <trkpt lat="48.805023" lon="23.354755"></trkpt>
      <trkpt lat="48.805876" lon="23.354618"></trkpt>
      <trkpt lat="48.807181" lon="23.355016"></trkpt>
      <trkpt lat="48.808243" lon="23.355665"></trkpt>
      <trkpt lat="48.814453" lon="23.361156"></trkpt>
      <trkpt lat="48.815947" lon="23.363356"></trkpt>
      <trkpt lat="48.816788" lon="23.364856"></trkpt>
      <trkpt lat="48.817345" lon="23.365433"></trkpt>
      <trkpt lat="48.818173" lon="23.365772"></trkpt>
      <trkpt lat="48.819822" lon="23.365914"></trkpt>
      <trkpt lat="48.820532" lon="23.366095"></trkpt>
      <trkpt lat="48.821199" lon="23.366581"></trkpt>
      <trkpt lat="48.822142" lon="23.367884"></trkpt>
      <trkpt lat="48.822803" lon="23.368514"></trkpt>
      <trkpt lat="48.823558" lon="23.368765"></trkpt>
      <trkpt lat="48.825019" lon="23.368956"></trkpt>
      <trkpt lat="48.825506" lon="23.369243"></trkpt>
      <trkpt lat="48.826087" lon="23.369875"></trkpt>
      <trkpt lat="48.826531" lon="23.37076"></trkpt>
      <trkpt lat="48.827127" lon="23.373183"></trkpt>
      <trkpt lat="48.827122" lon="23.374691"></trkpt>
      <trkpt lat="48.826325" lon="23.377481"></trkpt>
      <trkpt lat="48.826229" lon="23.37885"></trkpt>
      <trkpt lat="48.826415" lon="23.380001"></trkpt>
      <trkpt lat="48.827406" lon="23.383765"></trkpt>
      <trkpt lat="48.827831" lon="23.38478"></trkpt>
      <trkpt lat="48.82821" lon="23.385326"></trkpt>
      <trkpt lat="48.828754" lon="23.385791"></trkpt>
      <trkpt lat="48.829907" lon="23.386286"></trkpt>
      <trkpt lat="48.830357" lon="23.386592"></trkpt>
      <trkpt lat="48.831046" lon="23.387486"></trkpt>
      <trkpt lat="48.831328" lon="23.388133"></trkpt>
      <trkpt lat="48.831857" lon="23.39064"></trkpt>
      <trkpt lat="48.831756" lon="23.393458"></trkpt>
      <trkpt lat="48.832048" lon="23.394942"></trkpt>
      <trkpt lat="48.832577" lon="23.395966"></trkpt>
      <trkpt lat="48.833673" lon="23.397093"></trkpt>
      <trkpt lat="48.834094" lon="23.397695"></trkpt>
      <trkpt lat="48.834677" lon="23.399229"></trkpt>
      <trkpt lat="48.834823" lon="23.400179"></trkpt>
      <trkpt lat="48.834873" lon="23.402401"></trkpt>
      <trkpt lat="48.834563" lon="23.40514"></trkpt>
      <trkpt lat="48.834618" lon="23.405801"></trkpt>
      <trkpt lat="48.834968" lon="23.407057"></trkpt>
      <trkpt lat="48.835419" lon="23.407866"></trkpt>
      <trkpt lat="48.836021" lon="23.408479"></trkpt>
      <trkpt lat="48.837383" lon="23.408994"></trkpt>
      <trkpt lat="48.838152" lon="23.409554"></trkpt>
      <trkpt lat="48.838681" lon="23.410403"></trkpt>
      <trkpt lat="48.839055" lon="23.411482"></trkpt>
      <trkpt lat="48.839242" lon="23.413102"></trkpt>
      <trkpt lat="48.83902" lon="23.417358"></trkpt>
      <trkpt lat="48.839166" lon="23.419247"></trkpt>
      <trkpt lat="48.839604" lon="23.421038"></trkpt>
      <trkpt lat="48.841404" lon="23.426196"></trkpt>
      <trkpt lat="48.841547" lon="23.427059"></trkpt>
      <trkpt lat="48.841533" lon="23.428449"></trkpt>
      <trkpt lat="48.84115" lon="23.431101"></trkpt>
      <trkpt lat="48.84119" lon="23.432128"></trkpt>
      <trkpt lat="48.841363" lon="23.433058"></trkpt>
      <trkpt lat="48.841876" lon="23.43421"></trkpt>
      <trkpt lat="48.845402" lon="23.44016"></trkpt>
      <trkpt lat="48.849776" lon="23.446231"></trkpt>
      <trkpt lat="48.852312" lon="23.450084"></trkpt>
      <trkpt lat="48.852842" lon="23.451151"></trkpt>
      <trkpt lat="48.85321" lon="23.452636"></trkpt>
      <trkpt lat="48.853252" lon="23.453835"></trkpt>
      <trkpt lat="48.853145" lon="23.454724"></trkpt>
      <trkpt lat="48.852414" lon="23.457632"></trkpt>
      <trkpt lat="48.852298" lon="23.459645"></trkpt>
      <trkpt lat="48.852649" lon="23.4615"></trkpt>
      <trkpt lat="48.852998" lon="23.46234"></trkpt>
      <trkpt lat="48.853562" lon="23.46325"></trkpt>
      <trkpt lat="48.856364" lon="23.466051"></trkpt>
      <trkpt lat="48.857248" lon="23.466729"></trkpt>
      <trkpt lat="48.858246" lon="23.467148"></trkpt>
      <trkpt lat="48.859053" lon="23.46729"></trkpt>
      <trkpt lat="48.859936" lon="23.467308"></trkpt>
      <trkpt lat="48.861737" lon="23.46707"></trkpt>
      <trkpt lat="48.862549" lon="23.467191"></trkpt>
      <trkpt lat="48.863611" lon="23.467762"></trkpt>
      <trkpt lat="48.865734" lon="23.469469"></trkpt>
      <trkpt lat="48.868851" lon="23.471219"></trkpt>
      <trkpt lat="48.869894" lon="23.472279"></trkpt>
      <trkpt lat="48.871001" lon="23.473819"></trkpt>
      <trkpt lat="48.872635" lon="23.475546"></trkpt>
      <trkpt lat="48.873928" lon="23.477878"></trkpt>
      <trkpt lat="48.875619" lon="23.480076"></trkpt>
      <trkpt lat="48.876805" lon="23.482217"></trkpt>
      <trkpt lat="48.878294" lon="23.483668"></trkpt>
      <trkpt lat="48.879341" lon="23.484336"></trkpt>
      <trkpt lat="48.880263" lon="23.484318"></trkpt>
      <trkpt lat="48.882132" lon="23.483527"></trkpt>
      <trkpt lat="48.884344" lon="23.483093"></trkpt>
      <trkpt lat="48.885261" lon="23.482589"></trkpt>
      <trkpt lat="48.889089" lon="23.479519"></trkpt>
      <trkpt lat="48.889702" lon="23.47891"></trkpt>
      <trkpt lat="48.890352" lon="23.477752"></trkpt>
      <trkpt lat="48.891208" lon="23.47541"></trkpt>
      <trkpt lat="48.891694" lon="23.4747"></trkpt>
      <trkpt lat="48.892328" lon="23.474189"></trkpt>
      <trkpt lat="48.893053" lon="23.473906"></trkpt>
      <trkpt lat="48.894453" lon="23.473608"></trkpt>
      <trkpt lat="48.896416" lon="23.472468"></trkpt>
      <trkpt lat="48.898423" lon="23.47217"></trkpt>
      <trkpt lat="48.901039" lon="23.471061"></trkpt>
      <trkpt lat="48.902218" lon="23.470979"></trkpt>
      <trkpt lat="48.902896" lon="23.471201"></trkpt>
      <trkpt lat="48.903498" lon="23.47161"></trkpt>
      <trkpt lat="48.906243" lon="23.475194"></trkpt>
      <trkpt lat="48.906803" lon="23.475668"></trkpt>
      <trkpt lat="48.907312" lon="23.475903"></trkpt>
      <trkpt lat="48.908541" lon="23.476313"></trkpt>
      <trkpt lat="48.909359" lon="23.476386"></trkpt>
      <trkpt lat="48.912421" lon="23.475445"></trkpt>
      <trkpt lat="48.913304" lon="23.475319"></trkpt>
      <trkpt lat="48.916218" lon="23.475679"></trkpt>
      <trkpt lat="48.916752" lon="23.475792"></trkpt>
      <trkpt lat="48.917838" lon="23.476251"></trkpt>
      <trkpt lat="48.919619" lon="23.477662"></trkpt>
      <trkpt lat="48.924134" lon="23.48205"></trkpt>
      <trkpt lat="48.92533" lon="23.482704"></trkpt>
      <trkpt lat="48.926373" lon="23.482842"></trkpt>
      <trkpt lat="48.927941" lon="23.482497"></trkpt>
      <trkpt lat="48.928653" lon="23.482456"></trkpt>
      <trkpt lat="48.935575" lon="23.483434"></trkpt>
      <trkpt lat="48.936371" lon="23.483683"></trkpt>
      <trkpt lat="48.937459" lon="23.484551"></trkpt>
      <trkpt lat="48.937919" lon="23.485142"></trkpt>
      <trkpt lat="48.940799" lon="23.490993"></trkpt>
      <trkpt lat="48.941427" lon="23.491557"></trkpt>
      <trkpt lat="48.942209" lon="23.491773"></trkpt>
      <trkpt lat="48.945638" lon="23.491238"></trkpt>
      <trkpt lat="48.946516" lon="23.490676"></trkpt>
      <trkpt lat="48.947117" lon="23.48981"></trkpt>
      <trkpt lat="48.947542" lon="23.488492"></trkpt>
      <trkpt lat="48.949006" lon="23.479394"></trkpt>
      <trkpt lat="48.949545" lon="23.47807"></trkpt>
      <trkpt lat="48.950049" lon="23.477447"></trkpt>
      <trkpt lat="48.950839" lon="23.476856"></trkpt>
      <trkpt lat="48.951464" lon="23.47667"></trkpt>
      <trkpt lat="48.951927" lon="23.476682"></trkpt>
      <trkpt lat="48.952828" lon="23.477048"></trkpt>
      <trkpt lat="48.957388" lon="23.481285"></trkpt>
      <trkpt lat="48.958533" lon="23.482041"></trkpt>
      <trkpt lat="48.959171" lon="23.482267"></trkpt>
      <trkpt lat="48.960435" lon="23.482294"></trkpt>
      <trkpt lat="48.96435" lon="23.481366"></trkpt>
      <trkpt lat="48.966504" lon="23.481624"></trkpt>
      <trkpt lat="48.967095" lon="23.481568"></trkpt>
      <trkpt lat="48.969435" lon="23.480379"></trkpt>
      <trkpt lat="48.970286" lon="23.479328"></trkpt>
      <trkpt lat="48.97075" lon="23.477995"></trkpt>
      <trkpt lat="48.97121" lon="23.473817"></trkpt>
      <trkpt lat="48.971562" lon="23.47297"></trkpt>
      <trkpt lat="48.97228" lon="23.472075"></trkpt>
      <trkpt lat="48.973205" lon="23.471641"></trkpt>
      <trkpt lat="48.974495" lon="23.471403"></trkpt>
      <trkpt lat="48.981566" lon="23.469329"></trkpt>
      <trkpt lat="48.985955" lon="23.467066"></trkpt>
      <trkpt lat="48.986726" lon="23.466805"></trkpt>
      <trkpt lat="48.988978" lon="23.466845"></trkpt>
      <trkpt lat="48.995791" lon="23.467299"></trkpt>
      <trkpt lat="48.996795" lon="23.467786"></trkpt>
      <trkpt lat="48.99908" lon="23.4698"></trkpt>
      <trkpt lat="48.99976" lon="23.470059"></trkpt>
      <trkpt lat="49.000715" lon="23.469991"></trkpt>
      <trkpt lat="49.002262" lon="23.46951"></trkpt>
      <trkpt lat="49.002865" lon="23.469538"></trkpt>
      <trkpt lat="49.003787" lon="23.470099"></trkpt>
      <trkpt lat="49.007119" lon="23.472952"></trkpt>
      <trkpt lat="49.010294" lon="23.476508"></trkpt>
      <trkpt lat="49.01099" lon="23.476724"></trkpt>
      <trkpt lat="49.013571" lon="23.476718"></trkpt>
      <trkpt lat="49.014049" lon="23.476847"></trkpt>
      <trkpt lat="49.014998" lon="23.477427"></trkpt>
      <trkpt lat="49.01709" lon="23.479688"></trkpt>
      <trkpt lat="49.017749" lon="23.480708"></trkpt>
      <trkpt lat="49.018202" lon="23.481793"></trkpt>
      <trkpt lat="49.018531" lon="23.483015"></trkpt>
      <trkpt lat="49.02067" lon="23.494339"></trkpt>
      <trkpt lat="49.021029" lon="23.495509"></trkpt>
      <trkpt lat="49.021507" lon="23.496331"></trkpt>
      <trkpt lat="49.022229" lon="23.496938"></trkpt>
      <trkpt lat="49.024715" lon="23.49757"></trkpt>
      <trkpt lat="49.025491" lon="23.49808"></trkpt>
      <trkpt lat="49.026062" lon="23.498906"></trkpt>
      <trkpt lat="49.027221" lon="23.501877"></trkpt>
      <trkpt lat="49.027755" lon="23.502597"></trkpt>
      <trkpt lat="49.028178" lon="23.502967"></trkpt>
      <trkpt lat="49.028756" lon="23.503237"></trkpt>
      <trkpt lat="49.030894" lon="23.50385"></trkpt>
      <trkpt lat="49.038009" lon="23.505728"></trkpt>
      <trkpt lat="49.039009" lon="23.506262"></trkpt>
      <trkpt lat="49.039971" lon="23.507012"></trkpt>
      <trkpt lat="49.040476" lon="23.507469"></trkpt>
      <trkpt lat="49.041012" lon="23.50817"></trkpt>
      <trkpt lat="49.042728" lon="23.51163"></trkpt>
      <trkpt lat="49.048017" lon="23.52396"></trkpt>
      <trkpt lat="49.048663" lon="23.525188"></trkpt>
      <trkpt lat="49.050973" lon="23.528587"></trkpt>
      <trkpt lat="49.051385" lon="23.52941"></trkpt>
      <trkpt lat="49.051885" lon="23.530972"></trkpt>
      <trkpt lat="49.052551" lon="23.534619"></trkpt>
      <trkpt lat="49.054979" lon="23.540321"></trkpt>
      <trkpt lat="49.079018" lon="23.581008"></trkpt>
      <trkpt lat="49.080228" lon="23.582355"></trkpt>
      <trkpt lat="49.081908" lon="23.583554"></trkpt>
      <trkpt lat="49.099109" lon="23.591573"></trkpt>
      <trkpt lat="49.100712" lon="23.59245"></trkpt>
      <trkpt lat="49.101659" lon="23.593255"></trkpt>
      <trkpt lat="49.10253" lon="23.594595"></trkpt>
      <trkpt lat="49.104238" lon="23.599247"></trkpt>
      <trkpt lat="49.104457" lon="23.60049"></trkpt>
      <trkpt lat="49.104565" lon="23.602155"></trkpt>
      <trkpt lat="49.104419" lon="23.603741"></trkpt>
      <trkpt lat="49.102161" lon="23.614587"></trkpt>
      <trkpt lat="49.101802" lon="23.617139"></trkpt>
      <trkpt lat="49.101703" lon="23.621609"></trkpt>
      <trkpt lat="49.101789" lon="23.633064"></trkpt>
      <trkpt lat="49.101983" lon="23.636068"></trkpt>
      <trkpt lat="49.102495" lon="23.638226"></trkpt>
      <trkpt lat="49.103148" lon="23.639953"></trkpt>
      <trkpt lat="49.114236" lon="23.665866"></trkpt>
      <trkpt lat="49.114793" lon="23.666958"></trkpt>
      <trkpt lat="49.115407" lon="23.667818"></trkpt>
      <trkpt lat="49.116902" lon="23.669387"></trkpt>
      <trkpt lat="49.118185" lon="23.670274"></trkpt>
      <trkpt lat="49.12931" lon="23.67545"></trkpt>
      <trkpt lat="49.130649" lon="23.676343"></trkpt>
      <trkpt lat="49.131695" lon="23.677352"></trkpt>
      <trkpt lat="49.143037" lon="23.689642"></trkpt>
      <trkpt lat="49.14472" lon="23.691242"></trkpt>
      <trkpt lat="49.210584" lon="23.74257"></trkpt>
      <trkpt lat="49.211534" lon="23.743451"></trkpt>
      <trkpt lat="49.212466" lon="23.744895"></trkpt>
      <trkpt lat="49.21396" lon="23.747949"></trkpt>
      <trkpt lat="49.241508" lon="23.805749"></trkpt>
      <trkpt lat="49.24515" lon="23.814096"></trkpt>
      <trkpt lat="49.246981" lon="23.817786"></trkpt>
      <trkpt lat="49.250991" lon="23.827057"></trkpt>
      <trkpt lat="49.252109" lon="23.8299"></trkpt>
      <trkpt lat="49.254181" lon="23.833319"></trkpt>
      <trkpt lat="49.262503" lon="23.845808"></trkpt>
      <trkpt lat="49.264468" lon="23.848568"></trkpt>
      <trkpt lat="49.265395" lon="23.849628"></trkpt>
      <trkpt lat="49.275043" lon="23.856834"></trkpt>
      <trkpt lat="49.299578" lon="23.874741"></trkpt>
      <trkpt lat="49.340923" lon="23.911073"></trkpt>
      <trkpt lat="49.382607" lon="23.937695"></trkpt>
      <trkpt lat="49.388996" lon="23.941625"></trkpt>
      <trkpt lat="49.395553" lon="23.945928"></trkpt>
      <trkpt lat="49.39652" lon="23.94637"></trkpt>
      <trkpt lat="49.397578" lon="23.946685"></trkpt>
      <trkpt lat="49.452218" lon="23.956409"></trkpt>
      <trkpt lat="49.454946" lon="23.956987"></trkpt>
      <trkpt lat="49.491662" lon="23.958963"></trkpt>
      <trkpt lat="49.492503" lon="23.95916"></trkpt>
      <trkpt lat="49.493593" lon="23.959625"></trkpt>
      <trkpt lat="49.498809" lon="23.962708"></trkpt>
      <trkpt lat="49.50007" lon="23.963299"></trkpt>
      <trkpt lat="49.50064" lon="23.96343"></trkpt>
      <trkpt lat="49.501559" lon="23.963347"></trkpt>
      <trkpt lat="49.502772" lon="23.962656"></trkpt>
      <trkpt lat="49.507226" lon="23.95917"></trkpt>
      <trkpt lat="49.508381" lon="23.958085"></trkpt>
      <trkpt lat="49.508949" lon="23.95739"></trkpt>
      <trkpt lat="49.514968" lon="23.948153"></trkpt>
      <trkpt lat="49.516845" lon="23.945524"></trkpt>
      <trkpt lat="49.519684" lon="23.940919"></trkpt>
      <trkpt lat="49.524427" lon="23.933661"></trkpt>
      <trkpt lat="49.525421" lon="23.932431"></trkpt>
      <trkpt lat="49.526803" lon="23.931321"></trkpt>
      <trkpt lat="49.548307" lon="23.919346"></trkpt>
      <trkpt lat="49.549742" lon="23.918447"></trkpt>
      <trkpt lat="49.551247" lon="23.917117"></trkpt>
      <trkpt lat="49.560429" lon="23.906486"></trkpt>
      <trkpt lat="49.561149" lon="23.905798"></trkpt>
      <trkpt lat="49.562008" lon="23.905276"></trkpt>
      <trkpt lat="49.562693" lon="23.905099"></trkpt>
      <trkpt lat="49.565086" lon="23.905127"></trkpt>
      <trkpt lat="49.567813" lon="23.90463"></trkpt>
      <trkpt lat="49.581026" lon="23.902724"></trkpt>
      <trkpt lat="49.582361" lon="23.902372"></trkpt>
      <trkpt lat="49.583123" lon="23.902031"></trkpt>
      <trkpt lat="49.583931" lon="23.901534"></trkpt>
      <trkpt lat="49.585493" lon="23.900114"></trkpt>
      <trkpt lat="49.592974" lon="23.891584"></trkpt>
      <trkpt lat="49.594392" lon="23.889342"></trkpt>
      <trkpt lat="49.596887" lon="23.884465"></trkpt>
      <trkpt lat="49.597925" lon="23.883095"></trkpt>
      <trkpt lat="49.599026" lon="23.882185"></trkpt>
      <trkpt lat="49.611888" lon="23.875456"></trkpt>
      <trkpt lat="49.612846" lon="23.875192"></trkpt>
      <trkpt lat="49.613731" lon="23.875117"></trkpt>
      <trkpt lat="49.618146" lon="23.875386"></trkpt>
      <trkpt lat="49.619434" lon="23.875187"></trkpt>
      <trkpt lat="49.620275" lon="23.874892"></trkpt>
      <trkpt lat="49.621162" lon="23.874457"></trkpt>
      <trkpt lat="49.633751" lon="23.866923"></trkpt>
      <trkpt lat="49.634721" lon="23.866542"></trkpt>
      <trkpt lat="49.6385" lon="23.865432"></trkpt>
      <trkpt lat="49.639764" lon="23.864857"></trkpt>
      <trkpt lat="49.640804" lon="23.864161"></trkpt>
      <trkpt lat="49.646949" lon="23.859379"></trkpt>
      <trkpt lat="49.647746" lon="23.858948"></trkpt>
      <trkpt lat="49.64844" lon="23.858756"></trkpt>
      <trkpt lat="49.648848" lon="23.85876"></trkpt>
      <trkpt lat="49.649932" lon="23.8591"></trkpt>
      <trkpt lat="49.650656" lon="23.859699"></trkpt>
      <trkpt lat="49.65192" lon="23.861378"></trkpt>
      <trkpt lat="49.653277" lon="23.863473"></trkpt>
      <trkpt lat="49.653791" lon="23.86459"></trkpt>
      <trkpt lat="49.656586" lon="23.872223"></trkpt>
      <trkpt lat="49.658108" lon="23.875515"></trkpt>
      <trkpt lat="49.66676" lon="23.886797"></trkpt>
      <trkpt lat="49.679252" lon="23.907348"></trkpt>
      <trkpt lat="49.680012" lon="23.908227"></trkpt>
      <trkpt lat="49.680956" lon="23.909016"></trkpt>
      <trkpt lat="49.681845" lon="23.909527"></trkpt>
      <trkpt lat="49.682753" lon="23.90985"></trkpt>
      <trkpt lat="49.683686" lon="23.909987"></trkpt>
      <trkpt lat="49.685108" lon="23.909858"></trkpt>
      <trkpt lat="49.692483" lon="23.907949"></trkpt>
      <trkpt lat="49.694127" lon="23.907103"></trkpt>
      <trkpt lat="49.700996" lon="23.902935"></trkpt>
      <trkpt lat="49.701838" lon="23.902574"></trkpt>
      <trkpt lat="49.702986" lon="23.902359"></trkpt>
      <trkpt lat="49.704093" lon="23.90242"></trkpt>
      <trkpt lat="49.70526" lon="23.902781"></trkpt>
      <trkpt lat="49.715129" lon="23.908103"></trkpt>
      <trkpt lat="49.716262" lon="23.908418"></trkpt>
      <trkpt lat="49.717483" lon="23.908324"></trkpt>
      <trkpt lat="49.718642" lon="23.90783"></trkpt>
      <trkpt lat="49.723313" lon="23.905117"></trkpt>
      <trkpt lat="49.732144" lon="23.900786"></trkpt>
      <trkpt lat="49.743836" lon="23.89228"></trkpt>
      <trkpt lat="49.746242" lon="23.889873"></trkpt>
      <trkpt lat="49.747126" lon="23.889312"></trkpt>
      <trkpt lat="49.747726" lon="23.889078"></trkpt>
      <trkpt lat="49.748543" lon="23.888941"></trkpt>
      <trkpt lat="49.751755" lon="23.889014"></trkpt>
      <trkpt lat="49.753088" lon="23.888893"></trkpt>
      <trkpt lat="49.754784" lon="23.88833"></trkpt>
      <trkpt lat="49.761912" lon="23.885416"></trkpt>
      <trkpt lat="49.763766" lon="23.885022"></trkpt>
      <trkpt lat="49.76532" lon="23.884897"></trkpt>
      <trkpt lat="49.766361" lon="23.885081"></trkpt>
      <trkpt lat="49.767207" lon="23.885365"></trkpt>
      <trkpt lat="49.768285" lon="23.885928"></trkpt>
      <trkpt lat="49.775225" lon="23.890445"></trkpt>
      <trkpt lat="49.776918" lon="23.891394"></trkpt>
      <trkpt lat="49.787545" lon="23.894925"></trkpt>
      <trkpt lat="49.788537" lon="23.895326"></trkpt>
      <trkpt lat="49.790409" lon="23.89633"></trkpt>
      <trkpt lat="49.79162" lon="23.89741"></trkpt>
      <trkpt lat="49.795566" lon="23.902794"></trkpt>
      <trkpt lat="49.796332" lon="23.904174"></trkpt>
      <trkpt lat="49.798234" lon="23.908253"></trkpt>
      <trkpt lat="49.801372" lon="23.913223"></trkpt>
      <trkpt lat="49.803208" lon="23.915906"></trkpt>
      <trkpt lat="49.817185" lon="23.931406"></trkpt>
      <trkpt lat="49.824596" lon="23.93807"></trkpt>
      <trkpt lat="49.825553" lon="23.939359"></trkpt>
      <trkpt lat="49.826245" lon="23.940541"></trkpt>
      <trkpt lat="49.827046" lon="23.942619"></trkpt>
      <trkpt lat="49.83442" lon="23.96523"></trkpt>
      <trkpt lat="49.834673" lon="23.966452"></trkpt>
      <trkpt lat="49.834747" lon="23.967532"></trkpt>
      <trkpt lat="49.83405" lon="23.972758"></trkpt>
      <trkpt lat="49.834089" lon="23.974544"></trkpt>
      <trkpt lat="49.834302" lon="23.97642"></trkpt>
      <trkpt lat="49.835689" lon="23.981139"></trkpt>
      <trkpt lat="49.836857" lon="23.987298"></trkpt>
      <trkpt lat="49.837651" lon="23.989768"></trkpt>
      <trkpt lat="49.837933" lon="23.990471"></trkpt>
      <trkpt lat="49.838828" lon="23.992056"></trkpt>
      <trkpt lat="49.839857" lon="23.992872"></trkpt>
  </trkseg></trk>
</gpx>
