{"type":"FeatureCollection","features":[{"type":"Feature","properties":{"name":"2000 Smiferopol (226km)","mode":"ride","date":"2000","distance_km":"225.8"},"geometry":{"type":"LineString","coordinates":[[33.151,46.42766],[33.15346,46.42599],[33.15504,46.42532],[33.15101,46.42807],[33.16892,46.41838],[33.38652,46.29894],[33.56171,46.20229],[33.69716,46.12699],[33.69901,46.1253],[33.70028,46.12327],[33.70539,46.10839],[33.71869,46.05071],[33.71938,46.0485],[33.75714,45.97762],[33.75774,45.97683],[33.75878,45.9759],[33.7884,45.95532],[33.8138,45.93419],[33.81527,45.93318],[33.81696,45.93247],[33.82136,45.93129],[33.89731,45.91177],[33.99665,45.87623],[33.99879,45.87522],[34.00053,45.87401],[34.0327,45.84769],[34.03412,45.84678],[34.03579,45.84613],[34.03759,45.84575],[34.04758,45.84429],[34.05144,45.84418],[34.05472,45.8445],[34.08051,45.84968],[34.08282,45.85062],[34.0925,45.85583],[34.09422,45.85642],[34.09609,45.85674],[34.09802,45.85672],[34.1063,45.85576],[34.11468,45.85328],[34.14947,45.83953],[34.151,45.83853],[34.15816,45.83246],[34.19741,45.80697],[34.25427,45.78078],[34.33402,45.75154],[34.33648,45.751],[34.39588,45.74323],[34.39711,45.74299],[34.39823,45.74256],[34.39918,45.74196],[34.39991,45.74121],[34.40047,45.73985],[34.4004,45.73889],[34.40015,45.73817],[34.39383,45.72412],[34.39128,45.71953],[34.38837,45.71311],[34.38616,45.70811],[34.38538,45.70562],[34.38279,45.70139],[34.38169,45.69695],[34.38119,45.69566],[34.34077,45.60542],[34.33985,45.60304],[34.30184,45.5172],[34.29689,45.50638],[34.28964,45.49671],[34.21896,45.40454],[34.10669,45.25882],[34.07566,45.20853],[34.03375,45.14018],[34.03308,45.13888],[34.0267,45.11057],[34.02511,45.10218],[34.02213,45.06017],[34.02216,45.05788],[34.02258,45.05559],[34.0272,45.04497],[34.03781,45.02208],[34.03971,45.01761],[34.04229,45.01202],[34.04315,45.01074],[34.04445,45.0093],[34.05611,44.9984],[34.05917,44.99622],[34.07699,44.98522],[34.08646,44.97663],[34.08785,44.97492],[34.08873,44.97312],[34.08913,44.97102],[34.08896,44.96931],[34.08835,44.96784],[34.08687,44.96619],[34.08014,44.96108]]}},{"type":"Feature","properties":{"name":"GraphHopper Track","mode":"ride","distance_km":"56.8"},"geometry":{"type":"LineString","coordinates":[[24.38161,50.20988],[24.38653,50.21005],[24.38751,50.20164],[24.38535,50.20152],[24.38611,50.19571],[24.38674,50.19441],[24.38961,50.19086],[24.39031,50.18962],[24.39088,50.18846],[24.3923,50.18373],[24.39228,50.18333],[24.39203,50.18288],[24.38767,50.17757],[24.38751,50.17694],[24.38817,50.17396],[24.38841,50.16839],[24.39101,50.15474],[24.39111,50.14238],[24.39103,50.14218],[24.35003,50.12485],[24.34889,50.12385],[24.34832,50.12294],[24.3483,50.11887],[24.34777,50.11776],[24.34686,50.11695],[24.3424,50.11468],[24.33869,50.10957],[24.33773,50.10889],[24.33758,50.10842],[24.3377,50.10763],[24.33845,50.10641],[24.3386,50.10499],[24.33934,50.10405],[24.3409,50.10336],[24.34161,50.10267],[24.34226,50.10117],[24.34271,50.09951],[24.34392,50.09952],[24.34415,50.09932],[24.34385,50.09874],[24.34306,50.098],[24.33635,50.09204],[24.33212,50.07938],[24.33193,50.07876],[24.33193,50.07814],[24.33401,50.07003],[24.33043,50.05562],[24.33204,50.04593],[24.33204,50.04483],[24.3313,50.04369],[24.32358,50.03405],[24.32202,50.03284],[24.30055,50.02145],[24.2453,49.99173],[24.24343,49.98986],[24.24174,49.98853],[24.2262,49.97769],[24.22114,49.97376],[24.22042,49.9727],[24.21517,49.96302],[24.21325,49.95762],[24.21292,49.95713],[24.212,49.95641],[24.211,49.95592],[24.20534,49.95394],[24.20479,49.95356],[24.20422,49.95273],[24.20379,49.95239],[24.20031,49.95121],[24.19251,49.94712],[24.17356,49.94127],[24.1726,49.94091],[24.17169,49.94035],[24.17071,49.93921],[24.16124,49.92079],[24.16081,49.92049],[24.16085,49.92007],[24.16042,49.91922],[24.15222,49.90346],[24.15143,49.90263],[24.13048,49.89395],[24.12864,49.89345],[24.11494,49.89132],[24.11313,49.89131],[24.09984,49.89222],[24.09837,49.89212],[24.09739,49.89188],[24.07867,49.88618],[24.07633,49.88481],[24.07405,49.88219],[24.06775,49.87968],[24.06597,49.87867],[24.06265,49.87608],[24.05358,49.86558],[24.05267,49.86517],[24.0526,49.86496],[24.0528,49.86443],[24.04406,49.85421],[24.04336,49.85397],[24.04112,49.85366],[24.04227,49.85182],[24.0438,49.85084],[24.04248,49.84968],[24.04225,49.84926],[24.04221,49.84872],[24.04269,49.84853],[24.04466,49.84868],[24.04511,49.84856],[24.04331,49.84784],[24.04186,49.84754],[24.04036,49.84537],[24.03869,49.84479],[24.03866,49.84393],[24.03798,49.8433],[24.03601,49.84309],[24.03635,49.84195],[24.0353,49.84203],[24.03577,49.84082],[24.03632,49.84052],[24.0364,49.84031],[24.03534,49.83881],[24.03338,49.83929],[24.03207,49.8393],[24.03359,49.83693],[24.03495,49.83615],[24.03495,49.83505],[24.03481,49.83488],[24.03502,49.83451],[24.0369,49.83389],[24.03774,49.83527],[24.0372,49.83577],[24.03627,49.83605],[24.0367,49.8372]]}},{"type":"Feature","properties":{"name":"GraphHopper Track","mode":"ride","distance_km":"113.8"},"geometry":{"type":"LineString","coordinates":[[24.0257,49.86617],[24.02624,49.86626],[24.02576,49.86728],[24.02455,49.86697],[24.02645,49.8631],[24.02688,49.86009],[24.02361,49.85777],[24.02235,49.85713],[24.02134,49.85695],[24.0212,49.85676],[24.02176,49.85629],[24.0231,49.85368],[24.02447,49.85047],[24.02446,49.84988],[24.02506,49.84968],[24.02561,49.84869],[24.02528,49.84558],[24.02537,49.84505],[24.02658,49.84264],[24.02786,49.84056],[24.02545,49.8393],[24.01783,49.83472],[24.01707,49.83471],[24.01715,49.83423],[24.01883,49.83327],[24.01855,49.8327],[24.0181,49.8324],[24.01851,49.83223],[24.01835,49.82901],[24.01912,49.82805],[24.01914,49.82785],[24.01803,49.82661],[24.02103,49.8251],[24.02084,49.82485],[24.01889,49.80591],[24.018,49.80192],[24.01778,49.80169],[24.0147,49.78769],[24.01392,49.78311],[24.0139,49.77874],[24.01431,49.76443],[24.01478,49.75957],[24.01492,49.75503],[24.01474,49.75051],[24.01486,49.74211],[24.01287,49.73772],[23.99826,49.70765],[23.99849,49.70675],[24.00266,49.70013],[24.00402,49.6921],[24.00511,49.67986],[24.00486,49.67929],[24.00305,49.67724],[24.00258,49.67607],[24.00264,49.67474],[24.00356,49.67157],[24.00367,49.67029],[24.00248,49.66116],[23.99539,49.63072],[23.99521,49.62693],[23.99506,49.61533],[23.99514,49.61449],[23.99557,49.61298],[24.00015,49.60169],[24.00276,49.59683],[24.00295,49.59598],[24.00288,49.59486],[24.00231,49.5934],[23.99431,49.57875],[23.99141,49.57269],[23.99091,49.57112],[23.99068,49.56737],[23.98956,49.56382],[23.98838,49.55765],[23.98811,49.55685],[23.98729,49.55562],[23.98578,49.5542],[23.98473,49.55358],[23.97794,49.55063],[23.97171,49.54742],[23.96502,49.54465],[23.95837,49.5432],[23.9565,49.5425],[23.95562,49.542],[23.95453,49.54107],[23.95394,49.54026],[23.95238,49.53694],[23.95045,49.53381],[23.9499,49.53254],[23.94926,49.52891],[23.94925,49.52815],[23.94951,49.52718],[23.95062,49.5251],[23.95151,49.52385],[23.95417,49.52145],[23.95526,49.52009],[23.95569,49.51873],[23.95564,49.51561],[23.9561,49.51414],[23.9566,49.51339],[23.95771,49.51239],[23.96258,49.50917],[23.96473,49.50731],[23.9681,49.5026],[23.97113,49.50023],[23.97198,49.4994],[23.97261,49.49832],[23.97283,49.49708],[23.97261,49.49554],[23.9721,49.49457],[23.96975,49.49219],[23.96851,49.49117],[23.96709,49.49042],[23.96572,49.48994],[23.96083,49.48909],[23.95926,49.48862],[23.95771,49.48757],[23.95704,49.48648],[23.95684,49.48542],[23.95636,49.4776],[23.95627,49.47319],[23.95542,49.45592],[23.95529,49.45361],[23.95512,49.45291],[23.95325,49.45314],[23.94894,49.45456],[23.92542,49.45757],[23.91432,49.45824],[23.91154,49.45818],[23.90895,49.45788],[23.89659,49.45783],[23.89395,49.45718],[23.88843,49.4564],[23.88744,49.45597],[23.87552,49.43841],[23.87452,49.43745],[23.87147,49.43521],[23.86719,49.43337],[23.86508,49.43264],[23.85871,49.43097],[23.85048,49.4294],[23.84043,49.4264],[23.83936,49.42643],[23.83685,49.42704],[23.83364,49.42653],[23.83147,49.42665],[23.8283,49.42555],[23.82569,49.42551],[23.82206,49.42657],[23.81855,49.42709],[23.78346,49.43456],[23.78208,49.4347],[23.76104,49.43212],[23.7547,49.42989],[23.75184,49.43013],[23.7516,49.42998],[23.75119,49.42886],[23.75113,49.42699],[23.74961,49.42672],[23.7486,49.42571],[23.74814,49.42552],[23.74684,49.4256],[23.74352,49.42674],[23.7427,49.4268],[23.72674,49.42387],[23.72016,49.42234],[23.71885,49.4219],[23.71113,49.41837],[23.70199,49.41498],[23.70156,49.41504],[23.70129,49.41526],[23.69951,49.41745],[23.69746,49.41683],[23.69443,49.41678],[23.69125,49.41577],[23.69069,49.41548],[23.67995,49.40749],[23.67235,49.39938],[23.66404,49.39268],[23.66239,49.3907],[23.66174,49.39017],[23.6525,49.38672],[23.6512,49.38652],[23.64818,49.38647],[23.64704,49.3862],[23.64583,49.38569],[23.63787,49.38166],[23.62618,49.37522],[23.62104,49.37232],[23.61225,49.36659],[23.60889,49.36537],[23.60076,49.3605],[23.59381,49.35777],[23.59248,49.35767],[23.58996,49.35784],[23.58867,49.35762],[23.58632,49.35636],[23.58223,49.35355],[23.57303,49.33994],[23.57238,49.33947],[23.57201,49.33899],[23.57199,49.33843],[23.57033,49.33599],[23.56769,49.33107],[23.56581,49.32835],[23.56406,49.32646],[23.56245,49.32525],[23.55992,49.32369],[23.55843,49.32316],[23.55711,49.3229],[23.52896,49.31892],[23.51299,49.31452],[23.50691,49.31256],[23.50843,49.30959],[23.51048,49.30481],[23.51056,49.30423],[23.51008,49.29777],[23.50552,49.28731],[23.50527,49.28702],[23.50489,49.28691],[23.50288,49.28701],[23.50148,49.28678],[23.49754,49.28384],[23.49546,49.28359],[23.4942,49.28284],[23.49176,49.28037],[23.48938,49.28161],[23.48695,49.28445],[23.48576,49.28557],[23.48477,49.2862],[23.48207,49.28745],[23.47785,49.28803],[23.47415,49.28835],[23.47248,49.28822],[23.46284,49.28576],[23.45585,49.28468],[23.45072,49.28319],[23.44735,49.28306],[23.44442,49.2826],[23.4429,49.28261],[23.43997,49.28323],[23.43935,49.28348],[23.43853,49.28422],[23.43585,49.28509],[23.43453,49.28525],[23.4309,49.28517],[23.42735,49.28653],[23.42498,49.28524],[23.42389,49.28484],[23.42344,49.28493],[23.42271,49.28345],[23.41881,49.28164],[23.41688,49.27835],[23.41689,49.27724],[23.41328,49.27488],[23.40897,49.27245],[23.40823,49.27234],[23.4051,49.27308],[23.40364,49.2726],[23.40276,49.2722],[23.40114,49.27056],[23.39793,49.26896],[23.39389,49.2662],[23.39113,49.26527],[23.386,49.26427],[23.38448,49.26345],[23.37893,49.25618],[23.37772,49.25236],[23.37696,49.25181],[23.37665,49.2502],[23.37611,49.24983],[23.373,49.24926],[23.37079,49.24828],[23.3704,49.24842],[23.3702,49.24867],[23.37027,49.24889],[23.37104,49.24957],[23.3709,49.24988],[23.37052,49.25005],[23.36925,49.25026],[23.36701,49.24986],[23.36585,49.25051],[23.36437,49.25035],[23.36363,49.24996],[23.36315,49.24944],[23.36345,49.24911],[23.36437,49.24876],[23.36452,49.24831],[23.36415,49.24803],[23.36285,49.24766],[23.36272,49.24731],[23.36292,49.24681],[23.36268,49.24649],[23.36207,49.24639],[23.3585,49.24654],[23.35564,49.2475],[23.35305,49.24915],[23.34698,49.25044],[23.34635,49.2507],[23.34526,49.25155],[23.34475,49.25167],[23.34436,49.25155],[23.34421,49.25119],[23.34483,49.25032],[23.34501,49.24949],[23.34479,49.24744],[23.34348,49.24472],[23.34354,49.24424],[23.34399,49.24334],[23.34399,49.24291],[23.34049,49.23791],[23.34096,49.23465],[23.34042,49.234],[23.33918,49.23341],[23.33729,49.23213],[23.33628,49.23069],[23.33741,49.23064],[23.33894,49.23107],[23.34079,49.23128],[23.34665,49.23059],[23.34832,49.23119],[23.34872,49.23117],[23.35138,49.22834],[23.35167,49.22712],[23.35107,49.22701]]}},{"type":"Feature","properties":{"name":"GraphHopper Track","mode":"ride","distance_km":"110.2"},"geometry":{"type":"LineString","coordinates":[[24.02569,49.87207],[24.02655,49.87217],[24.02682,49.8716],[24.02661,49.87145],[24.02729,49.86981],[24.04459,49.87266],[24.04942,49.87309],[24.05036,49.87281],[24.05723,49.86987],[24.06225,49.87566],[24.06406,49.87728],[24.06597,49.87867],[24.06775,49.87968],[24.07405,49.88219],[24.07633,49.88481],[24.07823,49.88599],[24.07902,49.88631],[24.09837,49.89212],[24.09984,49.89222],[24.11313,49.89131],[24.11494,49.89132],[24.1279,49.89331],[24.13048,49.89395],[24.14982,49.90192],[24.15185,49.90295],[24.16085,49.92007],[24.16126,49.92027],[24.16588,49.91975],[24.17541,49.91992],[24.18729,49.91857],[24.19056,49.91846],[24.19404,49.91763],[24.19656,49.91779],[24.19917,49.91734],[24.2017,49.91714],[24.2052,49.91717],[24.20891,49.91749],[24.2176,49.91689],[24.25669,49.91507],[24.25901,49.91517],[24.26091,49.91551],[24.27305,49.91944],[24.27589,49.9201],[24.27909,49.9206],[24.28245,49.92085],[24.31058,49.92136],[24.31351,49.92188],[24.31849,49.92335],[24.32347,49.9241],[24.32571,49.92404],[24.34928,49.9194],[24.35357,49.91925],[24.35549,49.91943],[24.3595,49.92017],[24.36055,49.92058],[24.36141,49.92115],[24.3623,49.92227],[24.3645,49.92941],[24.36602,49.93374],[24.3662,49.93492],[24.36719,49.93728],[24.38212,49.94779],[24.38283,49.94844],[24.38552,49.95336],[24.38647,49.95465],[24.38968,49.95803],[24.39056,49.95853],[24.39254,49.95921],[24.39331,49.9598],[24.39583,49.96433],[24.3974,49.96599],[24.39921,49.96702],[24.40877,49.97071],[24.42185,49.97801],[24.42365,49.97884],[24.42976,49.97947],[24.43703,49.9794],[24.4428,49.97781],[24.45441,49.97661],[24.45772,49.97605],[24.46383,49.97443],[24.48965,49.9693],[24.49342,49.96897],[24.49898,49.96934],[24.51299,49.96737],[24.51887,49.96597],[24.5237,49.96296],[24.52733,49.96132],[24.53121,49.96101],[24.544,49.96188],[24.5547,49.96419],[24.57542,49.9621],[24.57762,49.96212],[24.58074,49.96266],[24.58277,49.96321],[24.58451,49.96404],[24.59706,49.97176],[24.60106,49.97453],[24.60173,49.97527],[24.60316,49.97775],[24.60409,49.97853],[24.60571,49.97937],[24.60721,49.97979],[24.60879,49.98],[24.63173,49.98179],[24.63706,49.98282],[24.63694,49.98385],[24.6359,49.98746],[24.63519,49.98931],[24.63514,49.99011],[24.63538,49.99084],[24.63644,49.99201],[24.64543,49.99899],[24.6459,49.99951],[24.6486,50.00394],[24.65218,50.00614],[24.65264,50.00662],[24.65299,50.00717],[24.65563,50.0155],[24.65601,50.01621],[24.6572,50.01712],[24.66459,50.02054],[24.67691,50.02779],[24.68583,50.0353],[24.6882,50.03753],[24.72439,50.08524],[24.76811,50.14188],[24.81081,50.19226],[24.81233,50.1944],[24.8314,50.22853],[24.83267,50.23055],[24.83428,50.23231],[24.83699,50.2338],[24.85138,50.24026],[24.89488,50.26087],[24.9164,50.27088],[24.97559,50.30668],[25.05412,50.34907],[25.06102,50.3509],[25.07861,50.35513],[25.08475,50.35702],[25.08624,50.35771],[25.08949,50.35982],[25.09941,50.36868],[25.11949,50.35932],[25.12077,50.35846]]}},{"type":"Feature","properties":{"name":"GraphHopper Track","mode":"ride","distance_km":"77.1"},"geometry":{"type":"LineString","coordinates":[[32.06104,46.93891],[32.05728,46.94146],[32.0568,46.94228],[32.05596,46.94241],[32.05531,46.9428],[32.03521,46.95657],[32.03373,46.95706],[32.03345,46.95773],[32.03404,46.96335],[32.03449,46.96387],[32.03433,46.96411],[32.0038,46.96607],[32.00426,46.97029],[32.00402,46.97065],[31.97939,46.97844],[31.9761,46.978],[31.97044,46.98178],[31.96036,46.98934],[31.95815,46.99049],[31.95294,46.99214],[31.95095,46.99255],[31.94079,46.99248],[31.93802,46.99237],[31.93613,46.9921],[31.91463,46.98692],[31.88484,46.98156],[31.87623,46.98046],[31.84451,46.97695],[31.83417,46.97631],[31.81831,46.97565],[31.80866,46.97483],[31.80481,46.97418],[31.79311,46.97094],[31.78514,46.96907],[31.77898,46.96789],[31.76427,46.96569],[31.76048,46.96484],[31.75011,46.96214],[31.7253,46.95426],[31.70611,46.94965],[31.66869,46.94106],[31.66375,46.9398],[31.65933,46.93917],[31.62842,46.93262],[31.61575,46.92883],[31.63512,46.90449],[31.63558,46.90342],[31.63885,46.89222],[31.64573,46.88124],[31.64663,46.87828],[31.65773,46.8355],[31.66028,46.82689],[31.66061,46.82621],[31.66118,46.82575],[31.66268,46.8251],[31.67001,46.82302],[31.67657,46.82236],[31.67698,46.82226],[31.67731,46.82196],[31.67738,46.82174],[31.67639,46.81523],[31.67529,46.80302],[31.6749,46.80228],[31.6685,46.79651],[31.66778,46.79563],[31.66352,46.78683],[31.66177,46.78388],[31.65396,46.77176],[31.64083,46.75237],[31.62268,46.7312],[31.61139,46.71198],[31.60356,46.69534],[31.60275,46.69405],[31.5912,46.67821],[31.57555,46.65257],[31.56153,46.63166],[31.55669,46.62571],[31.5557,46.62506],[31.55419,46.62441],[31.5531,46.62347],[31.55172,46.6208],[31.55098,46.61976],[31.55219,46.61768],[31.54981,46.61699],[31.55071,46.61544],[31.54575,46.6139]]}},{"type":"Feature","properties":{"name":"GraphHopper Track","mode":"ride","distance_km":"72.3"},"geometry":{"type":"LineString","coordinates":[[24.02569,49.87207],[24.02655,49.87217],[24.02682,49.8716],[24.02661,49.87145],[24.02729,49.86981],[24.04459,49.87266],[24.04942,49.87309],[24.05036,49.87281],[24.05723,49.86987],[24.06225,49.87566],[24.06406,49.87728],[24.06597,49.87867],[24.06775,49.87968],[24.07405,49.88219],[24.07633,49.88481],[24.07823,49.88599],[24.07902,49.88631],[24.09837,49.89212],[24.09984,49.89222],[24.11313,49.89131],[24.11494,49.89132],[24.1279,49.89331],[24.13048,49.89395],[24.14982,49.90192],[24.15185,49.90295],[24.16085,49.92007],[24.16126,49.92027],[24.16588,49.91975],[24.17541,49.91992],[24.18729,49.91857],[24.19056,49.91846],[24.19404,49.91763],[24.19656,49.91779],[24.19917,49.91734],[24.2017,49.91714],[24.2052,49.91717],[24.20891,49.91749],[24.2176,49.91689],[24.25669,49.91507],[24.25901,49.91517],[24.26091,49.91551],[24.27305,49.91944],[24.27589,49.9201],[24.27909,49.9206],[24.28245,49.92085],[24.31058,49.92136],[24.31351,49.92188],[24.31849,49.92335],[24.32347,49.9241],[24.32571,49.92404],[24.34928,49.9194],[24.35357,49.91925],[24.35549,49.91943],[24.3595,49.92017],[24.36055,49.92058],[24.36141,49.92115],[24.3623,49.92227],[24.3645,49.92941],[24.36602,49.93374],[24.3662,49.93492],[24.36719,49.93728],[24.38212,49.94779],[24.38283,49.94844],[24.38552,49.95336],[24.38647,49.95465],[24.38968,49.95803],[24.39056,49.95853],[24.39254,49.95921],[24.39331,49.9598],[24.39583,49.96433],[24.3974,49.96599],[24.39921,49.96702],[24.40877,49.97071],[24.4229,49.97856],[24.42485,49.97903],[24.43045,49.97949],[24.43703,49.9794],[24.4428,49.97781],[24.45441,49.97661],[24.45772,49.97605],[24.46383,49.97443],[24.48965,49.9693],[24.49342,49.96897],[24.49898,49.96934],[24.51299,49.96737],[24.51887,49.96597],[24.5237,49.96296],[24.52733,49.96132],[24.5308,49.96101],[24.544,49.96188],[24.5547,49.96419],[24.57542,49.9621],[24.57762,49.96212],[24.58074,49.96266],[24.58277,49.96321],[24.58451,49.96404],[24.59706,49.97176],[24.60086,49.97436],[24.60146,49.97492],[24.60274,49.97721],[24.60346,49.97804],[24.60486,49.97898],[24.60648,49.97962],[24.60879,49.98],[24.63274,49.98191],[24.65028,49.98593],[24.65429,49.98639],[24.65976,49.98615],[24.70422,49.98304],[24.75956,49.98285],[24.762,49.98269],[24.76432,49.98231],[24.76703,49.98153],[24.77901,49.97621],[24.78295,49.97485],[24.82482,49.96504],[24.83019,49.96386],[24.83286,49.96345],[24.83517,49.96342],[24.84139,49.9639],[24.84863,49.965],[24.85041,49.9651],[24.86054,49.9643],[24.8633,49.96428],[24.86351,49.96383],[24.86376,49.96369],[24.86872,49.96423],[24.87025,49.96328],[24.87171,49.96299],[24.8729,49.9632],[24.88062,49.96544],[24.88728,49.96462],[24.89118,49.96472],[24.89416,49.96436],[24.89442,49.96485],[24.89726,49.9672],[24.89841,49.9693],[24.89929,49.96945],[24.90104,49.9686]]}},{"type":"Feature","properties":{"name":"GraphHopper Track","mode":"ride","distance_km":"10.8"},"geometry":{"type":"LineString","coordinates":[[32.60496,46.65587],[32.60481,46.65561],[32.60515,46.65501],[32.60572,46.65502],[32.60587,46.65517],[32.6055,46.65581],[32.60567,46.6561],[32.62697,46.66273],[32.63873,46.67182],[32.64993,46.66506],[32.651,46.66587],[32.65743,46.66195],[32.66553,46.66824],[32.67577,46.67433],[32.67787,46.67506],[32.6845,46.67677],[32.68634,46.67695],[32.6908,46.67648],[32.69511,46.67509],[32.69642,46.6749],[32.69788,46.67491],[32.70139,46.67531],[32.70372,46.67508],[32.70569,46.67558],[32.70717,46.6757],[32.71388,46.67549],[32.71946,46.67609]]}},{"type":"Feature","properties":{"name":"GraphHopper Track","mode":"ride","distance_km":"82.3"},"geometry":{"type":"LineString","coordinates":[[32.73878,46.63019],[32.73538,46.63015],[32.73554,46.62889],[32.74007,46.62898],[32.73979,46.62741],[32.73926,46.62589],[32.73929,46.62493],[32.73916,46.62462],[32.73956,46.62417],[32.73995,46.62281],[32.74052,46.61599],[32.74079,46.61479],[32.74128,46.61367],[32.74248,46.612],[32.74518,46.609],[32.74679,46.6067],[32.74719,46.60538],[32.74714,46.60413],[32.7469,46.60315],[32.74519,46.60285],[32.73163,46.59879],[32.72931,46.5987],[32.72422,46.59976],[32.71779,46.60012],[32.71663,46.59984],[32.71489,46.59909],[32.71344,46.59781],[32.71251,46.59561],[32.7071,46.58794],[32.70601,46.58533],[32.7054,46.58185],[32.70527,46.57776],[32.70505,46.57687],[32.70458,46.57602],[32.70339,46.57475],[32.69711,46.57041],[32.67827,46.56195],[32.67376,46.55892],[32.67002,46.55596],[32.66886,46.55527],[32.66021,46.55147],[32.65128,46.54855],[32.64561,46.54502],[32.63762,46.54189],[32.6305,46.53866],[32.62185,46.53275],[32.6196,46.53159],[32.61787,46.53119],[32.60996,46.53111],[32.59899,46.53272],[32.59409,46.53275],[32.58292,46.53315],[32.57208,46.53379],[32.56889,46.53347],[32.56046,46.53027],[32.55986,46.52967],[32.55724,46.52546],[32.55345,46.52249],[32.52011,46.50871],[32.514,46.5064],[32.51751,46.50316],[32.51779,46.50265],[32.51787,46.49523],[32.51924,46.47955],[32.51938,46.47607],[32.5196,46.47537],[32.52191,46.46995],[32.53186,46.4586],[32.54182,46.44098],[32.54246,46.4395],[32.54268,46.43592],[32.54341,46.43435],[32.55246,46.42613],[32.55856,46.42368],[32.56993,46.41601],[32.57632,46.41249],[32.58044,46.40684],[32.58851,46.39938],[32.59224,46.39278],[32.59406,46.38907],[32.59516,46.38734],[32.59568,46.38594],[32.59594,46.38355],[32.60456,46.34505],[32.61398,46.32044],[32.6199,46.31197],[32.62125,46.31047],[32.64816,46.28807],[32.64888,46.28679],[32.64974,46.28239],[32.65323,46.28254],[32.65395,46.27746],[32.65438,46.27657],[32.70989,46.24244],[32.7191,46.23851],[32.72905,46.23585],[32.7407,46.22037],[32.74616,46.21786],[32.75336,46.21119],[32.80558,46.16992],[32.80627,46.16947],[32.8094,46.16839],[32.81103,46.16742],[32.81132,46.16708],[32.81177,46.16541],[32.81305,46.16397],[32.82225,46.15674],[32.84257,46.14132],[32.85726,46.13536],[32.89122,46.12194],[32.91003,46.1199]]}},{"type":"Feature","properties":{"name":"GraphHopper Track","mode":"ride","distance_km":"100.8"},"geometry":{"type":"LineString","coordinates":[[33.5223,44.60548],[33.52365,44.60186],[33.52386,44.60116],[33.52377,44.60071],[33.5228,44.60014],[33.52108,44.59867],[33.51997,44.59681],[33.51898,44.59442],[33.51821,44.59324],[33.51721,44.5923],[33.51676,44.59147],[33.51671,44.59109],[33.51677,44.58805],[33.52023,44.57443],[33.53002,44.55447],[33.53134,44.55233],[33.53616,44.54702],[33.53709,44.54578],[33.53738,44.5448],[33.54016,44.54247],[33.5447,44.53698],[33.54687,44.53547],[33.5486,44.53451],[33.55079,44.5336],[33.55417,44.53289],[33.5581,44.53271],[33.56125,44.53312],[33.57621,44.53615],[33.58025,44.5374],[33.58592,44.53982],[33.58861,44.54039],[33.59157,44.54064],[33.59292,44.54108],[33.59402,44.54166],[33.59456,44.54168],[33.59685,44.54037],[33.60446,44.53654],[33.60592,44.53607],[33.60748,44.53572],[33.61229,44.53525],[33.61405,44.5348],[33.64417,44.52612],[33.64581,44.52589],[33.64829,44.52587],[33.65041,44.5263],[33.6533,44.52731],[33.65547,44.52783],[33.66027,44.52812],[33.66453,44.52814],[33.66599,44.52801],[33.66857,44.52743],[33.67438,44.52559],[33.67751,44.52398],[33.68265,44.51916],[33.68346,44.51826],[33.68548,44.51456],[33.68544,44.51426],[33.6844,44.51316],[33.68366,44.51157],[33.68356,44.51029],[33.68377,44.50944],[33.68439,44.50848],[33.68755,44.5051],[33.6879,44.50441],[33.688,44.5035],[33.6879,44.50296],[33.68737,44.50191],[33.68693,44.50041],[33.68714,44.49932],[33.6875,44.49877],[33.68798,44.49844],[33.69046,44.49768],[33.69116,44.49704],[33.69129,44.49648],[33.69118,44.49433],[33.69078,44.49184],[33.69162,44.48917],[33.69208,44.48867],[33.69355,44.48787],[33.69422,44.48726],[33.69665,44.48596],[33.69711,44.48519],[33.69682,44.48449],[33.6953,44.48305],[33.69436,44.48132],[33.69318,44.47995],[33.69304,44.47934],[33.69354,44.4783],[33.69575,44.4762],[33.70165,44.46935],[33.70265,44.46861],[33.70685,44.46652],[33.71015,44.4654],[33.71187,44.46511],[33.72473,44.46493],[33.72625,44.46435],[33.72706,44.46381],[33.72768,44.46295],[33.72771,44.4622],[33.72698,44.45889],[33.72474,44.45068],[33.72412,44.44962],[33.72308,44.44826],[33.7221,44.44733],[33.70885,44.43564],[33.7074,44.43353],[33.70622,44.43094],[33.70612,44.43018],[33.70657,44.42921],[33.70745,44.42869],[33.70879,44.42855],[33.71064,44.42876],[33.71303,44.42841],[33.71806,44.42693],[33.72656,44.42557],[33.72766,44.42517],[33.72824,44.42471],[33.72861,44.42417],[33.729,44.42267],[33.72943,44.41998],[33.72936,44.41943],[33.7287,44.41831],[33.72606,44.41647],[33.72565,44.41549],[33.72545,44.41359],[33.72411,44.41201],[33.72406,44.41115],[33.72537,44.40951],[33.72778,44.40235],[33.73081,44.39677],[33.73239,44.39502],[33.73412,44.39405],[33.73759,44.39157],[33.73841,44.39116],[33.73911,44.39101],[33.74274,44.3915],[33.74364,44.39177],[33.74791,44.3937],[33.75057,44.39554],[33.75219,44.39607],[33.75585,44.3962],[33.75936,44.39579],[33.76139,44.39584],[33.76644,44.39507],[33.77414,44.39552],[33.78015,44.39664],[33.78432,44.39659],[33.78553,44.39674],[33.7867,44.39729],[33.78899,44.39905],[33.79029,44.39964],[33.79201,44.40009],[33.79939,44.4006],[33.80326,44.40057],[33.81318,44.40204],[33.82168,44.40433],[33.82519,44.4046],[33.82968,44.4064],[33.83299,44.40633],[33.83564,44.40769],[33.83731,44.40891],[33.83826,44.40912],[33.83974,44.40918],[33.84038,44.40938],[33.84418,44.41183],[33.84511,44.41212],[33.84754,44.4123],[33.84994,44.41276],[33.85378,44.41277],[33.85484,44.41262],[33.85787,44.41165],[33.85945,44.41087],[33.86019,44.41067],[33.86291,44.41051],[33.86418,44.41067],[33.86733,44.41014],[33.86991,44.41061],[33.87286,44.41011],[33.87512,44.41073],[33.87631,44.4108],[33.88127,44.41043],[33.88407,44.40943],[33.88849,44.40955],[33.89313,44.40869],[33.89652,44.40873],[33.89825,44.40831],[33.90011,44.40732],[33.90237,44.40681],[33.90454,44.40654],[33.90815,44.40644],[33.91116,44.40698],[33.91253,44.40698],[33.91398,44.40668],[33.9164,44.40586],[33.92355,44.40491],[33.92737,44.40369],[33.93124,44.40367],[33.9346,44.40283],[33.93663,44.40182],[33.93928,44.4017],[33.94065,44.40137],[33.94122,44.40111],[33.94254,44.40005],[33.94348,44.39976],[33.94703,44.39987],[33.95086,44.39897],[33.95331,44.39874],[33.95862,44.39921],[33.96034,44.39952],[33.96846,44.40212],[33.96903,44.40243],[33.9695,44.40294],[33.96985,44.40513],[33.97028,44.40577],[33.9711,44.40643],[33.97246,44.40692],[33.97429,44.4071],[33.97607,44.40751],[33.97706,44.40811],[33.97812,44.40926],[33.9787,44.40965],[33.98071,44.41009],[33.98344,44.41101],[33.98513,44.41101],[33.98824,44.40999],[33.98898,44.4094],[33.98958,44.40754],[33.99029,44.40662],[33.99132,44.40615],[33.99307,44.40604],[33.99394,44.40628],[33.99485,44.40682],[33.99569,44.40867],[33.99627,44.4092],[33.99685,44.40939],[34.0003,44.40982],[34.00751,44.41128],[34.0179,44.41259],[34.0213,44.41328],[34.02357,44.41332],[34.02581,44.41374],[34.02779,44.41374],[34.03045,44.41427],[34.03214,44.41515],[34.03494,44.41754],[34.03658,44.41833],[34.03719,44.41879],[34.0374,44.4191],[34.03785,44.42107],[34.0412,44.42415],[34.04232,44.42491],[34.04727,44.4262],[34.0513,44.42702],[34.05549,44.42822],[34.05818,44.4299],[34.06043,44.43064],[34.06202,44.43172],[34.06527,44.43292],[34.07041,44.43588],[34.07344,44.43721],[34.0745,44.43748],[34.07871,44.43804],[34.08931,44.44076],[34.09398,44.44269],[34.10056,44.44316],[34.10589,44.44455],[34.11052,44.44447],[34.11331,44.44415],[34.1146,44.44449],[34.11572,44.44521],[34.11632,44.44623],[34.11652,44.44866],[34.11714,44.45092],[34.11791,44.45242],[34.12166,44.45614],[34.1298,44.46127],[34.13278,44.4637],[34.13363,44.46488],[34.13424,44.4669],[34.13468,44.46729],[34.13622,44.46799],[34.13674,44.46847],[34.13697,44.46914],[34.13719,44.47094],[34.13773,44.47222],[34.13744,44.47391],[34.13825,44.47623],[34.13825,44.47685],[34.13803,44.47731],[34.13627,44.4787],[34.13312,44.48002],[34.13221,44.48073],[34.13202,44.48114],[34.13175,44.48315],[34.13019,44.48586],[34.12969,44.4871],[34.12937,44.48748],[34.12671,44.48921],[34.12328,44.49276],[34.12312,44.49331],[34.12332,44.49377],[34.1242,44.4943],[34.12717,44.4944],[34.13216,44.49495],[34.13479,44.49574],[34.13575,44.49628],[34.13823,44.49898],[34.13924,44.4993],[34.14191,44.49944],[34.14358,44.49992],[34.14597,44.50161],[34.14693,44.50203],[34.1485,44.50209],[34.15167,44.50126],[34.15257,44.50118],[34.15676,44.50223],[34.15843,44.50298],[34.15976,44.50396],[34.16021,44.5048],[34.15955,44.50848],[34.16054,44.50994],[34.16062,44.51031],[34.15883,44.51495],[34.15887,44.51532],[34.15928,44.51567],[34.1601,44.51576],[34.1622,44.51516],[34.16808,44.51477],[34.17045,44.51387],[34.1723,44.51401],[34.17438,44.51384],[34.17664,44.51475],[34.17711,44.51521],[34.1778,44.51664],[34.17836,44.51731],[34.17979,44.5181],[34.18039,44.51821],[34.18075,44.51799],[34.18078,44.51762],[34.17952,44.51709],[34.17923,44.51677],[34.17916,44.5163],[34.18102,44.51327],[34.18126,44.51243],[34.18135,44.51077],[34.1821,44.51011],[34.18627,44.5092],[34.18709,44.5085],[34.18748,44.50842],[34.18788,44.50852],[34.18891,44.5092],[34.19002,44.50943],[34.19095,44.50982],[34.19383,44.5117],[34.19691,44.51275],[34.20088,44.51281],[34.20257,44.51228],[34.20342,44.51225],[34.20639,44.51355],[34.20961,44.5145],[34.21437,44.51515],[34.2193,44.51532],[34.22046,44.51557],[34.22097,44.5158],[34.22312,44.51746],[34.22609,44.51821],[34.22994,44.51791],[34.23406,44.51711],[34.23643,44.51691],[34.23859,44.51625],[34.24371,44.51751],[34.25065,44.51801],[34.25193,44.51861],[34.25244,44.51914],[34.25261,44.52201],[34.25466,44.52495],[34.25572,44.52774],[34.25829,44.52998],[34.2591,44.53089],[34.26512,44.54147],[34.26517,44.54256],[34.26428,44.54582],[34.26539,44.54923],[34.26613,44.54985],[34.26852,44.55083],[34.26889,44.55126],[34.26902,44.55255],[34.26937,44.553],[34.27144,44.55364],[34.27534,44.55416],[34.27603,44.55461],[34.27797,44.55653],[34.27948,44.55716],[34.28374,44.55757],[34.28926,44.55918],[34.29053,44.55977],[34.29099,44.55958],[34.29111,44.55817],[34.28955,44.55553],[34.2904,44.55475],[34.2908,44.5537],[34.29111,44.55347],[34.29219,44.55325],[34.29347,44.55272],[34.29545,44.55355],[34.29664,44.55323],[34.29747,44.55277],[34.29828,44.55355],[34.29899,44.55377],[34.29911,44.55344],[34.29888,44.55265],[34.29898,44.55235]]}},{"type":"Feature","properties":{"name":"GraphHopper Track","mode":"ride","distance_km":"68.4"},"geometry":{"type":"LineString","coordinates":[[34.08099,44.96079],[34.08134,44.96106],[34.08329,44.96054],[34.08447,44.96121],[34.08883,44.9575],[34.09688,44.9526],[34.09812,44.95359],[34.09979,44.95264],[34.10173,44.95229],[34.10232,44.95189],[34.10338,44.95205],[34.10674,44.9509],[34.10835,44.95123],[34.11232,44.95027],[34.1148,44.94944],[34.11852,44.94782],[34.12577,44.94395],[34.12674,44.94391],[34.13213,44.93774],[34.13594,44.93253],[34.13828,44.92637],[34.13862,44.92585],[34.13938,44.92524],[34.14339,44.92345],[34.14439,44.92285],[34.14986,44.91645],[34.15382,44.91136],[34.15479,44.91077],[34.15798,44.90982],[34.15927,44.90922],[34.16427,44.90571],[34.17156,44.90281],[34.17916,44.89694],[34.18194,44.89413],[34.18316,44.89312],[34.18492,44.89201],[34.18619,44.89075],[34.18704,44.89032],[34.19049,44.8896],[34.19422,44.88742],[34.19774,44.88581],[34.19834,44.88541],[34.20044,44.88318],[34.20247,44.88146],[34.20458,44.87998],[34.20649,44.87888],[34.22223,44.87342],[34.23028,44.87261],[34.2343,44.87185],[34.23665,44.87068],[34.23882,44.86853],[34.2424,44.86744],[34.24535,44.86677],[34.24936,44.86474],[34.25269,44.86358],[34.2541,44.86259],[34.25651,44.85975],[34.25823,44.85876],[34.26464,44.85691],[34.26683,44.85614],[34.26714,44.8564],[34.27432,44.85618],[34.27791,44.85547],[34.28843,44.85298],[34.29185,44.85331],[34.29588,44.85341],[34.29699,44.8533],[34.2996,44.85261],[34.30385,44.85279],[34.30486,44.85246],[34.31295,44.84816],[34.31934,44.84275],[34.32185,44.83838],[34.32793,44.83157],[34.32882,44.8302],[34.32919,44.82901],[34.32847,44.82707],[34.32868,44.82653],[34.33076,44.82408],[34.33133,44.82367],[34.33239,44.82248],[34.33385,44.82138],[34.33604,44.81915],[34.33646,44.81832],[34.33698,44.81633],[34.33696,44.81534],[34.33735,44.81285],[34.33866,44.81149],[34.3396,44.81006],[34.34139,44.80957],[34.34183,44.80925],[34.34224,44.80864],[34.3422,44.80784],[34.34149,44.80616],[34.3414,44.80556],[34.34192,44.80009],[34.3423,44.79863],[34.34212,44.79766],[34.34134,44.79612],[34.34125,44.79414],[34.34081,44.7925],[34.34065,44.79048],[34.34072,44.78821],[34.3411,44.78467],[34.33971,44.77958],[34.3397,44.7781],[34.34002,44.77652],[34.34005,44.77541],[34.33891,44.77332],[34.3394,44.77223],[34.34017,44.77108],[34.34231,44.76872],[34.34301,44.76694],[34.34313,44.76606],[34.34301,44.76544],[34.34133,44.76297],[34.34118,44.76228],[34.34137,44.76148],[34.34218,44.75979],[34.34258,44.7581],[34.34439,44.75636],[34.34878,44.75046],[34.35129,44.74887],[34.35168,44.74847],[34.35213,44.74677],[34.35287,44.74531],[34.35448,44.74109],[34.35502,44.74093],[34.35566,44.74103],[34.35741,44.7424],[34.3575,44.74312],[34.35708,44.74571],[34.35758,44.74612],[34.35812,44.74611],[34.35927,44.74482],[34.36171,44.74369],[34.36314,44.7416],[34.36331,44.74098],[34.36232,44.73956],[34.3625,44.73911],[34.36324,44.7389],[34.3653,44.73923],[34.36668,44.73927],[34.36844,44.73914],[34.3691,44.73895],[34.36963,44.73841],[34.36973,44.73718],[34.36992,44.73678],[34.37248,44.73439],[34.37306,44.73329],[34.37334,44.73052],[34.37297,44.73003],[34.37126,44.72887],[34.37098,44.72815],[34.37132,44.72758],[34.37259,44.72668],[34.37309,44.72523],[34.37392,44.72082],[34.3739,44.71995],[34.37344,44.71847],[34.37053,44.7132],[34.36995,44.71271],[34.36906,44.71232],[34.36737,44.71216],[34.36354,44.71282],[34.36236,44.71277],[34.36141,44.71229],[34.36116,44.71177],[34.36129,44.71123],[34.36202,44.71068],[34.36493,44.70961],[34.37064,44.70937],[34.37623,44.70726],[34.38101,44.7047],[34.39183,44.70218],[34.39452,44.70096],[34.39517,44.70038],[34.39582,44.69929],[34.39592,44.69858],[34.39552,44.69695],[34.39603,44.69569],[34.39748,44.69361],[34.40247,44.68888],[34.40273,44.68827],[34.40315,44.68481],[34.40577,44.68191],[34.40605,44.68133],[34.40603,44.68086],[34.40556,44.68013],[34.40452,44.67961],[34.39997,44.67949],[34.39916,44.67927],[34.39852,44.67884],[34.39807,44.67805],[34.39801,44.6767],[34.39819,44.67631],[34.39939,44.67546],[34.40008,44.67468],[34.40035,44.67367],[34.4001,44.67312],[34.3974,44.67077],[34.3949,44.6696],[34.39411,44.66833],[34.39365,44.66797],[34.39293,44.66771],[34.38956,44.66726],[34.38819,44.66686],[34.38757,44.66644],[34.3874,44.66594],[34.38723,44.66244],[34.38521,44.65882],[34.3844,44.65826],[34.38197,44.65752],[34.3796,44.6555],[34.37908,44.65482],[34.37893,44.65413],[34.37988,44.65232],[34.38004,44.65175],[34.37997,44.65105],[34.37486,44.64274],[34.36776,44.63756],[34.36198,44.6326],[34.3607,44.63202],[34.35677,44.63091],[34.35592,44.63047],[34.35545,44.63001],[34.35468,44.62864],[34.35453,44.62768],[34.35531,44.61754],[34.35588,44.61503],[34.35857,44.61112],[34.35864,44.61007],[34.35838,44.609],[34.35785,44.60778],[34.35738,44.60724],[34.35588,44.60612],[34.35396,44.60378],[34.35255,44.60253],[34.35094,44.59975],[34.34831,44.59776],[34.34285,44.5958],[34.34191,44.59561],[34.33903,44.59577],[34.3375,44.59537],[34.33175,44.59201],[34.3269,44.58949],[34.32628,44.58878],[34.32586,44.58711],[34.32554,44.58648],[34.32476,44.58564],[34.32291,44.58424],[34.3209,44.58093],[34.30302,44.56849],[34.3015,44.56769],[34.30056,44.56678],[34.29106,44.56011],[34.29111,44.55817],[34.28955,44.5556],[34.28966,44.55533],[34.2904,44.55475],[34.2908,44.5537],[34.29111,44.55347],[34.29219,44.55325],[34.29347,44.55272],[34.29545,44.55355],[34.29664,44.55323],[34.29747,44.55277],[34.29828,44.55355],[34.29899,44.55377],[34.29911,44.55344],[34.29888,44.55265],[34.29898,44.55235]]}},{"type":"Feature","properties":{"name":"GraphHopper Track","mode":"ride","distance_km":"471.7"},"geometry":{"type":"LineString","coordinates":[[17.03525,51.09924],[17.03563,51.09938],[17.03799,51.09908],[17.03813,51.09899],[17.03805,51.09864],[17.03827,51.09854],[17.03874,51.0993],[17.04257,51.09838],[17.04333,51.098],[17.04137,51.09625],[17.04035,51.09577],[17.03911,51.09564],[17.03599,51.09573],[17.03084,51.09463],[17.02754,51.08783],[17.02492,51.08405],[17.01514,51.07354],[17.01432,51.07303],[17.01169,51.07228],[17.01083,51.07078],[17.00691,51.0657],[17.00249,51.06375],[17.00127,51.0636],[17.00025,51.06302],[16.996,51.06121],[16.9891,51.05937],[16.98798,51.05893],[16.97528,51.05166],[16.97356,51.0505],[16.97046,51.0509],[16.96946,51.05029],[16.96869,51.05015],[16.96542,51.05043],[16.96195,51.05046],[16.95835,51.0502],[16.95582,51.04985],[16.91727,51.04084],[16.9106,51.03969],[16.90533,51.03909],[16.86671,51.03549],[16.86151,51.03512],[16.85589,51.03499],[16.81238,51.0351],[16.80968,51.03499],[16.80628,51.03462],[16.80194,51.03374],[16.79725,51.03219],[16.79387,51.03056],[16.78686,51.02643],[16.78251,51.02455],[16.77827,51.02334],[16.77256,51.02245],[16.74603,51.02013],[16.74037,51.01978],[16.69888,51.01939],[16.69403,51.01952],[16.69079,51.0199],[16.68694,51.02069],[16.66323,51.02737],[16.65899,51.02839],[16.62426,51.03481],[16.58452,51.04577],[16.57854,51.04707],[16.5571,51.05118],[16.51129,51.06258],[16.50771,51.06319],[16.48071,51.06654],[16.47646,51.06731],[16.47294,51.06834],[16.45606,51.07437],[16.42489,51.08335],[16.42077,51.08506],[16.41835,51.08643],[16.4106,51.09219],[16.40893,51.09394],[16.40788,51.09535],[16.40502,51.10033],[16.40317,51.10283],[16.39813,51.10784],[16.39552,51.10975],[16.39264,51.11134],[16.36815,51.12334],[16.36368,51.12486],[16.35644,51.12668],[16.35372,51.12725],[16.34967,51.12776],[16.31524,51.12953],[16.31258,51.12976],[16.30926,51.13027],[16.30654,51.1309],[16.30347,51.13188],[16.26804,51.14595],[16.26468,51.14717],[16.26226,51.14786],[16.25859,51.14859],[16.192,51.15973],[16.18832,51.16025],[16.18582,51.16042],[16.13363,51.16201],[16.13013,51.16224],[16.12666,51.16277],[16.09563,51.16849],[16.09245,51.16929],[16.09147,51.16992],[16.09126,51.17045],[16.09165,51.17178],[16.09237,51.17301],[16.09327,51.17378],[16.09436,51.1741],[16.09568,51.17403],[16.09689,51.17346],[16.09735,51.17268],[16.09714,51.17211],[16.09655,51.17188],[16.09586,51.17194],[16.09506,51.17249],[16.08864,51.17927],[16.0878,51.18051],[16.08706,51.18221],[16.08679,51.18417],[16.08716,51.18629],[16.08826,51.18842],[16.08914,51.18949],[16.09033,51.19059],[16.0924,51.19199],[16.09378,51.19268],[16.10845,51.19771],[16.11118,51.19898],[16.11296,51.20007],[16.11502,51.2017],[16.13702,51.22256],[16.13873,51.22439],[16.14057,51.22721],[16.14143,51.22947],[16.14345,51.23761],[16.14402,51.23935],[16.14518,51.24149],[16.14876,51.2464],[16.1495,51.24818],[16.14965,51.25013],[16.14899,51.25505],[16.14914,51.25727],[16.14987,51.25949],[16.15265,51.26417],[16.15302,51.26523],[16.15331,51.26713],[16.15324,51.26883],[16.15297,51.27007],[16.15065,51.27653],[16.15029,51.27793],[16.15007,51.28033],[16.1504,51.28288],[16.15103,51.28476],[16.15182,51.28635],[16.1561,51.29282],[16.15724,51.29552],[16.15774,51.2984],[16.1578,51.30354],[16.15803,51.30605],[16.16003,51.31383],[16.16225,51.32631],[16.16306,51.32948],[16.16444,51.33373],[16.16886,51.3458],[16.1698,51.34719],[16.17435,51.35162],[16.17557,51.35317],[16.17644,51.355],[16.17687,51.35719],[16.17665,51.35884],[16.17629,51.35992],[16.17372,51.36484],[16.17304,51.36657],[16.1729,51.36843],[16.17365,51.37225],[16.1739,51.37462],[16.17367,51.37649],[16.17281,51.37878],[16.17191,51.38022],[16.16985,51.38252],[16.15515,51.3967],[16.15328,51.39918],[16.15255,51.4011],[16.15237,51.40261],[16.15252,51.40399],[16.15286,51.40515],[16.15351,51.40645],[16.15544,51.40881],[16.15974,51.41301],[16.16052,51.41401],[16.16126,51.41539],[16.16163,51.41673],[16.16162,51.41849],[16.1612,51.41993],[16.16048,51.42122],[16.15961,51.42227],[16.15845,51.42331],[16.15645,51.42467],[16.15113,51.4278],[16.14898,51.42961],[16.14802,51.43091],[16.14751,51.43199],[16.14717,51.43336],[16.14653,51.43789],[16.14607,51.43902],[16.14501,51.44065],[16.14394,51.44169],[16.13908,51.44492],[16.13678,51.44676],[16.13289,51.45077],[16.13075,51.45267],[16.11273,51.46453],[16.10978,51.46624],[16.1022,51.46985],[16.09998,51.47114],[16.09814,51.47253],[16.0963,51.47448],[16.09508,51.47639],[16.09444,51.47809],[16.09418,51.48018],[16.09427,51.4814],[16.09468,51.48317],[16.09521,51.4844],[16.09788,51.48853],[16.09908,51.49105],[16.09959,51.4932],[16.09955,51.49609],[16.09899,51.49822],[16.09554,51.50765],[16.09352,51.51127],[16.09118,51.51429],[16.08924,51.51628],[16.08647,51.51865],[16.08311,51.521],[16.0793,51.52315],[16.07497,51.52513],[16.07251,51.52607],[16.0643,51.52858],[16.06064,51.52988],[16.05739,51.53142],[16.05367,51.53392],[16.05154,51.53591],[16.04989,51.53791],[16.03436,51.55874],[16.03339,51.55976],[16.03172,51.56109],[16.02963,51.5623],[16.02762,51.56315],[16.02107,51.56495],[16.0183,51.56593],[16.00271,51.57336],[15.99776,51.57523],[15.99056,51.57745],[15.98741,51.579],[15.98516,51.58074],[15.98404,51.58199],[15.98329,51.58316],[15.98261,51.58491],[15.9821,51.58866],[15.98174,51.59006],[15.98079,51.59186],[15.97927,51.59362],[15.97677,51.59542],[15.97412,51.59675],[15.95709,51.60251],[15.9551,51.60335],[15.95223,51.60506],[15.94995,51.6071],[15.94895,51.60836],[15.948,51.61013],[15.94632,51.61455],[15.94448,51.61718],[15.9427,51.6189],[15.94129,51.61998],[15.93949,51.62112],[15.9374,51.6222],[15.93454,51.6233],[15.93198,51.62405],[15.92925,51.62461],[15.91862,51.62624],[15.91502,51.62708],[15.9125,51.62792],[15.90877,51.62964],[15.90113,51.63401],[15.89794,51.63559],[15.89447,51.63698],[15.8835,51.64044],[15.87962,51.64212],[15.87347,51.64546],[15.87069,51.64664],[15.86793,51.64748],[15.86502,51.64806],[15.85637,51.64901],[15.85263,51.64959],[15.84966,51.6502],[15.84543,51.6514],[15.84131,51.65288],[15.83271,51.65697],[15.82508,51.6601],[15.81858,51.66229],[15.80699,51.66558],[15.80168,51.66741],[15.79627,51.66961],[15.78143,51.67622],[15.77699,51.6777],[15.76833,51.67988],[15.76596,51.68061],[15.762,51.68239],[15.75894,51.68444],[15.7575,51.68576],[15.75643,51.687],[15.75544,51.68848],[15.75458,51.69043],[15.75413,51.69282],[15.75421,51.69716],[15.754,51.69985],[15.75321,51.70302],[15.75208,51.70561],[15.75041,51.70832],[15.74298,51.71802],[15.74089,51.72046],[15.73793,51.72332],[15.73486,51.72575],[15.68554,51.75998],[15.68318,51.76193],[15.68076,51.76435],[15.6789,51.76663],[15.67692,51.76975],[15.67599,51.77168],[15.67515,51.77402],[15.67461,51.77629],[15.67432,51.77918],[15.67462,51.78327],[15.67677,51.79536],[15.6771,51.79913],[15.67699,51.80304],[15.67494,51.82237],[15.67505,51.82518],[15.67611,51.8333],[15.67606,51.83561],[15.67584,51.83717],[15.67489,51.84047],[15.67359,51.84323],[15.66,51.86827],[15.65887,51.87016],[15.65749,51.87194],[15.65576,51.87373],[15.65359,51.87553],[15.65068,51.87741],[15.64843,51.87858],[15.59825,51.89873],[15.5955,51.89993],[15.59355,51.90099],[15.59181,51.90214],[15.58948,51.90402],[15.5836,51.91019],[15.58016,51.91305],[15.55707,51.92787],[15.55397,51.93008],[15.55248,51.93141],[15.55081,51.93329],[15.54979,51.93479],[15.54886,51.93667],[15.54813,51.93924],[15.54797,51.94158],[15.54833,51.94399],[15.54906,51.94594],[15.55102,51.94902],[15.56209,51.96348],[15.56435,51.96708],[15.56517,51.96894],[15.56578,51.97087],[15.56726,51.98009],[15.56835,51.98358],[15.56964,51.98614],[15.57402,51.99355],[15.57586,51.9961],[15.5773,51.99745],[15.57898,51.99865],[15.58071,51.99962],[15.58309,52.00063],[15.61674,52.01071],[15.61981,52.01179],[15.62194,52.01277],[15.6251,52.01477],[15.62652,52.01602],[15.62766,52.01732],[15.62866,52.01883],[15.62938,52.02047],[15.62972,52.02183],[15.62983,52.02327],[15.62966,52.02485],[15.62924,52.0264],[15.62305,52.04121],[15.62192,52.04426],[15.62129,52.04716],[15.62048,52.05584],[15.62017,52.0574],[15.61919,52.05991],[15.61774,52.0622],[15.61477,52.06557],[15.61352,52.06668],[15.61187,52.06779],[15.59437,52.07637],[15.59183,52.07783],[15.58984,52.07922],[15.58728,52.0814],[15.58544,52.08342],[15.58364,52.08604],[15.58249,52.08855],[15.58182,52.09109],[15.58163,52.09389],[15.58192,52.09629],[15.58337,52.10427],[15.58349,52.10633],[15.58324,52.10911],[15.58253,52.1119],[15.58167,52.11398],[15.57792,52.12036],[15.57669,52.12309],[15.57588,52.12611],[15.57565,52.12929],[15.5775,52.14628],[15.57813,52.14862],[15.5788,52.15007],[15.57995,52.15192],[15.5843,52.15688],[15.58591,52.15908],[15.58684,52.1609],[15.58754,52.16326],[15.58771,52.1647],[15.58769,52.16623],[15.5861,52.18346],[15.58577,52.18511],[15.58513,52.18714],[15.58379,52.18996],[15.58187,52.19279],[15.57979,52.19511],[15.57757,52.19712],[15.57529,52.19885],[15.5663,52.20459],[15.5635,52.2067],[15.56172,52.2083],[15.56002,52.21011],[15.55813,52.2126],[15.55702,52.2145],[15.55567,52.21785],[15.55517,52.22004],[15.55498,52.22206],[15.55565,52.24741],[15.55556,52.24899],[15.55519,52.2508],[15.55438,52.25283],[15.55285,52.25522],[15.54498,52.26329],[15.5424,52.26652],[15.54109,52.26878],[15.54021,52.27079],[15.53931,52.27431],[15.53916,52.27755],[15.53953,52.2803],[15.54238,52.28976],[15.54328,52.29415],[15.54348,52.2972],[15.5435,52.30274],[15.54392,52.30578],[15.54445,52.30799],[15.54534,52.3107],[15.54648,52.31332],[15.55416,52.32717],[15.55566,52.33034],[15.55702,52.33455],[15.55748,52.33682],[15.55782,52.34006],[15.55776,52.34327],[15.55748,52.34569],[15.55701,52.34799],[15.55609,52.35102],[15.55437,52.3549],[15.5479,52.3667],[15.54708,52.36864],[15.5465,52.37067],[15.54609,52.37423],[15.54666,52.3943],[15.54658,52.39648],[15.54578,52.40012],[15.54285,52.40683],[15.54263,52.40819],[15.54271,52.40964],[15.54331,52.41152],[15.54462,52.41353],[15.54587,52.4148],[15.5511,52.4191],[15.55224,52.42046],[15.55285,52.42161],[15.55713,52.43848],[15.56267,52.4519],[15.56357,52.45455],[15.56397,52.45665],[15.56482,52.46503],[15.56467,52.4662],[15.56437,52.46707],[15.56377,52.46809],[15.56289,52.46911],[15.56176,52.47004],[15.5604,52.47088],[15.55665,52.4724],[15.55527,52.47317],[15.55407,52.47426],[15.55326,52.47574],[15.55313,52.47698],[15.55374,52.48027],[15.55361,52.48169],[15.55297,52.48333],[15.55088,52.4866],[15.55044,52.48787],[15.5503,52.48915],[15.55067,52.49109],[15.55353,52.49721],[15.5542,52.49914],[15.55454,52.50128],[15.55438,52.50388],[15.554,52.50536],[15.55333,52.50706],[15.54934,52.51422],[15.54798,52.51698],[15.54667,52.51998],[15.54528,52.52377],[15.54413,52.52768],[15.54346,52.53071],[15.53979,52.54962],[15.53916,52.55145],[15.53811,52.55324],[15.53697,52.55461],[15.53531,52.55611],[15.53347,52.55739],[15.53096,52.55871],[15.52849,52.55967],[15.52605,52.56039],[15.52338,52.56093],[15.52052,52.56127],[15.51557,52.56133],[15.51089,52.56074],[15.49472,52.55643],[15.49075,52.55577],[15.48784,52.55571],[15.48471,52.55604],[15.48195,52.55673],[15.47911,52.55792],[15.47657,52.55972],[15.47566,52.5607],[15.47493,52.56177],[15.47106,52.57151],[15.46954,52.57426],[15.46861,52.57549],[15.46715,52.57701],[15.4645,52.57914],[15.45989,52.58179],[15.43846,52.59284],[15.43556,52.59453],[15.43244,52.59665],[15.42026,52.60603],[15.41587,52.60868],[15.41319,52.60996],[15.40962,52.61136],[15.40668,52.6123],[15.39343,52.61594],[15.39079,52.61682],[15.38823,52.61802],[15.38632,52.61928],[15.38479,52.62062],[15.37052,52.63578],[15.36921,52.63696],[15.36717,52.63844],[15.36499,52.63969],[15.36199,52.64103],[15.34911,52.6454],[15.34567,52.64691],[15.34332,52.64865],[15.34221,52.64993],[15.33976,52.65342],[15.33858,52.65456],[15.33708,52.65561],[15.30906,52.66889],[15.30653,52.67024],[15.29793,52.6762],[15.29257,52.68102],[15.28858,52.68406],[15.28447,52.6866],[15.27541,52.69158],[15.27213,52.69261],[15.26779,52.6933],[15.26577,52.69377],[15.25933,52.69616],[15.25104,52.69813],[15.24887,52.69851],[15.24634,52.69877],[15.21575,52.70044],[15.1761,52.70409],[15.17126,52.70482],[15.16804,52.7057],[15.1646,52.70722],[15.1623,52.70874],[15.16044,52.71049],[15.15914,52.71249],[15.15851,52.71425],[15.15837,52.71659],[15.15873,52.7183],[15.15963,52.72062],[15.16415,52.73048],[15.16465,52.73245],[15.16476,52.73522],[15.1644,52.73718],[15.1638,52.73885],[15.1601,52.74628],[15.15924,52.74765],[15.15714,52.7499],[15.15465,52.75171],[15.1517,52.75322],[15.14459,52.75611],[15.14068,52.7581],[15.13647,52.76088],[15.13285,52.76407],[15.13112,52.76605],[15.12955,52.76828],[15.11624,52.79134],[15.11437,52.79434],[15.11129,52.79815],[15.10801,52.80128],[15.10499,52.80365],[15.10097,52.80626],[15.08864,52.8126],[15.08327,52.81589],[15.07871,52.81949],[15.06203,52.83457],[15.05952,52.83628],[15.05769,52.83729],[15.05066,52.84047],[15.04815,52.84184],[15.04528,52.84388],[15.04301,52.84608],[15.04162,52.84789],[15.04078,52.84939],[15.03799,52.85661],[15.03629,52.85966],[15.03409,52.86268],[15.02914,52.8688],[15.02808,52.87027],[15.02675,52.87258],[15.02575,52.8751],[15.02528,52.87678],[15.01942,52.90286],[15.01872,52.90468],[15.01721,52.90738],[15.01549,52.90962],[15.01382,52.91138],[15.01186,52.9131],[15.0092,52.91503],[14.99892,52.92105],[14.99367,52.92448],[14.99001,52.92728],[14.97568,52.93968],[14.97239,52.9421],[14.96824,52.94462],[14.96401,52.94675],[14.95939,52.94866],[14.93547,52.95672],[14.92953,52.9591],[14.92489,52.96145],[14.92201,52.96318],[14.90572,52.97472],[14.90242,52.97676],[14.89939,52.97837],[14.89467,52.98051],[14.89002,52.98221],[14.87544,52.98627],[14.87215,52.98736],[14.87033,52.98816],[14.86794,52.98954],[14.86597,52.99105],[14.86466,52.99238],[14.86353,52.99391],[14.86298,52.99496],[14.86248,52.99627],[14.8622,52.99763],[14.86177,53.01888],[14.86221,53.02335],[14.86586,53.04251],[14.86613,53.04624],[14.866,53.04968],[14.86511,53.05484],[14.86202,53.06712],[14.8609,53.07088],[14.85912,53.07435],[14.85775,53.07626],[14.85592,53.07835],[14.85371,53.0804],[14.85111,53.08237],[14.84838,53.08411],[14.84488,53.08594],[14.83877,53.0884],[14.8187,53.09556],[14.81267,53.0972],[14.80751,53.09824],[14.78073,53.10174],[14.77638,53.10246],[14.76928,53.10425],[14.76418,53.10608],[14.75953,53.10827],[14.75454,53.11137],[14.72628,53.13314],[14.72301,53.13636],[14.7202,53.13994],[14.70937,53.15751],[14.70786,53.15956],[14.7064,53.16118],[14.70448,53.16296],[14.69706,53.16855],[14.69559,53.17002],[14.69423,53.17178],[14.69305,53.17393],[14.69238,53.17592],[14.69209,53.17777],[14.69171,53.1825],[14.69109,53.18518],[14.69051,53.18683],[14.68892,53.19007],[14.68467,53.19709],[14.68307,53.19937],[14.68067,53.2019],[14.67703,53.20472],[14.67348,53.20676],[14.65978,53.21345],[14.65619,53.21535],[14.65126,53.21865],[14.64875,53.22076],[14.64661,53.22292],[14.6453,53.22445],[14.64339,53.22718],[14.64204,53.22972],[14.63968,53.23503],[14.63841,53.23831],[14.63702,53.24278],[14.63479,53.25275],[14.63401,53.2553],[14.63269,53.25831],[14.63023,53.26224],[14.62753,53.26547],[14.6057,53.28848],[14.60082,53.29264],[14.58827,53.30186],[14.58435,53.30531],[14.5823,53.30756],[14.58041,53.31003],[14.57917,53.31198],[14.5779,53.31447],[14.57706,53.31662],[14.5764,53.31897],[14.5733,53.33266],[14.5712,53.33704],[14.57116,53.3379],[14.57137,53.33859],[14.57208,53.33942],[14.57287,53.33995],[14.57546,53.34085],[14.5929,53.34486],[14.59646,53.34611],[14.5984,53.34722],[14.59982,53.34836],[14.60728,53.35682],[14.60919,53.35849],[14.61148,53.35977],[14.6214,53.3645],[14.62475,53.36558],[14.6283,53.36611],[14.63237,53.36607],[14.64335,53.36489],[14.65404,53.36245],[14.66477,53.36153],[14.66743,53.36148],[14.67017,53.36172],[14.67276,53.36226],[14.68843,53.36653],[14.69326,53.3683],[14.69647,53.36997],[14.69861,53.37141],[14.70971,53.38079],[14.71141,53.38252],[14.71319,53.38501],[14.72289,53.40336],[14.72511,53.40612],[14.72769,53.40834],[14.73092,53.41037],[14.73504,53.41222],[14.76359,53.42168],[14.76734,53.4236],[14.76989,53.42551],[14.7713,53.42696],[14.77249,53.42859],[14.78631,53.45194],[14.78744,53.45413],[14.78811,53.45631],[14.78833,53.45806],[14.78771,53.46856],[14.78783,53.46988],[14.78812,53.47091],[14.80572,53.51879],[14.80701,53.52134],[14.81035,53.52591],[14.81136,53.52806],[14.81157,53.53042],[14.81125,53.53196],[14.81067,53.53327],[14.80005,53.54859],[14.79846,53.55103],[14.79751,53.55281],[14.79632,53.55606],[14.7959,53.55832],[14.79579,53.56033],[14.7962,53.56373],[14.797,53.56641],[14.79858,53.56946],[14.80046,53.57207],[14.8022,53.57396],[14.80417,53.57576],[14.81955,53.58779],[14.82189,53.5898],[14.82322,53.59135],[14.82399,53.5926],[14.82462,53.59404],[14.82498,53.59564],[14.82504,53.59702],[14.82482,53.59854],[14.82412,53.60171],[14.82338,53.60417],[14.82227,53.60631],[14.81854,53.612],[14.81785,53.61357],[14.81753,53.61496],[14.81755,53.61707],[14.81884,53.6214],[14.81896,53.62335],[14.81838,53.62922],[14.81729,53.63467],[14.81329,53.67465],[14.8127,53.67641],[14.81195,53.67789],[14.8113,53.67891],[14.80914,53.68129],[14.80749,53.68261],[14.80529,53.68406],[14.79779,53.68815],[14.79593,53.68947],[14.79407,53.69115],[14.77576,53.71114],[14.7743,53.71314],[14.77312,53.71566],[14.77266,53.71755],[14.77255,53.71968],[14.77396,53.73209],[14.774,53.73724],[14.77492,53.74157],[14.77507,53.74354],[14.77463,53.7459],[14.77332,53.74979],[14.77332,53.75229],[14.77365,53.75364],[14.77431,53.75515],[14.77643,53.75854],[14.78033,53.76675],[14.7808,53.76821],[14.78105,53.76973],[14.78102,53.77157],[14.78064,53.77338],[14.77741,53.78109],[14.77693,53.78322],[14.77692,53.78534],[14.77788,53.79076],[14.77772,53.79364],[14.77685,53.79644],[14.77331,53.80499],[14.77237,53.80672],[14.77097,53.80859],[14.76933,53.81026],[14.7674,53.81181],[14.7576,53.81811],[14.75582,53.81977],[14.75467,53.82131],[14.75385,53.82297],[14.75286,53.8266],[14.75217,53.82827],[14.75051,53.83083],[14.74772,53.83406],[14.74731,53.83494],[14.74729,53.83569],[14.74792,53.83829],[14.74828,53.83883],[14.74909,53.83922],[14.74924,53.83943],[14.74884,53.83974],[14.74833,53.84128],[14.7472,53.8433],[14.74694,53.84476],[14.74717,53.84596],[14.74782,53.84702],[14.7506,53.84955],[14.75576,53.85562],[14.75692,53.85654],[14.75782,53.85842],[14.75951,53.86122],[14.76022,53.86171],[14.76527,53.8637],[14.76633,53.86434],[14.77156,53.86922],[14.78914,53.8841],[14.78968,53.88539],[14.78928,53.88692],[14.78936,53.88729],[14.79055,53.88855],[14.79077,53.8902],[14.81466,53.93708],[14.81482,53.93755],[14.81476,53.938],[14.81421,53.93866],[14.8012,53.94939],[14.79288,53.95521],[14.79201,53.95643],[14.7918,53.95699],[14.79239,53.96133],[14.79212,53.9619],[14.79158,53.96245],[14.79051,53.96304],[14.78669,53.96391],[14.7857,53.96427],[14.781,53.9675],[14.77943,53.96877],[14.7851,53.97165],[14.78782,53.97392],[14.79104,53.9774],[14.79525,53.9799],[14.80034,53.98699],[14.80116,53.98774],[14.80275,53.98847],[14.80636,53.98933],[14.80926,53.99029],[14.81468,53.99246],[14.8162,53.99322],[14.81628,53.9938],[14.81748,53.99614],[14.81686,53.9984],[14.81647,54.00069],[14.81661,54.00189],[14.81723,54.00375],[14.81687,54.00657],[14.81686,54.00843],[14.81652,54.01029],[14.81607,54.01127],[14.81415,54.0129],[14.8137,54.01399],[14.81249,54.01451],[14.812,54.01508],[14.81196,54.01586],[14.8117,54.01622],[14.8072,54.02875],[14.80723,54.02937],[14.80793,54.03104],[14.80757,54.03242],[14.80681,54.03323],[14.80636,54.03409],[14.80586,54.0344],[14.80514,54.03446],[14.80046,54.03378],[14.79599,54.03371],[14.79032,54.0332],[14.78361,54.03167],[14.77735,54.0298],[14.77582,54.02965],[14.77549,54.0293],[14.77427,54.0288],[14.77286,54.02799],[14.76844,54.02676],[14.76584,54.02649],[14.76384,54.0266],[14.76371,54.02772],[14.76351,54.02779],[14.76024,54.02745],[14.75994,54.02745],[14.75994,54.02777]]}},{"type":"Feature","properties":{"name":"GraphHopper Track","mode":"ride","distance_km":"250.7"},"geometry":{"type":"LineString","coordinates":[[22.30174,48.60927],[22.30219,48.60994],[22.3026,48.6113],[22.30334,48.61225],[22.30318,48.61247],[22.30417,48.61354],[22.30368,48.61392],[22.30165,48.61756],[22.30089,48.61739],[22.29967,48.6183],[22.29658,48.62],[22.29534,48.62002],[22.28991,48.62128],[22.28799,48.62143],[22.2874,48.62165],[22.28698,48.62202],[22.28502,48.62468],[22.28505,48.62523],[22.28459,48.62542],[22.28446,48.62565],[22.28762,48.62898],[22.2859,48.62982],[22.27669,48.6356],[22.26799,48.64192],[22.26718,48.64429],[22.26555,48.65271],[22.26581,48.6535],[22.26563,48.65408],[22.26525,48.65455],[22.26525,48.65582],[22.26485,48.65649],[22.26469,48.65731],[22.26368,48.65694],[22.26142,48.6552],[22.25984,48.65477],[22.25871,48.65479],[22.25759,48.65507],[22.25649,48.65571],[22.25563,48.65659],[22.25534,48.65725],[22.25526,48.65836],[22.25755,48.66748],[22.25748,48.66819],[22.25714,48.66912],[22.24934,48.67818],[22.23933,48.68801],[22.22157,48.71081],[22.21457,48.72297],[22.21167,48.72675],[22.21134,48.73053],[22.21068,48.73507],[22.20963,48.73747],[22.20894,48.73811],[22.2079,48.73854],[22.19182,48.74149],[22.18339,48.74453],[22.14984,48.75512],[22.10559,48.76411],[22.07201,48.76658],[22.06612,48.76604],[22.05656,48.76597],[22.0447,48.7668],[22.03114,48.76722],[21.9967,48.76188],[21.97825,48.75724],[21.93865,48.74534],[21.92666,48.7451],[21.92562,48.74513],[21.92505,48.74532],[21.92455,48.74513],[21.92299,48.7451],[21.91389,48.74542],[21.91065,48.7463],[21.90648,48.74863],[21.90573,48.74934],[21.90544,48.74939],[21.90472,48.74859],[21.885,48.73374],[21.88385,48.73294],[21.88092,48.73139],[21.88008,48.73106],[21.87911,48.73096],[21.87456,48.73141],[21.87328,48.73134],[21.86082,48.72671],[21.85568,48.7255],[21.85491,48.72501],[21.85352,48.72345],[21.85191,48.72216],[21.84144,48.71642],[21.81142,48.69903],[21.8098,48.69834],[21.8082,48.69795],[21.80726,48.69819],[21.80647,48.69905],[21.80575,48.69938],[21.80106,48.69936],[21.79657,48.69877],[21.79276,48.69888],[21.78911,48.69979],[21.78443,48.70058],[21.77966,48.7017],[21.77295,48.70228],[21.76254,48.70269],[21.74293,48.70057],[21.70977,48.69885],[21.70716,48.6996],[21.67914,48.70332],[21.67701,48.70321],[21.67082,48.70186],[21.65862,48.70226],[21.6427,48.70384],[21.62478,48.70631],[21.62325,48.70679],[21.62175,48.70783],[21.60613,48.7244],[21.60123,48.72733],[21.59498,48.72918],[21.58582,48.73102],[21.58141,48.73308],[21.57421,48.73422],[21.57007,48.7355],[21.56835,48.73577],[21.56679,48.73578],[21.56498,48.73547],[21.56209,48.73449],[21.56124,48.73453],[21.55899,48.73522],[21.55573,48.73541],[21.55015,48.73459],[21.54526,48.73542],[21.54451,48.73568],[21.5428,48.73669],[21.54171,48.73697],[21.54079,48.73701],[21.53967,48.73676],[21.53872,48.73611],[21.5385,48.73571],[21.53843,48.73507],[21.53914,48.73371],[21.53876,48.73325],[21.53812,48.73316],[21.5375,48.7336],[21.53718,48.73623],[21.53607,48.73855],[21.53157,48.74121],[21.53092,48.74187],[21.53015,48.7431],[21.52892,48.74365],[21.52754,48.74351],[21.52566,48.74242],[21.52364,48.74162],[21.51765,48.74016],[21.51602,48.73993],[21.50129,48.73985],[21.4748,48.73897],[21.47056,48.73904],[21.46982,48.73879],[21.46926,48.73835],[21.46719,48.7352],[21.46561,48.73338],[21.46204,48.73156],[21.46094,48.73147],[21.45697,48.73243],[21.45554,48.73251],[21.4532,48.73178],[21.4487,48.72972],[21.44697,48.72929],[21.44526,48.7291],[21.44322,48.72914],[21.44186,48.72934],[21.44047,48.7297],[21.43917,48.73027],[21.43921,48.72981],[21.43779,48.72432],[21.43736,48.7241],[21.43652,48.72442],[21.43427,48.7247],[21.42917,48.72661],[21.42631,48.7274],[21.42241,48.72799],[21.41531,48.72815],[21.41274,48.72845],[21.40954,48.72925],[21.40553,48.73081],[21.40367,48.73137],[21.39597,48.73279],[21.39269,48.73402],[21.38741,48.73735],[21.38385,48.73888],[21.38029,48.74065],[21.37818,48.74146],[21.37588,48.74205],[21.37227,48.7425],[21.36174,48.74276],[21.3586,48.7424],[21.3531,48.74118],[21.34898,48.74084],[21.3467,48.74093],[21.34433,48.74124],[21.34058,48.74222],[21.3382,48.74324],[21.33609,48.7445],[21.3344,48.74588],[21.33284,48.74771],[21.33168,48.75006],[21.33084,48.75365],[21.33021,48.75548],[21.32782,48.76008],[21.32669,48.76274],[21.32602,48.76496],[21.32516,48.76886],[21.32414,48.77131],[21.32248,48.77371],[21.32075,48.77549],[21.31615,48.77886],[21.31466,48.78019],[21.31349,48.78168],[21.31274,48.78323],[21.31232,48.78547],[21.31243,48.78692],[21.31304,48.79019],[21.31296,48.79321],[21.31249,48.79529],[21.30978,48.80422],[21.3093,48.80706],[21.30939,48.81019],[21.3104,48.81725],[21.31033,48.82133],[21.3097,48.82482],[21.30866,48.828],[21.30764,48.8302],[21.30603,48.83296],[21.30385,48.8359],[21.30091,48.83905],[21.29862,48.84108],[21.29429,48.84423],[21.28958,48.84693],[21.27443,48.85415],[21.27137,48.85578],[21.26796,48.85791],[21.26479,48.86022],[21.26163,48.86295],[21.25926,48.86539],[21.25757,48.86744],[21.255,48.87134],[21.25266,48.87616],[21.25049,48.88256],[21.24914,48.88922],[21.24885,48.89202],[21.2487,48.89627],[21.24908,48.90222],[21.25013,48.90801],[21.25176,48.91345],[21.25382,48.91846],[21.25751,48.92583],[21.25873,48.92886],[21.25928,48.93111],[21.25963,48.93339],[21.25967,48.93693],[21.25942,48.93899],[21.25896,48.94097],[21.25826,48.94311],[21.25724,48.94546],[21.24782,48.96134],[21.2467,48.9629],[21.24522,48.96442],[21.24345,48.96582],[21.24139,48.96706],[21.2364,48.9691],[21.22386,48.97354],[21.22088,48.97498],[21.21904,48.97613],[21.2176,48.97729],[21.21521,48.97988],[21.21322,48.98327],[21.21099,48.98608],[21.21035,48.98757],[21.21016,48.99065],[21.20981,48.9918],[21.20888,48.99323],[21.2072,48.99465],[21.20505,48.9957],[21.20293,48.99634],[21.19619,48.99711],[21.1937,48.99765],[21.19192,48.99826],[21.18533,49.00105],[21.18219,49.00194],[21.17984,49.00241],[21.17518,49.00288],[21.1664,49.0029],[21.16179,49.00322],[21.15852,49.00375],[21.14155,49.00746],[21.13711,49.00794],[21.13308,49.00794],[21.12909,49.00758],[21.12499,49.00679],[21.12093,49.00557],[21.11215,49.00251],[21.10935,49.00176],[21.10673,49.00128],[21.10181,49.00091],[21.0946,49.00116],[21.08994,49.00099],[21.07825,48.9997],[21.07623,48.99927],[21.07186,48.99792],[21.06986,48.99748],[21.06757,48.99732],[21.06505,48.99752],[21.06192,48.99837],[21.0606,48.99899],[21.05915,48.99997],[21.05787,49.00126],[21.05557,49.00474],[21.05408,49.00619],[21.05291,49.00703],[21.05076,49.00822],[21.04578,49.0103],[21.0434,49.01175],[21.04119,49.0138],[21.03901,49.01711],[21.03813,49.01815],[21.03629,49.01964],[21.03417,49.02088],[21.0297,49.02284],[21.02569,49.02497],[21.02267,49.02602],[21.01932,49.02663],[21.01649,49.02672],[21.00927,49.02644],[21.00065,49.02706],[20.99696,49.02675],[20.99402,49.02604],[20.9913,49.0249],[20.98858,49.02327],[20.98718,49.0226],[20.98084,49.02087],[20.97706,49.01917],[20.97518,49.01857],[20.97223,49.01821],[20.96747,49.0183],[20.96474,49.01812],[20.96224,49.01759],[20.95711,49.01574],[20.95548,49.0153],[20.95339,49.01508],[20.94851,49.01501],[20.94569,49.01432],[20.94403,49.01354],[20.94275,49.01265],[20.92972,49.00057],[20.92794,48.99928],[20.92545,48.99798],[20.92332,48.9972],[20.92039,48.99648],[20.91754,48.99614],[20.91466,48.99605],[20.90756,48.99617],[20.90296,48.99666],[20.89714,48.99766],[20.89426,48.99831],[20.89045,48.9995],[20.86833,49.00783],[20.86302,49.00962],[20.85741,49.01069],[20.85355,49.01102],[20.85102,49.01105],[20.84882,49.01099],[20.84486,49.01061],[20.83887,49.00947],[20.83667,49.0092],[20.83411,49.00918],[20.82684,49.00957],[20.81487,49.00887],[20.80809,49.00916],[20.80536,49.0091],[20.79285,49.00709],[20.78719,49.0066],[20.78257,49.00644],[20.77517,49.00668],[20.76146,49.00809],[20.74957,49.00794],[20.7387,49.00842],[20.73149,49.00904],[20.72846,49.00915],[20.72354,49.00893],[20.69802,49.00658],[20.69113,49.00646],[20.68342,49.00706],[20.66851,49.00947],[20.66551,49.00967],[20.66256,49.00938],[20.65356,49.00751],[20.64919,49.00677],[20.644,49.0063],[20.63959,49.00625],[20.63523,49.00648],[20.63158,49.00692],[20.62785,49.00759],[20.61745,49.00992],[20.61482,49.01029],[20.61213,49.01037],[20.60521,49.01002],[20.59925,49.00918],[20.58781,49.00618],[20.57456,49.0044],[20.57008,49.00337],[20.56265,49.00119],[20.55954,49.00066],[20.55656,49.00048],[20.55383,49.0006],[20.5508,49.00105],[20.54486,49.00225],[20.54074,49.0026],[20.53658,49.00231],[20.52925,49.00115],[20.52597,49.00079],[20.52295,49.00064],[20.5193,49.00068],[20.50452,49.00207],[20.48683,49.00258],[20.48378,49.00284],[20.48063,49.00337],[20.47776,49.00407],[20.46406,49.00816],[20.46189,49.00901],[20.45916,49.01038],[20.45371,49.01401],[20.45077,49.01573],[20.44262,49.01912],[20.44077,49.02012],[20.43961,49.02096],[20.43787,49.02269],[20.43677,49.02446],[20.43625,49.02602],[20.43577,49.0299],[20.43485,49.03194],[20.43313,49.03386],[20.43135,49.03512],[20.42986,49.03583],[20.42655,49.03695],[20.42384,49.03738],[20.41962,49.03758],[20.41204,49.03731],[20.40767,49.03737],[20.40486,49.03769],[20.40153,49.03853],[20.3982,49.03994],[20.39106,49.0436],[20.38801,49.04482],[20.38486,49.0458],[20.37361,49.04846],[20.36974,49.04985],[20.3667,49.05128],[20.36259,49.05391],[20.35992,49.05627],[20.35753,49.05913],[20.355,49.06284],[20.35289,49.06502],[20.3503,49.06686],[20.34692,49.06851],[20.3435,49.06961],[20.34045,49.07023],[20.33056,49.07121],[20.32509,49.07197],[20.32013,49.07306],[20.31311,49.07507],[20.30801,49.07589],[20.30356,49.07602],[20.29537,49.07552],[20.28651,49.07606],[20.28429,49.07594],[20.28177,49.07555],[20.27865,49.07464],[20.27635,49.0736],[20.26837,49.06848],[20.26546,49.06688],[20.26221,49.06575],[20.25841,49.06505],[20.2525,49.06472],[20.24251,49.0651],[20.23763,49.06505],[20.21536,49.06301],[20.21121,49.0628],[20.20573,49.06314],[20.19789,49.06459],[20.19449,49.06497],[20.19155,49.06493],[20.18584,49.06435],[20.18244,49.06446],[20.17961,49.06491],[20.17107,49.06683],[20.16833,49.06717],[20.16462,49.06737],[20.15831,49.06702],[20.15099,49.06491],[20.14912,49.06455],[20.14606,49.06426],[20.1437,49.06436],[20.14126,49.06475],[20.1395,49.06525],[20.12898,49.06963],[20.12572,49.07076],[20.12084,49.07185],[20.11569,49.07234],[20.10854,49.07218],[20.10513,49.07181],[20.10045,49.07098],[20.09763,49.07027],[20.09471,49.06927],[20.09262,49.06832],[20.08804,49.06585],[20.08532,49.06475],[20.08159,49.06384],[20.0777,49.06348],[20.07436,49.06361],[20.07154,49.06405],[20.06425,49.06614],[20.06145,49.06671],[20.05825,49.06709],[20.05055,49.06759],[20.04293,49.06932],[20.03923,49.06984],[20.03571,49.06994],[20.02844,49.06948],[20.02477,49.06947],[20.01474,49.07038],[20.01119,49.07047],[20.00849,49.07032],[20.00141,49.06952],[19.99836,49.06945],[19.99429,49.06983],[19.9877,49.07114],[19.98441,49.07142],[19.98081,49.07122],[19.97668,49.0703],[19.97295,49.06893],[19.96556,49.06572],[19.96194,49.06458],[19.95806,49.06393],[19.9543,49.06381],[19.95051,49.0642],[19.94243,49.06604],[19.93241,49.06693],[19.92932,49.06737],[19.91703,49.07004],[19.91313,49.0707],[19.90787,49.07117],[19.9027,49.07112],[19.89642,49.07036],[19.89065,49.06888],[19.88543,49.06697],[19.86391,49.05834],[19.85959,49.05704],[19.85644,49.05639],[19.85076,49.0558],[19.84578,49.05584],[19.84174,49.05626],[19.83395,49.05756],[19.83195,49.05775],[19.82881,49.05776],[19.82561,49.05739],[19.82026,49.05624],[19.81704,49.05576],[19.81416,49.05569],[19.80837,49.05593],[19.80453,49.05566],[19.8006,49.05478],[19.79391,49.05233],[19.7919,49.05177],[19.78852,49.0512],[19.78559,49.05107],[19.78266,49.05126],[19.78001,49.05172],[19.75376,49.05882],[19.75128,49.05929],[19.74858,49.05954],[19.74437,49.05941],[19.7398,49.05878],[19.7347,49.05754],[19.72429,49.05437],[19.72018,49.05363],[19.7161,49.05339],[19.71209,49.0536],[19.70879,49.05415],[19.70015,49.05674],[19.69713,49.0573],[19.69311,49.05745],[19.68443,49.0565],[19.68167,49.05645],[19.66805,49.05806],[19.66381,49.0587],[19.66075,49.05935],[19.65743,49.06037],[19.6477,49.06444],[19.64168,49.06641],[19.63863,49.06712],[19.62875,49.06896],[19.62071,49.07159],[19.61747,49.0724],[19.61385,49.07292],[19.60402,49.07354],[19.60132,49.07429],[19.60037,49.07502],[19.60004,49.0757],[19.60001,49.07672],[19.60046,49.07813],[19.60176,49.07964],[19.60631,49.08321],[19.60726,49.08345],[19.60951,49.0829],[19.60974,49.08363],[19.6119,49.08316]]}},{"type":"Feature","properties":{"name":"GraphHopper Track","mode":"ride","distance_km":"93.5"},"geometry":{"type":"LineString","coordinates":[[34.08099,44.96079],[34.08134,44.96106],[34.08329,44.96054],[34.08447,44.96121],[34.0887,44.95764],[34.08939,44.95824],[34.08442,44.96219],[34.08441,44.96234],[34.08652,44.96397],[34.08654,44.96475],[34.08637,44.96503],[34.08458,44.96621],[34.08327,44.96886],[34.08237,44.97026],[34.08166,44.97075],[34.07937,44.97169],[34.07835,44.97175],[34.07431,44.9803],[34.07331,44.98406],[34.0729,44.98493],[34.0724,44.98554],[34.04695,45.00387],[34.04376,45.00539],[34.02602,45.01219],[34.02345,45.01377],[34.0053,45.02989],[33.99264,45.0463],[33.99268,45.04554],[33.9923,45.04496],[33.99187,45.04467],[33.99122,45.04448],[33.99022,45.0445],[33.98989,45.04462],[33.98949,45.04507],[33.98904,45.0452],[33.98593,45.04515],[33.98502,45.04471],[33.98425,45.04337],[33.98392,45.04311],[33.98038,45.04312],[33.97546,45.04286],[33.96844,45.04287],[33.96687,45.04303],[33.96467,45.04385],[33.95581,45.04868],[33.95186,45.05051],[33.94718,45.05197],[33.93266,45.05725],[33.92464,45.05934],[33.92313,45.06016],[33.92245,45.06107],[33.92111,45.06052],[33.92059,45.06052],[33.9182,45.06196],[33.91286,45.06429],[33.90584,45.06634],[33.90326,45.06675],[33.86455,45.07086],[33.85706,45.07055],[33.85467,45.07073],[33.85211,45.07131],[33.84931,45.07263],[33.84744,45.07389],[33.84644,45.07492],[33.84538,45.07655],[33.84208,45.08304],[33.83705,45.09386],[33.8342,45.1061],[33.833,45.11007],[33.8323,45.11163],[33.82983,45.11577],[33.82728,45.11867],[33.82462,45.12103],[33.82136,45.12344],[33.81577,45.12632],[33.81024,45.12828],[33.80356,45.13016],[33.80006,45.13155],[33.7955,45.13442],[33.79215,45.13774],[33.78948,45.14013],[33.78719,45.14253],[33.78506,45.14582],[33.78321,45.15024],[33.78104,45.15849],[33.77635,45.17428],[33.77561,45.1763],[33.77133,45.18161],[33.76982,45.18395],[33.76306,45.1892],[33.75707,45.19221],[33.75136,45.1942],[33.74815,45.19491],[33.74362,45.19564],[33.73925,45.19596],[33.71467,45.19637],[33.70931,45.19681],[33.70376,45.19785],[33.68657,45.20297],[33.6827,45.20429],[33.67492,45.20788],[33.66879,45.21189],[33.66305,45.21626],[33.65894,45.22095],[33.65053,45.23354],[33.64807,45.23619],[33.64584,45.23815],[33.64264,45.24038],[33.6398,45.24201],[33.63482,45.24418],[33.63046,45.24553],[33.62766,45.24618],[33.59247,45.25178],[33.58952,45.2523],[33.58426,45.25375],[33.57944,45.25569],[33.57611,45.25746],[33.56179,45.26653],[33.55723,45.2692],[33.55517,45.27019],[33.54967,45.27218],[33.54541,45.27322],[33.54089,45.27396],[33.53637,45.27427],[33.53187,45.27424],[33.52982,45.27405],[33.52362,45.27309],[33.48463,45.26484],[33.47948,45.26412],[33.4718,45.26391],[33.46774,45.26422],[33.46507,45.26462],[33.45976,45.26585],[33.45647,45.26689],[33.44926,45.27002],[33.44471,45.27165],[33.44028,45.27292],[33.43595,45.27394],[33.42912,45.27499],[33.42481,45.27535],[33.42032,45.27549],[33.41587,45.27541],[33.40774,45.27487],[33.40382,45.27435],[33.39848,45.27304],[33.39368,45.27215],[33.34034,45.2627],[33.33431,45.26129],[33.32784,45.25928],[33.32357,45.25755],[33.31802,45.2548],[33.31357,45.25214],[33.30935,45.24901],[33.30597,45.24591],[33.30315,45.24298],[33.29376,45.23158],[33.29254,45.23019],[33.29156,45.22933],[33.28868,45.2277],[33.28591,45.22679],[33.28344,45.22649],[33.27968,45.22661],[33.28128,45.22624],[33.28279,45.22568],[33.28535,45.22409],[33.31115,45.2149],[33.32719,45.20878],[33.32746,45.20857],[33.32747,45.20836],[33.32722,45.20807],[33.32371,45.20589],[33.32351,45.20553],[33.32749,45.1982],[33.32819,45.19824],[33.32895,45.19759],[33.31373,45.1819],[33.30991,45.18019],[33.31013,45.18012]]}},{"type":"Feature","properties":{"name":"GraphHopper Track","mode":"ride","distance_km":"170.2"},"geometry":{"type":"LineString","coordinates":[[24.00928,49.8345],[24.00952,49.83474],[24.00728,49.8348],[24.00528,49.83544],[24.00463,49.83598],[24.00388,49.83712],[24.01193,49.84014],[24.01021,49.84201],[24.01032,49.84301],[24.01103,49.84445],[24.00483,49.84672],[24.003,49.84711],[24.00053,49.848],[23.99726,49.84885],[23.99448,49.84981],[23.98867,49.85239],[23.98687,49.85346],[23.98533,49.8538],[23.95995,49.86439],[23.95535,49.86712],[23.94947,49.86889],[23.94457,49.871],[23.93663,49.87235],[23.91225,49.87367],[23.90931,49.87373],[23.89609,49.87328],[23.89429,49.87336],[23.89057,49.87399],[23.88633,49.87497],[23.86839,49.87649],[23.83458,49.8818],[23.81337,49.88844],[23.7724,49.8975],[23.76097,49.90109],[23.74779,49.90402],[23.74634,49.90479],[23.73819,49.91279],[23.73666,49.91593],[23.73487,49.91743],[23.73481,49.91809],[23.73508,49.9198],[23.73479,49.92111],[23.73041,49.92251],[23.71968,49.92093],[23.7048,49.91969],[23.70284,49.91966],[23.59711,49.92908],[23.59256,49.92912],[23.5885,49.92873],[23.55204,49.92227],[23.54476,49.9206],[23.53067,49.91804],[23.52269,49.91616],[23.51202,49.91479],[23.48414,49.90986],[23.47451,49.9083],[23.46823,49.90792],[23.4424,49.90863],[23.43397,49.90934],[23.43037,49.90948],[23.41238,49.90943],[23.39119,49.91174],[23.38849,49.91235],[23.38575,49.91331],[23.38338,49.91455],[23.36305,49.92717],[23.36196,49.92833],[23.35905,49.93348],[23.35755,49.93438],[23.35643,49.93458],[23.35391,49.93452],[23.3489,49.93388],[23.33749,49.93422],[23.33332,49.93466],[23.32474,49.93606],[23.31444,49.93727],[23.30941,49.93619],[23.30144,49.93581],[23.29774,49.93655],[23.28961,49.93706],[23.28723,49.93779],[23.27155,49.94092],[23.2542,49.94556],[23.23973,49.95189],[23.22852,49.95448],[23.22314,49.95457],[23.21843,49.95486],[23.20745,49.95608],[23.20444,49.95613],[23.20195,49.95591],[23.19894,49.95531],[23.19597,49.95426],[23.18706,49.94927],[23.1833,49.94751],[23.18091,49.94694],[23.17777,49.94677],[23.15742,49.94842],[23.15332,49.9489],[23.15165,49.94925],[23.14853,49.95012],[23.14651,49.95087],[23.13813,49.95506],[23.13487,49.95602],[23.13263,49.95626],[23.12247,49.95636],[23.12144,49.95656],[23.11885,49.95497],[23.11635,49.95502],[23.11498,49.95484],[23.11328,49.95509],[23.11013,49.95603],[23.1094,49.95654],[23.10981,49.95734],[23.10974,49.95765],[23.10207,49.95925],[23.09776,49.95984],[23.08567,49.96074],[23.07418,49.9626],[23.06941,49.96288],[23.0662,49.96277],[23.06252,49.96236],[23.06013,49.96191],[23.05683,49.96104],[23.05387,49.95998],[23.03025,49.95032],[23.02308,49.94799],[23.01568,49.94613],[23.00886,49.94485],[23.0013,49.94391],[22.95761,49.94128],[22.95264,49.9408],[22.94803,49.94004],[22.94521,49.93936],[22.94132,49.93817],[22.93741,49.93665],[22.92953,49.93326],[22.92479,49.93163],[22.91876,49.93022],[22.90618,49.9283],[22.89973,49.92689],[22.89424,49.92515],[22.88245,49.92069],[22.87631,49.91886],[22.8687,49.91728],[22.83114,49.911],[22.82731,49.91057],[22.8236,49.91038],[22.81693,49.91057],[22.8118,49.91119],[22.79922,49.91336],[22.79133,49.91447],[22.75606,49.91699],[22.74842,49.91793],[22.74165,49.91948],[22.73639,49.92122],[22.73164,49.92328],[22.72262,49.92791],[22.71911,49.92935],[22.71482,49.93077],[22.70884,49.93223],[22.68739,49.93606],[22.68444,49.93672],[22.68114,49.93771],[22.67818,49.93881],[22.67449,49.94055],[22.67154,49.9423],[22.66894,49.94422],[22.66608,49.94692],[22.66399,49.94958],[22.66237,49.95251],[22.65979,49.95902],[22.65894,49.96066],[22.65683,49.96369],[22.65391,49.96667],[22.65075,49.96909],[22.64695,49.97133],[22.63006,49.97881],[22.62377,49.98199],[22.61821,49.98534],[22.61279,49.98936],[22.6078,49.99388],[22.60415,49.99796],[22.60172,50.00123],[22.59575,50.01039],[22.59382,50.01272],[22.59026,50.01594],[22.58207,50.02193],[22.5787,50.02512],[22.57692,50.02734],[22.57589,50.02891],[22.5749,50.03079],[22.57398,50.0331],[22.57321,50.03636],[22.57048,50.05322],[22.56912,50.05713],[22.56665,50.06113],[22.56445,50.06366],[22.56244,50.0656],[22.55798,50.06876],[22.55475,50.07057],[22.54972,50.07275],[22.54658,50.07378],[22.54162,50.07501],[22.53828,50.07561],[22.49025,50.08216],[22.48639,50.08282],[22.48292,50.08373],[22.47944,50.08503],[22.47635,50.08661],[22.45202,50.10198],[22.44976,50.10333],[22.44643,50.105],[22.44155,50.10693],[22.43053,50.11055],[22.42504,50.11179],[22.42,50.11248],[22.41577,50.11273],[22.41063,50.11268],[22.39113,50.11101],[22.387,50.11082],[22.3814,50.11089],[22.3757,50.11133],[22.33412,50.11617],[22.32743,50.11645],[22.32179,50.11615],[22.31582,50.11529],[22.31048,50.11397],[22.30574,50.11233],[22.29099,50.10654],[22.28433,50.10461],[22.27911,50.10353],[22.24216,50.09865],[22.23593,50.09854],[22.22478,50.09946],[22.22117,50.09938],[22.21841,50.09911],[22.2147,50.09846],[22.21193,50.09773],[22.20397,50.09464],[22.20046,50.0936],[22.18736,50.09105],[22.18288,50.09045],[22.1785,50.0901],[22.17205,50.08999],[22.16456,50.09047],[22.12712,50.09549],[22.12153,50.09598],[22.11752,50.09603],[22.11285,50.09578],[22.08591,50.09296],[22.07959,50.09257],[22.07396,50.09272],[22.05876,50.09356],[22.05795,50.09373],[22.05756,50.09401],[22.05764,50.09447],[22.0581,50.09466],[22.05869,50.09456],[22.05895,50.09416],[22.05842,50.09012],[22.05892,50.08967],[22.06063,50.08923],[22.06099,50.08885],[22.06116,50.08828],[22.06096,50.08179],[22.06039,50.07992],[22.05576,50.06956],[22.05496,50.06804],[22.05372,50.06653],[22.05261,50.06562],[22.0513,50.06482],[22.04379,50.0609],[22.03962,50.05725],[22.03712,50.05567],[22.03636,50.0556],[22.02906,50.0567],[22.02337,50.05821],[22.02245,50.05649],[22.02065,50.05233],[22.01747,50.04962],[22.01589,50.04885],[22.01214,50.04899],[22.01085,50.04926],[22.01075,50.04869],[22.0109,50.04819],[22.0133,50.04487],[22.01402,50.04332],[22.01459,50.04254],[22.01232,50.04203],[22.01105,50.04071],[22.01033,50.04045],[22.01044,50.04013],[22.00971,50.03757],[22.00804,50.03766],[22.00828,50.03666],[22.00733,50.03704],[22.00607,50.03677],[22.0036,50.0368],[22.00372,50.03748],[22.00427,50.03744]]}},{"type":"Feature","properties":{"name":"GraphHopper Track","mode":"ride","distance_km":"1422.9"},"geometry":{"type":"LineString","coordinates":[[24.00928,49.8345],[24.00952,49.83474],[24.01707,49.83471],[24.01715,49.83423],[24.01883,49.83327],[24.01855,49.8327],[24.0181,49.8324],[24.01851,49.83223],[24.01835,49.82901],[24.01912,49.82805],[24.01914,49.82785],[24.01803,49.82661],[24.02103,49.8251],[24.02084,49.82485],[24.01889,49.80591],[24.018,49.80192],[24.01778,49.80169],[24.0147,49.78769],[24.01392,49.78311],[24.0139,49.77874],[24.01431,49.76443],[24.01478,49.75957],[24.01492,49.75503],[24.01474,49.75051],[24.01486,49.74211],[24.01287,49.73772],[23.99826,49.70765],[23.99849,49.70675],[24.00266,49.70013],[24.00402,49.6921],[24.00511,49.67986],[24.00486,49.67929],[24.00305,49.67724],[24.00258,49.67607],[24.00264,49.67474],[24.00356,49.67157],[24.00367,49.67029],[24.00248,49.66116],[23.99539,49.63072],[23.99521,49.62693],[23.99506,49.61533],[23.99514,49.61449],[23.99557,49.61298],[24.00015,49.60169],[24.00276,49.59683],[24.00295,49.59598],[24.00288,49.59486],[24.00231,49.5934],[23.99431,49.57875],[23.99141,49.57269],[23.99091,49.57112],[23.99068,49.56737],[23.98956,49.56382],[23.98838,49.55765],[23.98811,49.55685],[23.98729,49.55562],[23.98578,49.5542],[23.98473,49.55358],[23.97794,49.55063],[23.97171,49.54742],[23.96502,49.54465],[23.95837,49.5432],[23.9565,49.5425],[23.95562,49.542],[23.95453,49.54107],[23.95394,49.54026],[23.95238,49.53694],[23.95045,49.53381],[23.9499,49.53254],[23.94926,49.52891],[23.94925,49.52815],[23.94951,49.52718],[23.95062,49.5251],[23.95151,49.52385],[23.95417,49.52145],[23.95526,49.52009],[23.95569,49.51873],[23.95564,49.51561],[23.9561,49.51414],[23.9566,49.51339],[23.95771,49.51239],[23.96258,49.50917],[23.96473,49.50731],[23.9681,49.5026],[23.97113,49.50023],[23.97198,49.4994],[23.97261,49.49832],[23.97282,49.49665],[23.97261,49.49554],[23.9721,49.49457],[23.96975,49.49219],[23.96851,49.49117],[23.96709,49.49042],[23.96572,49.48994],[23.96083,49.48909],[23.95926,49.48862],[23.95771,49.48757],[23.95697,49.48628],[23.9563,49.47644],[23.95627,49.47319],[23.95529,49.45361],[23.94618,49.42553],[23.9416,49.41088],[23.94192,49.40847],[23.9435,49.40036],[23.94592,49.3932],[23.94595,49.39268],[23.94573,49.39189],[23.94505,49.39093],[23.94315,49.38948],[23.94241,49.38862],[23.88603,49.29642],[23.87154,49.27345],[23.87549,49.27146],[23.87549,49.27126],[23.87515,49.27095],[23.87269,49.26896],[23.87284,49.26873],[23.87575,49.26737],[23.87595,49.26691],[23.87571,49.26617],[23.87499,49.26533],[23.86901,49.26133],[23.86794,49.26046],[23.85992,49.25022],[23.859,49.24926],[23.8565,49.24731],[23.85444,49.24686],[23.85432,49.24661],[23.85464,49.24616],[23.85445,49.24591],[23.85314,49.24501],[23.84963,49.24304],[23.84535,49.24177],[23.84256,49.23996],[23.83871,49.2384],[23.83603,49.23663],[23.83214,49.2352],[23.82858,49.23276],[23.82603,49.23123],[23.82492,49.23084],[23.82197,49.23033],[23.82024,49.22965],[23.81184,49.22365],[23.81039,49.22283],[23.80927,49.22235],[23.80794,49.22201],[23.80352,49.22187],[23.80188,49.22162],[23.80027,49.22113],[23.79893,49.22049],[23.7645,49.19876],[23.76075,49.19665],[23.75427,49.19227],[23.71736,49.16378],[23.70364,49.15034],[23.69355,49.14074],[23.68575,49.13342],[23.67938,49.1281],[23.67298,49.12134],[23.6701,49.11954],[23.66971,49.1189],[23.6696,49.11779],[23.66923,49.11713],[23.6684,49.11623],[23.66733,49.11548],[23.663,49.11352],[23.66186,49.11314],[23.63534,49.10557],[23.63011,49.10437],[23.61566,49.10274],[23.61373,49.10285],[23.61146,49.10332],[23.61056,49.10366],[23.60979,49.10426],[23.60727,49.10788],[23.60421,49.10926],[23.60216,49.10997],[23.60053,49.11022],[23.59875,49.11012],[23.59422,49.1094],[23.59227,49.10876],[23.59187,49.10844],[23.59151,49.10784],[23.59058,49.10219],[23.59034,49.10145],[23.58287,49.08744],[23.55364,49.06328],[23.55258,49.06258],[23.53831,49.05531],[23.53386,49.05327],[23.5304,49.05217],[23.52868,49.05146],[23.52545,49.04901],[23.52328,49.04804],[23.52199,49.04612],[23.52179,49.04655],[23.52094,49.04724],[23.52127,49.0475],[23.52148,49.0473],[23.51577,49.04586],[23.51433,49.04529],[23.51202,49.04369],[23.50619,49.0415],[23.50375,49.04031],[23.50265,49.03913],[23.50176,49.03665],[23.50189,49.02937],[23.50157,49.02858],[23.49851,49.02619],[23.49739,49.02553],[23.47927,49.01926],[23.47671,49.01804],[23.47619,49.01759],[23.47522,49.01614],[23.47348,49.0106],[23.47313,49.00986],[23.47244,49.0092],[23.46935,49.00764],[23.46889,49.00681],[23.4684,49.0046],[23.46805,49.00421],[23.46565,49.00324],[23.46465,49.00308],[23.45473,49.00546],[23.43839,49.00677],[23.43666,49.00711],[23.42966,49.00915],[23.42829,49.00934],[23.42694,49.00932],[23.42564,49.00894],[23.41917,49.0062],[23.41518,49.00382],[23.41411,49.0031],[23.41193,49.00012],[23.41115,48.99947],[23.40886,48.9987],[23.40615,48.99821],[23.40502,48.99781],[23.40429,48.99724],[23.4038,48.99632],[23.40373,48.99545],[23.40391,48.99436],[23.40366,48.99363],[23.40234,48.99158],[23.40017,48.99006],[23.3989,48.98798],[23.39763,48.98626],[23.397,48.98451],[23.39674,48.98415],[23.39585,48.98357],[23.39209,48.98175],[23.39203,48.98126],[23.39254,48.97877],[23.39206,48.97727],[23.3922,48.97493],[23.39194,48.97411],[23.38962,48.97173],[23.38827,48.97079],[23.38757,48.96964],[23.3825,48.96469],[23.38189,48.96399],[23.38134,48.96274],[23.38108,48.96245],[23.38057,48.96223],[23.37436,48.96092],[23.36736,48.95968],[23.3647,48.95813],[23.3614,48.95696],[23.35863,48.95476],[23.35669,48.95363],[23.3544,48.95163],[23.35381,48.95132],[23.35013,48.95069],[23.34561,48.95025],[23.34127,48.94941],[23.33967,48.94928],[23.33566,48.94756],[23.33538,48.94712],[23.33505,48.94478],[23.33323,48.94311],[23.3324,48.94176],[23.33045,48.93938],[23.32664,48.93717],[23.3251,48.93543],[23.32288,48.93448],[23.32146,48.93267],[23.31881,48.93029],[23.3173,48.92786],[23.31575,48.9269],[23.31421,48.92523],[23.31294,48.92447],[23.3112,48.92404],[23.31026,48.92355],[23.3068,48.91864],[23.30315,48.91723],[23.30211,48.91665],[23.30009,48.91494],[23.29805,48.91377],[23.29636,48.91179],[23.29348,48.90956],[23.29279,48.90852],[23.29254,48.90764],[23.29278,48.9066],[23.29316,48.90596],[23.294,48.90515],[23.29495,48.9046],[23.2996,48.90339],[23.3004,48.90305],[23.3014,48.9023],[23.3019,48.90168],[23.30217,48.90105],[23.30243,48.89903],[23.30342,48.89603],[23.30305,48.89493],[23.30078,48.89337],[23.30002,48.89187],[23.29953,48.89133],[23.29799,48.89024],[23.29547,48.88907],[23.29322,48.8875],[23.2931,48.88712],[23.29383,48.88587],[23.29388,48.8852],[23.2932,48.88401],[23.29261,48.88188],[23.29198,48.88135],[23.28554,48.88045],[23.28236,48.8829],[23.27848,48.88386],[23.2779,48.8843],[23.2772,48.88517],[23.2766,48.88551],[23.27226,48.88668],[23.26369,48.88833],[23.25936,48.88859],[23.25454,48.88723],[23.25081,48.88759],[23.24836,48.88888],[23.24814,48.88936],[23.24809,48.89099],[23.24762,48.89146],[23.24163,48.89325],[23.23976,48.89395],[23.23905,48.89436],[23.23653,48.89643],[23.23502,48.89737],[23.22913,48.90023],[23.22579,48.90175],[23.22403,48.90237],[23.22236,48.90242],[23.21988,48.90181],[23.21822,48.90168],[23.21419,48.90181],[23.21292,48.90146],[23.20964,48.90006],[23.20742,48.89964],[23.1837,48.90116],[23.17561,48.90101],[23.17387,48.90125],[23.17137,48.90218],[23.15923,48.91035],[23.15683,48.91153],[23.15405,48.91231],[23.14959,48.91292],[23.14642,48.91291],[23.14331,48.91268],[23.13358,48.91142],[23.13175,48.91083],[23.13014,48.90975],[23.12872,48.90805],[23.12756,48.90495],[23.12744,48.90337],[23.12773,48.89972],[23.12751,48.89682],[23.12728,48.89596],[23.12688,48.89535],[23.12601,48.89471],[23.12299,48.89328],[23.12231,48.89255],[23.12197,48.89148],[23.12328,48.88634],[23.12418,48.88394],[23.12453,48.87957],[23.12523,48.87871],[23.12774,48.87749],[23.12844,48.8768],[23.1299,48.87194],[23.13045,48.87123],[23.13208,48.87012],[23.1328,48.8693],[23.13293,48.86862],[23.13259,48.86792],[23.12617,48.86339],[23.12547,48.86244],[23.12483,48.86054],[23.1242,48.85998],[23.12109,48.85896],[23.12044,48.85843],[23.1194,48.85701],[23.11862,48.85647],[23.11743,48.85616],[23.11548,48.85622],[23.11443,48.85609],[23.11378,48.85575],[23.11239,48.85451],[23.11173,48.85425],[23.11068,48.8542],[23.10744,48.855],[23.10645,48.85506],[23.10581,48.85472],[23.10467,48.85334],[23.10373,48.85289],[23.10279,48.85275],[23.10213,48.853],[23.1006,48.85486],[23.10001,48.85517],[23.09868,48.8552],[23.09618,48.85476],[23.09547,48.85498],[23.09452,48.85595],[23.09379,48.85634],[23.09302,48.85635],[23.09177,48.85591],[23.09087,48.85524],[23.0902,48.85418],[23.09007,48.85167],[23.08955,48.85049],[23.08897,48.84991],[23.08714,48.84887],[23.08521,48.84823],[23.08477,48.84771],[23.08449,48.84707],[23.08387,48.84646],[23.07769,48.84259],[23.07572,48.84197],[23.07102,48.841],[23.0691,48.84021],[23.06768,48.83905],[23.06668,48.83735],[23.06656,48.83661],[23.06666,48.83587],[23.06817,48.83215],[23.06841,48.83122],[23.06884,48.82632],[23.0691,48.82571],[23.07056,48.82426],[23.07099,48.8235],[23.07103,48.82272],[23.07059,48.81949],[23.07085,48.81816],[23.07155,48.81743],[23.07685,48.81415],[23.07812,48.81319],[23.07908,48.81221],[23.07956,48.81141],[23.07985,48.81043],[23.08107,48.80215],[23.08145,48.80088],[23.08235,48.79969],[23.08601,48.79718],[23.08699,48.79608],[23.08728,48.79537],[23.0871,48.78997],[23.08984,48.77304],[23.09028,48.77237],[23.09179,48.7713],[23.09385,48.76873],[23.09417,48.76794],[23.09442,48.76281],[23.09427,48.75979],[23.09389,48.75516],[23.09323,48.75354],[23.0932,48.75312],[23.09362,48.75072],[23.09342,48.75017],[23.09295,48.74955],[23.09201,48.74888],[23.09115,48.7485],[23.08685,48.74718],[23.0831,48.74681],[23.08196,48.74629],[23.08123,48.7455],[23.0799,48.7428],[23.0783,48.74063],[23.07709,48.7395],[23.07596,48.73886],[23.06797,48.73557],[23.06682,48.73544],[23.06405,48.73548],[23.05656,48.73427],[23.05569,48.7338],[23.05504,48.73323],[23.0535,48.73049],[23.05313,48.73013],[23.0493,48.72916],[23.04839,48.72863],[23.04791,48.72801],[23.04774,48.72594],[23.04719,48.72417],[23.04761,48.7215],[23.04741,48.72069],[23.04679,48.71946],[23.04667,48.71859],[23.0469,48.71787],[23.04737,48.71726],[23.04926,48.71596],[23.04986,48.71534],[23.05006,48.71486],[23.05004,48.71413],[23.0485,48.7115],[23.04549,48.70799],[23.04486,48.70651],[23.04371,48.70174],[23.04403,48.69855],[23.04439,48.69717],[23.04417,48.69631],[23.04348,48.69545],[23.03999,48.69285],[23.03939,48.69203],[23.03934,48.69154],[23.03984,48.69032],[23.04215,48.68742],[23.04319,48.68688],[23.04589,48.68619],[23.04718,48.685],[23.04756,48.68394],[23.04755,48.68347],[23.0468,48.68169],[23.04667,48.68099],[23.04712,48.67905],[23.0477,48.67795],[23.04859,48.67679],[23.05194,48.67377],[23.05249,48.67298],[23.05277,48.67225],[23.05271,48.67129],[23.05185,48.66835],[23.05191,48.66344],[23.05219,48.66222],[23.0529,48.66091],[23.05669,48.65771],[23.05723,48.65683],[23.05776,48.65523],[23.0578,48.65437],[23.05746,48.65361],[23.0557,48.65198],[23.05484,48.65074],[23.05411,48.64772],[23.05407,48.6468],[23.05433,48.64477],[23.05418,48.64409],[23.05347,48.64296],[23.05143,48.64133],[23.05071,48.63902],[23.0489,48.63692],[23.04845,48.63566],[23.04853,48.63349],[23.04628,48.63034],[23.04593,48.62949],[23.04585,48.62856],[23.04601,48.62645],[23.04679,48.62558],[23.04792,48.62502],[23.05258,48.62368],[23.05324,48.62319],[23.05357,48.62264],[23.05362,48.62212],[23.05228,48.61818],[23.05251,48.6175],[23.05311,48.61694],[23.05537,48.616],[23.05701,48.61497],[23.05784,48.61428],[23.05812,48.61343],[23.05795,48.61285],[23.05735,48.61203],[23.05488,48.60984],[23.05398,48.60801],[23.05327,48.60723],[23.05204,48.60656],[23.04765,48.60511],[23.04652,48.60441],[23.04433,48.6006],[23.04255,48.59898],[23.0426,48.59815],[23.04389,48.59538],[23.04397,48.59432],[23.04373,48.59317],[23.04206,48.58864],[23.041,48.58707],[23.0377,48.58377],[23.03676,48.58249],[23.03409,48.57591],[23.03343,48.57476],[23.0293,48.57111],[23.02779,48.56922],[23.02725,48.56815],[23.02443,48.55989],[23.024,48.55929],[23.0234,48.55895],[23.01954,48.55816],[23.01696,48.55792],[23.00939,48.55851],[23.00315,48.55785],[23.00121,48.55794],[22.99344,48.56028],[22.98802,48.56092],[22.98366,48.562],[22.9776,48.56266],[22.97626,48.56317],[22.97264,48.5652],[22.97096,48.56551],[22.9691,48.56533],[22.94792,48.55907],[22.94538,48.55816],[22.94299,48.55705],[22.93806,48.55552],[22.93493,48.55317],[22.93215,48.55073],[22.92928,48.54689],[22.92898,48.54601],[22.92898,48.54543],[22.92959,48.54355],[22.92963,48.54252],[22.92921,48.54128],[22.92838,48.54028],[22.92746,48.53957],[22.92018,48.53655],[22.91747,48.53596],[22.91595,48.53594],[22.91418,48.53615],[22.90941,48.53787],[22.90733,48.53818],[22.90615,48.53812],[22.89329,48.53603],[22.89222,48.53573],[22.88832,48.53322],[22.88612,48.5307],[22.87859,48.52331],[22.8713,48.51929],[22.84646,48.50127],[22.84421,48.50007],[22.83932,48.49833],[22.83743,48.49742],[22.836,48.49637],[22.83413,48.49432],[22.83319,48.49364],[22.83199,48.49319],[22.82831,48.49242],[22.82701,48.49197],[22.82426,48.49001],[22.8231,48.4894],[22.82016,48.48851],[22.81464,48.48829],[22.81039,48.48754],[22.80835,48.48661],[22.80652,48.4847],[22.80572,48.48406],[22.80474,48.48356],[22.78055,48.47824],[22.77809,48.47736],[22.77248,48.47404],[22.77062,48.4734],[22.76182,48.47192],[22.75447,48.47165],[22.75278,48.47116],[22.75059,48.46981],[22.74881,48.46939],[22.74753,48.46948],[22.7446,48.47028],[22.74307,48.47036],[22.74065,48.47007],[22.73673,48.46878],[22.73518,48.46847],[22.73339,48.46846],[22.72998,48.46876],[22.7279,48.46856],[22.72674,48.46818],[22.72572,48.46762],[22.72062,48.46253],[22.71907,48.46144],[22.71704,48.46047],[22.71486,48.45975],[22.7108,48.45873],[22.70952,48.45857],[22.70851,48.45815],[22.70313,48.45673],[22.68762,48.45177],[22.6867,48.45156],[22.68501,48.45149],[22.68356,48.45169],[22.62857,48.46464],[22.61123,48.46904],[22.59963,48.4716],[22.56343,48.48015],[22.56234,48.48053],[22.53228,48.48744],[22.52647,48.49071],[22.52364,48.4927],[22.52176,48.49427],[22.5214,48.49485],[22.52115,48.49592],[22.5203,48.50281],[22.51843,48.50608],[22.51462,48.50865],[22.51394,48.50937],[22.5132,48.5105],[22.51279,48.51165],[22.5121,48.51484],[22.50843,48.52441],[22.50665,48.5286],[22.50548,48.53014],[22.50405,48.5314],[22.50133,48.53294],[22.49927,48.53367],[22.48899,48.53687],[22.48613,48.5375],[22.47584,48.53756],[22.46613,48.53791],[22.44995,48.54087],[22.43559,48.54312],[22.43327,48.54307],[22.42562,48.54159],[22.42304,48.5415],[22.42043,48.5417],[22.41416,48.54304],[22.41249,48.54355],[22.4106,48.54438],[22.40573,48.54698],[22.40306,48.54777],[22.40077,48.54792],[22.39925,48.54784],[22.39425,48.54683],[22.39261,48.54679],[22.39085,48.54696],[22.38425,48.54906],[22.3774,48.55147],[22.37523,48.55188],[22.37117,48.55198],[22.3694,48.5522],[22.36691,48.55285],[22.36504,48.55372],[22.36342,48.55493],[22.36251,48.55598],[22.36186,48.55722],[22.36102,48.55949],[22.35986,48.5611],[22.35912,48.56177],[22.33509,48.57727],[22.3344,48.57731],[22.33339,48.57654],[22.33265,48.57646],[22.32775,48.57818],[22.32175,48.57949],[22.31922,48.5798],[22.31718,48.57981],[22.30989,48.5793],[22.30678,48.57903],[22.30307,48.57848],[22.2917,48.57817],[22.29002,48.57837],[22.2803,48.58041],[22.27445,48.58065],[22.27356,48.57792],[22.26956,48.56313],[22.26112,48.55575],[22.25597,48.54607],[22.2434,48.52537],[22.23142,48.50526],[22.22861,48.50167],[22.22866,48.50132],[22.23189,48.49629],[22.23298,48.49093],[22.23275,48.49025],[22.22928,48.48372],[22.22008,48.47429],[22.2149,48.46331],[22.20486,48.4489],[22.2029,48.4457],[22.20142,48.44487],[22.19565,48.44299],[22.18194,48.43804],[22.17981,48.43678],[22.17843,48.43547],[22.17463,48.42871],[22.17094,48.42256],[22.17033,48.4212],[22.17016,48.41985],[22.17028,48.41867],[22.16955,48.41816],[22.16936,48.41771],[22.16957,48.41717],[22.1705,48.41678],[22.17075,48.41648],[22.17212,48.41164],[22.17224,48.41065],[22.17149,48.40925],[22.16963,48.40761],[22.16848,48.40624],[22.16676,48.40356],[22.1664,48.40209],[22.1664,48.3982],[22.16603,48.39563],[22.16517,48.39307],[22.16426,48.39136],[22.16276,48.38915],[22.16142,48.38759],[22.15994,48.38616],[22.15826,48.38481],[22.1545,48.38237],[22.14781,48.37878],[22.14566,48.37729],[22.14295,48.37488],[22.14236,48.37458],[22.14223,48.37414],[22.14076,48.37231],[22.13953,48.37039],[22.13862,48.36855],[22.13798,48.36673],[22.1333,48.35025],[22.13147,48.34665],[22.12598,48.33862],[22.12487,48.33669],[22.11741,48.3183],[22.11664,48.31525],[22.11595,48.30978],[22.1155,48.30821],[22.11482,48.30665],[22.1081,48.29569],[22.10768,48.29546],[22.10773,48.2951],[22.10296,48.28745],[22.10192,48.28601],[22.09975,48.28375],[22.09272,48.27817],[22.09143,48.27664],[22.09032,48.27458],[22.08993,48.27328],[22.08977,48.27198],[22.08997,48.2699],[22.09059,48.26815],[22.09277,48.26407],[22.09341,48.2616],[22.09331,48.25937],[22.09243,48.25693],[22.09102,48.25492],[22.08907,48.25312],[22.07864,48.24586],[22.07782,48.24558],[22.07675,48.24455],[22.06817,48.23849],[22.06583,48.23631],[22.06403,48.23395],[22.06357,48.23358],[22.06355,48.2332],[22.06239,48.23075],[22.05566,48.21358],[22.05456,48.21129],[22.05248,48.20776],[22.05197,48.2074],[22.05187,48.20685],[22.04398,48.19548],[22.04275,48.19325],[22.04196,48.19088],[22.04169,48.18897],[22.04175,48.18652],[22.04213,48.18278],[22.04207,48.18063],[22.04166,48.1786],[22.04094,48.1767],[22.03905,48.17366],[22.02845,48.16094],[22.02765,48.15966],[22.02755,48.15829],[22.02891,48.15186],[22.02877,48.15079],[22.02776,48.14837],[22.02777,48.1476],[22.02811,48.14623],[22.0279,48.14487],[22.02741,48.14404],[22.02646,48.14314],[22.02397,48.14186],[22.02307,48.14117],[22.00628,48.12198],[22.0054,48.12138],[22.0031,48.12028],[21.99345,48.11668],[21.99252,48.11605],[21.99164,48.11514],[21.99051,48.11311],[21.98958,48.11102],[21.98787,48.10396],[21.98724,48.09873],[21.98697,48.08834],[21.98639,48.08639],[21.98537,48.08477],[21.9834,48.08294],[21.98033,48.08127],[21.97006,48.07685],[21.95754,48.07216],[21.9529,48.07066],[21.94752,48.06922],[21.9412,48.0679],[21.93506,48.06694],[21.93249,48.06624],[21.93039,48.065],[21.92712,48.06148],[21.9257,48.06025],[21.9238,48.05911],[21.92195,48.05835],[21.91905,48.05753],[21.90963,48.05539],[21.90591,48.05435],[21.90181,48.05233],[21.89353,48.04973],[21.88677,48.04643],[21.88387,48.04525],[21.88048,48.04455],[21.86778,48.04309],[21.86573,48.0425],[21.86384,48.04159],[21.86255,48.04063],[21.86069,48.03884],[21.84519,48.02355],[21.84409,48.02235],[21.84335,48.02124],[21.84294,48.02001],[21.84283,48.01874],[21.84401,48.01246],[21.84383,48.01196],[21.8442,48.01135],[21.84439,48.00955],[21.84396,48.00757],[21.84279,48.00568],[21.84169,48.00461],[21.84044,48.00368],[21.82582,47.99393],[21.82354,47.99184],[21.82163,47.9894],[21.8203,47.98681],[21.81965,47.98464],[21.81564,47.96314],[21.81576,47.96158],[21.8162,47.96022],[21.82,47.95413],[21.8205,47.95307],[21.82089,47.95152],[21.82057,47.95101],[21.82089,47.95035],[21.82064,47.94897],[21.81887,47.94286],[21.8184,47.93908],[21.81853,47.93525],[21.81984,47.92689],[21.81986,47.92269],[21.81709,47.90036],[21.81671,47.89938],[21.81587,47.89825],[21.8151,47.89759],[21.81383,47.89684],[21.8108,47.89571],[21.80631,47.89433],[21.79841,47.89228],[21.79362,47.89129],[21.78855,47.89048],[21.77966,47.88956],[21.7503,47.88795],[21.74343,47.88745],[21.73411,47.88623],[21.72014,47.88354],[21.71678,47.88319],[21.71384,47.88311],[21.71056,47.88329],[21.70744,47.88372],[21.70478,47.8843],[21.70162,47.88528],[21.69926,47.88625],[21.69641,47.8877],[21.68288,47.89579],[21.67782,47.89828],[21.67407,47.89966],[21.66999,47.9008],[21.66644,47.90153],[21.66171,47.90212],[21.65549,47.90232],[21.65175,47.90212],[21.64855,47.90176],[21.64258,47.90058],[21.6319,47.8974],[21.62813,47.89648],[21.6229,47.8957],[21.61832,47.89551],[21.61325,47.8958],[21.60872,47.89657],[21.604,47.89784],[21.59138,47.90213],[21.58652,47.9032],[21.58151,47.90376],[21.57763,47.90383],[21.57259,47.9035],[21.56841,47.90286],[21.55894,47.90095],[21.55324,47.89997],[21.54844,47.89943],[21.54345,47.89922],[21.53869,47.89935],[21.53357,47.89985],[21.51628,47.90286],[21.5097,47.90368],[21.50477,47.90389],[21.4999,47.90376],[21.49534,47.90333],[21.49164,47.90274],[21.48672,47.90162],[21.48145,47.89993],[21.47698,47.89808],[21.4635,47.8919],[21.45844,47.89003],[21.45446,47.88881],[21.4494,47.88755],[21.44387,47.88651],[21.41304,47.88232],[21.40434,47.88065],[21.39886,47.87926],[21.39274,47.87736],[21.38638,47.87496],[21.38135,47.87272],[21.37556,47.8697],[21.36757,47.86481],[21.3616,47.86071],[21.35514,47.85581],[21.34859,47.85024],[21.34274,47.84463],[21.33814,47.83967],[21.32925,47.82937],[21.32429,47.82459],[21.3204,47.82141],[21.31679,47.81876],[21.29544,47.80388],[21.29186,47.80168],[21.28809,47.79973],[21.28416,47.79805],[21.27872,47.79621],[21.27442,47.79511],[21.26969,47.79421],[21.26532,47.79365],[21.26018,47.79337],[21.25615,47.79344],[21.25144,47.79387],[21.24751,47.79452],[21.23872,47.79633],[21.23269,47.79733],[21.17791,47.80465],[21.17418,47.80533],[21.171,47.80611],[21.16573,47.80801],[21.16123,47.81041],[21.15874,47.81217],[21.15693,47.81373],[21.15412,47.81693],[21.15311,47.81847],[21.15203,47.82062],[21.1511,47.82359],[21.15077,47.82673],[21.15099,47.82971],[21.15213,47.8363],[21.15224,47.83813],[21.15186,47.84018],[21.151,47.84205],[21.14943,47.84404],[21.1468,47.84611],[21.14402,47.84749],[21.14056,47.84853],[21.13766,47.84898],[21.13476,47.84906],[21.12727,47.84825],[21.12186,47.84808],[21.09584,47.84919],[21.09196,47.84895],[21.0794,47.84749],[21.07606,47.84743],[21.07305,47.84763],[21.06871,47.84841],[21.06415,47.84993],[21.06034,47.85192],[21.04987,47.85859],[21.04681,47.86026],[21.04434,47.86132],[21.04152,47.86229],[21.03638,47.86347],[21.03227,47.86396],[21.02937,47.86408],[21.00441,47.86376],[21.00078,47.86384],[20.99592,47.86421],[20.99046,47.86501],[20.98639,47.86586],[20.96862,47.87072],[20.95949,47.8726],[20.95107,47.87366],[20.92911,47.87517],[20.92027,47.87618],[20.91408,47.87722],[20.88395,47.88315],[20.87825,47.88402],[20.87097,47.88473],[20.86441,47.88498],[20.85613,47.88477],[20.8496,47.8842],[20.84109,47.8829],[20.83234,47.88085],[20.76922,47.86391],[20.76339,47.86211],[20.75838,47.85998],[20.75533,47.85826],[20.75262,47.85634],[20.7501,47.85412],[20.74819,47.85198],[20.74673,47.84991],[20.74559,47.84787],[20.74225,47.84021],[20.73974,47.83577],[20.73757,47.83266],[20.73545,47.83003],[20.73312,47.82751],[20.73049,47.82496],[20.72514,47.82061],[20.72185,47.81835],[20.71841,47.81624],[20.71455,47.81413],[20.71113,47.81249],[20.70407,47.80961],[20.69917,47.80798],[20.69523,47.80686],[20.68712,47.80506],[20.68021,47.80403],[20.66418,47.80227],[20.65739,47.80105],[20.65196,47.79975],[20.6463,47.79808],[20.58786,47.77829],[20.57959,47.77592],[20.57286,47.77451],[20.56708,47.77363],[20.56135,47.77304],[20.5407,47.77143],[20.53587,47.77088],[20.53007,47.76994],[20.52145,47.76794],[20.48034,47.75623],[20.47633,47.75548],[20.46005,47.75341],[20.45668,47.75267],[20.45294,47.75125],[20.45085,47.75009],[20.4491,47.74883],[20.44704,47.74678],[20.44412,47.74264],[20.44297,47.74128],[20.43963,47.7381],[20.43694,47.7359],[20.43468,47.73457],[20.43227,47.73352],[20.42875,47.73248],[20.42528,47.73174],[20.42137,47.73122],[20.41837,47.73101],[20.36035,47.72904],[20.35479,47.72851],[20.34964,47.72778],[20.33409,47.72461],[20.3252,47.72342],[20.31725,47.72294],[20.29053,47.72242],[20.28578,47.72212],[20.28003,47.72115],[20.24813,47.71349],[20.24098,47.71214],[20.23748,47.7118],[20.23323,47.71167],[20.2157,47.71262],[20.21125,47.71267],[20.20494,47.71239],[20.20007,47.71189],[20.19488,47.71109],[20.17404,47.707],[20.16654,47.70613],[20.16121,47.70586],[20.1569,47.70586],[20.14119,47.70669],[20.1344,47.70684],[20.09696,47.70656],[20.089,47.70621],[20.06923,47.7044],[20.06321,47.70412],[20.05595,47.70417],[20.02309,47.7062],[20.0186,47.70672],[20.01515,47.70748],[20.01096,47.70895],[20.00802,47.71041],[19.98822,47.72279],[19.98374,47.72531],[19.98069,47.72675],[19.97561,47.72875],[19.97042,47.73029],[19.96552,47.73138],[19.95943,47.73227],[19.95247,47.73269],[19.94515,47.73249],[19.94045,47.73203],[19.91742,47.72905],[19.90894,47.72817],[19.89912,47.72754],[19.86912,47.7261],[19.86372,47.72568],[19.85521,47.72445],[19.85047,47.7234],[19.84558,47.72203],[19.83807,47.71928],[19.82058,47.7112],[19.81651,47.70961],[19.81161,47.70828],[19.79391,47.7052],[19.78919,47.70419],[19.78507,47.7031],[19.77937,47.7013],[19.73484,47.68626],[19.72973,47.6848],[19.72702,47.68422],[19.72411,47.68381],[19.7204,47.68362],[19.71731,47.6837],[19.71112,47.68462],[19.69831,47.6876],[19.69468,47.68811],[19.6913,47.68838],[19.68773,47.68845],[19.68357,47.68825],[19.68035,47.6879],[19.67595,47.68711],[19.67122,47.68586],[19.66573,47.68395],[19.63137,47.67048],[19.62701,47.66891],[19.62302,47.66768],[19.57519,47.65495],[19.56861,47.65344],[19.55112,47.64994],[19.52946,47.64327],[19.52551,47.64241],[19.52091,47.6419],[19.49268,47.64071],[19.48726,47.64016],[19.48444,47.63953],[19.48207,47.63872],[19.47632,47.63587],[19.47324,47.63462],[19.47042,47.63372],[19.46218,47.63151],[19.45823,47.6307],[19.4495,47.62933],[19.4397,47.62681],[19.43594,47.62607],[19.43178,47.62556],[19.42154,47.62486],[19.41692,47.62404],[19.41357,47.62289],[19.41092,47.62154],[19.40934,47.62047],[19.4078,47.61915],[19.40508,47.61594],[19.40385,47.61483],[19.40136,47.61349],[19.39902,47.61283],[19.3965,47.61252],[19.39394,47.61251],[19.38323,47.61336],[19.37932,47.6141],[19.3744,47.61557],[19.37133,47.6163],[19.36708,47.61687],[19.36319,47.61697],[19.35845,47.61677],[19.331,47.61447],[19.32498,47.61413],[19.32373,47.61422],[19.32114,47.61486],[19.3201,47.61489],[19.31818,47.6144],[19.31735,47.61387],[19.31686,47.61333],[19.31649,47.61236],[19.31665,47.61141],[19.31959,47.60655],[19.32043,47.60466],[19.32087,47.60248],[19.32076,47.60023],[19.31996,47.59772],[19.31863,47.59555],[19.31727,47.59405],[19.31397,47.59121],[19.31277,47.5897],[19.31203,47.58773],[19.31197,47.58683],[19.31214,47.58553],[19.31264,47.58426],[19.31323,47.58335],[19.31513,47.58154],[19.31717,47.58039],[19.32192,47.57842],[19.32321,47.57772],[19.32463,47.57666],[19.32562,47.57557],[19.32653,47.5741],[19.32698,47.57241],[19.32687,47.57061],[19.32648,47.56949],[19.32559,47.56803],[19.32059,47.56339],[19.31906,47.56162],[19.31762,47.55953],[19.31623,47.5566],[19.3148,47.55106],[19.31368,47.5483],[19.31174,47.54519],[19.30798,47.5406],[19.306,47.53726],[19.30535,47.53571],[19.30463,47.53316],[19.30434,47.531],[19.30403,47.52569],[19.30368,47.52369],[19.30311,47.52171],[19.30216,47.51945],[19.30043,47.51638],[19.29773,47.51207],[19.29584,47.50991],[19.29563,47.5088],[19.29576,47.50827],[19.2963,47.50748],[19.29744,47.50671],[19.29837,47.5064],[19.30232,47.50584],[19.30354,47.5055],[19.30522,47.50458],[19.30631,47.50356],[19.30747,47.50215],[19.30856,47.50015],[19.3091,47.49838],[19.31117,47.48955],[19.31186,47.48792],[19.31282,47.48639],[19.31423,47.48476],[19.316,47.48323],[19.32794,47.47474],[19.32958,47.47313],[19.33095,47.47116],[19.33149,47.47001],[19.33199,47.46816],[19.332,47.46561],[19.33126,47.46306],[19.32936,47.45914],[19.32904,47.45719],[19.32934,47.45564],[19.33114,47.45224],[19.33175,47.45031],[19.33243,47.44319],[19.33232,47.44164],[19.33192,47.44033],[19.33099,47.43854],[19.3255,47.42972],[19.32382,47.42789],[19.32063,47.42511],[19.31892,47.42341],[19.31779,47.42196],[19.31675,47.4202],[19.31586,47.41778],[19.31553,47.41545],[19.31565,47.41333],[19.31619,47.40952],[19.3161,47.40771],[19.31546,47.40552],[19.31463,47.40397],[19.31298,47.40197],[19.31145,47.40065],[19.30968,47.39949],[19.30614,47.3976],[19.30472,47.39657],[19.30161,47.3929],[19.29984,47.39132],[19.29826,47.39039],[19.29686,47.38979],[19.29116,47.3881],[19.28846,47.3871],[19.28086,47.38352],[19.27501,47.38116],[19.23132,47.3662],[19.22705,47.36447],[19.20743,47.35568],[19.20419,47.35456],[19.20208,47.35411],[19.19991,47.35395],[19.1994,47.35405],[19.19912,47.35427],[19.19914,47.3547],[19.19958,47.35497],[19.20015,47.35494],[19.20075,47.35458],[19.20526,47.34972],[19.2111,47.34453],[19.21716,47.33969],[19.22491,47.33437],[19.23143,47.33051],[19.23672,47.32773],[19.26493,47.31431],[19.27166,47.31069],[19.27843,47.30671],[19.28648,47.30148],[19.30548,47.28802],[19.31702,47.2805],[19.32802,47.27397],[19.35132,47.26125],[19.36486,47.253],[19.37198,47.24827],[19.37935,47.24306],[19.38697,47.23731],[19.39373,47.23183],[19.39839,47.22771],[19.40245,47.22379],[19.40644,47.21952],[19.40941,47.21603],[19.41291,47.21149],[19.41884,47.20276],[19.42137,47.19935],[19.42506,47.19486],[19.43161,47.18759],[19.4354,47.18288],[19.43892,47.17792],[19.44389,47.17023],[19.44819,47.1643],[19.45192,47.15968],[19.45694,47.15407],[19.4623,47.14867],[19.46886,47.14276],[19.4757,47.13724],[19.48878,47.12756],[19.4943,47.12291],[19.49836,47.11912],[19.50403,47.11315],[19.50761,47.10888],[19.53334,47.07424],[19.53931,47.06683],[19.54537,47.06003],[19.55142,47.05387],[19.5597,47.04623],[19.56561,47.04126],[19.58423,47.02641],[19.58944,47.02197],[19.59433,47.01715],[19.59778,47.01319],[19.60044,47.00964],[19.60261,47.00635],[19.60481,47.00251],[19.60716,46.99734],[19.60854,46.99336],[19.60961,46.98948],[19.61225,46.97718],[19.61339,46.97276],[19.61468,46.96891],[19.61815,46.96028],[19.61962,46.95488],[19.62016,46.9511],[19.6203,46.94827],[19.62023,46.94555],[19.6199,46.94238],[19.619,46.938],[19.61543,46.92553],[19.61467,46.92128],[19.6144,46.9171],[19.61472,46.91195],[19.61575,46.90685],[19.61759,46.9016],[19.61887,46.89887],[19.62067,46.89569],[19.62232,46.89321],[19.62465,46.89017],[19.62815,46.8862],[19.63678,46.87694],[19.64876,46.86186],[19.65387,46.85661],[19.6587,46.85251],[19.66228,46.84988],[19.66554,46.84773],[19.67279,46.84361],[19.67929,46.84056],[19.69649,46.83336],[19.70256,46.83031],[19.70664,46.82789],[19.70955,46.82593],[19.71274,46.82353],[19.71604,46.82071],[19.71955,46.81721],[19.72261,46.81359],[19.73126,46.80132],[19.73509,46.79652],[19.73998,46.79159],[19.75077,46.78235],[19.75492,46.77853],[19.7586,46.77448],[19.76333,46.76821],[19.77749,46.74838],[19.78338,46.73918],[19.7862,46.73417],[19.78882,46.7291],[19.7999,46.70609],[19.80269,46.70132],[19.80439,46.6989],[19.80729,46.69537],[19.82249,46.6785],[19.82511,46.67508],[19.82804,46.6703],[19.82941,46.6675],[19.8305,46.66484],[19.83175,46.66065],[19.83236,46.65763],[19.8328,46.65357],[19.83411,46.62567],[19.83463,46.62234],[19.83563,46.61841],[19.83662,46.61561],[19.83778,46.61294],[19.83921,46.61018],[19.84163,46.60633],[19.846,46.60088],[19.84979,46.59705],[19.8707,46.5769],[19.87451,46.57248],[19.87776,46.56771],[19.87957,46.56439],[19.88151,46.55972],[19.88265,46.55586],[19.88525,46.54457],[19.88657,46.54066],[19.88817,46.53706],[19.88971,46.53426],[19.89189,46.53092],[19.90795,46.50973],[19.91112,46.50463],[19.91345,46.49967],[19.93227,46.45488],[19.93574,46.44768],[19.93932,46.4413],[19.9424,46.43645],[19.94597,46.43141],[19.95011,46.42614],[19.95395,46.4217],[19.96065,46.41473],[19.98213,46.39408],[19.98585,46.39005],[19.98879,46.38648],[19.99294,46.38066],[19.99628,46.37503],[19.9982,46.37114],[20.00299,46.35986],[20.00442,46.35683],[20.00671,46.35268],[20.00873,46.34956],[20.01202,46.34515],[20.01616,46.34049],[20.01961,46.33713],[20.02848,46.32928],[20.03098,46.32668],[20.03347,46.32371],[20.03606,46.3201],[20.03787,46.31704],[20.03972,46.3132],[20.04134,46.30865],[20.04211,46.30548],[20.0426,46.30241],[20.04284,46.2993],[20.0427,46.29467],[20.03636,46.24315],[20.03548,46.23765],[20.03459,46.23417],[20.0333,46.23042],[20.03181,46.227],[20.02974,46.22307],[20.0273,46.21932],[20.02513,46.21642],[20.0203,46.21102],[20.01474,46.20598],[19.97269,46.17065],[19.96992,46.16904],[19.9667,46.16778],[19.95087,46.16389],[19.94839,46.16307],[19.94629,46.16211],[19.94427,46.16089],[19.94235,46.15935],[19.93644,46.15275],[19.93427,46.15059],[19.93199,46.14894],[19.92973,46.14777],[19.92715,46.14681],[19.92488,46.14616],[19.87422,46.13286],[19.86787,46.13136],[19.85746,46.12935],[19.82335,46.1242],[19.81771,46.12307],[19.81477,46.12222],[19.81071,46.1207],[19.80695,46.11886],[19.80303,46.11638],[19.80081,46.11463],[19.79824,46.11213],[19.79681,46.11042],[19.79523,46.10808],[19.79397,46.10564],[19.79308,46.10328],[19.79029,46.09227],[19.7883,46.08664],[19.78614,46.08216],[19.78442,46.07922],[19.78047,46.07368],[19.77579,46.06851],[19.77183,46.06484],[19.76759,46.06146],[19.75742,46.05414],[19.75142,46.0491],[19.74898,46.04673],[19.74586,46.04326],[19.74204,46.03823],[19.73949,46.03405],[19.73827,46.03167],[19.737,46.02887],[19.73217,46.01693],[19.72991,46.01191],[19.72865,46.00948],[19.72558,46.00434],[19.71703,45.99113],[19.71415,45.98522],[19.71305,45.98224],[19.71198,45.97866],[19.71098,45.97314],[19.71081,45.97122],[19.71073,45.9659],[19.7116,45.95593],[19.71182,45.9516],[19.71157,45.94576],[19.71071,45.93989],[19.7098,45.936],[19.70869,45.9324],[19.70292,45.91771],[19.7012,45.91279],[19.70008,45.90851],[19.69923,45.90379],[19.69873,45.89824],[19.69877,45.89341],[19.70006,45.87633],[19.70014,45.87277],[19.69984,45.86769],[19.69937,45.8642],[19.69816,45.85863],[19.69697,45.85468],[19.68968,45.83626],[19.68823,45.83179],[19.68705,45.82574],[19.68673,45.82214],[19.6867,45.81948],[19.6869,45.81597],[19.68729,45.81295],[19.68784,45.81014],[19.68889,45.80639],[19.69764,45.7836],[19.69898,45.77926],[19.69956,45.77681],[19.70067,45.76956],[19.70291,45.74122],[19.7038,45.7361],[19.70533,45.73037],[19.70681,45.72629],[19.70887,45.72169],[19.72345,45.69467],[19.72544,45.69055],[19.72663,45.68745],[19.72758,45.68431],[19.72852,45.67898],[19.72867,45.67446],[19.72831,45.66971],[19.72764,45.66611],[19.72635,45.66184],[19.72456,45.65762],[19.72225,45.6534],[19.72004,45.6502],[19.71448,45.64316],[19.71286,45.64087],[19.7097,45.6353],[19.7084,45.63225],[19.70691,45.62751],[19.70606,45.62304],[19.70577,45.61993],[19.70575,45.61708],[19.70605,45.61331],[19.70688,45.60892],[19.70794,45.60533],[19.70984,45.60079],[19.71531,45.59042],[19.71728,45.58611],[19.71907,45.58085],[19.72025,45.57529],[19.72063,45.57161],[19.72068,45.56742],[19.71825,45.53556],[19.71831,45.53134],[19.71881,45.52702],[19.71951,45.52363],[19.72073,45.51948],[19.72224,45.51562],[19.72559,45.50801],[19.72654,45.50529],[19.72743,45.5019],[19.72838,45.49617],[19.7286,45.49264],[19.72905,45.47657],[19.72967,45.47055],[19.73101,45.46436],[19.73559,45.4501],[19.73657,45.44607],[19.73711,45.44299],[19.73762,45.43816],[19.73773,45.43349],[19.73662,45.41977],[19.73658,45.41562],[19.73706,45.4099],[19.73755,45.40705],[19.73838,45.40351],[19.7395,45.39995],[19.75039,45.36934],[19.75302,45.36217],[19.75426,45.35934],[19.75695,45.35413],[19.76049,45.3486],[19.76496,45.34281],[19.7688,45.33861],[19.77256,45.33498],[19.7756,45.3323],[19.79727,45.3148],[19.80144,45.31192],[19.80394,45.31059],[19.80676,45.30939],[19.80964,45.30844],[19.81218,45.3078],[19.81746,45.30698],[19.82152,45.30677],[19.84054,45.30663],[19.84595,45.30645],[19.85054,45.30597],[19.85406,45.30537],[19.86001,45.30387],[19.86518,45.30197],[19.86888,45.30021],[19.88933,45.28866],[19.89462,45.28584],[19.90268,45.28219],[19.91087,45.27921],[19.92054,45.27645],[19.99285,45.25986],[20.00138,45.25749],[20.00891,45.25495],[20.01478,45.25267],[20.01987,45.25045],[20.02837,45.24621],[20.03588,45.24179],[20.03946,45.23943],[20.04444,45.2358],[20.04971,45.23148],[20.05321,45.22827],[20.05721,45.22417],[20.06091,45.21995],[20.06367,45.2164],[20.06696,45.21157],[20.069,45.20812],[20.07139,45.2035],[20.07267,45.20066],[20.07441,45.19605],[20.07625,45.18962],[20.07684,45.18681],[20.08252,45.15245],[20.084,45.14589],[20.08574,45.1404],[20.08718,45.13659],[20.08892,45.13264],[20.09242,45.12592],[20.0965,45.11944],[20.0988,45.11621],[20.10212,45.11199],[20.10472,45.10897],[20.10878,45.10465],[20.11238,45.10115],[20.11623,45.09772],[20.12135,45.09355],[20.16064,45.06278],[20.1672,45.05699],[20.17317,45.05091],[20.17681,45.04669],[20.17927,45.04357],[20.18194,45.03988],[20.18464,45.03577],[20.20354,45.00253],[20.20732,44.9964],[20.21051,44.992],[20.21298,44.98896],[20.21674,44.98478],[20.22035,44.98119],[20.22531,44.97682],[20.2296,44.97344],[20.23442,44.97002],[20.23874,44.96724],[20.24673,44.96265],[20.28456,44.94177],[20.2885,44.93946],[20.29082,44.93789],[20.29492,44.93455],[20.29861,44.93063],[20.30127,44.92686],[20.30343,44.92256],[20.30462,44.91888],[20.3052,44.91575],[20.30534,44.9111],[20.30492,44.90781],[20.30388,44.90401],[20.30264,44.90117],[20.29678,44.89184],[20.29572,44.89069],[20.29461,44.88979],[20.29236,44.88855],[20.27751,44.88361],[20.27163,44.88122],[20.26623,44.87828],[20.26196,44.87526],[20.25973,44.87336],[20.25706,44.87067],[20.25493,44.86809],[20.25344,44.86593],[20.25214,44.86367],[20.25065,44.86026],[20.24997,44.85811],[20.24926,44.8548],[20.24903,44.85198],[20.24909,44.84937],[20.25078,44.83434],[20.25078,44.83279],[20.25032,44.83],[20.25035,44.82889],[20.25201,44.82373],[20.25483,44.7992],[20.25534,44.79669],[20.25629,44.79369],[20.25735,44.79124],[20.25858,44.78898],[20.26143,44.78493],[20.26994,44.77548],[20.27414,44.77117],[20.27432,44.77042],[20.27386,44.76922],[20.27407,44.7688],[20.27478,44.76848],[20.27552,44.76856],[20.27884,44.77047],[20.27996,44.77166],[20.28027,44.77246],[20.28031,44.77332],[20.27995,44.77435],[20.27913,44.77533],[20.2782,44.77596],[20.27737,44.776],[20.27668,44.77562],[20.27629,44.77434],[20.27548,44.77374],[20.26207,44.7693],[20.25968,44.7688],[20.25419,44.76879],[20.25122,44.76829],[20.24884,44.76726],[20.24718,44.766],[20.24592,44.76423],[20.24547,44.76287],[20.24542,44.76169],[20.24563,44.76052],[20.24949,44.75253],[20.2499,44.75131],[20.25013,44.74967],[20.24971,44.74682],[20.24576,44.73562],[20.24556,44.73387],[20.24585,44.73218],[20.24662,44.73042],[20.24836,44.72837],[20.25013,44.72708],[20.255,44.72454],[20.25613,44.72359],[20.25724,44.72211],[20.25789,44.72019],[20.25842,44.71511],[20.25873,44.71384],[20.2662,44.69444],[20.26706,44.69189],[20.26729,44.68966],[20.26713,44.68835],[20.26673,44.68713],[20.26562,44.68535],[20.26439,44.68396],[20.23135,44.65175],[20.22982,44.65069],[20.22484,44.64823],[20.21637,44.64537],[20.21311,44.64407],[20.21072,44.64279],[20.20765,44.64048],[20.20638,44.63917],[20.20495,44.63732],[20.20402,44.63564],[20.20239,44.63195],[20.20111,44.6297],[20.19991,44.62816],[20.1967,44.62465],[20.19491,44.62227],[20.19388,44.6203],[20.19308,44.61771],[20.19285,44.61563],[20.19312,44.6127],[20.19369,44.61077],[20.19466,44.60874],[20.19562,44.60724],[20.19808,44.6041],[20.19956,44.60175],[20.20037,44.59929],[20.20051,44.59697],[20.20022,44.59531],[20.19959,44.5935],[20.19187,44.57581],[20.19092,44.57404],[20.19041,44.57244],[20.18756,44.56559],[20.18708,44.56322],[20.18635,44.55152],[20.18602,44.54984],[20.18514,44.54742],[20.18312,44.54406],[20.18175,44.54245],[20.17956,44.54044],[20.17761,44.53901],[20.1698,44.53445],[20.16777,44.53278],[20.16666,44.53159],[20.16523,44.52945],[20.16443,44.52748],[20.16407,44.52547],[20.164,44.52027],[20.16367,44.51899],[20.16297,44.5176],[20.1619,44.51624],[20.16001,44.51469],[20.15867,44.51391],[20.15481,44.51221],[20.15349,44.51138],[20.15205,44.5101],[20.15123,44.50903],[20.15074,44.50809],[20.14955,44.50368],[20.14899,44.50269],[20.14796,44.50153],[20.14639,44.50042],[20.1451,44.49983],[20.14368,44.49939],[20.13812,44.49829],[20.13619,44.49746],[20.13344,44.49571],[20.13117,44.49456],[20.12632,44.49326],[20.12361,44.49215],[20.12215,44.49119],[20.12057,44.48965],[20.1163,44.48457],[20.11478,44.48251],[20.11436,44.48157],[20.11409,44.48034],[20.11407,44.47919],[20.11427,44.47817],[20.12458,44.45612],[20.12508,44.45459],[20.12531,44.45333],[20.12533,44.45157],[20.12512,44.45034],[20.12471,44.44897],[20.1241,44.44778],[20.12299,44.44629],[20.1217,44.44497],[20.11938,44.44332],[20.11457,44.44106],[20.11223,44.43973],[20.11053,44.43845],[20.10924,44.43721],[20.10757,44.43503],[20.10644,44.43276],[20.10588,44.43053],[20.10585,44.42179],[20.10522,44.41913],[20.1043,44.41738],[20.10318,44.41592],[20.10145,44.41426],[20.09822,44.41174],[20.09702,44.41052],[20.09604,44.40923],[20.09517,44.40769],[20.09449,44.40584],[20.09419,44.40402],[20.09419,44.40285],[20.09455,44.40068],[20.09506,44.39927],[20.09608,44.39744],[20.09753,44.39564],[20.11347,44.38183],[20.11576,44.3791],[20.11713,44.37646],[20.12002,44.36637],[20.12076,44.36456],[20.1218,44.36286],[20.12306,44.36138],[20.12608,44.35895],[20.12876,44.3575],[20.13206,44.35642],[20.16952,44.34784],[20.1778,44.34659],[20.18015,44.34603],[20.18494,44.34444],[20.19217,44.34298],[20.19391,44.34224],[20.1953,44.34139],[20.19914,44.33761],[20.20098,44.33625],[20.20246,44.33542],[20.20754,44.33317],[20.20983,44.33145],[20.21115,44.32991],[20.21226,44.32765],[20.21262,44.32556],[20.21276,44.3215],[20.21308,44.31996],[20.21361,44.31847],[20.21457,44.31655],[20.21627,44.31427],[20.21801,44.31259],[20.22007,44.31105],[20.22582,44.30784],[20.2291,44.30539],[20.23094,44.30346],[20.2324,44.30148],[20.23452,44.29727],[20.23595,44.29511],[20.23786,44.29298],[20.23961,44.29148],[20.24082,44.29059],[20.24372,44.28892],[20.25032,44.28616],[20.25468,44.28401],[20.25783,44.28206],[20.26027,44.28021],[20.26338,44.27734],[20.26601,44.27425],[20.26797,44.27117],[20.26928,44.26841],[20.27035,44.26506],[20.27072,44.2629],[20.27092,44.25965],[20.27061,44.25633],[20.2703,44.2548],[20.26917,44.25135],[20.26684,44.24694],[20.26481,44.24415],[20.26252,44.2417],[20.25693,44.23686],[20.25513,44.23478],[20.2539,44.23217],[20.25351,44.22996],[20.25361,44.22802],[20.25384,44.22686],[20.25636,44.21963],[20.25777,44.21737],[20.26147,44.21341],[20.26284,44.21131],[20.26353,44.20911],[20.26408,44.20606],[20.26448,44.20478],[20.2651,44.20349],[20.26612,44.2023],[20.26708,44.20149],[20.2686,44.20054],[20.27005,44.19988],[20.27342,44.19891],[20.27881,44.19798],[20.28109,44.19707],[20.28275,44.19586],[20.285,44.19316],[20.2863,44.19199],[20.28799,44.19112],[20.29169,44.18978],[20.2936,44.18857],[20.29502,44.18696],[20.29624,44.18408],[20.29689,44.18306],[20.29922,44.18085],[20.30041,44.17917],[20.30087,44.17773],[20.30108,44.17467],[20.30158,44.17325],[20.30218,44.1724],[20.30324,44.17138],[20.30483,44.17035],[20.30705,44.1695],[20.31152,44.16841],[20.31311,44.16763],[20.31433,44.16674],[20.31526,44.16575],[20.31608,44.16434],[20.31697,44.16082],[20.31754,44.15931],[20.31828,44.15819],[20.31917,44.15726],[20.32125,44.15593],[20.32694,44.15416],[20.32928,44.15273],[20.33059,44.15128],[20.33138,44.14978],[20.33228,44.14749],[20.33309,44.1461],[20.33426,44.14482],[20.33569,44.14382],[20.33744,44.14305],[20.33908,44.14263],[20.34092,44.14242],[20.34438,44.1424],[20.34653,44.14209],[20.34836,44.14148],[20.35047,44.14018],[20.3515,44.13917],[20.35291,44.13723],[20.35383,44.13629],[20.35769,44.13358],[20.36066,44.13047],[20.36587,44.12635],[20.36677,44.12523],[20.36831,44.12249],[20.36933,44.12136],[20.37063,44.12059],[20.37383,44.11964],[20.37497,44.11908],[20.37776,44.1167],[20.38124,44.11522],[20.38224,44.11465],[20.38317,44.11381],[20.38368,44.11309],[20.38414,44.11225],[20.38445,44.11101],[20.38426,44.1078],[20.38463,44.10606],[20.38475,44.10447],[20.38342,44.09811],[20.38251,44.09685],[20.38016,44.09514],[20.37922,44.09411],[20.37755,44.09067],[20.37457,44.08716],[20.37409,44.08612],[20.37388,44.08506],[20.37406,44.08366],[20.3765,44.07669],[20.37914,44.06616],[20.38087,44.06102],[20.38078,44.05947],[20.37967,44.05728],[20.37932,44.05593],[20.37953,44.05097],[20.37931,44.04908],[20.37719,44.04218],[20.37686,44.04144],[20.37621,44.04061],[20.37453,44.03952],[20.36747,44.03654],[20.3665,44.03588],[20.3656,44.0349],[20.36508,44.03352],[20.36527,44.0316],[20.36497,44.02976],[20.36362,44.02728],[20.35968,44.02142],[20.35887,44.01945],[20.35875,44.0181],[20.35908,44.0164],[20.35996,44.01503],[20.36226,44.01312],[20.36463,44.01211],[20.36654,44.01169],[20.37082,44.01152],[20.37982,44.01225],[20.38138,44.01204],[20.38265,44.01161],[20.38442,44.01049],[20.38677,44.00835],[20.3899,44.00647],[20.39209,44.00422],[20.39306,44.0035],[20.39486,44.00274],[20.40091,44.00072],[20.40223,43.99985],[20.40304,43.99879],[20.4034,43.9974],[20.40309,43.99607],[20.40235,43.99499],[20.40034,43.99342],[20.39968,43.99265],[20.39938,43.99207],[20.3992,43.99117],[20.39927,43.9905],[20.39974,43.98929],[20.40173,43.98704],[20.40234,43.98591],[20.40256,43.98411],[20.40255,43.98259],[20.40211,43.98005],[20.40162,43.97884],[20.40097,43.9778],[20.39704,43.97353],[20.39627,43.97248],[20.39562,43.97117],[20.39544,43.96996],[20.39547,43.96849],[20.39663,43.96168],[20.40007,43.95348],[20.40061,43.95161],[20.40066,43.95015],[20.40006,43.9455],[20.39995,43.94355],[20.40173,43.93002],[20.40177,43.92879],[20.40138,43.92689],[20.40065,43.9254],[20.39931,43.92372],[20.39776,43.92241],[20.39541,43.92113],[20.39329,43.92037],[20.39125,43.91996],[20.38862,43.91981],[20.38534,43.92013],[20.3762,43.92248],[20.37357,43.92299],[20.35412,43.92496],[20.33539,43.92909],[20.33198,43.92947],[20.32763,43.92933],[20.32431,43.9287],[20.32045,43.92738],[20.31857,43.92645],[20.3105,43.92164],[20.30769,43.92051],[20.29793,43.9183],[20.29586,43.91753],[20.29173,43.91562],[20.28919,43.9148],[20.28643,43.91439],[20.28094,43.91432],[20.27878,43.91388],[20.27728,43.91329],[20.27616,43.91261],[20.27512,43.91172],[20.27421,43.9106],[20.27359,43.90896],[20.27336,43.90609],[20.27309,43.90479],[20.27203,43.90311],[20.27065,43.90208],[20.26871,43.90133],[20.26646,43.90108],[20.2648,43.90125],[20.25973,43.90238],[20.25782,43.90237],[20.25613,43.90206],[20.25461,43.90152],[20.25292,43.90052],[20.24825,43.89648],[20.24763,43.8956],[20.24693,43.8938],[20.24673,43.89175],[20.24845,43.88627],[20.24873,43.88407],[20.24855,43.88208],[20.24802,43.88048],[20.24747,43.87939],[20.24541,43.87691],[20.2443,43.8759],[20.24094,43.87401],[20.23415,43.87099],[20.23148,43.86942],[20.23048,43.86859],[20.22881,43.86665],[20.22654,43.86322],[20.22486,43.86184],[20.22313,43.86103],[20.21643,43.85886],[20.21519,43.85816],[20.21272,43.85638],[20.20907,43.85495],[20.20658,43.85303],[20.20554,43.85249],[20.19834,43.85017],[20.19681,43.84921],[20.19459,43.84677],[20.19334,43.84601],[20.19209,43.84559],[20.19055,43.84541],[20.18934,43.84547],[20.18513,43.84622],[20.18394,43.84618],[20.18272,43.84592],[20.18141,43.84535],[20.18047,43.84467],[20.17888,43.84256],[20.17766,43.84145],[20.17601,43.84062],[20.17423,43.84019],[20.17284,43.84011],[20.16913,43.84039],[20.16481,43.84009],[20.16347,43.84022],[20.16032,43.84087],[20.1583,43.84103],[20.15644,43.84091],[20.15382,43.8403],[20.15243,43.83968],[20.14788,43.83683],[20.1458,43.83576],[20.12839,43.82851],[20.12738,43.82789],[20.12467,43.8257],[20.12312,43.82478],[20.12001,43.82343],[20.11641,43.8223],[20.11349,43.82187],[20.10451,43.8213],[20.10301,43.82094],[20.09761,43.81894],[20.09619,43.81864],[20.09514,43.81873],[20.08945,43.82117],[20.08684,43.82181],[20.08603,43.82185],[20.08401,43.82134],[20.08399,43.82116],[20.08432,43.821],[20.08592,43.81888],[20.0986,43.79554],[20.1077,43.78681],[20.10848,43.78599],[20.10873,43.78547],[20.11017,43.78501],[20.11108,43.78508],[20.1119,43.78397],[20.1124,43.78276],[20.11289,43.78207],[20.11294,43.78127],[20.11274,43.78058],[20.11158,43.78015],[20.11027,43.77922],[20.10818,43.77707],[20.10751,43.77594],[20.10494,43.773],[20.10451,43.77167],[20.10452,43.77123],[20.10515,43.77029],[20.10557,43.76929],[20.10546,43.76814],[20.10631,43.76744],[20.10673,43.76651],[20.10542,43.76551],[20.10466,43.76462],[20.10156,43.7574],[20.10116,43.75654],[20.1008,43.75625],[20.10088,43.75595],[20.1,43.75402],[20.09929,43.75342],[20.09692,43.75237],[20.09463,43.75011],[20.09391,43.74979],[20.09251,43.74962],[20.09091,43.75013],[20.09042,43.75014],[20.08927,43.74943],[20.08766,43.7491],[20.08635,43.74981],[20.08434,43.75003],[20.08277,43.74979],[20.08174,43.75004],[20.07879,43.7499],[20.07693,43.7501],[20.07379,43.74922],[20.07184,43.74979],[20.0706,43.74975],[20.06971,43.74946],[20.06893,43.74853],[20.06773,43.74836],[20.06712,43.74798],[20.06604,43.74786],[20.06487,43.74817],[20.06359,43.74782],[20.06299,43.74747],[20.06255,43.74641],[20.06213,43.74609],[20.06125,43.74598],[20.06028,43.74614],[20.05702,43.74544],[20.05644,43.74491],[20.05654,43.74429],[20.05628,43.7439],[20.05538,43.74339],[20.05455,43.74317],[20.05402,43.74244],[20.05407,43.741],[20.05553,43.73984],[20.0565,43.7394],[20.05686,43.73874],[20.0575,43.73805],[20.05783,43.73731],[20.0577,43.736],[20.05785,43.73555],[20.059,43.73468],[20.05921,43.73411],[20.05916,43.73383],[20.05829,43.73288],[20.05668,43.73255],[20.05394,43.73296],[20.05288,43.73256],[20.05194,43.73264],[20.05043,43.7325],[20.04838,43.73064],[20.04819,43.73016],[20.04728,43.72906],[20.04662,43.72864],[20.04538,43.72829],[20.04431,43.72702],[20.04422,43.72663],[20.04447,43.72598],[20.04396,43.72501],[20.04436,43.72311],[20.04412,43.72241],[20.04372,43.72218],[20.04075,43.72217],[20.04053,43.72205],[20.04054,43.72189],[20.04087,43.72174],[20.04173,43.72145],[20.0428,43.72139],[20.04395,43.72086],[20.04436,43.72032],[20.04476,43.71916],[20.04557,43.71822],[20.04498,43.71776],[20.0451,43.71732],[20.04476,43.71676],[20.04603,43.71632],[20.0469,43.71521],[20.04784,43.71458],[20.04779,43.71435],[20.04718,43.71408],[20.045,43.71344],[20.04662,43.71262],[20.04681,43.71231],[20.04681,43.71175],[20.04725,43.71095],[20.04719,43.71062],[20.0458,43.71058],[20.0441,43.7112],[20.0435,43.71096],[20.04212,43.71089],[20.04029,43.71047],[20.0388,43.71097],[20.03664,43.71088],[20.03561,43.71057],[20.03527,43.71033],[20.03462,43.70924],[20.0324,43.70705],[20.0319,43.70712],[20.03115,43.70771],[20.02962,43.70852],[20.02618,43.70915],[20.02573,43.70906],[20.02326,43.7079],[20.02222,43.70705],[20.02083,43.70693],[20.02077,43.70675],[20.02091,43.70661],[20.02266,43.70575],[20.02365,43.70459],[20.02486,43.70436],[20.0258,43.70376],[20.02793,43.70345],[20.02932,43.70286],[20.02955,43.70228],[20.02947,43.70152],[20.02873,43.70074],[20.03066,43.69966],[20.03057,43.69948],[20.02974,43.69922],[20.02973,43.69907],[20.03105,43.69874],[20.03152,43.69836],[20.03151,43.69812],[20.03112,43.69772],[20.03087,43.69647],[20.03113,43.69569],[20.03275,43.6945],[20.0328,43.69378],[20.03256,43.69312],[20.03273,43.69221],[20.03156,43.68989],[20.03001,43.68876],[20.02972,43.68767],[20.02946,43.68729],[20.02873,43.68691],[20.02748,43.68691],[20.02625,43.68664],[20.02354,43.68572],[20.02324,43.68542],[20.02279,43.68422],[20.02071,43.68329],[20.01913,43.68293],[20.01777,43.68299],[20.01718,43.6833],[20.01578,43.68453],[20.0153,43.68538],[20.01529,43.68641],[20.01444,43.68708],[20.01234,43.68783],[20.01126,43.68796],[20.00934,43.68773],[20.00806,43.68829],[20.00726,43.68911],[20.00663,43.6904],[20.0054,43.69088],[20.00279,43.69369],[20.00061,43.69465],[19.99887,43.69508],[19.99731,43.69522],[19.99555,43.69489],[19.99497,43.69417],[19.9939,43.69358],[19.99186,43.69351],[19.99003,43.69297],[19.98754,43.69259],[19.98626,43.69274],[19.98469,43.69231],[19.98412,43.69243],[19.98279,43.69332],[19.9812,43.69319],[19.98053,43.69295],[19.97854,43.69167],[19.97533,43.69068],[19.97346,43.68804],[19.97204,43.68747],[19.97081,43.68655],[19.97069,43.68544],[19.97015,43.68458],[19.96992,43.68333],[19.96881,43.68147],[19.96836,43.68126],[19.96684,43.6812],[19.96594,43.68035],[19.96522,43.67995],[19.96396,43.68014],[19.96348,43.68004],[19.96234,43.67832],[19.95958,43.677],[19.95812,43.67595],[19.95761,43.6752],[19.95666,43.67484],[19.95651,43.67199],[19.95573,43.67077],[19.9548,43.66874],[19.95554,43.66615],[19.95438,43.6658],[19.95351,43.66528],[19.95215,43.66536],[19.95187,43.66523],[19.95193,43.66503],[19.95269,43.66448],[19.95244,43.66382],[19.95256,43.6629],[19.95286,43.6629],[19.95308,43.66336],[19.95395,43.66407],[19.95421,43.66398],[19.95466,43.66323],[19.95445,43.66252],[19.95455,43.66189],[19.9544,43.66107],[19.95455,43.66054],[19.95442,43.65991],[19.95532,43.65885],[19.9554,43.65797],[19.95578,43.65681],[19.95558,43.6562],[19.95496,43.65569],[19.95652,43.65502],[19.95763,43.65328],[19.95748,43.65288],[19.95663,43.65237],[19.95718,43.65092],[19.95711,43.6496],[19.95607,43.64872],[19.95592,43.6481],[19.9565,43.64652],[19.95638,43.64531],[19.95684,43.64418],[19.9565,43.64317],[19.95584,43.6421],[19.95503,43.6416],[19.95345,43.64149],[19.95312,43.64134],[19.95313,43.64105],[19.95389,43.63983],[19.95317,43.63847],[19.95227,43.63781],[19.95173,43.63795],[19.95103,43.63879],[19.94914,43.63803],[19.94756,43.63846],[19.94677,43.63894],[19.94628,43.63884],[19.94609,43.63814],[19.94503,43.637],[19.94436,43.63585],[19.94443,43.6339],[19.94418,43.63353],[19.9428,43.63342],[19.94124,43.63306],[19.93995,43.63355],[19.93952,43.63355],[19.93924,43.63322],[19.93946,43.63218],[19.93899,43.63198],[19.93677,43.63335],[19.93575,43.63384],[19.93494,43.634],[19.93435,43.63385],[19.93375,43.63339],[19.93241,43.63134],[19.9319,43.63139],[19.93162,43.63198],[19.93132,43.63212],[19.92991,43.63197],[19.92835,43.63213],[19.92761,43.63186],[19.92742,43.6315],[19.92771,43.63111],[19.92935,43.63053],[19.92946,43.62955],[19.92885,43.62913],[19.9294,43.62831],[19.92788,43.6277],[19.92698,43.62764],[19.92663,43.62742],[19.92653,43.62708],[19.92673,43.62647],[19.9268,43.62536],[19.92721,43.62468],[19.92635,43.62436],[19.92553,43.62349],[19.92558,43.62255],[19.92452,43.62236],[19.92422,43.62209],[19.92433,43.62156],[19.92481,43.62095],[19.92478,43.62031],[19.9242,43.61922],[19.92347,43.61855],[19.92186,43.61766],[19.92171,43.61742],[19.92179,43.61717],[19.9224,43.61676],[19.92332,43.61494],[19.92401,43.61441],[19.92401,43.61418],[19.92355,43.61386],[19.92349,43.61359],[19.92375,43.61327],[19.92446,43.61292],[19.9244,43.61271],[19.92391,43.61279],[19.92334,43.61318],[19.92199,43.61496],[19.92118,43.61561],[19.91967,43.6156],[19.91762,43.61583],[19.91789,43.61694],[19.91874,43.61766],[19.919,43.61886],[19.91886,43.61902],[19.91824,43.6178],[19.91734,43.61709],[19.91638,43.61597],[19.91356,43.61675],[19.91255,43.61685],[19.9118,43.6168],[19.91038,43.61626],[19.90869,43.61618],[19.90768,43.61648],[19.90677,43.61738],[19.90536,43.61579],[19.90489,43.61566],[19.90318,43.61603],[19.9021,43.61674],[19.90127,43.61699],[19.90109,43.61687],[19.90121,43.61642],[19.90104,43.61582],[19.8993,43.6142],[19.89821,43.61386],[19.89698,43.61398],[19.8959,43.61371],[19.89546,43.61382],[19.89287,43.61308],[19.89167,43.61318],[19.89086,43.61266],[19.88833,43.61208],[19.8862,43.61109],[19.88502,43.61161],[19.88383,43.61172],[19.88362,43.61158],[19.88342,43.61084],[19.88316,43.61071],[19.88281,43.61096],[19.88261,43.61208],[19.88233,43.61238],[19.88187,43.61245],[19.88094,43.61216],[19.88027,43.61252],[19.87945,43.61255],[19.8789,43.613],[19.87767,43.61299],[19.87731,43.61356],[19.87642,43.61398],[19.87631,43.61453],[19.87466,43.61503],[19.8741,43.61622],[19.87317,43.61645],[19.87269,43.61705],[19.87235,43.61698],[19.87202,43.61668],[19.86938,43.61639],[19.86862,43.61645],[19.86719,43.61615],[19.86652,43.61628],[19.86589,43.61684],[19.86408,43.61785],[19.86108,43.61756],[19.86031,43.61734],[19.85879,43.61845],[19.85662,43.61888],[19.85484,43.61836],[19.8543,43.61794],[19.85303,43.61775],[19.85307,43.61738],[19.85449,43.61711],[19.85451,43.6167],[19.85419,43.61578],[19.85365,43.61529],[19.8524,43.61307],[19.85121,43.612],[19.85062,43.61119],[19.85059,43.60987],[19.85037,43.60934],[19.84978,43.60871],[19.84942,43.60728],[19.84861,43.6066],[19.84846,43.60663],[19.84916,43.60745],[19.84924,43.60772],[19.84905,43.60774],[19.84894,43.60741],[19.8478,43.60628],[19.84743,43.6053],[19.8467,43.6048],[19.84574,43.60449],[19.84563,43.6046],[19.84597,43.60475],[19.84422,43.60453],[19.84462,43.6041],[19.84502,43.60396],[19.84554,43.60297],[19.84606,43.60352],[19.8464,43.60356],[19.84739,43.6024],[19.84787,43.60229],[19.84826,43.60238],[19.84871,43.60336],[19.84975,43.60397],[19.84893,43.60314],[19.84876,43.60201],[19.8466,43.60167],[19.84626,43.60136],[19.84595,43.60051],[19.84531,43.60018],[19.84487,43.60009],[19.84471,43.6003],[19.84395,43.6004],[19.84256,43.60007],[19.84305,43.60042],[19.84298,43.60053],[19.84239,43.6003],[19.84021,43.60011],[19.83993,43.5996],[19.84032,43.59908],[19.84038,43.59875],[19.8383,43.59794],[19.83822,43.59757],[19.83851,43.59708],[19.83812,43.5967],[19.83695,43.59655],[19.83699,43.59705],[19.83638,43.59691],[19.83584,43.59701],[19.83506,43.59751],[19.83381,43.59754],[19.83319,43.59721],[19.83276,43.5972],[19.83152,43.59804],[19.83095,43.59819],[19.82994,43.59766],[19.82823,43.59829],[19.82672,43.59841],[19.82576,43.59811],[19.82457,43.59811],[19.82148,43.59871],[19.81979,43.59965],[19.81762,43.60038],[19.81641,43.60058],[19.81521,43.60047],[19.81462,43.60058],[19.81347,43.6013],[19.81191,43.60106],[19.81119,43.60062],[19.81099,43.60074],[19.81038,43.60183],[19.8094,43.60167],[19.80895,43.60117],[19.80807,43.60088],[19.80754,43.60012],[19.80678,43.59947],[19.80618,43.60004],[19.80611,43.6007],[19.80509,43.60133],[19.80489,43.60179],[19.8045,43.60201],[19.80318,43.60207],[19.80159,43.60258],[19.80079,43.60266],[19.79941,43.60179],[19.79847,43.60143],[19.79865,43.60127],[19.79865,43.60056],[19.79903,43.59952],[19.79919,43.59789],[19.79842,43.59638],[19.79859,43.59616],[19.79904,43.59652],[19.79959,43.59637],[19.79987,43.59544],[19.79943,43.5944],[19.80039,43.59445],[19.80094,43.59424],[19.80206,43.59464],[19.80224,43.59455],[19.80137,43.59366],[19.79943,43.59334],[19.79929,43.59301],[19.80022,43.59223],[19.80098,43.59199],[19.80152,43.59199],[19.80201,43.59162],[19.80234,43.5906],[19.80292,43.59026],[19.8032,43.58948],[19.8036,43.58899],[19.80413,43.58877],[19.80426,43.58841],[19.80491,43.58841],[19.80537,43.58818],[19.80544,43.58793],[19.80638,43.58735],[19.80701,43.58604],[19.80754,43.58544],[19.80676,43.58501],[19.80611,43.58373],[19.80506,43.58313],[19.80542,43.58255],[19.80536,43.58214],[19.8046,43.5814],[19.80341,43.58071],[19.80268,43.5806],[19.80105,43.58128],[19.80138,43.58029],[19.80211,43.5795],[19.80207,43.57899],[19.80334,43.57832],[19.80568,43.57772],[19.8068,43.57807],[19.80733,43.57863],[19.80808,43.57908],[19.80842,43.57964],[19.80905,43.57988],[19.8093,43.58013],[19.80919,43.58077],[19.81004,43.58171],[19.8114,43.58226],[19.81202,43.58209],[19.81272,43.58164],[19.81322,43.58085],[19.81293,43.58037],[19.81327,43.57941],[19.8137,43.57889],[19.8137,43.57714],[19.81272,43.57636],[19.81065,43.57539],[19.8091,43.57237],[19.80919,43.57166],[19.81005,43.57017],[19.81175,43.56981],[19.81208,43.5695],[19.81208,43.56923],[19.81354,43.56833],[19.81381,43.56779],[19.81117,43.56833],[19.81039,43.56875],[19.80756,43.56842],[19.80626,43.56732],[19.80494,43.56685],[19.80434,43.5664],[19.80232,43.56602],[19.80111,43.56553],[19.79882,43.56385],[19.79804,43.56356],[19.79638,43.56202],[19.79473,43.56142],[19.79335,43.56062],[19.79286,43.56007],[19.79257,43.55926],[19.79172,43.55846],[19.79141,43.55795],[19.79125,43.55719],[19.79033,43.55718],[19.78933,43.55683],[19.7882,43.55594],[19.78827,43.55376],[19.78811,43.55286],[19.78867,43.55208],[19.78917,43.55195],[19.78845,43.55155],[19.7875,43.55057],[19.78766,43.5498],[19.78656,43.54521],[19.78752,43.54302],[19.78863,43.54135],[19.78886,43.54072],[19.78972,43.54016],[19.7902,43.53941],[19.79129,43.53875],[19.79194,43.53761],[19.79335,43.53713],[19.79365,43.53629],[19.79472,43.53559],[19.79513,43.53492],[19.7961,43.53439],[19.79759,43.53293],[19.79791,43.53253],[19.79833,43.53121],[19.7996,43.52952],[19.79978,43.5286],[19.80174,43.5269],[19.80169,43.52628],[19.80215,43.52533],[19.80129,43.52372],[19.80144,43.5234],[19.80219,43.5228],[19.80232,43.52215],[19.8016,43.51909],[19.80209,43.51841],[19.80382,43.51758],[19.80415,43.5171],[19.80418,43.51641],[19.8035,43.5156],[19.80037,43.51421],[19.799,43.51206],[19.79914,43.51131],[19.79991,43.51087],[19.80395,43.51023],[19.80872,43.50903],[19.81089,43.5074],[19.81281,43.50536],[19.81404,43.50457],[19.81743,43.50351],[19.82025,43.50402],[19.82076,43.50377],[19.82124,43.5031],[19.82154,43.50237],[19.82166,43.49983],[19.82104,43.49815],[19.81964,43.49702],[19.81848,43.4954],[19.8183,43.49493],[19.81951,43.49115],[19.81988,43.49063],[19.82208,43.48896],[19.82278,43.48872],[19.82435,43.48861],[19.826,43.48774],[19.82709,43.48567],[19.82662,43.48377],[19.82686,43.48287],[19.82738,43.48239],[19.8298,43.48111],[19.83032,43.47977],[19.83106,43.47923],[19.8319,43.47824],[19.83225,43.47746],[19.83203,43.47642],[19.83226,43.47598],[19.83512,43.47499],[19.83586,43.47436],[19.83647,43.47296],[19.83625,43.4715],[19.83706,43.47021],[19.83735,43.46897],[19.83573,43.46631],[19.83529,43.46592],[19.83464,43.46571],[19.83455,43.46553],[19.83609,43.46314],[19.838,43.46151],[19.83779,43.46021],[19.83792,43.45909],[19.83772,43.45885],[19.83593,43.45933],[19.83086,43.45906],[19.82968,43.46009],[19.82929,43.46023],[19.82728,43.45971],[19.82568,43.45954],[19.82261,43.45888],[19.82128,43.45898],[19.81796,43.45973],[19.81591,43.45916],[19.81366,43.4592],[19.81054,43.45858],[19.80633,43.45894],[19.80383,43.45935],[19.80133,43.45865],[19.79787,43.45973],[19.79176,43.45943],[19.7882,43.45998],[19.78209,43.46019],[19.78009,43.46091],[19.77871,43.46102],[19.77752,43.46142],[19.77636,43.46148],[19.77519,43.46135],[19.77384,43.46033],[19.77288,43.46021],[19.77027,43.46078],[19.76678,43.4611],[19.76336,43.46213],[19.76011,43.46241],[19.75937,43.46289],[19.75894,43.46378],[19.75833,43.46435],[19.75779,43.46519],[19.75709,43.46554],[19.75403,43.46539],[19.7528,43.46509],[19.75115,43.46544],[19.74939,43.46523],[19.74764,43.46582],[19.74635,43.46603],[19.7445,43.46585],[19.74089,43.46456],[19.73618,43.46451],[19.73354,43.46519],[19.73252,43.46518],[19.73185,43.46491],[19.73137,43.46444],[19.73116,43.46309],[19.73087,43.4627],[19.72855,43.46119],[19.72724,43.46095],[19.72082,43.46344],[19.71975,43.46488],[19.7192,43.46515],[19.71759,43.4655],[19.71616,43.46685],[19.71435,43.46776],[19.71379,43.46863],[19.71323,43.46905],[19.7088,43.46997],[19.70771,43.46988],[19.70412,43.46894],[19.70229,43.46938],[19.70075,43.46943],[19.69823,43.47026],[19.69751,43.47017],[19.69619,43.46966],[19.69099,43.46982],[19.68973,43.46947],[19.68839,43.46886],[19.68769,43.46831],[19.68681,43.46721],[19.68545,43.46657],[19.67916,43.46598],[19.6749,43.46579],[19.67208,43.46634],[19.67061,43.4674],[19.66676,43.46794],[19.66427,43.46886],[19.66059,43.46911],[19.65829,43.46906],[19.65573,43.46944],[19.65505,43.46925],[19.65402,43.46824],[19.65089,43.46675],[19.64943,43.46646],[19.64738,43.46553],[19.64715,43.46508],[19.64653,43.46023],[19.64547,43.4589],[19.64462,43.45703],[19.64422,43.45658],[19.64297,43.45576],[19.64249,43.45511],[19.64241,43.45413],[19.64267,43.45285],[19.64238,43.45173],[19.64239,43.45095],[19.64197,43.44992],[19.64104,43.44889],[19.63976,43.44816],[19.63884,43.4473],[19.63663,43.4458],[19.63594,43.44489],[19.63607,43.44425],[19.63729,43.44278],[19.63745,43.44023],[19.63805,43.43866],[19.63817,43.43786],[19.63805,43.43606],[19.6378,43.43507],[19.63676,43.43379],[19.63332,43.43199],[19.63168,43.43095],[19.63005,43.4295],[19.62862,43.42863],[19.62831,43.42804],[19.62887,43.42537],[19.63149,43.42318],[19.63237,43.42164],[19.63277,43.42054],[19.63284,43.41938],[19.6327,43.41866],[19.63217,43.41739],[19.63134,43.41601],[19.63112,43.41528],[19.63113,43.4144],[19.63182,43.41226],[19.63222,43.41166],[19.63318,43.41085],[19.63424,43.41021],[19.63633,43.40803],[19.63856,43.4061],[19.63944,43.40484],[19.64037,43.40271],[19.64062,43.40089],[19.64097,43.40047],[19.6428,43.39928],[19.64315,43.39878],[19.64338,43.39799],[19.64309,43.39685],[19.64142,43.39473],[19.64102,43.39308],[19.64094,43.39151],[19.64191,43.38905],[19.64187,43.38802],[19.64131,43.38686],[19.63586,43.38101],[19.63503,43.37993],[19.6346,43.37956],[19.63299,43.37891],[19.63214,43.37839],[19.6304,43.37674],[19.63004,43.37591],[19.63014,43.37433],[19.62993,43.37315],[19.63008,43.37265],[19.63232,43.3699],[19.63983,43.35704],[19.6399,43.35602],[19.63961,43.35515],[19.6374,43.35274],[19.63694,43.35169],[19.63698,43.3504],[19.63762,43.34713],[19.63768,43.34567],[19.6382,43.34466],[19.6388,43.34389],[19.64162,43.34126],[19.64388,43.33772],[19.64472,43.33575],[19.64648,43.33305],[19.64719,43.33249],[19.64986,43.33125],[19.65266,43.33084],[19.65396,43.33091],[19.66036,43.33201],[19.66438,43.33142],[19.66863,43.33026],[19.66978,43.32921],[19.67102,43.32865],[19.67223,43.32782],[19.67348,43.32585],[19.67425,43.323],[19.6755,43.32185],[19.67718,43.3189],[19.6773,43.31795],[19.67895,43.31613],[19.67984,43.31463],[19.68073,43.31393],[19.68206,43.3133],[19.6862,43.31321],[19.68809,43.31255],[19.69479,43.30849],[19.69709,43.3068],[19.69843,43.30561],[19.70131,43.30419],[19.70264,43.30326],[19.70347,43.3029],[19.70719,43.30034],[19.70778,43.29975],[19.70896,43.29919],[19.70991,43.29709],[19.71091,43.29537],[19.71261,43.29339],[19.71327,43.29116],[19.71397,43.29],[19.71445,43.2894],[19.71545,43.2887],[19.71891,43.28518],[19.71974,43.28377],[19.72029,43.28203],[19.72079,43.28136],[19.72064,43.28038],[19.72017,43.28002],[19.71832,43.27927],[19.71585,43.27887],[19.71335,43.27774],[19.71062,43.27733],[19.70914,43.27628],[19.70832,43.27519],[19.70776,43.27396],[19.70763,43.27326],[19.70722,43.27258],[19.70788,43.26996],[19.7078,43.26936],[19.70752,43.26889],[19.70626,43.26784],[19.706,43.26672],[19.70508,43.26567],[19.70495,43.26532],[19.70572,43.26231],[19.70542,43.26139],[19.70594,43.26021],[19.70669,43.2591],[19.70717,43.25781],[19.7069,43.25685],[19.70519,43.25558],[19.70569,43.25371],[19.70753,43.25269],[19.70825,43.25183],[19.71014,43.25144],[19.71163,43.25056],[19.71294,43.25052],[19.71422,43.25012],[19.71606,43.25006],[19.7174,43.2497],[19.71917,43.24883],[19.71976,43.24814],[19.71986,43.2474],[19.71907,43.24603],[19.71816,43.24215],[19.71706,43.24043],[19.71561,43.23907],[19.71564,43.23804],[19.71545,43.23752],[19.71303,43.23548],[19.71279,43.23492],[19.71303,43.23441],[19.71946,43.22957],[19.72037,43.22829],[19.71996,43.22679],[19.72019,43.22615],[19.72642,43.22381],[19.72793,43.22345],[19.72995,43.22175],[19.73185,43.22151],[19.7328,43.22156],[19.73384,43.22186],[19.73572,43.22167],[19.73634,43.22179],[19.737,43.22222],[19.73743,43.22286],[19.7385,43.22351],[19.73928,43.22483],[19.73977,43.22512],[19.74037,43.22506],[19.74156,43.22437],[19.74341,43.22425],[19.74474,43.22495],[19.74572,43.22509],[19.74656,43.22444],[19.74752,43.22276],[19.74865,43.22203],[19.75013,43.22155],[19.75176,43.22151],[19.7533,43.22122],[19.75563,43.22021],[19.75794,43.21872],[19.7599,43.2181],[19.76014,43.21785],[19.7605,43.21664],[19.76108,43.2155],[19.76231,43.21446],[19.76283,43.21365],[19.76353,43.21133],[19.76431,43.20991],[19.76477,43.208],[19.76409,43.20495],[19.76337,43.20344],[19.76259,43.20269],[19.76218,43.20185],[19.76257,43.19982],[19.7631,43.19882],[19.76414,43.19757],[19.765,43.19588],[19.7661,43.19508],[19.76814,43.19467],[19.76866,43.1944],[19.7692,43.19338],[19.76927,43.19266],[19.76869,43.19135],[19.76796,43.19088],[19.76523,43.18982],[19.76195,43.18914],[19.76044,43.18857],[19.76016,43.18798],[19.76032,43.18479],[19.76137,43.18397],[19.76239,43.18228],[19.76483,43.18111],[19.76592,43.18021],[19.76952,43.17811],[19.77148,43.17643],[19.77206,43.17569],[19.77266,43.17329],[19.77263,43.17251],[19.77297,43.17192],[19.77318,43.17063],[19.77238,43.16934],[19.77201,43.1684],[19.77028,43.16645],[19.76955,43.16595],[19.76941,43.16532],[19.7707,43.1628],[19.77216,43.16095],[19.77374,43.15975],[19.77598,43.1592],[19.77847,43.15781],[19.77897,43.15704],[19.77915,43.1563],[19.77875,43.15457],[19.77942,43.15381],[19.77992,43.15225],[19.77928,43.15031],[19.77931,43.14834],[19.77872,43.14749],[19.77861,43.14647],[19.77871,43.14574],[19.77921,43.14478],[19.78002,43.14395],[19.78,43.14301],[19.77819,43.14079],[19.77663,43.13978],[19.7763,43.13936],[19.77589,43.13725],[19.7752,43.13602],[19.77515,43.13458],[19.77437,43.13248],[19.77375,43.13149],[19.77334,43.12951],[19.77292,43.12902],[19.77193,43.12845],[19.77154,43.12752],[19.77191,43.12547],[19.77194,43.12352],[19.77262,43.12206],[19.77301,43.12166],[19.77426,43.12091],[19.7749,43.11938],[19.77635,43.11831],[19.77684,43.11762],[19.77683,43.1155],[19.77725,43.11339],[19.77767,43.10977],[19.77751,43.1091],[19.77648,43.10719],[19.77502,43.10322],[19.77399,43.10097],[19.77197,43.09833],[19.77172,43.0975],[19.77168,43.09498],[19.7726,43.0927],[19.77473,43.08406],[19.77641,43.07804],[19.7757,43.07277],[19.77403,43.06974],[19.77353,43.06664],[19.77203,43.06384],[19.7721,43.06133],[19.76918,43.05034],[19.76868,43.04939],[19.76611,43.04608],[19.76741,43.0456],[19.76934,43.04413],[19.77166,43.04127],[19.77186,43.04076],[19.77171,43.04008],[19.77113,43.03959],[19.77055,43.0394],[19.7667,43.03932],[19.76508,43.03899],[19.76392,43.03837],[19.76228,43.03681],[19.75933,43.03593],[19.75812,43.03468],[19.75739,43.03415],[19.75489,43.0336],[19.75371,43.03301],[19.75147,43.03222],[19.74843,43.03046],[19.74683,43.02907],[19.74514,43.02707],[19.7384,43.02386],[19.73677,43.02227],[19.73477,43.02085],[19.73423,43.02063],[19.73437,43.01618],[19.73415,43.01378],[19.73355,43.01033],[19.73352,43.00891],[19.7343,43.00614],[19.73628,43.00433],[19.73578,43.00414],[19.73487,43.00334],[19.73391,43.00301],[19.73431,43.00288],[19.7349,43.00227],[19.73594,43.0007],[19.73571,42.99942],[19.73637,42.99874],[19.73632,42.99803],[19.73756,42.99722],[19.73848,42.99552],[19.73996,42.99447],[19.74009,42.99409],[19.73912,42.99321],[19.73758,42.99294],[19.73617,42.99246],[19.73334,42.99226],[19.73251,42.99207],[19.73187,42.99162],[19.73094,42.99135],[19.72827,42.9913],[19.72794,42.99153],[19.72709,42.99124],[19.72592,42.99126],[19.72535,42.99086],[19.72419,42.99049],[19.72321,42.99044],[19.72228,42.98995],[19.72217,42.98971],[19.72163,42.9894],[19.72136,42.98887],[19.72059,42.98844],[19.71551,42.98645],[19.71311,42.98594],[19.7097,42.98554],[19.70705,42.98466],[19.70611,42.98452],[19.7026,42.98474],[19.69936,42.98665],[19.69832,42.98689],[19.69721,42.9867],[19.69442,42.98537],[19.69252,42.98525],[19.69141,42.98548],[19.69039,42.98592],[19.68741,42.98777],[19.68612,42.98801],[19.68313,42.98766],[19.68148,42.98783],[19.68022,42.98834],[19.67895,42.98952],[19.67808,42.9897],[19.67741,42.98956],[19.67641,42.98905],[19.67508,42.98889],[19.67414,42.98826],[19.67294,42.98819],[19.6687,42.98696],[19.66699,42.9869],[19.66388,42.98521],[19.66158,42.98492],[19.6592,42.98422],[19.6574,42.98413],[19.65301,42.98295],[19.65207,42.98314],[19.65077,42.98386],[19.64904,42.98397],[19.64778,42.98428],[19.64705,42.9847],[19.64631,42.98552],[19.64564,42.98576],[19.64325,42.98559],[19.64014,42.9847],[19.63921,42.98459],[19.63854,42.98472],[19.63562,42.98586],[19.63477,42.9859],[19.6337,42.98561],[19.6332,42.98563],[19.63231,42.98608],[19.63091,42.98639],[19.62949,42.98709],[19.62837,42.98729],[19.62357,42.9868],[19.6228,42.98648],[19.62117,42.98534],[19.62067,42.98536],[19.61979,42.98581],[19.61916,42.98592],[19.61727,42.98522],[19.61615,42.98517],[19.61495,42.98555],[19.6135,42.98682],[19.61281,42.98721],[19.61203,42.98739],[19.61008,42.98743],[19.60847,42.98799],[19.60751,42.98862],[19.60636,42.99008],[19.60262,42.99171],[19.60165,42.99178],[19.5994,42.99137],[19.59782,42.99145],[19.59657,42.99176],[19.5929,42.99312],[19.59215,42.99298],[19.59123,42.99247],[19.59051,42.99131],[19.5901,42.99119],[19.58983,42.99022],[19.59004,42.98907],[19.59049,42.98858],[19.59133,42.98854],[19.59186,42.98677],[19.591,42.98692],[19.59039,42.98728],[19.58935,42.98714],[19.58895,42.98652],[19.58804,42.98575],[19.58775,42.98524],[19.58554,42.98361],[19.58293,42.98049],[19.58485,42.97861],[19.58485,42.97825],[19.58381,42.97762],[19.58321,42.97662],[19.58243,42.97627],[19.58113,42.97481],[19.58043,42.97467],[19.5795,42.97415],[19.57869,42.97405],[19.5789,42.97316],[19.57818,42.9709],[19.57819,42.96995],[19.57801,42.96969],[19.57738,42.96937],[19.57761,42.96846],[19.57746,42.96715],[19.57671,42.96655],[19.57618,42.96646],[19.57512,42.96592],[19.57456,42.96541],[19.57607,42.96536],[19.57684,42.9651],[19.5774,42.96459],[19.57787,42.9637],[19.5782,42.96271],[19.57835,42.96153],[19.57785,42.95838],[19.57784,42.95733],[19.5757,42.95515],[19.57461,42.95338],[19.57223,42.95247],[19.57171,42.95195],[19.57152,42.95147],[19.57155,42.95086],[19.57193,42.95022],[19.57635,42.94735],[19.57764,42.94616],[19.57808,42.94518],[19.57807,42.94441],[19.57784,42.94379],[19.57586,42.94124],[19.57573,42.94054],[19.57594,42.93943],[19.57578,42.93886],[19.57541,42.93846],[19.57229,42.93638],[19.57187,42.93554],[19.57236,42.93338],[19.57225,42.9319],[19.57237,42.9315],[19.57278,42.93115],[19.57395,42.93076],[19.57572,42.9298],[19.57621,42.92921],[19.57542,42.92665],[19.57509,42.9263],[19.57378,42.92559],[19.57342,42.92488],[19.57384,42.9241],[19.57627,42.92272],[19.57685,42.92199],[19.57687,42.92099],[19.57575,42.91817],[19.57513,42.91707],[19.57389,42.9154],[19.57365,42.9141],[19.57324,42.9136],[19.57201,42.91346],[19.56927,42.91377],[19.56828,42.91374],[19.56721,42.91341],[19.56611,42.91266],[19.5651,42.91134],[19.56461,42.90974],[19.5637,42.90854],[19.56323,42.90706],[19.56263,42.90638],[19.56173,42.90589],[19.55717,42.9052],[19.55633,42.90494],[19.55441,42.90398],[19.55265,42.9038],[19.55193,42.90402],[19.55142,42.90443],[19.55071,42.90652],[19.54985,42.90752],[19.54878,42.90803],[19.54586,42.90857],[19.54516,42.90828],[19.54478,42.90755],[19.54445,42.9073],[19.54291,42.9072],[19.54142,42.90682],[19.54084,42.90656],[19.53974,42.90571],[19.53793,42.90538],[19.53702,42.90467],[19.53673,42.9041],[19.53666,42.90348],[19.53708,42.90209],[19.53717,42.90075],[19.53742,42.90012],[19.5387,42.89845],[19.53937,42.89715],[19.5395,42.89619],[19.53885,42.89487],[19.53876,42.8943],[19.54002,42.89189],[19.53992,42.89131],[19.53959,42.89091],[19.53894,42.89055],[19.53785,42.89027],[19.53744,42.88978],[19.53757,42.88923],[19.53811,42.88838],[19.53979,42.88719],[19.53999,42.88689],[19.53989,42.88639],[19.53808,42.88398],[19.53759,42.88169],[19.53794,42.88087],[19.53932,42.87962],[19.53944,42.87877],[19.53908,42.87831],[19.53851,42.87807],[19.53551,42.87795],[19.53365,42.87751],[19.53298,42.87705],[19.53246,42.87644],[19.53198,42.87457],[19.53151,42.87401],[19.53077,42.87374],[19.5284,42.87368],[19.52768,42.87334],[19.52718,42.87278],[19.52701,42.87213],[19.52701,42.87078],[19.52594,42.86369],[19.5254,42.86262],[19.52297,42.8595],[19.52222,42.8576],[19.52206,42.8568],[19.52218,42.85603],[19.52265,42.85527],[19.52522,42.85332],[19.52584,42.85264],[19.52628,42.85141],[19.52615,42.85043],[19.52493,42.84835],[19.52238,42.84641],[19.52099,42.84605],[19.51848,42.84611],[19.5164,42.84542],[19.51402,42.84499],[19.51411,42.84421],[19.51322,42.84365],[19.51301,42.84233],[19.51343,42.84146],[19.51335,42.84128],[19.51447,42.83822],[19.51446,42.83743],[19.5141,42.83587],[19.515,42.83451],[19.51434,42.83241],[19.51459,42.82966],[19.51439,42.8292],[19.51336,42.82806],[19.51245,42.82598],[19.5122,42.82467],[19.5116,42.82328],[19.50992,42.82153],[19.50901,42.82018],[19.50958,42.81852],[19.51057,42.81774],[19.51171,42.81624],[19.51188,42.81545],[19.51338,42.81526],[19.51409,42.81492],[19.51494,42.81378],[19.51594,42.81329],[19.5157,42.81251],[19.51578,42.81214],[19.51678,42.81169],[19.51704,42.81138],[19.51691,42.81032],[19.51734,42.80883],[19.51697,42.80785],[19.51733,42.80673],[19.51722,42.80599],[19.51672,42.80529],[19.51545,42.80419],[19.51484,42.80293],[19.51354,42.80202],[19.51339,42.80172],[19.51353,42.80145],[19.51429,42.80091],[19.51424,42.80011],[19.51505,42.79808],[19.51505,42.79678],[19.51546,42.79633],[19.51695,42.79533],[19.51663,42.79421],[19.51691,42.79353],[19.51837,42.79221],[19.51908,42.79205],[19.52174,42.79201],[19.52325,42.7908],[19.52374,42.79058],[19.53039,42.78988],[19.53449,42.79036],[19.53602,42.79077],[19.53802,42.79027],[19.53896,42.78966],[19.54121,42.7865],[19.54136,42.78602],[19.5412,42.78507],[19.5413,42.78443],[19.54172,42.78382],[19.54281,42.78284],[19.54297,42.78184],[19.54338,42.78068],[19.54457,42.77918],[19.54519,42.777],[19.54509,42.77635],[19.5443,42.77504],[19.54215,42.77419],[19.54112,42.77343],[19.54085,42.77253],[19.54097,42.77165],[19.54165,42.77066],[19.54424,42.76907],[19.5463,42.76869],[19.54806,42.76791],[19.54861,42.76735],[19.54973,42.76487],[19.55164,42.76393],[19.55175,42.76349],[19.55126,42.76185],[19.55157,42.76066],[19.55155,42.75998],[19.55132,42.75851],[19.55096,42.75757],[19.5505,42.75717],[19.54938,42.75665],[19.54621,42.75563],[19.54508,42.75494],[19.54572,42.75436],[19.54578,42.75389],[19.54172,42.75161],[19.5414,42.75104],[19.54154,42.74996],[19.54132,42.74915],[19.53927,42.7471],[19.53827,42.74634],[19.53631,42.74526],[19.52955,42.7428],[19.52556,42.74094],[19.51303,42.73275],[19.51241,42.7322],[19.51106,42.73045],[19.51006,42.72886],[19.50609,42.71939],[19.50533,42.71837],[19.50109,42.71397],[19.50025,42.71252],[19.49973,42.71125],[19.49928,42.70936],[19.49883,42.70567],[19.49904,42.69985],[19.49883,42.69724],[19.49535,42.68275],[19.49423,42.68104],[19.49087,42.67704],[19.48963,42.67533],[19.47987,42.65696],[19.47861,42.65503],[19.47736,42.65362],[19.47635,42.65272],[19.47191,42.64965],[19.46814,42.64743],[19.46614,42.64664],[19.46142,42.64537],[19.4597,42.64471],[19.45793,42.64361],[19.4554,42.64144],[19.45349,42.6404],[19.45234,42.64001],[19.44857,42.63923],[19.44611,42.63824],[19.44459,42.63714],[19.44101,42.63371],[19.43869,42.63234],[19.42887,42.62864],[19.41868,42.62504],[19.41478,42.62345],[19.41315,42.62239],[19.41144,42.62085],[19.40942,42.6181],[19.40822,42.61686],[19.40095,42.61222],[19.39902,42.61051],[19.39795,42.60901],[19.39482,42.60296],[19.39444,42.60153],[19.39451,42.5988],[19.39434,42.59787],[19.39381,42.59673],[19.39169,42.5938],[19.39125,42.59267],[19.39111,42.59173],[19.39126,42.59016],[19.39212,42.58832],[19.39304,42.58726],[19.39695,42.5837],[19.39823,42.58212],[19.39879,42.58099],[19.39919,42.57914],[19.39911,42.57769],[19.39844,42.5755],[19.39739,42.57376],[19.3951,42.57086],[19.39339,42.56946],[19.3914,42.56854],[19.3866,42.56725],[19.38478,42.56652],[19.38334,42.56563],[19.38057,42.5635],[19.37477,42.56039],[19.37304,42.5592],[19.36564,42.55137],[19.36454,42.54988],[19.36406,42.54865],[19.36386,42.54733],[19.36403,42.54317],[19.36394,42.54208],[19.36336,42.54042],[19.36212,42.53885],[19.36097,42.53793],[19.35974,42.53723],[19.34408,42.52947],[19.34182,42.52811],[19.34041,42.52682],[19.33896,42.52507],[19.33616,42.52009],[19.3354,42.51893],[19.3344,42.51791],[19.33322,42.51702],[19.33163,42.51613],[19.32517,42.51359],[19.32282,42.51226],[19.32055,42.51041],[19.3093,42.50019],[19.30816,42.49865],[19.3072,42.49645],[19.30688,42.4943],[19.3067,42.48947],[19.30651,42.48834],[19.30602,42.48683],[19.30315,42.4821],[19.30245,42.47929],[19.30197,42.47825],[19.30093,42.47718],[19.29941,42.47629],[19.2989,42.47574],[19.29888,42.47514],[19.2994,42.47436],[19.29948,42.4739],[19.29851,42.47185],[19.29848,42.47128],[19.29894,42.47069],[19.30017,42.47002],[19.3003,42.46969],[19.27765,42.44414],[19.27616,42.44206],[19.27311,42.44137],[19.27173,42.44134],[19.26768,42.44241],[19.26536,42.43811],[19.24576,42.44384],[19.24484,42.4421],[19.24425,42.44162],[19.24143,42.4405],[19.23951,42.44107],[19.23863,42.43942],[19.22844,42.43539],[19.22801,42.43537],[19.22765,42.43506],[19.22469,42.43373],[19.22373,42.43285],[19.22316,42.43176],[19.22309,42.4307],[19.22358,42.42841],[19.22336,42.42755],[19.22289,42.42694],[19.21667,42.42278],[19.2163,42.42268],[19.21601,42.42233],[19.20892,42.41765],[19.20839,42.41755],[19.20807,42.41709],[19.20597,42.41582],[19.2042,42.41523],[19.2024,42.415],[19.19337,42.41544],[19.1917,42.41488],[19.18968,42.413],[19.18846,42.41249],[19.18747,42.41239],[19.17929,42.41261],[19.17753,42.41225],[19.17604,42.41156],[19.17457,42.41025],[19.17404,42.40934],[19.17377,42.40831],[19.17393,42.40685],[19.17505,42.40442],[19.17502,42.40378],[19.17473,42.40313],[19.17401,42.40247],[19.17066,42.40057],[19.16817,42.39813],[19.16701,42.39729],[19.16566,42.39662],[19.16305,42.3959],[19.16054,42.39579],[19.15918,42.39594],[19.15527,42.3969],[19.15397,42.39699],[19.15218,42.39664],[19.14931,42.395],[19.14817,42.3947],[19.14704,42.39469],[19.14297,42.39546],[19.14046,42.39527],[19.139,42.39477],[19.13439,42.39249],[19.13285,42.39213],[19.1286,42.39157],[19.12354,42.38976],[19.12154,42.38961],[19.11724,42.3901],[19.11513,42.3898],[19.1139,42.38931],[19.10992,42.38703],[19.10675,42.38582],[19.10389,42.38374],[19.10225,42.38318],[19.09934,42.38305],[19.09742,42.38251],[19.0962,42.38249],[19.09515,42.38279],[19.09059,42.3852],[19.0896,42.38552],[19.08449,42.38564],[19.08049,42.38607],[19.07768,42.38618],[19.07386,42.3871],[19.07206,42.38721],[19.06622,42.3862],[19.05768,42.38627],[19.05679,42.38613],[19.05606,42.38579],[19.05542,42.38518],[19.05518,42.38473],[19.0551,42.38413],[19.05522,42.38363],[19.05582,42.38285],[19.05847,42.38099],[19.059,42.38017],[19.05914,42.37934],[19.0589,42.37844],[19.0583,42.37768],[19.05742,42.37713],[19.05615,42.37677],[19.05493,42.37677],[19.05387,42.37702],[19.05301,42.37744],[19.05112,42.37901],[19.05021,42.37932],[19.04919,42.37938],[19.04788,42.379],[19.04603,42.37756],[19.04477,42.37706],[19.04326,42.3771],[19.04042,42.37785],[19.03878,42.37768],[19.03771,42.37715],[19.03518,42.37523],[19.03409,42.3749],[19.03312,42.37487],[19.03215,42.3751],[19.03131,42.37556],[19.03007,42.37703],[19.02872,42.37804],[19.02554,42.37924],[19.02106,42.38007],[19.0182,42.38104],[19.01567,42.38103],[19.01337,42.38161],[19.01177,42.38157],[19.00984,42.38179],[19.00721,42.38117],[19.0039,42.38096],[18.99898,42.37933],[18.99122,42.37754],[18.98908,42.37754],[18.98518,42.3786],[18.98331,42.37858],[18.98245,42.37837],[18.98141,42.37784],[18.97965,42.37627],[18.97842,42.37594],[18.97754,42.37624],[18.97644,42.37751],[18.97449,42.37817],[18.97306,42.37926],[18.97137,42.37971],[18.96875,42.38125],[18.96709,42.38284],[18.96498,42.38313],[18.96338,42.38383],[18.96227,42.38372],[18.96036,42.38283],[18.95961,42.38264],[18.95868,42.38271],[18.95735,42.38337],[18.95672,42.38347],[18.95592,42.38331],[18.95377,42.38245],[18.94975,42.38208],[18.9489,42.38225],[18.94812,42.38263],[18.94626,42.38476],[18.9454,42.38538],[18.94442,42.38566],[18.94214,42.38567],[18.94086,42.38592],[18.94025,42.38621],[18.93813,42.38787],[18.93677,42.38846],[18.93531,42.38843],[18.93214,42.38719],[18.931,42.38687],[18.93032,42.38689],[18.93022,42.38667],[18.93084,42.3853],[18.9311,42.38414],[18.93194,42.38302],[18.93246,42.38202],[18.93303,42.37934],[18.93421,42.37741],[18.93429,42.37685],[18.93409,42.37523],[18.93484,42.37386],[18.93496,42.37336],[18.93454,42.37133],[18.93456,42.37021],[18.93491,42.36919],[18.93598,42.36774],[18.93616,42.36717],[18.93593,42.36632],[18.93435,42.36478],[18.93358,42.36319],[18.93356,42.36182],[18.93427,42.35964],[18.93406,42.35893],[18.93325,42.3577],[18.93318,42.35718],[18.93379,42.35482],[18.93348,42.35189],[18.93412,42.34889],[18.93379,42.34765],[18.93234,42.34592],[18.93204,42.3451],[18.93237,42.34412],[18.93435,42.34234],[18.93473,42.34154],[18.93456,42.34085],[18.93347,42.33968],[18.93326,42.33894],[18.93367,42.33737],[18.93343,42.33588],[18.93348,42.33519],[18.93454,42.33318],[18.93469,42.33221],[18.93429,42.33129],[18.93257,42.32935],[18.93239,42.32865],[18.9336,42.3264],[18.93498,42.32485],[18.93523,42.32388],[18.93445,42.32182],[18.93488,42.32063],[18.93489,42.3201],[18.93345,42.31845],[18.93326,42.31761],[18.93346,42.31712],[18.93513,42.31511],[18.93688,42.314],[18.93776,42.31268],[18.93922,42.31128],[18.93942,42.31075],[18.93965,42.30831],[18.94031,42.30681],[18.94025,42.30608],[18.93925,42.30465],[18.93859,42.30296],[18.93822,42.30249],[18.93732,42.30216],[18.93456,42.30199],[18.93399,42.30212],[18.93351,42.30245],[18.93293,42.30406],[18.93159,42.30591],[18.93108,42.3064],[18.93023,42.30673],[18.92932,42.30675],[18.92713,42.30622],[18.92644,42.30575],[18.92568,42.30475],[18.92486,42.30433],[18.92276,42.30431],[18.92045,42.30384],[18.91856,42.30441],[18.91667,42.30465],[18.91447,42.30564],[18.91349,42.30565],[18.91166,42.30517],[18.91015,42.3052],[18.90649,42.30574],[18.90358,42.30678],[18.90266,42.30691],[18.90191,42.30662],[18.90125,42.3057],[18.90082,42.30541],[18.90023,42.30532],[18.89874,42.30557],[18.89812,42.30552],[18.89565,42.30438],[18.89358,42.30365],[18.89294,42.3032],[18.89179,42.30165],[18.89136,42.30142],[18.89048,42.30132],[18.88732,42.30246],[18.88434,42.30466],[18.88373,42.30549],[18.88329,42.30581],[18.88149,42.30607],[18.87692,42.30784],[18.87485,42.30828],[18.86903,42.31109],[18.86689,42.31262],[18.86379,42.31347],[18.86087,42.3155],[18.86003,42.31563],[18.8576,42.31522],[18.85598,42.3152],[18.85555,42.3153],[18.85499,42.31576],[18.85462,42.31574],[18.85455,42.31557],[18.85473,42.31538],[18.85751,42.31461],[18.85978,42.31346],[18.86016,42.31277],[18.85995,42.31164],[18.86009,42.31099],[18.86161,42.30968],[18.86276,42.3093],[18.86458,42.30954],[18.86554,42.30934],[18.87146,42.3052],[18.87325,42.30428],[18.87451,42.30279],[18.87578,42.30179],[18.8767,42.30127],[18.87631,42.30107],[18.87398,42.30216],[18.87186,42.30391],[18.86968,42.30417],[18.86834,42.30491],[18.86659,42.3053],[18.86494,42.30609],[18.86419,42.30615],[18.86279,42.30576],[18.86138,42.30564],[18.86033,42.30508],[18.85908,42.30477],[18.85853,42.30448],[18.85767,42.30312],[18.85651,42.30179],[18.85591,42.29989],[18.85556,42.29954],[18.85473,42.2994],[18.85357,42.29987],[18.85312,42.29975],[18.85313,42.29941],[18.85392,42.29891],[18.85438,42.29806],[18.85548,42.29681],[18.85598,42.29559],[18.85583,42.29506],[18.85466,42.29437],[18.85446,42.29385],[18.85535,42.28873],[18.85599,42.28744],[18.85694,42.28609],[18.85813,42.28497],[18.85868,42.28481],[18.85911,42.28505],[18.86002,42.28653],[18.86023,42.28728],[18.86051,42.28756],[18.86123,42.28754],[18.86199,42.2866],[18.86238,42.28637],[18.86289,42.28645],[18.8633,42.28705],[18.86353,42.28695],[18.8632,42.28645],[18.86216,42.28587],[18.8618,42.28598],[18.86135,42.28648],[18.86092,42.28641],[18.86046,42.28498],[18.85982,42.28404],[18.85954,42.28294],[18.85932,42.28267],[18.85879,42.28262],[18.85821,42.28307],[18.85746,42.28338],[18.85701,42.28338],[18.85695,42.28317],[18.85904,42.28239],[18.85963,42.28251],[18.86049,42.28327],[18.86114,42.28355],[18.86426,42.2836],[18.86511,42.28337],[18.86666,42.28237],[18.86774,42.28208],[18.86967,42.28234],[18.87142,42.28346],[18.87263,42.28345],[18.87432,42.28313],[18.87606,42.28358],[18.87673,42.28325],[18.87791,42.2818],[18.87827,42.28158],[18.87911,42.28149],[18.88106,42.28183],[18.88236,42.28133],[18.88232,42.28104],[18.88269,42.28097]]}},{"type":"Feature","properties":{"name":"GraphHopper Track","mode":"ride","distance_km":"223.1"},"geometry":{"type":"LineString","coordinates":[[24.00928,49.8345],[24.00952,49.83474],[24.00728,49.8348],[24.00528,49.83544],[24.00463,49.83598],[24.00388,49.83712],[24.00695,49.83819],[24.0182,49.84261],[24.02276,49.84321],[24.02474,49.84425],[24.0268,49.84468],[24.02925,49.84476],[24.0291,49.84636],[24.02781,49.84804],[24.02675,49.85043],[24.02684,49.85095],[24.02901,49.85072],[24.03016,49.8514],[24.03528,49.85306],[24.04393,49.85401],[24.05253,49.86419],[24.0536,49.86485],[24.05358,49.86558],[24.06036,49.87351],[24.06171,49.87451],[24.06365,49.87477],[24.06417,49.87516],[24.06414,49.87569],[24.05938,49.88394],[24.05925,49.89052],[24.05364,49.91219],[24.05292,49.92897],[24.05138,49.93176],[24.05127,49.93355],[24.05432,49.94472],[24.05494,49.94793],[24.05516,49.94842],[24.05874,49.9524],[24.07591,49.97496],[24.07622,49.97525],[24.07757,49.97579],[24.0781,49.97823],[24.07805,49.97943],[24.07711,49.97982],[24.07649,49.98046],[24.07651,49.98124],[24.07634,49.98149],[24.07132,49.986],[24.00476,50.04345],[24.00064,50.04602],[23.99245,50.05073],[23.99206,50.05114],[23.99201,50.05173],[23.99268,50.05422],[23.99309,50.05759],[23.99293,50.05842],[23.99166,50.06166],[23.99056,50.063],[23.989,50.06435],[23.98161,50.06859],[23.98153,50.06877],[23.98354,50.07255],[23.98457,50.07371],[24.00257,50.0884],[24.04881,50.12517],[24.04943,50.12605],[24.05187,50.13143],[24.05309,50.13337],[24.09447,50.16656],[24.10927,50.19102],[24.12446,50.21675],[24.13407,50.23338],[24.13627,50.23513],[24.13835,50.23595],[24.13888,50.23647],[24.13893,50.23686],[24.13801,50.24304],[24.13742,50.24437],[24.13787,50.24587],[24.13569,50.2506],[24.13564,50.25106],[24.13582,50.25147],[24.16844,50.289],[24.19959,50.32545],[24.20011,50.3261],[24.20136,50.32844],[24.20453,50.33493],[24.20913,50.3418],[24.2195,50.36525],[24.22014,50.36574],[24.22,50.36595],[24.21913,50.36624],[24.21327,50.37064],[24.21218,50.37157],[24.21141,50.37251],[24.21094,50.37332],[24.20994,50.37653],[24.20995,50.37762],[24.21041,50.37871],[24.21247,50.38173],[24.21348,50.38268],[24.2153,50.38362],[24.22566,50.38816],[24.22731,50.38914],[24.22978,50.38827],[24.23,50.38852],[24.23056,50.39066],[24.23056,50.3916],[24.23006,50.39167],[24.22731,50.38914],[24.2249,50.39088],[24.22467,50.39153],[24.22388,50.39173],[24.18188,50.40051],[24.17744,50.40122],[24.17236,50.40138],[24.18157,50.4265],[24.18851,50.45095],[24.18457,50.47426],[24.17772,50.48893],[24.17789,50.48911],[24.17767,50.48921],[24.18628,50.5211],[24.18652,50.53025],[24.18643,50.53131],[24.18599,50.53269],[24.18182,50.54052],[24.18192,50.54069],[24.18169,50.54075],[24.17619,50.55105],[24.17529,50.55307],[24.16642,50.59434],[24.16629,50.59552],[24.16662,50.59674],[24.16759,50.59791],[24.17823,50.6072],[24.18072,50.60986],[24.18999,50.62083],[24.1913,50.623],[24.19156,50.62424],[24.19158,50.62514],[24.19123,50.62683],[24.18976,50.63052],[24.18866,50.63312],[24.18771,50.63465],[24.17517,50.65238],[24.15503,50.67924],[24.15396,50.68103],[24.15354,50.68307],[24.15308,50.70527],[24.1536,50.70643],[24.15418,50.70714],[24.16295,50.71321],[24.16008,50.71795],[24.15203,50.7263],[24.15131,50.72745],[24.15122,50.72862],[24.15367,50.73823],[24.154,50.73906],[24.15477,50.74014],[24.15673,50.74159],[24.18086,50.75122],[24.22438,50.77454],[24.2254,50.7754],[24.2388,50.79269],[24.24708,50.80058],[24.25316,50.80791],[24.25406,50.8087],[24.25747,50.81095],[24.26731,50.81645],[24.27251,50.81966],[24.28224,50.82575],[24.30001,50.83742],[24.30606,50.84098],[24.31071,50.845],[24.31198,50.84587],[24.31338,50.84647],[24.31431,50.84598],[24.3192,50.84499],[24.32062,50.84835],[24.32055,50.84961],[24.32106,50.85029],[24.32147,50.85288],[24.32286,50.85622],[24.33165,50.88026],[24.33197,50.89707],[24.33225,50.89776],[24.33484,50.90184],[24.33511,50.90254],[24.33763,50.91625],[24.34003,50.92757],[24.34107,50.93045],[24.34194,50.93222],[24.34292,50.9348],[24.34236,50.93501],[24.33114,50.94631],[24.31229,50.96375],[24.27852,51.00722],[24.2773,51.00858],[24.27569,51.00998],[24.27285,51.01194],[24.24198,51.03062],[24.18422,51.06051],[24.18092,51.06247],[24.17897,51.06398],[24.17622,51.06694],[24.15212,51.09668],[24.14809,51.10176],[24.1423,51.1107],[24.14149,51.11156],[24.14019,51.11265],[24.13469,51.1153],[24.1318,51.11653],[24.11901,51.12273],[24.10287,51.1332],[24.09391,51.14114],[24.06312,51.1705],[24.05481,51.1786],[24.05163,51.18342],[24.05135,51.18437],[24.05029,51.20216],[24.05847,51.20256],[24.05857,51.20268],[24.05031,51.20229],[24.05017,51.20348],[24.04968,51.2043],[24.03621,51.21567],[24.03221,51.21656],[24.03167,51.21685],[24.03154,51.21712],[24.03234,51.22706],[24.03422,51.23329],[24.03377,51.2764],[24.03331,51.28033],[24.03274,51.282],[24.03385,51.28488],[24.03361,51.28914],[24.0334,51.28974],[24.03298,51.29034],[23.99426,51.33065],[23.99438,51.33507],[23.98387,51.36304],[23.98307,51.36388],[23.96897,51.37001],[23.96795,51.37068],[23.96756,51.37112],[23.9672,51.37215],[23.96704,51.38132],[23.96674,51.38229],[23.93529,51.42831],[23.93165,51.43686],[23.92459,51.45429],[23.92084,51.46294],[23.91966,51.46403],[23.91241,51.46915],[23.91152,51.47019],[23.91116,51.47126],[23.91136,51.47236],[23.91166,51.47297],[23.92229,51.4866],[23.91421,51.51811],[23.89552,51.5177],[23.89173,51.519],[23.89068,51.5195]]}},{"type":"Feature","properties":{"name":"GraphHopper Track","mode":"ride","distance_km":"48.7"},"geometry":{"type":"LineString","coordinates":[[30.79842,36.89992],[30.79861,36.90142],[30.79892,36.9018],[30.79915,36.90178],[30.7996,36.90537],[30.80012,36.90791],[30.80178,36.90795],[30.80214,36.90968],[30.80236,36.90979],[30.80496,36.90967],[30.80524,36.91208],[30.80553,36.91313],[30.80554,36.91439],[30.80626,36.92006],[30.80644,36.92058],[30.80702,36.92133],[30.80867,36.92251],[30.80897,36.92297],[30.8092,36.92643],[30.80913,36.92713],[30.80814,36.92881],[30.80547,36.93153],[30.80541,36.93194],[30.8056,36.93222],[30.8064,36.9324],[30.80674,36.93222],[30.80689,36.93194],[30.80685,36.93163],[30.80654,36.93129],[30.77327,36.91209],[30.77181,36.91077],[30.76522,36.90265],[30.76371,36.90108],[30.76265,36.90057],[30.76159,36.90075],[30.75906,36.90194],[30.7482,36.90759],[30.73768,36.91111],[30.73411,36.91197],[30.72303,36.91349],[30.72132,36.91358],[30.70458,36.91242],[30.70167,36.91199],[30.66485,36.90126],[30.65579,36.90049],[30.64482,36.9015],[30.6367,36.9003],[30.62434,36.89976],[30.62189,36.89936],[30.62099,36.89884],[30.61934,36.89827],[30.61886,36.89647],[30.61005,36.88529],[30.6096,36.8845],[30.60948,36.88335],[30.61021,36.87461],[30.60956,36.86184],[30.60631,36.85618],[30.59776,36.84217],[30.59596,36.83888],[30.59531,36.83648],[30.5953,36.83107],[30.59498,36.82702],[30.59475,36.82602],[30.59376,36.82358],[30.5932,36.82065],[30.59274,36.81942],[30.5911,36.81715],[30.5874,36.81408],[30.58714,36.81339],[30.58702,36.81237],[30.58667,36.81173],[30.58385,36.80964],[30.58356,36.80897],[30.58355,36.80743],[30.58313,36.80653],[30.58252,36.80593],[30.58056,36.80456],[30.57946,36.80265],[30.57871,36.80167],[30.57802,36.80122],[30.57348,36.79971],[30.57273,36.79917],[30.5722,36.79837],[30.57206,36.79728],[30.57367,36.79252],[30.57345,36.78984],[30.57309,36.78801],[30.57258,36.78704],[30.57172,36.78607],[30.56736,36.78325],[30.56683,36.78275],[30.56651,36.78202],[30.56695,36.78084],[30.57265,36.77279],[30.57287,36.77204],[30.57252,36.77055],[30.56978,36.765],[30.56952,36.76405],[30.56927,36.7619],[30.5696,36.75905],[30.56946,36.75808],[30.568,36.75477],[30.56553,36.74831],[30.56412,36.7466],[30.56132,36.74432],[30.56079,36.74368],[30.55558,36.73661],[30.55424,36.73458],[30.55376,36.73339],[30.55366,36.7318],[30.55413,36.73057],[30.55676,36.7276],[30.55731,36.72686],[30.5579,36.72559],[30.55818,36.724],[30.55769,36.72118],[30.55804,36.72115],[30.56161,36.72198],[30.56235,36.72028],[30.56304,36.71755],[30.56471,36.71513],[30.56635,36.70738],[30.56705,36.70588],[30.56869,36.70388],[30.56947,36.70251],[30.56967,36.70168],[30.56966,36.69751],[30.56986,36.69596],[30.57128,36.69568],[30.57144,36.69643]]}},{"type":"Feature","properties":{"name":"GraphHopper Track","mode":"ride","distance_km":"255.5"},"geometry":{"type":"LineString","coordinates":[[29.11601,37.92443],[29.11595,37.92254],[29.11632,37.92106],[29.11653,37.92083],[29.11847,37.91983],[29.12111,37.9191],[29.1219,37.91855],[29.12242,37.91797],[29.12168,37.91289],[29.12201,37.9106],[29.13599,37.87218],[29.13668,37.8706],[29.14348,37.85204],[29.14375,37.85081],[29.14368,37.84959],[29.14317,37.84806],[29.14222,37.84659],[29.14046,37.84484],[29.13723,37.84218],[29.13239,37.83779],[29.12384,37.8306],[29.12255,37.82926],[29.1209,37.82711],[29.11848,37.82353],[29.11805,37.82339],[29.11768,37.8236],[29.11778,37.82399],[29.11848,37.82408],[29.12928,37.82149],[29.13206,37.82108],[29.15204,37.81975],[29.15308,37.81949],[29.15693,37.81782],[29.15788,37.81727],[29.16134,37.814],[29.16282,37.81305],[29.16398,37.81274],[29.17177,37.81152],[29.17418,37.81069],[29.17613,37.80942],[29.17795,37.80761],[29.17912,37.80538],[29.1802,37.80086],[29.18094,37.79975],[29.18196,37.79888],[29.18678,37.79632],[29.1881,37.79542],[29.18891,37.79451],[29.19011,37.79219],[29.19113,37.79114],[29.19623,37.78825],[29.20405,37.78319],[29.2087,37.77709],[29.20922,37.77566],[29.2095,37.76982],[29.20964,37.76924],[29.2117,37.766],[29.21197,37.7651],[29.21203,37.76375],[29.21091,37.75984],[29.20711,37.74871],[29.20659,37.74555],[29.20658,37.73999],[29.20671,37.73912],[29.2077,37.73613],[29.21069,37.72932],[29.21185,37.72508],[29.21339,37.72225],[29.21388,37.71867],[29.21414,37.71506],[29.21368,37.71301],[29.20872,37.69873],[29.20833,37.69797],[29.20668,37.69571],[29.2136,37.69263],[29.21455,37.69206],[29.21574,37.69081],[29.21726,37.6875],[29.21789,37.68659],[29.21884,37.68593],[29.22059,37.6853],[29.22134,37.68482],[29.22353,37.68211],[29.22402,37.68133],[29.22422,37.68049],[29.2242,37.67966],[29.22382,37.67824],[29.22394,37.67733],[29.22696,37.67313],[29.22731,37.67156],[29.22811,37.66968],[29.22829,37.66679],[29.22872,37.66581],[29.22987,37.66402],[29.23015,37.66306],[29.22995,37.66222],[29.22841,37.65917],[29.22819,37.65797],[29.22829,37.65566],[29.22766,37.65422],[29.22736,37.65229],[29.22674,37.65097],[29.22556,37.64966],[29.22222,37.64737],[29.21826,37.64402],[29.2174,37.64311],[29.21669,37.64179],[29.21641,37.63999],[29.21683,37.63122],[29.21695,37.62978],[29.21718,37.62908],[29.21808,37.62799],[29.21907,37.62736],[29.23176,37.623],[29.23518,37.62215],[29.24329,37.62092],[29.24446,37.62055],[29.24723,37.61917],[29.24815,37.61889],[29.24957,37.61892],[29.25403,37.62009],[29.2564,37.62032],[29.26306,37.62028],[29.26623,37.62007],[29.26765,37.61968],[29.26889,37.61901],[29.27059,37.61748],[29.27145,37.61636],[29.27241,37.61443],[29.27434,37.60779],[29.27459,37.60578],[29.27453,37.60334],[29.27411,37.60181],[29.27314,37.60007],[29.2718,37.59839],[29.26912,37.59569],[29.26696,37.59251],[29.26649,37.59073],[29.26662,37.58942],[29.27048,37.58255],[29.27354,37.57769],[29.27834,37.56851],[29.28034,37.5654],[29.28195,37.56342],[29.2892,37.55534],[29.29338,37.55088],[29.29434,37.54945],[29.29722,37.54088],[29.3002,37.53363],[29.30307,37.51919],[29.30417,37.51675],[29.30988,37.50622],[29.31161,37.50224],[29.32086,37.4862],[29.33119,37.46775],[29.33716,37.45757],[29.33806,37.45572],[29.33913,37.45414],[29.34452,37.44487],[29.34558,37.44333],[29.34816,37.44018],[29.35777,37.4303],[29.35928,37.4283],[29.35987,37.42721],[29.36486,37.41471],[29.36582,37.41307],[29.36727,37.41194],[29.42852,37.37954],[29.43168,37.37763],[29.44186,37.37035],[29.44347,37.36947],[29.44569,37.36886],[29.48183,37.36262],[29.4858,37.36139],[29.48839,37.36032],[29.49137,37.35865],[29.4946,37.35625],[29.49937,37.3514],[29.50637,37.34287],[29.50962,37.33856],[29.51069,37.33609],[29.51407,37.32487],[29.51478,37.32346],[29.51583,37.32238],[29.51717,37.32142],[29.52501,37.3166],[29.52837,37.31444],[29.5294,37.31358],[29.5308,37.31146],[29.53612,37.30101],[29.53687,37.3001],[29.53854,37.29908],[29.54438,37.29602],[29.54952,37.29472],[29.55101,37.29395],[29.55178,37.29327],[29.55967,37.27898],[29.56241,37.27452],[29.56324,37.27358],[29.56438,37.273],[29.56778,37.27242],[29.56949,37.27163],[29.58385,37.26151],[29.59121,37.25688],[29.59254,37.25579],[29.59366,37.2546],[29.59666,37.24993],[29.59755,37.24822],[29.6023,37.23371],[29.60326,37.23137],[29.61195,37.2161],[29.61314,37.21434],[29.61625,37.21066],[29.61882,37.20613],[29.62043,37.20402],[29.62324,37.20158],[29.62689,37.19922],[29.63028,37.19749],[29.63129,37.19664],[29.63205,37.1956],[29.63432,37.19143],[29.63523,37.19065],[29.63828,37.18891],[29.6397,37.18786],[29.64103,37.18639],[29.64429,37.18192],[29.64513,37.18109],[29.64618,37.18026],[29.65028,37.17763],[29.65217,37.17609],[29.65379,37.17438],[29.65894,37.16748],[29.66161,37.16496],[29.6641,37.16331],[29.66662,37.1621],[29.67603,37.15877],[29.67788,37.15797],[29.67933,37.1576],[29.68147,37.15653],[29.68327,37.15502],[29.68827,37.14937],[29.68888,37.14856],[29.68937,37.14749],[29.68964,37.1465],[29.68968,37.14566],[29.68801,37.13613],[29.68815,37.1343],[29.68872,37.1329],[29.69154,37.12965],[29.69226,37.12798],[29.69285,37.12476],[29.69383,37.12296],[29.69458,37.12208],[29.69555,37.12142],[29.70537,37.11648],[29.70662,37.11601],[29.70809,37.11574],[29.71361,37.11557],[29.71699,37.11489],[29.71914,37.11407],[29.72584,37.11074],[29.72728,37.11026],[29.72908,37.11006],[29.73766,37.10983],[29.73917,37.10963],[29.74075,37.10917],[29.7504,37.10457],[29.75407,37.10341],[29.7574,37.10126],[29.7618,37.09967],[29.76341,37.09864],[29.76856,37.09248],[29.77221,37.08652],[29.77664,37.08069],[29.77783,37.0796],[29.78577,37.07375],[29.78729,37.07191],[29.7893,37.06654],[29.78955,37.06531],[29.78947,37.06399],[29.78818,37.05961],[29.78831,37.05781],[29.78933,37.05381],[29.78925,37.05248],[29.7882,37.04925],[29.78818,37.0481],[29.78837,37.04723],[29.79014,37.04284],[29.79102,37.04156],[29.79225,37.04053],[29.79685,37.03816],[29.80088,37.03693],[29.80274,37.03603],[29.80319,37.03638],[29.80385,37.03628],[29.81543,37.03344],[29.81771,37.03265],[29.81931,37.0327],[29.8196,37.03336],[29.82046,37.03408],[29.82308,37.03538],[29.82906,37.03531],[29.83287,37.03555],[29.83678,37.0366],[29.83772,37.03629],[29.83856,37.03826],[29.83956,37.04157],[29.84046,37.04362],[29.84616,37.05306],[29.84705,37.05389],[29.84861,37.05464],[29.85014,37.05488],[29.85183,37.05469],[29.85853,37.05268],[29.86272,37.0516],[29.86408,37.05098],[29.86474,37.05045],[29.86545,37.04955],[29.86713,37.04586],[29.86816,37.0443],[29.86941,37.04308],[29.87126,37.0418],[29.88393,37.03648],[29.8887,37.03497],[29.90011,37.03195],[29.90278,37.0309],[29.90426,37.02986],[29.90531,37.02882],[29.91377,37.01647],[29.91498,37.01509],[29.91663,37.0138],[29.91854,37.01284],[29.9297,37.00622],[29.93077,37.00581],[29.93219,37.00555],[29.93511,37.00559],[29.93727,37.00621],[29.94541,37.01041],[29.9483,37.01167],[29.95081,37.01248],[29.95459,37.01332],[29.96191,37.01425],[29.96386,37.01434],[29.96594,37.01484],[29.96816,37.01562],[29.9698,37.01656],[29.98341,37.02669],[29.98768,37.03097],[29.98871,37.03178],[29.99,37.03244],[29.99243,37.03288],[29.99665,37.03248],[30.00028,37.0325],[30.0066,37.03333],[30.01699,37.03355],[30.02235,37.03382],[30.02512,37.03416],[30.02679,37.03477],[30.02742,37.03523],[30.03011,37.03775],[30.03208,37.04008],[30.03403,37.04204],[30.03521,37.04276],[30.03688,37.0434],[30.03892,37.04361],[30.05572,37.04204],[30.06231,37.04298],[30.0638,37.04272],[30.07029,37.04051],[30.07356,37.03995],[30.07735,37.04013],[30.08154,37.04086],[30.08311,37.04094],[30.08438,37.04058],[30.08719,37.039],[30.08804,37.03881],[30.08934,37.03895],[30.09219,37.04063],[30.09345,37.04079],[30.09465,37.04033],[30.09677,37.0387],[30.09878,37.03804],[30.10141,37.03764],[30.10231,37.03767],[30.10538,37.03891],[30.10644,37.03909],[30.10807,37.03884],[30.11107,37.03765],[30.11272,37.03747],[30.1141,37.03778],[30.1184,37.04009],[30.1193,37.04043],[30.12034,37.04059],[30.12334,37.04056],[30.12521,37.04101],[30.12936,37.04355],[30.13455,37.04566],[30.13928,37.04809],[30.14877,37.05073],[30.15743,37.0518],[30.15856,37.05221],[30.16108,37.05364],[30.1692,37.05556],[30.17021,37.05568],[30.17217,37.0554],[30.17577,37.05371],[30.17722,37.05332],[30.17862,37.05337],[30.18253,37.05458],[30.1836,37.05457],[30.18537,37.05428],[30.18881,37.05345],[30.19225,37.05142],[30.19314,37.05112],[30.19463,37.05093],[30.20369,37.05138],[30.21449,37.05059],[30.21912,37.05115],[30.22914,37.05075],[30.2365,37.05214],[30.23859,37.05099],[30.24463,37.04694],[30.24539,37.04628],[30.24907,37.04205],[30.2509,37.03905],[30.25619,37.03235],[30.25981,37.02427],[30.26064,37.02425],[30.26317,37.02303],[30.27209,37.02116],[30.27312,37.02131],[30.27481,37.02237],[30.27641,37.0228],[30.27982,37.02237],[30.28652,37.02322],[30.29301,37.02324],[30.30778,37.01913],[30.31398,37.01984],[30.32029,37.01955],[30.32283,37.02038],[30.32326,37.02021],[30.3234,37.01991],[30.32313,37.0191],[30.3254,37.01859],[30.32896,37.0175],[30.32974,37.01703],[30.33138,37.01544],[30.33272,37.01465],[30.34523,37.0105],[30.35237,37.00778],[30.35603,37.00704],[30.35957,37.00601],[30.36067,37.00584],[30.36214,37.00593],[30.36313,37.00621],[30.36446,37.00699],[30.3652,37.00778],[30.36578,37.00863],[30.36621,37.01001],[30.36632,37.01293],[30.36667,37.01529],[30.36709,37.01645],[30.36799,37.01784],[30.37187,37.02212],[30.37259,37.02249],[30.37457,37.0229],[30.37578,37.0234],[30.37987,37.02712],[30.38113,37.02855],[30.38358,37.03325],[30.38522,37.03498],[30.38795,37.03649],[30.38991,37.03726],[30.39133,37.03733],[30.39852,37.03672],[30.40026,37.0372],[30.40298,37.0388],[30.40467,37.03912],[30.40674,37.03886],[30.40822,37.03803],[30.40912,37.03702],[30.40998,37.03482],[30.41029,37.03439],[30.4109,37.03396],[30.41281,37.03334],[30.41439,37.0333],[30.41637,37.03294],[30.41756,37.03319],[30.4198,37.03438],[30.42058,37.03453],[30.42286,37.03443],[30.4288,37.03649],[30.43267,37.03648],[30.43403,37.03687],[30.43607,37.03782],[30.43776,37.03821],[30.44083,37.03842],[30.44283,37.03813],[30.4473,37.03603],[30.44906,37.03472],[30.45036,37.03294],[30.45104,37.03148],[30.45278,37.02858],[30.45365,37.02773],[30.45497,37.02725],[30.45838,37.02709],[30.45967,37.02645],[30.46009,37.02588],[30.46069,37.02446],[30.46204,37.02308],[30.46248,37.02191],[30.46384,37.01969],[30.46499,37.01863],[30.46818,37.01725],[30.47007,37.01669],[30.47131,37.01636],[30.47531,37.01591],[30.47776,37.01507],[30.47894,37.01499],[30.47991,37.01516],[30.48325,37.01683],[30.48794,37.01742],[30.49414,37.01917],[30.49647,37.01903],[30.49895,37.01801],[30.49977,37.01782],[30.50334,37.01775],[30.50446,37.01807],[30.50626,37.01902],[30.50981,37.02025],[30.51142,37.02063],[30.51327,37.02068],[30.51506,37.02029],[30.51835,37.0192],[30.52457,37.01765],[30.5292,37.01546],[30.53097,37.01499],[30.53526,37.01423],[30.53773,37.01325],[30.53913,37.01229],[30.54162,37.00984],[30.5449,37.00751],[30.54817,37.00385],[30.55217,37.00108],[30.55491,36.99829],[30.55879,36.99532],[30.55965,36.99428],[30.5606,36.99255],[30.56218,36.98695],[30.56246,36.9863],[30.56305,36.98561],[30.56341,36.98531],[30.57057,36.982],[30.57382,36.98022],[30.5786,36.97573],[30.58222,36.97396],[30.58381,36.97284],[30.58672,36.97005],[30.58907,36.9669],[30.59013,36.966],[30.59093,36.96551],[30.59207,36.96511],[30.59611,36.96446],[30.59797,36.96382],[30.59904,36.9632],[30.60397,36.95961],[30.60796,36.95758],[30.6117,36.95593],[30.6244,36.95217],[30.62464,36.95195],[30.62244,36.94977],[30.621,36.94892],[30.62012,36.94861],[30.61869,36.94838],[30.6132,36.94823],[30.61173,36.94783],[30.60771,36.94626],[30.60668,36.94573],[30.60557,36.94484],[30.60492,36.94398],[30.6045,36.94308],[30.6043,36.94161],[30.60442,36.94076],[30.6048,36.93972],[30.60562,36.93862],[30.62511,36.92063],[30.62674,36.91882],[30.62767,36.91716],[30.62821,36.91545],[30.62839,36.9138],[30.62809,36.9115],[30.62466,36.90329],[30.62431,36.90301],[30.62267,36.90253],[30.62204,36.9021],[30.62109,36.90055],[30.62109,36.90015],[30.62148,36.89951],[30.6213,36.89899],[30.61931,36.89823],[30.61886,36.89647],[30.61005,36.88529],[30.6096,36.8845],[30.60948,36.88335],[30.61021,36.87461],[30.60956,36.86184],[30.60631,36.85618],[30.59776,36.84217],[30.59596,36.83888],[30.59531,36.83648],[30.5953,36.83107],[30.59498,36.82702],[30.59475,36.82602],[30.59376,36.82358],[30.5932,36.82065],[30.59274,36.81942],[30.5911,36.81715],[30.5874,36.81408],[30.58714,36.81339],[30.58702,36.81237],[30.58667,36.81173],[30.58385,36.80964],[30.58356,36.80897],[30.58355,36.80743],[30.58313,36.80653],[30.58252,36.80593],[30.58056,36.80456],[30.57946,36.80265],[30.57871,36.80167],[30.57802,36.80122],[30.57348,36.79971],[30.57273,36.79917],[30.5722,36.79837],[30.57206,36.79728],[30.57367,36.79252],[30.57345,36.78984],[30.57309,36.78801],[30.57258,36.78704],[30.57172,36.78607],[30.56736,36.78325],[30.56683,36.78275],[30.56651,36.78202],[30.56695,36.78084],[30.57265,36.77279],[30.57287,36.77204],[30.57252,36.77055],[30.56978,36.765],[30.56952,36.76405],[30.56927,36.7619],[30.5696,36.75905],[30.56946,36.75808],[30.568,36.75477],[30.56553,36.74831],[30.56412,36.7466],[30.56132,36.74432],[30.56079,36.74368],[30.55524,36.73612],[30.55398,36.7341],[30.55368,36.73305],[30.55366,36.7318],[30.55413,36.73057],[30.55676,36.7276],[30.55731,36.72686],[30.5579,36.72559],[30.55818,36.724],[30.55769,36.72118],[30.55804,36.72115],[30.56161,36.72198],[30.56235,36.72028],[30.56304,36.71755],[30.56471,36.71513],[30.56635,36.70738],[30.56705,36.70588],[30.56869,36.70388],[30.56947,36.70251],[30.56967,36.70168],[30.56966,36.69751],[30.56986,36.69596],[30.57128,36.69568],[30.57144,36.69643]]}},{"type":"Feature","properties":{"name":"GraphHopper Track","mode":"ride","distance_km":"19.0"},"geometry":{"type":"LineString","coordinates":[[24.00928,49.8345],[24.00952,49.83474],[24.00728,49.8348],[24.00528,49.83544],[24.00463,49.83598],[24.00388,49.83712],[24.00695,49.83819],[24.0182,49.84261],[24.02276,49.84321],[24.02474,49.84425],[24.0268,49.84468],[24.02925,49.84476],[24.0291,49.84636],[24.02781,49.84804],[24.02675,49.85043],[24.02684,49.85095],[24.02901,49.85072],[24.03016,49.8514],[24.03528,49.85306],[24.04393,49.85401],[24.05253,49.86419],[24.0536,49.86485],[24.05358,49.86558],[24.06036,49.87351],[24.06171,49.87451],[24.06384,49.87484],[24.0641,49.87503],[24.06421,49.87543],[24.05938,49.88394],[24.05925,49.89052],[24.05354,49.91291],[24.05292,49.92897],[24.05138,49.93176],[24.05122,49.93315],[24.0514,49.93422],[24.05432,49.94472],[24.05485,49.94742],[24.04108,49.94928],[24.01534,49.95444],[24.00931,49.95462]]}},{"type":"Feature","properties":{"name":"GraphHopper Track","mode":"ride","distance_km":"572.8"},"geometry":{"type":"LineString","coordinates":[[24.00928,49.8345],[24.00952,49.83474],[24.00728,49.8348],[24.00528,49.83544],[24.00463,49.83598],[24.00388,49.83712],[24.00695,49.83819],[24.0182,49.84261],[24.02276,49.84321],[24.02474,49.84425],[24.0268,49.84468],[24.02925,49.84476],[24.0291,49.84636],[24.02781,49.84804],[24.02675,49.85043],[24.02684,49.85095],[24.02901,49.85072],[24.03016,49.8514],[24.03528,49.85306],[24.04393,49.85401],[24.05253,49.86419],[24.0536,49.86485],[24.05358,49.86558],[24.06265,49.87608],[24.06406,49.87728],[24.06719,49.87941],[24.07405,49.88219],[24.07611,49.88461],[24.07823,49.88599],[24.09837,49.89212],[24.09984,49.89222],[24.11313,49.89131],[24.11554,49.89139],[24.12932,49.8936],[24.13829,49.89712],[24.15115,49.90249],[24.15185,49.90295],[24.16085,49.92007],[24.16126,49.92027],[24.16588,49.91975],[24.17541,49.91992],[24.18729,49.91857],[24.19056,49.91846],[24.19404,49.91763],[24.19656,49.91779],[24.19917,49.91734],[24.2017,49.91714],[24.2052,49.91717],[24.20891,49.91749],[24.2176,49.91689],[24.25669,49.91507],[24.25901,49.91517],[24.26091,49.91551],[24.27305,49.91944],[24.27589,49.9201],[24.27909,49.9206],[24.28245,49.92085],[24.31058,49.92136],[24.31351,49.92188],[24.31849,49.92335],[24.32347,49.9241],[24.32571,49.92404],[24.34928,49.9194],[24.35242,49.91922],[24.35549,49.91943],[24.3595,49.92017],[24.36055,49.92058],[24.36176,49.92148],[24.36248,49.92273],[24.3645,49.92941],[24.36602,49.93374],[24.3662,49.93492],[24.36719,49.93728],[24.38212,49.94779],[24.38283,49.94844],[24.38552,49.95336],[24.38647,49.95465],[24.38968,49.95803],[24.39056,49.95853],[24.39254,49.95921],[24.39331,49.9598],[24.39583,49.96433],[24.3974,49.96599],[24.39921,49.96702],[24.40877,49.97071],[24.42185,49.97801],[24.42365,49.97884],[24.42976,49.97947],[24.43703,49.9794],[24.4428,49.97781],[24.45441,49.97661],[24.45772,49.97605],[24.46383,49.97443],[24.48965,49.9693],[24.49342,49.96897],[24.49898,49.96934],[24.51299,49.96737],[24.51887,49.96597],[24.5237,49.96296],[24.52733,49.96132],[24.53121,49.96101],[24.544,49.96188],[24.5547,49.96419],[24.57542,49.9621],[24.57762,49.96212],[24.58074,49.96266],[24.58277,49.96321],[24.58451,49.96404],[24.59706,49.97176],[24.60106,49.97453],[24.60173,49.97527],[24.60316,49.97775],[24.60409,49.97853],[24.60571,49.97937],[24.60721,49.97979],[24.60879,49.98],[24.63173,49.98179],[24.63706,49.98282],[24.63694,49.98385],[24.6359,49.98746],[24.63519,49.98931],[24.63514,49.99011],[24.63538,49.99084],[24.63644,49.99201],[24.64543,49.99899],[24.6459,49.99951],[24.6486,50.00394],[24.65218,50.00614],[24.65264,50.00662],[24.65299,50.00717],[24.65563,50.0155],[24.65601,50.01621],[24.6572,50.01712],[24.66459,50.02054],[24.67691,50.02779],[24.68583,50.0353],[24.6882,50.03753],[24.72439,50.08524],[24.76811,50.14188],[24.81081,50.19226],[24.81233,50.1944],[24.8314,50.22853],[24.83267,50.23055],[24.83428,50.23231],[24.83699,50.2338],[24.85138,50.24026],[24.89488,50.26087],[24.9164,50.27088],[24.97559,50.30668],[25.05412,50.34907],[25.06102,50.3509],[25.07861,50.35513],[25.08296,50.35637],[25.08624,50.35771],[25.08949,50.35982],[25.09098,50.36103],[25.09941,50.36868],[25.11988,50.3591],[25.12138,50.35791],[25.1213,50.35741],[25.12219,50.35657],[25.12258,50.35501],[25.12364,50.3543],[25.12489,50.35494],[25.12698,50.35549],[25.14695,50.35871],[25.14764,50.35862],[25.16034,50.3541],[25.18989,50.35433],[25.19466,50.35416],[25.20275,50.35461],[25.21966,50.3559],[25.2444,50.36144],[25.27099,50.36765],[25.27802,50.36895],[25.28156,50.37008],[25.29172,50.37064],[25.30404,50.37197],[25.3204,50.37809],[25.3263,50.3809],[25.33326,50.38534],[25.33533,50.38757],[25.33692,50.38839],[25.34086,50.39147],[25.34517,50.39344],[25.34663,50.39468],[25.34719,50.39427],[25.35402,50.39104],[25.35733,50.38871],[25.36057,50.38677],[25.36604,50.38282],[25.36716,50.38125],[25.36788,50.3805],[25.36862,50.38003],[25.37221,50.37844],[25.37417,50.37729],[25.37658,50.37658],[25.38263,50.37294],[25.38517,50.37077],[25.3914,50.36812],[25.39284,50.36705],[25.39449,50.36614],[25.39954,50.36483],[25.40067,50.36512],[25.41868,50.37357],[25.42369,50.37634],[25.426,50.37805],[25.42772,50.38126],[25.42873,50.3818],[25.42992,50.38187],[25.43424,50.38083],[25.43495,50.3808],[25.44082,50.38132],[25.44183,50.38129],[25.44263,50.38112],[25.44561,50.37974],[25.44673,50.3796],[25.44752,50.37973],[25.45052,50.38143],[25.4552,50.38185],[25.45589,50.38174],[25.46024,50.38027],[25.4666,50.3797],[25.47433,50.37758],[25.4768,50.3771],[25.49787,50.37709],[25.50268,50.37811],[25.50471,50.37886],[25.5082,50.37933],[25.50893,50.37952],[25.50998,50.38009],[25.51072,50.38059],[25.51161,50.38345],[25.51372,50.38655],[25.52198,50.39346],[25.52968,50.39577],[25.53304,50.39588],[25.53359,50.39607],[25.53537,50.39828],[25.53592,50.39867],[25.54163,50.40157],[25.54797,50.4016],[25.5559,50.40364],[25.56257,50.402],[25.56658,50.40276],[25.56928,50.4038],[25.57821,50.40543],[25.58174,50.40742],[25.58523,50.40855],[25.58663,50.40848],[25.59059,50.40774],[25.59615,50.40606],[25.59745,50.40582],[25.59833,50.40585],[25.6017,50.40687],[25.6064,50.40802],[25.61234,50.40781],[25.62061,50.40902],[25.62174,50.40932],[25.62487,50.41113],[25.62807,50.41436],[25.62858,50.41466],[25.63586,50.41704],[25.63682,50.41711],[25.63945,50.41689],[25.64407,50.41801],[25.64493,50.41807],[25.64841,50.41732],[25.65725,50.41581],[25.65984,50.41458],[25.66105,50.41341],[25.66951,50.40927],[25.67037,50.40891],[25.6741,50.40816],[25.68343,50.40735],[25.68932,50.40833],[25.69443,50.40992],[25.69807,50.41181],[25.70427,50.41367],[25.70485,50.41323],[25.70564,50.41326],[25.7026,50.42083],[25.70227,50.42195],[25.70222,50.42303],[25.70285,50.42459],[25.7038,50.42574],[25.70603,50.42745],[25.70853,50.42855],[25.71027,50.42892],[25.71275,50.42911],[25.72848,50.42967],[25.73078,50.42935],[25.73528,50.42808],[25.73691,50.4278],[25.73912,50.42773],[25.74191,50.42802],[25.75424,50.43366],[25.75804,50.43635],[25.75918,50.43686],[25.7892,50.44584],[25.81985,50.45438],[25.83557,50.46018],[25.86672,50.47061],[25.88764,50.47783],[25.89264,50.47934],[25.89924,50.48083],[25.91957,50.48659],[25.92366,50.48851],[25.9249,50.48893],[25.93005,50.48997],[25.93234,50.49013],[25.93713,50.4897],[25.94454,50.48974],[25.95244,50.4884],[25.95635,50.48822],[25.9601,50.48875],[25.9634,50.4898],[25.98127,50.49719],[25.98753,50.50017],[25.98874,50.50123],[25.99133,50.50455],[25.99258,50.50578],[25.9969,50.50809],[25.99966,50.51008],[26.00569,50.51629],[26.00716,50.51733],[26.08327,50.55418],[26.08819,50.55633],[26.09511,50.55891],[26.09937,50.56083],[26.10393,50.56335],[26.11332,50.56963],[26.11646,50.57155],[26.12059,50.57354],[26.13005,50.57699],[26.13397,50.57874],[26.13732,50.58058],[26.14512,50.58569],[26.14618,50.58609],[26.14753,50.58632],[26.14953,50.58622],[26.15116,50.58594],[26.15211,50.58554],[26.16267,50.57743],[26.16639,50.575],[26.18815,50.56398],[26.19155,50.5626],[26.19575,50.56175],[26.1999,50.56162],[26.22281,50.56415],[26.2282,50.56499],[26.23693,50.56745],[26.2393,50.56795],[26.2554,50.5695],[26.268,50.57146],[26.27799,50.57228],[26.28099,50.57268],[26.30868,50.57923],[26.31633,50.58125],[26.32233,50.58386],[26.32397,50.58495],[26.32464,50.58564],[26.32608,50.58812],[26.32698,50.58927],[26.33749,50.59808],[26.33905,50.60008],[26.34013,50.60237],[26.34054,50.60417],[26.34078,50.60692],[26.34118,50.60796],[26.34173,50.60844],[26.34374,50.60953],[26.34522,50.6099],[26.35151,50.60945],[26.43246,50.6019],[26.44883,50.59928],[26.45067,50.59916],[26.52378,50.60325],[26.62902,50.60411],[26.63072,50.60434],[26.63282,50.60497],[26.65201,50.61415],[26.65527,50.615],[26.6581,50.6152],[26.87275,50.5948],[26.87521,50.59468],[27.02662,50.60263],[27.03557,50.60368],[27.09007,50.61088],[27.09253,50.61104],[27.09606,50.61084],[27.10009,50.61004],[27.13462,50.59976],[27.13934,50.59902],[27.14483,50.59896],[27.18618,50.60204],[27.18906,50.60237],[27.19147,50.60282],[27.19538,50.60398],[27.19799,50.60511],[27.21306,50.61397],[27.21555,50.61527],[27.21829,50.61622],[27.22039,50.6167],[27.2249,50.6171],[27.36357,50.60783],[27.48472,50.6031],[27.54897,50.59499],[27.55301,50.59478],[27.55729,50.59516],[27.56103,50.59624],[27.57839,50.60353],[27.58084,50.60475],[27.58281,50.60606],[27.58639,50.60944],[27.58898,50.6112],[27.594,50.61334],[27.60465,50.61753],[27.61054,50.61895],[27.64637,50.62565],[27.64973,50.62606],[27.65278,50.62595],[27.65439,50.62565],[27.65643,50.62501],[27.65867,50.62384],[27.65987,50.62291],[27.6608,50.62189],[27.6617,50.62012],[27.66189,50.61904],[27.66178,50.61763],[27.65828,50.60688],[27.65788,50.60488],[27.65794,50.60349],[27.65821,50.60227],[27.65984,50.59916],[27.66089,50.59766],[27.66229,50.59628],[27.66829,50.59178],[27.67301,50.58659],[27.67542,50.58486],[27.67802,50.58368],[27.68057,50.5829],[27.68482,50.58206],[27.7662,50.56763],[27.76861,50.56674],[27.79844,50.55286],[27.80091,50.55197],[27.92848,50.51452],[28.02747,50.48527],[28.18095,50.43947],[28.18349,50.43835],[28.35578,50.33204],[28.36086,50.32903],[28.36249,50.32856],[28.46153,50.31008],[28.49919,50.30316],[28.50142,50.30296],[28.50388,50.30295],[28.50621,50.30315],[28.50933,50.30375],[28.51156,50.30443],[28.51302,50.30505],[28.51431,50.30588],[28.5268,50.31232],[28.5312,50.31412],[28.53481,50.31523],[28.57262,50.32349],[28.58124,50.32523],[28.58436,50.32561],[28.58944,50.32586],[28.60151,50.32625],[28.60395,50.32606],[28.60861,50.32613],[28.61684,50.32668],[28.64836,50.32773],[28.65218,50.32736],[28.69353,50.31915],[28.69696,50.31853],[28.70005,50.31818],[28.70575,50.31819],[28.72649,50.32001],[28.73291,50.32032],[28.75984,50.31983],[28.76264,50.31964],[28.76696,50.31882],[28.77122,50.31717],[28.77352,50.31582],[28.77494,50.31473],[28.79206,50.29653],[28.79649,50.29264],[28.797,50.29197],[28.79949,50.28993],[28.80162,50.28867],[28.80335,50.28791],[28.80592,50.2871],[28.80812,50.28665],[28.8122,50.28633],[28.91215,50.28826],[28.91937,50.28936],[28.9225,50.29],[28.92582,50.2912],[28.9284,50.29283],[28.94649,50.3087],[28.94839,50.31075],[28.95055,50.31353],[28.95841,50.32532],[28.96091,50.32749],[28.9638,50.32905],[28.96625,50.32989],[28.96945,50.3306],[29.02547,50.34101],[29.0332,50.34235],[29.05433,50.3456],[29.0582,50.34579],[29.0624,50.3453],[29.07985,50.34046],[29.08279,50.33937],[29.08481,50.33769],[29.09618,50.326],[29.09736,50.32506],[29.09899,50.32408],[29.10167,50.32303],[29.10471,50.32239],[29.10708,50.32221],[29.11069,50.32241],[29.1948,50.33718],[29.36289,50.36542],[29.52663,50.39634],[29.6557,50.42142],[29.65953,50.42213],[29.67143,50.42385],[29.67523,50.42402],[29.7194,50.4233],[29.72311,50.42282],[29.7482,50.41713],[29.75218,50.41654],[29.75689,50.41618],[29.76155,50.41617],[29.83825,50.4186],[29.99003,50.42758],[30.08023,50.4346],[30.21356,50.44535],[30.31568,50.45264],[30.41113,50.45892],[30.41492,50.45929],[30.41762,50.45908],[30.52013,50.44222],[30.51979,50.44085],[30.52245,50.4407],[30.52273,50.44023],[30.52356,50.43955],[30.52809,50.43626],[30.53854,50.4278],[30.54009,50.42853],[30.54182,50.42974],[30.54296,50.42916],[30.54409,50.42888],[30.54536,50.42907],[30.54761,50.42973],[30.54875,50.42975],[30.54929,50.42952],[30.55081,50.42757],[30.55145,50.42715],[30.55955,50.42589],[30.56005,50.42575],[30.5619,50.42448],[30.56331,50.42437],[30.5671,50.42361],[30.57009,50.42371],[30.59198,50.43015],[30.59384,50.43079],[30.6081,50.43681],[30.61082,50.43776],[30.62393,50.44177],[30.62531,50.44188],[30.62634,50.44167],[30.62724,50.44126],[30.62841,50.44021],[30.63423,50.43053],[30.63657,50.42759],[30.63727,50.42702],[30.63923,50.426],[30.64768,50.42338],[30.65035,50.422],[30.65534,50.41907],[30.6711,50.4093],[30.68121,50.40363],[30.68158,50.4032],[30.68137,50.40236],[30.68147,50.40191],[30.68181,50.40152],[30.68257,50.4012],[30.6839,50.40122],[30.68532,50.40202],[30.68625,50.40218],[30.69473,50.40186],[30.74083,50.39704],[30.74384,50.39653],[30.7969,50.38479],[30.81018,50.38335],[30.85751,50.37879],[30.8803,50.37456],[30.88946,50.37278],[30.89118,50.37228],[30.89264,50.37156],[30.89591,50.36896],[30.89664,50.36801],[30.89688,50.3671],[30.89629,50.35898],[30.89595,50.35769],[30.89502,50.35595],[30.89459,50.35094],[30.89443,50.34868],[30.89456,50.34847],[30.89521,50.34828],[30.8955,50.348],[30.8952,50.34322],[30.8949,50.34234],[30.89362,50.34236],[30.89299,50.34201],[30.89288,50.34125],[30.89299,50.34092],[30.89249,50.34075]]}},{"type":"Feature","properties":{"name":"GraphHopper Track","mode":"ride","distance_km":"736.6"},"geometry":{"type":"LineString","coordinates":[[-81.76439,41.23227],[-81.76439,41.23844],[-81.73616,41.23853],[-81.73238,41.23935],[-81.72931,41.23953],[-81.72389,41.23915],[-81.71576,41.23897],[-81.71209,41.23957],[-81.71018,41.2397],[-81.66775,41.23959],[-81.64563,41.23973],[-81.64556,41.25198],[-81.64101,41.25184],[-81.63779,41.25268],[-81.63463,41.25267],[-81.63419,41.25551],[-81.63353,41.25735],[-81.63197,41.25972],[-81.62969,41.26181],[-81.6292,41.26252],[-81.62884,41.26347],[-81.62861,41.27014],[-81.62989,41.27022],[-81.63033,41.2704],[-81.63048,41.27072],[-81.63039,41.27094],[-81.62986,41.2712],[-81.62406,41.26997],[-81.62206,41.26989],[-81.62142,41.26971],[-81.60629,41.25986],[-81.60144,41.25733],[-81.59688,41.25537],[-81.59301,41.25407],[-81.58895,41.25308],[-81.58434,41.2523],[-81.58014,41.25195],[-81.57722,41.2519],[-81.57332,41.25206],[-81.56985,41.25243],[-81.56576,41.25312],[-81.55962,41.25458],[-81.55556,41.25595],[-81.5503,41.25744],[-81.54815,41.25768],[-81.54694,41.25763],[-81.5421,41.25679],[-81.53797,41.25658],[-81.50208,41.25849],[-81.49761,41.25848],[-81.49329,41.25816],[-81.47725,41.25575],[-81.47132,41.25517],[-81.43934,41.25455],[-81.41655,41.25283],[-81.41268,41.2527],[-81.40817,41.25288],[-81.36962,41.25603],[-81.36475,41.25621],[-81.35992,41.25569],[-81.34305,41.25264],[-81.3279,41.2513],[-81.31294,41.24908],[-81.30856,41.24858],[-81.27541,41.24777],[-81.25626,41.24603],[-81.21053,41.24366],[-81.1545,41.24329],[-81.13451,41.24219],[-81.12985,41.24228],[-81.09436,41.24402],[-81.08901,41.24403],[-81.08546,41.24388],[-81.06032,41.24195],[-80.99836,41.24116],[-80.99319,41.24087],[-80.99071,41.24045],[-80.98762,41.23962],[-80.98468,41.23849],[-80.98234,41.2373],[-80.95288,41.21733],[-80.95167,41.21608],[-80.95082,41.21456],[-80.9471,41.20194],[-80.9465,41.20029],[-80.94522,41.19775],[-80.94423,41.19622],[-80.94257,41.19414],[-80.94112,41.19266],[-80.93629,41.18832],[-80.93222,41.18483],[-80.92222,41.1776],[-80.92026,41.17603],[-80.89628,41.15403],[-80.89214,41.15069],[-80.88816,41.14798],[-80.85461,41.12782],[-80.85139,41.12561],[-80.84885,41.12332],[-80.8458,41.11971],[-80.84442,41.11741],[-80.84428,41.11665],[-80.84433,41.11492],[-80.84407,41.11434],[-80.84354,41.11379],[-80.8423,41.11332],[-80.8387,41.11316],[-80.83505,41.11188],[-80.83348,41.11107],[-80.83147,41.10924],[-80.83068,41.10891],[-80.82992,41.10881],[-80.82856,41.10909],[-80.82695,41.11025],[-80.826,41.11068],[-80.82203,41.11116],[-80.81718,41.11141],[-80.81555,41.1118],[-80.80418,41.11559],[-80.7997,41.11756],[-80.7878,41.12218],[-80.78401,41.12312],[-80.77935,41.12363],[-80.7543,41.12372],[-80.75248,41.12394],[-80.75078,41.1244],[-80.74895,41.12519],[-80.74774,41.12597],[-80.74636,41.12728],[-80.74426,41.12966],[-80.74235,41.13099],[-80.71125,41.14616],[-80.70892,41.14715],[-80.70614,41.14794],[-80.70383,41.1483],[-80.70152,41.14841],[-80.68432,41.14805],[-80.67843,41.14738],[-80.67594,41.14752],[-80.67452,41.14793],[-80.67283,41.14886],[-80.66976,41.15193],[-80.66836,41.15307],[-80.66379,41.15592],[-80.66071,41.15749],[-80.65804,41.15837],[-80.6558,41.15876],[-80.64819,41.15958],[-80.64415,41.15981],[-80.63907,41.15968],[-80.62644,41.15845],[-80.62455,41.15847],[-80.6222,41.15877],[-80.61932,41.15959],[-80.59655,41.16862],[-80.57486,41.17501],[-80.57041,41.17583],[-80.56516,41.17636],[-80.53969,41.1767],[-80.53645,41.17702],[-80.5338,41.17765],[-80.53169,41.17846],[-80.52439,41.18264],[-80.52194,41.18378],[-80.51899,41.18463],[-80.51569,41.18505],[-80.51222,41.18493],[-80.50903,41.18433],[-80.50069,41.18137],[-80.49782,41.18078],[-80.49606,41.18065],[-80.48144,41.18075],[-80.4788,41.18089],[-80.47661,41.18123],[-80.4666,41.18384],[-80.46273,41.18434],[-80.43352,41.18474],[-80.42795,41.18435],[-80.41872,41.18268],[-80.4166,41.18257],[-80.40598,41.18347],[-80.39498,41.18289],[-80.39098,41.18285],[-80.38638,41.18316],[-80.3677,41.18525],[-80.35573,41.18492],[-80.35392,41.18498],[-80.34521,41.18629],[-80.33676,41.18629],[-80.33112,41.18611],[-80.3277,41.18551],[-80.32464,41.18438],[-80.32115,41.18224],[-80.31903,41.18127],[-80.31597,41.18053],[-80.31321,41.18041],[-80.31128,41.1806],[-80.30984,41.18093],[-80.30225,41.18361],[-80.29985,41.18416],[-80.28519,41.18458],[-80.2814,41.18521],[-80.27693,41.18622],[-80.27387,41.18642],[-80.27262,41.18639],[-80.27026,41.18603],[-80.26589,41.18507],[-80.26477,41.18509],[-80.26219,41.18578],[-80.24901,41.19138],[-80.23308,41.19404],[-80.23121,41.19423],[-80.2284,41.1943],[-80.21969,41.19362],[-80.21722,41.19357],[-80.19967,41.19421],[-80.18841,41.19551],[-80.16974,41.19599],[-80.1665,41.19651],[-80.16059,41.19791],[-80.15674,41.19823],[-80.14059,41.19768],[-80.13807,41.1973],[-80.13075,41.19561],[-80.12757,41.19521],[-80.10853,41.19545],[-80.10585,41.19578],[-80.10362,41.19635],[-80.08763,41.20198],[-80.08483,41.20256],[-80.08303,41.20273],[-80.07892,41.20255],[-80.07192,41.20104],[-80.06887,41.20075],[-80.03876,41.20056],[-80.03604,41.20084],[-80.03001,41.20206],[-80.02691,41.20226],[-80.02425,41.20207],[-80.01811,41.20099],[-80.01559,41.20089],[-79.99952,41.20252],[-79.98793,41.20285],[-79.98531,41.20264],[-79.98084,41.20163],[-79.97861,41.20139],[-79.96916,41.20151],[-79.9592,41.20247],[-79.9556,41.2026],[-79.95277,41.20247],[-79.94445,41.20123],[-79.94195,41.20107],[-79.93878,41.20137],[-79.9282,41.20395],[-79.92438,41.20424],[-79.92259,41.20415],[-79.91983,41.20371],[-79.89406,41.1969],[-79.89139,41.19647],[-79.88445,41.19597],[-79.88215,41.19551],[-79.87974,41.19456],[-79.87502,41.19166],[-79.87332,41.19081],[-79.87079,41.18999],[-79.86853,41.1896],[-79.85833,41.18942],[-79.85433,41.18968],[-79.85161,41.1902],[-79.83365,41.19528],[-79.83122,41.19579],[-79.82863,41.19605],[-79.81932,41.1964],[-79.81628,41.19626],[-79.81419,41.1958],[-79.80256,41.19216],[-79.80067,41.19108],[-79.79607,41.18767],[-79.7932,41.18634],[-79.79148,41.18591],[-79.77436,41.18276],[-79.76617,41.18003],[-79.75836,41.17689],[-79.7498,41.17473],[-79.74638,41.17392],[-79.7444,41.17366],[-79.73731,41.17398],[-79.73555,41.17391],[-79.73341,41.17353],[-79.72388,41.17095],[-79.72267,41.17085],[-79.71679,41.17114],[-79.70627,41.16952],[-79.70494,41.16943],[-79.70239,41.16985],[-79.70032,41.17096],[-79.69963,41.1716],[-79.69479,41.17754],[-79.69381,41.17834],[-79.69232,41.17905],[-79.67576,41.18324],[-79.67392,41.18388],[-79.67011,41.18555],[-79.66866,41.18576],[-79.6645,41.18562],[-79.66219,41.18581],[-79.64992,41.18915],[-79.64665,41.19053],[-79.64497,41.19159],[-79.64061,41.1949],[-79.63817,41.19617],[-79.63468,41.19731],[-79.63275,41.19765],[-79.63045,41.19782],[-79.6283,41.19778],[-79.6257,41.19743],[-79.62196,41.19629],[-79.61936,41.19496],[-79.60874,41.18842],[-79.6068,41.18758],[-79.60454,41.18705],[-79.60126,41.18693],[-79.59941,41.1872],[-79.59772,41.18772],[-79.59599,41.18852],[-79.58743,41.19331],[-79.5851,41.19421],[-79.58087,41.19487],[-79.57694,41.19488],[-79.57432,41.19456],[-79.57223,41.19411],[-79.56841,41.19279],[-79.56574,41.1914],[-79.55612,41.18558],[-79.55351,41.18453],[-79.55063,41.18418],[-79.54502,41.18469],[-79.54315,41.18465],[-79.52734,41.18205],[-79.525,41.18191],[-79.52344,41.18214],[-79.52214,41.18254],[-79.52008,41.18379],[-79.51889,41.18488],[-79.51187,41.19268],[-79.51014,41.194],[-79.50912,41.19452],[-79.50691,41.19532],[-79.5022,41.19615],[-79.50061,41.19661],[-79.49547,41.19902],[-79.49343,41.19969],[-79.49144,41.2],[-79.48914,41.19999],[-79.48766,41.19977],[-79.48587,41.19927],[-79.48426,41.19856],[-79.48128,41.19691],[-79.47999,41.19643],[-79.47853,41.19614],[-79.47632,41.19618],[-79.47082,41.19729],[-79.46796,41.1974],[-79.4553,41.1957],[-79.45183,41.19565],[-79.44475,41.19613],[-79.44167,41.19603],[-79.43906,41.19567],[-79.42821,41.19331],[-79.42201,41.19114],[-79.40958,41.1864],[-79.40729,41.1858],[-79.40608,41.18568],[-79.39017,41.18552],[-79.38728,41.18505],[-79.38564,41.18447],[-79.38355,41.18327],[-79.38029,41.18029],[-79.37826,41.1789],[-79.3765,41.17817],[-79.37386,41.1776],[-79.36427,41.17753],[-79.35485,41.17617],[-79.35256,41.17603],[-79.34976,41.17636],[-79.34197,41.17867],[-79.34019,41.17905],[-79.33834,41.17923],[-79.32134,41.17994],[-79.30433,41.17936],[-79.3018,41.17905],[-79.29948,41.17836],[-79.29761,41.17746],[-79.29352,41.17471],[-79.29112,41.17359],[-79.2887,41.17291],[-79.28555,41.17255],[-79.27299,41.17249],[-79.26997,41.17264],[-79.26773,41.17298],[-79.25241,41.17625],[-79.25045,41.17695],[-79.24846,41.17815],[-79.24229,41.18441],[-79.24061,41.18558],[-79.2391,41.18635],[-79.23718,41.18707],[-79.2351,41.18755],[-79.22234,41.18974],[-79.21953,41.19004],[-79.2166,41.19011],[-79.21157,41.18969],[-79.20797,41.18895],[-79.19452,41.18553],[-79.19187,41.18514],[-79.19057,41.18511],[-79.1884,41.18532],[-79.18168,41.18697],[-79.17919,41.1874],[-79.17506,41.1875],[-79.17171,41.18698],[-79.15936,41.18359],[-79.15611,41.18288],[-79.14681,41.18168],[-79.12949,41.17863],[-79.12105,41.17694],[-79.11506,41.17521],[-79.10865,41.17256],[-79.10635,41.17177],[-79.10313,41.17094],[-79.09959,41.1704],[-79.09665,41.17022],[-79.08515,41.17026],[-79.08297,41.16993],[-79.08129,41.16947],[-79.07789,41.16819],[-79.07695,41.16798],[-79.07297,41.16776],[-79.07153,41.1679],[-79.07039,41.16822],[-79.06664,41.17017],[-79.06516,41.17052],[-79.06397,41.17057],[-79.05473,41.16956],[-79.04412,41.16776],[-79.04188,41.1676],[-79.03909,41.16789],[-79.03534,41.16897],[-79.03265,41.16946],[-79.03019,41.16955],[-79.02343,41.16922],[-79.02157,41.16943],[-79.01708,41.17031],[-79.01579,41.17032],[-79.01438,41.1701],[-79.01269,41.16951],[-79.01123,41.16855],[-79.00532,41.16334],[-79.00354,41.16141],[-79.0023,41.15972],[-79.0011,41.1576],[-78.99823,41.1501],[-78.99709,41.14847],[-78.99583,41.1473],[-78.99381,41.14607],[-78.98755,41.14345],[-78.98244,41.14214],[-78.9807,41.14152],[-78.97951,41.14089],[-78.97383,41.1372],[-78.97183,41.13641],[-78.96971,41.136],[-78.967,41.13605],[-78.96445,41.13668],[-78.94745,41.14556],[-78.93167,41.15114],[-78.92777,41.15205],[-78.92568,41.15228],[-78.92277,41.15235],[-78.87659,41.15142],[-78.85362,41.14898],[-78.85179,41.14892],[-78.84999,41.14922],[-78.84899,41.14957],[-78.83375,41.15663],[-78.83015,41.15759],[-78.82603,41.1579],[-78.82311,41.15764],[-78.82059,41.15709],[-78.78734,41.14607],[-78.78442,41.14531],[-78.77818,41.14457],[-78.77505,41.14439],[-78.75948,41.14541],[-78.75745,41.1453],[-78.75565,41.14495],[-78.74466,41.14116],[-78.73343,41.13702],[-78.722,41.13326],[-78.6839,41.12266],[-78.68084,41.12209],[-78.67828,41.12188],[-78.65303,41.12113],[-78.63221,41.11989],[-78.62912,41.1201],[-78.60609,41.12289],[-78.59709,41.12433],[-78.59458,41.12436],[-78.58659,41.12385],[-78.58318,41.12412],[-78.57566,41.12528],[-78.57269,41.12528],[-78.56956,41.12485],[-78.55527,41.12135],[-78.5526,41.12029],[-78.54971,41.11866],[-78.54813,41.11746],[-78.52637,41.09824],[-78.50626,41.083],[-78.50378,41.08161],[-78.49828,41.07906],[-78.49543,41.07737],[-78.48601,41.06948],[-78.48425,41.06834],[-78.4827,41.06779],[-78.48083,41.06752],[-78.47439,41.06809],[-78.47258,41.06799],[-78.47111,41.06771],[-78.43675,41.05608],[-78.43324,41.05426],[-78.41301,41.04005],[-78.41099,41.03904],[-78.40848,41.03859],[-78.39621,41.03929],[-78.39412,41.03919],[-78.38296,41.03645],[-78.38176,41.03585],[-78.38062,41.03497],[-78.37633,41.03066],[-78.37316,41.0281],[-78.36956,41.02465],[-78.36835,41.02386],[-78.36736,41.02343],[-78.36481,41.02295],[-78.35155,41.02268],[-78.3493,41.02239],[-78.33861,41.01891],[-78.33061,41.0153],[-78.32797,41.01453],[-78.32599,41.01415],[-78.3229,41.01385],[-78.29073,41.01329],[-78.28777,41.01283],[-78.28573,41.01208],[-78.28387,41.01096],[-78.26636,40.996],[-78.265,40.99515],[-78.26332,40.99437],[-78.25987,40.99342],[-78.2579,40.99321],[-78.25576,40.99322],[-78.22779,40.99612],[-78.22388,40.99617],[-78.22115,40.99587],[-78.21791,40.99513],[-78.19636,40.9874],[-78.19407,40.98663],[-78.18993,40.9858],[-78.18719,40.9856],[-78.18478,40.98566],[-78.16066,40.98727],[-78.15707,40.98712],[-78.15327,40.98646],[-78.15009,40.98543],[-78.14171,40.9815],[-78.14017,40.98095],[-78.13772,40.98049],[-78.13135,40.98009],[-78.12954,40.97968],[-78.12758,40.97886],[-78.12557,40.9775],[-78.11078,40.96369],[-78.10832,40.96229],[-78.10684,40.96178],[-78.10491,40.96139],[-78.10215,40.96131],[-78.09892,40.96191],[-78.09704,40.96267],[-78.0898,40.96632],[-78.07933,40.96908],[-78.07525,40.96969],[-78.06934,40.96965],[-78.06722,40.96991],[-78.06523,40.97069],[-78.05842,40.97434],[-78.05654,40.97495],[-78.05426,40.97519],[-78.0466,40.97463],[-78.04471,40.9749],[-78.04324,40.97536],[-78.04171,40.97615],[-78.04078,40.97686],[-78.03235,40.98598],[-78.03125,40.98686],[-78.02976,40.98772],[-78.02806,40.98838],[-78.02178,40.99029],[-78.01196,40.99292],[-78.00107,40.99674],[-77.99104,40.99909],[-77.97554,41.00484],[-77.96577,41.00827],[-77.96341,41.00935],[-77.96091,41.01088],[-77.95043,41.0197],[-77.94771,41.0213],[-77.94425,41.02267],[-77.9404,41.02354],[-77.93778,41.0238],[-77.93536,41.02381],[-77.92623,41.02332],[-77.91615,41.02441],[-77.91274,41.02438],[-77.91017,41.02407],[-77.90724,41.0234],[-77.89458,41.01919],[-77.88461,41.0156],[-77.88028,41.01367],[-77.87805,41.01245],[-77.86904,41.0069],[-77.86203,41.00167],[-77.85715,40.99767],[-77.85411,40.99601],[-77.85127,40.99516],[-77.83887,40.99288],[-77.82929,40.99077],[-77.81833,40.98874],[-77.81584,40.98792],[-77.80039,40.98177],[-77.79852,40.98057],[-77.79694,40.97892],[-77.79103,40.96907],[-77.78999,40.96756],[-77.78843,40.96571],[-77.78682,40.96418],[-77.77925,40.95787],[-77.77713,40.95666],[-77.77503,40.95596],[-77.77274,40.95562],[-77.75299,40.9548],[-77.75027,40.95453],[-77.74845,40.95413],[-77.74569,40.95318],[-77.74389,40.95228],[-77.73257,40.94511],[-77.72999,40.94417],[-77.72713,40.9438],[-77.7251,40.9439],[-77.70788,40.94623],[-77.70455,40.94695],[-77.70105,40.94826],[-77.69103,40.95347],[-77.68707,40.95528],[-77.66554,40.96279],[-77.65955,40.96442],[-77.64469,40.96722],[-77.64229,40.96797],[-77.64005,40.96894],[-77.63797,40.97011],[-77.63639,40.97124],[-77.62917,40.9773],[-77.62027,40.98384],[-77.61887,40.98501],[-77.61752,40.98641],[-77.61651,40.98772],[-77.61253,40.99432],[-77.61013,40.99693],[-77.60784,40.99866],[-77.59662,41.00609],[-77.58518,41.01521],[-77.58353,41.01627],[-77.58201,41.017],[-77.55671,41.02575],[-77.55347,41.02666],[-77.55011,41.02727],[-77.51449,41.03153],[-77.51177,41.03236],[-77.4922,41.03919],[-77.48993,41.03948],[-77.48821,41.03939],[-77.48078,41.0377],[-77.47896,41.03751],[-77.47709,41.03752],[-77.47397,41.03806],[-77.46246,41.04126],[-77.46005,41.04221],[-77.44179,41.0511],[-77.43886,41.05266],[-77.43537,41.05518],[-77.42982,41.06075],[-77.42812,41.06202],[-77.42621,41.06315],[-77.42322,41.06444],[-77.41265,41.06812],[-77.41035,41.06871],[-77.4084,41.06892],[-77.40511,41.06866],[-77.40328,41.06818],[-77.40166,41.06751],[-77.39974,41.0663],[-77.39904,41.0657],[-77.39575,41.06188],[-77.39473,41.0612],[-77.39312,41.06055],[-77.39173,41.06028],[-77.39017,41.06024],[-77.37092,41.06169],[-77.36909,41.06166],[-77.36725,41.06137],[-77.36433,41.06028],[-77.34968,41.05134],[-77.34628,41.04973],[-77.34378,41.04894],[-77.34113,41.04839],[-77.33007,41.04693],[-77.32812,41.0468],[-77.32502,41.04685],[-77.32184,41.04727],[-77.30124,41.05178],[-77.29113,41.0525],[-77.27873,41.05445],[-77.26789,41.05662],[-77.23194,41.06066],[-77.22948,41.06115],[-77.22122,41.06326],[-77.21978,41.06346],[-77.21821,41.06342],[-77.21582,41.06278],[-77.21398,41.06161],[-77.21309,41.06057],[-77.20991,41.05549],[-77.20835,41.05426],[-77.20658,41.05353],[-77.20407,41.0532],[-77.19741,41.05355],[-77.19558,41.05344],[-77.19395,41.05312],[-77.1872,41.05113],[-77.18362,41.05066],[-77.16518,41.05082],[-77.15067,41.05027],[-77.14856,41.0496],[-77.14697,41.04852],[-77.14611,41.04754],[-77.14312,41.043],[-77.14186,41.04168],[-77.14102,41.04113],[-77.13954,41.0405],[-77.13813,41.04019],[-77.13676,41.0401],[-77.13413,41.04054],[-77.12399,41.04389],[-77.10534,41.04846],[-77.08949,41.05348],[-77.08812,41.05408],[-77.08632,41.05516],[-77.07557,41.0633],[-77.0741,41.06417],[-77.07283,41.06469],[-77.07154,41.06506],[-77.05975,41.06737],[-77.03245,41.07381],[-77.02827,41.07427],[-77.01211,41.07486],[-76.9943,41.07475],[-76.97597,41.07395],[-76.9589,41.07416],[-76.95657,41.07434],[-76.93903,41.07665],[-76.93461,41.07684],[-76.9308,41.07657],[-76.92641,41.07574],[-76.92196,41.07425],[-76.91586,41.0714],[-76.89982,41.06434],[-76.89489,41.06161],[-76.88412,41.05439],[-76.88103,41.05306],[-76.87797,41.05245],[-76.87563,41.05228],[-76.84834,41.05144],[-76.84653,41.05123],[-76.82468,41.04563],[-76.81668,41.04342],[-76.81432,41.0422],[-76.81234,41.04046],[-76.80215,41.02615],[-76.80134,41.0252],[-76.79944,41.02387],[-76.79561,41.02233],[-76.79385,41.02131],[-76.78557,41.01366],[-76.78386,41.01248],[-76.78138,41.01146],[-76.76791,41.00727],[-76.76212,41.00526],[-76.75374,41.00201],[-76.75091,41.00037],[-76.74381,40.99371],[-76.74214,40.99263],[-76.74099,40.99211],[-76.73842,40.99128],[-76.73335,40.99025],[-76.73036,40.98945],[-76.72142,40.98615],[-76.72013,40.98587],[-76.71797,40.98573],[-76.70284,40.98711],[-76.69244,40.98739],[-76.6907,40.98759],[-76.68151,40.98939],[-76.67915,40.98968],[-76.66296,40.98972],[-76.66098,40.98992],[-76.65923,40.99027],[-76.65136,40.99267],[-76.6501,40.99317],[-76.6426,40.99714],[-76.64014,40.99798],[-76.63743,40.99843],[-76.62404,40.9997],[-76.60378,41.00097],[-76.59337,41.00224],[-76.59028,41.00212],[-76.58057,41.00087],[-76.57745,41.00087],[-76.57503,41.00124],[-76.55466,41.00644],[-76.55135,41.00703],[-76.54885,41.00718],[-76.54656,41.00713],[-76.53582,41.00586],[-76.53179,41.00577],[-76.5288,41.00608],[-76.51136,41.0091],[-76.50934,41.00921],[-76.5034,41.00904],[-76.50154,41.00921],[-76.49987,41.00959],[-76.47936,41.01643],[-76.46707,41.02193],[-76.46445,41.02271],[-76.45053,41.02492],[-76.43765,41.02752],[-76.43486,41.02787],[-76.43276,41.02785],[-76.43083,41.02761],[-76.41323,41.02458],[-76.41167,41.02447],[-76.40933,41.02458],[-76.40762,41.0249],[-76.39632,41.02795],[-76.38388,41.03241],[-76.38131,41.0332],[-76.36193,41.03829],[-76.35878,41.03883],[-76.35638,41.0388],[-76.35494,41.0386],[-76.34119,41.03578],[-76.33894,41.03505],[-76.31287,41.02112],[-76.29823,41.01163],[-76.29682,41.01104],[-76.29504,41.01055],[-76.29267,41.0103],[-76.29054,41.01042],[-76.28164,41.01268],[-76.27857,41.01291],[-76.27577,41.01249],[-76.26593,41.00925],[-76.26303,41.00849],[-76.26027,41.00821],[-76.24219,41.00864],[-76.20287,41.016],[-76.18763,41.01821],[-76.17517,41.01918],[-76.17327,41.01889],[-76.17141,41.01818],[-76.1701,41.0173],[-76.16921,41.01635],[-76.16826,41.01471],[-76.16538,41.00698],[-76.16457,41.00565],[-76.1639,41.00502],[-76.16237,41.00414],[-76.16048,41.00363],[-76.15883,41.00354],[-76.14234,41.00512],[-76.13946,41.006],[-76.13729,41.00697],[-76.12446,41.01452],[-76.12111,41.01556],[-76.11454,41.0165],[-76.11248,41.01708],[-76.10977,41.01859],[-76.10396,41.02284],[-76.10241,41.02372],[-76.10014,41.02449],[-76.09779,41.0249],[-76.08152,41.02571],[-76.07863,41.02622],[-76.07642,41.02694],[-76.06789,41.03109],[-76.06413,41.03267],[-76.06155,41.03351],[-76.04791,41.0374],[-76.02975,41.04221],[-76.0092,41.04613],[-75.99883,41.04995],[-75.9969,41.05053],[-75.9943,41.05093],[-75.99196,41.05098],[-75.98003,41.05011],[-75.97701,41.0502],[-75.9639,41.05229],[-75.9451,41.05751],[-75.94229,41.05807],[-75.93948,41.05841],[-75.92595,41.05902],[-75.90074,41.05874],[-75.8948,41.05884],[-75.87806,41.06012],[-75.87605,41.06054],[-75.87091,41.06197],[-75.86943,41.06209],[-75.8673,41.06178],[-75.86579,41.0612],[-75.85893,41.05667],[-75.85644,41.05533],[-75.84989,41.05299],[-75.84849,41.05263],[-75.84703,41.05248],[-75.84454,41.05266],[-75.82873,41.05526],[-75.81381,41.05703],[-75.81115,41.05706],[-75.80161,41.05615],[-75.79817,41.056],[-75.78714,41.05706],[-75.78547,41.0571],[-75.78249,41.05671],[-75.77634,41.0551],[-75.77391,41.05492],[-75.76749,41.05595],[-75.7649,41.05653],[-75.7553,41.05982],[-75.75305,41.06018],[-75.74732,41.06047],[-75.74567,41.06048],[-75.74284,41.06016],[-75.72602,41.05576],[-75.72271,41.05573],[-75.71942,41.05643],[-75.71756,41.0573],[-75.70745,41.06409],[-75.70503,41.06531],[-75.69842,41.0674],[-75.6896,41.0691],[-75.68688,41.06984],[-75.68454,41.07075],[-75.67758,41.07413],[-75.67472,41.07534],[-75.66319,41.07929],[-75.66112,41.07982],[-75.65899,41.08013],[-75.63654,41.08236],[-75.62618,41.08317],[-75.62416,41.08304],[-75.62215,41.08259],[-75.61406,41.07929],[-75.61214,41.07872],[-75.61039,41.07854],[-75.60856,41.07863],[-75.60322,41.08012],[-75.60056,41.08026],[-75.59862,41.07985],[-75.59447,41.07789],[-75.59275,41.07736],[-75.58527,41.07677],[-75.57254,41.07653],[-75.5591,41.07584],[-75.53923,41.07665],[-75.52688,41.07795],[-75.52362,41.07814],[-75.51302,41.07809],[-75.51065,41.07787],[-75.50838,41.07735],[-75.49701,41.07293],[-75.49588,41.07261],[-75.49247,41.07219],[-75.48711,41.07255],[-75.48201,41.07308],[-75.47377,41.07421],[-75.47159,41.07432],[-75.46881,41.07421],[-75.44655,41.07128],[-75.44221,41.07093],[-75.42862,41.07114],[-75.42081,41.07173],[-75.41809,41.07172],[-75.41517,41.07139],[-75.40602,41.06987],[-75.39246,41.06869],[-75.38722,41.06709],[-75.37558,41.06301],[-75.37369,41.06261],[-75.37181,41.06255],[-75.3706,41.06267],[-75.35906,41.06492],[-75.35716,41.06514],[-75.35502,41.06513],[-75.35244,41.06481],[-75.33419,41.06171],[-75.33161,41.06104],[-75.3295,41.0602],[-75.31943,41.05468],[-75.31791,41.05342],[-75.3169,41.05209],[-75.31635,41.05101],[-75.31509,41.04716],[-75.31044,41.03214],[-75.30077,41.01468],[-75.29979,41.01341],[-75.29861,41.01234],[-75.29709,41.01132],[-75.26926,40.99755],[-75.23504,40.98661],[-75.23009,40.98574],[-75.21762,40.98472],[-75.21604,40.98406],[-75.21333,40.98209],[-75.21175,40.98145],[-75.19998,40.97885],[-75.19768,40.97872],[-75.19605,40.97911],[-75.19487,40.97974],[-75.19133,40.98326],[-75.18882,40.98492],[-75.18665,40.98584],[-75.17514,40.99002],[-75.16459,40.99507],[-75.15597,40.99795],[-75.15414,40.99835],[-75.15164,40.99839],[-75.14674,40.99778],[-75.1454,40.99738],[-75.14432,40.99672],[-75.14346,40.99575],[-75.13888,40.98667],[-75.1376,40.9822],[-75.13467,40.97486],[-75.13392,40.97348],[-75.1325,40.97167],[-75.13137,40.97088],[-75.12967,40.97047],[-75.12839,40.97054],[-75.1236,40.9713],[-75.12217,40.97135],[-75.1207,40.97082],[-75.11965,40.96985],[-75.11918,40.96892],[-75.11896,40.9676],[-75.11774,40.96502],[-75.11688,40.95744],[-75.11648,40.95593],[-75.11592,40.95457],[-75.11481,40.95274],[-75.11363,40.95136],[-75.11082,40.9486],[-75.10765,40.94405],[-75.10495,40.94083],[-75.10415,40.93928],[-75.10356,40.93578],[-75.10309,40.93487],[-75.10193,40.93362],[-75.09838,40.93104],[-75.09592,40.92951],[-75.09224,40.92806],[-75.08891,40.92733],[-75.0864,40.92709],[-75.08467,40.92717],[-75.08292,40.92757],[-75.07899,40.92907],[-75.07684,40.92966],[-75.07494,40.92978],[-75.07321,40.92952],[-75.07166,40.92895],[-75.07016,40.92798],[-75.06771,40.92501],[-75.06655,40.92396],[-75.06488,40.92307],[-75.06316,40.92259],[-75.0594,40.92233],[-75.05721,40.92247],[-75.05468,40.92294],[-75.04286,40.92688],[-75.03596,40.92963],[-75.03132,40.93089],[-75.02508,40.93314],[-75.02269,40.93375],[-75.01761,40.93472],[-75.01322,40.93511],[-75.00827,40.93496],[-75.00408,40.93449],[-74.99984,40.9337],[-74.99352,40.93226],[-74.9871,40.93149],[-74.98529,40.93093],[-74.98193,40.92957],[-74.97971,40.92904],[-74.97195,40.92871],[-74.96926,40.92831],[-74.96748,40.92788],[-74.96574,40.92723],[-74.96093,40.92463],[-74.95892,40.92406],[-74.95771,40.92388],[-74.95559,40.92377],[-74.95261,40.92394],[-74.9462,40.92487],[-74.93655,40.92483],[-74.93164,40.92442],[-74.92921,40.92447],[-74.92767,40.9247],[-74.90458,40.92984],[-74.9029,40.93013],[-74.90123,40.93021],[-74.89931,40.93003],[-74.89429,40.92918],[-74.8891,40.92892],[-74.88686,40.92854],[-74.88413,40.92755],[-74.87798,40.9244],[-74.8757,40.92362],[-74.87283,40.923],[-74.8534,40.92144],[-74.85127,40.92106],[-74.84363,40.91916],[-74.84239,40.91898],[-74.84023,40.91907],[-74.83559,40.91994],[-74.83375,40.91992],[-74.83176,40.9195],[-74.82749,40.91784],[-74.82582,40.91743],[-74.82398,40.91734],[-74.81961,40.91785],[-74.81784,40.91787],[-74.81138,40.91668],[-74.80915,40.91682],[-74.80706,40.91749],[-74.80553,40.91845],[-74.80257,40.92114],[-74.80129,40.92192],[-74.80004,40.92243],[-74.79856,40.92281],[-74.79463,40.92343],[-74.79037,40.9244],[-74.78787,40.92453],[-74.78584,40.92415],[-74.78363,40.92305],[-74.78237,40.92182],[-74.78079,40.91942],[-74.77995,40.91841],[-74.77817,40.91719],[-74.77635,40.91655],[-74.77318,40.91602],[-74.76741,40.91596],[-74.76547,40.91571],[-74.76344,40.91504],[-74.75845,40.91244],[-74.75662,40.91187],[-74.75435,40.91173],[-74.74551,40.91235],[-74.74189,40.91223],[-74.73691,40.91147],[-74.73403,40.91067],[-74.73143,40.90971],[-74.72906,40.90858],[-74.72702,40.90738],[-74.72485,40.90583],[-74.72334,40.90451],[-74.72204,40.90316],[-74.72053,40.90126],[-74.71757,40.8962],[-74.71663,40.89494],[-74.71436,40.89303],[-74.71302,40.89227],[-74.71131,40.89157],[-74.70921,40.89103],[-74.70716,40.89079],[-74.68618,40.88991],[-74.68337,40.88995],[-74.68017,40.89034],[-74.6733,40.89207],[-74.66953,40.89259],[-74.66645,40.89265],[-74.65633,40.89212],[-74.65349,40.89225],[-74.65023,40.89277],[-74.59872,40.90799],[-74.59542,40.90864],[-74.59304,40.90881],[-74.59082,40.90875],[-74.58395,40.90788],[-74.58075,40.90776],[-74.57767,40.90805],[-74.56707,40.90989],[-74.56158,40.91033],[-74.51342,40.9112],[-74.51001,40.91095],[-74.50686,40.91031],[-74.50393,40.90933],[-74.5016,40.90821],[-74.49737,40.9057],[-74.49398,40.90326],[-74.48941,40.89912],[-74.48853,40.89795],[-74.48628,40.89424],[-74.48424,40.89239],[-74.48214,40.89127],[-74.47503,40.88881],[-74.47265,40.88732],[-74.47145,40.88612],[-74.4705,40.88461],[-74.4688,40.879],[-74.46774,40.87699],[-74.46674,40.87558],[-74.46483,40.87343],[-74.46254,40.87128],[-74.46047,40.86983],[-74.45816,40.8687],[-74.45578,40.86796],[-74.45327,40.86753],[-74.44602,40.86711],[-74.43941,40.86624],[-74.42651,40.86526],[-74.41706,40.86414],[-74.40718,40.86242],[-74.39987,40.86055],[-74.39734,40.86013],[-74.39485,40.86002],[-74.38753,40.86034],[-74.3857,40.8603],[-74.3823,40.8599],[-74.37241,40.85825],[-74.37111,40.85824],[-74.3665,40.85872],[-74.36517,40.85852],[-74.36334,40.85784],[-74.36013,40.85604],[-74.35734,40.85388],[-74.35594,40.85232],[-74.35285,40.84813],[-74.3512,40.84654],[-74.34899,40.84517],[-74.34269,40.84266],[-74.34099,40.84164],[-74.33949,40.84029],[-74.33547,40.83508],[-74.33344,40.83303],[-74.33123,40.83138],[-74.3216,40.82546],[-74.31988,40.82422],[-74.31836,40.8226],[-74.31439,40.81708],[-74.31341,40.81591],[-74.31148,40.8143],[-74.30993,40.81327],[-74.30663,40.81173],[-74.30322,40.81079],[-74.3005,40.81043],[-74.29446,40.81015],[-74.2931,40.80993],[-74.29102,40.80928],[-74.28924,40.80839],[-74.28374,40.80416],[-74.28053,40.80224],[-74.27525,40.79999],[-74.2712,40.79863],[-74.26837,40.79802],[-74.26432,40.79754],[-74.2594,40.79739],[-74.25404,40.7978],[-74.25265,40.79755],[-74.25141,40.79706],[-74.24985,40.79592],[-74.24926,40.79506],[-74.24896,40.7942],[-74.24888,40.79269],[-74.24911,40.78883],[-74.24885,40.78731],[-74.24824,40.78589],[-74.24712,40.78438],[-74.24433,40.78225],[-74.24305,40.78099],[-74.24215,40.77912],[-74.24137,40.77428],[-74.2406,40.77297],[-74.23956,40.77202],[-74.23799,40.77127],[-74.23675,40.77089],[-74.23231,40.77031],[-74.23061,40.76987],[-74.22668,40.76754],[-74.22535,40.76699],[-74.22139,40.76591],[-74.21994,40.76532],[-74.21063,40.76017],[-74.20735,40.75874],[-74.20256,40.75695],[-74.19485,40.75308],[-74.19317,40.75264],[-74.19106,40.75232],[-74.18806,40.75135],[-74.18453,40.75107],[-74.17822,40.74919],[-74.17135,40.74772],[-74.17,40.74765],[-74.16704,40.74803],[-74.1639,40.74771],[-74.16285,40.74737],[-74.16162,40.74669],[-74.15687,40.74308],[-74.15527,40.74248],[-74.15388,40.74226],[-74.14975,40.74234],[-74.14608,40.74266],[-74.13439,40.74534],[-74.13139,40.74647],[-74.12669,40.74891],[-74.12366,40.75008],[-74.12141,40.74987],[-74.10253,40.7462],[-74.10117,40.74623],[-74.09826,40.74693],[-74.09694,40.74688],[-74.09101,40.74435],[-74.08459,40.74276],[-74.07929,40.73983],[-74.07763,40.73927],[-74.0759,40.73903],[-74.07251,40.73903],[-74.06931,40.73939],[-74.06583,40.73937],[-74.06301,40.73915],[-74.06153,40.7388],[-74.05997,40.73798],[-74.05271,40.73174],[-74.05147,40.73117],[-74.03647,40.72977],[-74.03208,40.7288],[-74.02634,40.72829],[-74.01558,40.72651],[-74.01231,40.72618],[-74.01085,40.72574],[-74.00657,40.72249],[-74.00651,40.72211],[-74.00672,40.72176],[-74.00791,40.72144],[-74.00799,40.72112],[-74.00781,40.72091],[-74.00714,40.7209],[-74.00677,40.72155],[-74.00644,40.72181],[-74.00508,40.72169],[-73.9989,40.71726],[-73.99617,40.71618],[-73.99502,40.71487],[-73.98543,40.6977],[-73.98114,40.68911],[-73.97305,40.678],[-73.97677,40.67266]]}},{"type":"Feature","properties":{"name":"GraphHopper Track","mode":"ride","distance_km":"378.5"},"geometry":{"type":"LineString","coordinates":[[-81.76439,41.23227],[-81.76445,41.20171],[-81.74495,41.20186],[-81.74424,41.19807],[-81.74276,41.19191],[-81.74218,41.19211],[-81.74104,41.19293],[-81.74015,41.19336],[-81.73757,41.19402],[-81.73425,41.19453],[-81.7043,41.19604],[-81.69996,41.19649],[-81.6954,41.19737],[-81.69277,41.198],[-81.68905,41.1992],[-81.68495,41.20091],[-81.62684,41.22882],[-81.62355,41.22969],[-81.61342,41.23108],[-81.60021,41.23489],[-81.59739,41.236],[-81.59473,41.23774],[-81.59371,41.23869],[-81.59258,41.2401],[-81.58714,41.251],[-81.58646,41.25201],[-81.58545,41.25295],[-81.58414,41.25368],[-81.58241,41.25421],[-81.57373,41.25501],[-81.5702,41.25559],[-81.56651,41.25662],[-81.56276,41.25816],[-81.55093,41.26445],[-81.54875,41.26579],[-81.5472,41.267],[-81.53643,41.27651],[-81.53483,41.27767],[-81.52879,41.2814],[-81.5272,41.28279],[-81.52633,41.28396],[-81.52566,41.28528],[-81.51351,41.31191],[-81.51286,41.31414],[-81.51278,41.31543],[-81.51299,41.31719],[-81.51629,41.32799],[-81.51659,41.3302],[-81.51645,41.33166],[-81.51577,41.33374],[-81.51216,41.33931],[-81.51117,41.34139],[-81.51082,41.343],[-81.51075,41.34426],[-81.51109,41.34984],[-81.51155,41.35174],[-81.51601,41.36374],[-81.51631,41.36613],[-81.51609,41.3678],[-81.51359,41.37587],[-81.5117,41.38751],[-81.50685,41.40295],[-81.50632,41.40536],[-81.50618,41.40724],[-81.50635,41.40958],[-81.50876,41.41995],[-81.50883,41.42193],[-81.50862,41.42368],[-81.50814,41.42542],[-81.50751,41.42686],[-81.50582,41.42947],[-81.50403,41.43136],[-81.49937,41.4354],[-81.49692,41.43809],[-81.49606,41.43924],[-81.49354,41.44333],[-81.49193,41.44709],[-81.49126,41.44938],[-81.49069,41.45255],[-81.49053,41.45476],[-81.4905,41.46013],[-81.49025,41.46276],[-81.48633,41.48298],[-81.48608,41.49165],[-81.48563,41.4937],[-81.4845,41.49632],[-81.48316,41.4983],[-81.48181,41.49974],[-81.47888,41.50206],[-81.47594,41.50361],[-81.45274,41.51277],[-81.4502,41.5139],[-81.44845,41.51505],[-81.44671,41.51667],[-81.44545,41.51841],[-81.44458,41.52043],[-81.44427,41.52217],[-81.44443,41.52456],[-81.4452,41.5268],[-81.44691,41.53044],[-81.44784,41.53315],[-81.44851,41.53599],[-81.44885,41.53927],[-81.44886,41.54084],[-81.44757,41.55773],[-81.44686,41.56957],[-81.4478,41.58722],[-81.44743,41.59011],[-81.44679,41.59228],[-81.44568,41.59467],[-81.4438,41.5974],[-81.44179,41.59957],[-81.43931,41.60162],[-81.41423,41.61713],[-81.38961,41.63303],[-81.38697,41.63444],[-81.37798,41.63868],[-81.37506,41.63983],[-81.36995,41.64146],[-81.3651,41.64249],[-81.32888,41.64739],[-81.32302,41.64761],[-81.30958,41.64727],[-81.30385,41.64761],[-81.29904,41.64832],[-81.29539,41.64912],[-81.28991,41.65086],[-81.25467,41.66658],[-81.2475,41.66995],[-81.22577,41.67871],[-81.22256,41.68024],[-81.20834,41.68866],[-81.16939,41.71228],[-81.16514,41.71442],[-81.16189,41.71564],[-81.15733,41.7169],[-81.15301,41.71761],[-81.13433,41.72009],[-81.12856,41.72141],[-81.12455,41.72271],[-81.11977,41.72472],[-81.11642,41.72651],[-81.11322,41.72857],[-81.10264,41.73607],[-81.09792,41.73875],[-81.09288,41.7409],[-81.04923,41.75819],[-81.04378,41.76005],[-81.0372,41.76147],[-81.03332,41.76193],[-81.00339,41.76351],[-80.99692,41.76464],[-80.98684,41.76723],[-80.98062,41.76812],[-80.93452,41.76962],[-80.89304,41.77154],[-80.88858,41.77202],[-80.88499,41.77265],[-80.88084,41.77369],[-80.87798,41.7746],[-80.87394,41.77621],[-80.87058,41.77788],[-80.81598,41.80922],[-80.81097,41.81249],[-80.79428,41.82469],[-80.79158,41.82623],[-80.78824,41.82735],[-80.78474,41.82784],[-80.76007,41.82787],[-80.7544,41.82833],[-80.75113,41.82882],[-80.74684,41.8298],[-80.74365,41.83075],[-80.73989,41.83216],[-80.73685,41.83356],[-80.7341,41.83505],[-80.72752,41.83938],[-80.7232,41.84174],[-80.71909,41.84349],[-80.70831,41.84725],[-80.70396,41.84926],[-80.70077,41.85109],[-80.69777,41.85315],[-80.69513,41.85532],[-80.67691,41.87254],[-80.67323,41.87567],[-80.67005,41.87807],[-80.66634,41.88054],[-80.66257,41.88276],[-80.65786,41.88516],[-80.65278,41.88737],[-80.60059,41.90815],[-80.59744,41.90916],[-80.55555,41.92025],[-80.55138,41.92161],[-80.54609,41.92392],[-80.51009,41.94175],[-80.50741,41.94277],[-80.50593,41.94305],[-80.50419,41.94315],[-80.43114,41.94307],[-80.38913,41.94581],[-80.38544,41.94641],[-80.38257,41.94724],[-80.33443,41.96488],[-80.29761,41.98001],[-80.22259,42.01168],[-80.21932,42.01286],[-80.21648,42.0137],[-80.21219,42.01466],[-80.17853,42.01989],[-80.1447,42.02345],[-80.13872,42.02479],[-80.13346,42.0266],[-80.09781,42.04328],[-80.07172,42.05283],[-80.0688,42.05404],[-80.06608,42.05538],[-80.03973,42.06997],[-80.03578,42.07232],[-80.03109,42.07547],[-80.01144,42.08992],[-80.00843,42.09192],[-80.00556,42.09349],[-79.9925,42.09978],[-79.98998,42.10116],[-79.95638,42.12301],[-79.95053,42.12614],[-79.93443,42.13431],[-79.87854,42.15977],[-79.87409,42.16141],[-79.85438,42.16761],[-79.85177,42.1687],[-79.84993,42.16972],[-79.8483,42.17084],[-79.84656,42.17236],[-79.83787,42.18156],[-79.82234,42.19391],[-79.81349,42.20199],[-79.78554,42.22346],[-79.78364,42.22546],[-79.78221,42.2276],[-79.78156,42.22896],[-79.77909,42.23563],[-79.77788,42.23777],[-79.77656,42.23943],[-79.77409,42.24174],[-79.76125,42.25275],[-79.75858,42.25475],[-79.75688,42.25581],[-79.74468,42.26151],[-79.74303,42.26239],[-79.73375,42.26823],[-79.73097,42.2697],[-79.72803,42.27103],[-79.72549,42.27201],[-79.72143,42.2733],[-79.70631,42.27683],[-79.70157,42.27826],[-79.69766,42.27991],[-79.69464,42.28149],[-79.68485,42.2877],[-79.68129,42.28965],[-79.67824,42.29102],[-79.67511,42.29227],[-79.65646,42.29881],[-79.65228,42.30048],[-79.64527,42.30375],[-79.64102,42.30608],[-79.63767,42.3075],[-79.62469,42.31165],[-79.62027,42.31349],[-79.61699,42.31541],[-79.60586,42.32442],[-79.603,42.3265],[-79.58088,42.33998],[-79.57737,42.34165],[-79.57302,42.34311],[-79.56189,42.34558],[-79.5548,42.34767],[-79.55054,42.34934],[-79.53759,42.35499],[-79.53186,42.3579],[-79.52811,42.3601],[-79.51702,42.36759],[-79.50611,42.37428],[-79.49959,42.37752],[-79.49258,42.38032],[-79.48875,42.38218],[-79.48574,42.38393],[-79.47968,42.38798],[-79.47671,42.38967],[-79.46521,42.39505],[-79.46123,42.39647],[-79.45582,42.39798],[-79.45386,42.3987],[-79.45066,42.40027],[-79.4477,42.40223],[-79.44314,42.4063],[-79.44164,42.40736],[-79.43847,42.40913],[-79.43493,42.41052],[-79.43114,42.41147],[-79.42669,42.41207],[-79.41995,42.41245],[-79.41525,42.41318],[-79.41141,42.41429],[-79.40806,42.41572],[-79.40517,42.41737],[-79.40246,42.41933],[-79.40135,42.42032],[-79.39553,42.42638],[-79.3858,42.43504],[-79.38207,42.439],[-79.38068,42.44066],[-79.37667,42.44619],[-79.37397,42.44919],[-79.3704,42.45211],[-79.36647,42.45445],[-79.36447,42.45537],[-79.36081,42.45674],[-79.35843,42.45741],[-79.35356,42.45836],[-79.34839,42.45876],[-79.33174,42.45874],[-79.32903,42.45892],[-79.318,42.46078],[-79.30413,42.46198],[-79.30048,42.46269],[-79.29773,42.4635],[-79.29479,42.46474],[-79.26239,42.48038],[-79.24017,42.49476],[-79.23532,42.49747],[-79.23236,42.49877],[-79.20208,42.51071],[-79.19865,42.51172],[-79.19612,42.51215],[-79.1935,42.51237],[-79.17051,42.51247],[-79.16663,42.51269],[-79.16215,42.51348],[-79.15894,42.5146],[-79.14959,42.51927],[-79.13634,42.52785],[-79.10653,42.55205],[-79.08503,42.57062],[-79.0825,42.57261],[-79.07987,42.57431],[-79.07731,42.57567],[-79.07514,42.57664],[-79.06851,42.57913],[-79.06488,42.58087],[-79.06016,42.58387],[-79.05373,42.58925],[-79.05092,42.5914],[-79.04777,42.59318],[-79.04076,42.59639],[-79.0293,42.6028],[-79.02635,42.60484],[-79.02457,42.60634],[-79.02105,42.60993],[-79.01895,42.61174],[-79.01715,42.61307],[-79.01145,42.61657],[-79.00744,42.61943],[-79.00484,42.62159],[-78.9988,42.62746],[-78.99455,42.63117],[-78.9862,42.63723],[-78.97942,42.64298],[-78.97274,42.64777],[-78.96629,42.65404],[-78.96005,42.65945],[-78.95449,42.6649],[-78.94869,42.67161],[-78.94549,42.67555],[-78.94289,42.67907],[-78.93785,42.68626],[-78.93536,42.68912],[-78.92658,42.69657],[-78.91872,42.70262],[-78.90546,42.71172],[-78.90181,42.71381],[-78.88919,42.72026],[-78.87915,42.72625],[-78.8726,42.72937],[-78.8626,42.73312],[-78.85243,42.73794],[-78.84372,42.74158],[-78.84175,42.74264],[-78.83892,42.74455],[-78.83586,42.7474],[-78.82651,42.75822],[-78.82461,42.75988],[-78.82058,42.76291],[-78.81925,42.7643],[-78.81836,42.76558],[-78.81754,42.7673],[-78.81621,42.77297],[-78.81591,42.77522],[-78.81557,42.77958],[-78.81561,42.78296],[-78.81646,42.79405],[-78.81614,42.79499],[-78.81569,42.79541],[-78.8149,42.79557],[-78.81425,42.79536],[-78.81392,42.79499],[-78.81387,42.79456],[-78.81411,42.79418],[-78.81456,42.79393],[-78.81855,42.79368],[-78.81978,42.79316],[-78.82028,42.79224],[-78.82036,42.79043],[-78.82014,42.78949],[-78.82276,42.78923],[-78.83175,42.7893],[-78.8393,42.7901],[-78.84551,42.7901],[-78.84609,42.79055],[-78.84651,42.79163],[-78.84672,42.79318],[-78.84685,42.79735],[-78.8454,42.81237],[-78.84545,42.8139],[-78.84604,42.81586],[-78.84853,42.82084],[-78.84954,42.82333],[-78.85002,42.82631],[-78.85053,42.82762],[-78.85664,42.83916],[-78.85859,42.84233],[-78.85963,42.8443],[-78.86075,42.84695],[-78.86356,42.85234],[-78.86474,42.85369],[-78.86826,42.85691],[-78.87038,42.85971],[-78.87427,42.86371],[-78.87867,42.86955],[-78.87898,42.87044],[-78.879,42.87137],[-78.87794,42.87574],[-78.87874,42.87871],[-78.87882,42.87964],[-78.87835,42.88061],[-78.87789,42.8807],[-78.87748,42.88045],[-78.87747,42.88016],[-78.87767,42.87996],[-78.87842,42.87997],[-78.87956,42.88056],[-78.88236,42.88294],[-78.89836,42.89905],[-78.90096,42.90315],[-78.90125,42.9045],[-78.90146,42.9147],[-78.90111,42.91647],[-78.89892,42.92355],[-78.89856,42.92715],[-78.8987,42.92878],[-78.89952,42.93025],[-78.90175,42.93224],[-78.90279,42.93362],[-78.90777,42.94328],[-78.90866,42.94583],[-78.90937,42.95205],[-78.90984,42.95338],[-78.91061,42.95479],[-78.91123,42.95555],[-78.91223,42.95638],[-78.91707,42.9596],[-78.91967,42.96168],[-78.92083,42.96313],[-78.92116,42.9642],[-78.92097,42.96561],[-78.9201,42.96693],[-78.91326,42.97143],[-78.9125,42.9722],[-78.91186,42.97328],[-78.9105,42.97717],[-78.90996,42.97901],[-78.90986,42.97983],[-78.90999,42.98085],[-78.91039,42.98184],[-78.91181,42.98373],[-78.91408,42.9864],[-78.91619,42.98816],[-78.92341,42.99168],[-78.92814,42.99369],[-78.94356,43.00266],[-78.94842,43.0052],[-78.96653,43.01281],[-78.96846,43.01399],[-78.9703,43.01574],[-78.98879,43.04328],[-78.98984,43.04562],[-78.9903,43.04844],[-78.99032,43.05971],[-78.9906,43.06337],[-78.99061,43.07368],[-78.99013,43.07511],[-78.98968,43.07532],[-78.98909,43.0752],[-78.98888,43.07494],[-78.98898,43.07459],[-78.98987,43.07434],[-78.99205,43.07433],[-78.9944,43.07471],[-78.99917,43.07433],[-79.00246,43.07455],[-79.00682,43.07536],[-79.01374,43.078],[-79.0156,43.07844],[-79.01797,43.07874],[-79.0381,43.07832],[-79.04079,43.07845],[-79.04313,43.07892],[-79.04659,43.08012],[-79.04832,43.0802],[-79.04942,43.08062],[-79.05051,43.08082],[-79.05122,43.08147],[-79.05223,43.08379],[-79.05761,43.0836],[-79.059,43.08369],[-79.06161,43.08479],[-79.06181,43.08469],[-79.06183,43.08427],[-79.06225,43.08369],[-79.06426,43.08152],[-79.0646,43.08056],[-79.06503,43.08022],[-79.06551,43.08019],[-79.06589,43.08038],[-79.06624,43.08106],[-79.06705,43.08158],[-79.06993,43.08182],[-79.07081,43.08261]]}},{"type":"Feature","properties":{"name":"GraphHopper Track","mode":"ride","distance_km":"326.3"},"geometry":{"type":"LineString","coordinates":[[-81.76439,41.23227],[-81.76445,41.20171],[-81.74495,41.20186],[-81.74424,41.19807],[-81.74276,41.19191],[-81.74218,41.19211],[-81.74104,41.19293],[-81.74015,41.19336],[-81.73757,41.19402],[-81.73425,41.19453],[-81.7043,41.19604],[-81.69996,41.19649],[-81.6954,41.19737],[-81.69277,41.198],[-81.68905,41.1992],[-81.68495,41.20091],[-81.62684,41.22882],[-81.62355,41.22969],[-81.61342,41.23108],[-81.60021,41.23489],[-81.59739,41.236],[-81.59473,41.23774],[-81.59371,41.23869],[-81.59258,41.2401],[-81.58714,41.251],[-81.58646,41.25201],[-81.58545,41.25295],[-81.58414,41.25368],[-81.58241,41.25421],[-81.57373,41.25501],[-81.5702,41.25559],[-81.56651,41.25662],[-81.56276,41.25816],[-81.55093,41.26445],[-81.54875,41.26579],[-81.5472,41.267],[-81.53643,41.27651],[-81.53483,41.27767],[-81.52879,41.2814],[-81.5272,41.28279],[-81.52633,41.28396],[-81.52566,41.28528],[-81.51351,41.31191],[-81.51286,41.31414],[-81.51278,41.31543],[-81.51299,41.31719],[-81.51629,41.32799],[-81.51659,41.3302],[-81.51645,41.33166],[-81.51577,41.33374],[-81.51216,41.33931],[-81.51117,41.34139],[-81.51082,41.343],[-81.51075,41.34426],[-81.51109,41.34984],[-81.51155,41.35174],[-81.51601,41.36374],[-81.51631,41.36613],[-81.51609,41.3678],[-81.51359,41.37587],[-81.5117,41.38751],[-81.50685,41.40295],[-81.50632,41.40536],[-81.50618,41.40724],[-81.50635,41.40958],[-81.50876,41.41995],[-81.50883,41.42193],[-81.50862,41.42368],[-81.50814,41.42542],[-81.50751,41.42686],[-81.50582,41.42947],[-81.50403,41.43136],[-81.49937,41.4354],[-81.49692,41.43809],[-81.49606,41.43924],[-81.49354,41.44333],[-81.49193,41.44709],[-81.49126,41.44938],[-81.49069,41.45255],[-81.49053,41.45476],[-81.4905,41.46013],[-81.49025,41.46276],[-81.48633,41.48298],[-81.48608,41.49165],[-81.48563,41.4937],[-81.4845,41.49632],[-81.48316,41.4983],[-81.48181,41.49974],[-81.47888,41.50206],[-81.47594,41.50361],[-81.45274,41.51277],[-81.4502,41.5139],[-81.44845,41.51505],[-81.44671,41.51667],[-81.44545,41.51841],[-81.44458,41.52043],[-81.44427,41.52217],[-81.44443,41.52456],[-81.4452,41.5268],[-81.44691,41.53044],[-81.44784,41.53315],[-81.44851,41.53599],[-81.44885,41.53927],[-81.44886,41.54084],[-81.44757,41.55773],[-81.44686,41.56957],[-81.4478,41.58722],[-81.44743,41.59011],[-81.44679,41.59228],[-81.44568,41.59467],[-81.4438,41.5974],[-81.44179,41.59957],[-81.43931,41.60162],[-81.41423,41.61713],[-81.38961,41.63303],[-81.38697,41.63444],[-81.37798,41.63868],[-81.37506,41.63983],[-81.36995,41.64146],[-81.3651,41.64249],[-81.32888,41.64739],[-81.32302,41.64761],[-81.30958,41.64727],[-81.30385,41.64761],[-81.29904,41.64832],[-81.29539,41.64912],[-81.28991,41.65086],[-81.25467,41.66658],[-81.2475,41.66995],[-81.22577,41.67871],[-81.22256,41.68024],[-81.20834,41.68866],[-81.16939,41.71228],[-81.16514,41.71442],[-81.16189,41.71564],[-81.15733,41.7169],[-81.15301,41.71761],[-81.13433,41.72009],[-81.12856,41.72141],[-81.12455,41.72271],[-81.11977,41.72472],[-81.11642,41.72651],[-81.11322,41.72857],[-81.10264,41.73607],[-81.09792,41.73875],[-81.09288,41.7409],[-81.04923,41.75819],[-81.04378,41.76005],[-81.0372,41.76147],[-81.03332,41.76193],[-81.00339,41.76351],[-80.99692,41.76464],[-80.98684,41.76723],[-80.98062,41.76812],[-80.93452,41.76962],[-80.89304,41.77154],[-80.88858,41.77202],[-80.88499,41.77265],[-80.88084,41.77369],[-80.87798,41.7746],[-80.87394,41.77621],[-80.87058,41.77788],[-80.81598,41.80922],[-80.81097,41.81249],[-80.79428,41.82469],[-80.79158,41.82623],[-80.78824,41.82735],[-80.78474,41.82784],[-80.76007,41.82787],[-80.7544,41.82833],[-80.75113,41.82882],[-80.74684,41.8298],[-80.74365,41.83075],[-80.73989,41.83216],[-80.73685,41.83356],[-80.7341,41.83505],[-80.72752,41.83938],[-80.7232,41.84174],[-80.71909,41.84349],[-80.70831,41.84725],[-80.70396,41.84926],[-80.70077,41.85109],[-80.69777,41.85315],[-80.69513,41.85532],[-80.67691,41.87254],[-80.67323,41.87567],[-80.67005,41.87807],[-80.66634,41.88054],[-80.66257,41.88276],[-80.65786,41.88516],[-80.65278,41.88737],[-80.60059,41.90815],[-80.59744,41.90916],[-80.55555,41.92025],[-80.55138,41.92161],[-80.54609,41.92392],[-80.51009,41.94175],[-80.50741,41.94277],[-80.50593,41.94305],[-80.50419,41.94315],[-80.43114,41.94307],[-80.38913,41.94581],[-80.386,41.94629],[-80.38257,41.94724],[-80.33443,41.96488],[-80.29761,41.98001],[-80.22259,42.01168],[-80.21932,42.01286],[-80.21648,42.0137],[-80.21219,42.01466],[-80.17853,42.01989],[-80.14545,42.02333],[-80.14093,42.02421],[-80.13609,42.02561],[-80.13143,42.02749],[-80.09781,42.04328],[-80.07172,42.05283],[-80.06678,42.05501],[-80.03973,42.06997],[-80.03578,42.07232],[-80.03109,42.07547],[-80.0093,42.09138],[-80.00556,42.09349],[-79.9925,42.09978],[-79.98998,42.10116],[-79.95578,42.12336],[-79.93336,42.13484],[-79.89772,42.15104],[-79.89448,42.15237],[-79.89189,42.153],[-79.88896,42.15309],[-79.86677,42.15073],[-79.83763,42.14546],[-79.83587,42.14487],[-79.83377,42.14385],[-79.80205,42.12676],[-79.7993,42.12574],[-79.79677,42.1251],[-79.79419,42.1247],[-79.79159,42.12455],[-79.78797,42.12473],[-79.78515,42.1252],[-79.77439,42.12821],[-79.76936,42.12914],[-79.76573,42.12938],[-79.74751,42.12957],[-79.74471,42.12978],[-79.74123,42.13035],[-79.7393,42.13092],[-79.73683,42.13193],[-79.71788,42.1418],[-79.71347,42.14342],[-79.70906,42.14433],[-79.70467,42.14474],[-79.70071,42.14462],[-79.68537,42.14244],[-79.68106,42.14215],[-79.67807,42.14236],[-79.67504,42.14286],[-79.66242,42.14651],[-79.65918,42.14716],[-79.65637,42.14736],[-79.61075,42.14579],[-79.60788,42.14592],[-79.60485,42.1465],[-79.60256,42.14735],[-79.59429,42.15224],[-79.58975,42.15425],[-79.58499,42.15555],[-79.581,42.15612],[-79.56563,42.15634],[-79.54148,42.15643],[-79.53729,42.15631],[-79.5311,42.15557],[-79.51818,42.15328],[-79.51204,42.15275],[-79.50719,42.15281],[-79.50396,42.15308],[-79.48108,42.15639],[-79.47473,42.15677],[-79.47105,42.15668],[-79.46702,42.15629],[-79.44552,42.15302],[-79.44291,42.15276],[-79.43918,42.1527],[-79.42728,42.15346],[-79.42434,42.1534],[-79.42145,42.15302],[-79.41556,42.15179],[-79.41325,42.15157],[-79.3874,42.15189],[-79.38504,42.15213],[-79.37972,42.15319],[-79.37732,42.1534],[-79.37385,42.1529],[-79.37252,42.15251],[-79.37084,42.15178],[-79.3535,42.14061],[-79.35163,42.13959],[-79.34708,42.13795],[-79.33719,42.13579],[-79.33469,42.13504],[-79.33171,42.13367],[-79.32563,42.13038],[-79.32181,42.12903],[-79.31882,42.12842],[-79.31595,42.12807],[-79.29663,42.12797],[-79.29047,42.12756],[-79.27029,42.1245],[-79.26766,42.12369],[-79.26048,42.12083],[-79.25729,42.12007],[-79.25459,42.11994],[-79.24783,42.1204],[-79.24049,42.12118],[-79.23811,42.12157],[-79.2299,42.12408],[-79.2276,42.12455],[-79.22461,42.12472],[-79.21775,42.12421],[-79.21453,42.12432],[-79.19866,42.12634],[-79.19706,42.12666],[-79.19412,42.12753],[-79.19135,42.12877],[-79.18056,42.13575],[-79.17739,42.13684],[-79.17444,42.13742],[-79.1692,42.13778],[-79.16309,42.13737],[-79.14824,42.13483],[-79.14187,42.13415],[-79.13847,42.13414],[-79.13298,42.1348],[-79.11663,42.13878],[-79.10801,42.13987],[-79.10256,42.14108],[-79.0874,42.14367],[-79.08382,42.14442],[-79.06978,42.14868],[-79.05677,42.15381],[-79.04622,42.15749],[-79.04142,42.15881],[-79.0277,42.16185],[-79.02193,42.16234],[-79.01003,42.16251],[-79.00628,42.16239],[-79.00264,42.16188],[-79.0004,42.16126],[-78.99838,42.16037],[-78.99685,42.1595],[-78.9958,42.15864],[-78.99558,42.15864],[-78.9913,42.15941],[-78.98364,42.16038],[-78.97534,42.16214],[-78.96506,42.16482],[-78.95902,42.16849],[-78.95638,42.16958],[-78.95163,42.17083],[-78.94759,42.17254],[-78.94176,42.17247],[-78.94116,42.17221],[-78.93905,42.1704],[-78.93789,42.16975],[-78.93564,42.17062],[-78.93474,42.17122],[-78.93429,42.17187],[-78.93363,42.17363],[-78.93259,42.17482],[-78.9286,42.17762],[-78.91697,42.18509],[-78.91628,42.18596],[-78.91532,42.18805],[-78.91462,42.19175],[-78.914,42.19264],[-78.91336,42.19314],[-78.9108,42.1943],[-78.90949,42.19464],[-78.90373,42.19458],[-78.90274,42.19467],[-78.90167,42.19498],[-78.89965,42.19602],[-78.89775,42.19781],[-78.89701,42.19831],[-78.89611,42.19865],[-78.89304,42.19929],[-78.8837,42.20391],[-78.87594,42.20654],[-78.86764,42.20912],[-78.86648,42.20961],[-78.86348,42.21142],[-78.85653,42.21735],[-78.8484,42.22268],[-78.84763,42.22293],[-78.84648,42.22298],[-78.84354,42.22218],[-78.84192,42.22223],[-78.83594,42.22524],[-78.83181,42.22813],[-78.8255,42.23366],[-78.821,42.23689],[-78.81782,42.23966],[-78.81101,42.24615],[-78.80755,42.24898],[-78.79885,42.24942],[-78.78633,42.24374],[-78.78501,42.24327],[-78.76694,42.23915],[-78.76587,42.23905],[-78.76475,42.23921],[-78.76341,42.23988],[-78.76279,42.24056],[-78.7625,42.2412],[-78.7628,42.249],[-78.76233,42.25019],[-78.76135,42.25106],[-78.75797,42.25227],[-78.75691,42.25245],[-78.75321,42.25207],[-78.74895,42.25239],[-78.74401,42.25237],[-78.73967,42.25355],[-78.73699,42.25368],[-78.73121,42.25472],[-78.72989,42.25515],[-78.72733,42.25671],[-78.72571,42.25837],[-78.72347,42.26244],[-78.72132,42.26459],[-78.7196,42.26713],[-78.71688,42.27231],[-78.71623,42.27305],[-78.71401,42.27432],[-78.70548,42.2763],[-78.70404,42.27628],[-78.70153,42.27557],[-78.69885,42.2751],[-78.6953,42.27491],[-78.6931,42.27443],[-78.69175,42.27434],[-78.68783,42.27502],[-78.68333,42.27421],[-78.67775,42.27437],[-78.67553,42.27394],[-78.67279,42.27507],[-78.66807,42.26905],[-78.66353,42.26415],[-78.66222,42.26313],[-78.66283,42.26294],[-78.66738,42.26295],[-78.66741,42.26266]]}},{"type":"Feature","properties":{"name":"GraphHopper Track","mode":"ride","distance_km":"234.7"},"geometry":{"type":"LineString","coordinates":[[-82.89265,39.99761],[-82.89262,39.99783],[-82.89141,39.99777],[-82.89137,39.99833],[-82.88944,39.99815],[-82.88914,39.9983],[-82.8894,39.99847],[-82.89316,39.99874],[-82.89338,39.99911],[-82.89339,40.0004],[-82.89392,40.00074],[-82.89851,40.00098],[-82.90218,40.00034],[-82.90659,40.00047],[-82.91032,39.9997],[-82.91255,39.99966],[-82.91566,40.00039],[-82.91785,40.00024],[-82.91881,40.00037],[-82.91966,40.00088],[-82.92011,40.00172],[-82.9201,40.00248],[-82.91992,40.0029],[-82.91919,40.00365],[-82.91101,40.00822],[-82.90756,40.0104],[-82.90319,40.01214],[-82.90186,40.01328],[-82.90145,40.01419],[-82.90163,40.01563],[-82.90372,40.01849],[-82.90404,40.01966],[-82.90203,40.04713],[-82.90209,40.0516],[-82.90232,40.05352],[-82.90289,40.05593],[-82.90746,40.07034],[-82.90764,40.0729],[-82.90662,40.08762],[-82.90688,40.08916],[-82.90733,40.09062],[-82.90843,40.09275],[-82.91013,40.09487],[-82.91212,40.09652],[-82.9152,40.09829],[-82.91769,40.0992],[-82.97184,40.11008],[-82.97313,40.11045],[-82.97413,40.11104],[-82.97493,40.11198],[-82.97525,40.11289],[-82.97514,40.11377],[-82.97437,40.11546],[-82.97309,40.11921],[-82.9723,40.12274],[-82.97003,40.15218],[-82.9692,40.15613],[-82.96752,40.16042],[-82.96512,40.16456],[-82.96235,40.16803],[-82.93837,40.19305],[-82.93672,40.19496],[-82.93491,40.19744],[-82.93353,40.19975],[-82.93227,40.20238],[-82.93122,40.20535],[-82.93071,40.2074],[-82.9303,40.21009],[-82.92829,40.23387],[-82.92823,40.23844],[-82.92863,40.24821],[-82.92852,40.25197],[-82.92452,40.29458],[-82.92382,40.29813],[-82.92238,40.30219],[-82.92045,40.30583],[-82.91801,40.30923],[-82.91506,40.3124],[-82.91096,40.3158],[-82.83064,40.37288],[-82.82871,40.37443],[-82.82722,40.37599],[-82.82596,40.37769],[-82.82518,40.3791],[-82.82443,40.38105],[-82.82401,40.38295],[-82.82098,40.41641],[-82.82015,40.42072],[-82.81882,40.42444],[-82.8168,40.42826],[-82.8145,40.43147],[-82.81117,40.43502],[-82.8086,40.43721],[-82.80508,40.43968],[-82.76677,40.46347],[-82.72207,40.49415],[-82.71941,40.49569],[-82.70809,40.50158],[-82.70567,40.50301],[-82.70312,40.50476],[-82.66537,40.53621],[-82.66118,40.54033],[-82.64949,40.55339],[-82.64646,40.55611],[-82.64378,40.55809],[-82.64134,40.55963],[-82.63798,40.56141],[-82.61346,40.57241],[-82.61052,40.5739],[-82.60546,40.57728],[-82.60324,40.57921],[-82.60128,40.58101],[-82.5981,40.58485],[-82.57473,40.61503],[-82.57237,40.61749],[-82.55761,40.6305],[-82.55526,40.6329],[-82.55243,40.6364],[-82.55076,40.63912],[-82.53763,40.66353],[-82.52721,40.68088],[-82.52583,40.68289],[-82.52398,40.68516],[-82.52083,40.68825],[-82.51735,40.69098],[-82.50034,40.70133],[-82.49455,40.70541],[-82.49122,40.70833],[-82.48876,40.7108],[-82.47602,40.72627],[-82.47261,40.7296],[-82.46761,40.73313],[-82.45854,40.7381],[-82.45407,40.74095],[-82.4366,40.75517],[-82.43031,40.76048],[-82.42728,40.76342],[-82.42399,40.76711],[-82.40765,40.78816],[-82.405,40.79088],[-82.40165,40.79358],[-82.39808,40.79588],[-82.3938,40.79804],[-82.35215,40.81607],[-82.31488,40.83056],[-82.28195,40.84196],[-82.2752,40.84451],[-82.27137,40.84641],[-82.26702,40.84913],[-82.25232,40.86106],[-82.24939,40.86304],[-82.24525,40.86531],[-82.24168,40.86687],[-82.23782,40.86819],[-82.21115,40.87563],[-82.20622,40.87733],[-82.20371,40.87842],[-82.20091,40.87986],[-82.19821,40.88151],[-82.17743,40.89682],[-82.17454,40.89875],[-82.1711,40.90071],[-82.16821,40.90205],[-82.16444,40.90345],[-82.14675,40.90894],[-82.14421,40.90994],[-82.14062,40.91163],[-82.13691,40.91381],[-82.13269,40.91695],[-82.13053,40.91893],[-82.12264,40.92701],[-82.11971,40.92943],[-82.11599,40.93194],[-82.11297,40.93362],[-82.11065,40.9347],[-82.07764,40.94906],[-82.07401,40.95101],[-82.07051,40.95335],[-82.06005,40.96216],[-82.05013,40.97083],[-82.03808,40.98413],[-82.03587,40.98625],[-82.03173,40.98942],[-82.03014,40.99041],[-82.02556,40.99278],[-82.02212,40.99417],[-82.01996,40.99484],[-82.01572,40.99586],[-82.01087,40.99668],[-82.00652,40.99705],[-81.98139,40.99782],[-81.97629,40.99844],[-81.97124,40.99952],[-81.96524,41.00142],[-81.89082,41.03026],[-81.88741,41.03178],[-81.88495,41.03309],[-81.88068,41.03586],[-81.87738,41.03854],[-81.85289,41.06233],[-81.84956,41.06564],[-81.84551,41.07028],[-81.80431,41.12152],[-81.79695,41.13099],[-81.79559,41.13326],[-81.79227,41.14074],[-81.78698,41.15346],[-81.78577,41.15804],[-81.7853,41.16172],[-81.78523,41.16603],[-81.78535,41.16768],[-81.7859,41.17095],[-81.78966,41.18904],[-81.78982,41.19145],[-81.7894,41.19343],[-81.78963,41.19431],[-81.77802,41.2007],[-81.77656,41.20136],[-81.77558,41.20156],[-81.77545,41.202],[-81.775,41.20232],[-81.76445,41.20795],[-81.76439,41.23844],[-81.79495,41.2384],[-81.79624,41.23851],[-81.79699,41.23876],[-81.79768,41.23936],[-81.79856,41.24066],[-81.79965,41.24287],[-81.80157,41.24838],[-81.80313,41.25362],[-81.80361,41.2557],[-81.8043,41.26039],[-81.80496,41.26854],[-81.80553,41.27242],[-81.8071,41.28015],[-81.80788,41.28711],[-81.80815,41.29099],[-81.80822,41.30046],[-81.80853,41.30487],[-81.80953,41.309],[-81.81476,41.32438],[-81.81576,41.32749],[-81.81622,41.3296],[-81.81648,41.33132],[-81.81765,41.34942],[-81.81788,41.35102],[-81.81884,41.35531],[-81.82073,41.36218],[-81.82149,41.36603],[-81.82151,41.36824],[-81.82124,41.3701],[-81.81609,41.39074],[-81.8156,41.3929],[-81.81549,41.39417],[-81.81581,41.39713],[-81.81774,41.40237],[-81.81815,41.40451],[-81.81819,41.40596],[-81.81748,41.4165],[-81.81757,41.41767],[-81.8182,41.41958],[-81.82013,41.42244],[-81.82033,41.42327],[-81.82016,41.42426],[-81.81971,41.42504],[-81.8108,41.43605],[-81.80926,41.43734],[-81.80696,41.43837],[-81.80423,41.4388],[-81.79431,41.43849],[-81.79187,41.4387],[-81.79013,41.43919],[-81.78904,41.43971],[-81.78231,41.44421],[-81.7802,41.44508],[-81.77797,41.44535],[-81.76993,41.44527],[-81.76143,41.44565],[-81.75856,41.44631],[-81.75352,41.4484],[-81.75169,41.44886],[-81.75026,41.44891],[-81.74873,41.44866],[-81.74271,41.44625],[-81.74138,41.44611],[-81.74032,41.44621],[-81.73726,41.44731],[-81.73181,41.45035],[-81.73018,41.45107],[-81.72127,41.45297],[-81.71415,41.45557],[-81.71176,41.456],[-81.70402,41.45625],[-81.70197,41.45646],[-81.69884,41.45725],[-81.69608,41.45855],[-81.69508,41.45938],[-81.6944,41.46051],[-81.69294,41.4662],[-81.69263,41.46921],[-81.69313,41.47801],[-81.692,41.48297],[-81.69115,41.48537],[-81.68874,41.48972],[-81.68734,41.49149],[-81.68534,41.49293],[-81.68336,41.4939],[-81.68199,41.49426],[-81.68164,41.49414],[-81.6814,41.49379],[-81.68153,41.49347],[-81.68196,41.49326],[-81.68314,41.49351],[-81.69123,41.497],[-81.69312,41.49903],[-81.69238,41.49948],[-81.69288,41.50006]]}},{"type":"Feature","properties":{"name":"GraphHopper Track","mode":"ride","distance_km":"156.6"},"geometry":{"type":"LineString","coordinates":[[24.00928,49.8345],[24.00952,49.83474],[24.00728,49.8348],[24.00528,49.83544],[24.00463,49.83598],[24.00388,49.83712],[24.01193,49.84014],[24.01021,49.84201],[24.01032,49.84301],[24.01103,49.84445],[24.00483,49.84672],[24.003,49.84711],[24.00053,49.848],[23.99726,49.84885],[23.99448,49.84981],[23.98867,49.85239],[23.98687,49.85346],[23.98533,49.8538],[23.95995,49.86439],[23.95535,49.86712],[23.94947,49.86889],[23.94457,49.871],[23.93663,49.87235],[23.91225,49.87367],[23.90931,49.87373],[23.89609,49.87328],[23.89429,49.87336],[23.89057,49.87399],[23.88633,49.87497],[23.86839,49.87649],[23.83458,49.8818],[23.81337,49.88844],[23.7724,49.8975],[23.76097,49.90109],[23.74779,49.90402],[23.74634,49.90479],[23.73819,49.91279],[23.73666,49.91593],[23.73487,49.91743],[23.73481,49.91809],[23.73508,49.9198],[23.73479,49.92111],[23.7306,49.92249],[23.71968,49.92093],[23.7048,49.91969],[23.70284,49.91966],[23.59711,49.92908],[23.59256,49.92912],[23.5885,49.92873],[23.55204,49.92227],[23.54476,49.9206],[23.53067,49.91804],[23.52269,49.91616],[23.51202,49.91479],[23.48414,49.90986],[23.47451,49.9083],[23.46823,49.90792],[23.4424,49.90863],[23.43397,49.90934],[23.43037,49.90948],[23.41238,49.90943],[23.39119,49.91174],[23.38849,49.91235],[23.38575,49.91331],[23.38338,49.91455],[23.36305,49.92717],[23.36196,49.92833],[23.35905,49.93348],[23.35755,49.93438],[23.35643,49.93458],[23.35391,49.93452],[23.3489,49.93388],[23.33749,49.93422],[23.33332,49.93466],[23.32474,49.93606],[23.31444,49.93727],[23.30941,49.93619],[23.30144,49.93581],[23.29774,49.93655],[23.28961,49.93706],[23.28723,49.93779],[23.27155,49.94092],[23.2542,49.94556],[23.23973,49.95189],[23.22852,49.95448],[23.22314,49.95457],[23.21843,49.95486],[23.20745,49.95608],[23.20444,49.95613],[23.20195,49.95591],[23.19894,49.95531],[23.19597,49.95426],[23.18706,49.94927],[23.1833,49.94751],[23.18091,49.94694],[23.17777,49.94677],[23.15742,49.94842],[23.15332,49.9489],[23.15165,49.94925],[23.14853,49.95012],[23.14651,49.95087],[23.13813,49.95506],[23.13487,49.95602],[23.13263,49.95626],[23.12247,49.95636],[23.12144,49.95656],[23.11885,49.95497],[23.11635,49.95502],[23.11498,49.95484],[23.11328,49.95509],[23.11013,49.95603],[23.1094,49.95654],[23.10981,49.95734],[23.10974,49.95765],[23.10207,49.95925],[23.09776,49.95984],[23.08567,49.96074],[23.07418,49.9626],[23.06941,49.96288],[23.0662,49.96277],[23.06252,49.96236],[23.06013,49.96191],[23.05683,49.96104],[23.05387,49.95998],[23.03025,49.95032],[23.02308,49.94799],[23.0146,49.9459],[23.00746,49.94464],[22.99962,49.94376],[22.95761,49.94128],[22.95328,49.94089],[22.94879,49.94018],[22.94521,49.93936],[22.94132,49.93817],[22.93741,49.93665],[22.92953,49.93326],[22.92479,49.93163],[22.91876,49.93022],[22.90618,49.9283],[22.89973,49.92689],[22.89424,49.92515],[22.88197,49.92052],[22.87507,49.91855],[22.86691,49.91697],[22.83114,49.911],[22.8248,49.91042],[22.81815,49.91048],[22.81307,49.911],[22.79922,49.91336],[22.79133,49.91447],[22.75606,49.91699],[22.75112,49.91751],[22.74743,49.91812],[22.74165,49.91948],[22.73639,49.92122],[22.73164,49.92328],[22.72262,49.92791],[22.71911,49.92935],[22.71482,49.93077],[22.70884,49.93223],[22.68641,49.93626],[22.68343,49.937],[22.67935,49.93834],[22.67525,49.94015],[22.6725,49.94169],[22.66894,49.94422],[22.66669,49.94627],[22.66492,49.94828],[22.66333,49.95064],[22.66221,49.95286],[22.65953,49.95957],[22.65828,49.96171],[22.65683,49.96369],[22.65497,49.96568],[22.65266,49.96771],[22.64662,49.97173],[22.64622,49.97245],[22.64608,49.97395],[22.64584,49.97446],[22.64213,49.97724],[22.64203,49.97756],[22.64175,49.97764],[22.6415,49.97752],[22.64129,49.97715],[22.63755,49.97486],[22.6333,49.973],[22.62073,49.9682],[22.6055,49.96504],[22.60437,49.96463],[22.5974,49.95871],[22.59448,49.95367],[22.59414,49.9522],[22.59336,49.9507],[22.59211,49.94932],[22.5909,49.94523],[22.59001,49.94285],[22.58909,49.9412],[22.58847,49.94073],[22.57801,49.93562],[22.57457,49.93501],[22.57384,49.93461],[22.57226,49.93191],[22.57239,49.93143],[22.57311,49.93021],[22.57308,49.92984],[22.56677,49.92092],[22.56653,49.91816],[22.56525,49.9154],[22.56467,49.91504],[22.56324,49.91465],[22.56125,49.91376],[22.55866,49.91221],[22.55558,49.90868],[22.55524,49.90846],[22.54943,49.90698],[22.54842,49.9069],[22.53331,49.90721],[22.52912,49.90756],[22.52403,49.90728],[22.51944,49.90758],[22.51564,49.90613],[22.51323,49.90813],[22.51122,49.90892],[22.5096,49.90884],[22.50502,49.90791],[22.49092,49.9044],[22.48881,49.90369],[22.48756,49.90251],[22.48389,49.89833],[22.4833,49.89668],[22.48331,49.89306],[22.48298,49.89216],[22.4818,49.89079],[22.47648,49.88767],[22.47292,49.88679],[22.47172,49.88634],[22.46606,49.88262],[22.46427,49.88238],[22.45645,49.88268],[22.45476,49.88257],[22.44518,49.87968],[22.44251,49.87928],[22.44034,49.87923],[22.43181,49.87975],[22.4297,49.87902],[22.42857,49.87824],[22.42739,49.87803],[22.42585,49.87744],[22.4232,49.87547],[22.42203,49.8741],[22.42126,49.87276],[22.41958,49.87121],[22.41914,49.87003],[22.41927,49.86925],[22.41919,49.86822],[22.41973,49.86757],[22.41975,49.86706],[22.42012,49.86618],[22.42185,49.8638],[22.42356,49.86208],[22.42526,49.86002],[22.42577,49.85909],[22.4261,49.85761],[22.42601,49.85708],[22.42504,49.85614],[22.42361,49.85516],[22.42281,49.8538],[22.42282,49.85326],[22.42357,49.85233],[22.4234,49.85218],[22.4242,49.85067],[22.42417,49.85047],[22.42363,49.85023],[22.42255,49.85005],[22.42017,49.8507],[22.41999,49.85066],[22.41982,49.85019],[22.41954,49.85012],[22.41893,49.85208],[22.41693,49.8513],[22.41534,49.85088],[22.41175,49.85049],[22.41098,49.84986],[22.41078,49.84878],[22.41149,49.84781],[22.41145,49.84698],[22.41255,49.84642],[22.41308,49.84595],[22.41348,49.84529],[22.41361,49.8442],[22.41446,49.84314],[22.41388,49.84205],[22.41358,49.84178],[22.41102,49.84035],[22.40748,49.83945],[22.40234,49.83942],[22.39917,49.83819],[22.39802,49.83792],[22.39749,49.8375],[22.39709,49.83642],[22.39566,49.83591],[22.39465,49.83532],[22.39447,49.83461],[22.39504,49.83243],[22.39446,49.83111],[22.39373,49.82996],[22.39396,49.8293],[22.3939,49.82904],[22.39227,49.82718],[22.39063,49.82574],[22.38961,49.82619],[22.38883,49.82554],[22.38849,49.82485],[22.38885,49.82292],[22.38844,49.81967],[22.3878,49.81786],[22.38749,49.81603],[22.38767,49.81199],[22.3872,49.81049],[22.38711,49.80745],[22.38693,49.80641],[22.38596,49.80472],[22.38314,49.80188],[22.38081,49.80056],[22.37502,49.80067],[22.37004,49.80009],[22.36623,49.7999],[22.36324,49.79919],[22.36031,49.79711],[22.35743,49.79462],[22.35624,49.79114],[22.35614,49.78968],[22.35549,49.78885],[22.35494,49.78715],[22.35442,49.78674],[22.35051,49.78542],[22.34645,49.78456],[22.34357,49.78474],[22.33922,49.78572],[22.33867,49.78602],[22.33792,49.78685],[22.33515,49.78787],[22.33315,49.78902],[22.33088,49.78997],[22.33068,49.79042],[22.33087,49.79262],[22.33179,49.79343],[22.3272,49.79482],[22.32458,49.79404],[22.3216,49.79385],[22.31984,49.7941],[22.31673,49.79379],[22.31468,49.793],[22.31301,49.79277],[22.31161,49.7923],[22.31104,49.79107],[22.31112,49.78986],[22.31079,49.78924],[22.31001,49.78865],[22.30895,49.78815],[22.30887,49.78729],[22.30826,49.78619],[22.30582,49.78433],[22.3049,49.78398],[22.30427,49.78392],[22.30101,49.78427],[22.30082,49.78439],[22.3018,49.78462],[22.30197,49.78486],[22.30076,49.78503],[22.2998,49.78545],[22.29866,49.78565],[22.29725,49.78713],[22.29539,49.78781],[22.28241,49.78546],[22.28221,49.78565],[22.28192,49.78683],[22.28254,49.78862],[22.28217,49.79023],[22.28239,49.79099],[22.28343,49.79194],[22.28415,49.79344],[22.28456,49.79387],[22.2853,49.79425],[22.28757,49.79495],[22.28978,49.79654],[22.2912,49.7988],[22.29199,49.80113],[22.29201,49.8025],[22.29185,49.80315],[22.29028,49.80487],[22.28988,49.80594],[22.28883,49.8074],[22.28849,49.80867],[22.28721,49.81027],[22.28751,49.81108],[22.28731,49.81191],[22.28702,49.81191]]}},{"type":"Feature","properties":{"name":"GraphHopper Track","mode":"ride","distance_km":"163.7"},"geometry":{"type":"LineString","coordinates":[[-122.30503,47.44755],[-122.30449,47.44745],[-122.30244,47.44643],[-122.30164,47.44635],[-122.30086,47.44647],[-122.29957,47.44721],[-122.29891,47.44836],[-122.30073,47.44967],[-122.30115,47.45025],[-122.30106,47.45056],[-122.29597,47.45067],[-122.29534,47.45237],[-122.29021,47.46253],[-122.2897,47.46287],[-122.28518,47.46266],[-122.28354,47.46293],[-122.282,47.46358],[-122.27955,47.46509],[-122.27782,47.46563],[-122.27671,47.46571],[-122.27566,47.46564],[-122.27403,47.46521],[-122.27019,47.46324],[-122.26775,47.46218],[-122.2665,47.46209],[-122.26552,47.46251],[-122.26523,47.46289],[-122.26519,47.46351],[-122.26723,47.46695],[-122.26896,47.47305],[-122.27137,47.47835],[-122.27169,47.48027],[-122.27142,47.48169],[-122.2706,47.48318],[-122.26955,47.48431],[-122.2652,47.48786],[-122.26453,47.48884],[-122.26431,47.49028],[-122.26449,47.49104],[-122.26528,47.49221],[-122.27148,47.49737],[-122.27786,47.50352],[-122.27971,47.50562],[-122.28725,47.51552],[-122.28838,47.51731],[-122.29029,47.52119],[-122.29234,47.52721],[-122.29364,47.53029],[-122.29545,47.53396],[-122.29655,47.5356],[-122.29802,47.53715],[-122.30354,47.5419],[-122.30802,47.54604],[-122.30975,47.54731],[-122.31575,47.55098],[-122.31647,47.55159],[-122.31705,47.55228],[-122.32069,47.55799],[-122.3213,47.55959],[-122.32147,47.56055],[-122.32144,47.56175],[-122.32006,47.56965],[-122.31968,47.57558],[-122.31898,47.57942],[-122.31903,47.58038],[-122.31979,47.58348],[-122.32023,47.58788],[-122.32099,47.59109],[-122.32097,47.59198],[-122.32025,47.59544],[-122.3203,47.59684],[-122.32076,47.59811],[-122.32178,47.59951],[-122.32636,47.60323],[-122.32979,47.60718],[-122.3307,47.60848],[-122.33101,47.60981],[-122.33082,47.61113],[-122.32877,47.61656],[-122.32836,47.61818],[-122.32814,47.62128],[-122.32815,47.62646],[-122.32793,47.62761],[-122.32726,47.62882],[-122.32481,47.63131],[-122.32411,47.63225],[-122.32304,47.63486],[-122.32276,47.63614],[-122.32245,47.64546],[-122.32235,47.65601],[-122.32183,47.66281],[-122.3217,47.67048],[-122.32064,47.67489],[-122.32042,47.67714],[-122.32057,47.68062],[-122.32117,47.68243],[-122.32246,47.68401],[-122.32769,47.6882],[-122.32867,47.68965],[-122.32905,47.69098],[-122.32907,47.69689],[-122.32981,47.70888],[-122.32958,47.71],[-122.32912,47.71105],[-122.3252,47.71607],[-122.32437,47.71792],[-122.32422,47.7192],[-122.32412,47.72945],[-122.32428,47.73245],[-122.32501,47.73475],[-122.32914,47.74169],[-122.32967,47.74295],[-122.32976,47.74435],[-122.32883,47.74804],[-122.3291,47.74974],[-122.33001,47.75222],[-122.33011,47.75341],[-122.32999,47.75435],[-122.32958,47.75561],[-122.32894,47.75667],[-122.32542,47.76045],[-122.32399,47.76246],[-122.32314,47.76453],[-122.3219,47.76945],[-122.32114,47.77076],[-122.3189,47.77385],[-122.31835,47.77496],[-122.31633,47.78368],[-122.31609,47.78607],[-122.31611,47.79134],[-122.31596,47.793],[-122.31428,47.79969],[-122.31319,47.8017],[-122.31181,47.80309],[-122.31035,47.80406],[-122.26577,47.82783],[-122.26457,47.82858],[-122.26299,47.83004],[-122.26202,47.83161],[-122.26122,47.83404],[-122.25689,47.85108],[-122.25606,47.85243],[-122.24612,47.86402],[-122.24534,47.86594],[-122.24382,47.87227],[-122.24314,47.87363],[-122.24165,47.87535],[-122.23311,47.88211],[-122.21768,47.89367],[-122.21464,47.89683],[-122.21367,47.89838],[-122.21283,47.90032],[-122.21177,47.90373],[-122.21112,47.9065],[-122.20939,47.91196],[-122.20379,47.92475],[-122.20301,47.92609],[-122.20219,47.92697],[-122.19806,47.92944],[-122.19672,47.93073],[-122.19614,47.93164],[-122.1958,47.93327],[-122.19679,47.93929],[-122.19656,47.9421],[-122.19663,47.9427],[-122.19877,47.94917],[-122.19926,47.95369],[-122.19944,47.95687],[-122.19933,47.95999],[-122.19895,47.96559],[-122.19877,47.96647],[-122.19798,47.96795],[-122.19745,47.96847],[-122.19383,47.97085],[-122.19197,47.97262],[-122.19097,47.97434],[-122.19002,47.97811],[-122.18943,47.97923],[-122.18866,47.98009],[-122.1844,47.98354],[-122.18343,47.98478],[-122.18304,47.98596],[-122.18287,47.98962],[-122.18243,47.99071],[-122.18153,47.99168],[-122.17507,47.9968],[-122.17419,47.99818],[-122.17384,47.99938],[-122.17471,48.01863],[-122.17503,48.02086],[-122.17785,48.03499],[-122.1787,48.03911],[-122.17924,48.04079],[-122.18099,48.04416],[-122.18358,48.04856],[-122.18413,48.04985],[-122.18439,48.05118],[-122.18475,48.06575],[-122.1846,48.07942],[-122.18476,48.11341],[-122.18567,48.13294],[-122.18625,48.13874],[-122.19288,48.17585],[-122.19358,48.17741],[-122.1948,48.17906],[-122.20747,48.19323],[-122.20881,48.1951],[-122.21467,48.20704],[-122.21922,48.2192],[-122.22041,48.22138],[-122.22199,48.22334],[-122.22412,48.22503],[-122.22715,48.22729],[-122.2331,48.23126],[-122.23517,48.23293],[-122.25091,48.24958],[-122.26054,48.26098],[-122.26881,48.2679],[-122.31161,48.30459],[-122.31413,48.30668],[-122.32009,48.31093],[-122.32165,48.31271],[-122.32593,48.31906],[-122.33138,48.32794],[-122.3324,48.3297],[-122.3331,48.33134],[-122.33553,48.34243],[-122.33585,48.34503],[-122.33581,48.35587],[-122.33539,48.3766],[-122.33523,48.37824],[-122.33465,48.37995],[-122.33351,48.38185],[-122.33158,48.38412],[-122.3307,48.38603],[-122.33044,48.39014],[-122.33033,48.39961],[-122.33151,48.41412],[-122.33179,48.41519],[-122.333,48.41772],[-122.33581,48.42262],[-122.34022,48.42873],[-122.34075,48.42984],[-122.341,48.43086],[-122.34099,48.44329],[-122.34148,48.46367],[-122.34246,48.47807],[-122.34205,48.47982],[-122.34119,48.48128],[-122.34023,48.4823],[-122.3373,48.48459],[-122.33646,48.48559],[-122.33585,48.48673],[-122.33555,48.48779],[-122.33545,48.48913],[-122.33531,48.49805],[-122.33584,48.50098],[-122.33705,48.50404],[-122.35002,48.5262],[-122.35125,48.52924],[-122.35164,48.53104],[-122.35175,48.53248],[-122.35179,48.5426],[-122.35126,48.54414],[-122.34972,48.54717],[-122.34938,48.5486],[-122.34945,48.5501],[-122.35023,48.55349],[-122.35028,48.55503],[-122.34997,48.5565],[-122.34796,48.56169],[-122.34775,48.56282],[-122.34759,48.56435],[-122.34776,48.56858],[-122.34763,48.57277],[-122.34377,48.59163],[-122.34354,48.59393],[-122.34361,48.59508],[-122.34529,48.60444],[-122.34596,48.60642],[-122.34766,48.60921],[-122.35473,48.61769],[-122.35573,48.61942],[-122.35632,48.6215],[-122.35693,48.62613],[-122.3577,48.62919],[-122.36589,48.64891],[-122.36808,48.65519],[-122.37113,48.66207],[-122.37243,48.66574],[-122.3735,48.66714],[-122.37497,48.66817],[-122.38446,48.67262],[-122.3894,48.67446],[-122.39303,48.67685],[-122.3942,48.67822],[-122.39447,48.67904],[-122.39454,48.67983],[-122.39379,48.68314],[-122.39415,48.68471],[-122.39528,48.6862],[-122.39675,48.68715],[-122.39778,48.68757],[-122.40564,48.68994],[-122.40761,48.6902],[-122.41446,48.69039],[-122.41574,48.69024],[-122.42086,48.68907],[-122.42432,48.68915],[-122.42593,48.68941],[-122.42875,48.69039],[-122.43062,48.69085],[-122.44316,48.69279],[-122.44732,48.69309],[-122.44903,48.69342],[-122.45364,48.69494],[-122.45493,48.69553],[-122.4573,48.69693],[-122.459,48.69765],[-122.46727,48.6996],[-122.47003,48.70076],[-122.47487,48.70383],[-122.47557,48.70445],[-122.47645,48.70574],[-122.47678,48.70685],[-122.4768,48.70748],[-122.47631,48.70926],[-122.47371,48.71596],[-122.47361,48.71683],[-122.47372,48.7249],[-122.47369,48.72546],[-122.47334,48.72644],[-122.47276,48.72747],[-122.47191,48.72845],[-122.47135,48.72861],[-122.47064,48.7296],[-122.46823,48.73128],[-122.46868,48.73165],[-122.46987,48.73364],[-122.4709,48.7336],[-122.47158,48.73346],[-122.48059,48.72972],[-122.48135,48.72929],[-122.4839,48.72695],[-122.48439,48.72665],[-122.48533,48.72646],[-122.48529,48.72754],[-122.48443,48.72827]]}},{"type":"Feature","properties":{"name":"GraphHopper Track","mode":"ride","distance_km":"152.4"},"geometry":{"type":"LineString","coordinates":[[24.00928,49.8345],[24.00952,49.83474],[24.00728,49.8348],[24.00528,49.83544],[24.00463,49.83598],[24.00388,49.83712],[24.00695,49.83819],[24.0182,49.84261],[24.02276,49.84321],[24.02474,49.84425],[24.0268,49.84468],[24.02925,49.84476],[24.0291,49.84636],[24.02781,49.84804],[24.02675,49.85043],[24.02684,49.85095],[24.02901,49.85072],[24.03016,49.8514],[24.03528,49.85306],[24.04393,49.85401],[24.05253,49.86419],[24.0536,49.86485],[24.05358,49.86558],[24.06265,49.87608],[24.06406,49.87728],[24.06719,49.87941],[24.07405,49.88219],[24.07611,49.88461],[24.07823,49.88599],[24.09837,49.89212],[24.09984,49.89222],[24.11313,49.89131],[24.11494,49.89132],[24.12932,49.8936],[24.13829,49.89712],[24.15164,49.90277],[24.15222,49.90346],[24.16085,49.92007],[24.16142,49.9204],[24.16124,49.92079],[24.17035,49.93852],[24.17102,49.9397],[24.17169,49.94035],[24.1726,49.94091],[24.17356,49.94127],[24.19251,49.94712],[24.20031,49.95121],[24.20379,49.95239],[24.20422,49.95273],[24.20479,49.95356],[24.20534,49.95394],[24.211,49.95592],[24.212,49.95641],[24.21292,49.95713],[24.21325,49.95762],[24.21517,49.96302],[24.22042,49.9727],[24.22114,49.97376],[24.2262,49.97769],[24.24174,49.98853],[24.24343,49.98986],[24.2453,49.99173],[24.32293,50.03344],[24.32358,50.03405],[24.3313,50.04369],[24.33204,50.04483],[24.33204,50.04593],[24.33043,50.05562],[24.33401,50.07003],[24.33193,50.07814],[24.33193,50.07876],[24.33212,50.07938],[24.33635,50.09204],[24.34306,50.098],[24.34385,50.09874],[24.34415,50.09932],[24.34392,50.09952],[24.34271,50.09951],[24.34226,50.10117],[24.34161,50.10267],[24.3409,50.10336],[24.33943,50.10399],[24.33901,50.10438],[24.33849,50.10518],[24.33845,50.10641],[24.33776,50.10745],[24.33761,50.10864],[24.33784,50.109],[24.33869,50.10957],[24.3424,50.11468],[24.34686,50.11695],[24.34777,50.11776],[24.3483,50.11887],[24.34832,50.12294],[24.34889,50.12385],[24.34976,50.12467],[24.35098,50.12535],[24.39362,50.14329],[24.40816,50.15138],[24.50331,50.19651],[24.5224,50.20316],[24.52475,50.20413],[24.55219,50.21942],[24.55356,50.22067],[24.55554,50.22677],[24.55633,50.22784],[24.55761,50.22891],[24.62189,50.26899],[24.62708,50.27272],[24.62436,50.27502],[24.62428,50.27555],[24.62756,50.28353],[24.63392,50.28888],[24.64051,50.31976],[24.6449,50.33177],[24.64398,50.3366],[24.64403,50.34043],[24.64369,50.3443],[24.6502,50.35446],[24.65342,50.3642],[24.65367,50.36456],[24.65461,50.36529],[24.65495,50.3666],[24.65586,50.36716],[24.65637,50.36787],[24.65647,50.36991],[24.65685,50.37146],[24.65747,50.37204],[24.66081,50.374],[24.66141,50.37461],[24.66332,50.37852],[24.6711,50.39601],[24.67322,50.39891],[24.67719,50.40863],[24.67811,50.41139],[24.67926,50.41566],[24.68212,50.42398],[24.68295,50.4252],[24.68485,50.42677],[24.68541,50.4274],[24.68674,50.42971],[24.68771,50.43264],[24.6898,50.43598],[24.69449,50.45287],[24.70147,50.46078],[24.70229,50.46227],[24.70378,50.46665],[24.70541,50.46941],[24.70629,50.47038],[24.70791,50.47133],[24.70948,50.47194],[24.71915,50.47418],[24.72197,50.47528],[24.72536,50.47715],[24.7315,50.48148],[24.73871,50.48729],[24.74437,50.49375],[24.74866,50.49999],[24.74899,50.50024],[24.75737,50.50224],[24.76015,50.50251],[24.76132,50.5019],[24.76627,50.50161],[24.76882,50.50158],[24.77032,50.50215],[24.77127,50.50299],[24.77565,50.50537],[24.77618,50.50614],[24.77681,50.50809],[24.77835,50.51005],[24.77984,50.51303],[24.78051,50.51393],[24.78154,50.51485],[24.82673,50.53825],[24.82898,50.53894],[24.89812,50.55294],[24.952,50.56497],[25.00871,50.5685],[25.01149,50.56882],[25.01489,50.56947],[25.02002,50.57089],[25.03551,50.5754],[25.03825,50.57647],[25.07348,50.59414],[25.08545,50.59878],[25.09154,50.60192],[25.09305,50.60279],[25.09952,50.6085],[25.10075,50.60928],[25.13032,50.61892],[25.1318,50.61953],[25.15653,50.63062],[25.19755,50.65288],[25.19896,50.65333],[25.21092,50.65592],[25.2132,50.65676],[25.22324,50.66244],[25.24881,50.67832],[25.27533,50.69004],[25.27635,50.69096],[25.28892,50.71136],[25.28997,50.71328],[25.29274,50.72176],[25.29504,50.72492],[25.29546,50.72609],[25.2959,50.72796],[25.29566,50.73056],[25.29654,50.73251],[25.29669,50.73432],[25.2978,50.73652],[25.29801,50.73982],[25.29831,50.74146],[25.29905,50.74311],[25.30006,50.74361],[25.30149,50.74352],[25.30209,50.7452],[25.31185,50.74281],[25.31717,50.74806],[25.3179,50.74834],[25.3208,50.74823],[25.32361,50.74779],[25.32297,50.74709],[25.32213,50.74701],[25.32277,50.74644],[25.32199,50.74594],[25.32213,50.74588],[25.322,50.74566],[25.32221,50.74558]]}},{"type":"Feature","properties":{"name":"GraphHopper Track","mode":"ride","distance_km":"109.9"},"geometry":{"type":"LineString","coordinates":[[-122.48746,48.73415],[-122.48813,48.73433],[-122.48836,48.73398],[-122.48832,48.73376],[-122.49014,48.73183],[-122.49041,48.73118],[-122.48764,48.73097],[-122.48771,48.7264],[-122.48533,48.72639],[-122.48416,48.72667],[-122.48152,48.72907],[-122.48033,48.72978],[-122.47992,48.72957],[-122.4754,48.72957],[-122.47539,48.73005],[-122.47205,48.72996],[-122.47287,48.72865],[-122.47359,48.727],[-122.47397,48.72546],[-122.47389,48.71726],[-122.47403,48.71606],[-122.47456,48.71443],[-122.47716,48.70829],[-122.47738,48.70674],[-122.47696,48.70539],[-122.47597,48.7041],[-122.47129,48.70109],[-122.46938,48.70003],[-122.46827,48.6996],[-122.46083,48.6978],[-122.45912,48.69726],[-122.45266,48.69413],[-122.4499,48.69316],[-122.44858,48.69291],[-122.44201,48.6923],[-122.4361,48.69141],[-122.42947,48.6902],[-122.42646,48.68929],[-122.42345,48.68878],[-122.4217,48.68874],[-122.41978,48.68892],[-122.41591,48.68987],[-122.41405,48.69015],[-122.4074,48.68997],[-122.40504,48.68958],[-122.39744,48.68726],[-122.39567,48.6862],[-122.39447,48.68462],[-122.39423,48.68337],[-122.39503,48.67977],[-122.39495,48.67886],[-122.39411,48.67731],[-122.39345,48.67673],[-122.38894,48.67376],[-122.38285,48.67139],[-122.37552,48.66774],[-122.3739,48.66646],[-122.37279,48.66483],[-122.37176,48.66197],[-122.36839,48.6546],[-122.36631,48.64881],[-122.35813,48.62916],[-122.35755,48.62722],[-122.35666,48.62098],[-122.35591,48.61879],[-122.35499,48.61743],[-122.3479,48.60893],[-122.34678,48.60723],[-122.34597,48.60539],[-122.34405,48.59516],[-122.34403,48.59284],[-122.34427,48.59126],[-122.3481,48.57232],[-122.34842,48.56281],[-122.34901,48.56032],[-122.35066,48.55574],[-122.35081,48.55452],[-122.35072,48.55356],[-122.34987,48.55025],[-122.34976,48.54908],[-122.35024,48.54729],[-122.35237,48.54355],[-122.35383,48.53618],[-122.35379,48.53551],[-122.3523,48.53109],[-122.35147,48.52869],[-122.35062,48.52681],[-122.33758,48.50446],[-122.33672,48.50273],[-122.33618,48.50119],[-122.33559,48.49823],[-122.33574,48.48853],[-122.33597,48.48715],[-122.33635,48.48627],[-122.33738,48.48486],[-122.34022,48.48258],[-122.34162,48.48103],[-122.34251,48.47904],[-122.34263,48.47756],[-122.34175,48.46466],[-122.34114,48.44329],[-122.34113,48.43064],[-122.34085,48.42967],[-122.34021,48.4284],[-122.33566,48.42212],[-122.33197,48.41536],[-122.33165,48.41391],[-122.3307,48.40132],[-122.3306,48.39893],[-122.33088,48.38638],[-122.33114,48.38545],[-122.33181,48.38429],[-122.33374,48.38195],[-122.33473,48.38041],[-122.33541,48.37883],[-122.33579,48.37689],[-122.33632,48.34622],[-122.33603,48.34311],[-122.33377,48.33201],[-122.33323,48.33044],[-122.33249,48.32892],[-122.32743,48.32051],[-122.32183,48.31216],[-122.32097,48.31115],[-122.31938,48.30982],[-122.31371,48.30578],[-122.27777,48.27519],[-122.27276,48.27077],[-122.2696,48.26776],[-122.26621,48.2642],[-122.25503,48.25198],[-122.24152,48.23905],[-122.23108,48.22818],[-122.22884,48.2266],[-122.22475,48.22431],[-122.22291,48.22288],[-122.22209,48.22194],[-122.22156,48.22102],[-122.21664,48.2106],[-122.21417,48.20484],[-122.20941,48.19506],[-122.20814,48.19345],[-122.1945,48.17818],[-122.19353,48.17663],[-122.19299,48.17502],[-122.18677,48.13978],[-122.18611,48.13453],[-122.18504,48.11336],[-122.18504,48.06512],[-122.18472,48.05045],[-122.18383,48.04833],[-122.17978,48.04142],[-122.17918,48.03997],[-122.17877,48.03843],[-122.17509,48.01955],[-122.17409,47.99988],[-122.17417,47.99896],[-122.17491,47.99736],[-122.17572,47.99643],[-122.18162,47.99186],[-122.18258,47.9909],[-122.18312,47.98958],[-122.18333,47.98589],[-122.18391,47.98446],[-122.18468,47.98356],[-122.18857,47.98044],[-122.1897,47.97923],[-122.19041,47.97779],[-122.19136,47.97419],[-122.19234,47.97264],[-122.19381,47.9712],[-122.19767,47.96863],[-122.19831,47.968],[-122.199,47.96686],[-122.19927,47.96584],[-122.19957,47.96152],[-122.20014,47.95807],[-122.2002,47.95635],[-122.19987,47.9518],[-122.19741,47.94318],[-122.19736,47.94213],[-122.1977,47.93912],[-122.19645,47.93358],[-122.1965,47.93235],[-122.19687,47.9314],[-122.19789,47.93006],[-122.19878,47.92938],[-122.20209,47.92746],[-122.20335,47.92642],[-122.20418,47.92532],[-122.20621,47.92138],[-122.20672,47.92112],[-122.20749,47.92102],[-122.21358,47.92212],[-122.2323,47.92347],[-122.24011,47.92356],[-122.24723,47.92356],[-122.2548,47.92315],[-122.25776,47.92296],[-122.26322,47.92227],[-122.27807,47.92211],[-122.27922,47.92239],[-122.28015,47.92309],[-122.28075,47.92424],[-122.28086,47.92585],[-122.28028,47.92591],[-122.28026,47.92553],[-122.27878,47.92559],[-122.27864,47.92312],[-122.27847,47.92281],[-122.27806,47.9226],[-122.27132,47.92264],[-122.27134,47.92325]]}},{"type":"Feature","properties":{"name":"GraphHopper Track","mode":"ride","distance_km":"120.0"},"geometry":{"type":"LineString","coordinates":[[-122.48746,48.73415],[-122.48813,48.73433],[-122.48836,48.73398],[-122.48832,48.73376],[-122.49014,48.73183],[-122.49041,48.73118],[-122.48764,48.73097],[-122.48771,48.7264],[-122.48533,48.72639],[-122.48416,48.72667],[-122.48152,48.72907],[-122.48033,48.72978],[-122.47992,48.72957],[-122.4754,48.72957],[-122.47539,48.73005],[-122.47205,48.72996],[-122.47287,48.72865],[-122.47359,48.727],[-122.47397,48.72546],[-122.47389,48.71726],[-122.47403,48.71606],[-122.47456,48.71443],[-122.47716,48.70829],[-122.47738,48.70674],[-122.47696,48.70539],[-122.47597,48.7041],[-122.47129,48.70109],[-122.46938,48.70003],[-122.46827,48.6996],[-122.46083,48.6978],[-122.45912,48.69726],[-122.45266,48.69413],[-122.4499,48.69316],[-122.44858,48.69291],[-122.44201,48.6923],[-122.4361,48.69141],[-122.42947,48.6902],[-122.42646,48.68929],[-122.42345,48.68878],[-122.4217,48.68874],[-122.41978,48.68892],[-122.41591,48.68987],[-122.41405,48.69015],[-122.4074,48.68997],[-122.40504,48.68958],[-122.39744,48.68726],[-122.39567,48.6862],[-122.39447,48.68462],[-122.39423,48.68337],[-122.39503,48.67977],[-122.39495,48.67886],[-122.39411,48.67731],[-122.39345,48.67673],[-122.38894,48.67376],[-122.38285,48.67139],[-122.37552,48.66774],[-122.3739,48.66646],[-122.37279,48.66483],[-122.37176,48.66197],[-122.36839,48.6546],[-122.36631,48.64881],[-122.35813,48.62916],[-122.35755,48.62722],[-122.35666,48.62098],[-122.35591,48.61879],[-122.35499,48.61743],[-122.3479,48.60893],[-122.34678,48.60723],[-122.34597,48.60539],[-122.34405,48.59516],[-122.34403,48.59284],[-122.34427,48.59126],[-122.3481,48.57232],[-122.34842,48.56281],[-122.34901,48.56032],[-122.35066,48.55574],[-122.35081,48.55452],[-122.35072,48.55356],[-122.34987,48.55025],[-122.34976,48.54908],[-122.35024,48.54729],[-122.35237,48.54355],[-122.35383,48.53618],[-122.35379,48.53551],[-122.3523,48.53109],[-122.35147,48.52869],[-122.35062,48.52681],[-122.33758,48.50446],[-122.33672,48.50273],[-122.33618,48.50119],[-122.33559,48.49823],[-122.33574,48.48853],[-122.33597,48.48715],[-122.33635,48.48627],[-122.33738,48.48486],[-122.34022,48.48258],[-122.34162,48.48103],[-122.34251,48.47904],[-122.34263,48.47756],[-122.34175,48.46466],[-122.34114,48.44329],[-122.34113,48.43064],[-122.34085,48.42967],[-122.34021,48.4284],[-122.33566,48.42212],[-122.33197,48.41536],[-122.33165,48.41391],[-122.3307,48.40132],[-122.3306,48.39893],[-122.33088,48.38638],[-122.33114,48.38545],[-122.33181,48.38429],[-122.33374,48.38195],[-122.33473,48.38041],[-122.33541,48.37883],[-122.33579,48.37689],[-122.33632,48.34622],[-122.33603,48.34311],[-122.33377,48.33201],[-122.33323,48.33044],[-122.33249,48.32892],[-122.32743,48.32051],[-122.32183,48.31216],[-122.32097,48.31115],[-122.31938,48.30982],[-122.31371,48.30578],[-122.27777,48.27519],[-122.27276,48.27077],[-122.2696,48.26776],[-122.26621,48.2642],[-122.25503,48.25198],[-122.24152,48.23905],[-122.23108,48.22818],[-122.22884,48.2266],[-122.22475,48.22431],[-122.22291,48.22288],[-122.22209,48.22194],[-122.22156,48.22102],[-122.21664,48.2106],[-122.21417,48.20484],[-122.20941,48.19506],[-122.20814,48.19345],[-122.1945,48.17818],[-122.19353,48.17663],[-122.19299,48.17502],[-122.18677,48.13978],[-122.18611,48.13453],[-122.18504,48.11336],[-122.18504,48.06512],[-122.18472,48.05045],[-122.18383,48.04833],[-122.17978,48.04142],[-122.17918,48.03997],[-122.17877,48.03843],[-122.17509,48.01955],[-122.17409,47.99988],[-122.1744,47.99826],[-122.1753,47.99686],[-122.18196,47.99158],[-122.18277,47.99062],[-122.18312,47.98958],[-122.18333,47.98589],[-122.18378,47.98469],[-122.18468,47.98356],[-122.18857,47.98044],[-122.1897,47.97923],[-122.19041,47.97779],[-122.19136,47.97419],[-122.19234,47.97264],[-122.19381,47.9712],[-122.19767,47.96863],[-122.19831,47.968],[-122.199,47.96686],[-122.19927,47.96584],[-122.19957,47.96152],[-122.20014,47.95807],[-122.2002,47.95635],[-122.19987,47.9518],[-122.19741,47.94318],[-122.19736,47.94213],[-122.1977,47.93912],[-122.19645,47.93358],[-122.1965,47.93235],[-122.19671,47.93171],[-122.19729,47.93074],[-122.19822,47.92978],[-122.20209,47.92746],[-122.20335,47.92642],[-122.20376,47.92581],[-122.20957,47.91265],[-122.21296,47.90452],[-122.21619,47.89727],[-122.21724,47.89544],[-122.21978,47.89312],[-122.24184,47.8758],[-122.24347,47.87408],[-122.24435,47.87235],[-122.2458,47.86628],[-122.24642,47.86446],[-122.247,47.86355],[-122.25633,47.85285],[-122.25731,47.85135],[-122.26176,47.83426],[-122.26276,47.83199],[-122.26408,47.83023],[-122.26593,47.8285],[-122.2681,47.82707],[-122.31136,47.80394],[-122.31352,47.80225],[-122.31476,47.8009],[-122.31589,47.80007],[-122.31625,47.79957],[-122.32195,47.79956],[-122.32195,47.79945],[-122.32016,47.79945],[-122.32016,47.79883]]}},{"type":"Feature","properties":{"name":"GraphHopper Track","mode":"ride","distance_km":"95.2"},"geometry":{"type":"LineString","coordinates":[[-122.48746,48.73415],[-122.48813,48.73433],[-122.48836,48.73398],[-122.48832,48.73376],[-122.49014,48.73183],[-122.49041,48.73118],[-122.48764,48.73097],[-122.48771,48.7264],[-122.48533,48.72639],[-122.48416,48.72667],[-122.48088,48.72951],[-122.47133,48.7335],[-122.46987,48.73364],[-122.46868,48.73165],[-122.46823,48.73128],[-122.46729,48.73215],[-122.46693,48.73281],[-122.46729,48.73313],[-122.46742,48.73942],[-122.46731,48.7425],[-122.46697,48.74354],[-122.46491,48.74699],[-122.46192,48.75433],[-122.46163,48.75544],[-122.4616,48.76413],[-122.46192,48.76676],[-122.46265,48.77007],[-122.46258,48.77136],[-122.45096,48.77568],[-122.441,48.77754],[-122.43127,48.78191],[-122.422,48.78897],[-122.42022,48.79125],[-122.40965,48.79815],[-122.4082,48.79886],[-122.40505,48.7998],[-122.39886,48.80326],[-122.39734,48.80383],[-122.39559,48.80411],[-122.37893,48.80414],[-122.35146,48.80367],[-122.34998,48.80375],[-122.34879,48.8041],[-122.3271,48.81813],[-122.31787,48.82391],[-122.30663,48.83138],[-122.30514,48.83216],[-122.3043,48.83313],[-122.29526,48.84107],[-122.29377,48.84181],[-122.2902,48.84313],[-122.28696,48.84359],[-122.26577,48.84342],[-122.2641,48.8431],[-122.24118,48.83222],[-122.22047,48.82796],[-122.21871,48.82737],[-122.21782,48.82691],[-122.20973,48.8212],[-122.20504,48.81659],[-122.20412,48.81621],[-122.20275,48.81593],[-122.20109,48.81644],[-122.19579,48.82041],[-122.1947,48.82105],[-122.18779,48.82243],[-122.18575,48.82314],[-122.18306,48.82439],[-122.17472,48.83007],[-122.17109,48.83276],[-122.1668,48.83862],[-122.16561,48.84135],[-122.16307,48.84619],[-122.1622,48.84758],[-122.16062,48.84905],[-122.15712,48.85133],[-122.15529,48.85301],[-122.15355,48.86052],[-122.15351,48.8626],[-122.1523,48.86579],[-122.15225,48.86649],[-122.15266,48.86751],[-122.15592,48.8717],[-122.15666,48.87315],[-122.15698,48.87435],[-122.15718,48.8781],[-122.15719,48.8794],[-122.157,48.88059],[-122.15577,48.88296],[-122.1473,48.89649],[-122.14592,48.89823],[-122.14368,48.90048],[-122.14347,48.90111],[-122.14339,48.90443],[-122.14326,48.90479],[-122.14259,48.90505],[-122.13869,48.9051],[-122.13803,48.90543],[-122.13776,48.91282],[-122.13778,48.91689],[-122.13744,48.9172],[-122.135,48.91744],[-122.13094,48.91715],[-122.12473,48.91707],[-122.12343,48.91679],[-122.12162,48.91599],[-122.12018,48.91582],[-122.11891,48.916],[-122.11707,48.91679],[-122.11608,48.91696],[-122.10299,48.91699],[-122.10045,48.91813],[-122.09806,48.91999],[-122.08856,48.92342],[-122.08592,48.92422],[-122.07583,48.92402],[-122.07482,48.92341],[-122.07427,48.92209],[-122.07208,48.9213],[-122.0709,48.92063],[-122.06653,48.91982],[-122.06562,48.91978],[-122.06425,48.92009],[-122.06222,48.92103],[-122.05619,48.92106],[-122.0551,48.92122],[-122.05456,48.92148],[-122.05279,48.92305],[-122.05093,48.92387],[-122.05036,48.92458],[-122.04992,48.9258],[-122.04927,48.92654],[-122.04837,48.92733],[-122.04698,48.92779],[-122.0436,48.92766],[-122.04159,48.92791],[-122.03928,48.92784],[-122.03732,48.92812],[-122.02361,48.92726],[-122.02186,48.92671],[-122.02066,48.92584],[-122.01845,48.92471],[-122.01806,48.92342],[-122.01771,48.92312],[-122.01401,48.92138],[-122.01181,48.92102],[-122.00978,48.92037],[-122.00732,48.91922],[-122.00585,48.91779],[-122.00567,48.91733],[-122.00562,48.91619],[-122.00313,48.91326],[-121.99569,48.90724],[-121.99374,48.90648],[-121.99048,48.9035],[-121.98509,48.90086],[-121.98351,48.9004],[-121.97987,48.89976],[-121.9662,48.89322],[-121.96432,48.89255],[-121.93582,48.8882],[-121.933,48.88793],[-121.93017,48.88804],[-121.92699,48.88864],[-121.92425,48.88968],[-121.92198,48.89107],[-121.91273,48.8999],[-121.91229,48.90067],[-121.91139,48.9039],[-121.91102,48.90469],[-121.90985,48.90553],[-121.90862,48.90588],[-121.9073,48.90588],[-121.904,48.90525],[-121.90229,48.90517],[-121.89757,48.90602],[-121.89583,48.90609],[-121.88949,48.90499],[-121.88593,48.90526],[-121.8834,48.90598],[-121.87923,48.90583],[-121.87765,48.90545],[-121.87174,48.90342],[-121.87006,48.90217],[-121.86853,48.90183],[-121.86581,48.90229],[-121.8632,48.90409],[-121.86177,48.90459],[-121.85914,48.90475],[-121.85651,48.90467],[-121.85594,48.90482],[-121.85476,48.90553],[-121.85398,48.90574],[-121.8503,48.90534],[-121.84937,48.90538],[-121.84818,48.90568],[-121.84673,48.90632],[-121.84584,48.90648],[-121.84445,48.90634],[-121.84233,48.90552],[-121.83747,48.905],[-121.83552,48.90532],[-121.83286,48.90548],[-121.83043,48.90526],[-121.82777,48.90543],[-121.82662,48.90593],[-121.82274,48.90877],[-121.81952,48.90925],[-121.81672,48.91049],[-121.81581,48.91047],[-121.81484,48.91009],[-121.81303,48.90922],[-121.81128,48.90759],[-121.81039,48.90729],[-121.80972,48.90728],[-121.80861,48.90764],[-121.80766,48.90852],[-121.80668,48.90897],[-121.80103,48.90956],[-121.79553,48.90951],[-121.79417,48.91015],[-121.79286,48.91144],[-121.7893,48.91222],[-121.78681,48.91227],[-121.78446,48.91252],[-121.78383,48.91242],[-121.78205,48.91131],[-121.78095,48.91095],[-121.77624,48.90975],[-121.77383,48.90935],[-121.77215,48.90947],[-121.76707,48.91117],[-121.76541,48.91132],[-121.76001,48.91132],[-121.75877,48.91082],[-121.75758,48.91068],[-121.75627,48.91025],[-121.75569,48.90976],[-121.75461,48.90838],[-121.75367,48.90779],[-121.74874,48.90687],[-121.74573,48.90662],[-121.74339,48.90624],[-121.74179,48.90578],[-121.74037,48.90516],[-121.73651,48.90312],[-121.73474,48.90284],[-121.72747,48.90295],[-121.72648,48.90314],[-121.72239,48.90507],[-121.71518,48.9073],[-121.70863,48.90741],[-121.70442,48.9085],[-121.69904,48.90811],[-121.69517,48.90825],[-121.69435,48.90789],[-121.69372,48.90685],[-121.69369,48.90653],[-121.69397,48.90595],[-121.69504,48.90518],[-121.6958,48.90427],[-121.69593,48.90336],[-121.69569,48.90272],[-121.68961,48.90083],[-121.68698,48.89883],[-121.68622,48.8985],[-121.68502,48.89829],[-121.68428,48.8978],[-121.68349,48.89758],[-121.68268,48.8971],[-121.68121,48.89586],[-121.68015,48.89451],[-121.67939,48.89395],[-121.67795,48.89245],[-121.67613,48.89104],[-121.67474,48.88956],[-121.6728,48.88806],[-121.67144,48.88732],[-121.67061,48.88626],[-121.66989,48.88509],[-121.66881,48.88096],[-121.66898,48.88015],[-121.66955,48.87909],[-121.66974,48.878],[-121.67049,48.87732],[-121.6705,48.87712],[-121.67009,48.87688],[-121.66868,48.87675],[-121.66828,48.87656],[-121.66832,48.87597],[-121.66912,48.87461],[-121.66836,48.87357],[-121.66873,48.87349],[-121.66958,48.87413],[-121.67072,48.87435],[-121.67085,48.87461],[-121.67063,48.87509],[-121.67086,48.87548],[-121.67185,48.87551],[-121.67355,48.876],[-121.67391,48.87599],[-121.674,48.87581],[-121.67222,48.87531],[-121.67194,48.87381],[-121.67168,48.87349],[-121.66879,48.87157],[-121.66787,48.87138],[-121.66677,48.87138],[-121.66574,48.87167],[-121.66553,48.87215],[-121.66501,48.87224],[-121.66452,48.87153],[-121.66517,48.87059],[-121.66485,48.87009],[-121.66342,48.86948],[-121.66273,48.86937],[-121.6616,48.86953],[-121.66049,48.86903],[-121.65975,48.869],[-121.65933,48.8688],[-121.65889,48.86811],[-121.65861,48.86637],[-121.65864,48.86521],[-121.65834,48.8644],[-121.65805,48.86405],[-121.65768,48.86398],[-121.65623,48.86453],[-121.65535,48.86562],[-121.65506,48.86632],[-121.65482,48.86636],[-121.65472,48.86621],[-121.65513,48.86533],[-121.65556,48.86485],[-121.65597,48.86373],[-121.65779,48.86065],[-121.65854,48.8599],[-121.65887,48.85906],[-121.65946,48.8588],[-121.65992,48.859],[-121.66017,48.86201],[-121.66085,48.86325],[-121.66158,48.86516],[-121.66176,48.86553],[-121.66288,48.86592],[-121.66298,48.86606],[-121.66283,48.86657],[-121.66312,48.86675],[-121.66371,48.86671],[-121.66494,48.86616],[-121.66596,48.86592],[-121.66729,48.86492],[-121.66866,48.86458],[-121.66879,48.8643],[-121.66835,48.86409],[-121.6649,48.86517],[-121.66449,48.86501],[-121.66585,48.86454],[-121.667,48.86373],[-121.66878,48.86316],[-121.67032,48.86226],[-121.671,48.86204],[-121.67197,48.86218],[-121.67295,48.86313],[-121.67407,48.86354],[-121.67414,48.86384],[-121.6739,48.8645],[-121.67448,48.86523],[-121.67596,48.86518],[-121.67614,48.86537],[-121.67616,48.86598],[-121.67634,48.8662],[-121.67769,48.86661],[-121.67814,48.8666],[-121.67954,48.8655],[-121.67982,48.86473],[-121.68087,48.86399],[-121.6807,48.86374],[-121.67926,48.86369],[-121.67892,48.86348],[-121.67895,48.86322],[-121.67987,48.86241]]}},{"type":"Feature","properties":{"name":"GraphHopper Track","mode":"ride","distance_km":"135.7"},"geometry":{"type":"LineString","coordinates":[[24.00928,49.8345],[24.00952,49.83474],[24.01707,49.83471],[24.01715,49.83423],[24.01883,49.83327],[24.01855,49.8327],[24.0181,49.8324],[24.01851,49.83223],[24.01835,49.82901],[24.01912,49.82805],[24.01914,49.82785],[24.01803,49.82661],[24.02103,49.8251],[24.02084,49.82485],[24.01889,49.80591],[24.018,49.80192],[24.01778,49.80169],[24.0147,49.78769],[24.01392,49.78311],[24.0139,49.77874],[24.01431,49.76443],[24.01478,49.75957],[24.01492,49.75503],[24.01474,49.75051],[24.01486,49.74211],[24.01287,49.73772],[23.99826,49.70765],[23.99849,49.70675],[24.00266,49.70013],[24.00402,49.6921],[24.00511,49.67986],[24.00486,49.67929],[24.00305,49.67724],[24.00258,49.67607],[24.00264,49.67474],[24.00356,49.67157],[24.00367,49.67029],[24.00248,49.66116],[23.99539,49.63072],[23.99521,49.62693],[23.99506,49.61533],[23.99514,49.61449],[23.99557,49.61298],[24.00015,49.60169],[24.00276,49.59683],[24.00295,49.59598],[24.00288,49.59486],[24.00231,49.5934],[23.99431,49.57875],[23.99141,49.57269],[23.99091,49.57112],[23.99068,49.56737],[23.98956,49.56382],[23.98838,49.55765],[23.98811,49.55685],[23.98729,49.55562],[23.98578,49.5542],[23.98473,49.55358],[23.97794,49.55063],[23.97171,49.54742],[23.96502,49.54465],[23.95837,49.5432],[23.95619,49.54234],[23.95495,49.54149],[23.95407,49.54048],[23.95238,49.53694],[23.9501,49.53306],[23.94968,49.5316],[23.94926,49.52891],[23.94925,49.52815],[23.94951,49.52718],[23.95062,49.5251],[23.95151,49.52385],[23.95417,49.52145],[23.95526,49.52009],[23.95569,49.51873],[23.95564,49.51561],[23.9561,49.51414],[23.9566,49.51339],[23.95771,49.51239],[23.96258,49.50917],[23.96473,49.50731],[23.9681,49.5026],[23.97113,49.50023],[23.97198,49.4994],[23.97261,49.49832],[23.97282,49.49665],[23.97261,49.49554],[23.9721,49.49457],[23.96975,49.49219],[23.96851,49.49117],[23.96709,49.49042],[23.96572,49.48994],[23.96083,49.48909],[23.95926,49.48862],[23.95771,49.48757],[23.95697,49.48628],[23.9563,49.47644],[23.95627,49.47319],[23.95529,49.45361],[23.94618,49.42553],[23.9416,49.41088],[23.94192,49.40847],[23.9435,49.40036],[23.94472,49.39647],[23.94586,49.39349],[23.94591,49.3924],[23.94524,49.39112],[23.94315,49.38948],[23.94241,49.38862],[23.88603,49.29642],[23.87154,49.27345],[23.87549,49.27146],[23.87549,49.27126],[23.87515,49.27095],[23.87269,49.26896],[23.87284,49.26873],[23.87575,49.26737],[23.87595,49.26691],[23.87571,49.26617],[23.87499,49.26533],[23.86821,49.26073],[23.85932,49.24958],[23.8565,49.24731],[23.85444,49.24686],[23.85432,49.24661],[23.85462,49.24624],[23.85459,49.24602],[23.85314,49.24501],[23.84924,49.24286],[23.84535,49.24177],[23.84256,49.23996],[23.83871,49.2384],[23.83603,49.23663],[23.83214,49.2352],[23.82858,49.23276],[23.82603,49.23123],[23.82492,49.23084],[23.82197,49.23033],[23.82058,49.22984],[23.81184,49.22365],[23.80975,49.22254],[23.80867,49.22216],[23.80754,49.22197],[23.80257,49.22175],[23.80068,49.22128],[23.79931,49.22069],[23.78847,49.21401],[23.7645,49.19876],[23.76075,49.19665],[23.75397,49.19205],[23.71736,49.16378],[23.70364,49.15034],[23.69355,49.14074],[23.68575,49.13342],[23.67938,49.1281],[23.67298,49.12134],[23.6701,49.11954],[23.66971,49.1189],[23.66963,49.11795],[23.6694,49.11738],[23.66871,49.11653],[23.66764,49.11566],[23.663,49.11352],[23.66186,49.11314],[23.63534,49.10557],[23.63011,49.10437],[23.61566,49.10274],[23.61373,49.10285],[23.61146,49.10332],[23.61056,49.10366],[23.60979,49.10426],[23.60727,49.10788],[23.60421,49.10926],[23.60216,49.10997],[23.60053,49.11022],[23.59875,49.11012],[23.59422,49.1094],[23.59251,49.10889],[23.59187,49.10844],[23.59151,49.10784],[23.59058,49.10219],[23.59034,49.10145],[23.58306,49.08766],[23.55364,49.06328],[23.55258,49.06258],[23.53831,49.05531],[23.53386,49.05327],[23.5304,49.05217],[23.52868,49.05146],[23.52545,49.04901],[23.52328,49.04804],[23.52199,49.04612],[23.52179,49.04655],[23.52094,49.04724],[23.52127,49.0475],[23.52148,49.0473],[23.51577,49.04586],[23.51433,49.04529],[23.51202,49.04369],[23.50619,49.0415],[23.50402,49.0405],[23.50265,49.03913],[23.50186,49.03715],[23.50171,49.03474],[23.50189,49.02937],[23.50157,49.02858],[23.49851,49.02619],[23.49739,49.02553],[23.47927,49.01926],[23.47699,49.01819],[23.47632,49.01772],[23.47522,49.01614],[23.47348,49.0106],[23.47313,49.00986],[23.47244,49.0092],[23.46935,49.00764],[23.46889,49.00681],[23.46845,49.00476],[23.4682,49.00433],[23.4651,49.00309],[23.4654,49.00279],[23.46668,49.0022],[23.46704,49.00168],[23.46605,48.99876],[23.46561,48.99813],[23.46212,48.99499],[23.46116,48.99346],[23.46103,48.99251],[23.46128,48.99182],[23.46324,48.98942],[23.46527,48.98863],[23.46634,48.98704],[23.46716,48.98682],[23.46869,48.98564],[23.46914,48.98516],[23.46953,48.98434],[23.4715,48.98204],[23.47168,48.98157],[23.47143,48.97994],[23.47251,48.977],[23.47265,48.9754],[23.47344,48.97354],[23.47445,48.97191],[23.47495,48.97171],[23.47607,48.97183],[23.47677,48.97172],[23.47923,48.97077],[23.48002,48.97027],[23.48056,48.96968],[23.48205,48.96755],[23.48219,48.96639],[23.48174,48.96401],[23.48259,48.96082],[23.48261,48.95993],[23.48229,48.95852],[23.48054,48.95609],[23.48044,48.95441],[23.48057,48.95372],[23.4823,48.95189],[23.48472,48.95054],[23.4868,48.94964],[23.4893,48.94926],[23.49199,48.94834],[23.49362,48.94694],[23.49433,48.9461],[23.49464,48.94546],[23.49465,48.94462],[23.49443,48.94399],[23.49368,48.94313],[23.4921,48.94196],[23.49115,48.94168],[23.48525,48.93825],[23.48389,48.93704],[23.48139,48.93349],[23.48106,48.93275],[23.48094,48.93011],[23.48149,48.92759],[23.4814,48.92704],[23.47993,48.92518],[23.47779,48.92378],[23.47588,48.92206],[23.47562,48.92145],[23.47508,48.91789],[23.47487,48.91736],[23.47349,48.91601],[23.47147,48.91462],[23.47126,48.9142],[23.47244,48.91184],[23.47314,48.91005],[23.47387,48.90914],[23.47424,48.90823],[23.47416,48.9079],[23.47365,48.90735],[23.47197,48.90638],[23.47171,48.90597],[23.47143,48.90429],[23.4709,48.90288],[23.47066,48.90158],[23.47109,48.89978],[23.47121,48.89717],[23.47311,48.89463],[23.4755,48.89361],[23.47559,48.89292],[23.47584,48.89266],[23.47799,48.89205],[23.48089,48.89034],[23.4824,48.88615],[23.48371,48.88453],[23.48391,48.8829],[23.4857,48.8794],[23.48578,48.87866],[23.48555,48.87808],[23.48401,48.87592],[23.48331,48.87549],[23.47551,48.87472],[23.47419,48.87422],[23.4729,48.87341],[23.47185,48.87125],[23.46904,48.86942],[23.46849,48.86854],[23.46779,48.86683],[23.46395,48.86252],[23.46384,48.86214],[23.46389,48.85983],[23.46363,48.85898],[23.46225,48.85652],[23.46009,48.85521],[23.45678,48.85395],[23.4551,48.85359],[23.45395,48.85258],[23.45133,48.85219],[23.45071,48.85164],[23.45025,48.85072],[23.45015,48.84911],[23.4499,48.84835],[23.44974,48.84691],[23.44761,48.84536],[23.44589,48.84519],[23.44493,48.84478]]}},{"type":"Feature","properties":{"name":"GraphHopper Track","mode":"ride","distance_km":"102.2"},"geometry":{"type":"LineString","coordinates":[[43.09367,44.09138],[43.08751,44.09106],[43.08629,44.08851],[43.08471,44.08454],[43.08226,44.08026],[43.08154,44.07937],[43.08116,44.07835],[43.0749,44.06744],[43.07416,44.0669],[43.06496,44.06586],[43.05172,44.06322],[43.05008,44.06265],[43.04301,44.05907],[43.04142,44.05895],[43.01108,44.06108],[42.99148,44.06746],[42.99095,44.06771],[42.98803,44.07033],[42.98713,44.0708],[42.98223,44.07168],[42.98201,44.07147],[42.98177,44.07001],[42.9786,44.06986],[42.98355,44.06415],[42.98383,44.06368],[42.98376,44.06356],[42.97766,44.0634],[42.973,44.06224],[42.96472,44.06161],[42.96312,44.06127],[42.96221,44.06086],[42.95974,44.05908],[42.95806,44.05872],[42.95782,44.05839],[42.95785,44.05806],[42.95764,44.05757],[42.95549,44.05594],[42.95428,44.05538],[42.95246,44.05486],[42.95035,44.05478],[42.94661,44.05525],[42.9439,44.05537],[42.93208,44.05462],[42.90948,44.05435],[42.90725,44.05443],[42.88792,44.04697],[42.87074,44.03928],[42.86944,44.03895],[42.86615,44.03864],[42.86065,44.0356],[42.8323,44.02745],[42.82866,44.02447],[42.8253,44.02224],[42.82156,44.01876],[42.81985,44.01784],[42.81365,44.01608],[42.80992,44.01458],[42.80805,44.01354],[42.80747,44.01338],[42.80404,44.01373],[42.80053,44.01259],[42.79919,44.01234],[42.79844,44.01253],[42.79782,44.01298],[42.7974,44.01379],[42.79765,44.01423],[42.79814,44.01438],[42.79861,44.01426],[42.79887,44.01392],[42.79883,44.01357],[42.79644,44.00946],[42.79547,44.00704],[42.79491,44.00499],[42.79555,44.00225],[42.79501,43.99974],[42.79516,43.99708],[42.79362,43.99242],[42.79402,43.98952],[42.79409,43.98737],[42.79378,43.98662],[42.79269,43.98486],[42.79194,43.98234],[42.79155,43.98156],[42.78915,43.9791],[42.78652,43.97602],[42.7856,43.97381],[42.7851,43.97315],[42.77793,43.96637],[42.77633,43.96507],[42.76848,43.96079],[42.76395,43.95874],[42.76033,43.95687],[42.75805,43.95549],[42.75616,43.95408],[42.75154,43.95185],[42.75035,43.95148],[42.74619,43.9508],[42.74081,43.9486],[42.73714,43.94769],[42.73314,43.947],[42.73084,43.94584],[42.72982,43.94415],[42.72851,43.93969],[42.71806,43.9111],[42.71656,43.90849],[42.71585,43.90684],[42.71554,43.90555],[42.7158,43.9054],[42.71594,43.9055],[42.71585,43.90567],[42.71554,43.90555],[42.71589,43.90544],[42.7159,43.90593],[42.71486,43.90768],[42.71578,43.91081],[42.71719,43.91645],[42.71715,43.91672],[42.7159,43.91828],[42.71484,43.91851],[42.71516,43.91949],[42.71492,43.92099],[42.7135,43.92199],[42.71197,43.92444],[42.71181,43.9261],[42.7096,43.92881],[42.70858,43.92823],[42.7059,43.93074],[42.70502,43.93045],[42.70522,43.932],[42.70437,43.93264],[42.70275,43.93302],[42.70103,43.93317],[42.7004,43.93305],[42.70081,43.93474],[42.70247,43.93547],[42.70278,43.93572],[42.70293,43.93613],[42.7026,43.9367],[42.70066,43.93784],[42.7004,43.93835],[42.70034,43.93895],[42.69882,43.93908],[42.69628,43.9397],[42.69268,43.93995],[42.68671,43.9412],[42.67641,43.94501],[42.67499,43.94531],[42.67321,43.94525],[42.66654,43.94363],[42.66451,43.94358],[42.61115,43.95277],[42.607,43.95324],[42.6052,43.95325],[42.60372,43.95303],[42.59795,43.95155],[42.59613,43.95126],[42.59097,43.95081],[42.58806,43.9509],[42.57853,43.95227],[42.56733,43.95564],[42.56478,43.95627],[42.55556,43.95727],[42.54779,43.95696],[42.54605,43.95664],[42.53042,43.9517],[42.51639,43.94499],[42.4926,43.94029],[42.48333,43.93764],[42.47242,43.93477],[42.47112,43.93458],[42.45871,43.93389],[42.44543,43.93075],[42.43792,43.92867],[42.43582,43.92793],[42.4329,43.92611],[42.43081,43.92568],[42.42868,43.92581],[42.42474,43.92573],[42.42005,43.92656],[42.41885,43.92633],[42.41779,43.92567],[42.41483,43.92323],[42.41401,43.92297],[42.41044,43.92278],[42.40946,43.92256],[42.4028,43.91866],[42.39567,43.91158],[42.39353,43.90963],[42.39102,43.9065],[42.38749,43.90324],[42.38496,43.89881],[42.38133,43.89473],[42.38109,43.89405],[42.38102,43.89229],[42.38061,43.89163],[42.38004,43.89131],[42.3768,43.89028],[42.3706,43.88632],[42.36623,43.8822],[42.36466,43.87966],[42.3603,43.87606],[42.35715,43.87446],[42.3553,43.87282],[42.35405,43.87086],[42.35155,43.86759],[42.34431,43.86278],[42.34136,43.86137],[42.34089,43.86081],[42.33981,43.85769],[42.33928,43.85705],[42.33364,43.85384],[42.33233,43.85258],[42.32946,43.85048],[42.32606,43.84758],[42.32307,43.84428],[42.31662,43.83608],[42.31396,43.83458],[42.31169,43.83064],[42.31126,43.82934],[42.31108,43.82781],[42.31072,43.82694],[42.30679,43.82146],[42.30611,43.81979],[42.30398,43.81672],[42.30394,43.8158],[42.30525,43.81129],[42.30547,43.80905],[42.30594,43.80756],[42.30573,43.80679],[42.30448,43.8051],[42.30448,43.80462],[42.30517,43.80367],[42.30528,43.8032],[42.30506,43.80212],[42.30438,43.80107],[42.30411,43.80024],[42.30429,43.79948],[42.30522,43.79742],[42.30519,43.79641],[42.30485,43.79583],[42.30329,43.7944],[42.30246,43.79299],[42.29947,43.78934],[42.29715,43.78812],[42.29425,43.78588],[42.2918,43.78434],[42.29015,43.78269],[42.2876,43.78191],[42.28582,43.78038],[42.28381,43.77998],[42.27987,43.77714],[42.27844,43.77672],[42.27626,43.77672],[42.27387,43.77493],[42.27103,43.77359],[42.26908,43.77218],[42.2684,43.77195],[42.266,43.77165],[42.26494,43.77133],[42.26184,43.76897],[42.25868,43.76622],[42.25821,43.76605],[42.25619,43.76595],[42.25518,43.76569],[42.24999,43.765],[42.24763,43.76555],[42.24491,43.765],[42.24433,43.76512],[42.24403,43.76544],[42.24424,43.76594],[42.24617,43.76737],[42.24699,43.76772],[42.24817,43.76789],[42.2495,43.76714],[42.2499,43.76724],[42.24988,43.76749],[42.24958,43.76785],[42.24801,43.76864],[42.24525,43.76875],[42.24256,43.76838],[42.24202,43.76866],[42.24147,43.76932],[42.24064,43.76944],[42.24002,43.76917],[42.23937,43.76844],[42.2384,43.76806],[42.237,43.7681],[42.23386,43.76741],[42.22971,43.7674],[42.22841,43.76758],[42.22394,43.76996],[42.22048,43.77098],[42.21936,43.77178],[42.21813,43.77216],[42.21686,43.77283],[42.21595,43.77393],[42.21401,43.77526],[42.21379,43.77577],[42.2138,43.7765],[42.21334,43.77689],[42.21082,43.77766],[42.21025,43.7776],[42.20908,43.77709],[42.20867,43.77713]]}},{"type":"Feature","properties":{"name":"GraphHopper Track","mode":"ride","distance_km":"21.5"},"geometry":{"type":"LineString","coordinates":[[43.09367,44.09138],[43.09562,44.09151],[43.09627,44.09047],[43.09639,44.09002],[43.09633,44.08923],[43.09489,44.08528],[43.09927,44.08447],[43.09977,44.08416],[43.09984,44.08356],[43.10016,44.08334],[43.1059,44.08233],[43.10881,44.08175],[43.10893,44.0816],[43.10901,44.08141],[43.10851,44.07959],[43.1085,44.07903],[43.10777,44.07685],[43.10847,44.07611],[43.10768,44.07482],[43.10793,44.07457],[43.10733,44.07328],[43.10712,44.07242],[43.10714,44.07117],[43.10752,44.07005],[43.10934,44.06772],[43.11722,44.05926],[43.12043,44.05553],[43.12174,44.05396],[43.12256,44.05252],[43.12252,44.05131],[43.12151,44.05009],[43.11989,44.04927],[43.11716,44.04888],[43.11585,44.04839],[43.1149,44.04752],[43.11447,44.0463],[43.11457,44.04569],[43.11494,44.045],[43.11653,44.04351],[43.11857,44.04207],[43.12322,44.03984],[43.12391,44.03924],[43.12453,44.03827],[43.12548,44.03163],[43.12529,44.03075],[43.12579,44.02986],[43.12624,44.02587],[43.12599,44.02498],[43.12445,44.02224],[43.1244,44.02085],[43.125,44.01967],[43.1277,44.01768],[43.12829,44.0169],[43.12846,44.01635],[43.1285,44.01244],[43.12806,44.01098],[43.12006,43.99932],[43.12069,43.99737],[43.12302,43.99303],[43.12421,43.99155],[43.13048,43.98582],[43.13083,43.98517],[43.13357,43.97721],[43.13413,43.97618],[43.13808,43.97173],[43.14974,43.9576],[43.16064,43.94818],[43.16316,43.94564],[43.16627,43.94582],[43.1655,43.95219],[43.16527,43.95242],[43.16458,43.95255],[43.16432,43.95397],[43.16361,43.95507],[43.16431,43.95568],[43.16405,43.95641],[43.16442,43.95727],[43.16593,43.95822],[43.16666,43.95849]]}},{"type":"Feature","properties":{"name":"GraphHopper Track","mode":"ride","distance_km":"50.9"},"geometry":{"type":"LineString","coordinates":[[9.70407,45.67243],[9.70668,45.67195],[9.70734,45.67365],[9.71143,45.67302],[9.71153,45.67284],[9.71176,45.67283],[9.71241,45.67431],[9.71151,45.67499],[9.71188,45.67554],[9.71206,45.67556],[9.7131,45.675],[9.72094,45.67212],[9.7217,45.67196],[9.72291,45.67201],[9.72368,45.67159],[9.72453,45.67144],[9.72542,45.6706],[9.72589,45.66949],[9.72515,45.66885],[9.72447,45.66888],[9.72337,45.66948],[9.72292,45.67019],[9.72304,45.67049],[9.72337,45.67061],[9.72392,45.67052],[9.72758,45.66899],[9.72971,45.66835],[9.73189,45.66799],[9.73588,45.6678],[9.73704,45.66744],[9.73774,45.6668],[9.73788,45.66594],[9.737,45.66342],[9.73689,45.66161],[9.73661,45.6602],[9.73567,45.65758],[9.73534,45.65727],[9.73447,45.65703],[9.73433,45.65672],[9.7346,45.65646],[9.73584,45.65619],[9.73642,45.65592],[9.7391,45.65346],[9.73982,45.6526],[9.7399,45.65219],[9.73958,45.65184],[9.739,45.65178],[9.73863,45.65199],[9.7385,45.65229],[9.73871,45.65263],[9.73909,45.6528],[9.74821,45.65392],[9.75013,45.65475],[9.75072,45.65481],[9.76767,45.65207],[9.85906,45.63218],[9.90399,45.62211],[9.91785,45.61921],[9.92133,45.61828],[9.92498,45.61693],[9.92775,45.61558],[9.985,45.58262],[9.98842,45.58104],[9.99235,45.57981],[10.02202,45.57413],[10.0661,45.56603],[10.06763,45.56561],[10.06788,45.56533],[10.06818,45.56446],[10.0686,45.56423],[10.06916,45.56417],[10.06978,45.56436],[10.07014,45.56474],[10.0704,45.56631],[10.0707,45.56708],[10.07075,45.56825],[10.07035,45.56884],[10.06988,45.57132],[10.06998,45.5724],[10.07059,45.5735],[10.07369,45.5779],[10.07544,45.57972],[10.07701,45.58076],[10.07842,45.58145],[10.09808,45.58874],[10.09903,45.58901],[10.09997,45.58886],[10.10162,45.58932],[10.10284,45.58858],[10.12984,45.56596],[10.1263,45.56896],[10.12558,45.56878],[10.12485,45.56835],[10.1263,45.56479],[10.12786,45.55981],[10.12883,45.55499],[10.1283,45.55221],[10.12837,45.55159],[10.12875,45.5511],[10.13065,45.54989],[10.13158,45.54901],[10.13178,45.54846],[10.13144,45.54811],[10.12472,45.54798],[10.12011,45.54743],[10.11431,45.54596],[10.1132,45.54543],[10.11164,45.54426],[10.10925,45.54317],[10.10541,45.54184],[10.10199,45.54108],[10.09916,45.54061],[10.07156,45.5374],[10.07118,45.53756],[10.0711,45.53781],[10.07141,45.53839],[10.07141,45.53923],[10.07159,45.53956],[10.07384,45.5403],[10.07486,45.54102],[10.0748,45.54239],[10.07515,45.54344],[10.07454,45.54374],[10.0741,45.54546]]}},{"type":"Feature","properties":{"name":"GraphHopper Track","mode":"ride","distance_km":"330.8"},"geometry":{"type":"LineString","coordinates":[[22.20552,48.43228],[22.20521,48.43226],[22.20512,48.43166],[22.17671,48.4338],[22.17603,48.43196],[22.17509,48.43142],[22.17516,48.4311],[22.17564,48.43076],[22.17555,48.43043],[22.17066,48.42203],[22.17018,48.42043],[22.17028,48.41867],[22.16935,48.41785],[22.16957,48.41717],[22.1705,48.41678],[22.17075,48.41648],[22.17212,48.41164],[22.17224,48.41065],[22.17149,48.40925],[22.16963,48.40761],[22.16848,48.40624],[22.16676,48.40356],[22.1664,48.40209],[22.16633,48.39722],[22.16579,48.39474],[22.16485,48.39242],[22.16276,48.38915],[22.15994,48.38616],[22.15766,48.38436],[22.1559,48.3832],[22.14888,48.37943],[22.14566,48.37729],[22.14295,48.37488],[22.14232,48.37454],[22.14223,48.37414],[22.1401,48.37132],[22.13913,48.36961],[22.1382,48.36744],[22.1333,48.35025],[22.13147,48.34665],[22.12598,48.33862],[22.12487,48.33669],[22.11787,48.31947],[22.11681,48.31623],[22.11595,48.30978],[22.1155,48.30821],[22.11482,48.30665],[22.1081,48.29569],[22.10768,48.29546],[22.10773,48.2951],[22.10296,48.28745],[22.10192,48.28601],[22.09975,48.28375],[22.09314,48.27858],[22.09143,48.27664],[22.09057,48.27515],[22.08985,48.27275],[22.08977,48.27153],[22.08997,48.2699],[22.09059,48.26815],[22.09277,48.26407],[22.09341,48.2616],[22.09331,48.25937],[22.09243,48.25693],[22.09102,48.25492],[22.08907,48.25312],[22.07864,48.24586],[22.07782,48.24558],[22.07675,48.24455],[22.06817,48.23849],[22.06583,48.23631],[22.06403,48.23395],[22.06357,48.23358],[22.06355,48.2332],[22.06239,48.23075],[22.05566,48.21358],[22.05456,48.21129],[22.05248,48.20776],[22.05197,48.2074],[22.05187,48.20685],[22.04398,48.19548],[22.04275,48.19325],[22.04196,48.19088],[22.04169,48.18897],[22.04175,48.18652],[22.04213,48.18278],[22.04207,48.18063],[22.04166,48.1786],[22.04094,48.1767],[22.03905,48.17366],[22.02845,48.16094],[22.02765,48.15966],[22.02755,48.15829],[22.02891,48.15186],[22.02877,48.15079],[22.02776,48.14837],[22.02777,48.1476],[22.02811,48.14623],[22.0279,48.14487],[22.02741,48.14404],[22.02646,48.14314],[22.02397,48.14186],[22.02307,48.14117],[22.00628,48.12198],[22.0054,48.12138],[22.0031,48.12028],[21.99345,48.11668],[21.99252,48.11605],[21.99164,48.11514],[21.99051,48.11311],[21.98958,48.11102],[21.98787,48.10396],[21.98724,48.09873],[21.98697,48.08834],[21.98639,48.08639],[21.9852,48.08457],[21.98296,48.08264],[21.98033,48.08127],[21.97006,48.07685],[21.95661,48.07184],[21.9529,48.07066],[21.94752,48.06922],[21.9412,48.0679],[21.93506,48.06694],[21.93249,48.06624],[21.93039,48.065],[21.92712,48.06148],[21.9257,48.06025],[21.9238,48.05911],[21.92195,48.05835],[21.91905,48.05753],[21.90963,48.05539],[21.90591,48.05435],[21.90181,48.05233],[21.89353,48.04973],[21.88677,48.04643],[21.88387,48.04525],[21.88048,48.04455],[21.86778,48.04309],[21.86492,48.04217],[21.86342,48.04132],[21.86232,48.04042],[21.84519,48.02355],[21.84392,48.02213],[21.84316,48.02084],[21.84283,48.01874],[21.84401,48.01246],[21.84383,48.01196],[21.8442,48.01135],[21.84439,48.00955],[21.84409,48.00789],[21.8432,48.00619],[21.84228,48.00512],[21.84107,48.00411],[21.82758,47.9952],[21.8247,47.99298],[21.82287,47.99109],[21.82163,47.9894],[21.82056,47.98744],[21.81983,47.98535],[21.81564,47.96314],[21.81576,47.96158],[21.8162,47.96022],[21.82,47.95413],[21.8205,47.95307],[21.82089,47.95152],[21.82057,47.95101],[21.82087,47.95056],[21.82074,47.94942],[21.81908,47.94383],[21.81846,47.94004],[21.81838,47.93808],[21.81853,47.93525],[21.8197,47.92807],[21.81994,47.92399],[21.81715,47.90064],[21.81671,47.89938],[21.81615,47.89856],[21.8144,47.89714],[21.812,47.89612],[21.80631,47.89433],[21.79676,47.89188],[21.79149,47.89093],[21.78513,47.89005],[21.77664,47.88937],[21.7503,47.88795],[21.74343,47.88745],[21.73411,47.88623],[21.72014,47.88354],[21.71678,47.88319],[21.71316,47.88313],[21.70996,47.88336],[21.70622,47.88396],[21.70305,47.88479],[21.70016,47.88585],[21.69495,47.88853],[21.68288,47.89579],[21.67945,47.89756],[21.676,47.899],[21.67228,47.90021],[21.66907,47.90101],[21.66531,47.9017],[21.66171,47.90212],[21.65549,47.90232],[21.65175,47.90212],[21.64855,47.90176],[21.64258,47.90058],[21.6319,47.8974],[21.62813,47.89648],[21.6229,47.8957],[21.61832,47.89551],[21.61325,47.8958],[21.60872,47.89657],[21.604,47.89784],[21.59138,47.90213],[21.58652,47.9032],[21.58151,47.90376],[21.57763,47.90383],[21.57259,47.9035],[21.56841,47.90286],[21.55894,47.90095],[21.55324,47.89997],[21.54844,47.89943],[21.54345,47.89922],[21.53869,47.89935],[21.53357,47.89985],[21.51628,47.90286],[21.5097,47.90368],[21.50477,47.90389],[21.4999,47.90376],[21.49534,47.90333],[21.49164,47.90274],[21.48672,47.90162],[21.48145,47.89993],[21.47698,47.89808],[21.4635,47.8919],[21.45844,47.89003],[21.45446,47.88881],[21.4494,47.88755],[21.44387,47.88651],[21.41304,47.88232],[21.40434,47.88065],[21.39886,47.87926],[21.39274,47.87736],[21.38638,47.87496],[21.38135,47.87272],[21.37556,47.8697],[21.36757,47.86481],[21.3616,47.86071],[21.35514,47.85581],[21.34859,47.85024],[21.34274,47.84463],[21.33814,47.83967],[21.32925,47.82937],[21.32429,47.82459],[21.3204,47.82141],[21.31679,47.81876],[21.29544,47.80388],[21.29186,47.80168],[21.28809,47.79973],[21.28416,47.79805],[21.27872,47.79621],[21.27442,47.79511],[21.26969,47.79421],[21.26532,47.79365],[21.26018,47.79337],[21.25615,47.79344],[21.25144,47.79387],[21.24751,47.79452],[21.23872,47.79633],[21.23269,47.79733],[21.17791,47.80465],[21.17418,47.80533],[21.171,47.80611],[21.16573,47.80801],[21.16123,47.81041],[21.15874,47.81217],[21.15693,47.81373],[21.15412,47.81693],[21.15311,47.81847],[21.15203,47.82062],[21.1511,47.82359],[21.15077,47.82673],[21.15099,47.82971],[21.15213,47.8363],[21.15224,47.83813],[21.15186,47.84018],[21.151,47.84205],[21.14943,47.84404],[21.1468,47.84611],[21.14402,47.84749],[21.14056,47.84853],[21.13766,47.84898],[21.13476,47.84906],[21.12727,47.84825],[21.12186,47.84808],[21.09584,47.84919],[21.09196,47.84895],[21.0794,47.84749],[21.07606,47.84743],[21.07305,47.84763],[21.06871,47.84841],[21.06415,47.84993],[21.06034,47.85192],[21.04987,47.85859],[21.04681,47.86026],[21.04434,47.86132],[21.04152,47.86229],[21.03638,47.86347],[21.03227,47.86396],[21.02937,47.86408],[21.00272,47.86378],[20.99867,47.86397],[20.99406,47.86444],[20.99046,47.86501],[20.98639,47.86586],[20.96862,47.87072],[20.95949,47.8726],[20.95107,47.87366],[20.93011,47.87509],[20.92178,47.87597],[20.91408,47.87722],[20.88395,47.88315],[20.87468,47.88443],[20.86736,47.88491],[20.86026,47.88495],[20.85183,47.88444],[20.84543,47.88365],[20.84109,47.8829],[20.83506,47.88155],[20.76922,47.86391],[20.76339,47.86211],[20.75838,47.85998],[20.75533,47.85826],[20.75262,47.85634],[20.7501,47.85412],[20.74819,47.85198],[20.74673,47.84991],[20.74559,47.84787],[20.74225,47.84021],[20.73974,47.83577],[20.73757,47.83266],[20.73545,47.83003],[20.73312,47.82751],[20.73049,47.82496],[20.72514,47.82061],[20.72185,47.81835],[20.71841,47.81624],[20.71455,47.81413],[20.71113,47.81249],[20.70407,47.80961],[20.69917,47.80798],[20.69523,47.80686],[20.68712,47.80506],[20.68021,47.80403],[20.66418,47.80227],[20.65739,47.80105],[20.65196,47.79975],[20.6463,47.79808],[20.58786,47.77829],[20.57959,47.77592],[20.57286,47.77451],[20.56708,47.77363],[20.56135,47.77304],[20.5407,47.77143],[20.53587,47.77088],[20.53007,47.76994],[20.52145,47.76794],[20.48034,47.75623],[20.47633,47.75548],[20.46005,47.75341],[20.45668,47.75267],[20.45294,47.75125],[20.45085,47.75009],[20.4491,47.74883],[20.44704,47.74678],[20.44412,47.74264],[20.44297,47.74128],[20.43963,47.7381],[20.43694,47.7359],[20.43468,47.73457],[20.43227,47.73352],[20.42875,47.73248],[20.42528,47.73174],[20.42137,47.73122],[20.41837,47.73101],[20.36035,47.72904],[20.35479,47.72851],[20.34964,47.72778],[20.33409,47.72461],[20.3252,47.72342],[20.31725,47.72294],[20.29053,47.72242],[20.28578,47.72212],[20.28003,47.72115],[20.24813,47.71349],[20.24098,47.71214],[20.23748,47.7118],[20.23323,47.71167],[20.2157,47.71262],[20.21125,47.71267],[20.20494,47.71239],[20.20007,47.71189],[20.19488,47.71109],[20.17404,47.707],[20.16654,47.70613],[20.16121,47.70586],[20.1569,47.70586],[20.14119,47.70669],[20.1344,47.70684],[20.09696,47.70656],[20.089,47.70621],[20.06923,47.7044],[20.06321,47.70412],[20.05595,47.70417],[20.02309,47.7062],[20.0186,47.70672],[20.01515,47.70748],[20.01096,47.70895],[20.00802,47.71041],[19.98822,47.72279],[19.98374,47.72531],[19.98069,47.72675],[19.97561,47.72875],[19.97042,47.73029],[19.96552,47.73138],[19.95943,47.73227],[19.95247,47.73269],[19.94515,47.73249],[19.94045,47.73203],[19.91742,47.72905],[19.90894,47.72817],[19.89912,47.72754],[19.86912,47.7261],[19.86372,47.72568],[19.85521,47.72445],[19.85047,47.7234],[19.84558,47.72203],[19.83807,47.71928],[19.82058,47.7112],[19.81651,47.70961],[19.81161,47.70828],[19.79391,47.7052],[19.78919,47.70419],[19.78507,47.7031],[19.77937,47.7013],[19.73484,47.68626],[19.72973,47.6848],[19.72702,47.68422],[19.72411,47.68381],[19.7204,47.68362],[19.71731,47.6837],[19.71112,47.68462],[19.69831,47.6876],[19.69468,47.68811],[19.6913,47.68838],[19.68773,47.68845],[19.68357,47.68825],[19.68035,47.6879],[19.67595,47.68711],[19.67122,47.68586],[19.66573,47.68395],[19.63137,47.67048],[19.62701,47.66891],[19.62302,47.66768],[19.57519,47.65495],[19.56861,47.65344],[19.55112,47.64994],[19.52946,47.64327],[19.52551,47.64241],[19.52091,47.6419],[19.49268,47.64071],[19.48726,47.64016],[19.48444,47.63953],[19.48207,47.63872],[19.47632,47.63587],[19.47324,47.63462],[19.47042,47.63372],[19.46218,47.63151],[19.45823,47.6307],[19.4495,47.62933],[19.4397,47.62681],[19.43594,47.62607],[19.43178,47.62556],[19.42154,47.62486],[19.41692,47.62404],[19.41357,47.62289],[19.41092,47.62154],[19.40934,47.62047],[19.4078,47.61915],[19.40508,47.61594],[19.40385,47.61483],[19.40136,47.61349],[19.39902,47.61283],[19.3965,47.61252],[19.39394,47.61251],[19.38323,47.61336],[19.37932,47.6141],[19.3744,47.61557],[19.37133,47.6163],[19.36798,47.61679],[19.36541,47.61696],[19.35845,47.61677],[19.331,47.61447],[19.32498,47.61413],[19.32373,47.61422],[19.3209,47.61489],[19.31883,47.61466],[19.31771,47.61414],[19.31703,47.61355],[19.31656,47.61272],[19.3165,47.61194],[19.31702,47.61077],[19.31959,47.60655],[19.32043,47.60466],[19.32089,47.60206],[19.32058,47.59937],[19.3197,47.59719],[19.31832,47.59516],[19.31676,47.59357],[19.31397,47.59121],[19.31296,47.59],[19.31255,47.58929],[19.31207,47.58794],[19.31205,47.58596],[19.31237,47.58483],[19.31299,47.58368],[19.31376,47.58271],[19.31513,47.58154],[19.31717,47.58039],[19.32238,47.57819],[19.32397,47.5772],[19.32521,47.57607],[19.32622,47.57471],[19.32676,47.57347],[19.32701,47.57202],[19.32687,47.57061],[19.32648,47.56949],[19.32559,47.56803],[19.32059,47.56339],[19.31906,47.56162],[19.31762,47.55953],[19.31623,47.5566],[19.3148,47.55106],[19.31368,47.5483],[19.31174,47.54519],[19.30798,47.5406],[19.306,47.53726],[19.30535,47.53571],[19.30463,47.53316],[19.30434,47.531],[19.30403,47.52569],[19.30368,47.52369],[19.30311,47.52171],[19.30216,47.51945],[19.30043,47.51638],[19.29773,47.51207],[19.29584,47.50991],[19.29563,47.5088],[19.29576,47.50827],[19.2963,47.50748],[19.29744,47.50671],[19.29837,47.5064],[19.30232,47.50584],[19.30354,47.5055],[19.30522,47.50458],[19.30631,47.50356],[19.30747,47.50215],[19.30856,47.50015],[19.3091,47.49838],[19.31117,47.48955],[19.31186,47.48792],[19.31282,47.48639],[19.31423,47.48476],[19.316,47.48323],[19.32794,47.47474],[19.32958,47.47313],[19.33095,47.47116],[19.33149,47.47001],[19.33199,47.46816],[19.332,47.46561],[19.33126,47.46306],[19.32936,47.45914],[19.32904,47.45719],[19.32934,47.45564],[19.33114,47.45224],[19.33167,47.45073],[19.3324,47.44404],[19.33242,47.44246],[19.33208,47.44076],[19.33129,47.43906],[19.3255,47.42972],[19.32382,47.42789],[19.31963,47.42417],[19.31826,47.42262],[19.31714,47.42094],[19.31607,47.41852],[19.31557,47.41607],[19.31554,47.41442],[19.31606,47.41077],[19.31581,47.40729],[19.31554,47.40678],[19.31513,47.4064],[19.31344,47.40576],[19.31129,47.40463],[19.31025,47.40454],[19.30627,47.40475],[19.30458,47.4051],[19.30263,47.4058],[19.30035,47.40698],[19.29506,47.41092],[19.29294,47.41218],[19.29037,47.41324],[19.2816,47.41576],[19.27944,47.41686],[19.27218,47.42147],[19.26991,47.42227],[19.26628,47.42299],[19.2649,47.42431],[19.26294,47.4254],[19.26273,47.42569],[19.26274,47.4261],[19.26236,47.42645],[19.26234,47.42706],[19.26322,47.42858],[19.26341,47.4293],[19.2632,47.43024],[19.26348,47.43051],[19.26346,47.43234],[19.26325,47.4327],[19.26272,47.43301],[19.26187,47.433],[19.2615,47.43279],[19.26101,47.43236],[19.26093,47.43171],[19.26122,47.43133],[19.26149,47.4296],[19.26215,47.42858],[19.26236,47.42789],[19.26216,47.42694],[19.26221,47.42625],[19.26205,47.42601],[19.26449,47.42421],[19.26464,47.42359],[19.26421,47.42283],[19.26041,47.42127],[19.25594,47.41866],[19.25404,47.4181],[19.2526,47.41801],[19.25098,47.41817],[19.24536,47.41993],[19.244,47.42053],[19.2412,47.42236],[19.22588,47.43608],[19.22445,47.43721],[19.22199,47.43893],[19.20296,47.45029],[19.19988,47.45179],[19.19625,47.45307],[19.17698,47.45785],[19.17869,47.4673],[19.17828,47.47223],[19.17856,47.47299],[19.17829,47.47329],[19.17814,47.47393],[19.1776,47.48155],[19.17954,47.48731],[19.17256,47.48851],[19.16528,47.48932],[19.14811,47.49056],[19.1442,47.49187],[19.14378,47.49225],[19.14196,47.49233],[19.14115,47.494],[19.13864,47.49473],[19.13838,47.49506],[19.13639,47.50285],[19.13657,47.50314],[19.137,47.50329],[19.15253,47.5049],[19.15243,47.5051]]}},{"type":"Feature","properties":{"name":"GraphHopper Track","mode":"ride","distance_km":"61.5"},"geometry":{"type":"LineString","coordinates":[[6.15008,51.59909],[6.14928,51.59907],[6.14876,51.59868],[6.14875,51.59627],[6.14933,51.59594],[6.15163,51.59585],[6.15267,51.59545],[6.15302,51.59488],[6.15306,51.59385],[6.15292,51.59323],[6.15302,51.59293],[6.15496,51.59162],[6.15549,51.59145],[6.15734,51.59163],[6.16328,51.59329],[6.16395,51.59332],[6.1664,51.59444],[6.16902,51.59587],[6.17294,51.59709],[6.17267,51.59773],[6.17187,51.6021],[6.1717,51.60408],[6.17178,51.60498],[6.1721,51.60644],[6.17329,51.60969],[6.17403,51.6127],[6.17439,51.61342],[6.17511,51.61425],[6.17641,51.61515],[6.1823,51.61738],[6.18715,51.62016],[6.18769,51.62013],[6.19014,51.61886],[6.1924,51.61797],[6.19463,51.61743],[6.19754,51.61713],[6.20032,51.61722],[6.20263,51.61756],[6.205,51.61829],[6.20922,51.61994],[6.21003,51.61918],[6.21475,51.61592],[6.22132,51.61258],[6.22264,51.61153],[6.22357,51.61184],[6.22623,51.61347],[6.22782,51.61391],[6.23166,51.61545],[6.23243,51.61613],[6.23316,51.61731],[6.2337,51.61787],[6.23473,51.61846],[6.23564,51.61874],[6.2404,51.61897],[6.2433,51.6187],[6.2447,51.61876],[6.24797,51.61958],[6.25366,51.62169],[6.25476,51.62181],[6.25671,51.62164],[6.25836,51.62174],[6.26387,51.62337],[6.26645,51.62442],[6.26818,51.62487],[6.27108,51.62529],[6.27528,51.62507],[6.27721,51.62537],[6.28398,51.62844],[6.28569,51.62956],[6.28756,51.63111],[6.28938,51.63339],[6.29061,51.63585],[6.28859,51.6365],[6.28816,51.6368],[6.28816,51.63712],[6.28834,51.63731],[6.28908,51.63741],[6.29188,51.63607],[6.30541,51.62889],[6.31761,51.62212],[6.33299,51.61466],[6.33793,51.61203],[6.36476,51.59594],[6.37004,51.59292],[6.37637,51.58986],[6.3815,51.58778],[6.38543,51.5864],[6.40008,51.58183],[6.41223,51.57857],[6.46178,51.56737],[6.46688,51.56654],[6.47126,51.56602],[6.49062,51.56453],[6.49966,51.56354],[6.50906,51.5621],[6.51939,51.56001],[6.53072,51.55707],[6.54904,51.55142],[6.55317,51.54987],[6.55701,51.54817],[6.5625,51.54515],[6.56603,51.54274],[6.56878,51.54052],[6.58014,51.53041],[6.5816,51.52884],[6.58293,51.52705],[6.58366,51.52588],[6.58473,51.52359],[6.58544,51.52108],[6.58568,51.51891],[6.5856,51.51687],[6.58518,51.51463],[6.58449,51.51268],[6.58355,51.51084],[6.57819,51.50329],[6.57695,51.50088],[6.57611,51.49847],[6.57573,51.49667],[6.57554,51.49346],[6.57578,51.49142],[6.57612,51.48998],[6.57698,51.48757],[6.57859,51.48458],[6.58472,51.47661],[6.58635,51.47411],[6.58788,51.4713],[6.58941,51.46776],[6.59081,51.46313],[6.59138,51.46007],[6.59185,51.45618],[6.59246,51.45364],[6.5934,51.45159],[6.59451,51.44988],[6.59626,51.44789],[6.60019,51.44392],[6.60151,51.44227],[6.60262,51.44048],[6.60394,51.43695],[6.60421,51.43536],[6.60379,51.43489],[6.60293,51.43492],[6.60259,51.43538],[6.6028,51.43567],[6.6032,51.43581],[6.60931,51.43619],[6.61573,51.43614],[6.62553,51.43564],[6.63187,51.4356],[6.65044,51.43662],[6.67958,51.43739],[6.6858,51.43713],[6.69597,51.4354],[6.69939,51.43514],[6.70124,51.43517],[6.70626,51.43554],[6.71838,51.43761],[6.72095,51.43819],[6.72497,51.43852],[6.72755,51.43834],[6.72957,51.43794],[6.73455,51.4361],[6.73901,51.43506],[6.74323,51.43479],[6.74798,51.43497],[6.74967,51.43431],[6.75107,51.43456],[6.75215,51.43394],[6.75493,51.43184],[6.75516,51.43149],[6.75478,51.43138],[6.75392,51.4316],[6.75364,51.4319],[6.75373,51.43297],[6.75406,51.43337],[6.75631,51.43439]]}},{"type":"Feature","properties":{"name":"GraphHopper Track","mode":"ride","distance_km":"20.8"},"geometry":{"type":"LineString","coordinates":[[11.0289,50.97787],[11.02864,50.97803],[11.03007,50.97856],[11.03537,50.97823],[11.03735,50.97887],[11.04073,50.98075],[11.04167,50.98192],[11.0447,50.98394],[11.04968,50.98635],[11.05322,50.98838],[11.05787,50.99073],[11.06328,50.9932],[11.06508,50.99433],[11.06776,50.99543],[11.0711,50.99649],[11.08706,50.99961],[11.08831,51.00001],[11.09969,51.00657],[11.10244,51.00894],[11.10736,51.01073],[11.11068,51.01259],[11.1155,51.01608],[11.11586,51.01707],[11.11608,51.01729],[11.1172,51.01781],[11.11814,51.01856],[11.12097,51.01944],[11.13365,51.02448],[11.1348,51.02479],[11.13758,51.02495],[11.13968,51.02536],[11.1442,51.02706],[11.16782,51.03052],[11.18814,51.03528],[11.1905,51.03634],[11.19227,51.03747],[11.19252,51.03787],[11.19273,51.03914],[11.1931,51.03957],[11.20236,51.04739],[11.21028,51.05163],[11.21225,51.05198],[11.21466,51.05203],[11.21516,51.05146],[11.21793,51.04677],[11.22691,51.04042],[11.22715,51.04008],[11.22711,51.03929],[11.22778,51.03849],[11.22776,51.03755],[11.22795,51.03701],[11.22995,51.03657],[11.23069,51.03602],[11.23161,51.03455],[11.23948,51.02522],[11.23974,51.02279],[11.24175,51.02059],[11.24209,51.01997],[11.24278,51.01952],[11.24369,51.01929],[11.24504,51.0208],[11.2493,51.02123]]}},{"type":"Feature","properties":{"name":"GraphHopper Track","mode":"ride","distance_km":"61.4"},"geometry":{"type":"LineString","coordinates":[[9.20296,45.48638],[9.20335,45.48684],[9.20249,45.48734],[9.20614,45.49065],[9.20656,45.49073],[9.21538,45.4863],[9.21671,45.48573],[9.21729,45.4858],[9.22093,45.48748],[9.22451,45.49047],[9.22658,45.49159],[9.22961,45.49216],[9.23126,45.49272],[9.23334,45.49401],[9.25655,45.5118],[9.25753,45.51221],[9.2631,45.51288],[9.26391,45.51321],[9.26433,45.5138],[9.26421,45.51446],[9.26386,45.51483],[9.26241,45.51562],[9.26197,45.51657],[9.2614,45.52009],[9.26054,45.52294],[9.26059,45.52368],[9.26109,45.52469],[9.26205,45.52551],[9.26431,45.52644],[9.26529,45.52703],[9.26729,45.52929],[9.26848,45.53015],[9.28358,45.53751],[9.28492,45.53787],[9.28625,45.53787],[9.2894,45.53689],[9.29131,45.53675],[9.31114,45.53886],[9.31285,45.53921],[9.31439,45.53985],[9.31575,45.54089],[9.3176,45.54346],[9.31824,45.54407],[9.31939,45.54479],[9.3232,45.54646],[9.32436,45.54725],[9.32582,45.54868],[9.33172,45.55859],[9.33248,45.55973],[9.3338,45.56103],[9.3342,45.56242],[9.33488,45.5632],[9.33706,45.56472],[9.34171,45.56584],[9.34337,45.56696],[9.34576,45.5675],[9.39031,45.57404],[9.49737,45.59459],[9.50295,45.59622],[9.55923,45.61507],[9.58038,45.62234],[9.58492,45.62413],[9.66081,45.66625],[9.66271,45.66709],[9.66587,45.66887],[9.66703,45.6693],[9.66811,45.66945],[9.669,45.66939],[9.66934,45.66909],[9.66911,45.66865],[9.66843,45.66864],[9.66809,45.66916],[9.66902,45.67298],[9.66912,45.67485],[9.6694,45.67523],[9.66993,45.67545],[9.67287,45.67546],[9.67871,45.67495],[9.68061,45.67507],[9.68311,45.6758],[9.68897,45.67869],[9.69154,45.67943],[9.69414,45.67964],[9.70156,45.67941],[9.70398,45.67882],[9.71045,45.67572],[9.72068,45.6719],[9.72262,45.67092],[9.72307,45.66986],[9.72396,45.66909],[9.72576,45.6687],[9.72615,45.66886],[9.72542,45.6706],[9.72453,45.67161],[9.72399,45.67199],[9.72321,45.67217],[9.72202,45.67196],[9.72094,45.67212],[9.7131,45.675],[9.71273,45.67534],[9.71206,45.67556],[9.71188,45.67554],[9.71151,45.67499],[9.71238,45.67439],[9.71238,45.67417],[9.71195,45.67324],[9.71143,45.67302],[9.71027,45.6731],[9.70593,45.67392],[9.70587,45.67378],[9.7054,45.67387],[9.70587,45.67378],[9.70593,45.67392],[9.71027,45.6731],[9.71143,45.67302],[9.71153,45.67284],[9.71176,45.67283],[9.71241,45.67431],[9.71151,45.67499],[9.71188,45.67554],[9.71206,45.67556],[9.7131,45.675],[9.72094,45.67212],[9.7217,45.67196],[9.72291,45.67201],[9.72332,45.67184],[9.72335,45.67161],[9.7231,45.67133],[9.72269,45.67128],[9.72158,45.67164],[9.71782,45.67321],[9.7098,45.67613],[9.70378,45.67898],[9.70171,45.67947],[9.6939,45.67973],[9.69125,45.67947],[9.68905,45.67884],[9.68226,45.67558],[9.68038,45.67516],[9.67773,45.67512],[9.67196,45.67591],[9.67142,45.67633],[9.67113,45.67723],[9.67,45.6782],[9.67012,45.6801],[9.67044,45.68049],[9.67023,45.68079],[9.67033,45.68255],[9.67011,45.68365],[9.66904,45.68573],[9.66913,45.68611],[9.66862,45.68629],[9.66773,45.68747],[9.66756,45.68798],[9.67031,45.68883],[9.67374,45.69055],[9.67407,45.69037],[9.67472,45.69046]]}},{"type":"Feature","properties":{"name":"GraphHopper Track","mode":"ride","distance_km":"545.7"},"geometry":{"type":"LineString","coordinates":[[23.98253,49.83067],[23.98478,49.83138],[23.98387,49.83343],[24.00268,49.83676],[24.00695,49.83819],[24.0182,49.84261],[24.02276,49.84321],[24.02474,49.84425],[24.0268,49.84468],[24.02925,49.84476],[24.0291,49.84636],[24.02781,49.84804],[24.02675,49.85043],[24.02684,49.85095],[24.02901,49.85072],[24.03016,49.8514],[24.03528,49.85306],[24.04393,49.85401],[24.05253,49.86419],[24.0536,49.86485],[24.05358,49.86558],[24.06265,49.87608],[24.06406,49.87728],[24.06719,49.87941],[24.07405,49.88219],[24.07633,49.88481],[24.07867,49.88618],[24.09837,49.89212],[24.09984,49.89222],[24.11313,49.89131],[24.11494,49.89132],[24.12932,49.8936],[24.13829,49.89712],[24.15115,49.90249],[24.15185,49.90295],[24.15222,49.90346],[24.16085,49.92007],[24.16126,49.92027],[24.16588,49.91975],[24.17541,49.91992],[24.18729,49.91857],[24.19056,49.91846],[24.19404,49.91763],[24.19656,49.91779],[24.19917,49.91734],[24.2017,49.91714],[24.2052,49.91717],[24.20891,49.91749],[24.2176,49.91689],[24.25669,49.91507],[24.25901,49.91517],[24.26091,49.91551],[24.27305,49.91944],[24.27589,49.9201],[24.27909,49.9206],[24.28245,49.92085],[24.31058,49.92136],[24.31351,49.92188],[24.31849,49.92335],[24.32347,49.9241],[24.32571,49.92404],[24.34928,49.9194],[24.35242,49.91922],[24.35549,49.91943],[24.3595,49.92017],[24.36055,49.92058],[24.36176,49.92148],[24.36248,49.92273],[24.3645,49.92941],[24.36602,49.93374],[24.3662,49.93492],[24.36719,49.93728],[24.38212,49.94779],[24.38283,49.94844],[24.38552,49.95336],[24.38647,49.95465],[24.38968,49.95803],[24.39056,49.95853],[24.39254,49.95921],[24.39331,49.9598],[24.39583,49.96433],[24.3974,49.96599],[24.39921,49.96702],[24.40877,49.97071],[24.42185,49.97801],[24.42365,49.97884],[24.42976,49.97947],[24.43703,49.9794],[24.4428,49.97781],[24.45441,49.97661],[24.45772,49.97605],[24.46383,49.97443],[24.48965,49.9693],[24.49342,49.96897],[24.49898,49.96934],[24.51299,49.96737],[24.51887,49.96597],[24.5237,49.96296],[24.52733,49.96132],[24.53121,49.96101],[24.544,49.96188],[24.5547,49.96419],[24.57542,49.9621],[24.57762,49.96212],[24.58074,49.96266],[24.58277,49.96321],[24.58451,49.96404],[24.59706,49.97176],[24.60106,49.97453],[24.60173,49.97527],[24.60316,49.97775],[24.60409,49.97853],[24.60571,49.97937],[24.60721,49.97979],[24.60879,49.98],[24.63173,49.98179],[24.63706,49.98282],[24.63694,49.98385],[24.6359,49.98746],[24.63519,49.98931],[24.63514,49.99011],[24.63538,49.99084],[24.63644,49.99201],[24.64543,49.99899],[24.6459,49.99951],[24.6486,50.00394],[24.65218,50.00614],[24.65264,50.00662],[24.65299,50.00717],[24.65563,50.0155],[24.65601,50.01621],[24.6572,50.01712],[24.66459,50.02054],[24.67691,50.02779],[24.68583,50.0353],[24.6882,50.03753],[24.72439,50.08524],[24.76811,50.14188],[24.81081,50.19226],[24.81233,50.1944],[24.8314,50.22853],[24.83267,50.23055],[24.83428,50.23231],[24.83699,50.2338],[24.85138,50.24026],[24.89488,50.26087],[24.9164,50.27088],[24.97559,50.30668],[25.05412,50.34907],[25.06102,50.3509],[25.07861,50.35513],[25.08296,50.35637],[25.08624,50.35771],[25.08949,50.35982],[25.09098,50.36103],[25.09941,50.36868],[25.11988,50.3591],[25.12138,50.35791],[25.1213,50.35741],[25.12219,50.35657],[25.12258,50.35501],[25.12364,50.3543],[25.12489,50.35494],[25.12698,50.35549],[25.14695,50.35871],[25.14764,50.35862],[25.16034,50.3541],[25.18989,50.35433],[25.19466,50.35416],[25.20275,50.35461],[25.21966,50.3559],[25.2444,50.36144],[25.27099,50.36765],[25.27802,50.36895],[25.28156,50.37008],[25.29172,50.37064],[25.30404,50.37197],[25.3204,50.37809],[25.3263,50.3809],[25.33326,50.38534],[25.33533,50.38757],[25.33692,50.38839],[25.34086,50.39147],[25.34517,50.39344],[25.34663,50.39468],[25.34719,50.39427],[25.35402,50.39104],[25.35733,50.38871],[25.36057,50.38677],[25.36604,50.38282],[25.36716,50.38125],[25.36788,50.3805],[25.36862,50.38003],[25.37221,50.37844],[25.37417,50.37729],[25.37658,50.37658],[25.38263,50.37294],[25.38517,50.37077],[25.3914,50.36812],[25.39284,50.36705],[25.39449,50.36614],[25.39954,50.36483],[25.40067,50.36512],[25.41868,50.37357],[25.42369,50.37634],[25.426,50.37805],[25.42772,50.38126],[25.42873,50.3818],[25.42992,50.38187],[25.43424,50.38083],[25.43495,50.3808],[25.44082,50.38132],[25.44183,50.38129],[25.44263,50.38112],[25.44561,50.37974],[25.44673,50.3796],[25.44752,50.37973],[25.45052,50.38143],[25.4552,50.38185],[25.45589,50.38174],[25.46024,50.38027],[25.4666,50.3797],[25.47433,50.37758],[25.4768,50.3771],[25.49787,50.37709],[25.50268,50.37811],[25.50471,50.37886],[25.5082,50.37933],[25.50893,50.37952],[25.50998,50.38009],[25.51072,50.38059],[25.51161,50.38345],[25.51372,50.38655],[25.52198,50.39346],[25.52968,50.39577],[25.53304,50.39588],[25.53359,50.39607],[25.53537,50.39828],[25.53592,50.39867],[25.54163,50.40157],[25.54797,50.4016],[25.5559,50.40364],[25.56257,50.402],[25.56658,50.40276],[25.56928,50.4038],[25.57821,50.40543],[25.58174,50.40742],[25.58523,50.40855],[25.58663,50.40848],[25.59059,50.40774],[25.59615,50.40606],[25.59745,50.40582],[25.59833,50.40585],[25.6017,50.40687],[25.6064,50.40802],[25.61234,50.40781],[25.62061,50.40902],[25.62174,50.40932],[25.62487,50.41113],[25.62807,50.41436],[25.62858,50.41466],[25.63586,50.41704],[25.63682,50.41711],[25.63945,50.41689],[25.64407,50.41801],[25.64493,50.41807],[25.64841,50.41732],[25.65725,50.41581],[25.65984,50.41458],[25.66105,50.41341],[25.66951,50.40927],[25.67037,50.40891],[25.6741,50.40816],[25.68343,50.40735],[25.68932,50.40833],[25.69443,50.40992],[25.69807,50.41181],[25.70427,50.41367],[25.70485,50.41323],[25.70564,50.41326],[25.7026,50.42083],[25.70227,50.42195],[25.70222,50.42303],[25.70285,50.42459],[25.7038,50.42574],[25.70603,50.42745],[25.70853,50.42855],[25.71027,50.42892],[25.71275,50.42911],[25.72848,50.42967],[25.73078,50.42935],[25.73528,50.42808],[25.73691,50.4278],[25.73912,50.42773],[25.74191,50.42802],[25.75424,50.43366],[25.75804,50.43635],[25.75918,50.43686],[25.7892,50.44584],[25.81985,50.45438],[25.83557,50.46018],[25.86672,50.47061],[25.88764,50.47783],[25.89264,50.47934],[25.89924,50.48083],[25.91957,50.48659],[25.92366,50.48851],[25.9249,50.48893],[25.93005,50.48997],[25.93234,50.49013],[25.93713,50.4897],[25.94454,50.48974],[25.95244,50.4884],[25.95635,50.48822],[25.9601,50.48875],[25.9634,50.4898],[25.98127,50.49719],[25.98753,50.50017],[25.98874,50.50123],[25.99133,50.50455],[25.99258,50.50578],[25.9969,50.50809],[25.99966,50.51008],[26.00569,50.51629],[26.00716,50.51733],[26.08327,50.55418],[26.08819,50.55633],[26.09511,50.55891],[26.09937,50.56083],[26.10393,50.56335],[26.11332,50.56963],[26.11646,50.57155],[26.12059,50.57354],[26.13005,50.57699],[26.13397,50.57874],[26.13732,50.58058],[26.14512,50.58569],[26.14618,50.58609],[26.14753,50.58632],[26.14953,50.58622],[26.15116,50.58594],[26.15211,50.58554],[26.16267,50.57743],[26.16639,50.575],[26.18815,50.56398],[26.19155,50.5626],[26.19575,50.56175],[26.1999,50.56162],[26.22281,50.56415],[26.2282,50.56499],[26.23693,50.56745],[26.2393,50.56795],[26.2554,50.5695],[26.268,50.57146],[26.27799,50.57228],[26.28099,50.57268],[26.30868,50.57923],[26.31633,50.58125],[26.32233,50.58386],[26.32397,50.58495],[26.32464,50.58564],[26.32608,50.58812],[26.32698,50.58927],[26.33749,50.59808],[26.33905,50.60008],[26.34013,50.60237],[26.34054,50.60417],[26.34078,50.60692],[26.34118,50.60796],[26.34173,50.60844],[26.34374,50.60953],[26.34522,50.6099],[26.35151,50.60945],[26.43246,50.6019],[26.44883,50.59928],[26.45067,50.59916],[26.52378,50.60325],[26.62902,50.60411],[26.63072,50.60434],[26.63282,50.60497],[26.65201,50.61415],[26.65527,50.615],[26.6581,50.6152],[26.87275,50.5948],[26.87521,50.59468],[27.02662,50.60263],[27.03557,50.60368],[27.09007,50.61088],[27.09253,50.61104],[27.09606,50.61084],[27.10009,50.61004],[27.13462,50.59976],[27.13934,50.59902],[27.14483,50.59896],[27.18618,50.60204],[27.18906,50.60237],[27.19147,50.60282],[27.19538,50.60398],[27.19799,50.60511],[27.21306,50.61397],[27.21555,50.61527],[27.21829,50.61622],[27.22039,50.6167],[27.2249,50.6171],[27.36357,50.60783],[27.48472,50.6031],[27.54897,50.59499],[27.55301,50.59478],[27.55729,50.59516],[27.56103,50.59624],[27.57839,50.60353],[27.58084,50.60475],[27.58281,50.60606],[27.58639,50.60944],[27.58898,50.6112],[27.594,50.61334],[27.60465,50.61753],[27.61054,50.61895],[27.64637,50.62565],[27.64973,50.62606],[27.65278,50.62595],[27.65439,50.62565],[27.65643,50.62501],[27.65867,50.62384],[27.65987,50.62291],[27.6608,50.62189],[27.6617,50.62012],[27.66189,50.61904],[27.66178,50.61763],[27.65828,50.60688],[27.65788,50.60488],[27.65794,50.60349],[27.65821,50.60227],[27.65984,50.59916],[27.66089,50.59766],[27.66229,50.59628],[27.66829,50.59178],[27.67301,50.58659],[27.67542,50.58486],[27.67802,50.58368],[27.68057,50.5829],[27.68482,50.58206],[27.7662,50.56763],[27.76861,50.56674],[27.79844,50.55286],[27.80091,50.55197],[27.92848,50.51452],[28.02747,50.48527],[28.18157,50.43924],[28.18349,50.43835],[28.3592,50.32993],[28.36031,50.32928],[28.3619,50.3287],[28.47841,50.30695],[28.49919,50.30316],[28.50276,50.30293],[28.50518,50.30303],[28.50743,50.30333],[28.51156,50.30443],[28.51302,50.30505],[28.51431,50.30588],[28.5268,50.31232],[28.5312,50.31412],[28.53481,50.31523],[28.57837,50.32472],[28.58276,50.32544],[28.58593,50.32572],[28.60151,50.32625],[28.60395,50.32606],[28.60861,50.32613],[28.61684,50.32668],[28.64836,50.32773],[28.65218,50.32736],[28.69353,50.31915],[28.69696,50.31853],[28.70005,50.31818],[28.70575,50.31819],[28.73075,50.32028],[28.75421,50.31997],[28.76264,50.31964],[28.76513,50.31926],[28.76867,50.31824],[28.77122,50.31717],[28.77425,50.3153],[28.77572,50.31399],[28.79206,50.29653],[28.79649,50.29264],[28.797,50.29197],[28.79949,50.28993],[28.80162,50.28867],[28.80421,50.2876],[28.80812,50.28665],[28.81105,50.28636],[28.91215,50.28826],[28.91937,50.28936],[28.9225,50.29],[28.92582,50.2912],[28.9284,50.29283],[28.94575,50.30797],[28.94839,50.31075],[28.95055,50.31353],[28.95841,50.32532],[28.96038,50.32711],[28.96254,50.32845],[28.96555,50.32969],[28.96831,50.33038],[29.0332,50.34235],[29.05502,50.34567],[29.05919,50.34574],[29.0624,50.3453],[29.06436,50.34484],[29.08063,50.34023],[29.08279,50.33937],[29.08481,50.33769],[29.09618,50.326],[29.09736,50.32506],[29.09899,50.32408],[29.10167,50.32303],[29.10471,50.32239],[29.10708,50.32221],[29.11069,50.32241],[29.1948,50.33718],[29.36289,50.36542],[29.52663,50.39634],[29.6557,50.42142],[29.65953,50.42213],[29.67143,50.42385],[29.67523,50.42402],[29.7194,50.4233],[29.72311,50.42282],[29.7482,50.41713],[29.75218,50.41654],[29.75689,50.41618],[29.76155,50.41617],[29.83825,50.4186],[29.99003,50.42758],[30.08023,50.4346],[30.19626,50.44388],[30.20738,50.44489],[30.31568,50.45264],[30.35379,50.4551],[30.35429,50.45484],[30.3545,50.45429],[30.3548,50.45405],[30.35656,50.45393],[30.35724,50.45336],[30.35771,50.44748],[30.35996,50.43403],[30.36025,50.43321],[30.36089,50.43221],[30.36735,50.4238],[30.36741,50.42351],[30.36722,50.42326],[30.36658,50.42326],[30.36609,50.42384],[30.36606,50.42414],[30.36652,50.4244],[30.3842,50.42896],[30.3855,50.42891],[30.38634,50.4295],[30.38715,50.42973],[30.41871,50.43785],[30.41893,50.43777],[30.42264,50.4319],[30.42343,50.43106],[30.42439,50.43042],[30.4256,50.42988],[30.4302,50.42858],[30.42897,50.42667],[30.42878,50.42672],[30.42897,50.42667],[30.42657,50.42309],[30.4267,50.42305],[30.43539,50.43653],[30.43229,50.44134],[30.45263,50.44644],[30.45361,50.44644],[30.46075,50.44564],[30.46245,50.44561],[30.46399,50.44577],[30.47275,50.44745],[30.47626,50.44764],[30.48223,50.44684],[30.48484,50.44629],[30.48509,50.44607],[30.48492,50.44589],[30.48174,50.44657],[30.48486,50.45425],[30.47916,50.45519],[30.47964,50.45638],[30.48317,50.45787]]}},{"type":"Feature","properties":{"name":"GraphHopper Track","mode":"ride","distance_km":"13.5"},"geometry":{"type":"LineString","coordinates":[[37.74164,48.06799],[37.73863,48.06788],[37.73831,48.06757],[37.73833,48.06682],[37.73855,48.06658],[37.73889,48.06654],[37.74455,48.06663],[37.74475,48.06648],[37.74505,48.06414],[37.74594,48.06322],[37.74747,48.06255],[37.74807,48.06207],[37.74844,48.06006],[37.76414,48.0613],[37.76569,48.06169],[37.76716,48.06336],[37.76757,48.06424],[37.76773,48.06593],[37.76717,48.06625],[37.76739,48.06677],[37.76823,48.06757],[37.76991,48.06802],[37.77173,48.06929],[37.76896,48.06618],[37.76848,48.06545],[37.76833,48.06486],[37.76857,48.06455],[37.77056,48.06445],[37.77159,48.06399],[37.77617,48.06073],[37.77641,48.06037],[37.77926,48.04375],[37.77908,48.04173],[37.78102,48.03623],[37.78126,48.03622],[37.78109,48.03682],[37.78133,48.03713],[37.78163,48.03716],[37.78259,48.03672],[37.78454,48.03421],[37.78762,48.03223],[37.79862,48.02338],[37.80144,48.01986],[37.80276,48.01692],[37.80287,48.01223],[37.80316,48.01133],[37.80416,48.00997],[37.80431,48.00881],[37.81182,48.00874],[37.81928,48.009],[37.81928,48.00913],[37.81839,48.00915],[37.81835,48.01031],[37.81721,48.01028],[37.81725,48.00968]]}},{"type":"Feature","properties":{"name":"GraphHopper Track","mode":"ride","distance_km":"400.5"},"geometry":{"type":"LineString","coordinates":[[30.51888,50.40483],[30.519,50.40502],[30.51955,50.40489],[30.51945,50.40472],[30.51972,50.40452],[30.51917,50.40358],[30.51882,50.40345],[30.51777,50.40371],[30.51709,50.40407],[30.5179,50.40534],[30.51763,50.40556],[30.5171,50.40545],[30.51554,50.40271],[30.51136,50.39905],[30.51092,50.39828],[30.50993,50.39728],[30.508,50.39447],[30.50591,50.39262],[30.50439,50.39182],[30.49882,50.38958],[30.47417,50.37998],[30.47067,50.37829],[30.44976,50.36461],[30.39841,50.33004],[30.39588,50.32796],[30.39389,50.32599],[30.38183,50.31068],[30.38057,50.30914],[30.37846,50.30704],[30.37468,50.30408],[30.36146,50.29579],[30.35417,50.29091],[30.35305,50.28983],[30.34585,50.28157],[30.33637,50.26481],[30.33503,50.26338],[30.33338,50.26246],[30.33113,50.26178],[30.32993,50.26164],[30.32058,50.26147],[30.31848,50.26125],[30.31612,50.2607],[30.31404,50.25986],[30.31052,50.25797],[30.30818,50.25698],[30.30208,50.25456],[30.28329,50.24771],[30.28151,50.24692],[30.28048,50.24623],[30.27965,50.24541],[30.27803,50.24309],[30.27163,50.23325],[30.27035,50.23157],[30.2689,50.23004],[30.22265,50.19011],[30.21958,50.18707],[30.21862,50.18559],[30.21817,50.18456],[30.21783,50.1832],[30.21779,50.1822],[30.21789,50.18099],[30.21837,50.17901],[30.22308,50.16763],[30.2257,50.16193],[30.2275,50.15921],[30.22827,50.15832],[30.23037,50.1562],[30.23492,50.15209],[30.23646,50.15039],[30.23761,50.14854],[30.23811,50.14707],[30.23818,50.14603],[30.23789,50.14402],[30.23669,50.14103],[30.23462,50.13694],[30.23234,50.13432],[30.23169,50.1331],[30.23146,50.13188],[30.23192,50.12407],[30.23403,50.11559],[30.23421,50.11432],[30.23413,50.11292],[30.23281,50.1076],[30.23386,50.10223],[30.23385,50.09586],[30.23476,50.08902],[30.23474,50.08755],[30.23086,50.07919],[30.2243,50.07036],[30.21862,50.0641],[30.21664,50.06047],[30.21618,50.0585],[30.21647,50.05351],[30.21599,50.03818],[30.2155,50.03262],[30.2151,50.03147],[30.20944,50.02217],[30.20339,50.01146],[30.17713,49.96435],[30.17396,49.96032],[30.17338,49.95925],[30.17324,49.95808],[30.17336,49.95737],[30.17374,49.95654],[30.17463,49.95551],[30.17778,49.953],[30.17988,49.94947],[30.18041,49.948],[30.18162,49.94308],[30.18223,49.94138],[30.18536,49.93633],[30.18794,49.93124],[30.18858,49.92961],[30.18956,49.92614],[30.19052,49.92212],[30.19059,49.92032],[30.19008,49.91847],[30.18358,49.90364],[30.17694,49.88933],[30.16947,49.8727],[30.15888,49.84804],[30.15836,49.84643],[30.1582,49.84506],[30.15828,49.84298],[30.15882,49.84108],[30.16021,49.83861],[30.16125,49.83742],[30.19924,49.80226],[30.20084,49.80004],[30.2015,49.79817],[30.20169,49.79694],[30.19711,49.72197],[30.19558,49.70219],[30.1951,49.69361],[30.19112,49.67369],[30.17383,49.58981],[30.17132,49.51659],[30.17084,49.51422],[30.1547,49.45549],[30.15388,49.45386],[30.15274,49.45216],[30.12236,49.41082],[30.12147,49.40944],[30.1206,49.40711],[30.11587,49.38892],[30.11079,49.37117],[30.10965,49.36764],[30.10886,49.36448],[30.10557,49.32488],[30.10478,49.32071],[30.09196,49.2774],[30.09159,49.27485],[30.09029,49.25592],[30.08974,49.25409],[30.08922,49.25299],[30.08763,49.25051],[30.086,49.24735],[30.08448,49.2435],[30.08368,49.24089],[30.07661,49.20731],[30.07633,49.20524],[30.07632,49.20277],[30.07648,49.20144],[30.08139,49.17552],[30.08654,49.14958],[30.08695,49.14796],[30.08944,49.14092],[30.09,49.13946],[30.09106,49.13764],[30.09259,49.136],[30.09418,49.13479],[30.0961,49.13371],[30.0979,49.13295],[30.13389,49.12371],[30.1373,49.12243],[30.14009,49.12074],[30.14477,49.11658],[30.14651,49.11445],[30.1474,49.11265],[30.14789,49.10983],[30.15109,49.07819],[30.1526,49.06597],[30.1594,49.02073],[30.16367,48.99427],[30.16502,48.98633],[30.16603,48.98355],[30.16708,48.98186],[30.16788,48.98092],[30.1703,48.97878],[30.18628,48.96807],[30.20049,48.96016],[30.20266,48.95872],[30.24285,48.92072],[30.24521,48.91726],[30.24594,48.91553],[30.25937,48.87782],[30.25995,48.87489],[30.26003,48.87071],[30.25989,48.86685],[30.25816,48.85091],[30.25676,48.83581],[30.25546,48.79654],[30.25567,48.79369],[30.25689,48.78617],[30.25855,48.77122],[30.25963,48.76066],[30.25957,48.7576],[30.25767,48.74452],[30.25775,48.7382],[30.25738,48.73471],[30.2571,48.73354],[30.24312,48.68999],[30.24133,48.68391],[30.2409,48.68167],[30.23638,48.62506],[30.22981,48.54959],[30.22812,48.53269],[30.22698,48.5194],[30.22689,48.51596],[30.23696,48.43457],[30.23767,48.4299],[30.24272,48.40154],[30.24535,48.38778],[30.2551,48.33301],[30.26309,48.30333],[30.30145,48.1638],[30.30245,48.16012],[30.30324,48.15588],[30.30345,48.15132],[30.30317,48.14743],[30.29969,48.11375],[30.29958,48.11095],[30.29452,48.0622],[30.29415,48.05708],[30.29428,48.05462],[30.29469,48.05179],[30.30911,47.9881],[30.31003,47.98307],[30.3102,47.98008],[30.31008,47.97584],[30.30854,47.94573],[30.30833,47.93843],[30.30846,47.93624],[30.30887,47.93341],[30.31161,47.92108],[30.31321,47.91563],[30.31368,47.91308],[30.3138,47.9102],[30.31367,47.90777],[30.31333,47.90604],[30.31179,47.90116],[30.30013,47.85732],[30.29968,47.85461],[30.29957,47.85173],[30.29915,47.84895],[30.296,47.83692],[30.29517,47.83472],[30.29361,47.83166],[30.2922,47.82966],[30.27776,47.81333],[30.26828,47.8045],[30.26722,47.80335],[30.26451,47.79957],[30.26354,47.79774],[30.26249,47.79498],[30.26194,47.79158],[30.26183,47.78899],[30.26216,47.78623],[30.2627,47.78413],[30.27267,47.75871],[30.2772,47.7455],[30.27722,47.74489],[30.27454,47.74108],[30.27381,47.74052],[30.20272,47.71699],[30.19604,47.71503],[30.19088,47.71404],[30.08336,47.69919],[30.08039,47.69849],[30.07709,47.69733],[30.0428,47.68273],[30.03957,47.68151],[30.03437,47.6801],[29.96923,47.66631],[29.96607,47.66575],[29.89861,47.6568],[29.85984,47.64978],[29.85723,47.64917],[29.85452,47.64832],[29.85217,47.64736],[29.81717,47.6289],[29.81318,47.62743],[29.80987,47.62659],[29.78372,47.62319],[29.78019,47.62286],[29.7766,47.62283],[29.7734,47.62305],[29.75154,47.62673],[29.74876,47.62744],[29.74285,47.62964],[29.73998,47.63047],[29.73693,47.6311],[29.73471,47.63135],[29.6835,47.6354],[29.68063,47.63539],[29.67697,47.63509],[29.67427,47.63463],[29.66944,47.63324],[29.66697,47.63224],[29.66468,47.63104],[29.62368,47.60789],[29.62152,47.60686],[29.61916,47.60586],[29.58976,47.59518],[29.54272,47.57707],[29.53787,47.5746],[29.53413,47.57217],[29.496,47.54615],[29.48288,47.53614],[29.48065,47.53373],[29.45486,47.50097],[29.44216,47.48873],[29.44102,47.48737],[29.43326,47.47532],[29.43249,47.47432],[29.43086,47.47287],[29.41116,47.4569],[29.40192,47.45128],[29.33474,47.40672]]}},{"type":"Feature","properties":{"name":"GraphHopper Track","mode":"ride","distance_km":"60.6"},"geometry":{"type":"LineString","coordinates":[[28.86198,47.02536],[28.86112,47.02502],[28.85878,47.02721],[28.85533,47.03081],[28.85394,47.03186],[28.84917,47.03419],[28.8466,47.03581],[28.84586,47.03652],[28.8452,47.03755],[28.84418,47.03991],[28.84409,47.04073],[28.84478,47.04211],[28.84872,47.04534],[28.84869,47.04607],[28.85162,47.05435],[28.85403,47.06015],[28.85934,47.07042],[28.86102,47.07601],[28.86323,47.09359],[28.86372,47.1022],[28.86345,47.10506],[28.86186,47.11214],[28.86212,47.11247],[28.8631,47.11292],[28.86444,47.11438],[28.86491,47.11466],[28.9008,47.1266],[28.904,47.12718],[28.91687,47.12856],[28.91978,47.12916],[28.92252,47.13005],[28.92826,47.13291],[28.93926,47.13994],[28.94224,47.14162],[28.94464,47.14266],[28.97435,47.15351],[28.97947,47.1556],[29.13042,47.22716],[29.13607,47.22918],[29.16869,47.23902],[29.17059,47.23957],[29.17122,47.23957],[29.17168,47.23991],[29.1811,47.24273],[29.18555,47.24444],[29.18827,47.24595],[29.19014,47.24726],[29.1917,47.24862],[29.19556,47.25269],[29.19695,47.25436],[29.1987,47.2569],[29.19984,47.25896],[29.2011,47.26232],[29.20173,47.26474],[29.20238,47.27248],[29.2041,47.3015],[29.20462,47.30374],[29.20531,47.30542],[29.20632,47.30718],[29.20801,47.30932],[29.21004,47.31124],[29.30079,47.38391],[29.30364,47.38602],[29.32732,47.40177]]}},{"type":"Feature","properties":{"name":"GraphHopper Track","mode":"ride","distance_km":"614.7"},"geometry":{"type":"LineString","coordinates":[[2.13944,41.37866],[2.13885,41.37934],[2.13861,41.37867],[2.13628,41.38208],[2.13137,41.38053],[2.12935,41.3795],[2.12738,41.38564],[2.12751,41.38787],[2.12823,41.38814],[2.12814,41.38853],[2.09813,41.38099],[2.09557,41.3808],[2.09032,41.3815],[2.08806,41.38133],[2.08599,41.38051],[2.08293,41.37786],[2.08188,41.37732],[2.08037,41.37689],[2.06173,41.37513],[2.05974,41.37481],[2.05345,41.37328],[2.05085,41.3729],[2.04885,41.37286],[2.03893,41.37325],[2.03781,41.37342],[2.03635,41.3739],[2.03526,41.37456],[2.03438,41.37542],[2.0301,41.38083],[2.02914,41.38279],[2.02718,41.38805],[2.02458,41.39236],[2.02328,41.39597],[2.02263,41.39728],[2.02174,41.39862],[2.01821,41.40289],[2.00932,41.41848],[2.00782,41.42154],[2.00695,41.42377],[2.00644,41.42557],[2.00548,41.4305],[2.00478,41.43266],[2.00334,41.43545],[2.00076,41.4393],[1.99953,41.44237],[1.99899,41.44334],[1.99794,41.44463],[1.99622,41.44602],[1.99429,41.44698],[1.9906,41.44819],[1.98859,41.44915],[1.98679,41.45039],[1.98508,41.45206],[1.98341,41.4543],[1.98207,41.45683],[1.98123,41.45917],[1.97994,41.46424],[1.97921,41.46565],[1.97812,41.46695],[1.97638,41.46822],[1.97392,41.46923],[1.97156,41.46964],[1.96779,41.46968],[1.96611,41.46988],[1.9638,41.47051],[1.96116,41.47158],[1.95883,41.47207],[1.95677,41.47214],[1.95519,41.47196],[1.95093,41.47078],[1.94916,41.47052],[1.94758,41.47049],[1.94436,41.47098],[1.94004,41.47261],[1.93815,41.47308],[1.93562,41.47325],[1.93364,41.47303],[1.93,41.47207],[1.92665,41.47149],[1.92477,41.47095],[1.92273,41.46995],[1.91967,41.46778],[1.91848,41.46715],[1.91635,41.46636],[1.91273,41.46543],[1.90861,41.46358],[1.90137,41.46195],[1.89692,41.46041],[1.89306,41.45936],[1.89115,41.45866],[1.88848,41.45717],[1.88557,41.45483],[1.88438,41.45407],[1.88065,41.45223],[1.87909,41.45127],[1.87643,41.44886],[1.87452,41.4476],[1.87209,41.44647],[1.8702,41.4459],[1.86822,41.44554],[1.86265,41.44534],[1.86058,41.44507],[1.85453,41.44339],[1.84864,41.44247],[1.84566,41.44145],[1.84335,41.44003],[1.84167,41.43835],[1.84065,41.43666],[1.83945,41.43326],[1.83858,41.43193],[1.83744,41.43065],[1.83475,41.42834],[1.83267,41.42683],[1.83037,41.42544],[1.82797,41.42436],[1.82416,41.42328],[1.82092,41.42275],[1.81352,41.42192],[1.8059,41.42023],[1.79767,41.41938],[1.7947,41.41853],[1.79174,41.41702],[1.78825,41.4143],[1.78355,41.41165],[1.78132,41.4097],[1.78032,41.40838],[1.77947,41.40677],[1.77859,41.40313],[1.77771,41.40099],[1.77613,41.39891],[1.77418,41.39728],[1.77191,41.39601],[1.76783,41.39455],[1.76512,41.39329],[1.76327,41.39209],[1.76,41.38944],[1.75718,41.38792],[1.75552,41.38734],[1.75354,41.38688],[1.74753,41.38635],[1.74467,41.38566],[1.74268,41.38485],[1.74132,41.38411],[1.73995,41.38314],[1.73865,41.38193],[1.73727,41.38009],[1.73567,41.37663],[1.73444,41.37489],[1.73293,41.37345],[1.72899,41.37065],[1.72769,41.36927],[1.72678,41.36803],[1.72612,41.36672],[1.72566,41.36521],[1.7255,41.36366],[1.72549,41.36069],[1.72527,41.35957],[1.72465,41.3579],[1.7234,41.35599],[1.71989,41.35244],[1.71897,41.35107],[1.71829,41.34954],[1.71787,41.3475],[1.71797,41.34405],[1.71782,41.34211],[1.71739,41.3403],[1.71662,41.3384],[1.71517,41.33605],[1.71348,41.33415],[1.7116,41.33255],[1.7092,41.33106],[1.70685,41.33011],[1.70374,41.32943],[1.70086,41.32928],[1.69665,41.32967],[1.6937,41.32968],[1.69078,41.32922],[1.686,41.32789],[1.68277,41.32757],[1.68013,41.32771],[1.67797,41.32812],[1.67268,41.33006],[1.67036,41.33064],[1.66793,41.33091],[1.66569,41.33088],[1.66314,41.33062],[1.65832,41.32967],[1.65547,41.32894],[1.65122,41.32751],[1.64562,41.32502],[1.64289,41.32335],[1.64095,41.32154],[1.63862,41.31813],[1.63773,41.31715],[1.63514,41.31517],[1.63302,41.31413],[1.62831,41.31275],[1.62562,41.3116],[1.62357,41.31034],[1.62023,41.30736],[1.61748,41.30577],[1.61489,41.30491],[1.60923,41.3036],[1.6067,41.30257],[1.60441,41.30125],[1.60269,41.29991],[1.60102,41.29814],[1.60022,41.29704],[1.5986,41.29412],[1.59757,41.29275],[1.59636,41.29157],[1.59452,41.29026],[1.59292,41.28945],[1.59046,41.28859],[1.58527,41.28774],[1.58288,41.28712],[1.57995,41.2858],[1.57725,41.284],[1.57485,41.28273],[1.56871,41.28088],[1.56648,41.28003],[1.56404,41.27884],[1.56212,41.27768],[1.5597,41.27587],[1.55578,41.27232],[1.55408,41.27124],[1.55252,41.27054],[1.54432,41.26827],[1.54262,41.26801],[1.54051,41.26801],[1.53644,41.26877],[1.53281,41.26984],[1.52211,41.27425],[1.51329,41.2766],[1.51033,41.27755],[1.50788,41.27857],[1.50199,41.28156],[1.49897,41.28285],[1.4944,41.28423],[1.49086,41.28493],[1.48651,41.28539],[1.48227,41.2854],[1.47881,41.28513],[1.4714,41.284],[1.46889,41.28389],[1.46625,41.28405],[1.46107,41.28489],[1.45893,41.28509],[1.45093,41.28487],[1.44902,41.28498],[1.44544,41.28551],[1.44357,41.286],[1.44025,41.28726],[1.4372,41.28869],[1.43414,41.28973],[1.43248,41.29006],[1.42985,41.29026],[1.42717,41.29011],[1.42537,41.28979],[1.42006,41.2881],[1.41696,41.28742],[1.41435,41.28719],[1.41082,41.28734],[1.4079,41.28788],[1.40281,41.28934],[1.39573,41.29031],[1.39231,41.29115],[1.39051,41.29181],[1.38805,41.293],[1.38352,41.29595],[1.38209,41.2967],[1.37975,41.29752],[1.37785,41.29789],[1.37445,41.29796],[1.37185,41.2975],[1.36917,41.29651],[1.36647,41.29498],[1.36483,41.29426],[1.36383,41.29389],[1.36142,41.29338],[1.35907,41.29329],[1.35706,41.29346],[1.35568,41.29376],[1.35323,41.29465],[1.35139,41.29573],[1.35029,41.29663],[1.34919,41.29784],[1.34855,41.29888],[1.34674,41.30304],[1.34597,41.30423],[1.34478,41.30562],[1.34339,41.30689],[1.33878,41.31045],[1.33583,41.31389],[1.33351,41.31734],[1.33202,41.31905],[1.32739,41.32371],[1.32637,41.32508],[1.32496,41.32745],[1.32403,41.32978],[1.32314,41.33347],[1.32232,41.33988],[1.32129,41.34299],[1.32066,41.34441],[1.31864,41.34745],[1.31378,41.3532],[1.3122,41.35564],[1.30992,41.35969],[1.30769,41.36285],[1.30525,41.36543],[1.30059,41.36988],[1.2989,41.37202],[1.29713,41.37514],[1.29485,41.381],[1.29355,41.38292],[1.29125,41.38514],[1.28931,41.38636],[1.28738,41.38724],[1.282,41.38918],[1.276,41.3927],[1.27443,41.39332],[1.27212,41.39389],[1.26947,41.3941],[1.2673,41.39392],[1.26171,41.39259],[1.25701,41.39181],[1.25233,41.39186],[1.24399,41.39242],[1.24158,41.39231],[1.23268,41.39135],[1.22522,41.39167],[1.22109,41.39156],[1.21839,41.39119],[1.21401,41.39008],[1.20944,41.38869],[1.20556,41.38804],[1.20239,41.38788],[1.1962,41.38817],[1.19262,41.38812],[1.18889,41.38773],[1.18245,41.38673],[1.17853,41.38673],[1.17639,41.38699],[1.17285,41.38786],[1.16935,41.38938],[1.1667,41.39109],[1.16193,41.39557],[1.15939,41.39766],[1.15688,41.39928],[1.15326,41.4011],[1.14872,41.40265],[1.14436,41.40356],[1.13718,41.40416],[1.13412,41.40456],[1.13139,41.40517],[1.12533,41.40713],[1.12391,41.40742],[1.12058,41.40751],[1.11577,41.40679],[1.11312,41.40674],[1.11086,41.40705],[1.10529,41.40843],[1.10293,41.40859],[1.09651,41.4083],[1.09039,41.40918],[1.08826,41.4093],[1.0849,41.40921],[1.08251,41.40938],[1.07525,41.41125],[1.07255,41.41147],[1.0694,41.41124],[1.06295,41.40979],[1.05949,41.40965],[1.05596,41.41016],[1.05011,41.41193],[1.04555,41.41248],[1.04201,41.4123],[1.03278,41.41058],[1.02999,41.41043],[1.02655,41.41057],[1.02356,41.41102],[1.01783,41.41229],[1.00994,41.41331],[1.00786,41.41382],[1.00316,41.41531],[1.00057,41.41581],[0.99743,41.41595],[0.9913,41.41537],[0.98818,41.41541],[0.98468,41.41611],[0.98014,41.41788],[0.97794,41.41844],[0.97513,41.41869],[0.9703,41.41849],[0.96737,41.41887],[0.96539,41.41949],[0.96127,41.42139],[0.95947,41.42202],[0.95695,41.42254],[0.95256,41.42304],[0.94985,41.42371],[0.94739,41.42475],[0.94359,41.42719],[0.94166,41.42818],[0.93907,41.42903],[0.93389,41.43012],[0.93063,41.43127],[0.92756,41.43301],[0.92499,41.43522],[0.92392,41.43649],[0.92098,41.44078],[0.91983,41.4418],[0.91848,41.44269],[0.91707,41.44341],[0.91538,41.44401],[0.90899,41.44493],[0.90726,41.44531],[0.90579,41.44584],[0.90395,41.44684],[0.90213,41.44834],[0.89913,41.45197],[0.89497,41.45536],[0.89405,41.45636],[0.89341,41.45727],[0.89291,41.45839],[0.89167,41.46209],[0.89058,41.46415],[0.8868,41.46892],[0.88447,41.47371],[0.8834,41.47526],[0.88243,41.4763],[0.8797,41.47819],[0.87448,41.48073],[0.87191,41.48236],[0.86899,41.48494],[0.86508,41.48913],[0.86257,41.49128],[0.85996,41.4931],[0.8519,41.49787],[0.84937,41.49981],[0.84343,41.50518],[0.83941,41.50786],[0.83587,41.50966],[0.833,41.51082],[0.82948,41.51195],[0.82298,41.51318],[0.82046,41.51342],[0.81138,41.51364],[0.80486,41.51455],[0.80123,41.51471],[0.79741,41.51439],[0.79401,41.51365],[0.79173,41.51288],[0.78623,41.51034],[0.7831,41.50909],[0.77952,41.508],[0.77477,41.50705],[0.76953,41.50657],[0.76542,41.50661],[0.76074,41.5071],[0.75624,41.50803],[0.75413,41.50863],[0.75038,41.51002],[0.74522,41.51263],[0.74224,41.51469],[0.73633,41.51971],[0.73418,41.5213],[0.73038,41.52357],[0.72842,41.52451],[0.71918,41.52803],[0.71473,41.53032],[0.71089,41.53303],[0.70544,41.53778],[0.70187,41.54004],[0.69999,41.5409],[0.69647,41.54211],[0.69213,41.54297],[0.68847,41.54317],[0.6849,41.54297],[0.68089,41.54229],[0.67467,41.5404],[0.67291,41.54003],[0.66924,41.53964],[0.66527,41.53953],[0.66309,41.5393],[0.6574,41.538],[0.65548,41.53771],[0.65165,41.53778],[0.64973,41.53809],[0.64811,41.53855],[0.64102,41.54164],[0.6346,41.54344],[0.63228,41.54432],[0.62904,41.54599],[0.62432,41.54904],[0.62207,41.55031],[0.61768,41.55224],[0.61342,41.55354],[0.60912,41.55437],[0.6068,41.55465],[0.60264,41.55481],[0.59781,41.55451],[0.59508,41.55409],[0.59266,41.55359],[0.58795,41.55217],[0.58454,41.55069],[0.57793,41.54694],[0.57354,41.54467],[0.56844,41.54298],[0.56433,41.54223],[0.56173,41.54199],[0.55053,41.54153],[0.54546,41.54091],[0.53571,41.53935],[0.53081,41.53892],[0.52692,41.53882],[0.52244,41.53896],[0.51833,41.53936],[0.50475,41.54166],[0.49909,41.54241],[0.49584,41.54261],[0.49278,41.54258],[0.49012,41.54236],[0.48765,41.54196],[0.48424,41.54106],[0.48143,41.53995],[0.47853,41.53838],[0.47686,41.53726],[0.47468,41.53535],[0.47348,41.53402],[0.46763,41.52564],[0.46591,41.5239],[0.46369,41.52226],[0.46198,41.52132],[0.45934,41.52027],[0.45339,41.51885],[0.45051,41.51788],[0.44838,41.51685],[0.44443,41.51453],[0.44191,41.51345],[0.43965,41.51279],[0.43237,41.5114],[0.42679,41.50938],[0.42468,41.5088],[0.41629,41.50774],[0.41341,41.50711],[0.41147,41.50651],[0.40891,41.50549],[0.40559,41.50363],[0.4037,41.50228],[0.40146,41.50034],[0.39929,41.49885],[0.39682,41.49763],[0.39398,41.49671],[0.39054,41.49614],[0.38264,41.49578],[0.38033,41.49537],[0.37336,41.49356],[0.37107,41.49334],[0.36644,41.49323],[0.36429,41.49298],[0.35684,41.4911],[0.35449,41.49093],[0.3484,41.4912],[0.34396,41.49105],[0.34036,41.49059],[0.33578,41.48942],[0.33177,41.48801],[0.33029,41.48733],[0.32577,41.48425],[0.32348,41.48333],[0.31967,41.48217],[0.31814,41.48142],[0.31673,41.48049],[0.31551,41.4794],[0.31481,41.47854],[0.31292,41.47545],[0.31191,41.47426],[0.31042,41.47308],[0.30731,41.47115],[0.30489,41.46925],[0.3034,41.46838],[0.30157,41.46764],[0.30003,41.46722],[0.29723,41.4668],[0.29276,41.46577],[0.29005,41.46543],[0.28558,41.46537],[0.2797,41.4643],[0.27755,41.46424],[0.27549,41.46444],[0.27396,41.4648],[0.26692,41.46762],[0.26532,41.46811],[0.26079,41.46893],[0.2559,41.46907],[0.24639,41.46793],[0.23958,41.4676],[0.23327,41.46795],[0.23045,41.46831],[0.2259,41.46918],[0.22119,41.47046],[0.21819,41.47153],[0.21165,41.47434],[0.20631,41.47624],[0.20157,41.47734],[0.19492,41.4783],[0.1905,41.47937],[0.18831,41.48019],[0.18045,41.4844],[0.17783,41.48554],[0.17356,41.48699],[0.16912,41.48801],[0.16449,41.48858],[0.1575,41.48889],[0.15484,41.48932],[0.15216,41.49011],[0.14982,41.49114],[0.14355,41.49514],[0.14026,41.49633],[0.13859,41.4967],[0.13644,41.49687],[0.134,41.49682],[0.12725,41.49579],[0.1255,41.49576],[0.12208,41.49615],[0.12003,41.49666],[0.11807,41.49755],[0.1162,41.4987],[0.11184,41.50243],[0.10956,41.50366],[0.1069,41.50447],[0.10275,41.50494],[0.10015,41.50555],[0.09834,41.5063],[0.09465,41.5084],[0.08959,41.51017],[0.0874,41.5112],[0.08607,41.512],[0.08476,41.51306],[0.08024,41.51842],[0.07862,41.51986],[0.07616,41.52154],[0.07358,41.52285],[0.07147,41.5237],[0.06935,41.52435],[0.06463,41.5252],[0.06111,41.52537],[0.05737,41.52516],[0.05471,41.52477],[0.05034,41.52349],[0.0465,41.5218],[0.04223,41.5194],[0.03581,41.51427],[0.03437,41.51321],[0.03306,41.51253],[0.03068,41.51148],[0.02843,41.51083],[0.02466,41.51023],[0.02286,41.51018],[0.01878,41.51058],[0.01205,41.51242],[0.00788,41.5129],[0.00554,41.51288],[0.00305,41.51262],[0.00134,41.51228],[-0.004,41.51076],[-0.00616,41.51036],[-0.00994,41.51017],[-0.01303,41.51043],[-0.01442,41.51071],[-0.01647,41.51124],[-0.01977,41.51238],[-0.02453,41.51346],[-0.02919,41.51378],[-0.03794,41.51309],[-0.04165,41.51311],[-0.04405,41.5133],[-0.05004,41.51448],[-0.05414,41.51481],[-0.05788,41.51452],[-0.06607,41.51274],[-0.06837,41.5126],[-0.0703,41.51272],[-0.07357,41.51326],[-0.07651,41.5143],[-0.08182,41.5171],[-0.08335,41.51763],[-0.08658,41.51831],[-0.09052,41.51839],[-0.09556,41.51787],[-0.09858,41.51789],[-0.1022,41.51845],[-0.10685,41.51953],[-0.11285,41.51999],[-0.1155,41.51985],[-0.11781,41.51952],[-0.12594,41.51753],[-0.13226,41.51649],[-0.13765,41.51635],[-0.14162,41.51663],[-0.14416,41.51698],[-0.14959,41.51827],[-0.15338,41.51962],[-0.15998,41.52231],[-0.16441,41.52362],[-0.1705,41.52458],[-0.18115,41.52501],[-0.19084,41.52615],[-0.19511,41.52614],[-0.19784,41.52582],[-0.19938,41.52547],[-0.20306,41.5244],[-0.20712,41.52262],[-0.21104,41.52063],[-0.21417,41.51942],[-0.2164,41.51875],[-0.21873,41.51817],[-0.22181,41.51771],[-0.22421,41.51745],[-0.22663,41.51742],[-0.23021,41.51763],[-0.2416,41.51922],[-0.24686,41.51949],[-0.25215,41.51931],[-0.2598,41.51861],[-0.26355,41.51863],[-0.26905,41.51916],[-0.27344,41.51927],[-0.27767,41.51876],[-0.28345,41.5178],[-0.28546,41.51768],[-0.28818,41.51771],[-0.29499,41.5182],[-0.30146,41.5179],[-0.30534,41.51799],[-0.30836,41.5184],[-0.31257,41.51951],[-0.32125,41.52333],[-0.32592,41.52504],[-0.32902,41.52594],[-0.33528,41.52721],[-0.33904,41.52766],[-0.34305,41.52793],[-0.34754,41.5279],[-0.35187,41.52755],[-0.35738,41.52664],[-0.36053,41.5259],[-0.36427,41.52479],[-0.37152,41.52218],[-0.37344,41.52168],[-0.37694,41.52116],[-0.38042,41.5212],[-0.38342,41.52169],[-0.38523,41.52212],[-0.39163,41.52432],[-0.39932,41.52571],[-0.40684,41.52811],[-0.41118,41.52863],[-0.41483,41.52846],[-0.41813,41.52781],[-0.42081,41.52688],[-0.42522,41.52465],[-0.42768,41.52362],[-0.43098,41.52276],[-0.43404,41.52242],[-0.43771,41.52254],[-0.44333,41.52349],[-0.44592,41.52378],[-0.45318,41.52389],[-0.45534,41.52405],[-0.45838,41.52454],[-0.46407,41.52595],[-0.46788,41.5264],[-0.47135,41.5262],[-0.47356,41.52584],[-0.48149,41.52354],[-0.48444,41.52302],[-0.48756,41.52283],[-0.49123,41.52295],[-0.495,41.52354],[-0.49901,41.52477],[-0.50057,41.52541],[-0.50288,41.52663],[-0.50993,41.53165],[-0.51433,41.5341],[-0.51918,41.53602],[-0.52744,41.53819],[-0.52982,41.53899],[-0.53212,41.54001],[-0.53718,41.54283],[-0.54098,41.54425],[-0.54522,41.54498],[-0.54956,41.54492],[-0.55359,41.54415],[-0.55938,41.54202],[-0.5635,41.54109],[-0.568,41.54092],[-0.57027,41.54116],[-0.57223,41.54157],[-0.57589,41.54286],[-0.5812,41.54548],[-0.58762,41.54765],[-0.58978,41.54872],[-0.59676,41.55284],[-0.59849,41.55358],[-0.60231,41.55485],[-0.61109,41.55742],[-0.61616,41.55967],[-0.61939,41.56139],[-0.62207,41.56306],[-0.62819,41.56754],[-0.63112,41.56894],[-0.63429,41.56976],[-0.63655,41.56999],[-0.64399,41.56959],[-0.64661,41.56975],[-0.6496,41.57028],[-0.65308,41.57148],[-0.65553,41.57279],[-0.65769,41.57441],[-0.65877,41.57548],[-0.66255,41.57994],[-0.66467,41.58174],[-0.66695,41.58325],[-0.67108,41.58524],[-0.67297,41.58584],[-0.67947,41.58736],[-0.68143,41.58803],[-0.68402,41.58932],[-0.68684,41.59136],[-0.6884,41.59304],[-0.68976,41.5952],[-0.69014,41.59607],[-0.69173,41.60182],[-0.69311,41.60504],[-0.69852,41.61431],[-0.69989,41.61578],[-0.7016,41.6166],[-0.70597,41.61772],[-0.7088,41.6188],[-0.71499,41.62244],[-0.71718,41.62345],[-0.71981,41.62435],[-0.72412,41.62548],[-0.72695,41.62657],[-0.72854,41.62738],[-0.73202,41.62977],[-0.73412,41.63101],[-0.74151,41.63375],[-0.74925,41.63779],[-0.75596,41.6409],[-0.75936,41.64297],[-0.76228,41.64534],[-0.76426,41.64742],[-0.76748,41.65183],[-0.76872,41.65308],[-0.77029,41.65419],[-0.77266,41.65528],[-0.79431,41.66293],[-0.79845,41.664],[-0.80598,41.66544],[-0.81354,41.66775],[-0.81632,41.66895],[-0.82052,41.67173],[-0.82272,41.67287],[-0.82669,41.67428],[-0.83051,41.67508],[-0.85392,41.67895],[-0.8591,41.67965],[-0.86403,41.67981],[-0.89343,41.67999],[-0.89662,41.68021],[-0.91179,41.6819],[-0.91435,41.68187],[-0.91764,41.68145],[-0.92231,41.6803],[-0.9241,41.67962],[-0.92529,41.67895],[-0.92715,41.67732],[-0.9288,41.67499],[-0.93026,41.67348],[-0.93983,41.66428],[-0.94283,41.66243],[-0.94911,41.65982],[-0.9507,41.65903],[-0.95482,41.65646],[-0.95872,41.6532],[-0.96963,41.64347],[-0.97127,41.64168],[-0.97396,41.6377],[-0.9753,41.63629],[-0.97683,41.63504],[-0.97961,41.63346],[-0.98348,41.63213],[-1.00945,41.625],[-1.0262,41.62131],[-1.0279,41.62069],[-1.0325,41.61847],[-1.03484,41.61766],[-1.03785,41.61747],[-1.04804,41.61878],[-1.0495,41.61877],[-1.05129,41.61852],[-1.05944,41.61615],[-1.06966,41.61109],[-1.07102,41.61029],[-1.07334,41.60837],[-1.07715,41.60389],[-1.08248,41.59823],[-1.08359,41.59622],[-1.0843,41.59252],[-1.08516,41.59099],[-1.08595,41.59016],[-1.08756,41.58904],[-1.09001,41.58816],[-1.09305,41.58772],[-1.09839,41.58723],[-1.10011,41.58688],[-1.10253,41.58592],[-1.10498,41.58444],[-1.10629,41.58297],[-1.11225,41.57359],[-1.11316,41.57254],[-1.11466,41.57145],[-1.11901,41.56971],[-1.12089,41.56843],[-1.12157,41.56771],[-1.1301,41.5558],[-1.13138,41.55429],[-1.1333,41.55273],[-1.13758,41.55026],[-1.1399,41.54807],[-1.14189,41.54541],[-1.14301,41.54458],[-1.14414,41.54404],[-1.14598,41.54354],[-1.14809,41.54342],[-1.14984,41.54368],[-1.15153,41.54428],[-1.15282,41.54509],[-1.15544,41.54777],[-1.1566,41.54864],[-1.174,41.55864],[-1.17552,41.55933],[-1.17743,41.55996],[-1.18037,41.56043],[-1.1828,41.56047],[-1.1849,41.56022],[-1.18771,41.55945],[-1.20157,41.5541],[-1.20944,41.55172],[-1.2112,41.55078],[-1.21358,41.54892],[-1.21541,41.54791],[-1.22492,41.54478],[-1.23561,41.5401],[-1.23928,41.53827],[-1.24917,41.53452],[-1.28563,41.51812],[-1.28774,41.51741],[-1.29724,41.51515],[-1.29986,41.51427],[-1.32432,41.50129],[-1.34431,41.4941],[-1.3572,41.49096],[-1.36624,41.48913],[-1.37063,41.48755],[-1.38298,41.4848],[-1.39324,41.48132],[-1.40261,41.4791],[-1.40461,41.47884],[-1.40687,41.47886],[-1.41128,41.47936],[-1.41457,41.48012],[-1.41784,41.48129],[-1.42031,41.48249],[-1.42353,41.48458],[-1.42441,41.48542],[-1.42593,41.48758],[-1.42693,41.48833],[-1.42814,41.48889],[-1.43012,41.4892],[-1.43221,41.48911],[-1.43427,41.48865],[-1.4358,41.48804],[-1.44256,41.48463],[-1.44408,41.48365],[-1.4448,41.48293],[-1.44551,41.48182],[-1.44627,41.47921],[-1.44681,41.47842],[-1.4476,41.4777],[-1.4494,41.47685],[-1.4527,41.47633],[-1.45421,41.47578],[-1.45551,41.47489],[-1.45714,41.47289],[-1.45826,41.47199],[-1.45916,41.47154],[-1.46294,41.47028],[-1.46469,41.46901],[-1.46531,41.46808],[-1.4662,41.46617],[-1.46881,41.46268],[-1.46941,41.46093],[-1.46923,41.45881],[-1.46814,41.4565],[-1.46781,41.45523],[-1.46786,41.45384],[-1.46845,41.45224],[-1.46952,41.4509],[-1.47088,41.44983],[-1.47274,41.44898],[-1.47588,41.44815],[-1.47705,41.44764],[-1.4784,41.44679],[-1.47959,41.44562],[-1.48036,41.4444],[-1.48076,41.44302],[-1.48081,41.44213],[-1.48047,41.43941],[-1.48062,41.43853],[-1.48103,41.43767],[-1.48209,41.43664],[-1.48851,41.43252],[-1.48929,41.43186],[-1.48978,41.43118],[-1.49041,41.42919],[-1.49106,41.4278],[-1.49423,41.42399],[-1.49823,41.41662],[-1.4991,41.41563],[-1.50001,41.41506],[-1.50122,41.4146],[-1.51027,41.41226],[-1.51245,41.41241],[-1.52148,41.41416],[-1.5234,41.41396],[-1.52517,41.41326],[-1.52633,41.41231],[-1.52717,41.41078],[-1.5272,41.40918],[-1.52611,41.40699],[-1.5259,41.40589],[-1.52602,41.40499],[-1.5264,41.40413],[-1.52782,41.40279],[-1.52947,41.40207],[-1.53102,41.40185],[-1.5326,41.40199],[-1.53474,41.40255],[-1.53662,41.40279],[-1.5387,41.4027],[-1.54121,41.4021],[-1.54283,41.40135],[-1.54467,41.39994],[-1.54562,41.39865],[-1.54626,41.39716],[-1.54697,41.39607],[-1.54863,41.39473],[-1.5503,41.39403],[-1.55287,41.39345],[-1.55586,41.39235],[-1.55925,41.39176],[-1.56084,41.39133],[-1.56315,41.39023],[-1.56596,41.38814],[-1.57095,41.38264],[-1.57156,41.38162],[-1.57188,41.38068],[-1.57224,41.37684],[-1.57261,41.37561],[-1.57317,41.37447],[-1.57418,41.37309],[-1.57724,41.36992],[-1.58033,41.36714],[-1.58292,41.36558],[-1.58632,41.36419],[-1.59629,41.36201],[-1.59903,41.36114],[-1.6042,41.35916],[-1.61035,41.35757],[-1.61357,41.35614],[-1.61542,41.35485],[-1.61859,41.35186],[-1.62022,41.35062],[-1.62157,41.34989],[-1.62553,41.34828],[-1.62821,41.34655],[-1.62927,41.34549],[-1.63009,41.34434],[-1.63213,41.33984],[-1.63377,41.33776],[-1.63622,41.3359],[-1.63914,41.33454],[-1.64155,41.33408],[-1.64768,41.33388],[-1.65069,41.33334],[-1.65258,41.33267],[-1.65735,41.33036],[-1.65885,41.32998],[-1.66306,41.32944],[-1.66459,41.32898],[-1.66609,41.32818],[-1.66943,41.32544],[-1.67175,41.32434],[-1.69232,41.31883],[-1.71528,41.31215],[-1.72805,41.30884],[-1.73225,41.30818],[-1.75582,41.30862],[-1.75923,41.30903],[-1.7625,41.3102],[-1.78125,41.31938],[-1.78278,41.31969],[-1.78677,41.3198],[-1.79047,41.32089],[-1.79199,41.32092],[-1.79377,41.32054],[-1.79627,41.31916],[-1.79805,41.3186],[-1.80163,41.31859],[-1.80352,41.3183],[-1.80485,41.31778],[-1.80719,41.31632],[-1.80798,41.31599],[-1.8099,41.31556],[-1.81156,41.31549],[-1.81293,41.31567],[-1.81679,41.31669],[-1.8205,41.31642],[-1.82309,41.3167],[-1.82464,41.31726],[-1.82861,41.31976],[-1.82984,41.32036],[-1.83122,41.3207],[-1.83482,41.32084],[-1.83844,41.32195],[-1.83978,41.32204],[-1.84104,41.32189],[-1.84223,41.32154],[-1.84439,41.32049],[-1.8463,41.31982],[-1.84843,41.3194],[-1.85068,41.3193],[-1.85168,41.31944],[-1.85301,41.31989],[-1.85525,41.32143],[-1.85649,41.32202],[-1.85757,41.32229],[-1.86019,41.3225],[-1.86345,41.32339],[-1.8648,41.32347],[-1.86725,41.32316],[-1.87159,41.32297],[-1.88111,41.32138],[-1.88456,41.32023],[-1.88918,41.31781],[-1.89182,41.31711],[-1.89367,41.31699],[-1.8959,41.31722],[-1.90027,41.31859],[-1.90209,41.31893],[-1.90443,41.31905],[-1.90578,41.31885],[-1.90756,41.3181],[-1.90878,41.31701],[-1.90946,41.3156],[-1.90935,41.31291],[-1.90965,41.31183],[-1.91067,41.31054],[-1.91235,41.30959],[-1.91391,41.30924],[-1.91502,41.30922],[-1.9188,41.31009],[-1.91999,41.31016],[-1.92152,41.30998],[-1.924,41.30922],[-1.92708,41.30739],[-1.92849,41.30684],[-1.93001,41.30662],[-1.93302,41.30677],[-1.93458,41.30661],[-1.93602,41.30621],[-1.94027,41.30429],[-1.94164,41.30387],[-1.95157,41.30271],[-1.95333,41.30271],[-1.95514,41.30294],[-1.96787,41.3055],[-1.96994,41.30537],[-1.97254,41.30481],[-1.97423,41.30481],[-1.98951,41.30764],[-1.9919,41.30833],[-2.00876,41.31475],[-2.01748,41.31751],[-2.021,41.31804],[-2.0229,41.31804],[-2.02508,41.31782],[-2.036,41.31556],[-2.03816,41.3153],[-2.04029,41.31545],[-2.04175,41.31581],[-2.04535,41.31751],[-2.04694,41.318],[-2.04875,41.31823],[-2.05834,41.31861],[-2.06103,41.31803],[-2.0669,41.3156],[-2.07039,41.31401],[-2.07457,41.31153],[-2.0761,41.31092],[-2.07782,41.31049],[-2.09808,41.30967],[-2.10589,41.30884],[-2.11631,41.30995],[-2.11775,41.30996],[-2.12018,41.30961],[-2.12446,41.30801],[-2.12787,41.3072],[-2.13041,41.30694],[-2.13485,41.30695],[-2.13638,41.30679],[-2.13865,41.30617],[-2.14077,41.30506],[-2.14216,41.30389],[-2.14454,41.30085],[-2.14661,41.29949],[-2.14838,41.29886],[-2.15679,41.29748],[-2.16055,41.29637],[-2.16405,41.29447],[-2.16654,41.2926],[-2.16894,41.29046],[-2.17158,41.28769],[-2.17265,41.28635],[-2.17369,41.28463],[-2.17483,41.28093],[-2.17531,41.27771],[-2.17627,41.27412],[-2.17679,41.27251],[-2.17738,41.27142],[-2.17951,41.26929],[-2.19154,41.25894],[-2.19344,41.25755],[-2.19624,41.25611],[-2.20721,41.25176],[-2.21302,41.24969],[-2.22641,41.24356],[-2.22846,41.24235],[-2.23333,41.23868],[-2.24259,41.2324],[-2.24483,41.23107],[-2.25716,41.22541],[-2.2592,41.22476],[-2.26641,41.22156],[-2.26914,41.22074],[-2.27254,41.22021],[-2.27574,41.22017],[-2.28004,41.22056],[-2.28222,41.22045],[-2.28491,41.21982],[-2.28645,41.21917],[-2.28788,41.21831],[-2.28904,41.21733],[-2.29009,41.21605],[-2.29072,41.21492],[-2.29121,41.21338],[-2.29113,41.21049],[-2.2913,41.20912],[-2.29233,41.2072],[-2.29394,41.20576],[-2.29614,41.20467],[-2.30325,41.20247],[-2.3048,41.2023],[-2.30893,41.20243],[-2.31027,41.20224],[-2.31405,41.20114],[-2.31551,41.20091],[-2.31737,41.20085],[-2.31908,41.20103],[-2.3233,41.20198],[-2.32506,41.20207],[-2.32859,41.20192],[-2.33284,41.20242],[-2.33497,41.20227],[-2.33783,41.20149],[-2.33999,41.20118],[-2.34262,41.20139],[-2.3456,41.20228],[-2.34796,41.20262],[-2.34964,41.20255],[-2.35278,41.20207],[-2.35505,41.20205],[-2.35664,41.20227],[-2.3585,41.2028],[-2.36248,41.20472],[-2.36467,41.205],[-2.3668,41.20461],[-2.36934,41.20333],[-2.37067,41.20298],[-2.37227,41.20293],[-2.37518,41.20321],[-2.37689,41.20297],[-2.37843,41.20234],[-2.38107,41.20068],[-2.38344,41.19987],[-2.38549,41.19967],[-2.38853,41.19989],[-2.39027,41.19985],[-2.39198,41.19954],[-2.39345,41.19901],[-2.39565,41.1976],[-2.39719,41.19588],[-2.39806,41.19514],[-2.40035,41.19379],[-2.40129,41.19304],[-2.40233,41.1917],[-2.40275,41.19049],[-2.40277,41.18891],[-2.40238,41.18777],[-2.39993,41.18314],[-2.39889,41.18167],[-2.39835,41.18055],[-2.39824,41.17986],[-2.39835,41.17889],[-2.39896,41.17771],[-2.40017,41.17664],[-2.40122,41.17612],[-2.41316,41.17256],[-2.41457,41.17177],[-2.41562,41.17089],[-2.41673,41.16929],[-2.41735,41.16747],[-2.41771,41.16503],[-2.4176,41.16013],[-2.4178,41.1594],[-2.41829,41.15848],[-2.41947,41.15732],[-2.42413,41.15458],[-2.42536,41.15332],[-2.4276,41.14893],[-2.42835,41.14602],[-2.42862,41.14534],[-2.42937,41.14429],[-2.43078,41.14314],[-2.43389,41.14139],[-2.43574,41.13941],[-2.43649,41.13885],[-2.43958,41.13716],[-2.44613,41.13023],[-2.44702,41.12851],[-2.44728,41.12693],[-2.44709,41.12563],[-2.44642,41.12415],[-2.44425,41.12141],[-2.44334,41.11957],[-2.44284,41.11754],[-2.44288,41.11562],[-2.44348,41.11374],[-2.44448,41.11234],[-2.44566,41.11134],[-2.44882,41.1093],[-2.44989,41.10809],[-2.45033,41.10721],[-2.45075,41.10566],[-2.45067,41.10433],[-2.45023,41.10234],[-2.45024,41.1012],[-2.45086,41.09807],[-2.45073,41.09714],[-2.45035,41.09607],[-2.44555,41.0882],[-2.44429,41.08538],[-2.44392,41.08272],[-2.44408,41.07467],[-2.44382,41.0731],[-2.44291,41.06991],[-2.44279,41.06801],[-2.44299,41.06653],[-2.44344,41.06519],[-2.44773,41.05784],[-2.4485,41.05583],[-2.44865,41.05472],[-2.4486,41.05342],[-2.44822,41.05184],[-2.44748,41.04995],[-2.44734,41.04876],[-2.44847,41.04169],[-2.44904,41.04032],[-2.44969,41.03938],[-2.45061,41.03843],[-2.45205,41.03741],[-2.45337,41.03679],[-2.45518,41.03624],[-2.46472,41.03475],[-2.46705,41.03457],[-2.47759,41.03494],[-2.48351,41.03477],[-2.48583,41.03434],[-2.49018,41.03291],[-2.49411,41.03255],[-2.49605,41.03219],[-2.49772,41.03163],[-2.50077,41.03016],[-2.50298,41.02941],[-2.5057,41.02892],[-2.51097,41.02865],[-2.51289,41.02819],[-2.51435,41.02759],[-2.51585,41.02667],[-2.51732,41.02523],[-2.51806,41.0241],[-2.51916,41.02161],[-2.52012,41.02045],[-2.52166,41.0193],[-2.52367,41.01846],[-2.52514,41.01815],[-2.52676,41.01804],[-2.53211,41.01855],[-2.53622,41.0183],[-2.53858,41.01783],[-2.54323,41.01646],[-2.54874,41.01568],[-2.55149,41.01476],[-2.55916,41.01055],[-2.5906,40.99202],[-2.59192,40.99142],[-2.59368,40.99095],[-2.59695,40.99069],[-2.59872,40.99032],[-2.60656,40.98712],[-2.61102,40.98487],[-2.61261,40.98357],[-2.61341,40.98237],[-2.61388,40.98078],[-2.61385,40.9787],[-2.61406,40.97745],[-2.61483,40.97591],[-2.61585,40.97481],[-2.6175,40.97375],[-2.61888,40.97323],[-2.6207,40.97287],[-2.6253,40.97245],[-2.62719,40.97194],[-2.62872,40.97129],[-2.63115,40.96976],[-2.63496,40.96554],[-2.63693,40.96419],[-2.63881,40.96338],[-2.64086,40.9629],[-2.65833,40.96037],[-2.66661,40.95773],[-2.66803,40.95756],[-2.67205,40.95754],[-2.67519,40.95707],[-2.67734,40.95639],[-2.6794,40.95543],[-2.69284,40.94576],[-2.75642,40.89923],[-2.79358,40.87906],[-2.82354,40.86593],[-2.82901,40.86404],[-2.83103,40.86299],[-2.8349,40.8603],[-2.83812,40.85847],[-2.84209,40.85652],[-2.84429,40.85567],[-2.89689,40.83834],[-2.89945,40.83723],[-2.93831,40.81156],[-2.94292,40.80874],[-2.94991,40.80416],[-2.95483,40.80072],[-2.97891,40.78469],[-2.98654,40.7798],[-3.00247,40.76811],[-3.0215,40.75367],[-3.02702,40.74974],[-3.03196,40.74693],[-3.03311,40.74607],[-3.03422,40.74477],[-3.03541,40.74243],[-3.03586,40.74185],[-3.03681,40.74082],[-3.03918,40.73888],[-3.04011,40.73775],[-3.04276,40.73345],[-3.04445,40.73124],[-3.04605,40.7301],[-3.05413,40.72559],[-3.05681,40.72308],[-3.06118,40.71995],[-3.06978,40.7131],[-3.07113,40.71188],[-3.07191,40.71096],[-3.07569,40.70538],[-3.0768,40.70435],[-3.08066,40.70169],[-3.0822,40.70035],[-3.08359,40.6984],[-3.08717,40.69015],[-3.08875,40.68761],[-3.09059,40.68561],[-3.09467,40.68234],[-3.0956,40.68104],[-3.09703,40.67841],[-3.1086,40.66632],[-3.12255,40.65647],[-3.12334,40.65555],[-3.12486,40.65289],[-3.12646,40.65137],[-3.12814,40.6506],[-3.13196,40.64968],[-3.13356,40.64907],[-3.13994,40.64537],[-3.14129,40.64425],[-3.14205,40.64305],[-3.14231,40.64232],[-3.14252,40.63853],[-3.14289,40.63735],[-3.14869,40.62998],[-3.14989,40.62703],[-3.15061,40.62575],[-3.15244,40.62398],[-3.15419,40.62298],[-3.15657,40.62227],[-3.15974,40.62189],[-3.16213,40.62199],[-3.16434,40.62263],[-3.16736,40.62438],[-3.16869,40.62491],[-3.17287,40.62569],[-3.17879,40.62748],[-3.18146,40.62776],[-3.18293,40.62758],[-3.19661,40.62419],[-3.19862,40.62335],[-3.19993,40.62223],[-3.21189,40.60759],[-3.2304,40.586],[-3.24179,40.57384],[-3.24425,40.57151],[-3.27072,40.54825],[-3.28777,40.5335],[-3.29186,40.52972],[-3.33467,40.50245],[-3.33564,40.50203],[-3.3373,40.50161],[-3.33853,40.50147],[-3.34039,40.50154],[-3.3422,40.50194],[-3.34821,40.50444],[-3.35129,40.50517],[-3.35991,40.50594],[-3.36205,40.50579],[-3.36397,40.50538],[-3.36635,40.50449],[-3.3747,40.50038],[-3.38273,40.4963],[-3.38686,40.49393],[-3.39219,40.49018],[-3.39726,40.48633],[-3.40558,40.47822],[-3.40799,40.47656],[-3.40948,40.47574],[-3.41337,40.47413],[-3.43015,40.46963],[-3.44114,40.46776],[-3.45302,40.46679],[-3.45752,40.4668],[-3.46517,40.46714],[-3.46989,40.46711],[-3.47558,40.46642],[-3.48141,40.46518],[-3.49382,40.46216],[-3.49636,40.46141],[-3.49936,40.46014],[-3.50191,40.45879],[-3.50879,40.45446],[-3.51185,40.45302],[-3.5265,40.44837],[-3.53336,40.44672],[-3.53468,40.44669],[-3.53782,40.4474],[-3.5558,40.44941],[-3.57329,40.44986],[-3.58008,40.45021],[-3.58384,40.45011],[-3.58475,40.45027],[-3.58671,40.45104],[-3.58818,40.45091],[-3.58916,40.45024],[-3.58993,40.449],[-3.59005,40.44657],[-3.59029,40.44581],[-3.59257,40.44093],[-3.59375,40.43924],[-3.59444,40.43487],[-3.59678,40.43044],[-3.5992,40.42355],[-3.59977,40.42262],[-3.60067,40.42182],[-3.60148,40.42136],[-3.61753,40.41563],[-3.61889,40.4149],[-3.61949,40.4144],[-3.62027,40.41345],[-3.62566,40.4031],[-3.62635,40.4014],[-3.6273,40.39762],[-3.62813,40.39619],[-3.62983,40.39466],[-3.63234,40.39366],[-3.6335,40.39359],[-3.63608,40.39403],[-3.64173,40.39527],[-3.64373,40.39599],[-3.645,40.39684],[-3.65344,40.4044],[-3.65444,40.40503],[-3.65605,40.40564],[-3.6578,40.40592],[-3.67098,40.4068],[-3.67884,40.40767],[-3.67908,40.40752],[-3.67906,40.4071],[-3.68087,40.40431],[-3.68239,40.40488],[-3.68828,40.40649],[-3.68858,40.40698]]}},{"type":"Feature","properties":{"name":"GraphHopper Track","mode":"ride","distance_km":"50.8"},"geometry":{"type":"LineString","coordinates":[[30.50713,50.43451],[30.50774,50.43557],[30.50631,50.43579],[30.50658,50.43646],[30.50575,50.43671],[30.49975,50.44116],[30.49465,50.44593],[30.49435,50.44668],[30.48369,50.44843],[30.48333,50.44873],[30.48344,50.44929],[30.48305,50.44984],[30.4861,50.45746],[30.4872,50.45794],[30.48217,50.46277],[30.4751,50.46608],[30.47328,50.46849],[30.47319,50.46986],[30.4733,50.47039],[30.47677,50.4734],[30.47593,50.47432],[30.47556,50.47566],[30.47577,50.47628],[30.47717,50.47792],[30.47722,50.47837],[30.47508,50.4811],[30.47527,50.48147],[30.47624,50.48219],[30.47627,50.48288],[30.47319,50.48575],[30.46655,50.48969],[30.46962,50.49172],[30.46336,50.49762],[30.46054,50.50085],[30.45369,50.51998],[30.45328,50.52028],[30.44986,50.52085],[30.44974,50.52105],[30.45682,50.53407],[30.45612,50.54541],[30.45387,50.55217],[30.45382,50.55514],[30.45297,50.55864],[30.45298,50.56865],[30.45281,50.56912],[30.45035,50.57314],[30.44782,50.58259],[30.44696,50.58652],[30.4474,50.58817],[30.4491,50.59272],[30.45016,50.59324],[30.44988,50.59428],[30.44997,50.59508],[30.45433,50.6066],[30.45437,50.60717],[30.45361,50.6083],[30.45125,50.61102],[30.44886,50.61314],[30.44713,50.61541],[30.44612,50.61747],[30.44456,50.62371],[30.44367,50.62556],[30.44176,50.62818],[30.43951,50.63002],[30.43782,50.63179],[30.43518,50.63391],[30.43126,50.63646],[30.43004,50.63743],[30.42532,50.64292],[30.42415,50.64409],[30.41821,50.64742],[30.41157,50.64945],[30.4105,50.64997],[30.40935,50.65097],[30.40762,50.65514],[30.40399,50.65905],[30.40386,50.65935],[30.40384,50.66152],[30.40029,50.66715],[30.39571,50.68057],[30.39559,50.68244],[30.39496,50.68374],[30.39308,50.68657],[30.39013,50.6888],[30.37698,50.70167],[30.37601,50.70226],[30.37409,50.70276],[30.3443,50.70764],[30.34301,50.70794],[30.3422,50.7084],[30.33831,50.71441],[30.33822,50.71567],[30.33834,50.71731],[30.33769,50.72017],[30.33805,50.72162],[30.33791,50.72255],[30.33748,50.72332],[30.33637,50.72466],[30.33574,50.7259],[30.33062,50.7322],[30.33023,50.73288],[30.32269,50.7781],[30.32231,50.7788],[30.31983,50.78097],[30.32341,50.78156],[30.32479,50.78193],[30.32912,50.78375],[30.34821,50.79038],[30.35718,50.79401],[30.36251,50.79578],[30.37034,50.80223],[30.37055,50.80274],[30.3706,50.80472],[30.37103,50.80606],[30.37464,50.81038],[30.37652,50.8136],[30.37706,50.81344]]}},{"type":"Feature","properties":{"name":"GraphHopper Track","mode":"ride","distance_km":"60.5"},"geometry":{"type":"LineString","coordinates":[[30.74148,46.46655],[30.7413,46.46481],[30.74185,46.46796],[30.74134,46.46842],[30.74133,46.46901],[30.7409,46.46946],[30.74132,46.47251],[30.7311,46.47326],[30.7332,46.48869],[30.72311,46.49709],[30.72507,46.5023],[30.72403,46.51212],[30.72938,46.52633],[30.72973,46.52677],[30.73111,46.52764],[30.7324,46.52916],[30.73312,46.53102],[30.73281,46.53178],[30.73295,46.53225],[30.73352,46.53294],[30.75526,46.55094],[30.75885,46.55231],[30.76952,46.55594],[30.77185,46.55731],[30.77359,46.55782],[30.78781,46.56484],[30.7888,46.56517],[30.79723,46.56619],[30.80048,46.56643],[30.80345,46.56604],[30.81216,46.5638],[30.83362,46.56155],[30.83602,46.56161],[30.84633,46.56274],[30.87349,46.56981],[30.88256,46.57034],[30.88889,46.57091],[30.89642,46.57192],[30.89987,46.57271],[30.90465,46.57414],[30.91173,46.57679],[30.91959,46.58126],[30.92674,46.5836],[30.9332,46.58642],[30.93482,46.5869],[30.95149,46.58969],[30.9635,46.59072],[30.96816,46.59126],[30.99155,46.5969],[30.99611,46.5975],[30.99756,46.59797],[30.99915,46.59894],[31.00002,46.59982],[31.00065,46.60115],[31.00067,46.60238],[30.99858,46.60984],[30.99311,46.63121],[30.99028,46.63829],[30.98668,46.64672],[30.9864,46.64822],[30.98648,46.64896],[30.98701,46.65037],[30.98823,46.65162],[30.99784,46.65776],[30.99973,46.6587],[31.00216,46.65946],[31.01858,46.66297],[31.04531,46.66663],[31.04736,46.66651],[31.04998,46.66581],[31.0511,46.66524],[31.09616,46.63704],[31.09636,46.63678],[31.09635,46.63614],[31.09708,46.63558],[31.10011,46.6242],[31.09822,46.62384],[31.09931,46.61995],[31.09822,46.62384],[31.09873,46.62389],[31.09861,46.62402],[31.10027,46.62422],[31.09723,46.63561],[31.09753,46.63631],[31.0974,46.63657],[31.09496,46.63774],[31.0511,46.66524],[31.04998,46.66581],[31.04736,46.66651],[31.04531,46.66663],[31.03042,46.66461],[31.03259,46.65872],[31.03223,46.65868],[31.03129,46.65897],[31.0307,46.65887],[31.02819,46.65557],[31.02775,46.65561],[31.02682,46.65485],[31.02333,46.6553],[31.02041,46.65485],[31.02017,46.65457],[31.01972,46.65278],[31.01803,46.65175],[31.01727,46.65155],[31.01716,46.65201]]}},{"type":"Feature","properties":{"name":"GraphHopper Track","mode":"ride","distance_km":"259.9"},"geometry":{"type":"LineString","coordinates":[[49.85693,40.37789],[49.85639,40.37907],[49.85516,40.37875],[49.85573,40.37752],[49.86301,40.37936],[49.86489,40.37968],[49.86323,40.38732],[49.86347,40.38778],[49.86396,40.38812],[49.86608,40.38849],[49.86666,40.38883],[49.86696,40.39067],[49.86837,40.39432],[49.86912,40.39514],[49.89608,40.41123],[49.9186,40.42185],[49.93159,40.4366],[49.93308,40.4378],[49.93476,40.43863],[49.93706,40.43928],[49.94226,40.43997],[49.95934,40.43918],[49.96119,40.43934],[49.96571,40.44026],[49.96764,40.44041],[49.97044,40.44008],[49.9758,40.43855],[49.97753,40.43835],[49.97935,40.43838],[49.98221,40.43895],[49.9876,40.44101],[49.99435,40.44295],[49.99897,40.44372],[50.00115,40.44388],[50.00281,40.44375],[50.00482,40.44327],[50.02279,40.43608],[50.02448,40.43567],[50.02622,40.43547],[50.02807,40.43549],[50.02983,40.43575],[50.03177,40.43631],[50.03821,40.43913],[50.08314,40.46318],[50.09206,40.4666],[50.10037,40.47018],[50.11415,40.47732],[50.1194,40.47972],[50.11982,40.48055],[50.11957,40.48185],[50.10428,40.50494],[50.10237,40.51085],[50.10126,40.51564],[50.09909,40.52354],[50.09583,40.53159],[50.09499,40.53252],[50.09298,40.53399],[50.08847,40.53796],[50.08096,40.54967],[50.06939,40.56723],[50.06696,40.57015],[50.06271,40.57422],[50.06147,40.57592],[50.06171,40.57612],[50.06134,40.5762],[50.06116,40.57662],[50.06084,40.57859],[50.06144,40.58391],[50.06145,40.58522],[50.06115,40.58637],[50.06016,40.58777],[50.05883,40.58871],[50.05707,40.58933],[50.05515,40.58951],[50.05302,40.58939],[50.04935,40.58894],[50.02692,40.58514],[50.0116,40.58302],[50.00879,40.58251],[50.00586,40.58231],[50.00359,40.58251],[50.00093,40.58322],[49.9983,40.58458],[49.99541,40.58708],[49.99371,40.5881],[49.99046,40.58907],[49.989,40.58899],[49.98762,40.58833],[49.96814,40.57711],[49.96276,40.5737],[49.96114,40.57291],[49.95927,40.57225],[49.93983,40.5667],[49.93839,40.5664],[49.92717,40.56309],[49.91757,40.56067],[49.91027,40.55812],[49.90168,40.55477],[49.90035,40.55412],[49.89823,40.5526],[49.89589,40.54983],[49.89484,40.5489],[49.89274,40.54781],[49.89098,40.54712],[49.89052,40.54675],[49.89023,40.54617],[49.89013,40.54521],[49.89035,40.54429],[49.89081,40.54355],[49.89202,40.54258],[49.89501,40.54119],[49.89614,40.5405],[49.89752,40.53916],[49.89839,40.53766],[49.89873,40.53632],[49.89896,40.53336],[49.89927,40.52887],[49.89922,40.52703],[49.89859,40.51958],[49.89791,40.51776],[49.89706,40.51658],[49.89583,40.51548],[49.89053,40.51215],[49.8892,40.51104],[49.88866,40.51031],[49.88825,40.50938],[49.88806,40.50826],[49.88812,40.50752],[49.88871,40.50601],[49.88982,40.50481],[49.89157,40.50376],[49.89483,40.50287],[49.89692,40.50177],[49.89831,40.50042],[49.89932,40.49857],[49.89993,40.49666],[49.90085,40.49131],[49.90159,40.48898],[49.90277,40.48607],[49.90331,40.48408],[49.90353,40.48215],[49.90356,40.47882],[49.90378,40.47596],[49.9048,40.47044],[49.90555,40.46809],[49.90714,40.46152],[49.90696,40.46006],[49.90649,40.45905],[49.90255,40.45473],[49.90146,40.45312],[49.90038,40.45098],[49.9,40.44994],[49.89532,40.43182],[49.89356,40.42972],[49.8933,40.42895],[49.89324,40.42814],[49.89132,40.42784],[49.89139,40.42762],[49.89187,40.42764],[49.8926,40.4273],[49.89301,40.42676],[49.89495,40.42045],[49.89667,40.41374],[49.89753,40.41231],[49.88387,40.40412],[49.87675,40.40005],[49.86849,40.39498],[49.86811,40.39449],[49.86732,40.39263],[49.86666,40.39192],[49.86678,40.39068],[49.86651,40.38899],[49.86603,40.38874],[49.86363,40.38836],[49.86284,40.38792],[49.8644,40.38064],[49.85984,40.37995],[49.85516,40.37875],[49.85573,40.37752],[49.85692,40.37784],[49.85648,40.37897],[49.85639,40.37907],[49.85516,40.37875],[49.85645,40.37598],[49.85109,40.37443],[49.85042,40.37405],[49.85075,40.37328],[49.85063,40.3731],[49.84213,40.36997],[49.84172,40.36968],[49.84176,40.36908],[49.83832,40.36702],[49.83793,40.36564],[49.83581,40.36412],[49.83522,40.36315],[49.83522,40.36212],[49.83414,40.36084],[49.83388,40.36018],[49.83444,40.35912],[49.83411,40.35693],[49.83424,40.35485],[49.83405,40.3532],[49.83416,40.35219],[49.83479,40.35115],[49.8371,40.34861],[49.8403,40.3464],[49.84114,40.3456],[49.84202,40.34416],[49.84227,40.34352],[49.84227,40.34294],[49.84164,40.34219],[49.83849,40.34074],[49.83505,40.33884],[49.83206,40.33851],[49.82702,40.33699],[49.82669,40.33673],[49.82672,40.33641],[49.82862,40.33458],[49.82922,40.33421],[49.83015,40.33398],[49.8303,40.33379],[49.82908,40.33191],[49.82439,40.32632],[49.82265,40.32356],[49.82131,40.32107],[49.82089,40.3195],[49.82038,40.31316],[49.8203,40.31025],[49.82012,40.30939],[49.81958,40.30785],[49.81664,40.30383],[49.81583,40.3031],[49.81437,40.30254],[49.81377,40.30261],[49.81303,40.3033],[49.8117,40.30546],[49.81038,40.30612],[49.80414,40.30704],[49.79886,40.30726],[49.79767,40.30718],[49.79276,40.30584],[49.78977,40.30531],[49.77934,40.30467],[49.76391,40.30235],[49.7631,40.30284],[49.76259,40.30289],[49.7623,40.30274],[49.76187,40.30212],[49.75599,40.29802],[49.74839,40.29351],[49.73506,40.28657],[49.73213,40.28531],[49.72936,40.28433],[49.72781,40.28409],[49.72617,40.28419],[49.71373,40.28679],[49.71138,40.28693],[49.70358,40.28607],[49.69943,40.28531],[49.69562,40.28421],[49.68871,40.28178],[49.68592,40.28056],[49.6827,40.27866],[49.67333,40.27192],[49.67105,40.27044],[49.66224,40.26571],[49.65698,40.26383],[49.64193,40.26035],[49.63773,40.25909],[49.60755,40.24629],[49.59747,40.24122],[49.5908,40.23752],[49.57202,40.22787],[49.56813,40.22533],[49.56356,40.22156],[49.55966,40.21907],[49.54132,40.21034],[49.52077,40.20151],[49.49037,40.18573],[49.48109,40.18192],[49.4785,40.18068],[49.47715,40.17975],[49.47579,40.17837],[49.47303,40.17491],[49.46748,40.1671],[49.46582,40.16513],[49.46265,40.16226],[49.46059,40.1593],[49.45779,40.15389],[49.4262,40.10452],[49.41783,40.09112],[49.41536,40.08677],[49.41151,40.07668],[49.41133,40.07648],[49.41318,40.08157],[49.40311,40.083],[49.40049,40.08489],[49.3999,40.08517],[49.38928,40.08741],[49.37655,40.08544],[49.37595,40.0851],[49.37474,40.08323],[49.37414,40.08276],[49.36533,40.07992],[49.36194,40.0789],[49.36121,40.07885],[49.34472,40.08261],[49.31957,40.09287],[49.31893,40.09336],[49.31823,40.09457],[49.3182,40.09676],[49.31738,40.09771],[49.31689,40.09798],[49.31488,40.09835],[49.31297,40.09758],[49.31158,40.09653],[49.30877,40.09597],[49.30817,40.09605],[49.3075,40.09661],[49.29728,40.11061],[49.29219,40.11661],[49.27683,40.13085],[49.26944,40.13953],[49.29351,40.1457],[49.29971,40.14695],[49.3,40.1478],[49.3007,40.14822],[49.31171,40.15177],[49.31497,40.15465],[49.31171,40.15177],[49.3007,40.14822],[49.3,40.1478],[49.29971,40.14695],[49.29351,40.1457],[49.26944,40.13953],[49.27683,40.13085],[49.29219,40.11661],[49.29728,40.11061],[49.30782,40.09625],[49.30835,40.09599],[49.30877,40.09597],[49.31158,40.09653],[49.31297,40.09758],[49.31488,40.09835],[49.31689,40.09798],[49.31738,40.09771],[49.3182,40.09676],[49.31823,40.09457],[49.31893,40.09336],[49.31957,40.09287],[49.34472,40.08261],[49.36121,40.07885],[49.36194,40.0789],[49.36533,40.07992],[49.37414,40.08276],[49.37474,40.08323],[49.37595,40.0851],[49.37655,40.08544],[49.38886,40.08738],[49.38985,40.08735],[49.40032,40.085],[49.40485,40.08173],[49.40578,40.08073],[49.40643,40.07936],[49.40707,40.07439],[49.41236,40.07456],[49.41264,40.07497],[49.41176,40.07621],[49.41182,40.07699],[49.41555,40.08671],[49.41891,40.09255],[49.45226,40.14496],[49.45836,40.15433],[49.46323,40.15977],[49.47749,40.17947],[49.47883,40.18061],[49.48431,40.18307],[49.49046,40.18559],[49.5209,40.20139],[49.54138,40.21022],[49.55891,40.21851],[49.56261,40.22069],[49.56876,40.22557],[49.57172,40.22752],[49.5909,40.23738],[49.5975,40.24106],[49.60767,40.24614],[49.6378,40.25894],[49.642,40.26019],[49.65706,40.26367],[49.66231,40.26555],[49.67116,40.2703],[49.68332,40.27886],[49.68601,40.28043],[49.68878,40.28165],[49.69633,40.28431],[49.69947,40.28518],[49.70362,40.28595],[49.7114,40.28681],[49.71369,40.28666],[49.71727,40.28581],[49.72661,40.28398],[49.72835,40.28396],[49.72971,40.28426],[49.73328,40.28561],[49.73872,40.28823],[49.74852,40.29337],[49.7561,40.29789],[49.75883,40.29927],[49.76266,40.30187],[49.76514,40.30248],[49.78169,40.30478],[49.78988,40.30521],[49.79277,40.30571],[49.79765,40.30706],[49.7992,40.30715],[49.80412,40.30692],[49.81031,40.306],[49.81162,40.30532],[49.81288,40.30323],[49.81363,40.30251],[49.81443,40.30242],[49.81576,40.30292],[49.81677,40.30378],[49.81984,40.30805],[49.82036,40.31013],[49.82046,40.31317],[49.821,40.31949],[49.82123,40.32047],[49.82229,40.3227],[49.82448,40.32629],[49.82918,40.33187],[49.83021,40.33343],[49.83125,40.33558],[49.832,40.33642],[49.83425,40.33813],[49.83763,40.34007],[49.84189,40.34204],[49.84243,40.34246],[49.84276,40.34296],[49.84284,40.34345],[49.84267,40.34396],[49.8422,40.34479],[49.84133,40.34579],[49.83734,40.34866],[49.83462,40.35214],[49.83445,40.35287],[49.83454,40.35485],[49.83427,40.35709],[49.83456,40.35917],[49.83403,40.36026],[49.83425,40.3608],[49.83569,40.3624],[49.83542,40.36332],[49.83602,40.36417],[49.83804,40.3656],[49.83846,40.367],[49.84173,40.36891],[49.85711,40.37394],[49.86178,40.37485],[49.86548,40.37672],[49.86554,40.37704],[49.86323,40.38732],[49.86347,40.38778],[49.86396,40.38812],[49.86608,40.38849],[49.86666,40.38883],[49.86696,40.39067],[49.86837,40.39432],[49.86912,40.39514],[49.89608,40.41123],[49.91844,40.42174],[49.91918,40.42237],[49.93159,40.4366],[49.93364,40.43812],[49.93623,40.4391],[49.94068,40.43982],[49.94317,40.43999],[49.95934,40.43918],[49.96119,40.43934],[49.96571,40.44026],[49.96764,40.44041],[49.97044,40.44008],[49.9758,40.43855],[49.97753,40.43835],[49.97935,40.43838],[49.98221,40.43895],[49.9876,40.44101],[49.99435,40.44295],[49.99897,40.44372],[50.00115,40.44388],[50.00281,40.44375],[50.00482,40.44327],[50.02172,40.43646],[50.02386,40.4358],[50.02557,40.43551],[50.02807,40.43549],[50.02983,40.43575],[50.03177,40.43631],[50.03821,40.43913],[50.05411,40.44755],[50.05494,40.44781],[50.05556,40.4477],[50.05575,40.4473],[50.05548,40.44659],[50.0551,40.44623],[50.05461,40.44619],[50.0542,40.44646],[50.0539,40.44696],[50.05335,40.44906],[50.05291,40.45191],[50.05251,40.46269],[50.05383,40.46412],[50.05365,40.46487],[50.05322,40.46488]]}},{"type":"Feature","properties":{"name":"GraphHopper Track","mode":"ride","distance_km":"49.4"},"geometry":{"type":"LineString","coordinates":[[30.4505,50.52134],[30.45016,50.52121],[30.44997,50.52092],[30.44976,50.52099],[30.44972,50.52122],[30.45682,50.53407],[30.45612,50.54541],[30.45387,50.55217],[30.45382,50.55514],[30.45297,50.55864],[30.45293,50.56632],[30.48495,50.56772],[30.48586,50.56783],[30.48688,50.56818],[30.48789,50.56889],[30.49007,50.57097],[30.49082,50.57202],[30.49624,50.58535],[30.4978,50.58875],[30.49829,50.58937],[30.49891,50.58981],[30.50062,50.59044],[30.50206,50.59052],[30.50307,50.59038],[30.51954,50.58655],[30.52366,50.58576],[30.54545,50.58397],[30.54696,50.58395],[30.54863,50.58427],[30.54958,50.5849],[30.55303,50.58928],[30.55397,50.59012],[30.55532,50.59079],[30.55866,50.5916],[30.55966,50.59202],[30.56599,50.59611],[30.56672,50.59628],[30.57444,50.59604],[30.58121,50.59727],[30.5841,50.59849],[30.60298,50.6142],[30.62181,50.62917],[30.62299,50.63071],[30.62372,50.63238],[30.6258,50.64971],[30.62622,50.65429],[30.62658,50.65644],[30.63001,50.66356],[30.63075,50.66555],[30.62897,50.67236],[30.62787,50.67764],[30.62751,50.68155],[30.62714,50.68277],[30.62767,50.68416],[30.62694,50.68649],[30.62762,50.68815],[30.63058,50.69396],[30.63088,50.69503],[30.63084,50.69566],[30.62402,50.71254],[30.62387,50.71371],[30.62408,50.71447],[30.62557,50.71679],[30.62707,50.71809],[30.64898,50.73198],[30.65315,50.73503],[30.65385,50.73586],[30.65414,50.73654],[30.65448,50.73974],[30.65477,50.74094],[30.65531,50.7419],[30.65631,50.74303],[30.65851,50.7445],[30.66947,50.75077],[30.6694,50.75131],[30.66894,50.75212],[30.65899,50.76197],[30.65823,50.76295],[30.65755,50.76426],[30.65743,50.76481],[30.65801,50.76715],[30.65786,50.76889],[30.6583,50.76963],[30.66106,50.7718],[30.66561,50.77372],[30.66736,50.77452],[30.6679,50.77493],[30.66832,50.77544],[30.67077,50.78069],[30.67373,50.7882],[30.67462,50.78946],[30.67583,50.79036],[30.68575,50.79581],[30.69253,50.79745],[30.694,50.79805],[30.6945,50.79849],[30.69481,50.79904],[30.69619,50.8036],[30.69668,50.80468],[30.69839,50.80723],[30.69984,50.80894],[30.7007,50.8109],[30.70124,50.81151],[30.70387,50.8137],[30.71131,50.81724],[30.72198,50.824],[30.73091,50.83314],[30.73358,50.83658],[30.73608,50.83899],[30.73709,50.83805],[30.73986,50.83841],[30.73975,50.83705],[30.74026,50.83612],[30.74039,50.83465],[30.74085,50.83408],[30.74141,50.83422]]}},{"type":"Feature","properties":{"name":"GraphHopper Track","mode":"ride","distance_km":"1082.3"},"geometry":{"type":"LineString","coordinates":[[-5.98724,37.38075],[-5.98775,37.38088],[-5.98842,37.38132],[-5.98867,37.38127],[-5.98935,37.37959],[-5.99136,37.37599],[-5.99166,37.37578],[-5.99465,37.38061],[-5.99632,37.38288],[-6.00096,37.38702],[-6.00128,37.38749],[-6.00054,37.38829],[-6.00159,37.39097],[-6.00769,37.39023],[-6.00871,37.39029],[-6.0159,37.38939],[-6.01947,37.38924],[-6.02231,37.38929],[-6.02541,37.39028],[-6.02717,37.39041],[-6.02954,37.38995],[-6.03173,37.38991],[-6.03264,37.38965],[-6.03334,37.38922],[-6.03399,37.38817],[-6.03455,37.38402],[-6.03486,37.383],[-6.03545,37.3822],[-6.03606,37.3817],[-6.03703,37.38119],[-6.03786,37.38095],[-6.03993,37.38094],[-6.05482,37.38377],[-6.05755,37.38385],[-6.06077,37.38366],[-6.06604,37.38291],[-6.06907,37.3821],[-6.0723,37.38088],[-6.07505,37.37948],[-6.08057,37.37619],[-6.08481,37.3744],[-6.08803,37.37347],[-6.09705,37.37146],[-6.1001,37.3705],[-6.10689,37.3679],[-6.11228,37.3662],[-6.118,37.36489],[-6.12476,37.36393],[-6.13033,37.36296],[-6.14185,37.35996],[-6.14906,37.35882],[-6.16136,37.35821],[-6.1715,37.35711],[-6.17464,37.35719],[-6.18182,37.35791],[-6.18829,37.35802],[-6.19056,37.35829],[-6.19397,37.35919],[-6.19836,37.36084],[-6.20553,37.36224],[-6.2078,37.363],[-6.21206,37.36486],[-6.21374,37.36578],[-6.21897,37.36924],[-6.2215,37.3704],[-6.2248,37.37129],[-6.22665,37.37154],[-6.22937,37.37162],[-6.23352,37.37106],[-6.23913,37.36939],[-6.24981,37.36726],[-6.25376,37.36617],[-6.26097,37.36378],[-6.26495,37.36274],[-6.2691,37.36194],[-6.27216,37.36153],[-6.27892,37.36106],[-6.28233,37.36106],[-6.29073,37.36146],[-6.29501,37.3614],[-6.29976,37.36102],[-6.31027,37.35971],[-6.31453,37.35954],[-6.3215,37.35962],[-6.32481,37.35945],[-6.32896,37.35908],[-6.33319,37.35841],[-6.34189,37.35647],[-6.34627,37.3558],[-6.35709,37.35505],[-6.36513,37.35406],[-6.37149,37.35365],[-6.38369,37.3539],[-6.39322,37.35318],[-6.40191,37.35284],[-6.40597,37.35236],[-6.41221,37.35117],[-6.41642,37.34999],[-6.42381,37.34756],[-6.42946,37.3462],[-6.43439,37.34543],[-6.44101,37.34495],[-6.44712,37.34505],[-6.45322,37.34567],[-6.45791,37.34654],[-6.46755,37.3488],[-6.4763,37.34997],[-6.47981,37.35061],[-6.48651,37.35237],[-6.48979,37.35352],[-6.49676,37.3563],[-6.50029,37.35745],[-6.5071,37.35906],[-6.512,37.35978],[-6.5165,37.36012],[-6.52128,37.36018],[-6.52529,37.35998],[-6.52816,37.3597],[-6.53636,37.35847],[-6.54655,37.35757],[-6.5497,37.35695],[-6.55541,37.35525],[-6.55815,37.35462],[-6.5606,37.35425],[-6.56686,37.35371],[-6.5735,37.35274],[-6.57617,37.35258],[-6.57895,37.35265],[-6.58839,37.35375],[-6.59228,37.35371],[-6.59495,37.35343],[-6.59889,37.35265],[-6.60654,37.35045],[-6.61575,37.34904],[-6.61933,37.34799],[-6.62691,37.34508],[-6.63102,37.34414],[-6.63377,37.34381],[-6.63783,37.34371],[-6.64432,37.34414],[-6.64844,37.344],[-6.65257,37.34338],[-6.66022,37.34128],[-6.66293,37.34094],[-6.66695,37.3411],[-6.67368,37.34243],[-6.67863,37.34282],[-6.68393,37.34248],[-6.69053,37.34143],[-6.69727,37.3411],[-6.70695,37.34034],[-6.71251,37.34034],[-6.72288,37.34108],[-6.73089,37.34045],[-6.7405,37.34021],[-6.74567,37.33969],[-6.74943,37.33904],[-6.75448,37.33783],[-6.76191,37.33578],[-6.7659,37.33504],[-6.76997,37.33468],[-6.78047,37.33457],[-6.79081,37.33344],[-6.80113,37.33265],[-6.82199,37.32889],[-6.82676,37.32762],[-6.83386,37.32528],[-6.84437,37.32325],[-6.84695,37.32244],[-6.85543,37.31879],[-6.8594,37.31743],[-6.86271,37.31652],[-6.87431,37.3141],[-6.8792,37.31336],[-6.883,37.31305],[-6.88834,37.31325],[-6.89102,37.31365],[-6.89367,37.31426],[-6.89624,37.31506],[-6.89869,37.31605],[-6.90098,37.31719],[-6.9031,37.31848],[-6.90642,37.32099],[-6.90864,37.32302],[-6.91109,37.32554],[-6.91326,37.32814],[-6.91578,37.33174],[-6.92227,37.34311],[-6.92496,37.34665],[-6.92749,37.34913],[-6.92935,37.35059],[-6.93136,37.35189],[-6.93459,37.35357],[-6.93688,37.3545],[-6.94199,37.3559],[-6.94756,37.35659],[-6.95456,37.35675],[-6.96176,37.35632],[-6.96889,37.3552],[-6.9743,37.35395],[-6.98831,37.34963],[-6.99339,37.34788],[-6.99693,37.34618],[-7.00563,37.34118],[-7.00929,37.33948],[-7.01192,37.33846],[-7.01679,37.33699],[-7.02877,37.33444],[-7.03482,37.33291],[-7.0411,37.3309],[-7.05526,37.32552],[-7.06024,37.32412],[-7.06414,37.3235],[-7.06921,37.32325],[-7.07777,37.32345],[-7.08798,37.32258],[-7.09819,37.32298],[-7.10744,37.32232],[-7.11018,37.32241],[-7.11295,37.32279],[-7.12105,37.32467],[-7.12782,37.32524],[-7.13047,37.32565],[-7.13438,37.32672],[-7.14043,37.32921],[-7.14668,37.33107],[-7.15131,37.333],[-7.15391,37.33348],[-7.15651,37.33345],[-7.15781,37.33326],[-7.1604,37.3325],[-7.16397,37.33079],[-7.16941,37.32919],[-7.17177,37.32812],[-7.17462,37.32587],[-7.17698,37.3232],[-7.17889,37.32159],[-7.18107,37.32021],[-7.18557,37.31774],[-7.19066,37.31407],[-7.19802,37.31023],[-7.2028,37.30672],[-7.20475,37.30549],[-7.21242,37.30193],[-7.21443,37.3006],[-7.21811,37.29777],[-7.22058,37.29629],[-7.22756,37.29328],[-7.23077,37.29149],[-7.23365,37.28939],[-7.23889,37.28487],[-7.24652,37.27955],[-7.24876,37.27748],[-7.25147,37.27464],[-7.25344,37.27298],[-7.25585,37.27141],[-7.25871,37.27],[-7.26145,37.26909],[-7.26414,37.26849],[-7.27065,37.26758],[-7.2779,37.26609],[-7.29117,37.26267],[-7.2971,37.26132],[-7.30306,37.26046],[-7.31526,37.2595],[-7.318,37.25907],[-7.32136,37.25828],[-7.3246,37.25716],[-7.32873,37.25536],[-7.33987,37.24939],[-7.34767,37.24573],[-7.35418,37.24334],[-7.36348,37.24093],[-7.36969,37.23995],[-7.37704,37.23933],[-7.39936,37.23855],[-7.40647,37.23908],[-7.4083,37.23908],[-7.4105,37.23871],[-7.41313,37.23791],[-7.41473,37.23769],[-7.43019,37.23771],[-7.43209,37.2376],[-7.44048,37.23586],[-7.4424,37.23529],[-7.44381,37.23451],[-7.44709,37.23162],[-7.44935,37.23044],[-7.45094,37.22994],[-7.45357,37.22956],[-7.46502,37.22964],[-7.46702,37.22931],[-7.46838,37.22868],[-7.46931,37.22803],[-7.47376,37.22471],[-7.47621,37.22254],[-7.48778,37.20938],[-7.49306,37.20181],[-7.49452,37.20053],[-7.49614,37.19971],[-7.49834,37.19917],[-7.50052,37.19916],[-7.5062,37.20059],[-7.50914,37.20089],[-7.51501,37.20033],[-7.5189,37.19974],[-7.52913,37.19712],[-7.53433,37.19562],[-7.53684,37.19455],[-7.54439,37.19078],[-7.55192,37.18779],[-7.55449,37.18693],[-7.55866,37.18624],[-7.57062,37.18507],[-7.57272,37.18458],[-7.57485,37.18355],[-7.57915,37.18042],[-7.58164,37.1794],[-7.58309,37.17912],[-7.58464,37.17904],[-7.59109,37.17959],[-7.59326,37.17945],[-7.59575,37.17874],[-7.59944,37.17686],[-7.60594,37.17469],[-7.61073,37.17392],[-7.61526,37.17248],[-7.6196,37.17187],[-7.62424,37.17036],[-7.62671,37.17008],[-7.63213,37.17051],[-7.63432,37.17049],[-7.63664,37.17022],[-7.63918,37.16961],[-7.64341,37.16793],[-7.64793,37.16651],[-7.65202,37.16419],[-7.65609,37.16259],[-7.65867,37.16093],[-7.66336,37.15937],[-7.66508,37.1585],[-7.66624,37.15747],[-7.66699,37.15636],[-7.66866,37.15156],[-7.66995,37.14937],[-7.67127,37.14779],[-7.6729,37.14626],[-7.67615,37.14407],[-7.67901,37.14278],[-7.68483,37.14084],[-7.69115,37.13835],[-7.69766,37.13651],[-7.70061,37.13508],[-7.7021,37.13452],[-7.70378,37.13414],[-7.70535,37.13402],[-7.71384,37.13437],[-7.7206,37.13411],[-7.72338,37.13457],[-7.73115,37.13701],[-7.73313,37.13737],[-7.73563,37.13748],[-7.73918,37.13699],[-7.74573,37.13511],[-7.75336,37.13326],[-7.75662,37.13176],[-7.75795,37.1309],[-7.7612,37.1283],[-7.76356,37.12706],[-7.76546,37.12648],[-7.76984,37.12566],[-7.77203,37.12499],[-7.77415,37.12407],[-7.77848,37.1215],[-7.78035,37.1208],[-7.79303,37.11841],[-7.79506,37.11771],[-7.79636,37.117],[-7.79805,37.11565],[-7.79949,37.11367],[-7.80008,37.11198],[-7.80142,37.10495],[-7.80238,37.1031],[-7.80373,37.10155],[-7.81429,37.09318],[-7.81712,37.09136],[-7.81928,37.09031],[-7.82173,37.08942],[-7.82493,37.08866],[-7.82733,37.08834],[-7.82991,37.08825],[-7.83289,37.08843],[-7.84021,37.08976],[-7.845,37.09037],[-7.86342,37.09139],[-7.86625,37.09174],[-7.86958,37.09259],[-7.88579,37.09851],[-7.88789,37.09907],[-7.89025,37.09937],[-7.89637,37.09927],[-7.90303,37.09976],[-7.90574,37.09962],[-7.90775,37.09933],[-7.91058,37.09862],[-7.91298,37.09772],[-7.92124,37.09358],[-7.92306,37.09303],[-7.92479,37.09281],[-7.92751,37.09301],[-7.94045,37.09548],[-7.94389,37.09555],[-7.94915,37.0951],[-7.95114,37.09537],[-7.95426,37.09619],[-7.9557,37.09632],[-7.95803,37.09609],[-7.96239,37.09446],[-7.96479,37.09406],[-7.97564,37.09431],[-7.98422,37.09497],[-7.99228,37.09505],[-7.99539,37.0954],[-7.99866,37.09627],[-8.00441,37.09884],[-8.00643,37.09937],[-8.01018,37.09996],[-8.01199,37.10067],[-8.01302,37.10137],[-8.01393,37.10233],[-8.01852,37.10936],[-8.01935,37.11037],[-8.02059,37.11145],[-8.02552,37.11497],[-8.02761,37.11623],[-8.03732,37.11995],[-8.03926,37.12041],[-8.04132,37.1206],[-8.04383,37.12043],[-8.05025,37.11963],[-8.05339,37.11967],[-8.05689,37.1203],[-8.06744,37.12375],[-8.06959,37.12423],[-8.07259,37.12441],[-8.07925,37.12384],[-8.0826,37.12413],[-8.08624,37.12512],[-8.09496,37.12865],[-8.10194,37.13079],[-8.10383,37.13167],[-8.10597,37.13299],[-8.10942,37.13597],[-8.11116,37.13719],[-8.11586,37.13955],[-8.11781,37.14072],[-8.1272,37.14865],[-8.12903,37.14977],[-8.13118,37.15059],[-8.13327,37.15101],[-8.13518,37.15111],[-8.14145,37.1505],[-8.1487,37.15039],[-8.16114,37.14858],[-8.16262,37.14851],[-8.16473,37.1487],[-8.16769,37.14965],[-8.172,37.15207],[-8.17603,37.15408],[-8.178,37.15543],[-8.18126,37.15827],[-8.18289,37.15916],[-8.19142,37.16168],[-8.19366,37.16211],[-8.19636,37.16202],[-8.19892,37.16128],[-8.20427,37.15881],[-8.20591,37.15772],[-8.20764,37.15624],[-8.20883,37.15565],[-8.21026,37.15554],[-8.2116,37.15597],[-8.21292,37.15695],[-8.21412,37.15829],[-8.21478,37.15942],[-8.21528,37.16085],[-8.21544,37.16261],[-8.21479,37.16618],[-8.21478,37.16755],[-8.21501,37.16886],[-8.21613,37.17191],[-8.21636,37.17298],[-8.21642,37.17437],[-8.21601,37.17875],[-8.21603,37.18037],[-8.2164,37.18246],[-8.21737,37.18484],[-8.21911,37.18733],[-8.22718,37.19602],[-8.22911,37.19829],[-8.23441,37.20523],[-8.23634,37.20814],[-8.23986,37.21426],[-8.24345,37.22199],[-8.24542,37.22573],[-8.24783,37.22955],[-8.25518,37.23984],[-8.25587,37.24105],[-8.25643,37.24282],[-8.25654,37.24432],[-8.25634,37.24578],[-8.25529,37.2492],[-8.25513,37.25059],[-8.25518,37.25198],[-8.25575,37.25426],[-8.25838,37.25977],[-8.25917,37.2623],[-8.25947,37.26456],[-8.25939,37.26966],[-8.25974,37.27217],[-8.26028,37.27391],[-8.26105,37.27558],[-8.26222,37.27744],[-8.265,37.28112],[-8.26579,37.28263],[-8.26617,37.28388],[-8.26632,37.28524],[-8.26624,37.2864],[-8.26554,37.28865],[-8.26487,37.28984],[-8.25734,37.29956],[-8.25584,37.30185],[-8.2545,37.30514],[-8.254,37.30714],[-8.25384,37.30892],[-8.25387,37.31054],[-8.25436,37.31338],[-8.25637,37.32209],[-8.25705,37.32447],[-8.25896,37.32824],[-8.26276,37.33344],[-8.26322,37.33456],[-8.26362,37.33665],[-8.2634,37.33868],[-8.26251,37.3409],[-8.26154,37.34224],[-8.2588,37.345],[-8.25788,37.3462],[-8.25688,37.34828],[-8.25639,37.35031],[-8.25651,37.35216],[-8.25677,37.3535],[-8.25878,37.35845],[-8.25918,37.36066],[-8.2591,37.36253],[-8.25889,37.36345],[-8.25746,37.36706],[-8.25688,37.36917],[-8.25695,37.37141],[-8.25725,37.37259],[-8.25784,37.37384],[-8.26068,37.37767],[-8.26149,37.37908],[-8.26226,37.3816],[-8.26235,37.38303],[-8.26218,37.38464],[-8.26037,37.39279],[-8.26022,37.39416],[-8.26042,37.39664],[-8.26172,37.40115],[-8.26175,37.40298],[-8.26103,37.40544],[-8.25958,37.40754],[-8.25776,37.40907],[-8.25325,37.41154],[-8.25143,37.41304],[-8.25041,37.4143],[-8.24868,37.41769],[-8.24748,37.4194],[-8.24241,37.42364],[-8.23711,37.42987],[-8.23358,37.43326],[-8.2302,37.43616],[-8.22831,37.43854],[-8.22773,37.43957],[-8.22689,37.44203],[-8.22667,37.44475],[-8.22704,37.447],[-8.22834,37.45191],[-8.22856,37.45421],[-8.22848,37.45553],[-8.22803,37.45775],[-8.22755,37.45905],[-8.22658,37.46091],[-8.22437,37.46368],[-8.21775,37.46964],[-8.21591,37.47163],[-8.21425,37.47384],[-8.21252,37.47679],[-8.21177,37.47841],[-8.20779,37.48861],[-8.20699,37.49003],[-8.20582,37.49164],[-8.20462,37.49304],[-8.20323,37.49434],[-8.19273,37.50277],[-8.18976,37.50556],[-8.18779,37.50781],[-8.18587,37.51045],[-8.1846,37.51265],[-8.18334,37.51528],[-8.18259,37.51738],[-8.18153,37.52224],[-8.1814,37.52515],[-8.18168,37.52903],[-8.18204,37.53101],[-8.18281,37.53378],[-8.18429,37.53746],[-8.18908,37.54811],[-8.19023,37.55097],[-8.19125,37.55438],[-8.19173,37.55696],[-8.19202,37.56036],[-8.19193,37.56364],[-8.19141,37.567],[-8.19003,37.57162],[-8.18815,37.5756],[-8.18324,37.58346],[-8.16702,37.60858],[-8.16361,37.61465],[-8.16175,37.61859],[-8.1599,37.62323],[-8.15866,37.62693],[-8.15679,37.63444],[-8.15599,37.6396],[-8.15569,37.64274],[-8.15549,37.64834],[-8.15556,37.65109],[-8.15636,37.65901],[-8.15708,37.66316],[-8.15818,37.66749],[-8.16143,37.6779],[-8.16269,37.68091],[-8.16465,37.68473],[-8.1678,37.68957],[-8.17184,37.69452],[-8.18746,37.70947],[-8.19078,37.71308],[-8.19194,37.71449],[-8.19516,37.7191],[-8.19782,37.72393],[-8.19987,37.72894],[-8.2012,37.73372],[-8.205,37.75709],[-8.20585,37.76108],[-8.20784,37.76749],[-8.20997,37.77254],[-8.21182,37.77624],[-8.22432,37.79709],[-8.2263,37.80115],[-8.22788,37.80512],[-8.22897,37.80846],[-8.22976,37.81159],[-8.23046,37.81533],[-8.23106,37.82223],[-8.23095,37.82749],[-8.22897,37.84773],[-8.22898,37.85271],[-8.22934,37.85652],[-8.2298,37.85935],[-8.23069,37.86325],[-8.23237,37.86843],[-8.23549,37.8755],[-8.23739,37.88061],[-8.23826,37.88361],[-8.23919,37.88798],[-8.24004,37.89381],[-8.2421,37.91229],[-8.24254,37.91932],[-8.24253,37.92921],[-8.24279,37.93255],[-8.24384,37.93831],[-8.24505,37.94247],[-8.24812,37.95005],[-8.25027,37.95683],[-8.25172,37.96372],[-8.25285,37.96827],[-8.25485,37.97344],[-8.25739,37.9785],[-8.2612,37.9841],[-8.26717,37.99141],[-8.27056,37.99645],[-8.2728,38.00063],[-8.27915,38.01364],[-8.28135,38.01757],[-8.28461,38.02283],[-8.28879,38.02855],[-8.29332,38.03392],[-8.29932,38.04019],[-8.30402,38.04444],[-8.30892,38.04838],[-8.31596,38.05342],[-8.32005,38.05603],[-8.32676,38.05989],[-8.33675,38.06475],[-8.36479,38.07663],[-8.37306,38.08091],[-8.37943,38.08496],[-8.38255,38.08723],[-8.38747,38.09129],[-8.39195,38.09556],[-8.39393,38.09775],[-8.39769,38.10236],[-8.40042,38.10628],[-8.40206,38.10889],[-8.40601,38.11598],[-8.40781,38.11844],[-8.41052,38.12145],[-8.41395,38.12453],[-8.41842,38.12766],[-8.42288,38.13006],[-8.4255,38.13121],[-8.44206,38.13744],[-8.44991,38.14107],[-8.45299,38.14276],[-8.48031,38.15893],[-8.48343,38.161],[-8.48744,38.16394],[-8.49151,38.16733],[-8.49427,38.1699],[-8.49704,38.17273],[-8.50191,38.17857],[-8.504,38.18153],[-8.50639,38.18534],[-8.50794,38.18823],[-8.51008,38.19282],[-8.51119,38.19569],[-8.51255,38.2],[-8.51339,38.2035],[-8.51445,38.20952],[-8.51535,38.21337],[-8.52277,38.23857],[-8.52331,38.24278],[-8.52329,38.24625],[-8.52263,38.25072],[-8.52162,38.25416],[-8.51257,38.27675],[-8.51082,38.28243],[-8.50996,38.28612],[-8.5092,38.29047],[-8.50861,38.29575],[-8.50744,38.32406],[-8.50705,38.32742],[-8.50609,38.33144],[-8.50501,38.33437],[-8.50334,38.33792],[-8.50223,38.33985],[-8.49748,38.34672],[-8.49581,38.34969],[-8.4945,38.35255],[-8.48878,38.36783],[-8.48744,38.3719],[-8.48668,38.37593],[-8.48655,38.37996],[-8.48693,38.38395],[-8.48781,38.3876],[-8.48977,38.39249],[-8.49293,38.3974],[-8.49449,38.39933],[-8.50945,38.41531],[-8.51197,38.41821],[-8.51604,38.42365],[-8.51919,38.42896],[-8.52092,38.43249],[-8.52325,38.43882],[-8.52448,38.443],[-8.52724,38.45994],[-8.52831,38.4639],[-8.53042,38.46845],[-8.53342,38.47303],[-8.5373,38.47712],[-8.53995,38.47937],[-8.54247,38.48118],[-8.54636,38.48347],[-8.563,38.49186],[-8.56761,38.49481],[-8.57095,38.49757],[-8.57295,38.49949],[-8.57525,38.50208],[-8.59033,38.52234],[-8.59312,38.52574],[-8.59809,38.53123],[-8.60863,38.54199],[-8.6119,38.54616],[-8.61394,38.54959],[-8.61535,38.55262],[-8.61622,38.55511],[-8.61687,38.55765],[-8.62162,38.58522],[-8.62238,38.58733],[-8.62297,38.58846],[-8.62455,38.59064],[-8.62558,38.59177],[-8.62814,38.59391],[-8.63858,38.60067],[-8.64144,38.602],[-8.64567,38.60282],[-8.65199,38.6027],[-8.68393,38.60053],[-8.6886,38.59975],[-8.69667,38.59751],[-8.69924,38.59696],[-8.70389,38.59633],[-8.70693,38.5962],[-8.71256,38.59652],[-8.7158,38.59705],[-8.72044,38.59824],[-8.72792,38.60096],[-8.73091,38.60144],[-8.73262,38.6015],[-8.73601,38.60114],[-8.73869,38.60038],[-8.74065,38.59955],[-8.74633,38.59607],[-8.75054,38.59402],[-8.75402,38.59279],[-8.76269,38.59041],[-8.77076,38.58721],[-8.77283,38.58673],[-8.77508,38.58644],[-8.78177,38.58646],[-8.78441,38.58619],[-8.78735,38.58546],[-8.79217,38.5837],[-8.79388,38.58324],[-8.79591,38.58297],[-8.79854,38.58296],[-8.80398,38.58387],[-8.80887,38.5845],[-8.81151,38.58464],[-8.81807,38.58461],[-8.82085,38.58481],[-8.82423,38.58537],[-8.82995,38.5868],[-8.83419,38.58722],[-8.83717,38.5871],[-8.83914,38.58684],[-8.8473,38.5849],[-8.85197,38.58419],[-8.85553,38.5842],[-8.85715,38.58449],[-8.85888,38.58504],[-8.86093,38.58609],[-8.86289,38.58768],[-8.86435,38.58975],[-8.865,38.5916],[-8.86758,38.61604],[-8.86757,38.61963],[-8.86741,38.62124],[-8.8664,38.62646],[-8.86624,38.62824],[-8.86645,38.63039],[-8.86709,38.63258],[-8.86814,38.63453],[-8.86938,38.63616],[-8.87081,38.63754],[-8.87359,38.63945],[-8.88068,38.64322],[-8.88295,38.64472],[-8.88449,38.64604],[-8.88706,38.64898],[-8.89212,38.65613],[-8.89293,38.65753],[-8.89413,38.6604],[-8.89467,38.66396],[-8.89469,38.66526],[-8.89386,38.67616],[-8.89417,38.67922],[-8.89471,38.68113],[-8.90402,38.70096],[-8.90514,38.70382],[-8.90695,38.70943],[-8.90761,38.71068],[-8.90838,38.71185],[-8.90954,38.71313],[-8.9151,38.71789],[-8.91633,38.71863],[-8.91801,38.71935],[-8.91998,38.71983],[-8.92255,38.72002],[-8.92521,38.71965],[-8.93142,38.71753],[-8.93373,38.71719],[-8.93623,38.71717],[-8.94026,38.7175],[-8.94689,38.71722],[-8.94935,38.7174],[-8.95065,38.7176],[-8.9537,38.71844],[-8.97411,38.72481],[-8.97785,38.7254],[-8.98404,38.72591],[-8.98641,38.72635],[-8.98952,38.72727],[-9.00078,38.73216],[-9.00499,38.73438],[-9.00842,38.73654],[-9.06535,38.77888],[-9.06792,38.78064],[-9.06981,38.78169],[-9.07245,38.78289],[-9.07521,38.78386],[-9.07812,38.7846],[-9.08074,38.78505],[-9.09537,38.78671],[-9.09782,38.78674],[-9.10609,38.78617],[-9.10689,38.78628],[-9.10712,38.78676],[-9.10675,38.78706],[-9.10614,38.78692],[-9.10596,38.78662],[-9.10578,38.78557],[-9.1053,38.78041],[-9.10562,38.77799],[-9.10569,38.77485],[-9.10584,38.7745],[-9.10569,38.7733],[-9.10494,38.77297],[-9.1046,38.76873],[-9.10441,38.76858],[-9.09784,38.76843],[-9.09806,38.76707],[-9.09826,38.76702],[-9.10413,38.76763],[-9.10459,38.77294],[-9.10535,38.77446],[-9.10543,38.77492],[-9.10538,38.77763],[-9.1051,38.7801],[-9.10524,38.78133],[-9.10496,38.78264],[-9.10522,38.78308],[-9.10636,38.78382],[-9.10683,38.78445],[-9.1068,38.78503],[-9.10627,38.78562],[-9.10472,38.78601],[-9.09877,38.78657],[-9.09604,38.78663],[-9.08072,38.78494],[-9.07671,38.78415],[-9.07371,38.78325],[-9.07163,38.78242],[-9.06865,38.78093],[-9.06659,38.77963],[-9.00786,38.73604],[-9.00498,38.73426],[-9.00138,38.73233],[-8.991,38.72773],[-8.98817,38.7267],[-8.98511,38.72598],[-8.98303,38.72567],[-8.97746,38.72522],[-8.97365,38.7246],[-8.96518,38.72196],[-8.9585,38.71944],[-8.95156,38.71766],[-8.94937,38.71729],[-8.94648,38.71712],[-8.94028,38.71732],[-8.93584,38.71697],[-8.9337,38.71703],[-8.93133,38.71736],[-8.92514,38.71948],[-8.92255,38.71984],[-8.92003,38.71965],[-8.9181,38.71919],[-8.91646,38.71848],[-8.91524,38.71775],[-8.90972,38.71302],[-8.90858,38.71175],[-8.90782,38.7106],[-8.90667,38.70812],[-8.90534,38.70367],[-8.90445,38.70134],[-8.895,38.68119],[-8.89414,38.67775],[-8.89405,38.67625],[-8.89504,38.66283],[-8.8948,38.66134],[-8.89323,38.65766],[-8.892,38.65556],[-8.88724,38.64891],[-8.88565,38.64691],[-8.88466,38.64592],[-8.88317,38.64469],[-8.88077,38.64303],[-8.87378,38.63933],[-8.87104,38.63752],[-8.86963,38.63614],[-8.86839,38.63457],[-8.86729,38.63254],[-8.86664,38.63034],[-8.86645,38.62821],[-8.86662,38.62649],[-8.86764,38.62126],[-8.8678,38.61963],[-8.86781,38.61604],[-8.86509,38.59106],[-8.86387,38.58866],[-8.86301,38.58762],[-8.86158,38.58637],[-8.85894,38.58493],[-8.85403,38.58352],[-8.85157,38.58337],[-8.84961,38.58356],[-8.84821,38.58389],[-8.84057,38.58642],[-8.83715,38.58699],[-8.83421,38.5871],[-8.82999,38.58667],[-8.82389,38.58516],[-8.82087,38.58468],[-8.81804,38.58448],[-8.81151,38.58449],[-8.80887,38.58434],[-8.79857,38.58282],[-8.79659,38.58277],[-8.79476,38.58294],[-8.79213,38.58353],[-8.78726,38.58532],[-8.78443,38.58604],[-8.78176,38.58631],[-8.77416,38.58641],[-8.77069,38.5871],[-8.76291,38.59021],[-8.75401,38.59271],[-8.75047,38.5939],[-8.7463,38.59593],[-8.74059,38.5994],[-8.73738,38.60067],[-8.73434,38.60122],[-8.73091,38.6013],[-8.72801,38.60083],[-8.7205,38.59812],[-8.71593,38.59693],[-8.71125,38.59624],[-8.70694,38.59607],[-8.70389,38.5962],[-8.6991,38.59685],[-8.69666,38.59738],[-8.68857,38.59963],[-8.68392,38.60041],[-8.65309,38.60247],[-8.65048,38.60231],[-8.64917,38.6024],[-8.64704,38.60317],[-8.64391,38.60516],[-8.64263,38.60574],[-8.62939,38.6102],[-8.62429,38.61147],[-8.59323,38.61788],[-8.57825,38.62173],[-8.56296,38.62506],[-8.5597,38.62605],[-8.54717,38.6308],[-8.54313,38.63204],[-8.54016,38.6327],[-8.53449,38.63349],[-8.52386,38.63386],[-8.51924,38.6343],[-8.51435,38.63522],[-8.50252,38.63812],[-8.49828,38.63887],[-8.49392,38.63926],[-8.48291,38.63916],[-8.47865,38.63941],[-8.46134,38.64188],[-8.44435,38.64389],[-8.42497,38.64708],[-8.41664,38.648],[-8.41313,38.64833],[-8.40988,38.64843],[-8.40655,38.64833],[-8.40178,38.64778],[-8.39317,38.64591],[-8.38927,38.64533],[-8.38493,38.64501],[-8.3781,38.64504],[-8.37292,38.64464],[-8.36816,38.64379],[-8.36048,38.6416],[-8.35643,38.64068],[-8.35179,38.64001],[-8.34658,38.63949],[-8.34265,38.63878],[-8.33562,38.63711],[-8.33014,38.63632],[-8.30242,38.63502],[-8.29721,38.63505],[-8.2926,38.63553],[-8.28783,38.63647],[-8.28311,38.63789],[-8.27202,38.64248],[-8.26286,38.6454],[-8.26068,38.64623],[-8.2562,38.64836],[-8.2528,38.65043],[-8.24936,38.65307],[-8.23768,38.66319],[-8.23512,38.66518],[-8.23192,38.6671],[-8.22842,38.66851],[-8.22446,38.66948],[-8.22102,38.66989],[-8.18919,38.67087],[-8.18485,38.67066],[-8.18203,38.67012],[-8.17884,38.66904],[-8.17557,38.66721],[-8.17365,38.66567],[-8.17229,38.66421],[-8.16684,38.65632],[-8.16458,38.65372],[-8.16276,38.65193],[-8.16014,38.64976],[-8.15622,38.64716],[-8.15311,38.6455],[-8.15006,38.64416],[-8.14654,38.64292],[-8.14345,38.64208],[-8.13591,38.64051],[-8.13046,38.63875],[-8.12547,38.63645],[-8.11844,38.63208],[-8.11378,38.62978],[-8.10812,38.62781],[-8.0991,38.62584],[-8.09358,38.62412],[-8.09,38.62259],[-8.0794,38.61747],[-8.06609,38.61216],[-8.05865,38.60847],[-8.05614,38.60732],[-8.05288,38.60608],[-8.0479,38.60459],[-8.04295,38.60366],[-8.03991,38.60329],[-8.02932,38.60245],[-8.0235,38.60252],[-8.01931,38.60293],[-8.01379,38.60406],[-8.00868,38.60568],[-8.00499,38.60727],[-8.00248,38.60858],[-7.99828,38.61129],[-7.98821,38.61944],[-7.9838,38.62272],[-7.98009,38.62481],[-7.97764,38.62596],[-7.97479,38.62707],[-7.9711,38.62822],[-7.9671,38.62912],[-7.96284,38.62971],[-7.94266,38.63089],[-7.93748,38.6308],[-7.90766,38.62917],[-7.90223,38.62935],[-7.89934,38.62967],[-7.8937,38.6308],[-7.89131,38.63148],[-7.88686,38.63312],[-7.87488,38.63901],[-7.8715,38.64051],[-7.8612,38.64463],[-7.85696,38.64666],[-7.85246,38.64953],[-7.84883,38.65252],[-7.8458,38.65575],[-7.8443,38.65773],[-7.84159,38.66186],[-7.83867,38.66529],[-7.83628,38.66755],[-7.83032,38.67214],[-7.82609,38.67571],[-7.81125,38.6903],[-7.80785,38.69433],[-7.8051,38.69859],[-7.80289,38.70158],[-7.7999,38.70474],[-7.79601,38.70789],[-7.79119,38.71107],[-7.78821,38.71336],[-7.77611,38.72427],[-7.77304,38.72647],[-7.76545,38.73128],[-7.75645,38.73842],[-7.75301,38.74062],[-7.75041,38.74181],[-7.74824,38.74254],[-7.74008,38.74435],[-7.73728,38.74532],[-7.73519,38.74626],[-7.72795,38.75008],[-7.71732,38.75453],[-7.71512,38.75565],[-7.71159,38.75777],[-7.70845,38.76007],[-7.6932,38.77302],[-7.6896,38.7769],[-7.68406,38.78421],[-7.68068,38.78763],[-7.67742,38.79018],[-7.66811,38.79613],[-7.66495,38.79789],[-7.66011,38.8001],[-7.65042,38.80367],[-7.64747,38.80463],[-7.64373,38.80557],[-7.63275,38.80725],[-7.62604,38.80917],[-7.62262,38.81058],[-7.61902,38.81242],[-7.61406,38.8156],[-7.60984,38.81792],[-7.60629,38.81947],[-7.60122,38.82128],[-7.59784,38.82222],[-7.59397,38.82304],[-7.59076,38.82352],[-7.58239,38.8244],[-7.57877,38.82441],[-7.57601,38.82411],[-7.57343,38.82359],[-7.57086,38.8228],[-7.56667,38.82084],[-7.55585,38.81441],[-7.55199,38.81265],[-7.54979,38.81182],[-7.54573,38.8106],[-7.54132,38.80971],[-7.5369,38.80918],[-7.53442,38.80906],[-7.52955,38.80916],[-7.50311,38.81147],[-7.49788,38.81237],[-7.48691,38.81517],[-7.48146,38.81637],[-7.47449,38.81746],[-7.45538,38.81975],[-7.45127,38.82048],[-7.44785,38.82135],[-7.44372,38.82277],[-7.41755,38.8343],[-7.3995,38.84059],[-7.3804,38.84669],[-7.37589,38.84781],[-7.37175,38.84846],[-7.35163,38.84979],[-7.34703,38.85033],[-7.3427,38.85123],[-7.33025,38.85462],[-7.32298,38.85576],[-7.31725,38.85689],[-7.31262,38.85809],[-7.30813,38.85954],[-7.28215,38.86952],[-7.26851,38.87513],[-7.26191,38.87741],[-7.25563,38.87895],[-7.25089,38.87976],[-7.24691,38.88022],[-7.24193,38.88057],[-7.23723,38.88118],[-7.22423,38.88376],[-7.22041,38.88474],[-7.21754,38.886],[-7.21532,38.88747],[-7.21407,38.88856],[-7.20495,38.89776],[-7.20292,38.8993],[-7.20141,38.90018],[-7.19782,38.90164],[-7.18664,38.90471],[-7.17722,38.90914],[-7.17496,38.91001],[-7.17312,38.91045],[-7.17167,38.91064],[-7.16973,38.91064],[-7.16649,38.91007],[-7.16422,38.90913],[-7.15757,38.90546],[-7.15577,38.90471],[-7.15296,38.90383],[-7.14914,38.90311],[-7.13907,38.90205],[-7.13547,38.9012],[-7.12516,38.89681],[-7.12224,38.89529],[-7.11533,38.89117],[-7.11306,38.89016],[-7.1107,38.88944],[-7.10761,38.88894],[-7.09469,38.88805],[-7.04414,38.8828],[-7.03908,38.88242],[-7.03705,38.88264],[-7.03181,38.88372],[-7.02117,38.88663],[-7.01591,38.88856],[-7.01203,38.89058],[-7.00833,38.89314],[-7.00502,38.89621],[-7.00341,38.8981],[-6.99709,38.90642],[-6.9946,38.90902],[-6.99284,38.91053],[-6.99019,38.91243],[-6.98592,38.91478],[-6.98355,38.91578],[-6.98036,38.91687],[-6.96943,38.91985],[-6.96652,38.92022],[-6.96145,38.92032],[-6.95978,38.92021],[-6.95788,38.91983],[-6.95586,38.91911],[-6.95356,38.91772],[-6.952,38.91622],[-6.94941,38.91279],[-6.94686,38.91082],[-6.94473,38.90977],[-6.93846,38.90752],[-6.93716,38.90694],[-6.93483,38.90555],[-6.91453,38.88883],[-6.91189,38.88708],[-6.90953,38.88618],[-6.9072,38.88576],[-6.90497,38.88568],[-6.89785,38.88585],[-6.89574,38.8856],[-6.89389,38.88509],[-6.89236,38.88444],[-6.89076,38.88348],[-6.88604,38.87949],[-6.88248,38.87709],[-6.88045,38.87598],[-6.87732,38.87458],[-6.87225,38.87295],[-6.86742,38.87203],[-6.85699,38.87101],[-6.84742,38.86917],[-6.84135,38.8684],[-6.83682,38.86815],[-6.82985,38.86823],[-6.82637,38.86808],[-6.82241,38.86758],[-6.81553,38.86622],[-6.81275,38.86594],[-6.80985,38.86593],[-6.80025,38.86647],[-6.79822,38.86636],[-6.79532,38.86568],[-6.79158,38.86389],[-6.78999,38.8633],[-6.78692,38.86273],[-6.78498,38.8627],[-6.78258,38.86304],[-6.77667,38.86503],[-6.77367,38.86558],[-6.76376,38.86617],[-6.76005,38.86595],[-6.75691,38.86525],[-6.75454,38.86436],[-6.75202,38.86296],[-6.74646,38.85859],[-6.74421,38.85718],[-6.74115,38.85587],[-6.73629,38.85437],[-6.72488,38.85277],[-6.71535,38.85093],[-6.70718,38.84962],[-6.70426,38.84961],[-6.69471,38.85095],[-6.69236,38.85095],[-6.68949,38.85061],[-6.6866,38.8499],[-6.68222,38.84834],[-6.67837,38.84644],[-6.67193,38.84262],[-6.6699,38.84176],[-6.66777,38.84113],[-6.66589,38.84077],[-6.6604,38.84026],[-6.65249,38.8392],[-6.6391,38.83802],[-6.63482,38.83785],[-6.63129,38.83818],[-6.62863,38.83877],[-6.62556,38.83988],[-6.62332,38.84104],[-6.62129,38.84245],[-6.61913,38.84448],[-6.61766,38.84641],[-6.61536,38.85031],[-6.61421,38.85165],[-6.61303,38.85263],[-6.61133,38.85364],[-6.6098,38.85427],[-6.60274,38.85614],[-6.59682,38.85663],[-6.58695,38.85795],[-6.57677,38.85859],[-6.57221,38.85927],[-6.56511,38.85906],[-6.55447,38.86057],[-6.54752,38.86126],[-6.54485,38.86123],[-6.53749,38.86004],[-6.53561,38.86001],[-6.5339,38.86018],[-6.53167,38.86072],[-6.52694,38.86258],[-6.52348,38.86349],[-6.50536,38.86722],[-6.50357,38.86742],[-6.5005,38.86749],[-6.49822,38.86783],[-6.49571,38.86868],[-6.4915,38.87082],[-6.48313,38.87326],[-6.48044,38.87367],[-6.4712,38.8746],[-6.46588,38.87593],[-6.4634,38.87639],[-6.45758,38.87669],[-6.4547,38.87704],[-6.45163,38.87772],[-6.44908,38.87854],[-6.44672,38.87954],[-6.44297,38.88144],[-6.41584,38.89596],[-6.40872,38.901],[-6.40709,38.90189],[-6.40006,38.90484],[-6.3838,38.90784],[-6.38086,38.90879],[-6.37869,38.90995],[-6.3764,38.91188],[-6.37483,38.91399],[-6.36978,38.92594],[-6.36466,38.93634],[-6.36312,38.93826],[-6.36145,38.93969],[-6.35886,38.94114],[-6.35597,38.94216],[-6.35259,38.94271],[-6.3471,38.94273],[-6.34505,38.94294],[-6.34246,38.94349],[-6.33845,38.94474],[-6.33676,38.94509],[-6.33071,38.94564],[-6.32483,38.94685],[-6.32215,38.94713],[-6.31829,38.94695],[-6.31605,38.94653],[-6.31032,38.94504],[-6.30763,38.94467],[-6.30523,38.94456],[-6.30157,38.94475],[-6.29464,38.94593],[-6.28787,38.94662],[-6.28138,38.94795],[-6.27727,38.94844],[-6.2732,38.94846],[-6.26988,38.94814],[-6.26457,38.94731],[-6.26142,38.94733],[-6.2592,38.94769],[-6.25681,38.94841],[-6.25151,38.95106],[-6.24912,38.95198],[-6.24567,38.95275],[-6.24271,38.95295],[-6.23943,38.95284],[-6.23082,38.95199],[-6.22255,38.95061],[-6.21151,38.9493],[-6.20306,38.94961],[-6.2005,38.9495],[-6.19763,38.94908],[-6.19124,38.94767],[-6.1868,38.94609],[-6.18483,38.94562],[-6.18165,38.94544],[-6.17875,38.94588],[-6.17692,38.9465],[-6.16793,38.95065],[-6.16642,38.95154],[-6.16471,38.953],[-6.15992,38.95799],[-6.14073,38.98303],[-6.13914,38.98473],[-6.13701,38.98629],[-6.13571,38.98703],[-6.133,38.98816],[-6.12935,38.98903],[-6.10485,38.99124],[-6.10251,38.99157],[-6.09944,38.9926],[-6.09701,38.99412],[-6.09551,38.99569],[-6.0947,38.99695],[-6.08486,39.01702],[-6.08407,39.01825],[-6.06181,39.04204],[-6.06054,39.04375],[-6.05979,39.04552],[-6.05564,39.06087],[-6.05458,39.0628],[-6.05335,39.06417],[-6.05192,39.06525],[-6.05046,39.06606],[-6.04292,39.06934],[-6.04095,39.07041],[-6.0222,39.08481],[-6.02055,39.08638],[-6.01946,39.08784],[-6.01768,39.09114],[-6.01689,39.09223],[-6.0146,39.09446],[-6.01164,39.09649],[-6.00453,39.10048],[-5.95425,39.1277],[-5.94826,39.1311],[-5.94677,39.13246],[-5.94576,39.13378],[-5.94341,39.13846],[-5.94176,39.14042],[-5.94031,39.14172],[-5.93844,39.14299],[-5.93481,39.14488],[-5.93226,39.14642],[-5.92984,39.1485],[-5.92839,39.15006],[-5.92658,39.15276],[-5.92464,39.15715],[-5.92378,39.1587],[-5.92172,39.16142],[-5.92032,39.16269],[-5.91829,39.16428],[-5.91612,39.16566],[-5.91488,39.16623],[-5.91085,39.1678],[-5.90612,39.16879],[-5.90331,39.16959],[-5.90198,39.17018],[-5.90085,39.17092],[-5.89939,39.1722],[-5.89787,39.17433],[-5.8974,39.17548],[-5.89645,39.1822],[-5.89609,39.18345],[-5.89538,39.18481],[-5.88937,39.19237],[-5.88799,39.19355],[-5.88522,39.19527],[-5.88324,39.19676],[-5.88218,39.1979],[-5.88129,39.19916],[-5.87754,39.2078],[-5.87721,39.2092],[-5.87722,39.21025],[-5.87729,39.21131],[-5.87765,39.21259],[-5.8781,39.21353],[-5.8791,39.21503],[-5.88223,39.21836],[-5.88309,39.2201],[-5.88344,39.22149],[-5.88363,39.22417],[-5.88357,39.2276],[-5.88314,39.23196],[-5.88279,39.24163],[-5.88241,39.2434],[-5.88103,39.24619],[-5.87972,39.2481],[-5.87732,39.25021],[-5.87425,39.25198],[-5.86863,39.25397],[-5.86636,39.25531],[-5.86525,39.2563],[-5.85875,39.26385],[-5.85725,39.26657],[-5.85683,39.26808],[-5.85603,39.27698],[-5.8552,39.29455],[-5.85534,39.29648],[-5.85721,39.30487],[-5.85731,39.30629],[-5.8572,39.3079],[-5.85633,39.31315],[-5.85615,39.3164],[-5.85645,39.31945],[-5.85792,39.32507],[-5.85809,39.32688],[-5.85783,39.32879],[-5.85689,39.33178],[-5.8564,39.33521],[-5.85655,39.33755],[-5.85773,39.34722],[-5.85804,39.3485],[-5.85886,39.3506],[-5.86392,39.35755],[-5.86566,39.3595],[-5.87695,39.37054],[-5.87891,39.37284],[-5.87992,39.37465],[-5.88032,39.3762],[-5.88065,39.37874],[-5.88108,39.37995],[-5.88272,39.38349],[-5.88659,39.39046],[-5.88724,39.39226],[-5.88964,39.40338],[-5.88982,39.40525],[-5.88969,39.40761],[-5.88914,39.40996],[-5.88795,39.41271],[-5.87981,39.42596],[-5.87916,39.42767],[-5.87868,39.43001],[-5.8785,39.43323],[-5.87828,39.43438],[-5.87504,39.44239],[-5.87397,39.44679],[-5.87347,39.44813],[-5.87241,39.4498],[-5.87162,39.45067],[-5.86991,39.45201],[-5.86589,39.45425],[-5.86488,39.45497],[-5.86267,39.45696],[-5.8611,39.45907],[-5.86024,39.4608],[-5.85892,39.46432],[-5.85591,39.46958],[-5.85494,39.47225],[-5.85274,39.47651],[-5.8514,39.48017],[-5.85041,39.4823],[-5.84282,39.49368],[-5.84131,39.49639],[-5.84061,39.49835],[-5.83798,39.5075],[-5.836,39.51282],[-5.83485,39.51705],[-5.83437,39.52084],[-5.83344,39.53704],[-5.83308,39.55781],[-5.83494,39.58599],[-5.83515,39.58733],[-5.83692,39.59123],[-5.83747,39.59346],[-5.8389,39.60209],[-5.83915,39.60567],[-5.83854,39.60771],[-5.83685,39.61012],[-5.83051,39.61587],[-5.82844,39.61826],[-5.82302,39.6278],[-5.82221,39.62899],[-5.82105,39.63018],[-5.81996,39.631],[-5.81689,39.63275],[-5.81397,39.63481],[-5.81153,39.63731],[-5.80964,39.64008],[-5.8089,39.6416],[-5.80838,39.64311],[-5.80726,39.64863],[-5.80674,39.65026],[-5.80614,39.65148],[-5.80478,39.65325],[-5.8039,39.65403],[-5.80145,39.65566],[-5.79513,39.65943],[-5.79326,39.6603],[-5.78984,39.66145],[-5.78786,39.66191],[-5.78426,39.66236],[-5.78221,39.66243],[-5.77505,39.66202],[-5.77179,39.66236],[-5.76722,39.66337],[-5.76206,39.66495],[-5.7582,39.66643],[-5.7507,39.6698],[-5.7453,39.6727],[-5.73644,39.67865],[-5.72564,39.68399],[-5.71793,39.68729],[-5.71645,39.68776],[-5.70969,39.68929],[-5.70768,39.68988],[-5.70542,39.69085],[-5.69271,39.69873],[-5.69089,39.70033],[-5.69027,39.70121],[-5.68974,39.70236],[-5.68946,39.70374],[-5.68945,39.70476],[-5.69004,39.70684],[-5.6914,39.70871],[-5.6922,39.7094],[-5.69847,39.71342],[-5.7,39.71413],[-5.70499,39.71576],[-5.70682,39.7167],[-5.70847,39.71792],[-5.7098,39.71926],[-5.71255,39.72301],[-5.71548,39.72629],[-5.71872,39.73107],[-5.72225,39.73443],[-5.72339,39.73588],[-5.72431,39.73788],[-5.72487,39.74212],[-5.72647,39.74622],[-5.72664,39.74789],[-5.72643,39.75023],[-5.72683,39.75235],[-5.72758,39.75376],[-5.72831,39.75464],[-5.73125,39.75734],[-5.7325,39.75937],[-5.73294,39.76075],[-5.73346,39.76351],[-5.734,39.765],[-5.73462,39.76627],[-5.73637,39.76883],[-5.73706,39.77032],[-5.7374,39.77255],[-5.73699,39.77475],[-5.73613,39.77641],[-5.73487,39.77786],[-5.72969,39.78211],[-5.7256,39.78449],[-5.72184,39.78613],[-5.71692,39.78782],[-5.71258,39.78881],[-5.70984,39.78916],[-5.70011,39.7896],[-5.69598,39.79019],[-5.69262,39.791],[-5.68976,39.79192],[-5.68591,39.79356],[-5.6816,39.79578],[-5.67883,39.79751],[-5.6763,39.79952],[-5.67378,39.80215],[-5.67233,39.80413],[-5.66875,39.80992],[-5.66465,39.81528],[-5.66287,39.81807],[-5.66171,39.8202],[-5.65867,39.82685],[-5.65637,39.83018],[-5.65514,39.83153],[-5.65327,39.83321],[-5.64375,39.84105],[-5.64074,39.84333],[-5.63551,39.84667],[-5.61899,39.85507],[-5.61705,39.85629],[-5.61083,39.86083],[-5.60869,39.86213],[-5.60541,39.86357],[-5.5988,39.86588],[-5.58983,39.87017],[-5.58675,39.87106],[-5.58493,39.87135],[-5.58265,39.87151],[-5.5762,39.87153],[-5.5729,39.87184],[-5.55406,39.87378],[-5.54925,39.87476],[-5.54556,39.87593],[-5.54216,39.87741],[-5.53947,39.87923],[-5.53616,39.88238],[-5.53487,39.88334],[-5.53348,39.88423],[-5.53084,39.88553],[-5.52694,39.88667],[-5.52024,39.88779],[-5.51555,39.8893],[-5.51226,39.88997],[-5.50909,39.89016],[-5.50627,39.89005],[-5.49679,39.88857],[-5.49153,39.88811],[-5.48275,39.88889],[-5.47027,39.88913],[-5.4632,39.88951],[-5.46008,39.8894],[-5.37082,39.8927],[-5.36784,39.89305],[-5.36329,39.89424],[-5.36025,39.89462],[-5.30147,39.89516],[-5.2994,39.89557],[-5.28042,39.90118],[-5.27911,39.90142],[-5.26535,39.90106],[-5.24383,39.9025],[-5.21614,39.90755],[-5.21468,39.90808],[-5.2129,39.90907],[-5.21125,39.91062],[-5.21028,39.91218],[-5.20631,39.92049],[-5.20535,39.9221],[-5.20352,39.92393],[-5.20088,39.92547],[-5.19826,39.92626],[-5.19497,39.92655],[-5.19214,39.92621],[-5.18818,39.92506],[-5.1867,39.92479],[-5.18311,39.92475],[-5.17889,39.92566],[-5.15996,39.93041],[-5.15651,39.93103],[-5.15356,39.93134],[-5.14802,39.9314],[-5.14245,39.93078],[-5.13857,39.92991],[-5.1301,39.9271],[-5.12783,39.92664],[-5.11997,39.92638],[-5.11358,39.92516],[-5.11006,39.92497],[-5.09502,39.92366],[-5.08971,39.9229],[-5.08683,39.92197],[-5.08062,39.91875],[-5.07614,39.91711],[-5.07462,39.91681],[-5.07057,39.91667],[-5.06771,39.91687],[-5.04144,39.92067],[-5.00152,39.93298],[-4.99418,39.93395],[-4.96757,39.9388],[-4.95585,39.94185],[-4.95304,39.94284],[-4.92351,39.9575],[-4.92168,39.958],[-4.91961,39.9582],[-4.91073,39.9578],[-4.90878,39.95807],[-4.90659,39.9588],[-4.90443,39.96015],[-4.89304,39.96986],[-4.8913,39.97091],[-4.8897,39.97157],[-4.88796,39.97203],[-4.88603,39.9723],[-4.87779,39.97214],[-4.87419,39.9724],[-4.87159,39.97285],[-4.86499,39.97442],[-4.86007,39.97579],[-4.85762,39.9769],[-4.85615,39.9778],[-4.84928,39.98344],[-4.8461,39.98558],[-4.84163,39.9882],[-4.83935,39.98992],[-4.83779,39.99147],[-4.83683,39.99267],[-4.83186,40.0008],[-4.8308,40.00203],[-4.8294,40.00318],[-4.82708,40.00441],[-4.82131,40.00631],[-4.81818,40.00766],[-4.81562,40.00919],[-4.80312,40.01796],[-4.80032,40.01927],[-4.79764,40.01993],[-4.79558,40.02008],[-4.79347,40.01996],[-4.79145,40.01954],[-4.78887,40.01853],[-4.78594,40.01678],[-4.77313,40.00781],[-4.77147,40.00637],[-4.76962,40.00435],[-4.75725,39.98752],[-4.75489,39.98464],[-4.75322,39.9833],[-4.75093,39.98209],[-4.74863,39.98141],[-4.74633,39.9811],[-4.7426,39.9811],[-4.72967,39.9817],[-4.7261,39.98221],[-4.71674,39.98499],[-4.69377,39.99233],[-4.6851,39.9942],[-4.68041,39.99485],[-4.6441,39.9989],[-4.64198,39.9996],[-4.63494,40.00272],[-4.62573,40.00876],[-4.62401,40.00963],[-4.62198,40.01026],[-4.61383,40.01207],[-4.54015,40.0169],[-4.53165,40.01837],[-4.50972,40.02117],[-4.5009,40.02111],[-4.48725,40.02146],[-4.47451,40.02258],[-4.45389,40.0264],[-4.42994,40.03361],[-4.41256,40.0369],[-4.40849,40.03839],[-4.39945,40.04312],[-4.37835,40.05456],[-4.376,40.0561],[-4.37009,40.06072],[-4.36871,40.06207],[-4.36777,40.06346],[-4.36422,40.07057],[-4.35792,40.07818],[-4.35537,40.08112],[-4.33667,40.09815],[-4.33559,40.09949],[-4.33466,40.1011],[-4.33323,40.10553],[-4.33245,40.10714],[-4.33168,40.10829],[-4.32968,40.11039],[-4.32832,40.11141],[-4.32638,40.11252],[-4.32318,40.11373],[-4.31941,40.11442],[-4.31669,40.11447],[-4.31129,40.11394],[-4.30717,40.11433],[-4.29434,40.11729],[-4.29218,40.11766],[-4.28871,40.11758],[-4.28117,40.11626],[-4.27936,40.1161],[-4.27062,40.11676],[-4.26529,40.11751],[-4.26242,40.11828],[-4.26014,40.11937],[-4.25409,40.12408],[-4.25178,40.12548],[-4.24899,40.12661],[-4.24551,40.12742],[-4.24222,40.12767],[-4.23913,40.12746],[-4.22784,40.12541],[-4.22606,40.12521],[-4.22282,40.12537],[-4.22003,40.1261],[-4.19325,40.1392],[-4.19097,40.14067],[-4.18599,40.14485],[-4.17963,40.14887],[-4.17762,40.15083],[-4.172,40.15819],[-4.16728,40.16612],[-4.16599,40.16745],[-4.16484,40.16827],[-4.12881,40.1864],[-4.12716,40.18696],[-4.12545,40.18727],[-4.116,40.1881],[-4.11364,40.18881],[-4.11183,40.1897],[-4.10992,40.19113],[-4.10845,40.1929],[-4.10124,40.20768],[-4.10046,40.20891],[-4.09931,40.2103],[-4.09705,40.21226],[-4.09488,40.21359],[-4.09233,40.21467],[-4.08257,40.21785],[-4.08062,40.21862],[-4.07761,40.22021],[-4.07602,40.22127],[-4.07503,40.22215],[-4.07394,40.22352],[-4.07224,40.2266],[-4.0655,40.23491],[-4.05691,40.24683],[-4.04915,40.25493],[-4.04597,40.25873],[-4.04166,40.26294],[-4.02994,40.2756],[-4.02832,40.27706],[-4.02685,40.27791],[-4.02479,40.27863],[-4.02293,40.27898],[-4.01252,40.27985],[-4.01017,40.28017],[-4.00744,40.28078],[-4.00449,40.28182],[-4.00169,40.28324],[-3.99893,40.28506],[-3.99409,40.28866],[-3.99151,40.29005],[-3.98377,40.29215],[-3.9652,40.29649],[-3.95769,40.29708],[-3.94884,40.29816],[-3.9377,40.2986],[-3.9351,40.29926],[-3.92823,40.30189],[-3.92515,40.30265],[-3.92181,40.30305],[-3.91119,40.30386],[-3.90981,40.30409],[-3.90754,40.3048],[-3.90593,40.30567],[-3.90396,40.30725],[-3.8999,40.31242],[-3.89698,40.31735],[-3.89379,40.32481],[-3.89151,40.32822],[-3.8904,40.32951],[-3.88767,40.33198],[-3.88587,40.33332],[-3.88272,40.3353],[-3.87889,40.33736],[-3.87553,40.33892],[-3.86332,40.34335],[-3.8614,40.34431],[-3.85555,40.34778],[-3.853,40.34908],[-3.84928,40.35073],[-3.8436,40.35276],[-3.83786,40.35424],[-3.83446,40.35478],[-3.8324,40.35486],[-3.8302,40.35472],[-3.82538,40.35389],[-3.82452,40.35394],[-3.82325,40.35429],[-3.8225,40.35468],[-3.82015,40.35643],[-3.81453,40.36082],[-3.81307,40.36143],[-3.8107,40.36164],[-3.80722,40.36091],[-3.80519,40.36076],[-3.80384,40.36086],[-3.79922,40.36183],[-3.79785,40.36189],[-3.79602,40.36175],[-3.79245,40.36106],[-3.79066,40.36097],[-3.78455,40.36219],[-3.78178,40.36242],[-3.77905,40.36198],[-3.77763,40.3615],[-3.77482,40.36016],[-3.77235,40.35949],[-3.7703,40.3593],[-3.766,40.35936],[-3.76136,40.35865],[-3.75944,40.35858],[-3.75658,40.35894],[-3.7522,40.36012],[-3.74531,40.36166],[-3.74296,40.36191],[-3.73957,40.3618],[-3.73699,40.36191],[-3.73465,40.36227],[-3.72737,40.36402],[-3.72388,40.36456],[-3.71868,40.3647],[-3.71249,40.36407],[-3.70348,40.36348],[-3.70154,40.3636],[-3.69824,40.36423],[-3.69538,40.36431],[-3.69384,40.36401],[-3.69417,40.36868],[-3.69485,40.37435],[-3.69481,40.37531],[-3.69455,40.37609],[-3.69148,40.38059],[-3.6901,40.38133],[-3.68686,40.38157],[-3.68493,40.38236],[-3.68191,40.38468],[-3.68089,40.38677],[-3.67864,40.39015],[-3.67779,40.39072],[-3.67654,40.39111],[-3.6759,40.39153],[-3.67541,40.39158],[-3.67533,40.39167],[-3.67673,40.39252],[-3.67745,40.39322],[-3.67721,40.3936],[-3.67722,40.39392],[-3.67776,40.39497]]}},{"type":"Feature","properties":{"name":"GraphHopper Track","mode":"ride","distance_km":"164.7"},"geometry":{"type":"LineString","coordinates":[[22.98815,48.55128],[22.9817,48.55073],[22.98036,48.55397],[22.97768,48.55669],[22.97469,48.56041],[22.96839,48.56479],[22.96746,48.56589],[22.96449,48.56829],[22.96864,48.57385],[22.96834,48.57534],[22.96845,48.57734],[22.96867,48.5778],[22.96974,48.5788],[22.96995,48.57926],[22.97259,48.592],[22.97046,48.59959],[22.97052,48.60199],[22.97037,48.6025],[22.96934,48.60359],[22.9682,48.60428],[22.96785,48.60491],[22.96366,48.6086],[22.9632,48.60906],[22.96299,48.60954],[22.96278,48.61109],[22.9629,48.61186],[22.96343,48.61259],[22.96317,48.61305],[22.96685,48.62097],[22.96675,48.62212],[22.9672,48.62282],[22.96553,48.62323],[22.963,48.62502],[22.96148,48.62527],[22.95961,48.62547],[22.95853,48.62542],[22.95726,48.6251],[22.95566,48.62435],[22.95439,48.62432],[22.95136,48.62606],[22.94971,48.62643],[22.94613,48.62815],[22.94514,48.62746],[22.94472,48.62581],[22.94421,48.62567],[22.94332,48.62476],[22.9436,48.62443],[22.9409,48.62339],[22.94101,48.62294],[22.94026,48.6227],[22.93825,48.6227],[22.93526,48.62384],[22.93825,48.6227],[22.94026,48.6227],[22.94101,48.62294],[22.9409,48.62339],[22.9436,48.62443],[22.94332,48.62476],[22.94421,48.62567],[22.94472,48.62581],[22.94514,48.62746],[22.94613,48.62815],[22.94971,48.62643],[22.95136,48.62606],[22.95439,48.62432],[22.95566,48.62435],[22.95726,48.6251],[22.95853,48.62542],[22.95961,48.62547],[22.96148,48.62527],[22.963,48.62502],[22.96553,48.62323],[22.9672,48.62282],[22.96675,48.62212],[22.96685,48.62097],[22.96317,48.61305],[22.96343,48.61259],[22.9629,48.61186],[22.96278,48.61109],[22.96299,48.60954],[22.9632,48.60906],[22.96366,48.6086],[22.96785,48.60491],[22.9682,48.60428],[22.96934,48.60359],[22.97037,48.6025],[22.97052,48.60199],[22.97046,48.59959],[22.97259,48.592],[22.96995,48.57926],[22.96974,48.5788],[22.96867,48.5778],[22.96845,48.57734],[22.96834,48.57534],[22.96864,48.57385],[22.96357,48.56706],[22.95347,48.56072],[22.94792,48.55907],[22.94538,48.55816],[22.94299,48.55705],[22.93842,48.55569],[22.9371,48.5549],[22.93215,48.55073],[22.92928,48.54689],[22.92898,48.54601],[22.92898,48.54543],[22.92959,48.54355],[22.92963,48.54252],[22.92921,48.54128],[22.92797,48.53991],[22.92583,48.53881],[22.92018,48.53655],[22.91815,48.53604],[22.91595,48.53594],[22.91418,48.53615],[22.90941,48.53787],[22.90733,48.53818],[22.90615,48.53812],[22.89329,48.53603],[22.89222,48.53573],[22.88832,48.53322],[22.88612,48.5307],[22.87859,48.52331],[22.8713,48.51929],[22.84646,48.50127],[22.84421,48.50007],[22.83932,48.49833],[22.83743,48.49742],[22.836,48.49637],[22.83413,48.49432],[22.83319,48.49364],[22.83199,48.49319],[22.82831,48.49242],[22.82701,48.49197],[22.82426,48.49001],[22.8231,48.4894],[22.82016,48.48851],[22.81464,48.48829],[22.81039,48.48754],[22.80835,48.48661],[22.80652,48.4847],[22.80572,48.48406],[22.80474,48.48356],[22.78055,48.47824],[22.77809,48.47736],[22.77248,48.47404],[22.77062,48.4734],[22.76182,48.47192],[22.75447,48.47165],[22.75278,48.47116],[22.75059,48.46981],[22.74881,48.46939],[22.74753,48.46948],[22.7446,48.47028],[22.74307,48.47036],[22.74065,48.47007],[22.73673,48.46878],[22.73518,48.46847],[22.73339,48.46846],[22.72998,48.46876],[22.7279,48.46856],[22.72674,48.46818],[22.72572,48.46762],[22.72062,48.46253],[22.71907,48.46144],[22.71704,48.46047],[22.71486,48.45975],[22.7108,48.45873],[22.70952,48.45857],[22.70851,48.45815],[22.70313,48.45673],[22.68811,48.45192],[22.68572,48.45144],[22.68605,48.45079],[22.68629,48.4416],[22.68647,48.44076],[22.68715,48.43918],[22.68927,48.43628],[22.68923,48.43615],[22.69331,48.43249],[22.69539,48.43151],[22.7023,48.427],[22.70282,48.4264],[22.7031,48.4258],[22.70296,48.42433],[22.70247,48.42338],[22.63744,48.3377],[22.63835,48.31665],[22.6393,48.31225],[22.63982,48.307],[22.62102,48.27627],[22.62648,48.25309],[22.61063,48.24856],[22.60873,48.24785],[22.60677,48.24627],[22.60594,48.2458],[22.60003,48.24414],[22.59844,48.2441],[22.59746,48.24429],[22.58455,48.24772],[22.58141,48.24783],[22.58021,48.24811],[22.57846,48.24817],[22.57668,48.24791],[22.57581,48.24756],[22.57578,48.24516],[22.57545,48.24468],[22.57433,48.24433],[22.57223,48.24408],[22.5665,48.24518],[22.54099,48.25094],[22.54011,48.2509],[22.53899,48.25135],[22.5126,48.25724],[22.50802,48.25779],[22.49279,48.26288],[22.49048,48.2598],[22.49208,48.25924],[22.49048,48.2598],[22.49285,48.26281],[22.50802,48.25779],[22.5126,48.25724],[22.53899,48.25135],[22.54011,48.2509],[22.54099,48.25094],[22.5665,48.24518],[22.57223,48.24408],[22.57433,48.24433],[22.57545,48.24468],[22.57578,48.24516],[22.57581,48.24756],[22.57668,48.24791],[22.57846,48.24817],[22.58021,48.24811],[22.58141,48.24783],[22.58455,48.24772],[22.59746,48.24429],[22.59844,48.2441],[22.60003,48.24414],[22.60594,48.2458],[22.60677,48.24627],[22.60873,48.24785],[22.61063,48.24856],[22.62498,48.25265],[22.62578,48.25286],[22.62621,48.25279],[22.62659,48.25262],[22.62692,48.25124],[22.62731,48.25055],[22.63906,48.23504],[22.64396,48.23596],[22.64448,48.23662],[22.6454,48.23716],[22.64902,48.23833],[22.6498,48.23824],[22.65207,48.23836],[22.66882,48.23094],[22.67156,48.22911],[22.67664,48.2266],[22.6868,48.22387],[22.69143,48.22235],[22.69241,48.22192],[22.69261,48.22157],[22.69307,48.22134],[22.69638,48.22089],[22.6965,48.21523],[22.71636,48.22103],[22.71666,48.22129],[22.71842,48.22522],[22.71868,48.22541],[22.73656,48.22854],[22.73932,48.22887],[22.74122,48.22958],[22.74197,48.23028],[22.74313,48.23096],[22.74554,48.23151],[22.74658,48.23224],[22.75351,48.23419],[22.75734,48.23574],[22.75964,48.23707],[22.76343,48.23804],[22.76598,48.23893],[22.76758,48.23988],[22.77478,48.2508],[22.77531,48.25124],[22.77845,48.25248],[22.79612,48.2563],[22.79683,48.25619],[22.79957,48.25369],[22.80183,48.2534],[22.80292,48.25354],[22.80529,48.25416],[22.80747,48.2551],[22.80925,48.25615],[22.81,48.25626],[22.81393,48.25621],[22.8165,48.25597],[22.81882,48.25657],[22.82749,48.25721],[22.82995,48.25696],[22.83247,48.25631],[22.83431,48.25645],[22.83649,48.25694],[22.83719,48.25729],[22.8377,48.25909],[22.83848,48.26014],[22.84291,48.26273],[22.84639,48.26344],[22.84817,48.26403],[22.85241,48.26494],[22.85561,48.26506],[22.8569,48.26547],[22.8582,48.26539],[22.85939,48.26576],[22.86093,48.26655],[22.86698,48.26825],[22.87104,48.27023],[22.87487,48.27235],[22.87834,48.27395],[22.87992,48.27504],[22.88076,48.27601],[22.8816,48.27671],[22.88321,48.27762],[22.8862,48.27826],[22.88877,48.27824],[22.89348,48.27734],[22.89885,48.27747],[22.90063,48.27788],[22.90323,48.27948],[22.90402,48.2798],[22.90845,48.28082],[22.90972,48.28095],[22.93007,48.28004],[22.93335,48.28004],[22.9353,48.27947],[22.93626,48.27939],[22.93712,48.27946],[22.93883,48.27994],[22.94008,48.28],[22.94209,48.27959],[22.94709,48.27896],[22.94971,48.2794],[22.95189,48.27942],[22.95593,48.28061],[22.96212,48.28025],[22.96882,48.27941],[22.97281,48.28059],[22.97489,48.28163],[22.97556,48.28246],[22.97706,48.28518],[22.97757,48.28571],[22.97813,48.28601],[22.98162,48.28719],[22.98925,48.28832],[22.99664,48.28779],[22.99837,48.2867],[22.99918,48.28638],[23.04481,48.27665],[23.04807,48.27544],[23.0588,48.26918],[23.05944,48.26849],[23.06302,48.26738],[23.06614,48.26673],[23.06732,48.26718],[23.06795,48.26821],[23.06833,48.26846],[23.07208,48.26925],[23.08087,48.27053],[23.09444,48.26893],[23.10295,48.26851],[23.11528,48.27044],[23.11582,48.26815],[23.11249,48.26582],[23.11222,48.26546],[23.10911,48.25696],[23.109,48.25638],[23.10926,48.25444],[23.10874,48.25289],[23.10804,48.25202],[23.10789,48.25019],[23.10741,48.24883],[23.10744,48.24716],[23.10752,48.24683],[23.10826,48.24632],[23.10867,48.24576],[23.10916,48.24327],[23.10978,48.24229],[23.1096,48.24166],[23.10995,48.24129],[23.11028,48.24051],[23.11038,48.23901],[23.11271,48.23716],[23.114,48.23555],[23.1151,48.23496],[23.11822,48.2323],[23.12203,48.22994],[23.12224,48.22946],[23.12208,48.22888],[23.12298,48.22805],[23.12304,48.22654],[23.12336,48.2258],[23.12397,48.2255],[23.12599,48.2253],[23.12954,48.22546],[23.13207,48.22465],[23.13436,48.22333],[23.13508,48.22269],[23.13596,48.22245],[23.13695,48.22261],[23.13868,48.22195],[23.13922,48.2212],[23.13875,48.21967],[23.13886,48.21934],[23.14079,48.21803],[23.15108,48.21241],[23.15086,48.21127],[23.1511,48.21049],[23.15164,48.20999],[23.15254,48.20989],[23.15342,48.2101],[23.15476,48.21065],[23.15631,48.21157],[23.15688,48.21209],[23.15905,48.21323],[23.16046,48.21353],[23.16202,48.21219],[23.16354,48.21183],[23.1667,48.21005],[23.16731,48.20947],[23.1677,48.20868],[23.16818,48.20835],[23.17369,48.20727],[23.1742,48.20688],[23.17645,48.20635],[23.17781,48.20565],[23.17804,48.20507],[23.17861,48.20462],[23.18034,48.2046],[23.18045,48.2042],[23.17805,48.19221],[23.1987,48.19026],[23.21342,48.1879],[23.23137,48.18533],[23.26155,48.18162],[23.26272,48.18178],[23.26518,48.1812],[23.26852,48.18102],[23.27213,48.18044],[23.27623,48.18066],[23.27882,48.18022],[23.28359,48.17904],[23.28493,48.1774],[23.28619,48.17182],[23.28729,48.17127],[23.29018,48.16906],[23.29355,48.16995],[23.29435,48.16935],[23.29463,48.16933],[23.29481,48.16847],[23.29578,48.16605],[23.30103,48.15953],[23.30335,48.15807],[23.31586,48.152],[23.31473,48.15095],[23.30867,48.14371],[23.30778,48.14037],[23.30938,48.13716]]}},{"type":"Feature","properties":{"name":"GraphHopper Track","mode":"ride","distance_km":"103.1"},"geometry":{"type":"LineString","coordinates":[[24.72429,48.92235],[24.72359,48.92393],[24.72196,48.92352],[24.71838,48.91928],[24.71801,48.9186],[24.71527,48.91902],[24.71084,48.91877],[24.70779,48.91953],[24.70675,48.92001],[24.7057,48.92083],[24.70261,48.91922],[24.70122,48.91768],[24.69891,48.91603],[24.69582,48.91331],[24.68199,48.90625],[24.681,48.90617],[24.68058,48.90555],[24.61176,48.87049],[24.60413,48.86795],[24.58011,48.84672],[24.54983,48.8193],[24.5502,48.81899],[24.55521,48.80767],[24.55555,48.80634],[24.55546,48.80564],[24.55472,48.80375],[24.55146,48.79668],[24.55063,48.79608],[24.54929,48.79569],[24.53927,48.79461],[24.53695,48.79494],[24.52974,48.79692],[24.52167,48.78576],[24.5212,48.78545],[24.5214,48.78511],[24.51682,48.73967],[24.51653,48.73719],[24.51634,48.73656],[24.51562,48.73541],[24.51562,48.73448],[24.51796,48.73218],[24.5195,48.7293],[24.52353,48.71855],[24.52736,48.71517],[24.52853,48.71376],[24.5287,48.71319],[24.52806,48.71097],[24.52822,48.71031],[24.52955,48.70905],[24.53303,48.70656],[24.53411,48.70473],[24.5347,48.70414],[24.5452,48.69609],[24.54742,48.69411],[24.54965,48.69242],[24.56393,48.66916],[24.56484,48.66794],[24.56589,48.66744],[24.57787,48.66414],[24.57925,48.66337],[24.57998,48.6626],[24.58319,48.65559],[24.58321,48.65497],[24.58257,48.65421],[24.58066,48.65314],[24.58015,48.65263],[24.57244,48.63702],[24.57079,48.63565],[24.56835,48.63434],[24.56904,48.63369],[24.56854,48.6332],[24.57009,48.63239],[24.57041,48.63203],[24.57881,48.60265],[24.57999,48.60014],[24.58065,48.5992],[24.60269,48.57531],[24.60362,48.57402],[24.60591,48.57255],[24.61254,48.56574],[24.61819,48.55517],[24.61751,48.55493],[24.6189,48.55157],[24.61889,48.55067],[24.61969,48.5493],[24.62007,48.54784],[24.62049,48.54738],[24.62177,48.54666],[24.62216,48.54541],[24.62331,48.54364],[24.62607,48.54214],[24.62626,48.54181],[24.62625,48.5407],[24.62776,48.53854],[24.6283,48.53802],[24.6306,48.53668],[24.63412,48.53532],[24.63481,48.53461],[24.63509,48.53397],[24.63507,48.53321],[24.63482,48.53273],[24.63245,48.53041],[24.63074,48.52881],[24.62732,48.52676],[24.62636,48.52566],[24.62478,48.5221],[24.62511,48.52092],[24.62511,48.51946],[24.62277,48.51534],[24.62338,48.51399],[24.62318,48.51114],[24.62026,48.50613],[24.6192,48.50464],[24.61863,48.50436],[24.61553,48.50379],[24.61189,48.50243],[24.61095,48.50155],[24.60937,48.49952],[24.60726,48.4979],[24.60388,48.49687],[24.60121,48.4958],[24.59941,48.4947],[24.59757,48.49247],[24.59515,48.49022],[24.59441,48.48927],[24.59419,48.48856],[24.59415,48.48547],[24.59458,48.48314],[24.59445,48.48255],[24.5931,48.48155],[24.59098,48.48078],[24.58706,48.47825],[24.58463,48.47588],[24.58015,48.47393],[24.57737,48.4714],[24.57122,48.46956],[24.57011,48.46905],[24.56592,48.46404],[24.56482,48.46065],[24.56379,48.45907],[24.56162,48.45697],[24.55736,48.4547],[24.5564,48.45371],[24.55416,48.44961],[24.55265,48.44739],[24.5526,48.44569],[24.55079,48.44341],[24.54938,48.44254],[24.54736,48.44193],[24.54571,48.44053],[24.54243,48.43936],[24.54201,48.43912],[24.54146,48.43843],[24.54146,48.43805],[24.54184,48.43778],[24.55071,48.43592],[24.55256,48.43484],[24.55373,48.43438],[24.55501,48.43444],[24.55765,48.43506],[24.56089,48.43532],[24.56157,48.43519],[24.56325,48.43405],[24.56379,48.43387],[24.56526,48.43371],[24.56651,48.43378],[24.56686,48.43356],[24.56722,48.43243],[24.56701,48.43063],[24.5673,48.43024],[24.56816,48.42978],[24.57346,48.42992],[24.57638,48.4307],[24.5849,48.43172],[24.58649,48.43148],[24.59085,48.42982],[24.59605,48.42956],[24.5981,48.42856],[24.59838,48.42646],[24.59867,48.4255],[24.59952,48.42459],[24.60077,48.4239],[24.60113,48.4235],[24.60104,48.42252],[24.60064,48.42202],[24.59981,48.42141],[24.59761,48.4204],[24.5964,48.41926],[24.59599,48.41854],[24.59589,48.41757],[24.59649,48.41666],[24.59826,48.41513],[24.60412,48.40827],[24.60334,48.40245],[24.60313,48.40205],[24.60262,48.40164],[24.6003,48.40048],[24.59972,48.40004],[24.59953,48.3965],[24.597,48.39401],[24.59686,48.39334],[24.59726,48.39086],[24.59774,48.38991],[24.59733,48.38885],[24.59752,48.38706],[24.59185,48.38238],[24.58832,48.37971],[24.58802,48.37899],[24.58765,48.37579],[24.58564,48.37392],[24.58444,48.37218],[24.58282,48.37145],[24.57672,48.37023],[24.56985,48.37012],[24.56655,48.36955],[24.56566,48.36962],[24.55882,48.37123],[24.55709,48.37148],[24.55301,48.37126],[24.55207,48.37102],[24.55177,48.37071],[24.55193,48.37007],[24.55378,48.36847],[24.55482,48.36698],[24.55821,48.36526],[24.56032,48.36293],[24.56378,48.35784],[24.56494,48.35565],[24.56518,48.35457],[24.5655,48.35399],[24.56818,48.3511],[24.57039,48.34925],[24.57145,48.3486],[24.57895,48.34698],[24.58009,48.3455],[24.58019,48.34485],[24.57998,48.34405],[24.57926,48.34307],[24.57873,48.34271],[24.57627,48.34173],[24.56867,48.34072],[24.56465,48.34102],[24.55841,48.34181],[24.55311,48.34209],[24.54726,48.34308],[24.54446,48.34241],[24.5429,48.34223],[24.54093,48.34168],[24.54,48.34163],[24.53372,48.34239],[24.52597,48.34304],[24.51872,48.34494],[24.51777,48.34489],[24.51733,48.34469],[24.51006,48.34538],[24.50785,48.34615],[24.50663,48.34683],[24.50636,48.34725],[24.50652,48.3482],[24.50631,48.34894],[24.50518,48.35012],[24.50476,48.35037],[24.50429,48.35042],[24.50368,48.35022],[24.50278,48.34905],[24.50164,48.34863],[24.49876,48.34869],[24.49711,48.34832],[24.49421,48.34879],[24.49127,48.34866],[24.48924,48.34922],[24.48598,48.34911],[24.48464,48.34865],[24.48118,48.34807],[24.47875,48.34689],[24.47759,48.34664],[24.47644,48.346],[24.47551,48.34514],[24.47461,48.34488],[24.47024,48.34524],[24.46872,48.3457],[24.46624,48.34728],[24.46508,48.34845],[24.46464,48.3492],[24.46398,48.34967],[24.46198,48.35017],[24.46065,48.35088],[24.45794,48.35129],[24.45719,48.35121],[24.45682,48.35098],[24.45538,48.34932],[24.45062,48.34775],[24.44837,48.34666],[24.44173,48.34826],[24.4396,48.34821],[24.43823,48.3478],[24.43732,48.34786],[24.43549,48.34857],[24.43328,48.3486],[24.43216,48.34902],[24.43167,48.34956],[24.43118,48.35131],[24.43086,48.35182],[24.43057,48.35199],[24.42977,48.35185],[24.42873,48.35086],[24.42822,48.3508],[24.42707,48.35128],[24.42653,48.35229],[24.42617,48.35256],[24.42369,48.35281],[24.42263,48.35348],[24.42194,48.35369],[24.42124,48.35372],[24.41944,48.35339],[24.41721,48.35397],[24.41613,48.35384],[24.41462,48.35304],[24.4142,48.35315],[24.4137,48.35365],[24.41299,48.35509],[24.41191,48.35573],[24.41098,48.35723],[24.41182,48.35752],[24.41213,48.35833],[24.41276,48.35928],[24.41559,48.36071],[24.41525,48.3609],[24.41367,48.36075],[24.41289,48.36124],[24.41493,48.36181],[24.41518,48.36233],[24.41498,48.36312]]}},{"type":"Feature","properties":{"name":"GraphHopper Track","mode":"ride","distance_km":"63.5"},"geometry":{"type":"LineString","coordinates":[[33.60674,34.87118],[33.60559,34.87062],[33.60455,34.87081],[33.60396,34.87132],[33.60388,34.87169],[33.60529,34.87296],[33.60533,34.87328],[33.60518,34.87349],[33.6003,34.87749],[33.59611,34.87966],[33.59496,34.88045],[33.58866,34.8867],[33.57605,34.89683],[33.5747,34.89826],[33.5674,34.90738],[33.56683,34.90754],[33.5606,34.90695],[33.55905,34.90661],[33.5565,34.90551],[33.55216,34.90304],[33.54339,34.89936],[33.53619,34.89513],[33.52332,34.88852],[33.52164,34.88742],[33.5068,34.87571],[33.50365,34.87376],[33.47379,34.86096],[33.47015,34.85996],[33.45937,34.85846],[33.45808,34.8582],[33.45585,34.85742],[33.45379,34.85631],[33.44634,34.85175],[33.43115,34.84339],[33.40586,34.8319],[33.40387,34.83108],[33.40249,34.83083],[33.4003,34.83122],[33.39903,34.83203],[33.39643,34.83501],[33.39572,34.83561],[33.39438,34.8362],[33.39322,34.83631],[33.39193,34.83608],[33.38685,34.83423],[33.38344,34.83237],[33.38044,34.8301],[33.37548,34.82492],[33.37284,34.82272],[33.37116,34.82166],[33.35412,34.81251],[33.35221,34.81112],[33.35041,34.80907],[33.34978,34.80801],[33.34906,34.80611],[33.34849,34.80041],[33.34818,34.79884],[33.34733,34.79671],[33.34485,34.79223],[33.34417,34.79008],[33.34402,34.78811],[33.3443,34.78253],[33.3439,34.78093],[33.3428,34.77904],[33.33902,34.77543],[33.33802,34.77388],[33.33611,34.77028],[33.33494,34.76873],[33.32557,34.76007],[33.32302,34.75817],[33.32102,34.75699],[33.31829,34.75568],[33.29222,34.74547],[33.29002,34.74433],[33.28797,34.74262],[33.28684,34.74121],[33.28367,34.73479],[33.28243,34.73291],[33.28136,34.73172],[33.27979,34.73033],[33.27155,34.7245],[33.26864,34.72247],[33.26654,34.72131],[33.26526,34.72085],[33.2632,34.72042],[33.26101,34.72033],[33.25859,34.72066],[33.24538,34.72534],[33.24194,34.72689],[33.23317,34.73126],[33.23045,34.73231],[33.22728,34.73294],[33.21986,34.73366],[33.21814,34.73369],[33.21632,34.73347],[33.21338,34.73253],[33.21117,34.73117],[33.20938,34.7293],[33.20741,34.7256],[33.20649,34.72433],[33.20457,34.72285],[33.2026,34.72217],[33.20065,34.72192],[33.19585,34.72194],[33.19412,34.72174],[33.1706,34.71633],[33.16713,34.71583],[33.16486,34.71574],[33.16126,34.71601],[33.15873,34.71651],[33.15405,34.7178],[33.15154,34.71819],[33.14935,34.71828],[33.14636,34.71803],[33.14371,34.71744],[33.13563,34.7151],[33.13018,34.7132],[33.12508,34.71117],[33.12259,34.71039],[33.12011,34.70982],[33.10085,34.70636],[33.09739,34.70613],[33.09387,34.70626],[33.09022,34.70685],[33.08736,34.70771],[33.08677,34.70771],[33.08636,34.7072],[33.08616,34.70656],[33.08658,34.70505],[33.08731,34.70385],[33.08803,34.70175],[33.08805,34.699],[33.08839,34.6981],[33.0888,34.69603],[33.08615,34.69459],[33.07119,34.68919],[33.07126,34.68906],[33.07111,34.68901]]}},{"type":"Feature","properties":{"name":"GraphHopper Track","mode":"ride","distance_km":"34.2"},"geometry":{"type":"LineString","coordinates":[[23.94835,37.94038],[23.9489,37.9405],[23.94977,37.9399],[23.9491,37.93916],[23.94884,37.93907],[23.94862,37.93924],[23.94865,37.93992],[23.94839,37.94034],[23.94756,37.94062],[23.94678,37.94033],[23.94638,37.93918],[23.94587,37.93843],[23.92623,37.9178],[23.92423,37.91624],[23.92283,37.9155],[23.92093,37.91481],[23.91389,37.91336],[23.91175,37.91276],[23.91002,37.91211],[23.90498,37.90975],[23.90237,37.90885],[23.9007,37.90882],[23.89949,37.90932],[23.89698,37.91192],[23.89476,37.91492],[23.88936,37.9241],[23.88807,37.92706],[23.88727,37.92965],[23.88675,37.93219],[23.88652,37.93433],[23.8868,37.93873],[23.88648,37.94282],[23.88648,37.95907],[23.88619,37.96125],[23.88556,37.9633],[23.88436,37.96569],[23.88286,37.96771],[23.8721,37.97815],[23.87099,37.97962],[23.8704,37.9809],[23.87003,37.98283],[23.87021,37.98443],[23.87206,37.99009],[23.87319,37.99289],[23.87322,37.9937],[23.873,37.99431],[23.87259,37.99483],[23.87204,37.99519],[23.8693,37.99596],[23.85521,37.99758],[23.85333,37.9977],[23.85114,37.99757],[23.84638,37.99662],[23.84495,37.99692],[23.84406,37.99764],[23.84383,37.99818],[23.84382,37.99892],[23.84421,37.99965],[23.84584,38.00135],[23.84615,38.00205],[23.84615,38.00274],[23.84592,38.00332],[23.8441,38.006],[23.84299,38.00872],[23.84233,38.00929],[23.84144,38.00959],[23.83868,38.00937],[23.83798,38.00912],[23.83739,38.00869],[23.83688,38.00793],[23.83673,38.00731],[23.83682,38.00483],[23.8365,38.00417],[23.83532,38.00301],[23.83383,38.00211],[23.83121,38.00093],[23.82868,37.99952],[23.82008,37.99278],[23.81854,37.99215],[23.81573,37.99164],[23.81475,37.99116],[23.81387,37.99008],[23.81343,37.98783],[23.81262,37.9865],[23.81146,37.98564],[23.8082,37.9844],[23.80726,37.98377],[23.80671,37.98302],[23.80615,37.98113],[23.80578,37.98041],[23.80451,37.97906],[23.80322,37.97841],[23.80022,37.97778],[23.79768,37.97672],[23.79677,37.97613],[23.79557,37.9749],[23.79471,37.97445],[23.79396,37.97432],[23.79295,37.97443],[23.79071,37.97516],[23.78993,37.97571],[23.78346,37.98337],[23.78156,37.98593],[23.77738,37.99075],[23.77671,37.99231],[23.77602,37.99303],[23.7757,37.99307],[23.77126,37.99098],[23.76938,37.98952],[23.76664,37.98794],[23.76528,37.98678],[23.76347,37.98605],[23.76127,37.98644],[23.76018,37.98508],[23.75926,37.98425],[23.75827,37.98342],[23.75628,37.98227],[23.75392,37.97989],[23.75057,37.97714],[23.74302,37.97534],[23.73621,37.9762],[23.73552,37.97605],[23.73438,37.9762],[23.734,37.97569],[23.73409,37.97505],[23.73218,37.97525]]}},{"type":"Feature","properties":{"name":"GraphHopper Track","mode":"ride","distance_km":"132.4"},"geometry":{"type":"LineString","coordinates":[[41.60199,41.6107],[41.60094,41.61108],[41.59959,41.61193],[41.59681,41.61284],[41.59064,41.61693],[41.59034,41.6169],[41.58751,41.61838],[41.58723,41.61824],[41.58628,41.61679],[41.58655,41.61627],[41.58754,41.61539],[41.59004,41.61363],[41.59403,41.61114],[41.59424,41.61081],[41.60758,41.60212],[41.60834,41.60155],[41.60942,41.60028],[41.60948,41.59994],[41.61251,41.60034],[41.61447,41.60099],[41.61832,41.59904],[41.62018,41.59976],[41.62273,41.60126],[41.62323,41.60175],[41.62409,41.60151],[41.62667,41.60274],[41.62809,41.60154],[41.63119,41.60115],[41.63172,41.60146],[41.64071,41.59576],[41.64214,41.59468],[41.64215,41.59521],[41.64273,41.59598],[41.64258,41.59687],[41.64285,41.59716],[41.65441,41.60228],[41.65666,41.60386],[41.65758,41.60473],[41.65951,41.60714],[41.66071,41.60968],[41.66105,41.61093],[41.66123,41.61241],[41.66099,41.61857],[41.66109,41.61912],[41.66194,41.62185],[41.66311,41.6239],[41.66433,41.62528],[41.66566,41.62642],[41.66792,41.62783],[41.67676,41.63122],[41.67858,41.63203],[41.68049,41.6331],[41.68928,41.63964],[41.69144,41.64155],[41.693,41.64357],[41.69404,41.64607],[41.69468,41.64864],[41.69507,41.65347],[41.69508,41.65581],[41.69496,41.6595],[41.6946,41.66354],[41.69464,41.66499],[41.69545,41.66846],[41.69693,41.67074],[41.7011,41.67468],[41.7034,41.6772],[41.70569,41.68065],[41.70708,41.68342],[41.70784,41.68532],[41.7086,41.68628],[41.70951,41.68711],[41.71153,41.68821],[41.71572,41.68944],[41.71762,41.69019],[41.7245,41.69338],[41.72604,41.69452],[41.72673,41.69532],[41.72818,41.69846],[41.72877,41.6992],[41.72973,41.70002],[41.73078,41.70062],[41.73395,41.70184],[41.73655,41.70311],[41.73785,41.70394],[41.74152,41.70677],[41.74361,41.7078],[41.74744,41.70932],[41.74881,41.71019],[41.75027,41.71157],[41.75091,41.71246],[41.75157,41.71382],[41.75188,41.71538],[41.75186,41.71654],[41.75148,41.7181],[41.74963,41.72161],[41.74939,41.72243],[41.74933,41.72373],[41.7498,41.72576],[41.75204,41.72971],[41.75448,41.73386],[41.75552,41.73529],[41.75726,41.73689],[41.76033,41.73886],[41.76133,41.7398],[41.76208,41.74079],[41.76304,41.7429],[41.7637,41.74377],[41.7659,41.74603],[41.76681,41.74746],[41.7673,41.7488],[41.76815,41.75472],[41.76899,41.75664],[41.76967,41.75749],[41.77856,41.76627],[41.78452,41.77161],[41.78554,41.77288],[41.78617,41.77408],[41.78659,41.77585],[41.78659,41.7796],[41.78744,41.78357],[41.78752,41.78698],[41.78871,41.79067],[41.79005,41.79244],[41.79564,41.79746],[41.79657,41.79873],[41.79706,41.7999],[41.79721,41.80145],[41.79703,41.80249],[41.79635,41.80394],[41.79507,41.80593],[41.79467,41.80707],[41.79458,41.80861],[41.79515,41.81041],[41.79647,41.81211],[41.79775,41.81303],[41.79883,41.81358],[41.80024,41.81405],[41.80904,41.81613],[41.81135,41.81718],[41.81292,41.8184],[41.81438,41.82033],[41.82352,41.83486],[41.83575,41.85077],[41.83738,41.85366],[41.83827,41.8567],[41.83839,41.85904],[41.8382,41.86078],[41.83754,41.86295],[41.8368,41.86462],[41.83528,41.86686],[41.83294,41.86925],[41.80189,41.89484],[41.80128,41.89595],[41.80123,41.89913],[41.78182,41.89734],[41.77368,41.89893],[41.77409,41.90312],[41.77407,41.91331],[41.7744,41.91756],[41.7737,41.92313],[41.77075,41.94323],[41.76908,41.94317],[41.76887,41.94328],[41.76841,41.94578],[41.76847,41.9472],[41.76826,41.94878],[41.7678,41.94983],[41.7676,41.95282],[41.76695,41.95302],[41.76602,41.95365],[41.76508,41.95358],[41.76609,41.95363],[41.76695,41.95302],[41.7676,41.95282],[41.7678,41.94983],[41.76816,41.94896],[41.76841,41.94578],[41.76887,41.94328],[41.76908,41.94317],[41.77075,41.94323],[41.77421,41.9193],[41.7744,41.91756],[41.77424,41.91585],[41.77456,41.91577],[41.77421,41.91506],[41.7744,41.91756],[41.77432,41.91837],[41.77457,41.91886],[41.7752,41.91894],[41.77574,41.91848],[41.77678,41.91672],[41.77819,41.91478],[41.78131,41.91146],[41.81103,41.88739],[41.83402,41.86827],[41.83579,41.8662],[41.8368,41.86462],[41.83794,41.86184],[41.83831,41.8599],[41.83837,41.85767],[41.83827,41.8567],[41.8377,41.85443],[41.83671,41.85228],[41.83575,41.85077],[41.82352,41.83486],[41.81438,41.82033],[41.81292,41.8184],[41.81135,41.81718],[41.80904,41.81613],[41.80024,41.81405],[41.79883,41.81358],[41.79775,41.81303],[41.79647,41.81211],[41.79515,41.81041],[41.79458,41.80861],[41.79467,41.80707],[41.79507,41.80593],[41.79635,41.80394],[41.79703,41.80249],[41.79721,41.80145],[41.79706,41.7999],[41.79657,41.79873],[41.79564,41.79746],[41.79005,41.79244],[41.78871,41.79067],[41.78752,41.78698],[41.78744,41.78357],[41.78659,41.7796],[41.78659,41.77585],[41.78617,41.77408],[41.78554,41.77288],[41.78452,41.77161],[41.77856,41.76627],[41.76967,41.75749],[41.76899,41.75664],[41.76815,41.75472],[41.7673,41.7488],[41.76681,41.74746],[41.7659,41.74603],[41.7637,41.74377],[41.76304,41.7429],[41.76208,41.74079],[41.76133,41.7398],[41.76033,41.73886],[41.75726,41.73689],[41.75552,41.73529],[41.75448,41.73386],[41.75204,41.72971],[41.7498,41.72576],[41.74933,41.72373],[41.74939,41.72243],[41.74963,41.72161],[41.75148,41.7181],[41.75186,41.71654],[41.75188,41.71538],[41.75157,41.71382],[41.75091,41.71246],[41.75027,41.71157],[41.74881,41.71019],[41.74744,41.70932],[41.74361,41.7078],[41.74152,41.70677],[41.73785,41.70394],[41.73655,41.70311],[41.73441,41.70206],[41.73114,41.70089],[41.72963,41.70007],[41.72811,41.69855],[41.72703,41.69602],[41.72658,41.69532],[41.72512,41.69402],[41.71628,41.68983],[41.71148,41.68824],[41.70899,41.68669],[41.70784,41.68532],[41.70708,41.68342],[41.70569,41.68065],[41.7034,41.6772],[41.7011,41.67468],[41.69693,41.67074],[41.69545,41.66846],[41.69464,41.66499],[41.6946,41.66354],[41.69496,41.6595],[41.69508,41.65581],[41.69507,41.65347],[41.69468,41.64864],[41.69449,41.64751],[41.69353,41.64466],[41.693,41.64357],[41.69199,41.6422],[41.6911,41.64122],[41.68837,41.63891],[41.68049,41.6331],[41.67858,41.63203],[41.67676,41.63122],[41.66792,41.62783],[41.66566,41.62642],[41.66433,41.62528],[41.66311,41.6239],[41.66194,41.62185],[41.66109,41.61912],[41.66099,41.61857],[41.66123,41.61241],[41.66105,41.61093],[41.66071,41.60968],[41.65951,41.60714],[41.65758,41.60473],[41.65666,41.60386],[41.65441,41.60228],[41.6531,41.60164],[41.63985,41.59584],[41.63877,41.59557],[41.63847,41.59565],[41.63816,41.596],[41.6382,41.59633],[41.63848,41.59659],[41.63942,41.59659],[41.64176,41.59501],[41.66048,41.5767],[41.66113,41.57646],[41.66445,41.57635],[41.66493,41.57619],[41.66501,41.5745],[41.66518,41.57386],[41.66571,41.57292],[41.6664,41.57225],[41.667,41.57132],[41.66706,41.57063],[41.66731,41.57003],[41.66802,41.56936],[41.66887,41.56892],[41.66958,41.56877],[41.67109,41.56879],[41.67311,41.56911],[41.67822,41.56925],[41.67995,41.56885],[41.68123,41.56836],[41.6838,41.56788],[41.6861,41.56678],[41.69007,41.56574],[41.69085,41.56534],[41.69221,41.56423],[41.69297,41.56309],[41.6931,41.56236],[41.69289,41.56021],[41.69302,41.55799],[41.69242,41.55505],[41.6931,41.55397],[41.69501,41.55221],[41.69653,41.55147],[41.69783,41.55126],[41.69889,41.55144],[41.70102,41.55142],[41.70266,41.5511],[41.70413,41.55051],[41.70487,41.54993],[41.70531,41.54926],[41.70613,41.54597],[41.70641,41.54539],[41.70665,41.54525],[41.70822,41.54538],[41.70965,41.5458],[41.7115,41.54571],[41.71464,41.5447],[41.71612,41.54341],[41.71734,41.54328],[41.7192,41.54256],[41.72201,41.54332],[41.72284,41.54375],[41.72332,41.54371],[41.72462,41.54298],[41.7259,41.54309],[41.72893,41.54409],[41.73098,41.54559],[41.73265,41.5459],[41.73525,41.54583],[41.7365,41.54597],[41.73978,41.54731],[41.74351,41.54811],[41.74783,41.54706],[41.75026,41.54623],[41.75153,41.54561],[41.75262,41.54547],[41.75371,41.54576],[41.75558,41.54737],[41.75831,41.54827],[41.76212,41.54648],[41.76543,41.54517],[41.76634,41.54492],[41.7677,41.54493],[41.76975,41.54386],[41.77109,41.54411],[41.77418,41.54512],[41.77679,41.54558],[41.77765,41.54629],[41.77878,41.54662],[41.77985,41.54671],[41.78202,41.54604],[41.78582,41.54537],[41.78754,41.54571],[41.78783,41.54551],[41.78788,41.54436],[41.78845,41.54426],[41.78933,41.54574],[41.79104,41.54674],[41.79225,41.54737],[41.79572,41.54839],[41.79827,41.54946],[41.79891,41.55089],[41.80222,41.55286],[41.8028,41.55344],[41.80293,41.55453],[41.80326,41.55506],[41.80491,41.55592],[41.80773,41.55659],[41.81049,41.55703],[41.81295,41.55864],[41.8162,41.55953],[41.81708,41.55958],[41.81828,41.5592],[41.82221,41.5594],[41.82296,41.55962],[41.82339,41.56005],[41.82338,41.56084],[41.82376,41.56178],[41.82636,41.56465],[41.82792,41.56559],[41.82955,41.56589],[41.83225,41.56527],[41.83305,41.56541],[41.83407,41.56606],[41.83539,41.5665],[41.83588,41.56658],[41.83782,41.56639],[41.84066,41.56701],[41.84355,41.56813],[41.8458,41.56964],[41.84774,41.5697],[41.85108,41.57082],[41.85229,41.5708],[41.85378,41.57024],[41.85426,41.57028],[41.85502,41.57074],[41.85648,41.57239],[41.85698,41.57273],[41.85746,41.57282],[41.8584,41.57236]]}},{"type":"Feature","properties":{"name":"GraphHopper Track","mode":"ride","distance_km":"76.5"},"geometry":{"type":"LineString","coordinates":[[71.46232,51.02856],[71.46091,51.02767],[71.45998,51.0278],[71.45969,51.02762],[71.46097,51.02752],[71.4627,51.02857],[71.46294,51.02887],[71.46314,51.02876],[71.46331,51.02886],[71.44157,51.04217],[71.39695,51.06986],[71.39618,51.07077],[71.39513,51.07084],[71.3888,51.07483],[71.38799,51.07559],[71.38757,51.0763],[71.38725,51.07744],[71.38746,51.07865],[71.40574,51.1299],[71.41204,51.14603],[71.42266,51.14707],[71.42329,51.14812],[71.42389,51.14867],[71.4373,51.15819],[71.43654,51.15861],[71.43641,51.15883],[71.4343,51.16634],[71.4315,51.16602],[71.43139,51.16649],[71.43219,51.16322],[71.44637,51.1648],[71.4621,51.15988],[71.46131,51.15886],[71.46166,51.15815],[71.46596,51.15948],[71.46829,51.16105],[71.47651,51.15812],[71.52854,51.13825],[71.53342,51.13677],[71.53666,51.13617],[71.54183,51.1357],[71.54461,51.13573],[71.55097,51.13618],[71.55894,51.13632],[71.5611,51.13628],[71.56616,51.13579],[71.63567,51.12389],[71.63515,51.12273],[71.63414,51.12293],[71.63515,51.12273],[71.63567,51.12389],[71.63804,51.12345],[71.63811,51.12358],[71.62487,51.12597],[71.62365,51.12658],[71.62265,51.12798],[71.6226,51.12852],[71.6228,51.12915],[71.62968,51.13748],[71.63053,51.13892],[71.63088,51.14057],[71.63084,51.14679],[71.63035,51.14828],[71.61513,51.17895],[71.61433,51.17997],[71.61289,51.18123],[71.60999,51.18289],[71.60783,51.18368],[71.58187,51.19164],[71.57946,51.19271],[71.5777,51.19393],[71.5767,51.19485],[71.57165,51.20106],[71.57,51.20343],[71.55721,51.22776],[71.55597,51.23031],[71.55574,51.23107],[71.55593,51.23186],[71.55718,51.23433],[71.55764,51.2349],[71.5586,51.23553],[71.56297,51.23757],[71.56564,51.23903],[71.59194,51.25601],[71.59415,51.25756],[71.60663,51.26753],[71.60903,51.26985],[71.63002,51.29248],[71.69745,51.35447],[71.70203,51.35846],[71.71234,51.36696],[71.71654,51.37071],[71.72763,51.38161],[71.73031,51.38402],[71.74202,51.39335],[71.74252,51.39314],[71.74219,51.39245],[71.74233,51.39223],[71.76202,51.38297],[71.7638,51.38203],[71.7642,51.3815],[71.76517,51.381],[71.76768,51.38075],[71.76878,51.3801],[71.76745,51.37919],[71.76601,51.3786],[71.77015,51.37743],[71.77134,51.37666],[71.77158,51.37633]]}},{"type":"Feature","properties":{"name":"GraphHopper Track","mode":"ride","distance_km":"11.2"},"geometry":{"type":"LineString","coordinates":[[30.67079,46.42726],[30.66773,46.4345],[30.66682,46.43436],[30.66598,46.43489],[30.66563,46.43531],[30.66427,46.43512],[30.66422,46.43554],[30.66388,46.4356],[30.66384,46.43788],[30.66421,46.44464],[30.66435,46.45074],[30.66891,46.45106],[30.67365,46.45229],[30.68241,46.45727],[30.68348,46.45778],[30.68701,46.45898],[30.6896,46.46028],[30.69177,46.4606],[30.69487,46.46071],[30.71353,46.46079],[30.71354,46.46444],[30.71904,46.46874],[30.72549,46.47276],[30.72698,46.47143],[30.72753,46.47154],[30.72768,46.47193],[30.72803,46.47206],[30.74112,46.47108],[30.74267,46.48121]]}},{"type":"Feature","properties":{"name":"GraphHopper Track","mode":"ride","distance_km":"15.5"},"geometry":{"type":"LineString","coordinates":[[14.26914,50.10723],[14.26852,50.10647],[14.2695,50.10591],[14.27001,50.1059],[14.27387,50.10931],[14.27936,50.11047],[14.28028,50.11096],[14.28235,50.11284],[14.28355,50.11358],[14.2854,50.11394],[14.28645,50.11379],[14.28872,50.11203],[14.29054,50.11022],[14.29277,50.10722],[14.29397,50.10493],[14.29489,50.10198],[14.29595,50.09534],[14.29599,50.094],[14.29585,50.09355],[14.29549,50.09316],[14.29506,50.09311],[14.29461,50.09329],[14.29447,50.09359],[14.29484,50.09399],[14.29529,50.09415],[14.29628,50.09371],[14.29739,50.09351],[14.29979,50.09373],[14.3056,50.0933],[14.32412,50.09255],[14.32692,50.09257],[14.33338,50.09331],[14.35926,50.09795],[14.36192,50.09831],[14.37739,50.09959],[14.39462,50.10046],[14.39551,50.10017],[14.39625,50.10055],[14.3992,50.10072],[14.40408,50.10011],[14.4053,50.09938],[14.40688,50.09943],[14.40744,50.09961],[14.41159,50.10272],[14.4136,50.10286],[14.41587,50.10237],[14.41689,50.10178],[14.42165,50.09979],[14.42293,50.09756],[14.4236,50.09718],[14.42595,50.09648],[14.42651,50.09605],[14.42728,50.0926],[14.42511,50.09245],[14.42488,50.09315],[14.42001,50.09275],[14.42013,50.09243]]}},{"type":"Feature","properties":{"name":"GraphHopper Track","mode":"ride","distance_km":"91.8"},"geometry":{"type":"LineString","coordinates":[[2.11143,49.46016],[2.11072,49.4603],[2.1103,49.45994],[2.11147,49.45971],[2.11188,49.45997],[2.11202,49.46026],[2.11259,49.46054],[2.11078,49.46067],[2.10994,49.46011],[2.10858,49.45998],[2.10192,49.46138],[2.10174,49.46102],[2.09983,49.45913],[2.09929,49.45811],[2.09913,49.45726],[2.09923,49.45411],[2.09887,49.45362],[2.09918,49.45318],[2.0989,49.45218],[2.09842,49.45196],[2.09831,49.4517],[2.0987,49.45145],[2.0996,49.4517],[2.10023,49.45143],[2.1052,49.44757],[2.10984,49.44431],[2.11111,49.44319],[2.11209,49.44196],[2.11557,49.436],[2.11732,49.43365],[2.11734,49.43335],[2.11712,49.43299],[2.11622,49.4327],[2.11629,49.43235],[2.11678,49.43227],[2.11792,49.4327],[2.1199,49.4329],[2.1215,49.43276],[2.12245,49.43316],[2.12952,49.43404],[2.13104,49.43381],[2.13171,49.43343],[2.1321,49.43302],[2.1323,49.43224],[2.13208,49.43167],[2.12941,49.42881],[2.12769,49.4262],[2.12679,49.42391],[2.12576,49.42033],[2.12552,49.41875],[2.12549,49.41708],[2.12639,49.41165],[2.12654,49.40959],[2.12642,49.40727],[2.12616,49.40568],[2.12539,49.40301],[2.12375,49.39959],[2.11781,49.39143],[2.11456,49.38617],[2.11211,49.38122],[2.1101,49.37593],[2.10916,49.37263],[2.10844,49.36937],[2.10773,49.36384],[2.10761,49.3591],[2.10801,49.35147],[2.10784,49.34858],[2.10709,49.34491],[2.10567,49.34108],[2.10332,49.33694],[2.1017,49.33476],[2.10005,49.33284],[2.09677,49.32971],[2.09003,49.32441],[2.08829,49.32286],[2.08614,49.32056],[2.08412,49.31784],[2.07345,49.30043],[2.07252,49.29868],[2.07188,49.29696],[2.0714,49.29432],[2.07147,49.29204],[2.07196,49.28984],[2.07255,49.28831],[2.07333,49.28687],[2.07469,49.28497],[2.07597,49.28357],[2.08734,49.27429],[2.08956,49.27189],[2.09092,49.26996],[2.09227,49.26732],[2.09316,49.26434],[2.09344,49.26111],[2.09317,49.25462],[2.09325,49.25287],[2.09388,49.24985],[2.09478,49.24756],[2.09664,49.24421],[2.09851,49.24125],[2.10389,49.23367],[2.10948,49.22694],[2.11268,49.224],[2.11575,49.2218],[2.11908,49.21987],[2.12261,49.21825],[2.12649,49.21682],[2.13206,49.21536],[2.14185,49.21364],[2.14634,49.21265],[2.16132,49.2081],[2.16574,49.2066],[2.17343,49.20325],[2.19333,49.19397],[2.20339,49.18843],[2.22038,49.17967],[2.22189,49.17871],[2.22408,49.17696],[2.22525,49.1758],[2.22643,49.17433],[2.22772,49.17207],[2.22961,49.16722],[2.23029,49.16598],[2.23214,49.16351],[2.23493,49.16094],[2.2442,49.15395],[2.24573,49.15232],[2.24719,49.14997],[2.25045,49.14326],[2.25198,49.13944],[2.25264,49.13745],[2.25323,49.13444],[2.25343,49.13068],[2.25333,49.12643],[2.2525,49.11909],[2.25259,49.11781],[2.25295,49.11621],[2.2536,49.11467],[2.25529,49.11176],[2.25646,49.10885],[2.2575,49.10709],[2.25916,49.10554],[2.26056,49.10464],[2.26573,49.10281],[2.26646,49.10221],[2.26683,49.10134],[2.26677,49.10077],[2.26632,49.10006],[2.26163,49.09633],[2.26049,49.09515],[2.25934,49.09356],[2.25863,49.09225],[2.2581,49.0907],[2.25766,49.08707],[2.25725,49.08555],[2.25604,49.08319],[2.25404,49.0809],[2.25128,49.07882],[2.24381,49.07496],[2.24212,49.07425],[2.23998,49.07364],[2.23794,49.07332],[2.23,49.07313],[2.22731,49.07281],[2.22431,49.07199],[2.22223,49.07105],[2.22066,49.07004],[2.21597,49.06647],[2.21386,49.06432],[2.21169,49.06076],[2.21085,49.05969],[2.20895,49.05815],[2.20715,49.0572],[2.20345,49.05589],[2.20147,49.05502],[2.19811,49.05321],[2.19453,49.05193],[2.19234,49.05154],[2.18994,49.05148],[2.18804,49.05172],[2.18588,49.05229],[2.18475,49.05237],[2.18368,49.05222],[2.18267,49.05182],[2.18185,49.05112],[2.18152,49.05037],[2.18158,49.0497],[2.18212,49.04886],[2.18692,49.04453],[2.18852,49.04246],[2.19071,49.03999],[2.19941,49.03227],[2.20316,49.02838],[2.20852,49.02454],[2.21018,49.02288],[2.21405,49.01753],[2.21581,49.01577],[2.21746,49.01454],[2.22053,49.01291],[2.22424,49.01161],[2.2415,49.00748],[2.24349,49.00647],[2.24469,49.00548],[2.24557,49.00433],[2.24613,49.00287],[2.24648,48.99769],[2.24643,48.99607],[2.24608,48.99428],[2.24556,48.99271],[2.24241,48.98671],[2.24163,48.9847],[2.24082,48.98007],[2.23986,48.9776],[2.23987,48.97689],[2.24025,48.97605],[2.24154,48.97504],[2.24532,48.97361],[2.24679,48.97284],[2.24818,48.97176],[2.25023,48.96937],[2.25216,48.968],[2.25402,48.96721],[2.26155,48.9646],[2.26455,48.96334],[2.2733,48.95898],[2.27511,48.95793],[2.27712,48.95628],[2.27848,48.95455],[2.27941,48.95255],[2.28047,48.94886],[2.28095,48.94797],[2.28188,48.94691],[2.28312,48.94599],[2.29326,48.94014],[2.29403,48.93954],[2.29424,48.93892],[2.29354,48.93762],[2.29251,48.93716],[2.27617,48.93377],[2.27481,48.93368],[2.27351,48.93379],[2.26433,48.93563],[2.26216,48.93574],[2.26126,48.93561],[2.2582,48.93468],[2.2513,48.93326],[2.2475,48.93218],[2.24488,48.93125],[2.2424,48.93015],[2.2268,48.92233],[2.22601,48.92166],[2.21707,48.91191],[2.21373,48.90848],[2.21111,48.90664],[2.20577,48.90348],[2.20386,48.90286],[2.203,48.90239],[2.20253,48.90235],[2.20135,48.90261],[2.20024,48.90244],[2.19966,48.90193],[2.19953,48.90132],[2.2,48.90075],[2.20098,48.90042],[2.20192,48.9005],[2.20351,48.90101],[2.20452,48.90104],[2.21122,48.89973],[2.21562,48.89867],[2.22797,48.89494],[2.23443,48.89281],[2.23654,48.89194],[2.24021,48.89081],[2.24322,48.89008],[2.25251,48.88721],[2.28388,48.87719],[2.28577,48.87859]]}},{"type":"Feature","properties":{"name":"GraphHopper Track","mode":"ride","distance_km":"9.2"},"geometry":{"type":"LineString","coordinates":[[11.29382,44.52925],[11.2927,44.52899],[11.29307,44.52834],[11.29352,44.52803],[11.29355,44.52724],[11.2968,44.5258],[11.2967,44.52555],[11.29685,44.52513],[11.29617,44.52349],[11.29599,44.52316],[11.29557,44.52301],[11.2946,44.52323],[11.29446,44.52374],[11.29491,44.52403],[11.29599,44.52415],[11.30558,44.52461],[11.30878,44.52521],[11.31063,44.52591],[11.32031,44.53047],[11.3223,44.53117],[11.32503,44.53182],[11.32798,44.53217],[11.33113,44.53217],[11.33421,44.5318],[11.33648,44.53138],[11.33802,44.53093],[11.3383,44.53059],[11.33827,44.53017],[11.33771,44.52888],[11.33737,44.52854],[11.33665,44.52842],[11.33497,44.52858],[11.33404,44.52894],[11.33384,44.52978],[11.33341,44.52984],[11.33325,44.52964],[11.33326,44.52849],[11.33228,44.52696],[11.33194,44.52669],[11.33111,44.52651],[11.3295,44.52157],[11.32857,44.51802],[11.32808,44.51738],[11.32824,44.51694],[11.32742,44.51373],[11.32692,44.51336],[11.32766,44.51187],[11.32842,44.51095],[11.3287,44.51011],[11.33084,44.50613],[11.33254,44.50362],[11.33521,44.50318],[11.33514,44.50342],[11.33649,44.5041],[11.33817,44.50384],[11.33797,44.50339]]}},{"type":"Feature","properties":{"name":"GraphHopper Track","mode":"ride","distance_km":"59.4"},"geometry":{"type":"LineString","coordinates":[[113.9355,22.31972],[113.93625,22.31971],[113.93661,22.31998],[113.93764,22.31986],[113.93878,22.31953],[113.93943,22.31889],[113.94048,22.31609],[113.94056,22.31515],[113.94027,22.31417],[113.94142,22.31426],[113.94179,22.31446],[113.94235,22.31389],[113.94312,22.31377],[113.94633,22.31434],[113.94814,22.31423],[113.95154,22.3133],[113.95385,22.31217],[113.95517,22.312],[113.95721,22.31223],[113.95793,22.31211],[113.95876,22.31162],[113.95995,22.30985],[113.9617,22.30846],[113.9701,22.30346],[113.97257,22.30248],[113.9749,22.30204],[113.97575,22.30205],[113.98432,22.30679],[113.99365,22.31237],[113.99607,22.31462],[113.9982,22.31773],[113.9991,22.31878],[114.00034,22.31981],[114.00149,22.32051],[114.01095,22.32465],[114.01401,22.32517],[114.01793,22.32498],[114.01942,22.32505],[114.02079,22.32529],[114.02257,22.32588],[114.02467,22.32719],[114.03278,22.33484],[114.03503,22.33629],[114.03636,22.33676],[114.03953,22.33755],[114.04553,22.34049],[114.04737,22.34091],[114.05013,22.34125],[114.05117,22.34156],[114.05907,22.34658],[114.06134,22.34764],[114.08171,22.35335],[114.08411,22.35378],[114.08541,22.35344],[114.08648,22.35275],[114.08682,22.35206],[114.08749,22.34879],[114.088,22.34761],[114.08915,22.3466],[114.09095,22.34565],[114.09215,22.3452],[114.09391,22.34494],[114.10173,22.34507],[114.10373,22.34539],[114.106,22.34616],[114.1096,22.34798],[114.11527,22.35017],[114.11854,22.35215],[114.11997,22.35249],[114.12168,22.35239],[114.1229,22.3519],[114.12373,22.35122],[114.12415,22.35064],[114.1245,22.34964],[114.12467,22.34695],[114.12502,22.34599],[114.12562,22.34508],[114.12692,22.34403],[114.12889,22.3431],[114.13015,22.34207],[114.13079,22.34117],[114.1327,22.3374],[114.13434,22.3356],[114.13586,22.33454],[114.13738,22.33382],[114.14721,22.33006],[114.15004,22.3288],[114.15293,22.32691],[114.15479,22.32535],[114.15663,22.32336],[114.15815,22.32126],[114.15937,22.31894],[114.16124,22.31444],[114.16159,22.31272],[114.16168,22.31137],[114.16163,22.31],[114.16126,22.30811],[114.15985,22.30511],[114.15813,22.30273],[114.14622,22.2898],[114.14507,22.28926],[114.14405,22.28917],[114.14299,22.28941],[114.14168,22.29017],[114.14123,22.29027],[114.14063,22.28989],[114.14056,22.28958],[114.14071,22.2892],[114.14145,22.28897],[114.1426,22.28915],[114.14674,22.28899],[114.15344,22.28704],[114.15637,22.28731],[114.15728,22.28723],[114.16313,22.28381],[114.16513,22.28299],[114.16706,22.28253],[114.17044,22.28241],[114.17125,22.28267],[114.17231,22.28365],[114.17412,22.28379],[114.17433,22.2822],[114.17616,22.28205],[114.17831,22.28243],[114.1795,22.2794],[114.18242,22.28045],[114.18263,22.27996],[114.18317,22.28015],[114.1846,22.28019],[114.18702,22.27947],[114.18772,22.27944],[114.18688,22.27889],[114.18672,22.27892],[114.18674,22.27904],[114.18697,22.27901],[114.18695,22.27889],[114.18611,22.27903],[114.18632,22.27949],[114.18699,22.27935],[114.18761,22.27954],[114.18773,22.27939],[114.18535,22.27714],[114.18374,22.27781],[114.1813,22.27663],[114.18082,22.27578],[114.17961,22.27438],[114.17958,22.2736],[114.1804,22.27148],[114.1808,22.26963],[114.18019,22.25506],[114.17968,22.25348],[114.17764,22.25071],[114.17707,22.25024],[114.17569,22.24965],[114.17546,22.24936],[114.1757,22.24893],[114.17635,22.2485],[114.17715,22.24688],[114.17757,22.24635],[114.17807,22.24596],[114.17876,22.2457],[114.17924,22.24521],[114.18198,22.24533],[114.18276,22.24583],[114.18454,22.24531],[114.18559,22.24603],[114.18588,22.24605],[114.18635,22.24593],[114.18783,22.24469],[114.18831,22.24395],[114.18783,22.24469],[114.18635,22.24593],[114.18588,22.24605],[114.18559,22.24603],[114.18454,22.24531],[114.18276,22.24583],[114.18198,22.24533],[114.17924,22.24521],[114.17869,22.24575],[114.17766,22.24626],[114.17705,22.24696],[114.17652,22.24789],[114.17521,22.24873],[114.17496,22.24935],[114.17534,22.25001],[114.17677,22.25034],[114.17767,22.25101],[114.17937,22.25378],[114.17977,22.25492],[114.18042,22.27003],[114.18024,22.27134],[114.17932,22.27395],[114.17956,22.27504],[114.18076,22.2765],[114.18257,22.27717],[114.18346,22.27774],[114.1839,22.27777],[114.18521,22.27714],[114.1855,22.2772],[114.18607,22.2778],[114.18609,22.27896],[114.18632,22.27949],[114.18699,22.27935],[114.18769,22.27949],[114.18767,22.2793],[114.18688,22.27889],[114.18672,22.27892],[114.18674,22.27904],[114.18697,22.27901],[114.18695,22.27889],[114.18611,22.27903],[114.1862,22.27959],[114.18477,22.28006],[114.18319,22.28001],[114.17816,22.27826],[114.17755,22.27974],[114.17666,22.27951],[114.17231,22.27917],[114.16956,22.27934],[114.16817,22.27959],[114.16617,22.27932],[114.16533,22.27953],[114.1637,22.28042],[114.16058,22.27777],[114.15896,22.27743],[114.15808,22.27693],[114.15544,22.27638],[114.15503,22.2756],[114.15566,22.27512],[114.15668,22.27468],[114.15766,22.27456],[114.15832,22.27386],[114.15902,22.27424],[114.15962,22.27395],[114.15952,22.27382],[114.15897,22.27396],[114.1582,22.27318],[114.15912,22.27365],[114.1597,22.27321],[114.16045,22.27322],[114.16102,22.27281],[114.16179,22.27287],[114.16231,22.27237],[114.16284,22.27133],[114.16348,22.27068],[114.16371,22.27027],[114.16372,22.26982],[114.16446,22.2696],[114.16495,22.26964],[114.16548,22.26919],[114.1652,22.26893],[114.16308,22.26834],[114.16219,22.26769],[114.16165,22.26754],[114.16012,22.26663],[114.15883,22.26645],[114.15773,22.26676],[114.15712,22.26648],[114.15674,22.26568],[114.15591,22.26523],[114.15592,22.26496],[114.15657,22.26427],[114.15551,22.26324],[114.15463,22.26308],[114.15395,22.26341],[114.15396,22.26384],[114.15455,22.26407],[114.15476,22.26435],[114.15468,22.2654],[114.15368,22.26603],[114.15284,22.26574],[114.15236,22.26594],[114.15207,22.26675],[114.15147,22.26711],[114.15189,22.26713],[114.15219,22.26684],[114.15249,22.2672],[114.15243,22.26767],[114.15159,22.26904],[114.1517,22.26918],[114.15149,22.26941],[114.15153,22.26961],[114.15068,22.26986],[114.15042,22.27049],[114.15022,22.27034]]}},{"type":"Feature","properties":{"name":"GraphHopper Track","mode":"ride","distance_km":"119.6"},"geometry":{"type":"LineString","coordinates":[[113.95447,22.32134],[113.95095,22.32214],[113.95009,22.32186],[113.94982,22.32151],[113.94915,22.31978],[113.94779,22.31542],[113.94724,22.31452],[113.94664,22.31398],[113.94571,22.31351],[113.9427,22.31289],[113.94175,22.31254],[113.94083,22.31183],[113.93978,22.31055],[113.93922,22.30921],[113.93914,22.30786],[113.9394,22.30668],[113.94041,22.30445],[113.94046,22.30362],[113.94032,22.30298],[113.9399,22.30221],[113.93803,22.30012],[113.93696,22.29722],[113.93582,22.29521],[113.93462,22.29394],[113.93322,22.29302],[113.93045,22.29203],[113.92796,22.29202],[113.91728,22.29514],[113.91542,22.2954],[113.91261,22.29522],[113.90893,22.29375],[113.90435,22.29354],[113.90172,22.29304],[113.89955,22.29226],[113.89786,22.29136],[113.87595,22.27696],[113.87351,22.27587],[113.87104,22.27525],[113.86774,22.27507],[113.86489,22.27548],[113.85016,22.2808],[113.84385,22.28236],[113.84112,22.2827],[113.78063,22.28324],[113.72723,22.28313],[113.72277,22.28297],[113.71956,22.28264],[113.71594,22.28204],[113.71205,22.28113],[113.708,22.27985],[113.7054,22.27885],[113.70175,22.27719],[113.69768,22.2749],[113.69524,22.27329],[113.69159,22.27054],[113.68518,22.26467],[113.68169,22.26188],[113.67673,22.25854],[113.67215,22.25602],[113.66717,22.2538],[113.66182,22.25191],[113.64414,22.24742],[113.63982,22.24616],[113.63449,22.24407],[113.63076,22.2422],[113.59532,22.21985],[113.58548,22.21346],[113.58103,22.21128],[113.5804,22.21062],[113.57936,22.20905],[113.57854,22.20894],[113.57769,22.20933],[113.57278,22.20933],[113.57051,22.21013],[113.5725,22.2091],[113.57291,22.20873],[113.57305,22.2082],[113.57306,22.20635],[113.5734,22.20587],[113.57936,22.20589],[113.57965,22.20623],[113.57966,22.20746],[113.58002,22.20916],[113.58494,22.21293],[113.59542,22.21973],[113.63061,22.24197],[113.63441,22.24387],[113.63983,22.24601],[113.64261,22.24685],[113.6619,22.25181],[113.66557,22.25304],[113.67011,22.2549],[113.67612,22.25803],[113.68108,22.26127],[113.68508,22.26442],[113.69114,22.27],[113.69279,22.27134],[113.69782,22.27484],[113.70007,22.27615],[113.70458,22.27837],[113.70759,22.27957],[113.71203,22.28099],[113.71598,22.28192],[113.7189,22.28242],[113.72194,22.28278],[113.72561,22.28299],[113.78063,22.28306],[113.84113,22.28259],[113.8458,22.28178],[113.85012,22.28068],[113.86476,22.27538],[113.86818,22.27493],[113.87139,22.27519],[113.87385,22.27586],[113.87627,22.277],[113.89767,22.29109],[113.89974,22.29221],[113.90179,22.29294],[113.90475,22.29346],[113.90894,22.29359],[113.91003,22.29392],[113.91262,22.29507],[113.91557,22.29525],[113.91709,22.29504],[113.928,22.29189],[113.92955,22.29181],[113.93109,22.29197],[113.9322,22.29223],[113.93347,22.2928],[113.93492,22.29379],[113.93616,22.29511],[113.9374,22.29741],[113.93827,22.29998],[113.94003,22.30194],[113.94053,22.3029],[113.94066,22.30356],[113.94058,22.30447],[113.93965,22.30651],[113.93937,22.30769],[113.93941,22.30905],[113.93977,22.31011],[113.94088,22.31164],[113.94179,22.31238],[113.94258,22.3127],[113.94597,22.31345],[113.94734,22.31441],[113.948,22.31553],[113.94988,22.32134],[113.95047,22.32193],[113.95116,22.32199],[113.9549,22.32083],[113.9555,22.32034],[113.95543,22.31977],[113.95428,22.31761],[113.95374,22.31595],[113.95388,22.31452],[113.95362,22.313],[113.9539,22.31245],[113.95488,22.31215],[113.95721,22.31223],[113.95814,22.31203],[113.95892,22.31146],[113.96014,22.30965],[113.9617,22.30846],[113.9701,22.30346],[113.97257,22.30248],[113.9749,22.30204],[113.97575,22.30205],[113.98432,22.30679],[113.99365,22.31237],[113.99607,22.31462],[113.9982,22.31773],[113.9991,22.31878],[114.00085,22.32015],[114.00221,22.32086],[114.00994,22.3243],[114.01201,22.32492],[114.01462,22.32519],[114.01793,22.32498],[114.01942,22.32505],[114.02079,22.32529],[114.02257,22.32588],[114.02467,22.32719],[114.03278,22.33484],[114.03503,22.33629],[114.03636,22.33676],[114.03953,22.33755],[114.04553,22.34049],[114.04737,22.34091],[114.05013,22.34125],[114.05117,22.34156],[114.05907,22.34658],[114.06134,22.34764],[114.08343,22.35374],[114.08469,22.35369],[114.08584,22.35323],[114.08648,22.35275],[114.08682,22.35206],[114.08749,22.34879],[114.088,22.34761],[114.0885,22.34712],[114.08915,22.3466],[114.09133,22.34549],[114.09262,22.34508],[114.09391,22.34494],[114.10107,22.34502],[114.10373,22.34539],[114.10568,22.34603],[114.1096,22.34798],[114.11527,22.35017],[114.11775,22.35178],[114.11874,22.35223],[114.12071,22.35251],[114.12178,22.35236],[114.1229,22.3519],[114.12373,22.35122],[114.1243,22.35031],[114.12455,22.34915],[114.12461,22.34721],[114.12523,22.34562],[114.12648,22.34433],[114.12889,22.3431],[114.13015,22.34207],[114.13079,22.34117],[114.1327,22.3374],[114.13434,22.3356],[114.13586,22.33454],[114.13738,22.33382],[114.14721,22.33006],[114.15004,22.3288],[114.15373,22.32628],[114.15663,22.32336],[114.15847,22.3207],[114.15971,22.31818],[114.16207,22.31252],[114.16329,22.31064],[114.16402,22.30793],[114.1639,22.30302],[114.16391,22.30268],[114.16405,22.30269]]}},{"type":"Feature","properties":{"name":"GraphHopper Track","mode":"ride","distance_km":"24.8"},"geometry":{"type":"LineString","coordinates":[[14.50119,40.7462],[14.50136,40.74634],[14.49894,40.74605],[14.49469,40.74604],[14.49033,40.74705],[14.4899,40.74727],[14.48496,40.74675],[14.48331,40.74704],[14.48342,40.74745],[14.47899,40.74885],[14.47732,40.74953],[14.46496,40.75531],[14.45823,40.75868],[14.45226,40.76138],[14.4504,40.76179],[14.44463,40.76201],[14.44263,40.76239],[14.42113,40.76945],[14.40718,40.77469],[14.39711,40.77807],[14.39292,40.77964],[14.39139,40.78067],[14.38846,40.78392],[14.38746,40.78483],[14.3798,40.78955],[14.37813,40.79085],[14.36654,40.80499],[14.36532,40.8068],[14.36537,40.80712],[14.36577,40.80744],[14.36648,40.80749],[14.36719,40.80718],[14.36746,40.80745],[14.37157,40.80851],[14.37227,40.80895],[14.37295,40.80905],[14.37604,40.81014],[14.3772,40.81016],[14.37766,40.8095],[14.3776,40.80935],[14.37745,40.80938],[14.37908,40.81098],[14.38047,40.81116],[14.38108,40.8116],[14.38224,40.81205],[14.3823,40.81231],[14.38188,40.81259],[14.38286,40.81256],[14.38333,40.81275],[14.38372,40.81333],[14.38294,40.81757],[14.38281,40.81987],[14.38295,40.82025],[14.38352,40.82024],[14.38395,40.82058],[14.38395,40.8209],[14.38426,40.82148],[14.38387,40.82226],[14.38443,40.82286],[14.38519,40.82287],[14.38573,40.82306],[14.38652,40.82391],[14.3872,40.82307],[14.38674,40.82248],[14.38762,40.82296],[14.38892,40.82403],[14.38907,40.82396],[14.389,40.82379],[14.38833,40.82295],[14.38946,40.82383],[14.38928,40.8233],[14.39034,40.82279],[14.3906,40.82343],[14.39186,40.82412],[14.39164,40.82476],[14.39272,40.82568],[14.39377,40.82537],[14.39363,40.82573],[14.39396,40.82649],[14.39444,40.82634],[14.39536,40.82658],[14.39521,40.82684],[14.39437,40.82693],[14.39396,40.82767],[14.39402,40.82792],[14.39482,40.8283],[14.39456,40.82888],[14.39473,40.82932],[14.39601,40.82894],[14.39684,40.82888],[14.39836,40.82983],[14.40109,40.83051],[14.40145,40.8302],[14.40194,40.82905],[14.40191,40.8284],[14.40156,40.82752],[14.40192,40.82723],[14.40225,40.82734],[14.40282,40.82824],[14.40362,40.82859],[14.40405,40.82917],[14.40599,40.83047],[14.406,40.83028],[14.40518,40.82937],[14.40514,40.82878],[14.40483,40.82847],[14.40511,40.82843],[14.40564,40.82915],[14.40679,40.82994],[14.40702,40.83051],[14.40712,40.83025],[14.40698,40.82976],[14.40641,40.82883],[14.40634,40.8284],[14.4065,40.82833],[14.40665,40.8288],[14.40729,40.82919],[14.40835,40.83046],[14.40962,40.83123],[14.41118,40.83123],[14.41296,40.83072],[14.41402,40.82992],[14.41489,40.82838],[14.41559,40.82813],[14.41786,40.82835],[14.42055,40.82985],[14.42162,40.82964],[14.42324,40.83079],[14.42526,40.83113],[14.42655,40.83096],[14.42699,40.83072],[14.42723,40.83032],[14.42799,40.83023],[14.42845,40.82979],[14.42921,40.82976],[14.43022,40.82927],[14.42767,40.82883],[14.42679,40.82837],[14.42591,40.82818]]}},{"type":"Feature","properties":{"name":"GraphHopper Track","mode":"ride","distance_km":"154.0"},"geometry":{"type":"LineString","coordinates":[[23.98253,49.83067],[23.9823,49.8306],[23.98532,49.82818],[23.98359,49.82744],[23.98305,49.82711],[23.983,49.82694],[23.98418,49.82646],[23.98966,49.82495],[23.98784,49.81901],[23.9844,49.81277],[23.98342,49.81216],[23.98361,49.81167],[23.98357,49.81126],[23.98243,49.80909],[23.98181,49.80751],[23.98153,49.80626],[23.98092,49.80573],[23.98125,49.80511],[23.98025,49.80115],[23.97903,49.79392],[23.97844,49.78862],[23.97799,49.788],[23.9784,49.78753],[23.97818,49.78521],[23.97628,49.78139],[23.97624,49.77844],[23.97582,49.77805],[23.99377,49.77208],[23.99769,49.771],[24.00279,49.77005],[24.00984,49.76926],[24.01329,49.76702],[24.01391,49.76643],[24.01428,49.76566],[24.01434,49.76352],[24.01478,49.75957],[24.01494,49.75417],[24.01474,49.75051],[24.01493,49.7427],[24.01479,49.74183],[23.99826,49.70765],[23.99849,49.70675],[24.00266,49.70013],[24.00402,49.6921],[24.00511,49.67986],[24.00486,49.67929],[24.00305,49.67724],[24.00258,49.67607],[24.00264,49.67474],[24.00356,49.67157],[24.00367,49.67029],[24.00248,49.66116],[23.99539,49.63072],[23.99521,49.62693],[23.99506,49.61533],[23.99514,49.61449],[23.99557,49.61298],[24.00015,49.60169],[24.00276,49.59683],[24.00295,49.5953],[24.00231,49.5934],[23.99431,49.57875],[23.99141,49.57269],[23.99091,49.57112],[23.99068,49.56737],[23.98956,49.56382],[23.98838,49.55765],[23.98811,49.55685],[23.98729,49.55562],[23.98578,49.5542],[23.98473,49.55358],[23.97794,49.55063],[23.97171,49.54742],[23.96502,49.54465],[23.95837,49.5432],[23.9565,49.5425],[23.95562,49.542],[23.95453,49.54107],[23.95394,49.54026],[23.95238,49.53694],[23.95045,49.53381],[23.9499,49.53254],[23.94926,49.52891],[23.94925,49.52815],[23.94951,49.52718],[23.95062,49.5251],[23.95151,49.52385],[23.95417,49.52145],[23.95526,49.52009],[23.95569,49.51873],[23.95564,49.51561],[23.9561,49.51414],[23.9566,49.51339],[23.95771,49.51239],[23.96258,49.50917],[23.96473,49.50731],[23.9681,49.5026],[23.97113,49.50023],[23.97198,49.4994],[23.97261,49.49832],[23.97282,49.49665],[23.97261,49.49554],[23.9721,49.49457],[23.96975,49.49219],[23.96851,49.49117],[23.96709,49.49042],[23.96572,49.48994],[23.96083,49.48909],[23.95926,49.48862],[23.95771,49.48757],[23.95697,49.48628],[23.9563,49.47644],[23.95627,49.47319],[23.95529,49.45361],[23.94618,49.42553],[23.9416,49.41088],[23.94192,49.40847],[23.9435,49.40036],[23.94592,49.3932],[23.94591,49.3924],[23.94561,49.39162],[23.94505,49.39093],[23.94315,49.38948],[23.94241,49.38862],[23.88603,49.29642],[23.87154,49.27345],[23.87549,49.27146],[23.87549,49.27126],[23.87515,49.27095],[23.87269,49.26896],[23.87284,49.26873],[23.87575,49.26737],[23.87595,49.26691],[23.87571,49.26617],[23.87499,49.26533],[23.86901,49.26133],[23.86794,49.26046],[23.85992,49.25022],[23.85855,49.24887],[23.8565,49.24731],[23.85444,49.24686],[23.85432,49.24661],[23.85464,49.24616],[23.85445,49.24591],[23.85314,49.24501],[23.84963,49.24304],[23.84535,49.24177],[23.84256,49.23996],[23.83871,49.2384],[23.83603,49.23663],[23.83214,49.2352],[23.82858,49.23276],[23.82603,49.23123],[23.82492,49.23084],[23.82197,49.23033],[23.82024,49.22965],[23.81184,49.22365],[23.81039,49.22283],[23.80927,49.22235],[23.80794,49.22201],[23.80352,49.22187],[23.80188,49.22162],[23.80027,49.22113],[23.79893,49.22049],[23.7645,49.19876],[23.76075,49.19665],[23.75427,49.19227],[23.71736,49.16378],[23.70364,49.15034],[23.69355,49.14074],[23.68575,49.13342],[23.67938,49.1281],[23.67298,49.12134],[23.6701,49.11954],[23.66971,49.1189],[23.6696,49.11779],[23.66923,49.11713],[23.6684,49.11623],[23.66733,49.11548],[23.663,49.11352],[23.66186,49.11314],[23.63534,49.10557],[23.63011,49.10437],[23.61566,49.10274],[23.61373,49.10285],[23.61146,49.10332],[23.61056,49.10366],[23.60979,49.10426],[23.60727,49.10788],[23.60421,49.10926],[23.60216,49.10997],[23.60053,49.11022],[23.59875,49.11012],[23.59422,49.1094],[23.59227,49.10876],[23.59187,49.10844],[23.59151,49.10784],[23.59058,49.10219],[23.59034,49.10145],[23.58306,49.08766],[23.55364,49.06328],[23.55258,49.06258],[23.53831,49.05531],[23.53321,49.05302],[23.5304,49.05217],[23.52868,49.05146],[23.52545,49.04901],[23.52328,49.04804],[23.52199,49.04612],[23.52179,49.04655],[23.52094,49.04724],[23.52127,49.0475],[23.52148,49.0473],[23.51577,49.04586],[23.51433,49.04529],[23.51202,49.04369],[23.50619,49.0415],[23.50402,49.0405],[23.50265,49.03913],[23.50186,49.03715],[23.50171,49.03474],[23.50189,49.02937],[23.50157,49.02858],[23.49851,49.02619],[23.49739,49.02553],[23.47927,49.01926],[23.47699,49.01819],[23.47632,49.01772],[23.47522,49.01614],[23.47348,49.0106],[23.47313,49.00986],[23.47244,49.0092],[23.46935,49.00764],[23.46889,49.00681],[23.46845,49.00476],[23.4682,49.00433],[23.4651,49.00309],[23.46694,49.00194],[23.46704,49.00155],[23.46659,49.00017],[23.46605,48.99876],[23.46561,48.99813],[23.46212,48.99499],[23.46116,48.99346],[23.46102,48.99275],[23.4611,48.99216],[23.46324,48.98942],[23.46527,48.98863],[23.46634,48.98704],[23.46716,48.98682],[23.46891,48.98543],[23.46953,48.98434],[23.4715,48.98204],[23.47168,48.98157],[23.47143,48.97994],[23.47251,48.977],[23.47265,48.9754],[23.47344,48.97354],[23.47445,48.97191],[23.47495,48.97171],[23.47607,48.97183],[23.47677,48.97172],[23.47923,48.97077],[23.48002,48.97027],[23.48056,48.96968],[23.48205,48.96755],[23.48219,48.96639],[23.48174,48.96401],[23.48259,48.96082],[23.48261,48.95993],[23.48229,48.95852],[23.48054,48.95609],[23.48044,48.95441],[23.48057,48.95372],[23.4823,48.95189],[23.48472,48.95054],[23.4868,48.94964],[23.4893,48.94926],[23.49199,48.94834],[23.49282,48.94771],[23.49433,48.9461],[23.49464,48.94546],[23.49467,48.94482],[23.49427,48.94373],[23.49245,48.94219],[23.49083,48.9415],[23.48525,48.93825],[23.48418,48.93735],[23.48322,48.93613],[23.48139,48.93349],[23.48106,48.93275],[23.48094,48.93011],[23.48149,48.92759],[23.4814,48.92704],[23.47993,48.92518],[23.47779,48.92378],[23.47588,48.92206],[23.4754,48.92041],[23.47508,48.91789],[23.47465,48.91704],[23.47349,48.91601],[23.47136,48.91449],[23.4709,48.91452],[23.46923,48.91521],[23.46817,48.91413],[23.46791,48.9132],[23.46807,48.91282],[23.46794,48.91245],[23.468,48.91188],[23.46822,48.91144],[23.46927,48.91057],[23.46957,48.91002],[23.47021,48.90968],[23.46957,48.91002],[23.46927,48.91057],[23.46822,48.91144],[23.468,48.91188],[23.46794,48.91245],[23.46807,48.91282],[23.46791,48.9132],[23.46817,48.91413],[23.46923,48.91521],[23.4709,48.91452],[23.47136,48.91449],[23.47349,48.91601],[23.47465,48.91704],[23.47508,48.91789],[23.4754,48.92041],[23.47588,48.92206],[23.47779,48.92378],[23.47993,48.92518],[23.4814,48.92704],[23.48149,48.92759],[23.48094,48.93011],[23.48106,48.93275],[23.48139,48.93349],[23.48322,48.93613],[23.48418,48.93735],[23.48525,48.93825],[23.49115,48.94168],[23.4921,48.94196],[23.49368,48.94313],[23.49443,48.94399],[23.49467,48.94514],[23.49433,48.9461],[23.49282,48.94771],[23.49199,48.94834],[23.4893,48.94926],[23.4868,48.94964],[23.48472,48.95054],[23.4823,48.95189],[23.48057,48.95372],[23.48044,48.95441],[23.48054,48.95609],[23.48229,48.95852],[23.48261,48.95993],[23.48259,48.96082],[23.48174,48.96401],[23.48219,48.96639],[23.48205,48.96755],[23.48056,48.96968],[23.48002,48.97027],[23.47923,48.97077],[23.47677,48.97172],[23.47607,48.97183],[23.47495,48.97171],[23.47445,48.97191],[23.47344,48.97354],[23.47265,48.9754],[23.47251,48.977],[23.47143,48.97994],[23.47168,48.98157],[23.4715,48.98204],[23.46953,48.98434],[23.46891,48.98543],[23.46716,48.98682],[23.46634,48.98704],[23.46527,48.98863],[23.46324,48.98942],[23.4611,48.99216],[23.46102,48.99275],[23.46116,48.99346],[23.46212,48.99499],[23.46561,48.99813],[23.46605,48.99876],[23.46659,49.00017],[23.46704,49.00155],[23.46694,49.00194],[23.4651,49.00309],[23.4682,49.00433],[23.46845,49.00476],[23.46889,49.00681],[23.46935,49.00764],[23.47244,49.0092],[23.47313,49.00986],[23.47348,49.0106],[23.47522,49.01614],[23.47619,49.01759],[23.47671,49.01804],[23.47927,49.01926],[23.49739,49.02553],[23.49851,49.02619],[23.50157,49.02858],[23.50189,49.02937],[23.50171,49.03474],[23.50186,49.03715],[23.50265,49.03913],[23.50402,49.0405],[23.50619,49.0415],[23.51202,49.04369],[23.51433,49.04529],[23.51577,49.04586],[23.52148,49.0473],[23.52127,49.0475],[23.52094,49.04724],[23.52179,49.04655],[23.52199,49.04612],[23.52328,49.04804],[23.52545,49.04901],[23.52868,49.05146],[23.5304,49.05217],[23.5335,49.05307],[23.53963,49.05594],[23.54498,49.05872],[23.54501,49.05844],[23.54466,49.05772],[23.54498,49.05725],[23.54485,49.05656],[23.54416,49.05573],[23.54377,49.05545],[23.54186,49.05515],[23.54033,49.05442],[23.54023,49.05414],[23.54041,49.05237],[23.5406,49.05157],[23.54168,49.05017],[23.54279,49.04812],[23.54392,49.04748],[23.54455,49.04679],[23.54472,49.04496],[23.54503,49.04434],[23.54716,49.04173],[23.54782,49.0399],[23.54925,49.03925],[23.55142,49.03729],[23.55362,49.03621],[23.55484,49.03589],[23.55632,49.03597],[23.55957,49.03522],[23.56099,49.03518],[23.56155,49.03448],[23.56314,49.03373],[23.56378,49.03378]]}},{"type":"Feature","properties":{"name":"GraphHopper Track","mode":"ride","distance_km":"22.5"},"geometry":{"type":"LineString","coordinates":[[26.07714,44.56922],[26.07719,44.5698],[26.07691,44.57004],[26.07644,44.57013],[26.07572,44.56938],[26.07562,44.56885],[26.07522,44.56875],[26.07484,44.56893],[26.07484,44.56918],[26.0752,44.56945],[26.0755,44.57066],[26.07531,44.57251],[26.075,44.57307],[26.07519,44.57348],[26.07497,44.57371],[26.07455,44.57375],[26.07063,44.57273],[26.0701,44.57282],[26.0699,44.5727],[26.06885,44.54938],[26.0684,44.53343],[26.06885,44.53188],[26.07131,44.5258],[26.07199,44.52484],[26.0783,44.51793],[26.07903,44.51692],[26.08191,44.50939],[26.08209,44.50794],[26.08158,44.5055],[26.07896,44.49622],[26.07907,44.49155],[26.07871,44.48913],[26.07735,44.48623],[26.07598,44.48417],[26.07579,44.4836],[26.07282,44.47867],[26.07217,44.47836],[26.06574,44.48078],[26.06546,44.48058],[26.06474,44.48045],[26.06318,44.48099],[26.06216,44.48052],[26.06318,44.48099],[26.06474,44.48045],[26.06564,44.48065],[26.07209,44.47821],[26.07297,44.47721],[26.07769,44.46771],[26.07783,44.46699],[26.07813,44.46691],[26.07911,44.46706],[26.08534,44.46628],[26.08624,44.46581],[26.08666,44.4658],[26.09158,44.46322],[26.09251,44.46242],[26.09453,44.45987],[26.09735,44.45552],[26.09863,44.45293],[26.11326,44.45277],[26.11833,44.45225],[26.12194,44.4513],[26.12352,44.45036],[26.12529,44.44856],[26.12576,44.44795],[26.12641,44.4464],[26.12783,44.44464],[26.12893,44.44371],[26.13285,44.4415],[26.13371,44.44084],[26.13452,44.44004],[26.13626,44.43747],[26.14631,44.44008]]}},{"type":"Feature","properties":{"name":"GraphHopper Track","mode":"ride","distance_km":"102.8"},"geometry":{"type":"LineString","coordinates":[[33.62029,34.87181],[33.6171,34.8744],[33.61606,34.87366],[33.61312,34.87614],[33.61288,34.87686],[33.61256,34.87706],[33.60757,34.87756],[33.60595,34.87746],[33.60381,34.8767],[33.60312,34.8762],[33.60283,34.87544],[33.60216,34.87544],[33.60177,34.87607],[33.60005,34.87757],[33.59611,34.87966],[33.59496,34.88045],[33.58866,34.8867],[33.57605,34.89683],[33.5747,34.89826],[33.5674,34.90738],[33.56683,34.90754],[33.5606,34.90695],[33.55905,34.90661],[33.5575,34.90603],[33.55216,34.90304],[33.54339,34.89936],[33.53619,34.89513],[33.52332,34.88852],[33.52164,34.88742],[33.5068,34.87571],[33.50365,34.87376],[33.47379,34.86096],[33.47015,34.85996],[33.45937,34.85846],[33.45808,34.8582],[33.45585,34.85742],[33.45379,34.85631],[33.44634,34.85175],[33.43115,34.84339],[33.40586,34.8319],[33.40387,34.83108],[33.40249,34.83083],[33.4003,34.83122],[33.39903,34.83203],[33.39643,34.83501],[33.39572,34.83561],[33.39481,34.83607],[33.39383,34.83629],[33.3927,34.83626],[33.39193,34.83608],[33.38685,34.83423],[33.38429,34.8329],[33.38137,34.83089],[33.37965,34.82935],[33.37548,34.82492],[33.37284,34.82272],[33.37116,34.82166],[33.35487,34.81294],[33.35306,34.8118],[33.35128,34.81017],[33.34978,34.80801],[33.34906,34.80611],[33.34849,34.80041],[33.34818,34.79884],[33.34733,34.79671],[33.34485,34.79223],[33.34436,34.79088],[33.34404,34.78911],[33.34402,34.78811],[33.3443,34.78253],[33.34412,34.78156],[33.34365,34.78032],[33.34231,34.77853],[33.33902,34.77543],[33.33802,34.77388],[33.33611,34.77028],[33.33494,34.76873],[33.33003,34.76415],[33.32447,34.7592],[33.32203,34.75756],[33.31982,34.75637],[33.29222,34.74547],[33.29002,34.74433],[33.28797,34.74262],[33.28684,34.74121],[33.28367,34.73479],[33.28243,34.73291],[33.28082,34.73119],[33.27979,34.73033],[33.26864,34.72247],[33.26723,34.72163],[33.26526,34.72085],[33.26206,34.72033],[33.26017,34.72039],[33.25782,34.72087],[33.24538,34.72534],[33.24194,34.72689],[33.23317,34.73126],[33.23045,34.73231],[33.22728,34.73294],[33.21986,34.73366],[33.21734,34.73362],[33.21431,34.73291],[33.2125,34.73208],[33.21117,34.73117],[33.20938,34.7293],[33.20687,34.72478],[33.20571,34.72361],[33.20389,34.72254],[33.2014,34.72198],[33.19585,34.72194],[33.19412,34.72174],[33.16891,34.71603],[33.16617,34.71576],[33.16239,34.71588],[33.15978,34.71628],[33.15478,34.71763],[33.15233,34.7181],[33.14935,34.71828],[33.14636,34.71803],[33.14371,34.71744],[33.13563,34.7151],[33.13018,34.7132],[33.12508,34.71117],[33.12259,34.71039],[33.10965,34.70791],[33.09955,34.70622],[33.09512,34.70618],[33.09294,34.70645],[33.0894,34.70724],[33.08172,34.70957],[33.08008,34.70983],[33.07872,34.70984],[33.0534,34.70577],[33.05039,34.70542],[33.04702,34.7052],[33.03693,34.70524],[33.02643,34.70446],[33.02389,34.70361],[33.0218,34.70226],[33.00995,34.69025],[33.00922,34.68967],[33.00825,34.68913],[33.00724,34.68879],[32.99996,34.68738],[32.99701,34.68712],[32.99357,34.68713],[32.98993,34.68751],[32.98732,34.68802],[32.98386,34.68903],[32.96418,34.69609],[32.96032,34.69691],[32.95681,34.69701],[32.95375,34.69664],[32.95023,34.69557],[32.94724,34.69402],[32.9433,34.69106],[32.94118,34.69016],[32.93847,34.68982],[32.9263,34.69017],[32.92439,34.68998],[32.91356,34.68617],[32.90069,34.68245],[32.89624,34.68136],[32.89233,34.68098],[32.88889,34.6811],[32.88495,34.68177],[32.88286,34.68239],[32.87893,34.68409],[32.87588,34.68604],[32.8697,34.69096],[32.86505,34.69313],[32.86337,34.6942],[32.86215,34.69554],[32.85936,34.69999],[32.85747,34.70168],[32.85573,34.70264],[32.85379,34.70321],[32.85235,34.7034],[32.85,34.70331],[32.8487,34.70299],[32.8468,34.70224],[32.83477,34.69647],[32.83163,34.69567],[32.82765,34.6953],[32.82561,34.69475],[32.8239,34.69384],[32.82044,34.6912],[32.81907,34.69058],[32.81801,34.69027],[32.8117,34.68919],[32.8094,34.6883],[32.80802,34.68737],[32.80707,34.68633],[32.80638,34.68512],[32.8052,34.68193],[32.80412,34.68046],[32.80306,34.67955],[32.80177,34.67882],[32.79928,34.67811],[32.79662,34.67816],[32.79496,34.67859],[32.79394,34.67905],[32.79294,34.6797],[32.79181,34.68071],[32.79,34.68323],[32.7889,34.68435],[32.78762,34.68517],[32.78639,34.68568],[32.78406,34.68612],[32.78155,34.68589],[32.77047,34.68272],[32.76721,34.68215],[32.76505,34.68222],[32.74822,34.68471],[32.7449,34.68496],[32.73547,34.68479],[32.73293,34.68435],[32.73168,34.68395],[32.73002,34.68315],[32.72853,34.68208],[32.72637,34.6795],[32.72494,34.67826],[32.72468,34.67788],[32.72452,34.67721],[32.72339,34.67722],[32.72221,34.67636],[32.72185,34.67564],[32.72131,34.67521],[32.72122,34.67304],[32.72161,34.67224],[32.72268,34.67139],[32.7238,34.67095],[32.72494,34.67018],[32.72618,34.66903],[32.72807,34.66272],[32.72836,34.65896],[32.72798,34.65651],[32.72687,34.65369],[32.72628,34.65284],[32.7251,34.65214],[32.72391,34.65114],[32.72313,34.65091],[32.72293,34.6506],[32.72202,34.65003],[32.72173,34.65048],[32.72082,34.65014]]}},{"type":"Feature","properties":{"name":"GraphHopper Track","mode":"ride","distance_km":"51.0"},"geometry":{"type":"LineString","coordinates":[[33.62029,34.87181],[33.6171,34.8744],[33.61606,34.87366],[33.61312,34.87614],[33.61288,34.87686],[33.61256,34.87706],[33.60757,34.87756],[33.60595,34.87746],[33.60381,34.8767],[33.60312,34.8762],[33.60283,34.87544],[33.60216,34.87544],[33.60177,34.87607],[33.60005,34.87757],[33.59611,34.87966],[33.59496,34.88045],[33.58866,34.8867],[33.57605,34.89683],[33.5747,34.89826],[33.56841,34.90626],[33.56766,34.90756],[33.56745,34.90927],[33.56934,34.91663],[33.56941,34.91838],[33.56924,34.91996],[33.56878,34.92173],[33.56339,34.93768],[33.56288,34.94008],[33.56287,34.94205],[33.56318,34.94398],[33.56356,34.94523],[33.56446,34.94717],[33.56614,34.94966],[33.56673,34.95033],[33.56761,34.95095],[33.57125,34.9523],[33.5742,34.95312],[33.57574,34.95391],[33.57688,34.95525],[33.57934,34.95904],[33.58031,34.96006],[33.58216,34.96136],[33.58424,34.96217],[33.58674,34.96258],[33.60706,34.96346],[33.61758,34.96353],[33.63495,34.96461],[33.63711,34.96491],[33.6405,34.96591],[33.65047,34.97069],[33.65947,34.97371],[33.66249,34.9751],[33.6663,34.97722],[33.66929,34.9785],[33.67262,34.97939],[33.68174,34.98082],[33.6847,34.98184],[33.68671,34.98302],[33.68838,34.98437],[33.69929,34.99609],[33.70011,34.99722],[33.70063,34.99862],[33.70077,34.99955],[33.7007,35.00171],[33.70128,35.0038],[33.7018,35.00473],[33.70298,35.006],[33.7041,35.00679],[33.70555,35.00746],[33.70756,35.0079],[33.70894,35.00798],[33.72662,35.0067],[33.73651,35.00673],[33.74092,35.00628],[33.74433,35.00555],[33.74702,35.0047],[33.74971,35.00357],[33.75144,35.00263],[33.75427,35.00068],[33.75608,34.99882],[33.75673,34.99757],[33.75765,34.99459],[33.75824,34.99356],[33.75932,34.99256],[33.76035,34.99196],[33.77178,34.98712],[33.77329,34.98607],[33.77646,34.98333],[33.77925,34.98157],[33.78173,34.98038],[33.78418,34.97978],[33.78683,34.97972],[33.78937,34.98019],[33.79219,34.98109],[33.79448,34.98147],[33.79684,34.98152],[33.79915,34.98124],[33.81023,34.97792],[33.81216,34.977],[33.81562,34.97483],[33.81851,34.9738],[33.82071,34.97324],[33.82439,34.97262],[33.83074,34.97226],[33.83291,34.97194],[33.83604,34.97108],[33.83972,34.96951],[33.84175,34.96884],[33.84736,34.96786],[33.85194,34.9675],[33.85606,34.96743],[33.86127,34.96771],[33.86562,34.96831],[33.86762,34.96889],[33.86965,34.96993],[33.87128,34.97121],[33.8727,34.97274],[33.87426,34.97408],[33.87616,34.97521],[33.87811,34.97592],[33.87973,34.97627],[33.88461,34.97662],[33.89384,34.97785],[33.90411,34.97806],[33.90555,34.97826],[33.91143,34.98013],[33.9251,34.98407],[33.92655,34.98468],[33.92669,34.98525],[33.92698,34.98553],[33.92776,34.98558],[33.92838,34.98324],[33.93118,34.98219],[33.9315,34.98179],[33.93156,34.98119],[33.93435,34.9809],[33.93711,34.9814],[33.93713,34.98122],[33.93475,34.97988],[33.93499,34.97926]]}},{"type":"Feature","properties":{"name":"GraphHopper Track","mode":"ride","distance_km":"9.0"},"geometry":{"type":"LineString","coordinates":[[24.85749,59.41102],[24.84956,59.41105],[24.84937,59.41095],[24.84936,59.41005],[24.84793,59.41005],[24.84745,59.41021],[24.84729,59.41143],[24.84342,59.41201],[24.8367,59.41228],[24.82591,59.41222],[24.82454,59.41217],[24.82466,59.41193],[24.81939,59.41188],[24.81822,59.41084],[24.81685,59.41031],[24.81607,59.41027],[24.81525,59.4106],[24.8146,59.41063],[24.80983,59.40843],[24.80643,59.40807],[24.79582,59.41689],[24.786,59.42407],[24.78099,59.42611],[24.77756,59.42783],[24.76924,59.43134],[24.76452,59.43245],[24.7634,59.43287],[24.76431,59.43446],[24.76476,59.43577],[24.76473,59.43751],[24.76345,59.43999],[24.76311,59.44007],[24.76161,59.43984],[24.76049,59.43985],[24.75439,59.441],[24.7535,59.44132],[24.75272,59.44208],[24.75252,59.44195],[24.75359,59.44087],[24.75361,59.44035],[24.75273,59.44017],[24.75125,59.44022]]}},{"type":"Feature","properties":{"name":"GraphHopper Track","mode":"ride","distance_km":"44.0"},"geometry":{"type":"LineString","coordinates":[[12.56349,55.67252],[12.56356,55.67242],[12.55758,55.67047],[12.54783,55.66756],[12.54571,55.66738],[12.54429,55.66755],[12.53808,55.65647],[12.53789,55.65555],[12.53816,55.6544],[12.54251,55.64599],[12.54431,55.64433],[12.54567,55.64344],[12.54955,55.64183],[12.55353,55.64067],[12.55419,55.64022],[12.5546,55.6396],[12.55463,55.63908],[12.55438,55.63856],[12.55268,55.63733],[12.54814,55.63506],[12.54496,55.63416],[12.54355,55.63326],[12.54309,55.63264],[12.54291,55.63211],[12.54301,55.63118],[12.54377,55.63019],[12.54494,55.62949],[12.54612,55.62912],[12.5475,55.62893],[12.55149,55.62918],[12.55548,55.62912],[12.57802,55.62794],[12.58268,55.62787],[12.58848,55.62818],[12.59515,55.62898],[12.5991,55.62928],[12.64109,55.63048],[12.64789,55.63109],[12.66308,55.63326],[12.66756,55.63326],[12.67224,55.63265],[12.6745,55.6321],[12.67725,55.63114],[12.73463,55.6077],[12.742,55.60443],[12.7604,55.59582],[12.77109,55.59117],[12.78303,55.58678],[12.79447,55.58314],[12.80247,55.58088],[12.8106,55.57881],[12.83716,55.57288],[12.84774,55.57073],[12.86055,55.56861],[12.87353,55.56697],[12.88675,55.56582],[12.89914,55.56522],[12.91354,55.56557],[12.91771,55.56528],[12.9238,55.56434],[12.92749,55.56342],[12.93139,55.56218],[12.93524,55.5606],[12.93808,55.55917],[12.94094,55.55742],[12.94657,55.55346],[12.94975,55.55169],[12.95196,55.5507],[12.95298,55.55001],[12.95308,55.54971],[12.95293,55.54946],[12.95198,55.54927],[12.95115,55.54962],[12.95104,55.5501],[12.9532,55.5526],[12.9541,55.55419],[12.95481,55.55587],[12.95547,55.55617],[12.9556,55.5567],[12.95591,55.55707],[12.96292,55.5618],[12.96414,55.56195],[12.96467,55.56272],[12.96747,55.56432],[12.96876,55.56548],[12.97151,55.56603],[12.97538,55.56732],[12.9783,55.56792],[12.98144,55.56812],[12.9836,55.568],[12.98659,55.56747],[12.98721,55.56766],[12.98731,55.56791],[12.98703,55.56833],[12.9871,55.5688],[12.98796,55.57085],[12.98891,55.57262],[12.99034,55.57425],[12.99179,55.57529],[12.99646,55.57959],[12.9984,55.58258],[12.99906,55.58448],[12.99922,55.58611],[12.99971,55.58653],[12.99901,55.58728],[12.99784,55.59092],[12.99765,55.59238],[12.99765,55.59492],[12.99701,55.59638],[12.99629,55.59725],[12.99575,55.60054],[12.9948,55.60251],[12.99235,55.60596],[12.99936,55.60765],[13.00419,55.60821],[13.00093,55.60794]]}},{"type":"Feature","properties":{"name":"GraphHopper Track","mode":"ride","distance_km":"42.6"},"geometry":{"type":"LineString","coordinates":[[20.9571,52.21153],[20.95658,52.21166],[20.95665,52.21178],[20.95569,52.21197],[20.9539,52.21197],[20.95319,52.21182],[20.95278,52.21197],[20.9527,52.21217],[20.95615,52.21444],[20.9573,52.21494],[20.96166,52.21624],[20.96125,52.21646],[20.96035,52.21766],[20.95988,52.22071],[20.95864,52.22252],[20.95604,52.23297],[20.95595,52.23647],[20.95608,52.23777],[20.95806,52.24294],[20.95823,52.24375],[20.95818,52.24484],[20.95726,52.24789],[20.95399,52.25399],[20.95299,52.25467],[20.94924,52.25578],[20.94862,52.25642],[20.94868,52.2571],[20.95082,52.25928],[20.95174,52.26048],[20.95887,52.26726],[20.96169,52.26964],[20.965,52.27199],[20.96894,52.2744],[20.97566,52.27803],[20.98539,52.28263],[20.98703,52.28299],[20.98915,52.28265],[20.98995,52.28278],[20.9902,52.28303],[20.99019,52.2833],[20.98952,52.28389],[20.9811,52.28887],[20.96455,52.29575],[20.95746,52.29943],[20.94799,52.30194],[20.93826,52.30354],[20.93589,52.30446],[20.9265,52.30965],[20.90944,52.32495],[20.90803,52.32601],[20.90642,52.32681],[20.89948,52.329],[20.86805,52.34071],[20.86619,52.34197],[20.85923,52.34929],[20.85833,52.34996],[20.85691,52.35068],[20.74499,52.38659],[20.74116,52.38738],[20.73128,52.3882],[20.72785,52.38906],[20.72566,52.38994],[20.72341,52.39127],[20.71837,52.39544],[20.69716,52.41126],[20.6942,52.41308],[20.69163,52.41418],[20.68905,52.41492],[20.66777,52.41905],[20.66401,52.4204],[20.6623,52.42126],[20.66051,52.4224],[20.65896,52.42368],[20.65735,52.4254],[20.64922,52.43529],[20.64697,52.43739],[20.64544,52.43846],[20.64502,52.43901],[20.64447,52.44072],[20.64447,52.44112],[20.64481,52.44167],[20.64549,52.44208],[20.64754,52.44238],[20.65346,52.44214],[20.6539,52.44379],[20.65375,52.44454],[20.65394,52.4447],[20.65375,52.44487],[20.653,52.44477],[20.64351,52.44517],[20.64364,52.44646],[20.64474,52.44644],[20.64514,52.4469],[20.64786,52.44668]]}},{"type":"Feature","properties":{"name":"GraphHopper Track","mode":"ride","distance_km":"8.4"},"geometry":{"type":"LineString","coordinates":[[-3.63729,40.45566],[-3.63779,40.45531],[-3.63985,40.45564],[-3.64121,40.45505],[-3.64367,40.45462],[-3.64574,40.45358],[-3.64755,40.45301],[-3.64843,40.45165],[-3.64931,40.45111],[-3.64873,40.45037],[-3.65342,40.44833],[-3.65312,40.44765],[-3.65326,40.44739],[-3.65518,40.44656],[-3.66462,40.44322],[-3.66974,40.44031],[-3.67113,40.43967],[-3.67505,40.43882],[-3.67714,40.4376],[-3.67765,40.43745],[-3.68512,40.43781],[-3.68629,40.43774],[-3.68691,40.43046],[-3.6891,40.43058],[-3.69039,40.42569],[-3.69071,40.42524],[-3.69069,40.42444],[-3.6928,40.41991],[-3.69377,40.419],[-3.69467,40.41576],[-3.69335,40.41246],[-3.69247,40.40957]]}},{"type":"Feature","properties":{"name":"GraphHopper Track","mode":"ride","distance_km":"11.5"},"geometry":{"type":"LineString","coordinates":[[-3.7071,40.41372],[-3.70767,40.41358],[-3.70868,40.41377],[-3.71219,40.41493],[-3.71224,40.41524],[-3.71347,40.41506],[-3.71277,40.42107],[-3.71291,40.4221],[-3.71274,40.42239],[-3.71097,40.42342],[-3.7139,40.42743],[-3.71192,40.43016],[-3.70544,40.4295],[-3.702,40.42891],[-3.69798,40.43234],[-3.69746,40.43228],[-3.69654,40.43267],[-3.69175,40.43294],[-3.69124,40.4328],[-3.69058,40.43299],[-3.68845,40.43305],[-3.6835,40.43276],[-3.68308,40.43762],[-3.67731,40.4374],[-3.67499,40.43874],[-3.67204,40.4393],[-3.67042,40.43984],[-3.66521,40.44285],[-3.66366,40.44352],[-3.65958,40.44481],[-3.6589,40.44468],[-3.65893,40.44424],[-3.65942,40.44412],[-3.65976,40.44433],[-3.66099,40.44636],[-3.6622,40.44987],[-3.66234,40.45146],[-3.66203,40.45172],[-3.66078,40.45179],[-3.66046,40.45203],[-3.66052,40.45373],[-3.65665,40.45573],[-3.65434,40.45683],[-3.65359,40.45704],[-3.64463,40.45721],[-3.64439,40.45705],[-3.64355,40.45717],[-3.64249,40.45668],[-3.64157,40.45666],[-3.64142,40.45651],[-3.63842,40.45715],[-3.63715,40.457],[-3.63705,40.45606],[-3.63729,40.45566]]}},{"type":"Feature","properties":{"name":"GraphHopper Track","mode":"ride","distance_km":"8.8"},"geometry":{"type":"LineString","coordinates":[[-1.50981,48.55448],[-1.51023,48.55451],[-1.51017,48.55522],[-1.50984,48.55644],[-1.50931,48.5567],[-1.50928,48.55736],[-1.50911,48.55745],[-1.50926,48.55781],[-1.50941,48.56114],[-1.50996,48.56254],[-1.51161,48.5641],[-1.51247,48.56528],[-1.51283,48.56753],[-1.51245,48.57778],[-1.51143,48.58384],[-1.50995,48.59005],[-1.51056,48.59253],[-1.51221,48.59469],[-1.51307,48.59799],[-1.51304,48.59965],[-1.5116,48.60439],[-1.51022,48.60804],[-1.50983,48.60816],[-1.50708,48.60795],[-1.50355,48.60828],[-1.50333,48.60854],[-1.50366,48.60942],[-1.50349,48.60967],[-1.49995,48.61107],[-1.49834,48.61191],[-1.49813,48.61221],[-1.49924,48.61387],[-1.49917,48.61424],[-1.50185,48.61384],[-1.5064,48.61396],[-1.51014,48.61381],[-1.5109,48.6175]]}},{"type":"Feature","properties":{"name":"GraphHopper Track","mode":"ride","distance_km":"93.0"},"geometry":{"type":"LineString","coordinates":[[17.34083,50.47632],[17.33863,50.47845],[17.33544,50.48098],[17.337,50.48196],[17.33711,50.48226],[17.33696,50.48324],[17.33737,50.48379],[17.34283,50.48548],[17.34364,50.48584],[17.34446,50.48647],[17.34805,50.49301],[17.34829,50.49447],[17.34718,50.49928],[17.34737,50.4997],[17.347,50.50007],[17.34671,50.50126],[17.34688,50.50162],[17.34653,50.50196],[17.34622,50.50329],[17.34628,50.5041],[17.34662,50.50505],[17.35536,50.5186],[17.37338,50.54752],[17.37388,50.54813],[17.3745,50.54857],[17.37592,50.54917],[17.37681,50.54931],[17.37682,50.54948],[17.37644,50.54958],[17.3759,50.55028],[17.37573,50.55077],[17.37575,50.5514],[17.37864,50.55634],[17.37943,50.55846],[17.38037,50.56897],[17.38246,50.59726],[17.38229,50.60012],[17.38233,50.63912],[17.3829,50.64702],[17.38309,50.6479],[17.38344,50.6486],[17.38763,50.65467],[17.38911,50.65821],[17.38931,50.65932],[17.38912,50.66289],[17.38691,50.68288],[17.3871,50.68344],[17.37656,50.68412],[17.37257,50.68486],[17.37012,50.6857],[17.3678,50.68686],[17.36566,50.68847],[17.36404,50.69031],[17.36333,50.69168],[17.36289,50.69314],[17.36279,50.69482],[17.36302,50.69607],[17.3636,50.69759],[17.36792,50.70456],[17.36854,50.70618],[17.36881,50.70764],[17.36872,50.71015],[17.36773,50.71529],[17.36728,50.71669],[17.35924,50.72845],[17.35721,50.73027],[17.35351,50.73256],[17.35154,50.73423],[17.34205,50.74531],[17.34125,50.74695],[17.34114,50.74808],[17.34182,50.75272],[17.34385,50.78134],[17.34412,50.78262],[17.34563,50.78576],[17.34599,50.78599],[17.35212,50.78562],[17.35148,50.78222],[17.35073,50.78175],[17.34953,50.78179],[17.34877,50.78209],[17.33347,50.79056],[17.33169,50.79169],[17.32967,50.79326],[17.32832,50.79458],[17.31187,50.81256],[17.30868,50.81576],[17.30391,50.81972],[17.28722,50.83254],[17.2853,50.83383],[17.2815,50.83576],[17.27732,50.83727],[17.26685,50.83984],[17.26346,50.84086],[17.25333,50.84522],[17.23959,50.84943],[17.23631,50.85063],[17.23325,50.85218],[17.23086,50.85371],[17.22908,50.85515],[17.21502,50.86892],[17.21126,50.87223],[17.18443,50.89269],[17.1816,50.89467],[17.17591,50.89802],[17.14394,50.91508],[17.1111,50.93548],[17.09474,50.94418],[17.08865,50.9479],[17.07018,50.96189],[17.06749,50.96451],[17.06634,50.96607],[17.06525,50.96809],[17.05894,50.98399],[17.05733,50.98665],[17.0551,50.9891],[17.053,50.99079],[17.0363,51.00304],[17.03319,51.00558],[17.03038,51.00837],[17.024,51.01611],[17.02142,51.01863],[17.01877,51.02082],[17.00415,51.03109],[16.98357,51.04516],[16.97985,51.04715],[16.97528,51.04882],[16.9709,51.04983],[16.96542,51.05043],[16.96061,51.0504],[16.95678,51.05],[16.954,51.04949],[16.94539,51.04747],[16.93918,51.04631],[16.93808,51.04638],[16.93591,51.04688],[16.93452,51.04765],[16.93399,51.04824],[16.93349,51.04935],[16.92807,51.07018],[16.92742,51.07319],[16.9273,51.07674],[16.92799,51.08063],[16.93412,51.10249],[16.9346,51.10336],[16.93604,51.10455],[16.93674,51.10541],[16.93768,51.10915],[16.93793,51.10932],[16.93787,51.10951],[16.93184,51.10973],[16.92485,51.10973],[16.92408,51.10998],[16.92352,51.10966],[16.9204,51.10922],[16.91531,51.10874],[16.91063,51.1085],[16.90466,51.10923],[16.90389,51.10963],[16.90374,51.11003],[16.90266,51.1106],[16.90185,51.11083],[16.88874,51.1112],[16.88856,51.11056],[16.88628,51.10774],[16.88638,51.10771],[16.88624,51.10746],[16.8867,51.10726],[16.88653,51.10699],[16.88729,51.10675],[16.88702,51.10637]]}},{"type":"Feature","properties":{"name":"GraphHopper Track","mode":"ride","distance_km":"951.3"},"geometry":{"type":"LineString","coordinates":[[2.37896,48.83616],[2.3765,48.83856],[2.37607,48.83837],[2.38641,48.83029],[2.38808,48.82826],[2.38888,48.82785],[2.39,48.82767],[2.39023,48.82733],[2.39013,48.82715],[2.38974,48.82688],[2.386,48.82561],[2.38432,48.82487],[2.37822,48.82133],[2.36629,48.81741],[2.36417,48.81648],[2.36242,48.81621],[2.35761,48.81649],[2.35692,48.81628],[2.35447,48.81343],[2.35116,48.81155],[2.34999,48.81068],[2.3447,48.8051],[2.34408,48.80411],[2.34346,48.80182],[2.34386,48.79693],[2.34448,48.79502],[2.34457,48.79426],[2.34389,48.79092],[2.34388,48.78988],[2.34421,48.78867],[2.34611,48.78438],[2.34642,48.78264],[2.34641,48.78124],[2.34548,48.7736],[2.34503,48.77113],[2.34461,48.7702],[2.34303,48.76778],[2.34252,48.76558],[2.34154,48.7637],[2.34031,48.76218],[2.33404,48.75638],[2.32854,48.75037],[2.32382,48.74555],[2.31799,48.74007],[2.31677,48.73845],[2.31553,48.73589],[2.31461,48.73487],[2.29927,48.72464],[2.29669,48.72275],[2.29311,48.71937],[2.28932,48.71462],[2.28569,48.71309],[2.28462,48.71282],[2.27885,48.71345],[2.27238,48.71464],[2.26729,48.71601],[2.26067,48.71831],[2.25705,48.72],[2.25603,48.7201],[2.25467,48.71966],[2.25419,48.71903],[2.25393,48.71659],[2.25365,48.71555],[2.24921,48.70428],[2.24795,48.70207],[2.2464,48.70056],[2.2447,48.69942],[2.2427,48.69849],[2.23083,48.69426],[2.22454,48.69165],[2.21834,48.68838],[2.21402,48.68559],[2.20058,48.67561],[2.19684,48.6726],[2.193,48.66885],[2.18735,48.66227],[2.18334,48.65864],[2.18048,48.65653],[2.17731,48.65446],[2.15777,48.64286],[2.15158,48.63882],[2.14852,48.63643],[2.14628,48.63444],[2.13794,48.62572],[2.13404,48.62206],[2.12986,48.61899],[2.12517,48.61645],[2.12012,48.61445],[2.1149,48.6129],[2.06858,48.60224],[2.06359,48.60093],[2.05922,48.59954],[2.05346,48.59729],[2.04503,48.59338],[2.04025,48.59139],[2.02633,48.58669],[2.02185,48.58489],[2.01688,48.5825],[2.00796,48.57757],[2.00247,48.57482],[1.9953,48.57165],[1.98627,48.56822],[1.97951,48.56609],[1.97476,48.56493],[1.96887,48.56388],[1.95775,48.56238],[1.95098,48.56095],[1.94531,48.55933],[1.93372,48.55518],[1.92974,48.55406],[1.92441,48.55175],[1.91479,48.54815],[1.91047,48.54607],[1.90883,48.54496],[1.90709,48.54333],[1.90566,48.54154],[1.90491,48.5402],[1.90433,48.5386],[1.9041,48.53744],[1.90415,48.53486],[1.90454,48.53336],[1.9062,48.52945],[1.90697,48.52724],[1.90773,48.52413],[1.90811,48.52122],[1.90812,48.51748],[1.90713,48.50906],[1.90711,48.50658],[1.90738,48.50342],[1.90775,48.5012],[1.90866,48.49781],[1.91096,48.49193],[1.912,48.48862],[1.9126,48.48568],[1.91285,48.48359],[1.91298,48.48088],[1.91288,48.47045],[1.91243,48.46198],[1.91163,48.45424],[1.91057,48.44942],[1.90903,48.44455],[1.89993,48.42186],[1.89652,48.41187],[1.89394,48.40263],[1.88917,48.38233],[1.88761,48.37756],[1.88552,48.37274],[1.88336,48.3687],[1.8752,48.35544],[1.87278,48.35101],[1.86944,48.34384],[1.86744,48.33869],[1.86613,48.33465],[1.86441,48.328],[1.86315,48.32069],[1.8605,48.28992],[1.86016,48.28735],[1.85933,48.28334],[1.85835,48.28001],[1.85438,48.27037],[1.85323,48.26711],[1.85222,48.26315],[1.85169,48.25987],[1.85141,48.25658],[1.85129,48.24471],[1.85101,48.24146],[1.85036,48.23763],[1.8474,48.22592],[1.84681,48.22118],[1.84676,48.21629],[1.84738,48.21131],[1.84804,48.20831],[1.85243,48.19318],[1.8533,48.18886],[1.85388,48.18444],[1.85415,48.17857],[1.85404,48.17505],[1.85366,48.17085],[1.8536,48.16677],[1.85382,48.16323],[1.85474,48.15802],[1.85537,48.15316],[1.85558,48.15036],[1.85559,48.14478],[1.85486,48.13779],[1.85387,48.1329],[1.85183,48.12454],[1.85134,48.12188],[1.85083,48.11744],[1.85071,48.11112],[1.85199,48.0919],[1.85183,48.08689],[1.85137,48.08269],[1.85068,48.07877],[1.84924,48.07315],[1.84296,48.05496],[1.84152,48.04965],[1.84075,48.04556],[1.84025,48.04143],[1.84004,48.03712],[1.84013,48.03292],[1.84058,48.02822],[1.8412,48.02448],[1.84241,48.01943],[1.84373,48.01535],[1.84537,48.01116],[1.84741,48.00688],[1.85514,47.9933],[1.85664,47.99022],[1.8579,47.98671],[1.85856,47.98396],[1.8589,47.98163],[1.85906,47.97837],[1.8587,47.97406],[1.85759,47.96951],[1.85593,47.96545],[1.85189,47.95803],[1.85083,47.95577],[1.84954,47.95231],[1.84866,47.94846],[1.84832,47.94567],[1.84823,47.94262],[1.84847,47.93938],[1.84919,47.93334],[1.84935,47.93007],[1.84914,47.92629],[1.84862,47.92126],[1.84855,47.91792],[1.84932,47.90983],[1.84913,47.90896],[1.84872,47.90824],[1.84679,47.90619],[1.84644,47.90545],[1.84634,47.90474],[1.84742,47.90045],[1.84792,47.89912],[1.84855,47.89806],[1.84981,47.8969],[1.85278,47.89504],[1.8542,47.89381],[1.85895,47.88866],[1.86019,47.8868],[1.861,47.88501],[1.86146,47.88303],[1.86196,47.87672],[1.86298,47.86828],[1.86392,47.86261],[1.86593,47.85305],[1.86631,47.8506],[1.86641,47.84793],[1.86604,47.8446],[1.86553,47.84263],[1.86102,47.8313],[1.86009,47.82819],[1.85863,47.82157],[1.85777,47.81884],[1.84997,47.80006],[1.84837,47.79576],[1.84628,47.7871],[1.84621,47.78529],[1.84642,47.78346],[1.84705,47.78119],[1.85039,47.77362],[1.85113,47.77117],[1.85263,47.76462],[1.85397,47.7606],[1.85585,47.75676],[1.85981,47.75067],[1.86355,47.74594],[1.86867,47.74045],[1.87637,47.73354],[1.88353,47.72676],[1.89372,47.71835],[1.89687,47.71502],[1.89939,47.71146],[1.90105,47.70815],[1.90194,47.70552],[1.90241,47.70343],[1.90272,47.70011],[1.90251,47.69252],[1.90296,47.68938],[1.90419,47.68574],[1.90535,47.68352],[1.90655,47.68168],[1.90813,47.67971],[1.91105,47.67683],[1.91329,47.67507],[1.92409,47.66746],[1.9279,47.66409],[1.93013,47.6617],[1.93221,47.65909],[1.93769,47.65135],[1.9399,47.64848],[1.94383,47.64395],[1.95088,47.6367],[1.9531,47.63412],[1.95607,47.63028],[1.95983,47.6245],[1.96517,47.61319],[1.96816,47.6088],[1.96995,47.60668],[1.97243,47.60416],[1.97499,47.60193],[1.98341,47.59529],[1.98746,47.59126],[2.00302,47.57121],[2.00575,47.56664],[2.00702,47.56371],[2.00806,47.5603],[2.00869,47.55657],[2.00888,47.55294],[2.00863,47.54842],[2.00818,47.54563],[2.00752,47.54285],[2.0039,47.53211],[2.00352,47.53017],[2.00344,47.52779],[2.00365,47.52611],[2.00424,47.52388],[2.00493,47.52225],[2.00729,47.51808],[2.00802,47.51647],[2.00852,47.51501],[2.00894,47.51268],[2.00888,47.50959],[2.00674,47.50091],[2.00633,47.49634],[2.00648,47.49328],[2.00676,47.49133],[2.00871,47.48266],[2.00903,47.47956],[2.00906,47.47771],[2.00883,47.47465],[2.00832,47.47189],[2.00765,47.46943],[2.00556,47.4633],[2.0046,47.45909],[2.00434,47.45673],[2.00429,47.4543],[2.00445,47.45203],[2.00505,47.44849],[2.00611,47.44501],[2.00812,47.44071],[2.01071,47.43669],[2.01516,47.4307],[2.01727,47.42716],[2.01876,47.42386],[2.02191,47.41582],[2.02294,47.41367],[2.02463,47.41079],[2.02654,47.40812],[2.0294,47.40486],[2.03287,47.40165],[2.04136,47.39485],[2.04509,47.39117],[2.04725,47.38852],[2.04962,47.38494],[2.05133,47.38153],[2.05217,47.37935],[2.05291,47.37681],[2.05355,47.37324],[2.05368,47.37166],[2.05364,47.3683],[2.05316,47.36473],[2.04849,47.34501],[2.04762,47.33971],[2.04752,47.3361],[2.04763,47.33437],[2.04997,47.31857],[2.04989,47.31477],[2.04914,47.31139],[2.04567,47.30092],[2.04448,47.29559],[2.04381,47.28982],[2.04235,47.27115],[2.04241,47.26785],[2.04296,47.26499],[2.04409,47.26201],[2.04567,47.25927],[2.04764,47.25676],[2.04994,47.25449],[2.05301,47.25212],[2.05644,47.25005],[2.06422,47.24662],[2.09175,47.23536],[2.09633,47.23302],[2.10002,47.2307],[2.10404,47.22758],[2.10754,47.22412],[2.11055,47.22023],[2.11449,47.21343],[2.11559,47.21178],[2.1171,47.21004],[2.11837,47.20885],[2.12158,47.20654],[2.12386,47.20531],[2.12671,47.20412],[2.14956,47.19636],[2.15633,47.19364],[2.16009,47.19175],[2.16416,47.1893],[2.16815,47.18641],[2.17108,47.18386],[2.17441,47.18034],[2.1771,47.17674],[2.17935,47.17278],[2.18084,47.16911],[2.18177,47.16556],[2.1876,47.13406],[2.18859,47.13013],[2.18958,47.12752],[2.19066,47.12523],[2.19202,47.12287],[2.19501,47.11877],[2.19874,47.11486],[2.20289,47.11141],[2.2053,47.10972],[2.20849,47.10775],[2.21483,47.1046],[2.22006,47.10257],[2.24189,47.09499],[2.24774,47.09258],[2.25428,47.08944],[2.25948,47.08654],[2.26409,47.08364],[2.27747,47.07397],[2.28397,47.06981],[2.28906,47.06705],[2.30884,47.05741],[2.32346,47.04936],[2.32759,47.04725],[2.33206,47.04536],[2.33788,47.04339],[2.36548,47.0363],[2.3686,47.03507],[2.37139,47.03355],[2.37346,47.03205],[2.37512,47.03051],[2.37677,47.02865],[2.37852,47.0262],[2.37975,47.02396],[2.38053,47.02208],[2.38243,47.01591],[2.38363,47.01379],[2.38505,47.01202],[2.38672,47.01044],[2.3889,47.00884],[2.39135,47.00747],[2.39866,47.00404],[2.40097,47.00254],[2.40315,47.00071],[2.40458,46.99916],[2.40606,46.99707],[2.4089,46.99096],[2.4109,46.98799],[2.41369,46.98507],[2.41999,46.98001],[2.42136,46.97856],[2.42301,46.9763],[2.42424,46.97365],[2.42476,46.97162],[2.42491,46.96889],[2.42455,46.96652],[2.42396,46.96473],[2.42288,46.96261],[2.41907,46.95735],[2.41774,46.95489],[2.41709,46.9532],[2.41661,46.95137],[2.41635,46.9495],[2.41632,46.94749],[2.41657,46.94543],[2.41697,46.94377],[2.41839,46.94041],[2.42002,46.93791],[2.42359,46.93366],[2.42516,46.93093],[2.42595,46.92826],[2.42608,46.92555],[2.42559,46.923],[2.42476,46.92101],[2.41926,46.91149],[2.41772,46.90851],[2.41689,46.90583],[2.41668,46.90415],[2.41668,46.90223],[2.41768,46.89347],[2.41917,46.88621],[2.42083,46.88116],[2.42512,46.87188],[2.4265,46.86816],[2.42744,46.86461],[2.42789,46.86208],[2.42814,46.85977],[2.42812,46.85796],[2.4275,46.85506],[2.42623,46.85245],[2.42526,46.85109],[2.42392,46.8496],[2.41881,46.84515],[2.41655,46.84259],[2.41487,46.83961],[2.41341,46.83518],[2.41279,46.8321],[2.41248,46.82883],[2.41247,46.82642],[2.41286,46.82103],[2.41286,46.81883],[2.41231,46.80943],[2.41253,46.80432],[2.41353,46.79675],[2.4136,46.79428],[2.41344,46.79171],[2.41283,46.78851],[2.41149,46.78466],[2.40998,46.7816],[2.40692,46.7762],[2.40597,46.77365],[2.40566,46.77201],[2.40557,46.77011],[2.40577,46.76824],[2.40614,46.76675],[2.40915,46.75976],[2.41009,46.75825],[2.41132,46.75675],[2.4127,46.75539],[2.41447,46.75401],[2.42142,46.74965],[2.42322,46.74804],[2.42515,46.74573],[2.42618,46.74394],[2.42682,46.7423],[2.42959,46.73136],[2.43059,46.72937],[2.43185,46.72785],[2.43283,46.72695],[2.4345,46.72577],[2.43785,46.72422],[2.44007,46.72359],[2.44837,46.7218],[2.4521,46.72047],[2.45455,46.71915],[2.45639,46.71782],[2.45813,46.71611],[2.45912,46.7148],[2.46019,46.71274],[2.46075,46.71069],[2.46235,46.70132],[2.4626,46.69876],[2.46243,46.69679],[2.46191,46.69485],[2.45929,46.6896],[2.45874,46.68808],[2.45839,46.68649],[2.45829,46.68457],[2.45846,46.68288],[2.45902,46.68085],[2.45993,46.67893],[2.46087,46.67749],[2.46222,46.67586],[2.47141,46.666],[2.47437,46.66255],[2.47677,46.65922],[2.48052,46.65344],[2.48259,46.65078],[2.48588,46.64737],[2.49546,46.63834],[2.49716,46.63649],[2.49889,46.63416],[2.50079,46.63066],[2.50607,46.61767],[2.50718,46.61425],[2.50877,46.60578],[2.50933,46.60365],[2.51032,46.60095],[2.51196,46.59768],[2.51332,46.59555],[2.51505,46.59327],[2.52251,46.5855],[2.52772,46.57872],[2.53794,46.56871],[2.54005,46.56642],[2.54215,46.5638],[2.54503,46.55933],[2.55817,46.53511],[2.55988,46.53255],[2.56157,46.53066],[2.56399,46.52855],[2.57182,46.52321],[2.57719,46.51896],[2.58058,46.51686],[2.58428,46.51514],[2.58911,46.51357],[2.59736,46.51187],[2.60645,46.50933],[2.61095,46.50848],[2.61464,46.50821],[2.6176,46.50826],[2.62941,46.50971],[2.6324,46.50956],[2.63529,46.50894],[2.638,46.50781],[2.63982,46.5066],[2.641,46.50549],[2.64396,46.50213],[2.64679,46.49985],[2.64923,46.49842],[2.65652,46.4949],[2.65842,46.49368],[2.66066,46.49191],[2.66204,46.49056],[2.66345,46.48887],[2.66762,46.48269],[2.67295,46.47556],[2.67862,46.46748],[2.68146,46.46302],[2.68454,46.45776],[2.69178,46.44374],[2.69314,46.44172],[2.69684,46.43726],[2.6984,46.4349],[2.69928,46.43308],[2.70006,46.43086],[2.70125,46.42406],[2.70182,46.42183],[2.70278,46.41903],[2.70389,46.41648],[2.70616,46.41209],[2.70875,46.4078],[2.71219,46.40267],[2.71362,46.40005],[2.71485,46.39672],[2.71588,46.39172],[2.71642,46.39031],[2.71711,46.38913],[2.71857,46.38742],[2.72069,46.38578],[2.72847,46.38183],[2.73041,46.38059],[2.73258,46.37892],[2.73545,46.37607],[2.74429,46.36552],[2.74588,46.36384],[2.74905,46.36142],[2.75389,46.35872],[2.75832,46.35665],[2.76104,46.35561],[2.76396,46.35489],[2.76605,46.35461],[2.76807,46.35451],[2.77084,46.35466],[2.7867,46.35704],[2.79103,46.35725],[2.79493,46.35709],[2.79784,46.35676],[2.80096,46.35619],[2.81004,46.35372],[2.81545,46.35247],[2.82235,46.35114],[2.82755,46.35033],[2.83551,46.34937],[2.84068,46.34893],[2.84638,46.34868],[2.85608,46.34861],[2.85926,46.34832],[2.86235,46.34782],[2.86567,46.34702],[2.86889,46.34598],[2.87211,46.34469],[2.87616,46.3428],[2.87896,46.34131],[2.88252,46.33914],[2.89001,46.33392],[2.89249,46.33271],[2.89492,46.33193],[2.8967,46.33157],[2.90378,46.33102],[2.90729,46.33032],[2.91043,46.32915],[2.91501,46.32657],[2.91726,46.32555],[2.92017,46.32463],[2.92326,46.32405],[2.92747,46.32383],[2.93163,46.32424],[2.93418,46.32482],[2.94081,46.32688],[2.945,46.32796],[2.94947,46.32887],[2.95517,46.32969],[2.95906,46.33004],[2.96315,46.33013],[2.96683,46.32984],[2.97002,46.32927],[2.9729,46.32849],[2.97529,46.32761],[2.97752,46.32658],[2.97952,46.32542],[2.98287,46.32285],[2.98692,46.31861],[2.98906,46.3167],[2.99183,46.31465],[2.99467,46.31293],[2.99928,46.31077],[3.00759,46.30779],[3.01075,46.30641],[3.02407,46.29905],[3.03442,46.29428],[3.03798,46.29227],[3.04113,46.29003],[3.04449,46.28692],[3.05577,46.2734],[3.05888,46.27008],[3.06279,46.26633],[3.06563,46.26388],[3.06806,46.26203],[3.07938,46.25452],[3.08379,46.25108],[3.08711,46.24815],[3.08991,46.24542],[3.09237,46.24278],[3.09517,46.23941],[3.09726,46.23632],[3.09854,46.23374],[3.09938,46.2313],[3.09993,46.22848],[3.10001,46.22498],[3.09973,46.22272],[3.09763,46.21493],[3.09717,46.21264],[3.09712,46.21055],[3.09736,46.20875],[3.09768,46.20747],[3.09845,46.20555],[3.10036,46.20253],[3.10382,46.19871],[3.10628,46.19567],[3.11009,46.18988],[3.11219,46.18725],[3.11398,46.18544],[3.11629,46.18349],[3.12252,46.1791],[3.12574,46.17651],[3.12845,46.17373],[3.12957,46.17217],[3.13039,46.17049],[3.13073,46.16873],[3.13057,46.16692],[3.13003,46.16536],[3.12873,46.16302],[3.12722,46.161],[3.12597,46.15961],[3.12017,46.15452],[3.11867,46.15301],[3.11655,46.15038],[3.11478,46.14746],[3.11373,46.14503],[3.11282,46.14156],[3.11258,46.13867],[3.11279,46.13553],[3.1134,46.13284],[3.11474,46.12954],[3.11595,46.12743],[3.11808,46.12447],[3.12141,46.12084],[3.12736,46.11543],[3.13024,46.11342],[3.1361,46.11018],[3.13789,46.1088],[3.13925,46.10715],[3.13998,46.10567],[3.1403,46.10429],[3.14029,46.10262],[3.13954,46.10008],[3.13745,46.09531],[3.13533,46.09128],[3.13417,46.08951],[3.13194,46.08684],[3.13027,46.08522],[3.12852,46.08374],[3.123,46.07975],[3.12198,46.07878],[3.1209,46.07727],[3.12016,46.07521],[3.11975,46.071],[3.11923,46.06893],[3.11526,46.06208],[3.11384,46.05825],[3.11275,46.05341],[3.11247,46.05116],[3.11226,46.04771],[3.11249,46.04283],[3.11318,46.03831],[3.11402,46.03505],[3.11489,46.03243],[3.11844,46.02375],[3.11894,46.0222],[3.11918,46.02031],[3.11902,46.01838],[3.11843,46.01633],[3.11778,46.01503],[3.11639,46.013],[3.1128,46.00838],[3.11128,46.00581],[3.11019,46.0033],[3.10948,46.00081],[3.10906,45.99769],[3.10912,45.99498],[3.10964,45.99066],[3.1096,45.98922],[3.10932,45.98793],[3.10832,45.98581],[3.10392,45.98022],[3.10184,45.97659],[3.10111,45.9748],[3.10045,45.97249],[3.10009,45.97025],[3.09997,45.96795],[3.10036,45.96455],[3.10122,45.96158],[3.10264,45.9585],[3.10458,45.95567],[3.10623,45.95403],[3.10803,45.95279],[3.11039,45.95171],[3.1163,45.94954],[3.11835,45.94841],[3.11964,45.94745],[3.12098,45.94615],[3.12222,45.94462],[3.12675,45.93752],[3.12977,45.93411],[3.13357,45.93099],[3.14127,45.92576],[3.14494,45.92264],[3.14786,45.9195],[3.14944,45.9175],[3.15166,45.91395],[3.15319,45.91052],[3.15373,45.90884],[3.15421,45.90649],[3.15439,45.90292],[3.15353,45.89336],[3.15351,45.8901],[3.15376,45.8859],[3.15443,45.88122],[3.15951,45.85545],[3.16024,45.84967],[3.16055,45.84098],[3.1589,45.83068],[3.15645,45.8196],[3.15516,45.8146],[3.15347,45.81031],[3.14996,45.80385],[3.14862,45.80101],[3.14789,45.7988],[3.14697,45.79449],[3.14636,45.79238],[3.14308,45.78535],[3.14186,45.78229],[3.14104,45.77929],[3.14033,45.77433],[3.13896,45.76911],[3.13861,45.76565],[3.13904,45.7621],[3.14024,45.75806],[3.14201,45.75377],[3.14512,45.74767],[3.14538,45.74618],[3.14531,45.7435],[3.14576,45.742],[3.14703,45.74031],[3.15104,45.73726],[3.15318,45.73415],[3.15426,45.7321],[3.1548,45.7306],[3.1553,45.72808],[3.15534,45.7261],[3.15515,45.72454],[3.15476,45.72299],[3.15223,45.71664],[3.15134,45.71375],[3.15095,45.71123],[3.15076,45.70596],[3.15052,45.70415],[3.15002,45.70266],[3.14843,45.69939],[3.14812,45.69817],[3.14811,45.69644],[3.14908,45.69244],[3.14902,45.69042],[3.14846,45.6891],[3.14761,45.68798],[3.14449,45.68549],[3.14359,45.6845],[3.14287,45.68328],[3.14248,45.6821],[3.14236,45.68039],[3.1424,45.67235],[3.1426,45.67046],[3.1431,45.66889],[3.14428,45.66683],[3.14568,45.66526],[3.14775,45.66364],[3.17732,45.64798],[3.17948,45.64667],[3.18056,45.64578],[3.18193,45.64413],[3.18349,45.6411],[3.18458,45.63952],[3.18614,45.63813],[3.18964,45.63572],[3.1912,45.63403],[3.19214,45.63208],[3.19269,45.62816],[3.19349,45.62619],[3.19453,45.62482],[3.19901,45.61979],[3.20062,45.61755],[3.2016,45.61657],[3.20265,45.61584],[3.20551,45.61439],[3.20879,45.61208],[3.21054,45.61113],[3.21254,45.61074],[3.21689,45.61081],[3.21901,45.61022],[3.22059,45.60926],[3.22126,45.60828],[3.22119,45.60719],[3.22043,45.60631],[3.2184,45.6053],[3.21777,45.60468],[3.21675,45.60134],[3.21682,45.60061],[3.21762,45.59899],[3.21915,45.59737],[3.22132,45.59621],[3.22524,45.59522],[3.22747,45.5941],[3.23259,45.59341],[3.23552,45.59278],[3.23837,45.59187],[3.24093,45.59054],[3.24431,45.58992],[3.24558,45.5893],[3.24608,45.58872],[3.2463,45.58782],[3.24571,45.58508],[3.24485,45.58411],[3.2417,45.58289],[3.24037,45.58173],[3.23975,45.58053],[3.23894,45.57731],[3.23895,45.57669],[3.23931,45.57592],[3.24002,45.57527],[3.2418,45.57429],[3.24721,45.57287],[3.24825,45.57242],[3.24891,45.57194],[3.24956,45.57113],[3.24982,45.57032],[3.24945,45.56762],[3.2495,45.56688],[3.24998,45.56607],[3.25069,45.56553],[3.25152,45.5652],[3.25406,45.56485],[3.25518,45.56455],[3.25753,45.56304],[3.25893,45.56249],[3.26047,45.56227],[3.26329,45.56223],[3.26465,45.5619],[3.26617,45.56108],[3.26719,45.55983],[3.26747,45.55886],[3.26912,45.54866],[3.26913,45.54761],[3.26891,45.54638],[3.26712,45.54246],[3.26601,45.54077],[3.26426,45.53921],[3.26107,45.53724],[3.25992,45.53632],[3.25891,45.53519],[3.25729,45.5326],[3.25681,45.53148],[3.25669,45.53052],[3.2568,45.52978],[3.25752,45.52776],[3.25756,45.52655],[3.25724,45.52564],[3.25621,45.52389],[3.25602,45.52314],[3.25616,45.52185],[3.25666,45.52096],[3.26029,45.51799],[3.26206,45.51493],[3.26245,45.51396],[3.26307,45.51137],[3.26274,45.50899],[3.26116,45.50339],[3.26061,45.50235],[3.25025,45.4929],[3.24906,45.49157],[3.24813,45.49015],[3.24731,45.48815],[3.24656,45.4844],[3.246,45.47944],[3.24609,45.47662],[3.24644,45.47477],[3.24693,45.47329],[3.24754,45.47193],[3.24874,45.46996],[3.25102,45.46735],[3.26073,45.45846],[3.26404,45.45479],[3.26595,45.45224],[3.26758,45.44972],[3.26924,45.4466],[3.27037,45.44393],[3.27145,45.44054],[3.27219,45.43645],[3.27285,45.42545],[3.27434,45.41584],[3.27461,45.41298],[3.27465,45.41094],[3.27445,45.40807],[3.27278,45.39805],[3.27272,45.39611],[3.27289,45.39444],[3.27392,45.39122],[3.27602,45.38739],[3.27749,45.38528],[3.28393,45.37715],[3.28527,45.37515],[3.28623,45.37267],[3.28649,45.37003],[3.2862,45.36805],[3.28536,45.36583],[3.28418,45.36394],[3.27918,45.35717],[3.27825,45.35523],[3.27565,45.33856],[3.27489,45.33653],[3.27325,45.33445],[3.26975,45.33176],[3.26821,45.33017],[3.25041,45.30504],[3.2443,45.29834],[3.24199,45.29609],[3.24047,45.295],[3.23531,45.29196],[3.22939,45.28664],[3.218,45.2785],[3.2168,45.27718],[3.21492,45.27417],[3.21408,45.27339],[3.21234,45.27255],[3.20618,45.27106],[3.20492,45.27063],[3.20403,45.2701],[3.20112,45.2678],[3.20027,45.26676],[3.1999,45.26583],[3.19995,45.26447],[3.20174,45.26091],[3.20448,45.25082],[3.2047,45.24716],[3.20387,45.24279],[3.20391,45.24112],[3.20445,45.23976],[3.20642,45.23661],[3.20703,45.23442],[3.20699,45.23298],[3.20656,45.2309],[3.20652,45.22997],[3.20716,45.22658],[3.20697,45.22532],[3.20632,45.22353],[3.20492,45.22125],[3.20208,45.21816],[3.20135,45.217],[3.20073,45.21505],[3.20065,45.21175],[3.20014,45.20995],[3.19521,45.20188],[3.19362,45.2003],[3.18675,45.19542],[3.18507,45.19382],[3.18412,45.19238],[3.18383,45.19165],[3.18317,45.1877],[3.18262,45.18642],[3.18176,45.18537],[3.17899,45.18292],[3.17667,45.17955],[3.17556,45.17864],[3.16845,45.17454],[3.16284,45.16999],[3.14983,45.16134],[3.14781,45.15964],[3.14652,45.15787],[3.14592,45.15647],[3.14281,45.14625],[3.14295,45.14487],[3.14422,45.14132],[3.14425,45.14045],[3.14405,45.13969],[3.14318,45.13844],[3.1371,45.13266],[3.13645,45.13176],[3.13616,45.13086],[3.13614,45.13005],[3.1364,45.12914],[3.13838,45.12645],[3.13891,45.12534],[3.13912,45.12186],[3.1405,45.11681],[3.14058,45.1159],[3.14043,45.11519],[3.13996,45.11427],[3.1393,45.11354],[3.12988,45.10506],[3.12943,45.10408],[3.12939,45.10335],[3.13048,45.1007],[3.13044,45.10001],[3.13002,45.09918],[3.12731,45.09698],[3.12262,45.09166],[3.1181,45.08838],[3.11705,45.08703],[3.11682,45.08615],[3.11684,45.08536],[3.11795,45.08259],[3.11798,45.0809],[3.11097,45.06374],[3.11055,45.06226],[3.11043,45.06072],[3.11096,45.05289],[3.11126,45.05166],[3.11206,45.05038],[3.11546,45.04751],[3.11638,45.04651],[3.11946,45.04021],[3.12042,45.03889],[3.12145,45.03805],[3.12268,45.03738],[3.12421,45.03686],[3.13941,45.0336],[3.14147,45.0327],[3.14283,45.03165],[3.14401,45.03006],[3.14489,45.02679],[3.14524,45.02603],[3.14718,45.02368],[3.14779,45.02273],[3.14816,45.02164],[3.14853,45.0195],[3.14928,45.01808],[3.15043,45.01689],[3.15332,45.01493],[3.15525,45.01323],[3.15846,45.00921],[3.16086,45.00527],[3.16262,45.00344],[3.16522,45.00181],[3.18076,44.99513],[3.18257,44.9939],[3.18404,44.99233],[3.18472,44.99114],[3.18509,44.98982],[3.18616,44.97643],[3.18639,44.9753],[3.18731,44.97331],[3.19185,44.96532],[3.19219,44.96431],[3.19359,44.95729],[3.19416,44.95586],[3.19614,44.95267],[3.19764,44.94862],[3.20026,44.94272],[3.20064,44.94138],[3.2014,44.93622],[3.20238,44.93363],[3.20967,44.92365],[3.21417,44.91884],[3.21533,44.91788],[3.21652,44.91719],[3.22173,44.91503],[3.22325,44.91396],[3.22416,44.91295],[3.22895,44.90494],[3.22936,44.90352],[3.22954,44.89953],[3.23,44.89744],[3.2359,44.88644],[3.23917,44.88245],[3.24292,44.88],[3.24637,44.87657],[3.24818,44.87441],[3.24929,44.87204],[3.25001,44.87095],[3.25266,44.86859],[3.2538,44.86727],[3.25441,44.86592],[3.25617,44.86025],[3.25764,44.85743],[3.25807,44.85606],[3.25811,44.85532],[3.25788,44.85408],[3.25637,44.85126],[3.25598,44.85008],[3.25592,44.84883],[3.25634,44.84634],[3.25901,44.83989],[3.25928,44.83846],[3.2593,44.83528],[3.2598,44.83347],[3.26394,44.82683],[3.26543,44.82519],[3.26958,44.82168],[3.27167,44.82013],[3.27441,44.81863],[3.283,44.81517],[3.28973,44.81194],[3.29202,44.81043],[3.29328,44.80896],[3.29394,44.80759],[3.29416,44.80566],[3.29281,44.79622],[3.29276,44.79489],[3.29315,44.79308],[3.29434,44.79041],[3.29459,44.78858],[3.29432,44.78711],[3.2936,44.78568],[3.29088,44.7821],[3.28545,44.77373],[3.28449,44.77137],[3.28319,44.76709],[3.28297,44.7658],[3.28308,44.76467],[3.28349,44.76352],[3.2887,44.75319],[3.2893,44.75167],[3.2894,44.75002],[3.28818,44.74499],[3.28809,44.7435],[3.28927,44.73614],[3.29031,44.73341],[3.2903,44.73212],[3.28966,44.73086],[3.28878,44.73005],[3.28233,44.72597],[3.27828,44.72265],[3.27649,44.72165],[3.27444,44.72079],[3.27323,44.71999],[3.27207,44.71859],[3.27165,44.7173],[3.27156,44.71589],[3.27181,44.7139],[3.27219,44.71267],[3.273,44.71091],[3.27426,44.70916],[3.27746,44.70549],[3.27961,44.70241],[3.28184,44.70009],[3.28219,44.69941],[3.28236,44.69861],[3.28216,44.6974],[3.27927,44.69184],[3.27836,44.6907],[3.27739,44.68981],[3.27528,44.68852],[3.265,44.6842],[3.26273,44.6826],[3.26185,44.68179],[3.26075,44.68041],[3.25993,44.67885],[3.25945,44.67696],[3.25942,44.67584],[3.26002,44.67163],[3.25996,44.66958],[3.25923,44.66416],[3.25826,44.66135],[3.25721,44.65954],[3.25553,44.65747],[3.24512,44.64749],[3.24386,44.64598],[3.24297,44.64396],[3.24094,44.63634],[3.24088,44.63468],[3.24134,44.63294],[3.24538,44.62622],[3.24775,44.62389],[3.25309,44.62035],[3.2543,44.61925],[3.2551,44.6182],[3.25752,44.61289],[3.25792,44.61143],[3.25807,44.60993],[3.25793,44.60836],[3.25756,44.60691],[3.25554,44.60242],[3.25481,44.60043],[3.25395,44.59741],[3.25318,44.59346],[3.25247,44.59083],[3.25028,44.58484],[3.24869,44.57595],[3.24865,44.57494],[3.24883,44.57351],[3.24934,44.57204],[3.25184,44.56824],[3.25255,44.56637],[3.25568,44.55355],[3.25708,44.54304],[3.25714,44.54146],[3.25689,44.5406],[3.2562,44.53945],[3.25546,44.53866],[3.25343,44.53709],[3.25254,44.53607],[3.2511,44.53287],[3.24977,44.531],[3.24751,44.52911],[3.24272,44.52654],[3.24168,44.52554],[3.24086,44.52404],[3.24067,44.52309],[3.24068,44.52197],[3.24108,44.51454],[3.24131,44.51331],[3.24189,44.51168],[3.2431,44.50948],[3.24369,44.50804],[3.24388,44.50648],[3.24352,44.50466],[3.24168,44.50098],[3.24068,44.49986],[3.23965,44.49906],[3.23734,44.49801],[3.22935,44.49603],[3.22609,44.49465],[3.22354,44.49291],[3.22063,44.48982],[3.21968,44.48906],[3.21869,44.48853],[3.21744,44.4881],[3.21586,44.48786],[3.21412,44.4879],[3.20998,44.48838],[3.20644,44.48805],[3.20439,44.48747],[3.20287,44.48679],[3.20095,44.4856],[3.19961,44.48442],[3.1987,44.48281],[3.19823,44.48099],[3.19822,44.47512],[3.19782,44.4727],[3.19705,44.47079],[3.1948,44.46724],[3.19244,44.46286],[3.19208,44.46155],[3.19163,44.45776],[3.19104,44.45484],[3.19121,44.45357],[3.19304,44.45092],[3.19363,44.44834],[3.19441,44.44632],[3.19446,44.4453],[3.19367,44.44306],[3.19368,44.44205],[3.19549,44.43808],[3.19561,44.4367],[3.19541,44.43556],[3.19443,44.43366],[3.19132,44.43007],[3.1902,44.42934],[3.18757,44.42806],[3.18688,44.4274],[3.18619,44.4254],[3.18564,44.42481],[3.18429,44.42385],[3.18369,44.42288],[3.18372,44.42187],[3.18428,44.42004],[3.18395,44.41903],[3.18122,44.41613],[3.17835,44.41461],[3.17728,44.41379],[3.17681,44.41291],[3.17628,44.41079],[3.17409,44.40878],[3.17352,44.40682],[3.17313,44.40624],[3.17113,44.40493],[3.17014,44.40385],[3.16937,44.40332],[3.16695,44.40249],[3.16338,44.40081],[3.16134,44.40048],[3.1526,44.40005],[3.15091,44.39952],[3.14858,44.39816],[3.14706,44.39762],[3.13587,44.39624],[3.13011,44.39538],[3.12729,44.39439],[3.12504,44.39305],[3.12362,44.39176],[3.11754,44.38399],[3.11685,44.38255],[3.11482,44.37612],[3.11446,44.37438],[3.11451,44.37302],[3.11738,44.36277],[3.11713,44.36095],[3.11658,44.35982],[3.11596,44.35905],[3.11494,44.35817],[3.11058,44.35599],[3.10897,44.35485],[3.10814,44.35392],[3.10628,44.35058],[3.10549,44.34972],[3.10399,44.34864],[3.10252,44.34798],[3.10041,44.34748],[3.09407,44.34737],[3.09195,44.34707],[3.0899,44.3465],[3.08774,44.34553],[3.08613,44.34446],[3.08466,44.34306],[3.08344,44.34119],[3.08289,44.33917],[3.0829,44.33758],[3.08309,44.33662],[3.08358,44.33528],[3.08762,44.3268],[3.0892,44.32433],[3.09474,44.31703],[3.09613,44.31582],[3.10065,44.31306],[3.10215,44.31155],[3.10319,44.30988],[3.1036,44.3087],[3.1038,44.30706],[3.10367,44.30587],[3.1032,44.30439],[3.10266,44.30333],[3.095,44.29018],[3.09363,44.28662],[3.09146,44.27834],[3.08919,44.2733],[3.08788,44.27148],[3.0863,44.26992],[3.08453,44.26864],[3.07736,44.26466],[3.07504,44.26373],[3.0658,44.26125],[3.06405,44.2605],[3.06209,44.2593],[3.06085,44.25824],[3.05995,44.25722],[3.05815,44.25445],[3.05662,44.25129],[3.05577,44.24889],[3.05493,44.24648],[3.05472,44.24523],[3.05495,44.24375],[3.0554,44.24277],[3.05752,44.2403],[3.05914,44.2374],[3.06052,44.23559],[3.06158,44.23436],[3.06426,44.23225],[3.06638,44.22928],[3.06893,44.22679],[3.07175,44.22135],[3.0722,44.21991],[3.07229,44.21795],[3.07182,44.21614],[3.06887,44.2108],[3.06769,44.20805],[3.0674,44.2065],[3.06712,44.20198],[3.06663,44.20013],[3.06581,44.19826],[3.06468,44.19649],[3.06275,44.19434],[3.05546,44.18804],[3.0538,44.18683],[3.05137,44.18556],[3.03827,44.18051],[3.03619,44.17931],[3.03411,44.17758],[3.0328,44.17602],[3.03175,44.17413],[3.03121,44.17226],[3.03086,44.16893],[3.03,44.16685],[3.01971,44.15436],[3.01868,44.1529],[3.01767,44.15087],[3.01696,44.1482],[3.01689,44.14573],[3.0174,44.14321],[3.01862,44.14055],[3.01998,44.13867],[3.02155,44.13703],[3.02479,44.13436],[3.02775,44.13249],[3.02874,44.13157],[3.03022,44.12948],[3.03073,44.12804],[3.03089,44.12706],[3.03079,44.12524],[3.02956,44.1212],[3.0292,44.11924],[3.02915,44.11726],[3.0297,44.11194],[3.02955,44.1103],[3.02916,44.10883],[3.02842,44.10715],[3.02707,44.10515],[3.02622,44.10419],[3.02344,44.1017],[3.0224,44.10048],[3.02153,44.099],[3.02099,44.09732],[3.02084,44.09587],[3.02107,44.09102],[3.02188,44.08305],[3.02342,44.07384],[3.02526,44.06612],[3.02603,44.06417],[3.02733,44.06223],[3.02912,44.06049],[3.03148,44.05893],[3.03339,44.05804],[3.03927,44.05601],[3.04216,44.05479],[3.04535,44.05312],[3.04928,44.05046],[3.05098,44.04905],[3.05297,44.04709],[3.06155,44.03668],[3.06763,44.03086],[3.06908,44.0297],[3.0714,44.02834],[3.07387,44.02737],[3.07642,44.02673],[3.07896,44.02642],[3.08134,44.0264],[3.08349,44.02658],[3.08991,44.02776],[3.09311,44.02819],[3.09959,44.02845],[3.10362,44.02819],[3.10694,44.02773],[3.11059,44.02696],[3.11433,44.02587],[3.11908,44.02393],[3.13458,44.01624],[3.13765,44.01416],[3.15109,44.00361],[3.15362,44.002],[3.15543,44.00111],[3.15786,44.00018],[3.16432,43.99853],[3.16636,43.99785],[3.16892,43.99673],[3.17057,43.9958],[3.17252,43.99444],[3.17385,43.9933],[3.18663,43.98074],[3.18895,43.97893],[3.19058,43.97799],[3.19332,43.97682],[3.19537,43.9762],[3.2001,43.97515],[3.20247,43.97436],[3.20492,43.97308],[3.20708,43.97136],[3.2087,43.9693],[3.20953,43.96746],[3.20992,43.96518],[3.20985,43.96188],[3.20998,43.96058],[3.2106,43.95839],[3.21169,43.95626],[3.21307,43.95448],[3.23879,43.92511],[3.24005,43.92388],[3.24264,43.92219],[3.24825,43.92009],[3.25076,43.9185],[3.25178,43.91753],[3.25261,43.91642],[3.25395,43.91348],[3.25482,43.91216],[3.25611,43.91089],[3.25787,43.90972],[3.26075,43.90862],[3.26708,43.90738],[3.26958,43.9067],[3.27285,43.90535],[3.27534,43.90386],[3.27739,43.90216],[3.27899,43.90029],[3.28029,43.89804],[3.28245,43.89297],[3.28353,43.89158],[3.28501,43.89041],[3.28756,43.88921],[3.29256,43.88796],[3.29402,43.88719],[3.29602,43.88574],[3.29757,43.88504],[3.29939,43.88463],[3.30372,43.88428],[3.3063,43.88356],[3.30854,43.8824],[3.31035,43.88087],[3.31162,43.87899],[3.31241,43.87686],[3.31273,43.8746],[3.31259,43.87251],[3.3121,43.87065],[3.31083,43.86766],[3.31045,43.86625],[3.31006,43.85971],[3.30979,43.85836],[3.30889,43.85642],[3.30594,43.85208],[3.30564,43.85114],[3.30558,43.8502],[3.306,43.84873],[3.30699,43.84748],[3.30815,43.84664],[3.31051,43.84555],[3.31131,43.84491],[3.31277,43.84261],[3.31297,43.84182],[3.31261,43.84081],[3.31147,43.83984],[3.3109,43.839],[3.30966,43.83827],[3.30902,43.83722],[3.3081,43.83639],[3.30778,43.83586],[3.30776,43.83518],[3.30809,43.83441],[3.30869,43.83367],[3.31244,43.83114],[3.31493,43.82865],[3.3173,43.82471],[3.31807,43.82427],[3.31984,43.82381],[3.32061,43.82315],[3.3207,43.82269],[3.32049,43.82213],[3.3187,43.82022],[3.31864,43.81982],[3.31905,43.81853],[3.3191,43.81784],[3.31843,43.81623],[3.31863,43.81565],[3.31992,43.81455],[3.32002,43.81412],[3.31982,43.81299],[3.32014,43.81233],[3.32069,43.8118],[3.32161,43.81135],[3.32268,43.81115],[3.32551,43.8113],[3.32633,43.81098],[3.32682,43.81041],[3.32685,43.80974],[3.32583,43.80847],[3.32565,43.8078],[3.32589,43.80705],[3.32684,43.80598],[3.32691,43.80553],[3.32548,43.80356],[3.32518,43.80225],[3.32548,43.80044],[3.32535,43.79845],[3.32659,43.79527],[3.32659,43.79453],[3.32595,43.79234],[3.32653,43.78866],[3.32754,43.78474],[3.32871,43.78273],[3.3293,43.78102],[3.33036,43.77905],[3.3305,43.77666],[3.33077,43.77577],[3.33141,43.7748],[3.33515,43.7713],[3.33574,43.77018],[3.33611,43.76836],[3.33604,43.76709],[3.33555,43.76613],[3.33497,43.76549],[3.33276,43.76373],[3.33159,43.76211],[3.3299,43.76028],[3.32946,43.75924],[3.32908,43.75319],[3.33091,43.74675],[3.33054,43.74463],[3.3305,43.74064],[3.33007,43.73926],[3.32877,43.73776],[3.3282,43.73675],[3.32779,43.73452],[3.32667,43.73217],[3.32662,43.73131],[3.32689,43.7296],[3.32681,43.7285],[3.32583,43.72637],[3.32476,43.72491],[3.32448,43.72405],[3.32434,43.71268],[3.32487,43.71088],[3.33031,43.70152],[3.33114,43.70041],[3.33192,43.6997],[3.33332,43.69884],[3.33441,43.69841],[3.33892,43.69749],[3.34045,43.69686],[3.34185,43.69584],[3.34337,43.69374],[3.34403,43.69319],[3.3452,43.69262],[3.34891,43.69144],[3.35471,43.68775],[3.3565,43.68624],[3.35769,43.68554],[3.35988,43.68503],[3.3645,43.68512],[3.36731,43.6848],[3.37066,43.68392],[3.38012,43.68058],[3.38243,43.68006],[3.38486,43.67987],[3.39326,43.68003],[3.41715,43.67652],[3.41978,43.67597],[3.42161,43.67531],[3.42349,43.67429],[3.42489,43.67319],[3.42892,43.66893],[3.43019,43.66781],[3.43757,43.66294],[3.44028,43.66145],[3.44176,43.66044],[3.44609,43.65662],[3.44698,43.65563],[3.44773,43.65422],[3.44944,43.64966],[3.44969,43.64806],[3.44934,43.64645],[3.44894,43.64564],[3.44689,43.64288],[3.44647,43.64191],[3.44622,43.64072],[3.44634,43.63898],[3.44794,43.63239],[3.44895,43.62962],[3.45067,43.62663],[3.45246,43.62439],[3.45722,43.61964],[3.45883,43.61746],[3.46009,43.61505],[3.46093,43.6123],[3.46116,43.61014],[3.46114,43.60818],[3.46067,43.60509],[3.46084,43.60265],[3.46152,43.60066],[3.46381,43.59699],[3.46456,43.59543],[3.46503,43.59407],[3.46544,43.59158],[3.46522,43.58644],[3.46575,43.58254],[3.46583,43.57919],[3.46527,43.57576],[3.46434,43.57285],[3.46417,43.57044],[3.46457,43.56876],[3.46599,43.56564],[3.46632,43.56456],[3.46644,43.56279],[3.46618,43.56137],[3.46573,43.56022],[3.46459,43.55845],[3.46309,43.55701],[3.46145,43.55596],[3.45695,43.55377],[3.45434,43.55228],[3.45189,43.55056],[3.44934,43.54828],[3.44794,43.54669],[3.44631,43.54439],[3.44526,43.54241],[3.4446,43.54074],[3.44401,43.53851],[3.44371,43.53651],[3.44321,43.50981],[3.44347,43.50715],[3.44375,43.50584],[3.44611,43.49656],[3.44628,43.495],[3.44618,43.49377],[3.44567,43.49221],[3.44452,43.49039],[3.4394,43.48525],[3.43799,43.48317],[3.43748,43.48138],[3.43745,43.47792],[3.43707,43.47612],[3.43265,43.46609],[3.43213,43.46439],[3.43188,43.4619],[3.43187,43.45789],[3.43141,43.45584],[3.43075,43.45435],[3.42812,43.45011],[3.42707,43.44862],[3.42598,43.44746],[3.42478,43.44651],[3.42284,43.44547],[3.42141,43.44496],[3.41963,43.44456],[3.41745,43.44438],[3.41567,43.44446],[3.40986,43.44568],[3.40764,43.44577],[3.40475,43.44525],[3.4003,43.4439],[3.39912,43.44338],[3.39794,43.44274],[3.39623,43.44146],[3.3949,43.44002],[3.39413,43.43881],[3.38839,43.42349],[3.38719,43.4212],[3.38578,43.41927],[3.38457,43.41796],[3.38308,43.41664],[3.38092,43.41511],[3.378,43.41352],[3.37548,43.4125],[3.37325,43.41181],[3.36953,43.41105],[3.36251,43.41024],[3.36028,43.40976],[3.35723,43.40883],[3.32927,43.39604],[3.32307,43.39269],[3.31323,43.38596],[3.30601,43.3816],[3.28161,43.36905],[3.27863,43.36718],[3.27713,43.36585],[3.2756,43.36401],[3.27461,43.36229],[3.27392,43.36039],[3.27362,43.3583],[3.27376,43.35621],[3.27419,43.35456],[3.27517,43.35247],[3.27597,43.35128],[3.27723,43.34986],[3.2797,43.34787],[3.2887,43.343],[3.29391,43.3407],[3.29472,43.34002],[3.29478,43.33953],[3.29456,43.33911],[3.2941,43.33878],[3.28843,43.33636],[3.28521,43.3345],[3.25724,43.31464],[3.25303,43.31192],[3.24871,43.30969],[3.24344,43.30756],[3.23967,43.3064],[3.23644,43.30561],[3.23141,43.30471],[3.21898,43.3031],[3.2126,43.30163],[3.2089,43.30043],[3.20565,43.29912],[3.20164,43.29712],[3.19845,43.29516],[3.19634,43.29365],[3.19374,43.2915],[3.1914,43.28914],[3.18966,43.2871],[3.18728,43.28359],[3.18133,43.2728],[3.17863,43.26907],[3.17651,43.26672],[3.17353,43.264],[3.17159,43.26246],[3.16169,43.2553],[3.15814,43.25218],[3.14636,43.24119],[3.14391,43.23913],[3.14184,43.23766],[3.13735,43.23512],[3.13397,43.23369],[3.13075,43.23262],[3.12547,43.23142],[3.11251,43.22988],[3.10821,43.22914],[3.10371,43.2277],[3.10005,43.22587],[3.09689,43.22358],[3.09463,43.22127],[3.09292,43.2188],[3.08985,43.21243],[3.08846,43.21023],[3.08687,43.20836],[3.08247,43.2041],[3.07757,43.19878],[3.07376,43.19531],[3.07115,43.19329],[3.06622,43.19006],[3.06263,43.18812],[3.05944,43.18662],[3.05561,43.18507],[3.04591,43.18165],[3.03792,43.17802],[3.03327,43.17612],[2.99943,43.16591],[2.99624,43.16453],[2.99363,43.16289],[2.99135,43.16112],[2.98972,43.15959],[2.98664,43.15591],[2.98513,43.15368],[2.98362,43.15104],[2.97979,43.14327],[2.97764,43.14034],[2.97602,43.13863],[2.97394,43.13683],[2.96386,43.12922],[2.96226,43.12775],[2.96124,43.12654],[2.96021,43.12482],[2.95891,43.12115],[2.95745,43.11846],[2.95321,43.11346],[2.94802,43.1062],[2.9431,43.10095],[2.94173,43.09894],[2.9403,43.0961],[2.93952,43.09371],[2.93852,43.08771],[2.93622,43.08206],[2.93586,43.07991],[2.93608,43.07758],[2.93751,43.07277],[2.93781,43.07104],[2.93775,43.06907],[2.93678,43.06519],[2.93674,43.06322],[2.93713,43.06111],[2.93914,43.05316],[2.93992,43.05106],[2.94065,43.04964],[2.94226,43.04737],[2.9443,43.04526],[2.94978,43.04089],[2.95123,43.03906],[2.95208,43.03734],[2.9526,43.03508],[2.95269,43.03331],[2.95177,43.01641],[2.9521,43.014],[2.95271,43.0122],[2.95408,43.00987],[2.95585,43.0079],[2.96355,43.00209],[2.96471,43.00095],[2.96589,42.99944],[2.96698,42.99744],[2.96999,42.99042],[2.97398,42.98343],[2.97452,42.98164],[2.97464,42.97943],[2.97403,42.97707],[2.97289,42.975],[2.97073,42.972],[2.96976,42.97038],[2.96902,42.96861],[2.96865,42.96695],[2.96857,42.96545],[2.96875,42.96337],[2.97025,42.95533],[2.97071,42.95045],[2.9707,42.94766],[2.97042,42.94391],[2.96919,42.93306],[2.96921,42.93127],[2.96945,42.93003],[2.97047,42.92774],[2.97234,42.92546],[2.97476,42.92366],[2.98004,42.92032],[2.9844,42.91695],[2.98621,42.91532],[2.98818,42.91324],[2.98945,42.91159],[2.99064,42.90967],[2.9921,42.90616],[2.99275,42.90268],[2.99273,42.89959],[2.99187,42.89475],[2.99175,42.89329],[2.99193,42.89113],[2.99279,42.88711],[2.99269,42.88499],[2.99165,42.88146],[2.99048,42.87866],[2.9881,42.87432],[2.98622,42.87159],[2.98474,42.86976],[2.98308,42.8682],[2.9816,42.86718],[2.9791,42.86595],[2.97309,42.86349],[2.96632,42.86021],[2.96445,42.85952],[2.96107,42.85881],[2.95608,42.85859],[2.95261,42.858],[2.9506,42.85735],[2.94477,42.85487],[2.93834,42.85318],[2.93609,42.85239],[2.93407,42.85136],[2.92834,42.84754],[2.92623,42.84656],[2.92369,42.84589],[2.91817,42.84498],[2.91525,42.84385],[2.91274,42.84212],[2.91162,42.84088],[2.91063,42.8392],[2.9101,42.83767],[2.90979,42.83543],[2.91017,42.82901],[2.91011,42.82775],[2.90748,42.81749],[2.90624,42.81433],[2.90478,42.81139],[2.89724,42.7997],[2.89628,42.79777],[2.89547,42.79517],[2.8952,42.79282],[2.89539,42.78802],[2.8952,42.78425],[2.89474,42.78117],[2.89219,42.76842],[2.8918,42.76516],[2.89169,42.76114],[2.89256,42.75106],[2.89235,42.74905],[2.892,42.74764],[2.89118,42.74566],[2.89016,42.74392],[2.88098,42.7315],[2.87443,42.72122],[2.87095,42.71341],[2.86748,42.70803],[2.8653,42.7041],[2.86347,42.6996],[2.86258,42.69638],[2.86207,42.69361],[2.86178,42.69048],[2.86181,42.6868],[2.86229,42.67922],[2.86231,42.67491],[2.86212,42.67143],[2.86134,42.66362],[2.86126,42.65147],[2.86076,42.63708],[2.86046,42.6341],[2.85982,42.63083],[2.85892,42.62775],[2.85779,42.6249],[2.85502,42.61887],[2.85349,42.61427],[2.85272,42.61025],[2.85222,42.60178],[2.85136,42.59694],[2.85015,42.59308],[2.8455,42.58133],[2.84446,42.57748],[2.84385,42.57313],[2.84386,42.56833],[2.84429,42.56491],[2.84472,42.56318],[2.84556,42.56084],[2.84844,42.55531],[2.84913,42.55367],[2.84949,42.55225],[2.84965,42.55077],[2.84932,42.54784],[2.84841,42.54555],[2.8472,42.5437],[2.84571,42.54212],[2.84319,42.5401],[2.83873,42.53765],[2.82951,42.53376],[2.82673,42.53239],[2.82393,42.53052],[2.82168,42.52857],[2.82114,42.52788],[2.81979,42.52501],[2.81916,42.52255],[2.81787,42.50499],[2.81807,42.50315],[2.81854,42.50164],[2.81968,42.50001],[2.82085,42.49886],[2.82351,42.49726],[2.82778,42.49583],[2.82927,42.49513],[2.83246,42.493],[2.83812,42.48986],[2.84128,42.48769],[2.84274,42.48649],[2.84383,42.48515],[2.84499,42.48211],[2.84588,42.48068],[2.84698,42.47959],[2.84875,42.47831],[2.85041,42.47731],[2.85155,42.47681],[2.85616,42.47564],[2.85853,42.47476],[2.86178,42.47276],[2.86342,42.47109],[2.86417,42.46957],[2.8658,42.46279],[2.86583,42.4614],[2.86526,42.45949],[2.86524,42.458],[2.86566,42.4568],[2.86698,42.45474],[2.86817,42.45043],[2.86819,42.44951],[2.86786,42.44711],[2.8685,42.44394],[2.86822,42.44267],[2.86707,42.44071],[2.86626,42.43893],[2.86457,42.43679],[2.86403,42.43575],[2.86367,42.43424],[2.86356,42.43302],[2.8636,42.4314],[2.86382,42.43017],[2.86446,42.42838],[2.86531,42.42699],[2.86882,42.42306],[2.86959,42.422],[2.87018,42.42081],[2.87078,42.41891],[2.8723,42.41238],[2.87243,42.41099],[2.87232,42.40872],[2.87279,42.40628],[2.8735,42.40472],[2.87638,42.39992],[2.87844,42.39508],[2.88145,42.39069],[2.88294,42.38676],[2.88522,42.38286],[2.88577,42.38116],[2.88613,42.37816],[2.88658,42.37659],[2.88717,42.37539],[2.88933,42.37216],[2.88982,42.3709],[2.89037,42.36869],[2.89089,42.3674],[2.89208,42.36563],[2.89345,42.36427],[2.89519,42.36306],[2.89795,42.36146],[2.90011,42.35969],[2.90151,42.35806],[2.90342,42.35527],[2.90489,42.35376],[2.90672,42.35239],[2.91163,42.34953],[2.91459,42.34731],[2.91691,42.34507],[2.92037,42.34088],[2.92234,42.33884],[2.92483,42.33672],[2.93108,42.33207],[2.93475,42.32883],[2.93753,42.3259],[2.94001,42.32278],[2.94232,42.31923],[2.94424,42.31542],[2.94501,42.31346],[2.94564,42.31129],[2.94596,42.30895],[2.94593,42.30718],[2.94571,42.30559],[2.94499,42.30319],[2.9441,42.30134],[2.94156,42.29701],[2.94086,42.29534],[2.9404,42.29356],[2.94022,42.29218],[2.94026,42.29025],[2.94146,42.28463],[2.94165,42.28233],[2.94124,42.27971],[2.93947,42.27466],[2.93914,42.27293],[2.93908,42.27164],[2.9393,42.26972],[2.93986,42.26791],[2.94272,42.26252],[2.9436,42.26035],[2.94412,42.25798],[2.94417,42.25522],[2.94383,42.2531],[2.94304,42.25078],[2.94187,42.24857],[2.93907,42.24409],[2.93765,42.24115],[2.93696,42.23884],[2.93655,42.23572],[2.93662,42.23353],[2.93706,42.23082],[2.93942,42.2228],[2.94013,42.21959],[2.94037,42.21648],[2.94017,42.2136],[2.93948,42.21056],[2.93891,42.20884],[2.93755,42.20587],[2.93427,42.19953],[2.93322,42.197],[2.9326,42.19479],[2.93228,42.19258],[2.93231,42.18989],[2.93329,42.1835],[2.9334,42.18126],[2.93302,42.17845],[2.93223,42.17613],[2.93042,42.17301],[2.92839,42.17073],[2.92172,42.16509],[2.91931,42.16272],[2.91784,42.1607],[2.91701,42.15882],[2.91665,42.1571],[2.91664,42.1552],[2.91698,42.1532],[2.91866,42.14708],[2.91884,42.14505],[2.91874,42.14283],[2.91839,42.14094],[2.91775,42.13898],[2.9167,42.13685],[2.91339,42.13116],[2.91246,42.12865],[2.91185,42.1261],[2.91166,42.12239],[2.91303,42.11437],[2.91297,42.11234],[2.91253,42.11044],[2.91197,42.10912],[2.91111,42.10768],[2.90911,42.10546],[2.90626,42.10324],[2.90025,42.09946],[2.89751,42.09717],[2.89585,42.09545],[2.8942,42.09342],[2.89217,42.09021],[2.89091,42.0876],[2.89021,42.08563],[2.88991,42.08412],[2.8895,42.07861],[2.88895,42.07679],[2.8871,42.07253],[2.88676,42.0713],[2.88642,42.06642],[2.88602,42.06431],[2.8851,42.06159],[2.88403,42.05954],[2.88276,42.05773],[2.88106,42.05574],[2.877,42.05222],[2.87142,42.04827],[2.86853,42.0465],[2.86645,42.04546],[2.86319,42.04429],[2.85897,42.04359],[2.85548,42.04352],[2.84896,42.04375],[2.84666,42.0436],[2.8438,42.04282],[2.8418,42.04172],[2.83996,42.03992],[2.8383,42.03716],[2.83703,42.03546],[2.83546,42.03382],[2.83414,42.0327],[2.83048,42.03036],[2.8224,42.02662],[2.82053,42.02542],[2.8186,42.02384],[2.81701,42.02212],[2.81607,42.02078],[2.81321,42.01506],[2.81198,42.01325],[2.80956,42.01028],[2.80875,42.00898],[2.80672,42.00483],[2.80483,42.00228],[2.80241,41.99995],[2.79962,41.99771],[2.7907,41.99187],[2.78782,41.98977],[2.7855,41.98773],[2.78312,41.98511],[2.78138,41.98268],[2.78046,41.98108],[2.77904,41.9777],[2.77824,41.97405],[2.77814,41.97192],[2.77827,41.9701],[2.77886,41.96733],[2.77991,41.96471],[2.78514,41.95631],[2.78704,41.95209],[2.78794,41.94913],[2.7885,41.94611],[2.78869,41.94369],[2.78866,41.94138],[2.78831,41.93865],[2.78777,41.93653],[2.78697,41.9344],[2.78546,41.93151],[2.78401,41.9294],[2.78251,41.92759],[2.77732,41.92256],[2.77627,41.92125],[2.77528,41.91954],[2.7744,41.91695],[2.7728,41.90942],[2.77262,41.90752],[2.77279,41.9055],[2.7742,41.90071],[2.77453,41.89877],[2.77442,41.89811],[2.77358,41.89722],[2.77351,41.89677],[2.77396,41.89636],[2.77626,41.89591],[2.7775,41.89538],[2.77889,41.89436],[2.77916,41.89391],[2.7792,41.89333],[2.77857,41.89329],[2.77062,41.89809],[2.77067,41.89833],[2.77033,41.89846],[2.77012,41.89835],[2.77004,41.89782],[2.76436,41.88978],[2.76345,41.8889],[2.75753,41.88654],[2.75663,41.88567],[2.75278,41.88681],[2.75126,41.88671],[2.74931,41.88719],[2.75029,41.88986],[2.75067,41.89205],[2.75063,41.89275],[2.75007,41.89399],[2.74935,41.89494],[2.74875,41.89671],[2.74713,41.89935],[2.74654,41.90163],[2.74677,41.90275],[2.74797,41.90449],[2.74842,41.90803],[2.74935,41.90883],[2.75131,41.90947],[2.75171,41.90921],[2.75266,41.90937],[2.75339,41.9084],[2.76042,41.90419],[2.76126,41.90385]]}},{"type":"Feature","properties":{"name":"GraphHopper Track","mode":"ride","distance_km":"244.7"},"geometry":{"type":"LineString","coordinates":[[14.4406,50.08944],[14.44106,50.08964],[14.44179,50.08967],[14.44212,50.0895],[14.44163,50.089],[14.44175,50.08881],[14.44243,50.08862],[14.44244,50.08847],[14.44312,50.0885],[14.44329,50.08728],[14.44367,50.08719],[14.44611,50.08674],[14.44895,50.08672],[14.4512,50.08712],[14.45762,50.08392],[14.45909,50.08257],[14.47067,50.08425],[14.473,50.07835],[14.4908,50.07662],[14.51041,50.07778],[14.52668,50.07702],[14.52939,50.07649],[14.53207,50.07546],[14.53483,50.07354],[14.53529,50.07297],[14.5359,50.07173],[14.53696,50.07128],[14.53936,50.07112],[14.53965,50.07171],[14.53973,50.07261],[14.54026,50.07298],[14.54393,50.0743],[14.55213,50.07773],[14.55466,50.07838],[14.55678,50.07869],[14.5597,50.07879],[14.56168,50.07866],[14.56832,50.07735],[14.57121,50.07698],[14.58069,50.07677],[14.58581,50.07619],[14.58753,50.07623],[14.58981,50.07686],[14.59074,50.0774],[14.59162,50.07819],[14.59273,50.08004],[14.5939,50.08295],[14.59467,50.08596],[14.59497,50.08968],[14.59475,50.09243],[14.59393,50.09676],[14.59419,50.09754],[14.59501,50.09822],[14.59644,50.09864],[14.60077,50.0986],[14.60359,50.09878],[14.60814,50.09962],[14.61086,50.10048],[14.61779,50.10335],[14.62261,50.10504],[14.62937,50.10675],[14.65199,50.11175],[14.65756,50.1134],[14.66973,50.11774],[14.67474,50.1192],[14.68198,50.12075],[14.68837,50.12161],[14.69391,50.12203],[14.70694,50.1226],[14.71326,50.12315],[14.71963,50.12395],[14.73155,50.12598],[14.7573,50.13127],[14.76694,50.13272],[14.77174,50.13315],[14.77745,50.13338],[14.79795,50.13285],[14.80644,50.13313],[14.81474,50.13406],[14.83036,50.13683],[14.83651,50.13741],[14.8408,50.13741],[14.84397,50.1372],[14.84986,50.13632],[14.8547,50.13506],[14.86642,50.13119],[14.8706,50.13017],[14.87459,50.12944],[14.88238,50.12864],[14.90255,50.12785],[14.90953,50.12715],[14.91488,50.12634],[14.91948,50.12544],[14.92501,50.12412],[14.93957,50.1198],[14.94754,50.1178],[14.95252,50.11693],[14.95635,50.11647],[14.9611,50.11613],[14.96472,50.11606],[14.97078,50.11626],[14.97771,50.11704],[14.98275,50.11791],[14.99834,50.1211],[15.00692,50.12243],[15.01549,50.12328],[15.02567,50.12369],[15.03229,50.12362],[15.03862,50.1233],[15.05664,50.12152],[15.06404,50.12103],[15.0709,50.12095],[15.08578,50.12112],[15.0953,50.12083],[15.10467,50.12004],[15.12158,50.11817],[15.13229,50.11749],[15.13813,50.1174],[15.14476,50.11753],[15.17492,50.11897],[15.18137,50.11869],[15.19579,50.11698],[15.20549,50.11639],[15.21538,50.11642],[15.23064,50.11727],[15.24663,50.11711],[15.25173,50.11743],[15.25564,50.11788],[15.25952,50.11852],[15.27006,50.1207],[15.27645,50.12151],[15.28075,50.12168],[15.28402,50.12163],[15.29549,50.12087],[15.30023,50.1212],[15.30323,50.1218],[15.307,50.12304],[15.31311,50.12623],[15.31701,50.12781],[15.32164,50.12895],[15.32631,50.12946],[15.32957,50.12947],[15.3401,50.129],[15.35654,50.12966],[15.36321,50.12945],[15.36761,50.12903],[15.37197,50.12838],[15.38499,50.12558],[15.38848,50.12522],[15.39235,50.12516],[15.39591,50.1254],[15.39859,50.12578],[15.41734,50.12995],[15.41991,50.1304],[15.42392,50.13083],[15.4275,50.13097],[15.43244,50.13076],[15.44428,50.129],[15.44956,50.12845],[15.45538,50.12825],[15.46015,50.1284],[15.47742,50.13022],[15.4817,50.13039],[15.49221,50.13042],[15.49845,50.13083],[15.5028,50.13139],[15.50713,50.1322],[15.52034,50.13562],[15.52478,50.13622],[15.52918,50.13636],[15.53215,50.1362],[15.53625,50.13563],[15.54565,50.13332],[15.55336,50.13177],[15.55697,50.13083],[15.56335,50.1287],[15.56655,50.12786],[15.57013,50.12733],[15.57468,50.12723],[15.58071,50.12764],[15.58717,50.12863],[15.59461,50.13024],[15.60695,50.13364],[15.61322,50.13517],[15.62205,50.13676],[15.63053,50.13773],[15.63935,50.1382],[15.64782,50.1381],[15.6527,50.13776],[15.66604,50.1362],[15.67435,50.13582],[15.68378,50.13622],[15.69317,50.13724],[15.70231,50.13878],[15.70784,50.13999],[15.71353,50.14148],[15.72242,50.14433],[15.72659,50.14591],[15.73244,50.14843],[15.73682,50.15057],[15.7415,50.15313],[15.74796,50.15738],[15.75293,50.16154],[15.75763,50.16645],[15.76018,50.16989],[15.76131,50.17167],[15.76236,50.17388],[15.7631,50.17641],[15.76339,50.17886],[15.76333,50.18079],[15.76224,50.18685],[15.76213,50.18861],[15.76233,50.19103],[15.76284,50.19314],[15.76424,50.19634],[15.7692,50.20453],[15.77082,50.20822],[15.77178,50.21129],[15.77249,50.21513],[15.77267,50.21815],[15.7725,50.22195],[15.77178,50.22838],[15.77178,50.23141],[15.77206,50.23325],[15.77264,50.23524],[15.77335,50.23691],[15.77482,50.23941],[15.77732,50.24235],[15.78044,50.24498],[15.78402,50.24729],[15.79103,50.25107],[15.79644,50.25426],[15.80061,50.25736],[15.80374,50.26024],[15.80617,50.26299],[15.8082,50.26587],[15.80996,50.26912],[15.81282,50.2752],[15.81556,50.27973],[15.81916,50.28413],[15.82318,50.28801],[15.82554,50.28987],[15.82879,50.29188],[15.83992,50.29718],[15.84308,50.2993],[15.84525,50.30127],[15.84724,50.30376],[15.85103,50.30967],[15.8539,50.31319],[15.8576,50.31672],[15.86542,50.32268],[15.8668,50.32399],[15.86828,50.32572],[15.86995,50.32847],[15.87434,50.33837],[15.87664,50.34202],[15.87844,50.34424],[15.88057,50.34646],[15.88315,50.34871],[15.89188,50.35518],[15.89364,50.35665],[15.89735,50.36044],[15.8997,50.36362],[15.90157,50.36711],[15.90286,50.37061],[15.90348,50.37381],[15.90386,50.37497],[15.90477,50.37587],[15.90613,50.37635],[15.90771,50.37642],[15.90972,50.37599],[15.91306,50.3747],[15.91345,50.37414],[15.91429,50.3741],[15.91687,50.37339],[15.91944,50.37318],[15.92178,50.37339],[15.92369,50.37386],[15.95406,50.38361],[15.9583,50.38477],[15.9618,50.38545],[15.96641,50.38597],[15.97607,50.38606],[15.98039,50.38643],[15.98635,50.38777],[15.99393,50.39055],[15.99707,50.39101],[16.00396,50.39076],[16.00639,50.39051],[16.01857,50.388],[16.03112,50.3862],[16.03885,50.38387],[16.04061,50.3837],[16.04276,50.38389],[16.04418,50.38427],[16.04606,50.38523],[16.05391,50.39155],[16.05489,50.39296],[16.05578,50.3968],[16.05625,50.39782],[16.05741,50.39892],[16.05923,50.39973],[16.06075,50.40002],[16.06209,50.40005],[16.06725,50.39925],[16.07581,50.39869],[16.08176,50.39721],[16.09198,50.39626],[16.09519,50.39642],[16.10472,50.39772],[16.11375,50.39769],[16.11569,50.39788],[16.11714,50.39831],[16.11864,50.39913],[16.12144,50.40223],[16.12289,50.40327],[16.12524,50.40441],[16.12709,50.40497],[16.142,50.40779],[16.14351,50.40782],[16.14503,50.40763],[16.14873,50.4064],[16.14989,50.40625],[16.15233,50.40654],[16.1572,50.4078],[16.15849,50.40844],[16.16359,50.41215],[16.16384,50.41215],[16.16384,50.4123],[16.16947,50.41645],[16.1746,50.4171],[16.17611,50.41747],[16.18773,50.42316],[16.18826,50.42325],[16.1883,50.42343],[16.19087,50.42484],[16.1925,50.42624],[16.19497,50.42769],[16.19691,50.42906],[16.19806,50.43019],[16.19896,50.43191],[16.20024,50.43284],[16.2016,50.43331],[16.20456,50.43382],[16.20526,50.43379],[16.20791,50.4332],[16.20898,50.43322],[16.21065,50.4335],[16.21326,50.43433],[16.21647,50.43478],[16.22156,50.43478],[16.2263,50.43497],[16.23724,50.43448],[16.23875,50.434],[16.24145,50.4322],[16.24393,50.43144],[16.24643,50.43026],[16.24904,50.4296],[16.24962,50.42917],[16.25216,50.42644],[16.25416,50.4255],[16.25633,50.42471],[16.25752,50.42316],[16.2591,50.42151],[16.25988,50.41987],[16.26233,50.41819],[16.26456,50.41634],[16.26585,50.41427],[16.26725,50.41283],[16.27379,50.40966],[16.27524,50.40865],[16.27619,50.40821],[16.28018,50.40721],[16.28652,50.40659],[16.28785,50.40677],[16.28919,50.40717],[16.29129,50.40841],[16.29223,50.4088],[16.29459,50.40912],[16.29574,50.40901],[16.3019,50.40738],[16.30408,50.40703],[16.3073,50.40781],[16.31081,50.40923],[16.31436,50.41016],[16.31712,50.41131],[16.32037,50.41141],[16.32138,50.41131],[16.32542,50.40967],[16.32721,50.40837],[16.33003,50.40691],[16.33202,50.40617],[16.33404,50.40472],[16.33552,50.40293],[16.33794,50.40207],[16.33958,50.40111],[16.34116,50.40052],[16.34286,50.39926],[16.34383,50.399],[16.34593,50.39889],[16.34763,50.39856],[16.35177,50.39727],[16.35614,50.39531],[16.35884,50.39482],[16.36295,50.39339],[16.36486,50.39321],[16.36632,50.39348],[16.36757,50.3941],[16.37047,50.39606],[16.37204,50.39773],[16.37273,50.39819],[16.3752,50.39926],[16.37725,50.39985],[16.38081,50.40152],[16.38199,50.40234],[16.38431,50.40455],[16.38743,50.40615],[16.38838,50.4065],[16.38953,50.40664],[16.39086,50.40649],[16.39422,50.4051],[16.39626,50.40473],[16.39951,50.40461],[16.40142,50.40436],[16.4057,50.40432],[16.40696,50.40458],[16.40785,50.40497],[16.4084,50.40546],[16.40974,50.40721],[16.41063,50.40778],[16.41228,50.40829],[16.41505,50.40865],[16.41865,50.41001],[16.41972,50.41005],[16.42097,50.40989],[16.42302,50.40916],[16.42575,50.40878],[16.42855,50.40796],[16.42998,50.4078],[16.43248,50.4084],[16.43508,50.40952],[16.44295,50.41112],[16.44593,50.41238],[16.44686,50.41291],[16.44906,50.41529],[16.45748,50.42217],[16.45984,50.42316],[16.46524,50.42459],[16.47525,50.42581],[16.47851,50.42584],[16.48769,50.42435],[16.49563,50.42258],[16.4979,50.4223],[16.50171,50.42226],[16.5057,50.42281],[16.51186,50.42441],[16.51602,50.42493],[16.51923,50.42553],[16.52234,50.42559],[16.52874,50.42637],[16.53213,50.42629],[16.53784,50.4267],[16.54575,50.42695],[16.54781,50.42724],[16.55466,50.42865],[16.55926,50.43022],[16.56645,50.43091],[16.56782,50.43118],[16.57383,50.43379],[16.58701,50.43537],[16.59304,50.43665],[16.5965,50.43722],[16.61349,50.43744],[16.61913,50.438],[16.62215,50.43865],[16.62544,50.43987],[16.62649,50.43968],[16.62698,50.43899],[16.62736,50.43743],[16.62731,50.4371],[16.62712,50.43682],[16.62653,50.43665],[16.62602,50.43674],[16.62564,50.4372],[16.62564,50.4383],[16.62627,50.43866],[16.62836,50.43874],[16.62888,50.43861],[16.62999,50.4389],[16.63566,50.43923],[16.64188,50.43985],[16.64404,50.43993],[16.64714,50.43975],[16.64811,50.43941],[16.64873,50.43868],[16.64871,50.43799],[16.64819,50.43662],[16.64851,50.43627],[16.65013,50.4359],[16.65046,50.43602],[16.65178,50.43591],[16.65314,50.43533],[16.6538,50.4353],[16.65473,50.43539],[16.65755,50.43657],[16.65891,50.4368],[16.65897,50.43635],[16.65922,50.43611],[16.66049,50.43528],[16.66112,50.43523],[16.66127,50.4344],[16.66927,50.43308],[16.68395,50.43391],[16.6882,50.43572],[16.69139,50.43682],[16.69335,50.43713],[16.69567,50.43719],[16.69752,50.43669],[16.70005,50.43648],[16.70686,50.43429],[16.70929,50.43375],[16.71372,50.43196],[16.7165,50.43058],[16.71913,50.43045],[16.72707,50.42953],[16.72899,50.42959],[16.73056,50.42985],[16.73352,50.43096],[16.73502,50.43136],[16.74128,50.432],[16.74298,50.43232],[16.7439,50.43226],[16.7453,50.43172],[16.74594,50.43164],[16.74846,50.43223],[16.7524,50.43224],[16.75784,50.43111],[16.7604,50.43146],[16.76583,50.43147],[16.76839,50.43223],[16.77294,50.43483],[16.7753,50.43577],[16.78026,50.43689],[16.78148,50.43771],[16.78238,50.4388],[16.78317,50.43925],[16.78972,50.44031],[16.79252,50.44024],[16.79327,50.44006],[16.7942,50.43936],[16.79543,50.43803],[16.79698,50.43732],[16.7991,50.43579],[16.79978,50.4355],[16.80309,50.43529],[16.80487,50.43468],[16.80982,50.43367],[16.81408,50.43359],[16.81698,50.43421],[16.81935,50.43407],[16.82082,50.43446],[16.82131,50.43493],[16.82218,50.43628],[16.82243,50.43758],[16.82311,50.43886],[16.82445,50.44051],[16.82527,50.44088],[16.83019,50.44162],[16.83107,50.44194],[16.83153,50.44236],[16.83236,50.44363],[16.83626,50.44592],[16.83689,50.44689],[16.83913,50.44885],[16.83921,50.44927],[16.83873,50.44991],[16.83871,50.4502],[16.83995,50.45104],[16.84105,50.45257],[16.84177,50.45328],[16.84313,50.45394],[16.84554,50.45397],[16.84873,50.45528],[16.84988,50.45524],[16.85086,50.45481],[16.85321,50.45244],[16.8536,50.45096],[16.85433,50.45019],[16.8611,50.44731],[16.86232,50.44701],[16.86475,50.44723],[16.86884,50.44704],[16.86987,50.44674],[16.87372,50.44505],[16.87711,50.4444],[16.88239,50.44483],[16.88567,50.44566],[16.8874,50.44589],[16.89407,50.44847],[16.89533,50.44878],[16.90272,50.44918],[16.90938,50.44987],[16.91368,50.4494],[16.91511,50.44942],[16.91667,50.44966],[16.91863,50.45032],[16.93308,50.45775],[16.93598,50.45859],[16.9389,50.45888],[16.97866,50.45874],[16.98042,50.45843],[16.9822,50.45788],[16.98373,50.45714],[16.98759,50.45488],[16.98931,50.45423],[16.9907,50.45389],[16.99309,50.45365],[17.00688,50.45337],[17.00982,50.45358],[17.01218,50.45401],[17.02611,50.45804],[17.02844,50.45834],[17.03053,50.45831],[17.03265,50.45797],[17.03914,50.45629],[17.04299,50.45387],[17.04462,50.45331],[17.04961,50.4531],[17.09783,50.44809],[17.10953,50.44594],[17.11368,50.44481],[17.11575,50.44463],[17.11868,50.44496],[17.12436,50.44613],[17.13068,50.44801],[17.13826,50.44962],[17.14104,50.45045],[17.15098,50.45296],[17.16346,50.45723],[17.16677,50.4581],[17.16947,50.45837],[17.17168,50.4583],[17.1793,50.45677],[17.18211,50.45641],[17.18558,50.45647],[17.18846,50.45695],[17.19157,50.458],[17.19426,50.45954],[17.19591,50.46106],[17.19812,50.46378],[17.20017,50.46544],[17.20275,50.46674],[17.20568,50.46764],[17.21527,50.46873],[17.22107,50.46798],[17.2266,50.46805],[17.22975,50.46836],[17.24015,50.46985],[17.24364,50.47067],[17.24795,50.47258],[17.24939,50.473],[17.2571,50.47457],[17.2606,50.47506],[17.26128,50.47502],[17.2617,50.47525],[17.26417,50.47568],[17.27173,50.47648],[17.28157,50.47854],[17.28543,50.4796],[17.28727,50.47958],[17.29036,50.47902],[17.29539,50.47876],[17.30252,50.47947],[17.30493,50.48],[17.3062,50.4806],[17.30782,50.48107],[17.31171,50.48149],[17.3133,50.48186],[17.31402,50.48168],[17.31764,50.47979],[17.3198,50.4792],[17.32254,50.47712],[17.32483,50.47713],[17.32543,50.47689],[17.32868,50.47789],[17.33544,50.48098],[17.33774,50.47904],[17.33831,50.47833],[17.34038,50.47672],[17.34083,50.47605],[17.34096,50.47608],[17.34083,50.47632]]}},{"type":"Feature","properties":{"name":"GraphHopper Track","mode":"ride","distance_km":"102.6"},"geometry":{"type":"LineString","coordinates":[[3.02243,41.78103],[3.02035,41.78116],[3.01975,41.78394],[3.01986,41.78407],[3.01959,41.78469],[3.01976,41.78589],[3.02001,41.78608],[3.02,41.78632],[3.02109,41.78791],[3.02134,41.78803],[3.02126,41.7882],[3.02173,41.7902],[3.02209,41.79053],[3.0213,41.79164],[3.02069,41.7929],[3.02052,41.79359],[3.02031,41.79377],[3.0197,41.79516],[3.01974,41.7955],[3.01947,41.79568],[3.01841,41.7974],[3.01762,41.79824],[3.01312,41.80119],[3.01174,41.80305],[3.01076,41.80406],[3.00434,41.80807],[3.00446,41.80866],[3.00415,41.80895],[3.00324,41.80916],[3.00245,41.80889],[2.99919,41.80876],[2.99762,41.80903],[2.99585,41.80976],[2.989,41.81411],[2.98263,41.81712],[2.98118,41.81795],[2.97881,41.81993],[2.97618,41.82301],[2.97488,41.82427],[2.97201,41.82635],[2.97066,41.82696],[2.96916,41.82725],[2.96393,41.82771],[2.95093,41.82699],[2.94745,41.82708],[2.94367,41.82766],[2.93936,41.82877],[2.93833,41.82921],[2.93658,41.83073],[2.93542,41.83109],[2.93432,41.83106],[2.9265,41.8282],[2.92542,41.82817],[2.92304,41.82864],[2.92118,41.82841],[2.92008,41.82784],[2.91845,41.8261],[2.91716,41.82529],[2.90887,41.82196],[2.90486,41.82106],[2.90383,41.82066],[2.90207,41.81943],[2.90103,41.8183],[2.90029,41.81709],[2.89883,41.81407],[2.89731,41.81236],[2.89634,41.81162],[2.89468,41.81077],[2.89206,41.80998],[2.88943,41.80951],[2.88484,41.80912],[2.87859,41.8083],[2.87589,41.80845],[2.87281,41.8091],[2.87056,41.80931],[2.86632,41.80894],[2.86043,41.80872],[2.85901,41.80817],[2.85725,41.8064],[2.85605,41.8057],[2.85177,41.80436],[2.84924,41.80427],[2.84828,41.80409],[2.84527,41.80255],[2.8444,41.80228],[2.8431,41.80217],[2.83962,41.80238],[2.83522,41.80121],[2.82661,41.79939],[2.82333,41.79931],[2.82175,41.79908],[2.80972,41.79409],[2.78524,41.78582],[2.7812,41.7848],[2.77846,41.78432],[2.77358,41.78383],[2.76883,41.78388],[2.76566,41.7843],[2.75893,41.78592],[2.75716,41.78614],[2.75248,41.78577],[2.74823,41.78476],[2.74738,41.78502],[2.74618,41.7861],[2.74549,41.78649],[2.74456,41.78679],[2.74395,41.78679],[2.74352,41.78658],[2.74338,41.78623],[2.7436,41.78586],[2.74447,41.7853],[2.74432,41.78399],[2.74319,41.78045],[2.74166,41.77689],[2.74028,41.77437],[2.73829,41.77149],[2.73695,41.76996],[2.73488,41.76803],[2.73137,41.76554],[2.72785,41.76371],[2.71859,41.76038],[2.71579,41.75915],[2.7128,41.75722],[2.70905,41.75344],[2.70743,41.75217],[2.70568,41.75124],[2.70118,41.74964],[2.69729,41.7477],[2.69413,41.74689],[2.6867,41.74611],[2.68354,41.74551],[2.68064,41.74467],[2.67031,41.74116],[2.6664,41.74037],[2.66314,41.74026],[2.66063,41.74049],[2.65125,41.74224],[2.64937,41.74227],[2.6472,41.74196],[2.64459,41.74101],[2.64267,41.73972],[2.64164,41.73863],[2.63903,41.7347],[2.63687,41.73264],[2.63447,41.73117],[2.6318,41.73013],[2.62808,41.72942],[2.61868,41.7294],[2.61516,41.72919],[2.60967,41.72832],[2.60242,41.72648],[2.60019,41.72613],[2.59692,41.72593],[2.59092,41.72587],[2.58834,41.7257],[2.58446,41.72512],[2.5801,41.72412],[2.57767,41.72333],[2.574,41.72187],[2.5642,41.71724],[2.55856,41.71526],[2.5533,41.71413],[2.54142,41.71276],[2.53716,41.71144],[2.5357,41.71077],[2.52911,41.70695],[2.52375,41.70479],[2.52141,41.70369],[2.5197,41.70268],[2.5174,41.70096],[2.51629,41.69992],[2.51459,41.69806],[2.51144,41.69411],[2.50995,41.6929],[2.50423,41.68991],[2.49989,41.68621],[2.49835,41.68512],[2.49252,41.68222],[2.49147,41.68148],[2.48962,41.67977],[2.48737,41.67709],[2.48479,41.67497],[2.48184,41.6733],[2.47512,41.67017],[2.47172,41.66826],[2.47002,41.66707],[2.46597,41.66372],[2.46381,41.66225],[2.46138,41.66124],[2.45637,41.65997],[2.45262,41.65847],[2.45098,41.65748],[2.4493,41.65622],[2.44698,41.65411],[2.44526,41.65287],[2.44227,41.65134],[2.44081,41.65078],[2.4387,41.65011],[2.43516,41.64929],[2.42915,41.64831],[2.42526,41.64746],[2.42194,41.6463],[2.41964,41.6451],[2.41811,41.64408],[2.41415,41.6409],[2.41242,41.63978],[2.41025,41.63872],[2.40568,41.63686],[2.4013,41.63418],[2.39937,41.6333],[2.39607,41.63245],[2.38967,41.63201],[2.3879,41.63171],[2.38639,41.63127],[2.38458,41.63051],[2.3803,41.62794],[2.37798,41.62679],[2.37625,41.62616],[2.37337,41.62543],[2.36557,41.62446],[2.36376,41.62396],[2.36216,41.62329],[2.36032,41.62215],[2.35698,41.61935],[2.35286,41.6171],[2.35078,41.61568],[2.34886,41.61385],[2.34543,41.6095],[2.34406,41.60801],[2.34117,41.60557],[2.33826,41.60367],[2.33482,41.60192],[2.33154,41.60057],[2.31893,41.59661],[2.31491,41.59503],[2.3109,41.59298],[2.30795,41.59112],[2.30105,41.58592],[2.29844,41.58429],[2.29565,41.58311],[2.28992,41.5816],[2.28803,41.58063],[2.28659,41.57942],[2.28542,41.57782],[2.28487,41.57627],[2.28445,41.5733],[2.28406,41.57186],[2.28329,41.57041],[2.28241,41.56936],[2.2814,41.56847],[2.28003,41.5676],[2.2761,41.56597],[2.27436,41.56506],[2.26942,41.56166],[2.26613,41.56031],[2.26176,41.55937],[2.25731,41.55893],[2.24905,41.55876],[2.24623,41.55824],[2.24384,41.55745],[2.24127,41.55622],[2.23815,41.55388],[2.23707,41.55266],[2.23632,41.55153],[2.23502,41.54798],[2.2339,41.54614],[2.2322,41.54452],[2.22876,41.54235],[2.22746,41.54127],[2.22669,41.54038],[2.22365,41.53581],[2.22042,41.53239],[2.21518,41.52608],[2.21215,41.52185],[2.20499,41.51114],[2.20357,41.50935],[2.20159,41.50722],[2.19495,41.5014],[2.19354,41.49999],[2.19232,41.49847],[2.19106,41.49627],[2.19007,41.49259],[2.1896,41.49162],[2.18868,41.49059],[2.18543,41.4884],[2.18468,41.48748],[2.18427,41.48664],[2.184,41.48548],[2.18398,41.48448],[2.18448,41.47953],[2.18419,41.47803],[2.18377,41.47698],[2.18211,41.47462],[2.17799,41.47045],[2.17733,41.46921],[2.17715,41.46773],[2.17771,41.46613],[2.17961,41.46394],[2.18138,41.46137],[2.18257,41.46014],[2.18864,41.45574],[2.18967,41.45542],[2.19199,41.45526],[2.19408,41.45443],[2.19474,41.45371],[2.19528,41.4513],[2.19588,41.45033],[2.1968,41.44973],[2.1998,41.44906],[2.20163,41.44817],[2.20298,41.44696],[2.20588,41.44378],[2.20709,41.44208],[2.20795,41.44033],[2.20921,41.43576],[2.20993,41.43414],[2.2114,41.43173],[2.21417,41.42786],[2.21474,41.42649],[2.21459,41.42532],[2.21372,41.42392],[2.21298,41.4231],[2.21167,41.42204],[2.18146,41.39941],[2.18105,41.39928],[2.17997,41.40008],[2.17887,41.39923],[2.18359,41.39562],[2.18245,41.39479]]}},{"type":"Feature","properties":{"name":"GraphHopper Track","mode":"ride","distance_km":"208.7"},"geometry":{"type":"LineString","coordinates":[[4.83808,52.38979],[4.83904,52.38981],[4.83915,52.38961],[4.84104,52.38961],[4.84096,52.39164],[4.84334,52.39163],[4.84429,52.38854],[4.84466,52.38014],[4.84432,52.37878],[4.84244,52.37419],[4.84204,52.37222],[4.84252,52.3525],[4.8422,52.35069],[4.84109,52.34806],[4.84085,52.34645],[4.84091,52.34133],[4.84129,52.33925],[4.84177,52.33832],[4.84243,52.33781],[4.84328,52.33743],[4.84571,52.33713],[4.87402,52.33855],[4.88216,52.33854],[4.88505,52.33829],[4.88707,52.33782],[4.8887,52.33721],[4.90391,52.3297],[4.91195,52.32601],[4.91252,52.32566],[4.91329,52.32476],[4.91458,52.32172],[4.91681,52.31847],[4.92534,52.31047],[4.93599,52.30007],[4.94915,52.28485],[4.95311,52.27925],[4.95673,52.27455],[4.95825,52.27205],[4.96112,52.26625],[4.96426,52.26116],[4.96531,52.25887],[4.96982,52.24733],[4.9768,52.23453],[4.97954,52.23063],[4.98277,52.22707],[4.98426,52.22514],[4.98532,52.22319],[4.98595,52.22142],[4.9863,52.21945],[4.98636,52.21732],[4.98623,52.20495],[4.98637,52.1942],[4.98598,52.1815],[4.98694,52.16767],[4.98737,52.16582],[4.98805,52.16414],[4.98932,52.16199],[4.99463,52.15479],[5.00933,52.13353],[5.01097,52.13145],[5.01286,52.12963],[5.0156,52.12761],[5.02225,52.12359],[5.02398,52.12231],[5.02806,52.11991],[5.0308,52.1186],[5.04945,52.11103],[5.05262,52.10957],[5.05596,52.10776],[5.05924,52.10567],[5.06194,52.10365],[5.065,52.10087],[5.06787,52.09764],[5.07147,52.09291],[5.07389,52.0892],[5.07505,52.08635],[5.07541,52.08223],[5.07509,52.08013],[5.07449,52.07815],[5.07257,52.07364],[5.07195,52.0715],[5.07157,52.07075],[5.07092,52.06999],[5.06998,52.0693],[5.06594,52.06757],[5.06525,52.06698],[5.06489,52.06645],[5.06472,52.0655],[5.06508,52.06456],[5.06585,52.06381],[5.06705,52.06322],[5.06949,52.06278],[5.07504,52.06277],[5.07791,52.06259],[5.10585,52.0598],[5.11036,52.05901],[5.12693,52.05554],[5.13155,52.05498],[5.1369,52.0548],[5.14299,52.05513],[5.14759,52.05583],[5.1519,52.05698],[5.16479,52.06087],[5.16762,52.06148],[5.17019,52.06175],[5.18677,52.06229],[5.20984,52.05988],[5.23442,52.05864],[5.25327,52.05792],[5.25767,52.05831],[5.26094,52.05897],[5.26344,52.05974],[5.27332,52.06359],[5.27641,52.06436],[5.28015,52.06488],[5.32436,52.06537],[5.3604,52.06543],[5.36339,52.06517],[5.36618,52.06473],[5.38218,52.06093],[5.39119,52.05834],[5.40228,52.05486],[5.40709,52.05381],[5.4109,52.05325],[5.42049,52.05236],[5.46933,52.05031],[5.48641,52.04838],[5.51638,52.04586],[5.53219,52.04314],[5.53781,52.04283],[5.55645,52.04235],[5.56033,52.04212],[5.56365,52.04169],[5.56845,52.04062],[5.58407,52.03652],[5.58781,52.0354],[5.59247,52.0337],[5.61602,52.02416],[5.62918,52.01922],[5.63536,52.0173],[5.64143,52.01591],[5.6465,52.0151],[5.67462,52.01243],[5.67962,52.01228],[5.69096,52.0127],[5.69474,52.01304],[5.69772,52.01353],[5.70068,52.01424],[5.7042,52.0154],[5.71203,52.01904],[5.71601,52.02049],[5.72016,52.02151],[5.72445,52.02211],[5.72762,52.02229],[5.7308,52.02226],[5.74641,52.02143],[5.75439,52.02128],[5.76273,52.02141],[5.77825,52.02206],[5.79176,52.02202],[5.79689,52.02219],[5.80434,52.02293],[5.83782,52.02787],[5.84346,52.02846],[5.84861,52.02869],[5.85727,52.02843],[5.86498,52.02751],[5.87208,52.02605],[5.88786,52.02167],[5.8927,52.02058],[5.93137,52.01453],[5.93564,52.01335],[5.93916,52.01194],[5.94236,52.0102],[5.94435,52.00878],[5.94598,52.00739],[5.94758,52.00565],[5.94874,52.004],[5.95261,51.99598],[5.95423,51.99348],[5.9553,51.99223],[5.95721,51.99047],[5.96074,51.9881],[5.96538,51.98597],[5.97704,51.98242],[5.98136,51.98055],[5.98339,51.97938],[5.98546,51.97792],[5.99527,51.97015],[5.99888,51.968],[6.00153,51.96682],[6.00598,51.96537],[6.03664,51.9572],[6.04317,51.95533],[6.07466,51.94537],[6.07878,51.94387],[6.08263,51.94215],[6.15631,51.90637],[6.1591,51.90456],[6.16097,51.90301],[6.16787,51.8961],[6.16888,51.89533],[6.1796,51.88493],[6.18345,51.88172],[6.18671,51.87937],[6.19273,51.87573],[6.19834,51.87289],[6.20346,51.87074],[6.20944,51.86863],[6.21572,51.86682],[6.22176,51.86545],[6.2286,51.86431],[6.23341,51.86372],[6.23858,51.8633],[6.26242,51.86227],[6.26877,51.86122],[6.2725,51.86012],[6.27473,51.85926],[6.29502,51.84987],[6.29858,51.84852],[6.30152,51.8476],[6.3069,51.84635],[6.31052,51.84577],[6.31563,51.84529],[6.33137,51.84433],[6.33511,51.84387],[6.33885,51.84318],[6.34218,51.84235],[6.34637,51.841],[6.38006,51.82819],[6.38435,51.82677],[6.38869,51.82561],[6.39677,51.8241],[6.41983,51.82162],[6.42451,51.82098],[6.43122,51.81975],[6.4394,51.81757],[6.47904,51.80461],[6.48248,51.80339],[6.48598,51.80182],[6.48936,51.79974],[6.49201,51.79744],[6.49481,51.79382],[6.49832,51.78855],[6.4997,51.78674],[6.50213,51.78442],[6.50462,51.78271],[6.50777,51.78116],[6.51061,51.78008],[6.52358,51.77614],[6.52942,51.77415],[6.53684,51.77099],[6.54405,51.76725],[6.55995,51.75695],[6.56255,51.7554],[6.56507,51.75417],[6.56931,51.75259],[6.57289,51.75164],[6.59539,51.74708],[6.59924,51.74587],[6.60243,51.74442],[6.60435,51.74331],[6.60687,51.74139],[6.60833,51.73996],[6.60942,51.73855],[6.61114,51.73542],[6.61778,51.72031],[6.61936,51.7171],[6.6206,51.71518],[6.62234,51.71318],[6.62413,51.71154],[6.62653,51.70977],[6.62818,51.70876],[6.63155,51.70712],[6.63742,51.70509],[6.6427,51.70403],[6.65603,51.70193],[6.65945,51.70105],[6.66244,51.69998],[6.66458,51.69897],[6.66655,51.69783],[6.66882,51.69621],[6.67472,51.69141],[6.67862,51.6891],[6.68352,51.68712],[6.69726,51.68307],[6.70046,51.68199],[6.7049,51.67992],[6.70751,51.67823],[6.70912,51.67695],[6.73256,51.65474],[6.73592,51.65137],[6.73892,51.64726],[6.7463,51.63544],[6.74792,51.63317],[6.75015,51.6307],[6.75412,51.6273],[6.77655,51.60978],[6.77845,51.60799],[6.78035,51.60547],[6.78136,51.60315],[6.78183,51.60121],[6.78244,51.59399],[6.78283,51.59177],[6.7837,51.58952],[6.78521,51.58719],[6.7871,51.58521],[6.79498,51.5786],[6.79692,51.57669],[6.79888,51.57444],[6.80144,51.57075],[6.80909,51.55797],[6.81137,51.55508],[6.81439,51.55231],[6.82649,51.54251],[6.82957,51.54023],[6.83061,51.53913],[6.83085,51.53858],[6.83089,51.53776],[6.83028,51.53663],[6.82961,51.53611],[6.82589,51.53413],[6.8228,51.5321],[6.82102,51.53071],[6.81777,51.5278],[6.81632,51.52622],[6.81521,51.52464],[6.8144,51.52276],[6.81414,51.52155],[6.81412,51.52014],[6.81427,51.51913],[6.81504,51.517],[6.81661,51.51461],[6.82215,51.50753],[6.82259,51.50642],[6.8228,51.50501],[6.8227,51.50396],[6.8223,51.50276],[6.81773,51.49339],[6.81684,51.49163],[6.81578,51.49003],[6.81496,51.48915],[6.81409,51.4886],[6.81266,51.48803],[6.80565,51.48695],[6.80002,51.48518],[6.79811,51.48477],[6.79492,51.48469],[6.79307,51.485],[6.78839,51.48614],[6.78655,51.48637],[6.78504,51.48637],[6.78194,51.48583],[6.77799,51.48402],[6.77575,51.48336],[6.7737,51.48342],[6.77124,51.4841],[6.77005,51.4839],[6.76948,51.48338],[6.76945,51.48282],[6.77019,51.48178],[6.77043,51.48114],[6.77029,51.48024],[6.76967,51.47896],[6.76552,51.47346],[6.76506,51.47189],[6.76514,51.47068],[6.76567,51.46934],[6.76765,51.46652],[6.76861,51.46374],[6.769,51.46305],[6.77659,51.45582],[6.77734,51.45487],[6.77823,51.45231],[6.77869,51.44899],[6.77841,51.44533],[6.77555,51.43986],[6.77514,51.43866],[6.77524,51.43748],[6.7762,51.43563],[6.77628,51.43493],[6.77614,51.43434],[6.77574,51.43372],[6.77428,51.43238],[6.77368,51.43158],[6.77029,51.42621],[6.76984,51.426],[6.76938,51.4261],[6.76903,51.42649],[6.77043,51.4272],[6.77062,51.42824],[6.77041,51.42804]]}},{"type":"Feature","properties":{"name":"GraphHopper Track","mode":"ride","distance_km":"6.0"},"geometry":{"type":"LineString","coordinates":[[7.53235,47.60006],[7.53326,47.60078],[7.5336,47.60053],[7.53397,47.60058],[7.53427,47.60045],[7.53495,47.60085],[7.53545,47.60084],[7.53773,47.59961],[7.53931,47.59847],[7.54226,47.59541],[7.54404,47.593],[7.5458,47.59021],[7.54836,47.58694],[7.55222,47.58307],[7.55647,47.57943],[7.56033,47.57677],[7.56198,47.57571],[7.56554,47.57395],[7.56629,47.57408],[7.56685,47.57342],[7.56844,47.57219],[7.56836,47.57193],[7.56921,47.57073],[7.56962,47.56931],[7.56947,47.56916],[7.56969,47.56906],[7.56989,47.56849],[7.57267,47.56639],[7.57388,47.56188],[7.57669,47.56031]]}},{"type":"Feature","properties":{"name":"GraphHopper Track","mode":"ride","distance_km":"9.5"},"geometry":{"type":"LineString","coordinates":[[5.48013,51.4445],[5.47922,51.44435],[5.47947,51.44378],[5.48015,51.44355],[5.48188,51.4438],[5.48157,51.44466],[5.48115,51.4447],[5.48101,51.44509],[5.47588,51.44428],[5.47332,51.44366],[5.47278,51.44372],[5.47095,51.44529],[5.46481,51.45152],[5.46467,51.45223],[5.4637,51.4527],[5.46328,51.45308],[5.44243,51.47398],[5.43749,51.4721],[5.4306,51.4679],[5.42964,51.46746],[5.42809,51.46704],[5.42521,51.46668],[5.4235,51.46619],[5.42093,51.46504],[5.4162,51.46335],[5.41281,51.46146],[5.40188,51.45702],[5.40026,51.45792],[5.39846,51.45922],[5.39814,51.45969],[5.39727,51.46038],[5.39344,51.45912],[5.3928,51.45856],[5.39281,51.45816],[5.39185,51.45737]]}},{"type":"Feature","properties":{"name":"GraphHopper Track","mode":"ride","distance_km":"53.4"},"geometry":{"type":"LineString","coordinates":[[9.20418,45.48508],[9.20394,45.48498],[9.20465,45.48464],[9.20393,45.48396],[9.20227,45.48476],[9.20395,45.48387],[9.20483,45.48463],[9.20534,45.4847],[9.20587,45.48445],[9.21042,45.48877],[9.21671,45.48573],[9.21729,45.4858],[9.22077,45.48739],[9.22451,45.49047],[9.22658,45.49159],[9.22961,45.49216],[9.23126,45.49272],[9.23367,45.49423],[9.25655,45.5118],[9.25753,45.51221],[9.2631,45.51288],[9.26391,45.51321],[9.26433,45.5138],[9.26421,45.51446],[9.26386,45.51483],[9.26241,45.51562],[9.26197,45.51657],[9.2614,45.52009],[9.26057,45.52278],[9.26059,45.52368],[9.26093,45.52447],[9.26164,45.52523],[9.26506,45.52686],[9.26579,45.52747],[9.26729,45.52929],[9.2689,45.53037],[9.28358,45.53751],[9.28462,45.53783],[9.28644,45.53785],[9.2894,45.53689],[9.29131,45.53675],[9.31114,45.53886],[9.31285,45.53921],[9.31439,45.53985],[9.31575,45.54089],[9.3176,45.54346],[9.31839,45.54419],[9.31939,45.54479],[9.3232,45.54646],[9.32436,45.54725],[9.3254,45.54821],[9.32686,45.55025],[9.33223,45.55938],[9.33391,45.56121],[9.33428,45.56255],[9.33565,45.56384],[9.3374,45.56487],[9.34152,45.56578],[9.34208,45.56602],[9.34337,45.56696],[9.34576,45.5675],[9.39031,45.57404],[9.49737,45.59459],[9.50295,45.59622],[9.55923,45.61507],[9.58038,45.62234],[9.58492,45.62413],[9.66081,45.66625],[9.66271,45.66709],[9.66587,45.66887],[9.66703,45.6693],[9.66811,45.66945],[9.669,45.66939],[9.66934,45.66909],[9.66911,45.66865],[9.66843,45.66864],[9.66809,45.66916],[9.66902,45.67298],[9.66912,45.67485],[9.6694,45.67523],[9.66993,45.67545],[9.67287,45.67546],[9.67871,45.67495],[9.68061,45.67507],[9.68311,45.6758],[9.68897,45.67869],[9.69154,45.67943],[9.69414,45.67964],[9.70156,45.67941],[9.70398,45.67882],[9.71045,45.67572],[9.72068,45.6719],[9.72262,45.67092],[9.72307,45.66986],[9.72396,45.66909],[9.72576,45.6687],[9.72617,45.66895],[9.72542,45.6706],[9.72453,45.67161],[9.72399,45.67199],[9.72321,45.67217],[9.72202,45.67196],[9.72094,45.67212],[9.7131,45.675],[9.71273,45.67534],[9.71206,45.67556],[9.71188,45.67554],[9.71151,45.67499],[9.71238,45.67439],[9.71238,45.67417],[9.71195,45.67324],[9.71143,45.67302],[9.71027,45.6731],[9.70375,45.67431],[9.70354,45.67453]]}},{"type":"Feature","properties":{"name":"GraphHopper Track","mode":"ride","distance_km":"118.1"},"geometry":{"type":"LineString","coordinates":[[10.25118,59.17899],[10.25103,59.17873],[10.25077,59.17871],[10.24938,59.1787],[10.24879,59.17892],[10.24863,59.17973],[10.24865,59.18262],[10.24838,59.18317],[10.24758,59.18373],[10.24649,59.18412],[10.24552,59.18426],[10.24088,59.18409],[10.23249,59.18328],[10.23008,59.18272],[10.22627,59.18141],[10.22542,59.181],[10.22482,59.1805],[10.2245,59.17994],[10.22426,59.17885],[10.22387,59.17828],[10.22275,59.17756],[10.2213,59.17715],[10.2179,59.17708],[10.21351,59.17606],[10.21164,59.17614],[10.21041,59.17643],[10.20908,59.17701],[10.20754,59.17698],[10.20728,59.17724],[10.20679,59.17846],[10.20649,59.17971],[10.20671,59.18084],[10.20751,59.18256],[10.20774,59.18353],[10.20771,59.19028],[10.20782,59.19115],[10.20852,59.19283],[10.20945,59.19403],[10.2107,59.19515],[10.21226,59.19617],[10.21408,59.19706],[10.21613,59.19781],[10.22219,59.19931],[10.22457,59.2002],[10.22691,59.20172],[10.22818,59.20291],[10.22958,59.20456],[10.23117,59.20572],[10.23303,59.20656],[10.24136,59.20925],[10.24273,59.20996],[10.24394,59.21085],[10.24488,59.21188],[10.24543,59.21283],[10.24771,59.21837],[10.24877,59.22054],[10.25004,59.22235],[10.25142,59.22374],[10.25351,59.22532],[10.26002,59.22923],[10.264,59.23276],[10.26555,59.23388],[10.27352,59.23811],[10.27748,59.24078],[10.28233,59.24491],[10.2966,59.25858],[10.29897,59.26125],[10.30058,59.26362],[10.30182,59.2666],[10.30242,59.26946],[10.30305,59.27151],[10.30372,59.27309],[10.30482,59.27509],[10.30696,59.27744],[10.31082,59.28099],[10.31253,59.28236],[10.31487,59.28374],[10.31844,59.28507],[10.33536,59.28881],[10.33983,59.29006],[10.34302,59.2912],[10.34717,59.29306],[10.34993,59.29469],[10.35249,59.2966],[10.35615,59.29983],[10.35868,59.30255],[10.36421,59.30915],[10.36774,59.31245],[10.3727,59.31656],[10.37486,59.31862],[10.37678,59.3209],[10.37805,59.32312],[10.37856,59.32438],[10.37903,59.32657],[10.37903,59.32841],[10.37869,59.33284],[10.37894,59.33432],[10.3799,59.33785],[10.38005,59.33987],[10.37991,59.34229],[10.37999,59.34447],[10.38361,59.35876],[10.384,59.36107],[10.38403,59.36306],[10.38334,59.36578],[10.38237,59.36771],[10.38129,59.36937],[10.3783,59.37318],[10.37621,59.37657],[10.37571,59.37806],[10.37541,59.3796],[10.37541,59.38369],[10.37527,59.38533],[10.37473,59.38755],[10.37399,59.38946],[10.37246,59.39211],[10.36589,59.40141],[10.3651,59.40282],[10.36446,59.40451],[10.36411,59.40722],[10.36477,59.42617],[10.3647,59.42765],[10.36374,59.43294],[10.36324,59.43472],[10.36225,59.43723],[10.36123,59.43934],[10.35855,59.44396],[10.35714,59.44752],[10.35619,59.44909],[10.35545,59.4499],[10.35377,59.45121],[10.34935,59.45362],[10.3468,59.45547],[10.34527,59.45724],[10.34318,59.4602],[10.34155,59.46188],[10.33904,59.46365],[10.33662,59.46485],[10.33268,59.46621],[10.32905,59.46701],[10.30278,59.47004],[10.28882,59.47216],[10.28333,59.47257],[10.27411,59.47289],[10.27116,59.47321],[10.26731,59.47391],[10.26391,59.47483],[10.26167,59.47566],[10.25909,59.47691],[10.2548,59.47948],[10.25294,59.48041],[10.25017,59.48157],[10.24251,59.48419],[10.24022,59.48514],[10.23822,59.48625],[10.23271,59.48975],[10.22826,59.49287],[10.22416,59.496],[10.21642,59.50259],[10.21507,59.50402],[10.21187,59.50798],[10.20922,59.51049],[10.20674,59.51221],[10.19967,59.51637],[10.19421,59.52028],[10.19192,59.52238],[10.19048,59.52399],[10.18506,59.53146],[10.17993,59.53608],[10.17871,59.53756],[10.17818,59.53851],[10.17761,59.54044],[10.17771,59.54237],[10.17818,59.54371],[10.18009,59.54696],[10.18051,59.54831],[10.18057,59.54975],[10.1803,59.55116],[10.17987,59.55216],[10.17709,59.55614],[10.17666,59.55782],[10.17671,59.55926],[10.17719,59.56081],[10.18098,59.5682],[10.18128,59.56999],[10.18108,59.5725],[10.18069,59.57379],[10.17967,59.57592],[10.17181,59.58959],[10.17054,59.59112],[10.16809,59.59343],[10.1672,59.59468],[10.1667,59.59623],[10.16669,59.59697],[10.16678,59.59764],[10.16726,59.59892],[10.16827,59.60029],[10.16988,59.6016],[10.17523,59.60437],[10.17799,59.60617],[10.18146,59.61008],[10.18292,59.61128],[10.18441,59.6122],[10.18872,59.6143],[10.19111,59.61607],[10.19225,59.61741],[10.19367,59.62029],[10.19509,59.62219],[10.20042,59.62675],[10.2019,59.62822],[10.20664,59.63419],[10.20788,59.63555],[10.21058,59.63786],[10.21615,59.64136],[10.21874,59.64342],[10.22015,59.64488],[10.22544,59.65121],[10.23277,59.65881],[10.23442,59.66109],[10.23788,59.66681],[10.24586,59.67884],[10.24622,59.67999],[10.24624,59.68106],[10.24577,59.68247],[10.24437,59.68483],[10.2442,59.68574],[10.24428,59.68661],[10.2446,59.68748],[10.24512,59.68826],[10.24811,59.69102],[10.24877,59.69202],[10.24914,59.69306],[10.24914,59.6945],[10.24868,59.69577],[10.24605,59.69905],[10.24054,59.70758],[10.23883,59.70921],[10.23521,59.71162],[10.234,59.7127],[10.23329,59.71387],[10.23294,59.71583],[10.23249,59.71689],[10.23184,59.71769],[10.22952,59.71988],[10.22814,59.72241],[10.22747,59.72315],[10.22571,59.72426],[10.21847,59.72716],[10.21652,59.72851],[10.21572,59.72949],[10.21528,59.73083],[10.21538,59.7318],[10.2159,59.73294],[10.21761,59.73493],[10.21966,59.73681],[10.22415,59.74012],[10.22847,59.74263],[10.24236,59.74961],[10.24539,59.75175],[10.24707,59.75345],[10.24845,59.75525],[10.25338,59.76309],[10.2547,59.7649],[10.25593,59.7662],[10.25789,59.76777],[10.26004,59.7691],[10.26358,59.77073],[10.27316,59.77387],[10.27503,59.77491],[10.27621,59.77596],[10.277,59.77749],[10.27704,59.77853],[10.27684,59.77926],[10.27632,59.78016],[10.27407,59.78276],[10.27341,59.78405],[10.27313,59.7853],[10.27299,59.78884],[10.27257,59.7901],[10.27164,59.79159],[10.26868,59.79515],[10.26805,59.79641],[10.26782,59.79739],[10.26787,59.79862],[10.26808,59.79948],[10.26913,59.80137],[10.27099,59.80317],[10.27336,59.80465],[10.27626,59.80586],[10.2798,59.80683],[10.29226,59.80861],[10.29671,59.80947],[10.30044,59.81039],[10.30708,59.81256],[10.31545,59.81624],[10.31909,59.81743],[10.32403,59.81824],[10.33719,59.81909],[10.34209,59.81974],[10.34691,59.82084],[10.35418,59.82332],[10.35764,59.82417],[10.36129,59.82453],[10.38222,59.82512],[10.38476,59.8255],[10.38977,59.82675],[10.39215,59.82713],[10.40078,59.82752],[10.40306,59.82779],[10.40582,59.82849],[10.41492,59.83151],[10.41809,59.83218],[10.42245,59.83234],[10.4283,59.83167],[10.43183,59.83155],[10.43538,59.83191],[10.4398,59.83305],[10.44159,59.83378],[10.4461,59.83605],[10.45056,59.83787],[10.4544,59.84],[10.46159,59.84233],[10.47522,59.84778],[10.47697,59.84868],[10.47804,59.84957],[10.47872,59.85054],[10.47902,59.85162],[10.4792,59.85368],[10.47959,59.85458],[10.48042,59.85554],[10.48274,59.85742],[10.48377,59.8586],[10.49056,59.86873],[10.49185,59.87014],[10.49384,59.87128],[10.50063,59.87395],[10.50196,59.87479],[10.50505,59.87758],[10.50688,59.87848],[10.51086,59.87992],[10.5133,59.8811],[10.52407,59.88806],[10.52605,59.88906],[10.52849,59.89003],[10.53239,59.89114],[10.5405,59.89267],[10.54712,59.89431],[10.55371,59.89485],[10.56803,59.8975],[10.57175,59.89803],[10.57844,59.89967],[10.58684,59.90082],[10.59601,59.90296],[10.59836,59.90315],[10.6036,59.90431],[10.60719,59.90484],[10.60816,59.90511],[10.60931,59.9057],[10.61965,59.90765],[10.62751,59.90968],[10.63431,59.91223],[10.64069,59.91317],[10.64569,59.91424],[10.64982,59.91538],[10.65712,59.91667],[10.66378,59.91817],[10.66747,59.91867],[10.67184,59.92031],[10.67425,59.92078],[10.67631,59.92072],[10.68038,59.91992],[10.68157,59.91952],[10.68343,59.91841],[10.68475,59.91805],[10.68673,59.91796],[10.689,59.91818],[10.6899,59.91805],[10.69036,59.91785],[10.69182,59.91659],[10.69246,59.91624],[10.69386,59.9158],[10.69618,59.91552],[10.69778,59.91507],[10.70296,59.91179],[10.70473,59.91112],[10.70662,59.91066],[10.71508,59.90969],[10.71703,59.90986],[10.72066,59.91082],[10.72209,59.91103],[10.73076,59.9113],[10.73267,59.9112],[10.73433,59.91078],[10.73543,59.91015],[10.7359,59.90967],[10.73678,59.90807],[10.73742,59.90749],[10.74246,59.90535],[10.74328,59.90543],[10.74376,59.90574],[10.74516,59.90714],[10.74463,59.90735],[10.74588,59.90869],[10.74695,59.90836]]}},{"type":"Feature","properties":{"name":"GraphHopper Track","mode":"ride","distance_km":"33.9"},"geometry":{"type":"LineString","coordinates":[[9.53607,55.70569],[9.53569,55.70573],[9.5352,55.70439],[9.53529,55.704],[9.53574,55.70353],[9.53591,55.70288],[9.53515,55.70247],[9.53232,55.70403],[9.52936,55.70477],[9.52821,55.70482],[9.51738,55.70383],[9.51163,55.7039],[9.50732,55.70426],[9.50394,55.70473],[9.49725,55.70618],[9.49643,55.7066],[9.49547,55.70653],[9.48793,55.70736],[9.47005,55.70857],[9.46232,55.70866],[9.45665,55.70822],[9.44355,55.7062],[9.43949,55.70532],[9.43468,55.70365],[9.43248,55.70308],[9.42687,55.70255],[9.42469,55.70219],[9.41972,55.70056],[9.41313,55.6989],[9.40543,55.69596],[9.40209,55.69517],[9.39942,55.69478],[9.3954,55.69455],[9.38908,55.69479],[9.38503,55.69541],[9.37662,55.69736],[9.37621,55.69758],[9.37594,55.69802],[9.37541,55.69822],[9.37482,55.69822],[9.3736,55.69789],[9.36827,55.69848],[9.3626,55.69873],[9.35709,55.69862],[9.35299,55.6983],[9.34226,55.69673],[9.33771,55.69625],[9.33138,55.69604],[9.32652,55.69619],[9.32083,55.69673],[9.31479,55.69777],[9.29498,55.70316],[9.29076,55.70415],[9.28741,55.70473],[9.28064,55.70544],[9.25321,55.70657],[9.24295,55.70717],[9.23961,55.70757],[9.23585,55.70827],[9.23093,55.70967],[9.2203,55.71359],[9.21989,55.71401],[9.21908,55.71433],[9.21463,55.71895],[9.21245,55.7218],[9.21066,55.72505],[9.2086,55.73068],[9.20724,55.73316],[9.20526,55.73553],[9.20251,55.7379],[9.19825,55.74047],[9.19326,55.74254],[9.18642,55.74464],[9.18085,55.74597],[9.17657,55.74679],[9.16922,55.74782],[9.16348,55.74831],[9.15558,55.74856],[9.13949,55.74866],[9.13829,55.74889],[9.13807,55.7487],[9.13814,55.74852],[9.13885,55.74831],[9.14032,55.74714],[9.14127,55.74671],[9.14236,55.74646],[9.14524,55.74647],[9.14603,55.74683],[9.14908,55.74693],[9.14947,55.74675],[9.15017,55.74678],[9.15001,55.74833],[9.14166,55.74837],[9.13965,55.74795],[9.13895,55.74834],[9.13889,55.74881],[9.13829,55.74889],[9.13807,55.7487],[9.13821,55.74848],[9.13817,55.74817],[9.13625,55.74545],[9.13544,55.74471],[9.12391,55.73775],[9.12266,55.73772],[9.11681,55.73924],[9.11655,55.73889],[9.11661,55.73866],[9.11907,55.73769],[9.11764,55.73678],[9.11762,55.73649],[9.11865,55.73598],[9.1193,55.73595],[9.1211,55.73474],[9.11819,55.73303],[9.11847,55.73258],[9.11847,55.73212],[9.11685,55.72989],[9.11697,55.72986],[9.11741,55.73059]]}},{"type":"Feature","properties":{"name":"GraphHopper Track","mode":"ride","distance_km":"94.9"},"geometry":{"type":"LineString","coordinates":[[33.80987,27.18089],[33.80918,27.18073],[33.8094,27.17995],[33.8093,27.17954],[33.8109,27.17989],[33.81206,27.18129],[33.81298,27.18168],[33.81349,27.18178],[33.81396,27.18167],[33.81451,27.18202],[33.82021,27.18337],[33.82065,27.18331],[33.82094,27.18293],[33.82074,27.1759],[33.8195,27.16866],[33.81929,27.16461],[33.81784,27.15582],[33.81751,27.1549],[33.81389,27.14906],[33.81349,27.14802],[33.81333,27.14684],[33.8145,27.13599],[33.81462,27.13422],[33.81454,27.12938],[33.81489,27.12616],[33.81856,27.11086],[33.81878,27.10928],[33.81922,27.10352],[33.81979,27.09927],[33.81961,27.09868],[33.81855,27.09768],[33.81842,27.09728],[33.8185,27.09666],[33.81908,27.09595],[33.8202,27.09568],[33.82109,27.09603],[33.82157,27.0967],[33.82245,27.09717],[33.82553,27.09734],[33.82601,27.09699],[33.82617,27.09521],[33.82643,27.09523],[33.82598,27.10058],[33.82619,27.10078],[33.8269,27.09926],[33.82848,27.09774],[33.8356,27.09377],[33.83575,27.09392],[33.83525,27.09418],[33.83692,27.09637],[33.83809,27.09552],[33.83851,27.09574],[33.83904,27.09575],[33.83851,27.09574],[33.83809,27.09552],[33.83692,27.09637],[33.83525,27.09418],[33.82974,27.09718],[33.82856,27.09788],[33.82688,27.09961],[33.82576,27.10306],[33.82072,27.16034],[33.82152,27.17316],[33.82216,27.20305],[33.82186,27.2044],[33.8183,27.21273],[33.81801,27.21415],[33.81831,27.2153],[33.81973,27.21756],[33.82432,27.22244],[33.83602,27.22815],[33.83669,27.2284],[33.83776,27.22838],[33.83871,27.22865],[33.83911,27.22859],[33.83955,27.22902],[33.84258,27.2303],[33.84336,27.22972],[33.84285,27.23022],[33.843,27.23046],[33.84452,27.23155],[33.84569,27.23198],[33.84661,27.23334],[33.8467,27.23431],[33.84665,27.23454],[33.84644,27.2345],[33.84657,27.2335],[33.84563,27.23207],[33.84443,27.23163],[33.84321,27.23068],[33.84253,27.23051],[33.83913,27.23162],[33.83587,27.23302],[33.82522,27.2459],[33.82358,27.24717],[33.81798,27.25043],[33.81496,27.25174],[33.81481,27.252],[33.8149,27.2526],[33.81565,27.25449],[33.81596,27.25447],[33.81565,27.25449],[33.81583,27.25493],[33.81532,27.25509],[33.81514,27.25461],[33.81488,27.25468],[33.81459,27.25394],[33.81348,27.2542],[33.81455,27.25193],[33.81522,27.25145],[33.81791,27.25033],[33.82285,27.24742],[33.8246,27.24621],[33.82847,27.24161],[33.82986,27.23965],[33.83324,27.23556],[33.83371,27.23488],[33.83427,27.23336],[33.8342,27.23232],[33.8339,27.23116],[33.83099,27.22613],[33.82971,27.22529],[33.82439,27.22265],[33.82274,27.22153],[33.8204,27.21876],[33.81815,27.2164],[33.81756,27.21529],[33.81737,27.21458],[33.81735,27.21336],[33.81764,27.21242],[33.82081,27.20518],[33.8214,27.20263],[33.82074,27.1759],[33.8195,27.16866],[33.81945,27.1659],[33.81913,27.1637],[33.82089,27.1635],[33.821,27.1654],[33.82273,27.16534],[33.82147,27.15866],[33.82099,27.15813],[33.82086,27.16126],[33.82135,27.17042],[33.82109,27.17069],[33.82002,27.17072],[33.81983,27.17055],[33.8195,27.16866],[33.81929,27.16461],[33.81776,27.15549],[33.81389,27.14906],[33.81349,27.14802],[33.81335,27.14712],[33.81459,27.13478],[33.81454,27.12938],[33.81466,27.12775],[33.81505,27.12521],[33.81856,27.11086],[33.81922,27.10352],[33.81979,27.09927],[33.81961,27.09868],[33.81855,27.09768],[33.81844,27.09686],[33.81867,27.09633],[33.81908,27.09595],[33.8202,27.09568],[33.82109,27.09603],[33.82157,27.0967],[33.82245,27.09717],[33.82553,27.09734],[33.82601,27.09699],[33.82617,27.09521],[33.82638,27.0952],[33.82598,27.10058],[33.82619,27.10078],[33.8269,27.09926],[33.82848,27.09774],[33.8356,27.09377],[33.83575,27.09392],[33.83525,27.09418],[33.83692,27.09637],[33.83809,27.09552],[33.83851,27.09574],[33.83904,27.09575],[33.83851,27.09574],[33.83809,27.09552],[33.83692,27.09637],[33.83525,27.09418],[33.82856,27.09788],[33.82705,27.09937],[33.82678,27.09986],[33.82576,27.10306],[33.82542,27.10587],[33.82523,27.10581],[33.82593,27.09783],[33.82564,27.09745],[33.82226,27.09717],[33.82158,27.09748],[33.821,27.09825],[33.81987,27.09854],[33.81909,27.09828],[33.8182,27.09745],[33.81759,27.09741],[33.81602,27.09795],[33.8142,27.09897],[33.79575,27.1156],[33.79294,27.1183],[33.7917,27.12015],[33.78074,27.13935],[33.78042,27.13945],[33.78032,27.13918],[33.78325,27.1341],[33.78162,27.13332],[33.78198,27.13273],[33.78189,27.13224],[33.7816,27.13195],[33.78059,27.1315],[33.78135,27.13111],[33.78143,27.13033],[33.78006,27.12908],[33.77996,27.12671],[33.77913,27.12442],[33.77908,27.12364],[33.78047,27.11936],[33.78031,27.11905],[33.78116,27.1159],[33.7814,27.11385],[33.78058,27.11156],[33.77956,27.1095],[33.77808,27.10799],[33.77159,27.10514],[33.76985,27.10508],[33.7692,27.10314],[33.76656,27.10098],[33.76178,27.09793],[33.75973,27.09634],[33.75749,27.09511],[33.75586,27.0939],[33.75149,27.09115],[33.7481,27.08942],[33.74743,27.08886],[33.74591,27.0884],[33.74403,27.0881],[33.74303,27.0876],[33.74206,27.08752],[33.73783,27.08569],[33.73721,27.08528],[33.73628,27.08492],[33.73593,27.08494],[33.73499,27.08435],[33.73336,27.08381],[33.7329,27.08334],[33.72936,27.08138],[33.72908,27.08074],[33.72854,27.08045],[33.72727,27.07918],[33.7256,27.07847],[33.72382,27.07677],[33.72224,27.07555],[33.72082,27.07393],[33.71887,27.07315],[33.71665,27.07166],[33.71478,27.07069],[33.71345,27.06951],[33.70679,27.06489],[33.70418,27.06359],[33.70049,27.06148],[33.69503,27.05993],[33.69438,27.05992],[33.69224,27.05834],[33.69058,27.05793],[33.68714,27.05623],[33.68614,27.05613],[33.68514,27.05533],[33.68361,27.05472],[33.68201,27.05421],[33.67891,27.05369],[33.67746,27.05367],[33.67433,27.05265],[33.67371,27.05217],[33.67338,27.05157],[33.67352,27.05037],[33.6719,27.05058],[33.67158,27.05078],[33.67076,27.05091],[33.66838,27.05081],[33.66745,27.05101],[33.66655,27.05097],[33.66513,27.05049],[33.66449,27.04973],[33.663,27.04896],[33.66239,27.04836],[33.66107,27.04779],[33.65987,27.04757],[33.6589,27.04795],[33.65825,27.04793],[33.65634,27.04642],[33.65575,27.04633],[33.65562,27.04603],[33.65603,27.04472],[33.65653,27.04434],[33.657,27.04345],[33.65675,27.04268],[33.65697,27.04148],[33.65743,27.04051],[33.6573,27.04027],[33.65698,27.0402],[33.6563,27.03887]]}},{"type":"Feature","properties":{"name":"GraphHopper Track","mode":"ride","distance_km":"47.4"},"geometry":{"type":"LineString","coordinates":[[-0.48665,51.47252],[-0.48663,51.46976],[-0.48692,51.46962],[-0.4892,51.46951],[-0.48936,51.46936],[-0.48931,51.46662],[-0.48973,51.46635],[-0.49051,51.46633],[-0.49139,51.46649],[-0.49106,51.46959],[-0.49148,51.47081],[-0.49225,51.47188],[-0.49404,51.47322],[-0.49494,51.47439],[-0.49539,51.47443],[-0.49813,51.47382],[-0.49961,51.47368],[-0.50142,51.47376],[-0.50396,51.47415],[-0.50565,51.47416],[-0.50703,51.47379],[-0.50754,51.4734],[-0.50763,51.47302],[-0.50728,51.47266],[-0.50654,51.47256],[-0.50615,51.4727],[-0.50563,51.47323],[-0.50453,51.47588],[-0.50364,51.47942],[-0.50244,51.48172],[-0.50106,51.48347],[-0.49793,51.4866],[-0.49618,51.48892],[-0.49567,51.49074],[-0.49626,51.49264],[-0.49599,51.49378],[-0.49395,51.49581],[-0.49304,51.49627],[-0.49208,51.49636],[-0.49136,51.49621],[-0.48912,51.49507],[-0.4882,51.49481],[-0.48327,51.49455],[-0.47723,51.49459],[-0.46805,51.49545],[-0.46052,51.4959],[-0.45665,51.49589],[-0.44936,51.49549],[-0.43751,51.49435],[-0.40905,51.49224],[-0.40542,51.4916],[-0.39335,51.4885],[-0.39019,51.48805],[-0.3872,51.48788],[-0.3821,51.48816],[-0.36739,51.49023],[-0.36335,51.49135],[-0.35776,51.49356],[-0.35269,51.4948],[-0.34891,51.49523],[-0.33719,51.49596],[-0.33448,51.49584],[-0.33137,51.49524],[-0.31808,51.48994],[-0.31664,51.48953],[-0.31464,51.48926],[-0.31255,51.48927],[-0.31094,51.48948],[-0.30605,51.49099],[-0.30402,51.49135],[-0.2922,51.49153],[-0.28753,51.49295],[-0.2867,51.49294],[-0.28315,51.49227],[-0.28232,51.49266],[-0.28248,51.49441],[-0.28203,51.49675],[-0.28245,51.49789],[-0.28334,51.49927],[-0.28443,51.50044],[-0.28851,51.50309],[-0.28897,51.50353],[-0.29153,51.50802],[-0.29206,51.51111],[-0.29212,51.51418],[-0.29206,51.51519],[-0.29151,51.51633],[-0.29132,51.51764],[-0.29165,51.52331],[-0.2924,51.52488],[-0.29223,51.52631],[-0.29264,51.5295],[-0.29282,51.5297],[-0.29422,51.53006],[-0.2948,51.53042],[-0.29465,51.53125],[-0.29416,51.53151],[-0.29343,51.53152],[-0.29285,51.53132],[-0.29256,51.53006],[-0.29225,51.52981],[-0.28659,51.52856],[-0.28524,51.52764],[-0.2834,51.52705],[-0.28181,51.52679],[-0.27701,51.52665],[-0.27422,51.52626],[-0.26671,51.5241],[-0.26565,51.52359],[-0.26434,51.52258],[-0.26137,51.51802],[-0.26003,51.5167],[-0.2583,51.5158],[-0.2559,51.51484],[-0.25417,51.51438],[-0.25108,51.51395],[-0.24093,51.51443],[-0.2377,51.51429],[-0.21718,51.51585],[-0.20811,51.51835],[-0.20701,51.51888],[-0.20402,51.52092],[-0.20271,51.52139],[-0.20104,51.52168],[-0.19835,51.52154],[-0.19332,51.52011],[-0.18973,51.51966],[-0.1845,51.51958],[-0.18009,51.52012],[-0.16931,51.52006],[-0.16644,51.52069],[-0.15244,51.52309],[-0.14888,51.52337],[-0.14458,51.52411],[-0.14292,51.52399],[-0.14166,51.5242],[-0.13542,51.52579],[-0.13045,51.52744],[-0.12219,51.5308],[-0.11207,51.53153],[-0.10935,51.53185],[-0.10619,51.53195],[-0.08919,51.52758],[-0.08813,51.52693],[-0.0878,51.52615],[-0.08701,51.5259],[-0.08471,51.52633],[-0.0836,51.52607],[-0.08097,51.52473],[-0.07815,51.52303],[-0.07742,51.5228],[-0.0754,51.52123],[-0.07448,51.5203],[-0.07447,51.51866],[-0.07425,51.5182],[-0.07177,51.51532],[-0.06712,51.51722],[-0.06272,51.51852],[-0.04558,51.52201],[-0.04136,51.5226],[-0.03912,51.52327],[-0.03739,51.52416],[-0.03441,51.52519],[-0.025,51.52726],[-0.0185,51.52835],[-0.01856,51.52847]]}},{"type":"Feature","properties":{"name":"GraphHopper Track","mode":"ride","distance_km":"67.9"},"geometry":{"type":"LineString","coordinates":[[2.3729,48.84419],[2.37223,48.8445],[2.3712,48.84557],[2.36835,48.84527],[2.36553,48.84747],[2.36521,48.84725],[2.36543,48.84668],[2.3667,48.84549],[2.36841,48.84431],[2.36962,48.84386],[2.3716,48.8424],[2.37757,48.83714],[2.38641,48.83029],[2.38808,48.82826],[2.38888,48.82785],[2.39,48.82767],[2.39019,48.82748],[2.39018,48.82721],[2.38974,48.82688],[2.386,48.82561],[2.38432,48.82487],[2.37822,48.82133],[2.36629,48.81741],[2.36417,48.81648],[2.36242,48.81621],[2.35761,48.81649],[2.35692,48.81628],[2.35447,48.81343],[2.35116,48.81155],[2.34999,48.81068],[2.34674,48.80734],[2.34424,48.80447],[2.34369,48.80286],[2.34345,48.80145],[2.34386,48.79693],[2.34448,48.79502],[2.34457,48.79426],[2.34389,48.79092],[2.34388,48.78988],[2.34421,48.78867],[2.34596,48.78484],[2.34644,48.78228],[2.34548,48.7736],[2.34498,48.77097],[2.34303,48.76778],[2.3424,48.76527],[2.34154,48.7637],[2.3408,48.7627],[2.33404,48.75638],[2.32854,48.75037],[2.31952,48.74131],[2.31861,48.74012],[2.31692,48.73645],[2.30609,48.70729],[2.30593,48.70535],[2.30627,48.70422],[2.30678,48.70332],[2.30762,48.70236],[2.30851,48.70167],[2.31766,48.69566],[2.31969,48.69408],[2.32271,48.69074],[2.32992,48.68214],[2.33177,48.68046],[2.33385,48.67924],[2.33914,48.6767],[2.34447,48.6724],[2.34827,48.67027],[2.35194,48.66879],[2.35877,48.66727],[2.36128,48.66639],[2.37532,48.65838],[2.37722,48.657],[2.37888,48.65551],[2.39367,48.64068],[2.39589,48.63874],[2.42255,48.62208],[2.4248,48.62051],[2.42673,48.6188],[2.42863,48.61656],[2.44378,48.59331],[2.44603,48.59058],[2.44873,48.58831],[2.46102,48.57994],[2.46265,48.57864],[2.46417,48.57705],[2.4706,48.56932],[2.47227,48.5676],[2.47365,48.56645],[2.47574,48.56501],[2.47778,48.56387],[2.4876,48.55911],[2.48942,48.55788],[2.49119,48.55629],[2.49247,48.55471],[2.49345,48.55298],[2.49839,48.54014],[2.50478,48.51861],[2.51142,48.5063],[2.5124,48.50413],[2.51282,48.50158],[2.51274,48.4884],[2.51291,48.48641],[2.51378,48.48194],[2.51538,48.47662],[2.51635,48.47495],[2.51779,48.47356],[2.51981,48.47237],[2.5222,48.47153],[2.53477,48.46933],[2.54516,48.46588],[2.55443,48.46385],[2.55511,48.46358],[2.55573,48.46359],[2.56826,48.461],[2.59043,48.45702],[2.61238,48.4554],[2.61695,48.45496],[2.61893,48.45444],[2.6206,48.45365],[2.62395,48.45158],[2.62415,48.45131],[2.62596,48.45066],[2.63567,48.44626],[2.64907,48.44168],[2.65069,48.4409],[2.65384,48.43795],[2.6601,48.43156],[2.66095,48.43053],[2.66098,48.43026],[2.66132,48.43017],[2.66261,48.42903],[2.67701,48.41452],[2.68545,48.40937],[2.68617,48.4087],[2.6861,48.40848],[2.68627,48.4083],[2.68688,48.40836],[2.69097,48.40419],[2.69677,48.40241],[2.69692,48.40261],[2.69995,48.40389],[2.69931,48.40429],[2.69821,48.40466],[2.69799,48.40429]]}},{"type":"Feature","properties":{"name":"GraphHopper Track","mode":"ride","distance_km":"34.0"},"geometry":{"type":"LineString","coordinates":[[2.36997,48.72925],[2.37145,48.72942],[2.37166,48.72974],[2.37123,48.73007],[2.37004,48.73016],[2.36953,48.73038],[2.36687,48.73334],[2.365,48.7376],[2.36387,48.73973],[2.36366,48.74091],[2.36376,48.74211],[2.36407,48.74308],[2.36482,48.74436],[2.36828,48.74808],[2.36895,48.74955],[2.36903,48.7518],[2.36916,48.75212],[2.37035,48.75305],[2.37085,48.75335],[2.37164,48.75354],[2.3772,48.75324],[2.37932,48.75347],[2.38197,48.75456],[2.38298,48.75531],[2.38353,48.75593],[2.38411,48.7574],[2.38414,48.75824],[2.38392,48.75897],[2.37894,48.76652],[2.37871,48.76709],[2.3788,48.76822],[2.37962,48.76923],[2.38065,48.76978],[2.38145,48.77001],[2.39456,48.77172],[2.40276,48.77372],[2.40957,48.77422],[2.41454,48.77612],[2.41654,48.7766],[2.41834,48.77663],[2.42715,48.77602],[2.43646,48.77638],[2.43804,48.77664],[2.43932,48.77712],[2.44044,48.77789],[2.44103,48.7786],[2.44142,48.7796],[2.44145,48.78014],[2.44029,48.78595],[2.44027,48.78743],[2.44044,48.78926],[2.44109,48.79196],[2.44265,48.79414],[2.44348,48.79598],[2.4449,48.798],[2.44731,48.80071],[2.44814,48.801],[2.44877,48.80151],[2.44546,48.80344],[2.42609,48.81368],[2.42077,48.8154],[2.41866,48.81504],[2.4205,48.81529],[2.41988,48.81623],[2.4198,48.81729],[2.42238,48.81737],[2.42545,48.81713],[2.43805,48.81739],[2.44477,48.81665],[2.44587,48.8163],[2.447,48.81561],[2.44753,48.81506],[2.44816,48.81402],[2.44889,48.81179],[2.44866,48.80602],[2.44843,48.80426],[2.44796,48.80285],[2.44707,48.80124],[2.44402,48.7976],[2.4423,48.79507],[2.4415,48.79352],[2.44077,48.79166],[2.44022,48.78946],[2.44003,48.78628],[2.44033,48.78408],[2.44123,48.77987],[2.44084,48.77867],[2.44025,48.77797],[2.43943,48.77737],[2.43835,48.77687],[2.43627,48.77648],[2.42709,48.77614],[2.41844,48.77675],[2.41652,48.77671],[2.41453,48.77625],[2.40956,48.77434],[2.40275,48.77385],[2.39451,48.77187],[2.38135,48.77014],[2.38014,48.76973],[2.37947,48.76932],[2.3786,48.76824],[2.37844,48.76765],[2.37856,48.7668],[2.3836,48.7592],[2.38394,48.75801],[2.38389,48.75717],[2.38364,48.75671],[2.3832,48.7561],[2.38187,48.75501],[2.3782,48.75353],[2.37611,48.75352],[2.37082,48.75396],[2.368,48.75391],[2.36741,48.75417],[2.36768,48.7546],[2.36825,48.75489],[2.36856,48.75482],[2.36875,48.75457],[2.36895,48.75087],[2.36867,48.74927],[2.3677,48.74746],[2.3647,48.74437],[2.36401,48.74321],[2.36369,48.7423],[2.36354,48.74097],[2.36378,48.7394],[2.36599,48.73373],[2.36583,48.73314],[2.36531,48.73276],[2.36361,48.73233],[2.36397,48.73194],[2.36471,48.73049],[2.36587,48.72984],[2.3658,48.72946],[2.36486,48.72879],[2.36483,48.72848],[2.36521,48.72821],[2.36676,48.72825],[2.36846,48.72856],[2.36952,48.72921],[2.36997,48.72925]]}},{"type":"Feature","properties":{"name":"GraphHopper Track","mode":"ride","distance_km":"313.3"},"geometry":{"type":"LineString","coordinates":[[-0.38854,39.48112],[-0.38881,39.48115],[-0.38835,39.48059],[-0.3878,39.48071],[-0.38777,39.48096],[-0.38837,39.48185],[-0.38789,39.48211],[-0.38678,39.48052],[-0.3889,39.47963],[-0.39128,39.47891],[-0.38235,39.4663],[-0.38033,39.4637],[-0.37966,39.46329],[-0.37809,39.46308],[-0.3729,39.46513],[-0.37307,39.46536],[-0.37793,39.46331],[-0.37883,39.4609],[-0.37629,39.45729],[-0.37617,39.45674],[-0.37559,39.45644],[-0.36956,39.4479],[-0.36909,39.44671],[-0.36947,39.44619],[-0.36906,39.4455],[-0.36911,39.44462],[-0.3708,39.43222],[-0.37144,39.42869],[-0.37959,39.41178],[-0.39937,39.3821],[-0.40085,39.37954],[-0.40184,39.37869],[-0.40349,39.37797],[-0.41245,39.37629],[-0.41685,39.37491],[-0.42301,39.37389],[-0.42418,39.3734],[-0.42494,39.37288],[-0.42607,39.37148],[-0.42641,39.37011],[-0.42601,39.35409],[-0.42649,39.35263],[-0.42863,39.35039],[-0.42915,39.34915],[-0.42921,39.34796],[-0.42845,39.34444],[-0.42858,39.34299],[-0.44124,39.31286],[-0.44397,39.309],[-0.46008,39.27895],[-0.46059,39.27696],[-0.46061,39.27515],[-0.46027,39.27322],[-0.45882,39.26924],[-0.45851,39.26711],[-0.45873,39.26462],[-0.45909,39.26327],[-0.4597,39.26184],[-0.46033,39.2607],[-0.46135,39.25934],[-0.46331,39.25741],[-0.46643,39.25539],[-0.47118,39.25307],[-0.47359,39.25169],[-0.47586,39.24976],[-0.47702,39.24826],[-0.49802,39.21081],[-0.4985,39.20859],[-0.49826,39.20638],[-0.49766,39.20485],[-0.49519,39.19999],[-0.49462,39.19808],[-0.49453,39.19669],[-0.49472,39.19535],[-0.49545,39.19339],[-0.49709,39.19125],[-0.49853,39.19009],[-0.51132,39.1833],[-0.51204,39.18289],[-0.51297,39.18202],[-0.51384,39.18052],[-0.51553,39.17672],[-0.51683,39.1728],[-0.51786,39.1705],[-0.51856,39.16811],[-0.51906,39.167],[-0.52258,39.1627],[-0.52389,39.16012],[-0.52542,39.15774],[-0.52864,39.1543],[-0.52982,39.1524],[-0.5303,39.15094],[-0.53056,39.1493],[-0.53052,39.14731],[-0.53015,39.1455],[-0.52962,39.14408],[-0.52865,39.14231],[-0.52579,39.13897],[-0.52507,39.13792],[-0.52445,39.13627],[-0.52433,39.13504],[-0.52461,39.13338],[-0.5252,39.13209],[-0.52821,39.12858],[-0.53,39.12567],[-0.53086,39.12343],[-0.5313,39.1215],[-0.53256,39.1132],[-0.53252,39.11175],[-0.5319,39.10927],[-0.53017,39.10601],[-0.52965,39.10455],[-0.52946,39.10269],[-0.52968,39.10116],[-0.53042,39.0993],[-0.53251,39.09565],[-0.53924,39.08661],[-0.54017,39.08489],[-0.5408,39.08326],[-0.54164,39.07953],[-0.54218,39.07608],[-0.54219,39.07455],[-0.5418,39.07035],[-0.54189,39.06891],[-0.54483,39.05552],[-0.54579,39.05311],[-0.5518,39.04251],[-0.55241,39.04067],[-0.55252,39.03863],[-0.55164,39.03466],[-0.55136,39.03184],[-0.55151,39.02878],[-0.55206,39.02602],[-0.55282,39.02419],[-0.55604,39.02012],[-0.56014,39.01292],[-0.56087,39.01207],[-0.56226,39.01086],[-0.56781,39.00771],[-0.57089,39.00544],[-0.58414,38.99125],[-0.58628,38.98939],[-0.58903,38.98771],[-0.59496,38.98535],[-0.5974,38.98386],[-0.59869,38.98261],[-0.59944,38.98156],[-0.60386,38.97312],[-0.60491,38.97145],[-0.60703,38.96899],[-0.60911,38.9672],[-0.67084,38.92503],[-0.69173,38.91102],[-0.69824,38.90797],[-0.70549,38.90386],[-0.74204,38.88502],[-0.74661,38.8822],[-0.74844,38.88164],[-0.75038,38.88148],[-0.75179,38.88165],[-0.75456,38.88237],[-0.7567,38.8825],[-0.75874,38.88219],[-0.76023,38.88163],[-0.76458,38.87932],[-0.76626,38.87811],[-0.76756,38.87666],[-0.76871,38.87462],[-0.76955,38.87348],[-0.77096,38.87228],[-0.77243,38.87149],[-0.82339,38.85436],[-0.82552,38.85379],[-0.82919,38.85319],[-0.83068,38.85274],[-0.83266,38.85172],[-0.83613,38.849],[-0.84363,38.84526],[-0.84662,38.84337],[-0.84818,38.84275],[-0.85183,38.842],[-0.8536,38.84138],[-0.85756,38.8389],[-0.85991,38.83785],[-0.88263,38.83041],[-0.88456,38.83023],[-0.88756,38.83069],[-0.88878,38.83071],[-0.88986,38.83049],[-0.89116,38.82984],[-0.89171,38.82933],[-0.89224,38.82853],[-0.89246,38.82773],[-0.89236,38.82669],[-0.89029,38.81895],[-0.88934,38.8169],[-0.88707,38.81385],[-0.88638,38.81256],[-0.8858,38.81055],[-0.88574,38.80879],[-0.88626,38.80658],[-0.89049,38.79672],[-0.89192,38.7923],[-0.89246,38.78941],[-0.8928,38.78651],[-0.8929,38.78326],[-0.89278,38.77931],[-0.89326,38.77405],[-0.8949,38.76454],[-0.89585,38.76191],[-0.89692,38.76013],[-0.89844,38.75817],[-0.8993,38.75731],[-0.90244,38.75491],[-0.91413,38.74869],[-0.91678,38.74705],[-0.91897,38.74533],[-0.92098,38.74332],[-0.92276,38.74109],[-0.92361,38.73975],[-0.92713,38.73309],[-0.9288,38.73081],[-0.92992,38.72974],[-0.93144,38.72861],[-0.94001,38.72369],[-0.94351,38.7223],[-0.94982,38.72052],[-0.95426,38.7196],[-0.96647,38.71754],[-0.97406,38.71679],[-0.98555,38.71667],[-0.98956,38.71641],[-0.99276,38.71601],[-0.99538,38.71527],[-0.99739,38.71437],[-0.99951,38.71295],[-1.00098,38.71154],[-1.00232,38.70965],[-1.00294,38.70824],[-1.00326,38.70712],[-1.00374,38.70392],[-1.00436,38.7021],[-1.00547,38.70034],[-1.00755,38.69788],[-1.00843,38.69634],[-1.00876,38.69551],[-1.00938,38.69257],[-1.00988,38.69116],[-1.01072,38.68972],[-1.01364,38.6864],[-1.01444,38.68496],[-1.01506,38.6829],[-1.01539,38.68034],[-1.0163,38.67802],[-1.01778,38.67595],[-1.02417,38.66816],[-1.02572,38.66553],[-1.02777,38.66074],[-1.02912,38.65867],[-1.03052,38.65701],[-1.03184,38.65574],[-1.03694,38.65199],[-1.03826,38.65073],[-1.03963,38.64897],[-1.04073,38.64687],[-1.04157,38.64386],[-1.04177,38.64075],[-1.04156,38.6389],[-1.03922,38.63076],[-1.03897,38.62855],[-1.03903,38.62662],[-1.03944,38.62443],[-1.04121,38.61945],[-1.04228,38.6159],[-1.04355,38.60762],[-1.04472,38.60285],[-1.04623,38.59875],[-1.04819,38.59466],[-1.05033,38.59213],[-1.05475,38.58865],[-1.05628,38.58703],[-1.05737,38.58543],[-1.05896,38.5822],[-1.06042,38.58026],[-1.06217,38.57864],[-1.06441,38.57729],[-1.0658,38.57666],[-1.07026,38.5751],[-1.07288,38.57375],[-1.07883,38.56923],[-1.08207,38.56738],[-1.08511,38.56608],[-1.09225,38.56363],[-1.09548,38.56231],[-1.10269,38.55867],[-1.10403,38.55815],[-1.10562,38.55765],[-1.10783,38.55722],[-1.11471,38.55666],[-1.1176,38.55599],[-1.11925,38.55539],[-1.12196,38.554],[-1.12582,38.55103],[-1.12771,38.54981],[-1.1322,38.54764],[-1.13535,38.54594],[-1.13857,38.54396],[-1.14388,38.53995],[-1.14593,38.53813],[-1.14867,38.53534],[-1.15809,38.52452],[-1.16064,38.52106],[-1.16362,38.51642],[-1.16584,38.51345],[-1.16943,38.50936],[-1.17254,38.50626],[-1.17455,38.50449],[-1.17879,38.50109],[-1.18363,38.49782],[-1.19149,38.49342],[-1.21036,38.48341],[-1.21269,38.48184],[-1.21479,38.48004],[-1.21673,38.47797],[-1.21904,38.47463],[-1.22359,38.46505],[-1.22543,38.46251],[-1.22714,38.46091],[-1.22835,38.46001],[-1.23061,38.45874],[-1.23358,38.45763],[-1.23635,38.45706],[-1.2415,38.45654],[-1.24427,38.45591],[-1.24642,38.45516],[-1.24797,38.45441],[-1.24954,38.45343],[-1.25118,38.45215],[-1.25254,38.45074],[-1.25348,38.44955],[-1.25457,38.44753],[-1.25504,38.44625],[-1.2554,38.44457],[-1.25549,38.44323],[-1.25535,38.44144],[-1.25509,38.44024],[-1.25431,38.43824],[-1.25275,38.43582],[-1.25082,38.43387],[-1.23991,38.42588],[-1.23739,38.42355],[-1.23615,38.42178],[-1.23535,38.41999],[-1.2351,38.41904],[-1.23489,38.41718],[-1.23518,38.41478],[-1.23633,38.41202],[-1.24099,38.40376],[-1.24251,38.40071],[-1.25103,38.37912],[-1.25278,38.37614],[-1.25431,38.37419],[-1.25726,38.37096],[-1.25874,38.3686],[-1.25958,38.36615],[-1.26009,38.36233],[-1.26052,38.36049],[-1.26128,38.35848],[-1.26227,38.35665],[-1.26368,38.35471],[-1.26484,38.35344],[-1.27773,38.34217],[-1.28001,38.33951],[-1.28297,38.33531],[-1.28608,38.33195],[-1.29736,38.32246],[-1.30043,38.31915],[-1.30227,38.31624],[-1.30343,38.314],[-1.31516,38.29018],[-1.31656,38.28786],[-1.31853,38.28505],[-1.32072,38.28078],[-1.3216,38.2783],[-1.32346,38.27192],[-1.32411,38.26899],[-1.3242,38.26777],[-1.32407,38.26609],[-1.32321,38.26165],[-1.32347,38.25945],[-1.32434,38.2573],[-1.32699,38.25359],[-1.32802,38.25139],[-1.3284,38.25016],[-1.32864,38.24853],[-1.32866,38.24687],[-1.32845,38.24539],[-1.32786,38.24314],[-1.32695,38.24095],[-1.32565,38.23872],[-1.32419,38.23684],[-1.32235,38.23487],[-1.32068,38.23336],[-1.31423,38.22877],[-1.31262,38.22707],[-1.31125,38.22489],[-1.31049,38.22317],[-1.31013,38.22136],[-1.31005,38.21914],[-1.31024,38.21778],[-1.31076,38.21602],[-1.31214,38.21349],[-1.32367,38.19924],[-1.32457,38.19792],[-1.32554,38.19577],[-1.32582,38.19465],[-1.32594,38.19349],[-1.32586,38.1919],[-1.32449,38.18707],[-1.3239,38.18591],[-1.32322,38.18509],[-1.32211,38.18425],[-1.31935,38.18299],[-1.31789,38.1819],[-1.31572,38.17916],[-1.31095,38.17134],[-1.30889,38.16862],[-1.30611,38.16604],[-1.30177,38.16282],[-1.30002,38.16078],[-1.2978,38.15736],[-1.29663,38.15619],[-1.29497,38.15503],[-1.29264,38.15399],[-1.29026,38.15343],[-1.28723,38.15302],[-1.28534,38.15249],[-1.28413,38.15198],[-1.28208,38.1507],[-1.27678,38.14659],[-1.27549,38.1453],[-1.2745,38.14381],[-1.27327,38.14042],[-1.27239,38.13853],[-1.27052,38.13589],[-1.26853,38.13398],[-1.25651,38.12559],[-1.24642,38.1193],[-1.24198,38.11583],[-1.24117,38.11482],[-1.23951,38.11213],[-1.23905,38.11098],[-1.23836,38.10807],[-1.23777,38.10673],[-1.22816,38.09553],[-1.22661,38.09297],[-1.2224,38.08521],[-1.22053,38.08291],[-1.21928,38.08187],[-1.21707,38.08057],[-1.21135,38.0784],[-1.20906,38.07726],[-1.20639,38.07547],[-1.20141,38.07141],[-1.19976,38.07041],[-1.19592,38.06853],[-1.19499,38.06789],[-1.19366,38.06682],[-1.19249,38.0654],[-1.19181,38.06416],[-1.19107,38.06201],[-1.19038,38.06052],[-1.18931,38.05897],[-1.18782,38.05748],[-1.18654,38.05654],[-1.18496,38.05565],[-1.18026,38.05395],[-1.17833,38.053],[-1.17686,38.05201],[-1.17299,38.04868],[-1.17105,38.04752],[-1.16691,38.04558],[-1.16501,38.04435],[-1.16315,38.04253],[-1.16197,38.04084],[-1.16153,38.03989],[-1.16006,38.03504],[-1.15885,38.03327],[-1.15708,38.03149],[-1.15691,38.03],[-1.15707,38.02961],[-1.15764,38.02913],[-1.1616,38.02781],[-1.16277,38.02722],[-1.1637,38.02647],[-1.16436,38.02554],[-1.16468,38.02467],[-1.16587,38.01794],[-1.16729,38.01453],[-1.16779,38.01266],[-1.16805,38.01008],[-1.16752,38.0076],[-1.16665,38.00593],[-1.16569,38.00471],[-1.16335,38.0029],[-1.1611,38.00187],[-1.15531,38.00021],[-1.15375,37.99943],[-1.15211,37.9983],[-1.14964,37.99592],[-1.14783,37.99372],[-1.147,37.99246],[-1.14688,37.99187],[-1.14713,37.99074],[-1.14686,37.99032],[-1.14644,37.99023],[-1.14596,37.99036],[-1.14153,37.99272],[-1.1409,37.99134],[-1.14026,37.99037],[-1.13863,37.98877],[-1.13779,37.98554],[-1.13911,37.98517],[-1.13931,37.98595],[-1.13959,37.98595],[-1.13915,37.98433],[-1.13924,37.98386],[-1.13991,37.98292],[-1.14152,37.98488],[-1.14502,37.99013],[-1.14813,37.9943],[-1.14975,37.99627],[-1.15131,37.99778],[-1.15313,37.99921],[-1.15494,38.00019],[-1.15621,38.00067],[-1.16076,38.00187],[-1.16323,38.00296],[-1.16516,38.00438],[-1.16636,38.00573],[-1.167,38.00675],[-1.16753,38.00804],[-1.1678,38.00932],[-1.16786,38.01087],[-1.1677,38.01248],[-1.16739,38.01378],[-1.16573,38.01791],[-1.16446,38.02494],[-1.16386,38.02609],[-1.16302,38.02691],[-1.16185,38.02755],[-1.15775,38.02887],[-1.1557,38.02983],[-1.15169,38.03248],[-1.14339,38.03859],[-1.13942,38.04101],[-1.13633,38.04246],[-1.12787,38.04572],[-1.12376,38.0478],[-1.12075,38.04956],[-1.11894,38.05135],[-1.11816,38.05256],[-1.1168,38.05546],[-1.1157,38.05689],[-1.11419,38.05818],[-1.11169,38.05969],[-1.11043,38.06067],[-1.1074,38.06412],[-1.105,38.06558],[-1.10135,38.06673],[-1.09907,38.068],[-1.09766,38.06936],[-1.0958,38.07258],[-1.09454,38.07393],[-1.09332,38.07479],[-1.08961,38.07678],[-1.08485,38.08002],[-1.0811,38.08315],[-1.07632,38.08791],[-1.0736,38.08993],[-1.07118,38.09126],[-1.06866,38.0923],[-1.06498,38.09331],[-1.06249,38.09368],[-1.05766,38.09405],[-1.05502,38.09452],[-1.0506,38.09579],[-1.04526,38.09756],[-1.03899,38.09996],[-1.03412,38.1023],[-1.03028,38.10486],[-1.02581,38.10877],[-1.02326,38.11019],[-1.01852,38.11155],[-1.01209,38.11294],[-1.00892,38.1138],[-1.00564,38.11487],[-0.99895,38.11742],[-0.99622,38.11805],[-0.99388,38.11832],[-0.98607,38.11822],[-0.97971,38.11855],[-0.97664,38.11899],[-0.97359,38.11986],[-0.97164,38.1207],[-0.96663,38.12328],[-0.95869,38.12683],[-0.95179,38.13078],[-0.94546,38.13414],[-0.94198,38.13664],[-0.93742,38.14093],[-0.93504,38.14282],[-0.92892,38.14659],[-0.92444,38.15004],[-0.92302,38.15087],[-0.92121,38.15156],[-0.919,38.15199],[-0.91631,38.15199],[-0.91231,38.1513],[-0.91005,38.15124],[-0.90782,38.15152],[-0.90472,38.15232],[-0.90199,38.15353],[-0.89705,38.15646],[-0.89321,38.15841],[-0.88849,38.16037],[-0.8817,38.16257],[-0.8779,38.16399],[-0.87317,38.16618],[-0.86924,38.16838],[-0.86651,38.17017],[-0.86276,38.17303],[-0.85653,38.17891],[-0.85138,38.18302],[-0.84941,38.18498],[-0.84672,38.18813],[-0.84425,38.19053],[-0.84156,38.1926],[-0.83672,38.1955],[-0.83525,38.19668],[-0.83405,38.19814],[-0.8319,38.20152],[-0.83022,38.20574],[-0.82899,38.20788],[-0.8269,38.21043],[-0.82409,38.21291],[-0.81893,38.21655],[-0.81361,38.21945],[-0.80902,38.22142],[-0.80181,38.22374],[-0.79728,38.22603],[-0.79407,38.22733],[-0.79275,38.22809],[-0.79112,38.22964],[-0.78879,38.23326],[-0.78723,38.23507],[-0.7855,38.23666],[-0.78308,38.23853],[-0.78036,38.24158],[-0.77887,38.24252],[-0.77592,38.24369],[-0.77409,38.24483],[-0.77173,38.24661],[-0.76727,38.25058],[-0.76416,38.25267],[-0.76145,38.25541],[-0.75773,38.25767],[-0.7566,38.25888],[-0.75605,38.25977],[-0.75502,38.2632],[-0.75399,38.26496],[-0.75299,38.2661],[-0.75008,38.2682],[-0.7486,38.26963],[-0.74784,38.27064],[-0.74636,38.27328],[-0.74455,38.27567],[-0.74333,38.27806],[-0.74268,38.27898],[-0.74142,38.2802],[-0.74001,38.28111],[-0.7378,38.28192],[-0.73382,38.28261],[-0.72909,38.28423],[-0.72417,38.28483],[-0.72128,38.28542],[-0.7195,38.28609],[-0.71665,38.28796],[-0.7156,38.28845],[-0.71408,38.28879],[-0.71107,38.28885],[-0.7093,38.28917],[-0.70777,38.2898],[-0.70556,38.2911],[-0.70428,38.29152],[-0.70038,38.29202],[-0.69574,38.29325],[-0.69125,38.29329],[-0.68949,38.29351],[-0.68145,38.29601],[-0.67221,38.29825],[-0.66629,38.29933],[-0.66148,38.30001],[-0.65886,38.30008],[-0.65547,38.29964],[-0.65325,38.29964],[-0.6515,38.29988],[-0.64798,38.30071],[-0.64448,38.30049],[-0.64319,38.30055],[-0.64211,38.30079],[-0.6396,38.30172],[-0.63845,38.30192],[-0.63698,38.30194],[-0.63461,38.30171],[-0.63289,38.30184],[-0.6274,38.30339],[-0.62218,38.30402],[-0.61949,38.30457],[-0.61682,38.30545],[-0.6121,38.30752],[-0.60981,38.30821],[-0.60721,38.30871],[-0.60491,38.30894],[-0.60255,38.30897],[-0.59932,38.30869],[-0.5966,38.30815],[-0.59123,38.30663],[-0.58679,38.30596],[-0.58269,38.30595],[-0.58032,38.30622],[-0.57835,38.30666],[-0.57442,38.30799],[-0.5705,38.30907],[-0.56886,38.30987],[-0.56717,38.31116],[-0.56462,38.31442],[-0.56069,38.31834],[-0.55924,38.3204],[-0.55776,38.32359],[-0.55647,38.32885],[-0.55568,38.33046],[-0.55493,38.33154],[-0.55336,38.3332],[-0.55244,38.33395],[-0.54729,38.33706],[-0.54432,38.33956],[-0.5437,38.33965],[-0.54167,38.33931],[-0.53202,38.3368],[-0.52996,38.33615],[-0.52486,38.33405],[-0.52367,38.33369],[-0.52269,38.33356],[-0.51803,38.33352],[-0.51581,38.33366],[-0.50757,38.33556],[-0.5075,38.33582],[-0.50782,38.3368],[-0.50814,38.33987],[-0.50799,38.34129],[-0.50771,38.34164],[-0.50389,38.34277],[-0.49483,38.3432],[-0.49436,38.34311],[-0.49424,38.34325],[-0.49463,38.34482],[-0.49445,38.34555],[-0.4964,38.34584],[-0.49612,38.34629],[-0.49439,38.34604],[-0.4947,38.34475],[-0.49465,38.34336],[-0.49484,38.34329],[-0.5048,38.34283],[-0.50568,38.34229],[-0.50748,38.34174],[-0.50802,38.34199],[-0.50826,38.33988],[-0.50798,38.33656],[-0.50823,38.33604],[-0.51109,38.33491],[-0.51465,38.33403],[-0.51649,38.33371],[-0.51805,38.33365],[-0.52274,38.3337],[-0.52402,38.33391],[-0.53093,38.33661],[-0.54346,38.33989],[-0.54525,38.3407],[-0.54519,38.34108],[-0.54471,38.34118],[-0.54408,38.34095],[-0.54409,38.34036],[-0.54609,38.33816],[-0.54845,38.33642],[-0.55185,38.33448],[-0.554,38.33274],[-0.55526,38.3313],[-0.5563,38.32955],[-0.55692,38.32786],[-0.55763,38.3245],[-0.55831,38.3225],[-0.55956,38.32011],[-0.56129,38.31782],[-0.56472,38.31448],[-0.56676,38.31174],[-0.56809,38.31052],[-0.56978,38.30949],[-0.57139,38.30888],[-0.57263,38.30873],[-0.5747,38.30887],[-0.57553,38.30868],[-0.5764,38.30797],[-0.57662,38.30709],[-0.5762,38.30542],[-0.57546,38.30394],[-0.57225,38.30026],[-0.56966,38.29584],[-0.56776,38.29377],[-0.56577,38.2924],[-0.56373,38.29141],[-0.56143,38.29066],[-0.55884,38.29007],[-0.55854,38.28961],[-0.55884,38.28816],[-0.55883,38.28782],[-0.55864,38.28765],[-0.55591,38.28725],[-0.55478,38.28687],[-0.55366,38.28672],[-0.55348,38.28684],[-0.5533,38.28763]]}},{"type":"Feature","properties":{"name":"GraphHopper Track","mode":"ride","distance_km":"177.6"},"geometry":{"type":"LineString","coordinates":[[44.96419,41.67007],[44.96345,41.66949],[44.96643,41.66743],[44.96704,41.66735],[44.96759,41.66758],[44.96639,41.67034],[44.96481,41.67206],[44.96305,41.67341],[44.96267,41.67351],[44.96219,41.67426],[44.9618,41.6743],[44.95905,41.67856],[44.95371,41.68473],[44.95338,41.68548],[44.95298,41.68979],[44.95344,41.69259],[44.95334,41.69294],[44.953,41.6932],[44.94779,41.69246],[44.94669,41.69215],[44.92589,41.68843],[44.92112,41.68829],[44.91223,41.68911],[44.90798,41.68909],[44.90042,41.688],[44.89488,41.6874],[44.89326,41.6869],[44.88946,41.68518],[44.88654,41.68443],[44.88236,41.68419],[44.87212,41.68413],[44.8698,41.68438],[44.8514,41.6878],[44.84651,41.68821],[44.84487,41.68872],[44.84132,41.69026],[44.83248,41.69193],[44.83226,41.69176],[44.83396,41.69141],[44.83398,41.69103],[44.82946,41.69175],[44.8252,41.6929],[44.82484,41.69285],[44.82474,41.69228],[44.82042,41.69198],[44.82004,41.692],[44.81947,41.69304],[44.81738,41.69275],[44.81647,41.69227],[44.81503,41.69194],[44.81253,41.69248],[44.81206,41.69273],[44.8114,41.69342],[44.81052,41.6952],[44.80994,41.69588],[44.80964,41.69688],[44.80914,41.69698],[44.80725,41.69689],[44.80722,41.69714],[44.8077,41.69746],[44.8076,41.69779],[44.80069,41.70148],[44.79923,41.70276],[44.79687,41.70342],[44.79458,41.70451],[44.79392,41.70512],[44.79185,41.70783],[44.78969,41.70975],[44.7887,41.71175],[44.78843,41.71357],[44.78784,41.71505],[44.78273,41.72246],[44.78116,41.72557],[44.7794,41.72737],[44.77577,41.7299],[44.77421,41.73176],[44.77199,41.73598],[44.7709,41.7392],[44.76989,41.74101],[44.76945,41.74245],[44.76936,41.74436],[44.77033,41.74751],[44.77046,41.74927],[44.76888,41.75653],[44.76852,41.76027],[44.76879,41.76198],[44.76872,41.76305],[44.76891,41.76532],[44.76923,41.76668],[44.769,41.77827],[44.76982,41.78355],[44.77106,41.80054],[44.77212,41.81126],[44.77211,41.8143],[44.77145,41.81782],[44.77181,41.8212],[44.77159,41.822],[44.77047,41.82322],[44.76968,41.82371],[44.76823,41.82398],[44.7663,41.8238],[44.76465,41.82346],[44.76317,41.82281],[44.76058,41.82126],[44.75861,41.81973],[44.75781,41.81932],[44.75406,41.81865],[44.74935,41.81812],[44.74766,41.81816],[44.7451,41.8187],[44.7412,41.82016],[44.73733,41.82194],[44.73652,41.82258],[44.73606,41.82349],[44.73586,41.82761],[44.73551,41.82873],[44.73073,41.83409],[44.73002,41.83535],[44.72973,41.83655],[44.73004,41.83934],[44.73071,41.84291],[44.73165,41.8464],[44.73191,41.84858],[44.73119,41.86478],[44.73085,41.86716],[44.73022,41.86873],[44.72872,41.87101],[44.71938,41.88217],[44.71698,41.88596],[44.71666,41.88703],[44.71672,41.888],[44.71736,41.89073],[44.72746,41.91838],[44.74039,41.94664],[44.74175,41.94989],[44.74602,41.96352],[44.75156,41.99258],[44.75211,41.99825],[44.75275,42.00797],[44.75004,42.01438],[44.74875,42.01618],[44.74843,42.01726],[44.74758,42.02238],[44.74719,42.02359],[44.74709,42.0264],[44.74585,42.03432],[44.74594,42.03692],[44.7449,42.05084],[44.74428,42.05683],[44.74449,42.05927],[44.74491,42.06065],[44.7512,42.07544],[44.75135,42.0761],[44.75128,42.07763],[44.75459,42.08366],[44.76372,42.09819],[44.76448,42.09907],[44.77042,42.10424],[44.77127,42.10514],[44.77546,42.11291],[44.77591,42.11404],[44.7761,42.11544],[44.77536,42.11767],[44.77528,42.11849],[44.77544,42.11944],[44.77618,42.12123],[44.77628,42.12212],[44.77577,42.12541],[44.77426,42.12738],[44.7739,42.12887],[44.7737,42.1291],[44.77208,42.12978],[44.77156,42.13016],[44.77125,42.13056],[44.77076,42.13173],[44.76963,42.13334],[44.76989,42.13587],[44.7698,42.13651],[44.76955,42.13736],[44.76887,42.13831],[44.7682,42.14016],[44.76829,42.14083],[44.76909,42.1418],[44.76896,42.14234],[44.76789,42.14332],[44.76328,42.14617],[44.76279,42.14688],[44.76256,42.14831],[44.76196,42.14895],[44.7563,42.152],[44.7538,42.15251],[44.75198,42.1518],[44.74865,42.15246],[44.74709,42.15188],[44.74464,42.15062],[44.741,42.14724],[44.74011,42.14709],[44.7393,42.14736],[44.73895,42.14771],[44.73857,42.15052],[44.73842,42.15088],[44.73809,42.15115],[44.73728,42.15129],[44.73544,42.15104],[44.73404,42.15111],[44.73341,42.15157],[44.73295,42.15264],[44.73259,42.15303],[44.72977,42.15383],[44.72826,42.15393],[44.72465,42.15344],[44.72266,42.15381],[44.71921,42.15521],[44.71726,42.15791],[44.71649,42.15839],[44.71498,42.15841],[44.71272,42.15759],[44.71146,42.15739],[44.70574,42.15824],[44.70484,42.15856],[44.70311,42.15992],[44.70255,42.16062],[44.7017,42.16381],[44.6991,42.16577],[44.69717,42.16782],[44.6953,42.16935],[44.69437,42.17163],[44.69392,42.17217],[44.69167,42.17339],[44.68992,42.17546],[44.68576,42.17842],[44.68482,42.17936],[44.68154,42.18151],[44.68019,42.18331],[44.67898,42.18458],[44.67837,42.18672],[44.67548,42.19412],[44.67551,42.19678],[44.6758,42.19878],[44.6746,42.20148],[44.67386,42.20392],[44.67473,42.20746],[44.67389,42.21031],[44.673,42.2143],[44.67314,42.21749],[44.67282,42.21964],[44.67369,42.22248],[44.67309,42.22356],[44.67282,42.22467],[44.67286,42.22556],[44.67344,42.22759],[44.67307,42.22864],[44.67245,42.22974],[44.67221,42.2324],[44.67221,42.23375],[44.67259,42.23537],[44.67287,42.23772],[44.67234,42.24293],[44.6728,42.24369],[44.67604,42.24738],[44.67564,42.25034],[44.67677,42.25158],[44.67708,42.25283],[44.6768,42.25476],[44.67707,42.25593],[44.67682,42.25728],[44.67679,42.25923],[44.67693,42.26041],[44.67768,42.26183],[44.67771,42.26237],[44.67587,42.26569],[44.67574,42.26778],[44.67695,42.26919],[44.67767,42.27058],[44.67891,42.27212],[44.68071,42.27417],[44.68258,42.27571],[44.68264,42.27621],[44.68235,42.27764],[44.68336,42.28035],[44.68395,42.28115],[44.68575,42.28233],[44.68605,42.28267],[44.68641,42.28506],[44.68777,42.28661],[44.68731,42.28812],[44.6873,42.29121],[44.68899,42.29489],[44.68906,42.29541],[44.68862,42.29697],[44.68984,42.29963],[44.68965,42.30146],[44.68936,42.30264],[44.68812,42.30413],[44.68798,42.30452],[44.68774,42.30897],[44.68789,42.30969],[44.69019,42.31446],[44.69022,42.31527],[44.68801,42.31775],[44.68687,42.31941],[44.68624,42.32087],[44.68593,42.32115],[44.68279,42.32254],[44.68213,42.32407],[44.68112,42.32514],[44.68107,42.32843],[44.68288,42.33137],[44.68471,42.33288],[44.68578,42.33398],[44.68724,42.33477],[44.68742,42.33522],[44.6874,42.33659],[44.68771,42.33739],[44.68833,42.33786],[44.69014,42.33872],[44.69194,42.34067],[44.69353,42.34158],[44.69459,42.34282],[44.69492,42.34349],[44.69373,42.34639],[44.69145,42.3494],[44.69051,42.35058],[44.68786,42.35332],[44.68662,42.35421],[44.68542,42.35581],[44.68451,42.35984],[44.68419,42.36248],[44.68212,42.36367],[44.68125,42.36467],[44.6812,42.36552],[44.6816,42.36613],[44.68254,42.36706],[44.68254,42.36924],[44.68234,42.3696],[44.6815,42.37026],[44.67815,42.37661],[44.67707,42.37727],[44.67621,42.37827],[44.67535,42.37895],[44.67493,42.37976],[44.67389,42.38049],[44.67331,42.38243],[44.6727,42.3833],[44.66926,42.3853],[44.66815,42.38704],[44.66613,42.38833],[44.66309,42.39113],[44.66186,42.39173],[44.65979,42.39206],[44.65856,42.39311],[44.65718,42.39367],[44.65448,42.3953],[44.65257,42.39732],[44.64909,42.39883],[44.64433,42.40242],[44.64127,42.40546],[44.63854,42.4064],[44.63598,42.40622],[44.63446,42.40648],[44.62558,42.41151],[44.62414,42.41209],[44.62075,42.41272],[44.61771,42.41227],[44.61715,42.41232],[44.61538,42.41351],[44.6137,42.41521],[44.61194,42.41583],[44.60952,42.41594],[44.60499,42.41567],[44.60204,42.41595],[44.59922,42.41589],[44.59511,42.41646],[44.59209,42.41705],[44.59028,42.41764],[44.58743,42.41909],[44.58534,42.42041],[44.58334,42.42108],[44.58131,42.42093],[44.57901,42.42033],[44.57681,42.42053],[44.57487,42.42141],[44.57359,42.42238],[44.57117,42.42365],[44.56762,42.42502],[44.56207,42.4269],[44.55135,42.42723],[44.55009,42.42694],[44.54615,42.42425],[44.54561,42.42415],[44.54428,42.42443],[44.54108,42.4239],[44.53832,42.42433],[44.53663,42.42432],[44.53442,42.42519],[44.53264,42.42568],[44.53125,42.4259],[44.53032,42.42564],[44.52695,42.42637],[44.52221,42.4261],[44.52006,42.42574],[44.51968,42.42591],[44.51905,42.42664],[44.51833,42.42692],[44.51631,42.4273],[44.51437,42.42721],[44.51302,42.42815],[44.5103,42.42891],[44.50917,42.42988],[44.50804,42.43148],[44.50757,42.43176],[44.50443,42.43242],[44.50126,42.43228],[44.4988,42.4332],[44.49764,42.43397],[44.49608,42.43429],[44.49582,42.43485],[44.4953,42.43522],[44.49524,42.43598],[44.49501,42.43614],[44.49455,42.43612],[44.49391,42.43561],[44.49237,42.4357],[44.49158,42.43596],[44.4887,42.43823],[44.48694,42.4392],[44.48554,42.43972],[44.48327,42.44233],[44.48316,42.44268],[44.48344,42.44278],[44.48361,42.44223],[44.48636,42.43999],[44.48735,42.43975],[44.493,42.43734],[44.49316,42.43739],[44.49313,42.43755],[44.49103,42.43843],[44.48655,42.44088],[44.48526,42.44248],[44.48558,42.44249],[44.48676,42.44116],[44.48911,42.4404],[44.49193,42.43898],[44.49278,42.43883],[44.49295,42.43838],[44.49345,42.43815],[44.4939,42.43822],[44.49547,42.4393],[44.49655,42.43956],[44.49726,42.44016],[44.4973,42.44038],[44.49711,42.44041],[44.49621,42.43964],[44.49405,42.43913],[44.49319,42.43949],[44.49157,42.43976],[44.48918,42.44159],[44.48814,42.44219],[44.487,42.44382],[44.48667,42.44533],[44.48694,42.44613],[44.48798,42.44723],[44.48829,42.4478],[44.48849,42.44948],[44.48972,42.4505],[44.49112,42.45113],[44.49298,42.4532],[44.49293,42.45363],[44.49084,42.45617],[44.48976,42.45611],[44.4887,42.45717],[44.48854,42.4575],[44.48882,42.45857],[44.48856,42.45886],[44.48549,42.45896],[44.48474,42.4594],[44.48313,42.45964],[44.48257,42.45987],[44.48229,42.46123],[44.48166,42.46201],[44.4814,42.46282],[44.47958,42.46446],[44.47921,42.46509],[44.4783,42.46556],[44.47856,42.46572],[44.47975,42.46533],[44.47977,42.46576],[44.47926,42.46653],[44.48036,42.46696],[44.48098,42.46634],[44.48219,42.4663],[44.48437,42.46555],[44.4828,42.46603],[44.48264,42.46615],[44.48267,42.46641],[44.4816,42.4667],[44.48036,42.46762],[44.4801,42.46813],[44.48062,42.46888],[44.48073,42.47003],[44.47974,42.47084],[44.47835,42.47116],[44.47985,42.47178],[44.48232,42.471],[44.48325,42.47095],[44.48337,42.47063],[44.48311,42.46995],[44.48332,42.46975],[44.48389,42.47079],[44.4838,42.47152],[44.48353,42.47177],[44.48274,42.4719],[44.48218,42.47228],[44.48118,42.47418],[44.47994,42.47515],[44.4788,42.47549],[44.47807,42.47629],[44.47624,42.47659],[44.47521,42.47726],[44.47429,42.47757],[44.47401,42.47849],[44.47441,42.4802],[44.47431,42.48075],[44.47403,42.4808],[44.47325,42.48044],[44.47205,42.48053],[44.4725,42.48116],[44.47223,42.48189],[44.4723,42.48257],[44.4715,42.4836],[44.47142,42.48397],[44.47209,42.485],[44.47181,42.48657],[44.47105,42.48777],[44.47093,42.48919],[44.4683,42.49139],[44.46634,42.49178],[44.4649,42.49381],[44.46438,42.49426],[44.46205,42.49491],[44.46165,42.49488],[44.45956,42.49387],[44.45844,42.49387],[44.45735,42.49347],[44.45684,42.49356],[44.45531,42.49427],[44.45455,42.49418],[44.45419,42.49406],[44.45397,42.49367],[44.45374,42.49273],[44.45349,42.49246],[44.45349,42.49209],[44.45349,42.49246],[44.45374,42.49273],[44.45419,42.49406],[44.45338,42.49392],[44.452,42.49416],[44.45142,42.49443],[44.44988,42.49532],[44.44943,42.4962],[44.44949,42.4973],[44.44925,42.4976],[44.44717,42.49856],[44.44687,42.49853],[44.4464,42.49805],[44.44618,42.49817],[44.44652,42.49933],[44.44675,42.49953],[44.44707,42.49954],[44.44788,42.49895],[44.44843,42.49887],[44.44872,42.49904],[44.44909,42.49975],[44.4494,42.49994],[44.45115,42.49962],[44.45179,42.49977],[44.45303,42.50039],[44.45349,42.50119],[44.45417,42.50175],[44.45452,42.50266],[44.45441,42.50323],[44.45375,42.50384],[44.45373,42.50446],[44.45579,42.50559],[44.45785,42.50722],[44.45927,42.50812],[44.46061,42.50952],[44.4617,42.51001],[44.46242,42.51156],[44.46249,42.51303],[44.46227,42.5144],[44.4624,42.51475],[44.466,42.51757],[44.46746,42.51955],[44.46738,42.52147],[44.466,42.52288],[44.46827,42.52365],[44.46947,42.52356],[44.46978,42.52431],[44.46971,42.52446],[44.46781,42.52417],[44.4676,42.52437],[44.46843,42.52497],[44.46967,42.52643],[44.46992,42.52886],[44.47016,42.52955],[44.47234,42.53178],[44.47237,42.53243],[44.47269,42.53281],[44.47394,42.53359],[44.47506,42.5347],[44.47581,42.53465],[44.47676,42.53516],[44.47683,42.53617],[44.47754,42.53742],[44.47876,42.53796],[44.48041,42.53831],[44.4834,42.53852],[44.48602,42.53948],[44.48745,42.54026],[44.48953,42.54202],[44.49181,42.54344],[44.49192,42.54362],[44.49181,42.54374],[44.49109,42.54345],[44.49085,42.54355],[44.49187,42.54473],[44.49185,42.54539],[44.49139,42.54623],[44.49151,42.54664],[44.49314,42.54893],[44.49498,42.55077],[44.50031,42.557],[44.50089,42.55735],[44.50182,42.55762],[44.50591,42.55743],[44.50688,42.55754],[44.50859,42.55802],[44.51067,42.55929],[44.51364,42.56218],[44.51604,42.56299],[44.5197,42.56529],[44.52,42.56587],[44.51996,42.56743],[44.52014,42.56798],[44.52123,42.56974],[44.52262,42.57156],[44.52397,42.57295],[44.52484,42.57438],[44.52464,42.57667],[44.5256,42.58064],[44.52607,42.58136],[44.53028,42.58382],[44.53451,42.58487],[44.53534,42.58526],[44.53597,42.58599],[44.5372,42.58817],[44.53778,42.58889],[44.54004,42.59103],[44.54136,42.59171],[44.54238,42.59195],[44.54508,42.59218],[44.55461,42.59343],[44.56499,42.59559],[44.56855,42.59615],[44.57097,42.59683],[44.57186,42.59724],[44.57854,42.60415],[44.5821,42.60873],[44.58336,42.60993],[44.58978,42.61387],[44.59077,42.61408],[44.5936,42.61388],[44.59451,42.61408],[44.60088,42.6191],[44.60324,42.62064],[44.60538,42.62164],[44.62808,42.63552],[44.63337,42.63793],[44.63428,42.63855],[44.63475,42.63913],[44.63506,42.64002],[44.63509,42.64095],[44.6354,42.64142],[44.63616,42.64201],[44.63746,42.64263],[44.64033,42.64446],[44.64077,42.64489],[44.64138,42.64736],[44.64139,42.64958],[44.64117,42.65025],[44.6416,42.65046],[44.64154,42.65177],[44.64702,42.65167],[44.64679,42.65436],[44.65049,42.65419],[44.6505,42.65469],[44.65005,42.65622],[44.65064,42.65742],[44.65066,42.65821],[44.65095,42.659],[44.65066,42.65821],[44.65056,42.65728],[44.64973,42.65777],[44.64882,42.65762],[44.64698,42.65778],[44.6464,42.65763],[44.64558,42.65772],[44.64556,42.65839],[44.64192,42.65928],[44.64128,42.65856],[44.64092,42.65842],[44.64052,42.66067],[44.64161,42.66176],[44.64211,42.66423],[44.62969,42.66725],[44.62931,42.66751],[44.62867,42.6687],[44.62792,42.6692],[44.62596,42.66977],[44.62537,42.66965],[44.62554,42.6693],[44.6263,42.66866],[44.62651,42.66776],[44.62647,42.66721],[44.62577,42.66644],[44.62583,42.66531],[44.62725,42.66391],[44.62705,42.66348],[44.6257,42.663],[44.62571,42.66242],[44.62528,42.66307],[44.62559,42.66375],[44.62509,42.66344],[44.62485,42.66277],[44.62475,42.66354],[44.62517,42.66401],[44.62478,42.66387],[44.62437,42.66313],[44.62421,42.66397],[44.62369,42.6629],[44.62317,42.66424],[44.62274,42.66482],[44.61971,42.66677],[44.61804,42.66714],[44.61436,42.66726],[44.61128,42.66788],[44.61103,42.66782],[44.61105,42.66756],[44.61178,42.6666],[44.6146,42.66549],[44.61816,42.66439],[44.62027,42.66302],[44.61986,42.66264],[44.62029,42.66222]]}},{"type":"Feature","properties":{"name":"GraphHopper Track","mode":"ride","distance_km":"98.9"},"geometry":{"type":"LineString","coordinates":[[8.56451,47.4509],[8.56429,47.45012],[8.56467,47.44944],[8.56521,47.44917],[8.56785,47.44844],[8.5678,47.44804],[8.56914,47.44721],[8.57018,47.44606],[8.57039,47.4454],[8.57042,47.44428],[8.56956,47.44243],[8.56927,47.44213],[8.56687,47.44098],[8.56474,47.44048],[8.5623,47.43899],[8.5614,47.43876],[8.55948,47.43877],[8.55759,47.43777],[8.55559,47.43707],[8.55013,47.43105],[8.54966,47.43104],[8.54169,47.43294],[8.53748,47.4336],[8.53173,47.43394],[8.52553,47.43359],[8.52176,47.43302],[8.51857,47.43229],[8.5073,47.42872],[8.504,47.42789],[8.49837,47.42691],[8.4915,47.42628],[8.48889,47.42588],[8.47956,47.42345],[8.46251,47.42184],[8.45046,47.42035],[8.44832,47.41987],[8.44691,47.41931],[8.4453,47.41838],[8.44224,47.41614],[8.43957,47.41492],[8.43185,47.41293],[8.4283,47.41169],[8.42765,47.41131],[8.42615,47.40999],[8.42429,47.40821],[8.42281,47.4065],[8.42193,47.405],[8.42145,47.40363],[8.42069,47.39911],[8.42018,47.39752],[8.41919,47.39604],[8.41646,47.39326],[8.41494,47.39144],[8.4141,47.3897],[8.41387,47.388],[8.41429,47.38597],[8.41575,47.38309],[8.41695,47.37957],[8.41877,47.3761],[8.42035,47.37161],[8.42146,47.36964],[8.42351,47.36708],[8.42403,47.36578],[8.42415,47.36486],[8.42405,47.36382],[8.42185,47.35777],[8.4216,47.35667],[8.42167,47.35456],[8.42242,47.35258],[8.42398,47.35055],[8.42688,47.34809],[8.43078,47.34394],[8.43228,47.34285],[8.43442,47.34174],[8.43617,47.34112],[8.43831,47.3406],[8.44214,47.34027],[8.44531,47.34054],[8.44934,47.34146],[8.45096,47.34168],[8.45482,47.34184],[8.45594,47.34174],[8.45745,47.3411],[8.459,47.33936],[8.45965,47.33807],[8.45982,47.33681],[8.45976,47.336],[8.45944,47.33493],[8.4586,47.33349],[8.45753,47.33223],[8.43064,47.30317],[8.42986,47.30192],[8.42949,47.30103],[8.429,47.29786],[8.42843,47.29622],[8.42507,47.29093],[8.424,47.28886],[8.42372,47.28761],[8.42382,47.28594],[8.42416,47.2849],[8.4247,47.28392],[8.42745,47.28002],[8.42844,47.27885],[8.42973,47.27773],[8.43088,47.27698],[8.43453,47.27518],[8.43576,47.2744],[8.43709,47.27321],[8.43796,47.27202],[8.43858,47.27063],[8.44152,47.26111],[8.44231,47.2593],[8.44382,47.25711],[8.45046,47.24939],[8.45255,47.24643],[8.45429,47.24303],[8.45866,47.23178],[8.45981,47.23017],[8.4628,47.22742],[8.46388,47.2261],[8.46989,47.21529],[8.4707,47.2133],[8.47098,47.21193],[8.47097,47.21074],[8.47056,47.20907],[8.46991,47.20782],[8.46917,47.20681],[8.46697,47.20478],[8.43968,47.18505],[8.43652,47.18238],[8.43451,47.18001],[8.43335,47.17806],[8.43265,47.17641],[8.43224,47.17498],[8.43197,47.17328],[8.43205,47.16973],[8.433,47.15982],[8.43277,47.15669],[8.43215,47.15479],[8.43113,47.15297],[8.42955,47.15107],[8.42807,47.14977],[8.42616,47.14848],[8.42365,47.14722],[8.42086,47.14621],[8.41503,47.14445],[8.41238,47.14335],[8.41039,47.14216],[8.40647,47.13915],[8.40115,47.13613],[8.39953,47.13472],[8.39836,47.1332],[8.39428,47.12548],[8.39321,47.12377],[8.39149,47.12208],[8.38948,47.12082],[8.38698,47.11981],[8.38356,47.11915],[8.36896,47.1191],[8.36574,47.11892],[8.36223,47.11816],[8.36036,47.11744],[8.35876,47.11661],[8.35668,47.11512],[8.35407,47.11284],[8.35249,47.11119],[8.34792,47.1056],[8.34634,47.10416],[8.34333,47.10199],[8.34219,47.10098],[8.33805,47.09587],[8.33648,47.09445],[8.33486,47.09343],[8.32878,47.09041],[8.32666,47.0891],[8.32475,47.08763],[8.31952,47.08288],[8.31617,47.0805],[8.3121,47.07827],[8.30382,47.0747],[8.29898,47.07164],[8.29519,47.06953],[8.28932,47.0669],[8.28784,47.06609],[8.28672,47.06522],[8.28632,47.06448],[8.28626,47.06385],[8.28664,47.06263],[8.28793,47.06033],[8.28881,47.05933],[8.29064,47.0579],[8.29583,47.05508],[8.29649,47.05438],[8.29673,47.05371],[8.29652,47.05239],[8.29313,47.04261],[8.2929,47.04159],[8.29317,47.04024],[8.29496,47.03759],[8.29545,47.03596],[8.29539,47.03501],[8.29382,47.02624],[8.29391,47.024],[8.29455,47.02178],[8.29515,47.02057],[8.2961,47.01915],[8.29748,47.01761],[8.29851,47.01684],[8.30104,47.01552],[8.30213,47.01436],[8.30461,47.00869],[8.30501,47.00626],[8.3055,47.00525],[8.30626,47.00458],[8.30859,47.0031],[8.31008,47.00193],[8.31078,47.00116],[8.31121,47.0003],[8.31133,46.99944],[8.31122,46.99874],[8.31046,46.99679],[8.30979,46.99572],[8.30811,46.9938],[8.30772,46.99292],[8.30775,46.99181],[8.30857,46.98934],[8.30759,46.98285],[8.30766,46.98179],[8.30818,46.98091],[8.31241,46.97798],[8.31415,46.97733],[8.31577,46.97704],[8.32249,46.97718],[8.32421,46.97755],[8.32683,46.97857],[8.32853,46.97888],[8.33059,46.97883],[8.33211,46.97849],[8.33428,46.97751],[8.34133,46.97203],[8.34394,46.97031],[8.34775,46.96851],[8.35174,46.96732],[8.35468,46.9668],[8.35715,46.96655],[8.36889,46.96611],[8.37883,46.96527],[8.38073,46.96454],[8.38307,46.96463],[8.3846,46.96489],[8.38485,46.96456],[8.38635,46.95977],[8.38662,46.95881],[8.38653,46.95853],[8.38676,46.95822],[8.38727,46.95607],[8.38778,46.94916],[8.38807,46.9474],[8.38867,46.94571],[8.39015,46.94296],[8.39059,46.94004],[8.39124,46.93919],[8.39107,46.93797],[8.39196,46.93562],[8.39254,46.93287],[8.39256,46.93258],[8.39241,46.93246],[8.39265,46.93159],[8.3934,46.93048],[8.39724,46.92701],[8.39779,46.92608],[8.39787,46.92538],[8.39576,46.91183],[8.39565,46.90943],[8.39587,46.9081],[8.39094,46.89731],[8.38287,46.88744],[8.37849,46.88239],[8.37636,46.87929],[8.37188,46.86908],[8.37156,46.86751],[8.37165,46.86299],[8.37121,46.8597],[8.37195,46.85674],[8.37183,46.85553],[8.372,46.85428],[8.37299,46.85247],[8.37318,46.85145],[8.37355,46.85071],[8.3737,46.84949],[8.37351,46.84904],[8.37293,46.84845],[8.37251,46.84741],[8.3728,46.84737],[8.37335,46.84827],[8.3736,46.84835],[8.37337,46.84741],[8.37345,46.8472],[8.3739,46.84696],[8.37525,46.84679],[8.37584,46.84611],[8.37597,46.84577],[8.3759,46.84508],[8.37621,46.84436],[8.37621,46.84351],[8.37648,46.84281],[8.37607,46.8421],[8.37607,46.84132],[8.37701,46.8387],[8.3772,46.83855],[8.37738,46.83862],[8.3771,46.83924],[8.37701,46.84061],[8.37682,46.84106],[8.37697,46.84123],[8.37714,46.84116],[8.37758,46.83968],[8.37941,46.83738],[8.37936,46.83584],[8.37912,46.83468],[8.37873,46.83422],[8.37748,46.83347],[8.37705,46.83252],[8.37702,46.83172],[8.37757,46.83068],[8.37766,46.82998],[8.37818,46.82892],[8.37862,46.82843],[8.38007,46.82779],[8.38102,46.8263],[8.38286,46.82529],[8.38615,46.82389],[8.38618,46.82338],[8.38502,46.82264],[8.38487,46.82225],[8.38619,46.82058],[8.38791,46.81982],[8.39199,46.81949],[8.39658,46.81851],[8.4026,46.81818],[8.40306,46.81909],[8.40281,46.8197],[8.40247,46.81995],[8.40204,46.82064]]}},{"type":"Feature","properties":{"name":"GraphHopper Track","mode":"ride","distance_km":"56.9"},"geometry":{"type":"LineString","coordinates":[[0.26043,51.89062],[0.25769,51.88903],[0.2572,51.8892],[0.25664,51.88866],[0.25632,51.88775],[0.25573,51.88724],[0.25175,51.8846],[0.25277,51.88418],[0.25277,51.88397],[0.25192,51.88371],[0.24631,51.87997],[0.24595,51.87943],[0.24589,51.87879],[0.24638,51.87843],[0.24774,51.87814],[0.24807,51.87775],[0.24793,51.87736],[0.24543,51.8765],[0.24011,51.87413],[0.23811,51.87376],[0.23152,51.87346],[0.21878,51.87169],[0.21613,51.87153],[0.2135,51.87179],[0.21146,51.87233],[0.2101,51.87293],[0.20788,51.87428],[0.20633,51.87484],[0.20422,51.87495],[0.20227,51.87447],[0.2009,51.87349],[0.19887,51.87052],[0.19495,51.86573],[0.19204,51.86243],[0.18762,51.85812],[0.18616,51.85631],[0.18552,51.85523],[0.18481,51.85303],[0.18473,51.85116],[0.18512,51.84905],[0.18566,51.84781],[0.18663,51.84624],[0.18776,51.84495],[0.19075,51.84227],[0.19207,51.84066],[0.19272,51.83952],[0.19328,51.83813],[0.19366,51.83596],[0.19363,51.83499],[0.19297,51.83263],[0.19229,51.83125],[0.1915,51.83022],[0.18774,51.82654],[0.18661,51.82502],[0.18586,51.82366],[0.18523,51.82143],[0.18479,51.81747],[0.1843,51.81625],[0.18333,51.81459],[0.18211,51.81322],[0.17904,51.81041],[0.178,51.80914],[0.17718,51.80778],[0.17636,51.80528],[0.1761,51.80256],[0.17555,51.79959],[0.17443,51.79593],[0.17069,51.78843],[0.16886,51.78425],[0.16719,51.78115],[0.16399,51.77645],[0.16139,51.77334],[0.15829,51.77015],[0.15322,51.76565],[0.15102,51.76328],[0.14988,51.76178],[0.14762,51.75806],[0.14569,51.75335],[0.14447,51.75129],[0.14288,51.74916],[0.13979,51.74601],[0.1387,51.74465],[0.1378,51.74317],[0.13701,51.74119],[0.13672,51.73941],[0.1368,51.73777],[0.13712,51.73624],[0.13993,51.72945],[0.14087,51.7265],[0.14267,51.7193],[0.14391,51.71574],[0.14569,51.71145],[0.14606,51.70996],[0.14609,51.70739],[0.14567,51.70564],[0.14506,51.70413],[0.14447,51.70311],[0.14145,51.69905],[0.13869,51.69307],[0.13759,51.69125],[0.13575,51.68885],[0.13126,51.68418],[0.12492,51.67926],[0.12277,51.67718],[0.12154,51.67552],[0.11865,51.67092],[0.1159,51.66718],[0.11378,51.6646],[0.10638,51.65692],[0.09952,51.6504],[0.09668,51.6481],[0.09328,51.64575],[0.0848,51.64075],[0.08004,51.63773],[0.07268,51.63259],[0.06754,51.62855],[0.06587,51.62673],[0.06468,51.6248],[0.06414,51.62334],[0.0637,51.62092],[0.06318,51.61928],[0.06261,51.61827],[0.0612,51.6166],[0.05935,51.6152],[0.05817,51.61456],[0.05054,51.61132],[0.0498,51.61087],[0.04885,51.61],[0.0483,51.60903],[0.04819,51.60775],[0.04921,51.60546],[0.04935,51.60406],[0.0489,51.60277],[0.04732,51.59953],[0.04621,51.59831],[0.04385,51.59696],[0.04038,51.59446],[0.03924,51.59311],[0.03876,51.59171],[0.03884,51.59043],[0.04015,51.5868],[0.04022,51.58574],[0.04004,51.58338],[0.04036,51.58207],[0.04142,51.58029],[0.04411,51.57679],[0.04501,51.57621],[0.04518,51.57578],[0.04498,51.57536],[0.04438,51.57523],[0.04297,51.57572],[0.03968,51.57614],[0.03675,51.57717],[0.03526,51.5772],[0.03319,51.57664],[0.02962,51.57607],[0.01873,51.57179],[0.01695,51.57179],[0.01503,51.57249],[0.01412,51.57262],[0.01287,51.57247],[0.01195,51.57206],[0.00962,51.57047],[0.00856,51.56943],[0.00768,51.56834],[0.0057,51.56527],[0.00346,51.56288],[0.00023,51.5605],[-0.00601,51.55653],[-0.00733,51.55539],[-0.00861,51.55388],[-0.00999,51.55293],[-0.01145,51.55234],[-0.01324,51.55193],[-0.02126,51.55112],[-0.02279,51.55054],[-0.02633,51.54859],[-0.03005,51.54778],[-0.03179,51.54678],[-0.03193,51.54604],[-0.03164,51.5456],[-0.0296,51.54428],[-0.02688,51.54162],[-0.02643,51.54077],[-0.02545,51.53657],[-0.02445,51.53518],[-0.0236,51.53458],[-0.01766,51.53133],[-0.01388,51.52993],[-0.01361,51.52956],[-0.0142,51.5295],[-0.01762,51.5284],[-0.02443,51.52733],[-0.03444,51.5251],[-0.03708,51.52423],[-0.03959,51.52306],[-0.04199,51.52245],[-0.04564,51.52196],[-0.05706,51.51971],[-0.0659,51.51762],[-0.0674,51.51711],[-0.07171,51.51521],[-0.06918,51.512],[-0.07074,51.51168],[-0.07089,51.51206],[-0.07163,51.51195]]}},{"type":"Feature","properties":{"name":"GraphHopper Track","mode":"ride","distance_km":"16.7"},"geometry":{"type":"LineString","coordinates":[[-6.24266,53.42726],[-6.2437,53.42777],[-6.24427,53.42843],[-6.2443,53.4287],[-6.24367,53.42937],[-6.24272,53.4295],[-6.24138,53.42943],[-6.23384,53.42849],[-6.2306,53.42831],[-6.22952,53.4286],[-6.22856,53.42827],[-6.2276,53.42818],[-6.21917,53.42782],[-6.21758,53.42792],[-6.21638,53.42762],[-6.21595,53.42715],[-6.21623,53.42663],[-6.21771,53.42567],[-6.21966,53.42267],[-6.22567,53.41158],[-6.22751,53.40881],[-6.22895,53.40713],[-6.23778,53.39811],[-6.23916,53.39651],[-6.24014,53.39496],[-6.24066,53.39388],[-6.24144,53.39154],[-6.24316,53.38476],[-6.24356,53.38252],[-6.24411,53.37724],[-6.24395,53.37532],[-6.24364,53.37443],[-6.24316,53.37368],[-6.2419,53.3724],[-6.24092,53.37169],[-6.23672,53.36946],[-6.23588,53.36878],[-6.23469,53.36727],[-6.23429,53.36647],[-6.23408,53.36551],[-6.23418,53.36398],[-6.23386,53.3613],[-6.2335,53.36042],[-6.23256,53.35911],[-6.23123,53.35795],[-6.2295,53.35698],[-6.22398,53.35511],[-6.22337,53.35465],[-6.22313,53.35415],[-6.22316,53.35375],[-6.22367,53.3531],[-6.22509,53.35213],[-6.22675,53.34981],[-6.22738,53.34671],[-6.24119,53.34762],[-6.24096,53.34912],[-6.23992,53.34905],[-6.24098,53.34894],[-6.24134,53.34638],[-6.24045,53.3461],[-6.24115,53.34275],[-6.24456,53.34318],[-6.24534,53.34125],[-6.24672,53.33973],[-6.24636,53.33959],[-6.25331,53.33259],[-6.25526,53.3344],[-6.2576,53.33381],[-6.26301,53.33409],[-6.26326,53.33487],[-6.26336,53.33597]]}},{"type":"Feature","properties":{"name":"GraphHopper Track","mode":"ride","distance_km":"38.2"},"geometry":{"type":"LineString","coordinates":[[8.87655,45.9777],[8.87603,45.97727],[8.88035,45.9734],[8.87566,45.97753],[8.87628,45.97814],[8.87861,45.98136],[8.87883,45.98141],[8.8788,45.98158],[8.87954,45.98216],[8.88046,45.98251],[8.88819,45.98337],[8.88885,45.98362],[8.89179,45.98644],[8.89315,45.9885],[8.89458,45.98969],[8.89637,45.99187],[8.8967,45.99251],[8.89757,45.99324],[8.89824,45.99463],[8.89908,45.99579],[8.89944,45.99698],[8.90137,45.99796],[8.90237,45.99815],[8.9056,45.99785],[8.90581,45.9977],[8.90602,45.99779],[8.91077,45.99735],[8.91336,45.99775],[8.91425,45.99768],[8.91489,45.99741],[8.9154,45.99686],[8.91554,45.99523],[8.91596,45.99431],[8.91693,45.99359],[8.91787,45.99331],[8.92093,45.99338],[8.92403,45.99291],[8.92508,45.99325],[8.92873,45.99394],[8.92976,45.99439],[8.93119,45.99561],[8.93346,45.99647],[8.9361,45.99675],[8.93828,45.99736],[8.94033,45.99997],[8.94022,46.00034],[8.93947,46.00095],[8.93952,46.00121],[8.94148,46.00175],[8.94215,46.00228],[8.94213,46.00255],[8.9414,46.0032],[8.94158,46.0039],[8.94191,46.0044],[8.94262,46.0049],[8.94371,46.00504],[8.94471,46.00559],[8.94564,46.0057],[8.94559,46.00595],[8.94522,46.00602],[8.94514,46.00659],[8.94525,46.00678],[8.94708,46.00722],[8.94776,46.00794],[8.94855,46.00811],[8.94979,46.00894],[8.95034,46.00981],[8.95055,46.00885],[8.94989,46.00705],[8.95065,46.00636],[8.95362,46.00577],[8.954,46.00693],[8.95563,46.00666],[8.95557,46.00558],[8.96054,46.00582],[8.96478,46.00625],[8.96667,46.00578],[8.97032,46.00529],[8.97125,46.00387],[8.97135,46.00303],[8.97307,46.0029],[8.97352,46.002],[8.97478,46.00126],[8.97715,46.00119],[8.97558,46.00154],[8.97528,46.00169],[8.97541,46.00181],[8.97589,46.0016],[8.97881,46.00176],[8.97981,46.00152],[8.98236,46.00185],[8.98358,46.00181],[8.98471,46.00243],[8.98675,46.00314],[8.98974,46.00381],[8.99113,46.00476],[8.99375,46.00507],[8.99507,46.0049],[8.99709,46.005],[8.99873,46.00543],[9.00022,46.00544],[9.00163,46.00592],[9.00361,46.00633],[9.00516,46.00722],[9.00728,46.00792],[9.01442,46.01278],[9.01646,46.01359],[9.02171,46.01631],[9.02378,46.01772],[9.02459,46.01851],[9.02959,46.02082],[9.03601,46.02531],[9.03895,46.02658],[9.04137,46.02696],[9.0429,46.02701],[9.06206,46.02698],[9.0632,46.02678],[9.06421,46.0264],[9.06491,46.02598],[9.06673,46.02429],[9.06809,46.0238],[9.07264,46.02451],[9.07515,46.0243],[9.07863,46.0244],[9.08105,46.02392],[9.08345,46.02434],[9.08876,46.02404],[9.09062,46.0246],[9.09257,46.02479],[9.09389,46.0255],[9.09504,46.02578],[9.09648,46.02653],[9.09752,46.02679],[9.10104,46.02973],[9.10402,46.03148],[9.10619,46.03366],[9.10736,46.03445],[9.11212,46.03643],[9.11391,46.03676],[9.11561,46.03671],[9.11649,46.03636],[9.11815,46.03515],[9.12089,46.03617],[9.1228,46.03709],[9.12365,46.03711],[9.12547,46.03749],[9.13214,46.03781],[9.13898,46.04032],[9.14483,46.0404],[9.15011,46.04164],[9.15167,46.04247],[9.15286,46.04282],[9.159,46.04292],[9.16249,46.04279],[9.16461,46.04219],[9.16917,46.042],[9.17244,46.04145],[9.17368,46.04088],[9.17375,46.04069],[9.17353,46.04019],[9.17394,46.03992],[9.17525,46.03951],[9.17721,46.03916],[9.17852,46.03821],[9.182,46.03735],[9.18413,46.03635],[9.18569,46.036],[9.18866,46.0337],[9.1968,46.02953],[9.2007,46.02824],[9.20316,46.02765],[9.20625,46.02639],[9.20875,46.02488],[9.21022,46.0247],[9.21219,46.02422],[9.2149,46.02242],[9.21575,46.02211],[9.21768,46.0209],[9.22387,46.0187],[9.22523,46.01875],[9.22624,46.01915],[9.22676,46.01993],[9.22756,46.0201],[9.22832,46.0207],[9.22855,46.02145],[9.22872,46.02136],[9.22892,46.02078],[9.2283,46.01949],[9.22957,46.01869],[9.22934,46.01946],[9.23022,46.01998],[9.23056,46.02071],[9.23044,46.0212],[9.23067,46.0212],[9.231,46.02053],[9.23095,46.02018],[9.23117,46.02015],[9.23117,46.022],[9.23151,46.02237],[9.23217,46.0225],[9.23291,46.02202],[9.23407,46.02162],[9.2348,46.02091],[9.2359,46.02112],[9.23613,46.02103],[9.23601,46.02041],[9.2353,46.01896],[9.2351,46.01812],[9.23522,46.01804],[9.23563,46.01887],[9.23697,46.0199],[9.23712,46.01983],[9.23654,46.0188],[9.23762,46.01933],[9.23881,46.02137],[9.23887,46.0217]]}},{"type":"Feature","properties":{"name":"GraphHopper Track","mode":"ride","distance_km":"42.0"},"geometry":{"type":"LineString","coordinates":[[19.29532,49.21496],[19.29669,49.21499],[19.29675,49.21559],[19.29705,49.21561],[19.29684,49.21412],[19.29687,49.21259],[19.29821,49.21233],[19.29906,49.21158],[19.29921,49.20935],[19.30116,49.20611],[19.30418,49.19789],[19.30434,49.19712],[19.30454,49.19277],[19.30535,49.18982],[19.30818,49.18504],[19.3084,49.18441],[19.3084,49.18383],[19.30794,49.18281],[19.30733,49.1822],[19.3068,49.18192],[19.30556,49.18152],[19.30232,49.18096],[19.30037,49.18043],[19.29903,49.17995],[19.29828,49.17929],[19.29801,49.17852],[19.29811,49.17802],[19.29979,49.17582],[19.30005,49.17481],[19.29945,49.1721],[19.29802,49.1683],[19.29795,49.16734],[19.29834,49.1661],[19.30002,49.16432],[19.30017,49.16391],[19.30011,49.16333],[19.29975,49.16277],[19.29806,49.16156],[19.29735,49.16005],[19.29681,49.15949],[19.29416,49.15837],[19.29318,49.15772],[19.29272,49.15713],[19.29171,49.155],[19.29117,49.15443],[19.28848,49.15311],[19.28589,49.15149],[19.28528,49.15067],[19.28488,49.14918],[19.2843,49.14812],[19.28424,49.14762],[19.28457,49.14707],[19.28504,49.14682],[19.28758,49.14633],[19.28822,49.14581],[19.28849,49.14535],[19.28848,49.14495],[19.28763,49.1434],[19.28774,49.14165],[19.28746,49.13685],[19.28767,49.1361],[19.28852,49.13498],[19.28886,49.13416],[19.28878,49.13291],[19.28817,49.13059],[19.28848,49.12889],[19.28903,49.12795],[19.28964,49.12736],[19.29207,49.12638],[19.29293,49.12568],[19.2956,49.12078],[19.29714,49.11892],[19.29825,49.1161],[19.29808,49.11414],[19.29863,49.11227],[19.29875,49.11051],[19.29914,49.10925],[19.30234,49.10426],[19.30304,49.10352],[19.30398,49.10288],[19.30404,49.10268],[19.30442,49.10256],[19.30542,49.10103],[19.30605,49.09626],[19.30591,49.09449],[19.3062,49.09363],[19.30721,49.09231],[19.30735,49.09146],[19.30712,49.09098],[19.30659,49.09049],[19.30445,49.08974],[19.30359,49.08909],[19.30329,49.08838],[19.30351,49.08603],[19.30297,49.08524],[19.30252,49.08495],[19.30696,49.08257],[19.31122,49.07996],[19.31502,49.078],[19.31683,49.07768],[19.33812,49.07881],[19.34817,49.07876],[19.3582,49.07997],[19.37627,49.08355],[19.38093,49.08484],[19.3877,49.08718],[19.3923,49.08839],[19.39458,49.08878],[19.40023,49.08928],[19.4152,49.09169],[19.42252,49.09302],[19.42628,49.09416],[19.43225,49.09702],[19.4344,49.09749],[19.4361,49.09759],[19.43853,49.09737],[19.44129,49.09649],[19.44293,49.09557],[19.44683,49.09253],[19.44945,49.09127],[19.45633,49.08926],[19.45906,49.08876],[19.46212,49.08843],[19.46981,49.08792],[19.4739,49.08801],[19.47837,49.08874],[19.48336,49.09014],[19.48509,49.09038],[19.48688,49.0904],[19.49009,49.08986],[19.49404,49.08819],[19.49583,49.08767],[19.49734,49.08743],[19.49948,49.08736],[19.50144,49.0876],[19.50313,49.08802],[19.50953,49.09095],[19.51271,49.09176],[19.51546,49.09191],[19.52681,49.09115],[19.52993,49.09035],[19.53521,49.08785],[19.53783,49.0871],[19.54111,49.08685],[19.54681,49.08749],[19.54833,49.08743],[19.54968,49.08718],[19.55162,49.0864],[19.5541,49.08443],[19.55509,49.08385],[19.55668,49.08324],[19.55828,49.08292],[19.57063,49.08137],[19.57319,49.08146],[19.5786,49.08215],[19.58104,49.08209],[19.58313,49.08173],[19.58631,49.08053],[19.59531,49.07548],[19.59609,49.07472],[19.5963,49.07343],[19.59708,49.07306],[19.59828,49.07328],[19.59934,49.07397],[19.60005,49.07508],[19.60005,49.0771],[19.60039,49.07802],[19.60078,49.07857],[19.60316,49.08085],[19.60631,49.08321],[19.60726,49.08345],[19.60951,49.0829],[19.60974,49.08363],[19.6119,49.08316]]}},{"type":"Feature","properties":{"name":"GraphHopper Track","mode":"ride","distance_km":"5.1"},"geometry":{"type":"LineString","coordinates":[[7.41703,43.72991],[7.41693,43.73003],[7.41676,43.72989],[7.41724,43.72978],[7.41771,43.72937],[7.41791,43.7283],[7.41855,43.72815],[7.4188,43.72773],[7.41794,43.72669],[7.41718,43.7264],[7.41537,43.72644],[7.41399,43.72733],[7.414,43.72754],[7.41439,43.72782],[7.41448,43.7281],[7.41534,43.72864],[7.41538,43.7289],[7.41704,43.72992],[7.41838,43.73103],[7.42223,43.73229],[7.42229,43.7326],[7.42188,43.73312],[7.42131,43.73478],[7.42121,43.73562],[7.42133,43.73635],[7.42195,43.73699],[7.42494,43.73745],[7.4269,43.73809],[7.42687,43.73843],[7.42577,43.73908],[7.42567,43.73953],[7.42515,43.73972],[7.42604,43.74104],[7.42687,43.7416],[7.42704,43.74142],[7.42684,43.74081],[7.42775,43.74017],[7.42881,43.74111],[7.42909,43.74097],[7.42951,43.74024],[7.42972,43.74025],[7.42931,43.74083],[7.43042,43.74129],[7.43071,43.74307],[7.43227,43.74585],[7.43483,43.74756],[7.43531,43.74824],[7.43772,43.74929],[7.43849,43.74936],[7.43829,43.74943]]}},{"type":"Feature","properties":{"name":"GraphHopper Track","mode":"ride","distance_km":"9.3"},"geometry":{"type":"LineString","coordinates":[[7.2852,43.70117],[7.28723,43.70061],[7.28785,43.70027],[7.28846,43.7002],[7.28906,43.70038],[7.29002,43.70099],[7.29227,43.70131],[7.29375,43.70239],[7.29439,43.7024],[7.2947,43.70201],[7.29389,43.69975],[7.29384,43.6977],[7.29411,43.6973],[7.29479,43.69728],[7.29507,43.69754],[7.29618,43.70026],[7.29759,43.70212],[7.30107,43.70607],[7.30295,43.70756],[7.30366,43.70755],[7.30513,43.70622],[7.30621,43.70617],[7.3069,43.70663],[7.30775,43.70841],[7.30856,43.709],[7.30892,43.70968],[7.30919,43.70986],[7.31052,43.70944],[7.31087,43.70953],[7.31146,43.71005],[7.31248,43.71002],[7.31401,43.71035],[7.31569,43.70987],[7.31863,43.7099],[7.31906,43.71009],[7.31964,43.71077],[7.32007,43.71211],[7.32006,43.71296],[7.32041,43.71328],[7.32086,43.7133],[7.32215,43.71253],[7.32448,43.71213],[7.32839,43.71312],[7.33024,43.71389],[7.33194,43.71487],[7.33327,43.71696],[7.33617,43.71843],[7.33854,43.71923],[7.33878,43.71958],[7.33881,43.72026],[7.3391,43.72054],[7.34162,43.72069],[7.34361,43.72111],[7.34414,43.72181],[7.34388,43.72271],[7.34405,43.72305],[7.3445,43.72328],[7.34599,43.72328],[7.34684,43.72357],[7.34776,43.72438],[7.34783,43.72543],[7.34804,43.72574],[7.34972,43.72672],[7.35042,43.72695],[7.35276,43.72684],[7.35516,43.72782],[7.35677,43.72806],[7.35745,43.72922],[7.35814,43.72973],[7.36151,43.72982],[7.36146,43.72998]]}}]}