{"type":"FeatureCollection","features":[{"type":"Feature","properties":{"name":"1990_Lviv-Mykolaiv (1,077.2km)","mode":"train","distance_km":"1075.2"},"geometry":{"type":"LineString","coordinates":[[23.99381,49.84],[23.99493,49.84193],[23.99494,49.84265],[23.99458,49.84364],[23.99198,49.8473],[23.98558,49.85448],[23.98512,49.8553],[23.98484,49.85665],[23.98512,49.8583],[23.98601,49.85954],[23.9903,49.86323],[23.99144,49.86373],[23.99284,49.86402],[23.99446,49.86405],[23.99761,49.86369],[23.99985,49.863],[24.00376,49.86002],[24.00578,49.85871],[24.01199,49.85587],[24.0186,49.85208],[24.02017,49.8515],[24.02161,49.85122],[24.03022,49.85061],[24.0406,49.85221],[24.04312,49.85245],[24.05239,49.85306],[24.06443,49.85321],[24.06903,49.85275],[24.0922,49.85161],[24.11735,49.84881],[24.12842,49.84738],[24.16087,49.84625],[24.16449,49.84581],[24.17525,49.84374],[24.17777,49.84354],[24.17959,49.84362],[24.18132,49.84383],[24.19602,49.84667],[24.19845,49.84747],[24.19991,49.84838],[24.20051,49.84893],[24.20495,49.8555],[24.20556,49.85618],[24.20668,49.85703],[24.20762,49.85752],[24.21039,49.85831],[24.28702,49.86197],[24.30617,49.86437],[24.31858,49.86413],[24.32078,49.86431],[24.32262,49.86463],[24.32463,49.86522],[24.3579,49.87674],[24.36002,49.87726],[24.3629,49.87765],[24.43289,49.87778],[24.44477,49.87788],[24.44879,49.87821],[24.4549,49.87945],[24.54762,49.90166],[24.59907,49.91514],[24.60142,49.9156],[24.60479,49.91598],[24.61032,49.91629],[24.6222,49.91748],[24.62407,49.91738],[24.62586,49.91687],[24.62721,49.91609],[24.64548,49.8991],[24.64651,49.89827],[24.64836,49.8972],[24.65047,49.89635],[24.70182,49.87971],[24.72679,49.86865],[24.72842,49.8675],[24.72962,49.8661],[24.73268,49.85889],[24.73396,49.85708],[24.73544,49.85563],[24.74908,49.84405],[24.75879,49.83262],[24.75957,49.83187],[24.76047,49.83123],[24.76234,49.83042],[24.78243,49.82463],[24.7846,49.8234],[24.78873,49.82008],[24.79077,49.8187],[24.79707,49.81454],[24.79878,49.81371],[24.80206,49.81287],[24.84524,49.80699],[24.84926,49.80611],[24.86828,49.79993],[24.87033,49.79888],[24.87895,49.7937],[24.89843,49.78656],[24.90167,49.78584],[24.9609,49.77582],[24.96291,49.7752],[24.97486,49.77015],[24.9766,49.76955],[24.97823,49.76929],[24.984,49.769],[24.98636,49.76874],[25.00022,49.76593],[25.01797,49.75855],[25.02025,49.7572],[25.02734,49.75215],[25.02911,49.75117],[25.03047,49.7507],[25.0419,49.7486],[25.04422,49.74844],[25.04696,49.74887],[25.05224,49.75087],[25.05476,49.75123],[25.0571,49.7511],[25.05931,49.75053],[25.08338,49.74203],[25.08454,49.74139],[25.08872,49.73841],[25.09108,49.73635],[25.10234,49.72108],[25.10324,49.72008],[25.12815,49.69845],[25.13045,49.6955],[25.13774,49.68443],[25.14372,49.67835],[25.145,49.67751],[25.14661,49.67686],[25.15002,49.67629],[25.17039,49.67468],[25.1783,49.67385],[25.18103,49.67333],[25.20145,49.66719],[25.20721,49.66575],[25.21896,49.66217],[25.22105,49.66098],[25.22861,49.65552],[25.23043,49.65463],[25.2592,49.64807],[25.26169,49.64776],[25.26449,49.64775],[25.29978,49.64927],[25.32474,49.64843],[25.32683,49.64794],[25.3286,49.64711],[25.34089,49.6371],[25.34251,49.6362],[25.34415,49.63571],[25.34721,49.63546],[25.3635,49.63648],[25.37364,49.63611],[25.37586,49.63632],[25.38151,49.63735],[25.38388,49.63757],[25.39104,49.637],[25.39284,49.63662],[25.39409,49.63615],[25.40348,49.63059],[25.40572,49.62962],[25.40763,49.62904],[25.41095,49.62863],[25.42565,49.62842],[25.42796,49.62813],[25.43009,49.6276],[25.43166,49.62702],[25.43357,49.62605],[25.43828,49.62256],[25.43963,49.62175],[25.44278,49.62053],[25.44467,49.62015],[25.4465,49.6201],[25.44791,49.62025],[25.45191,49.62097],[25.45386,49.62162],[25.45564,49.62276],[25.46015,49.6274],[25.46184,49.62827],[25.46354,49.62875],[25.46645,49.62894],[25.46791,49.62879],[25.47064,49.6282],[25.472,49.62811],[25.48879,49.62848],[25.49977,49.63023],[25.50529,49.63192],[25.50748,49.632],[25.50931,49.6316],[25.51069,49.63089],[25.51576,49.62706],[25.52798,49.6195],[25.53074,49.6181],[25.53962,49.61438],[25.54156,49.61322],[25.54318,49.61163],[25.54768,49.60444],[25.54889,49.6032],[25.55022,49.60255],[25.55974,49.59918],[25.56441,49.59594],[25.56872,49.59192],[25.56937,49.59094],[25.57115,49.58727],[25.5728,49.58526],[25.57784,49.58045],[25.57937,49.57957],[25.5826,49.57815],[25.58475,49.57659],[25.5912,49.569],[25.59316,49.56641],[25.59661,49.56251],[25.59783,49.5607],[25.60295,49.54965],[25.60351,49.54875],[25.60431,49.54793],[25.60593,49.54685],[25.62823,49.53435],[25.6303,49.53331],[25.63305,49.5324],[25.73244,49.51293],[25.73387,49.51281],[25.73612,49.51302],[25.74682,49.51543],[25.74821,49.51607],[25.74908,49.51671],[25.74981,49.5176],[25.75023,49.51868],[25.75011,49.52029],[25.74899,49.52474],[25.74912,49.52555],[25.7496,49.52646],[25.75145,49.52845],[25.75561,49.53101],[25.75745,49.53183],[25.76238,49.53318],[25.76522,49.53361],[25.77743,49.5318],[25.77934,49.53189],[25.78504,49.53299],[25.78697,49.53309],[25.79585,49.53149],[25.79735,49.53141],[25.79963,49.53184],[25.80108,49.5326],[25.80179,49.53321],[25.80241,49.53415],[25.81604,49.56323],[25.8169,49.56466],[25.81775,49.56566],[25.83873,49.58602],[25.84101,49.5879],[25.86989,49.60544],[25.87202,49.60618],[25.87417,49.60637],[25.87591,49.60619],[25.87749,49.60572],[25.89211,49.59811],[25.89389,49.59737],[25.89597,49.59686],[25.89987,49.59659],[25.93377,49.59617],[25.93584,49.59588],[25.93788,49.59518],[25.95612,49.58332],[25.96456,49.57532],[25.96575,49.57382],[25.96614,49.57225],[25.96584,49.57085],[25.96409,49.56691],[25.96413,49.56567],[25.96466,49.56458],[25.96591,49.5634],[25.97608,49.55635],[25.97746,49.55558],[25.97881,49.5551],[25.98472,49.55418],[26.006,49.55224],[26.02318,49.54887],[26.0245,49.54877],[26.02656,49.54891],[26.02829,49.54922],[26.04074,49.55418],[26.04344,49.55487],[26.04537,49.55496],[26.04964,49.55442],[26.05377,49.55437],[26.06076,49.55402],[26.06378,49.55448],[26.06843,49.55587],[26.07189,49.556],[26.07382,49.55584],[26.07613,49.55514],[26.09328,49.54768],[26.09473,49.54686],[26.09908,49.54382],[26.12889,49.5306],[26.13068,49.53017],[26.14555,49.52837],[26.15919,49.5246],[26.16194,49.52408],[26.16936,49.52334],[26.17169,49.52325],[26.17394,49.52338],[26.17733,49.52397],[26.17976,49.52475],[26.18162,49.52564],[26.1911,49.53235],[26.19344,49.53321],[26.19657,49.5336],[26.19825,49.53353],[26.2364,49.52892],[26.31028,49.52711],[26.31552,49.52674],[26.32103,49.52603],[26.39795,49.51284],[26.40131,49.5117],[26.41795,49.50471],[26.42127,49.50348],[26.46203,49.49278],[26.46536,49.49229],[26.46933,49.4924],[26.49779,49.49564],[26.50135,49.49623],[26.5048,49.49711],[26.5419,49.50883],[26.54723,49.50998],[26.55267,49.51044],[26.55683,49.51035],[26.57385,49.5088],[26.57691,49.50866],[26.6264,49.5089],[26.63526,49.50941],[26.63811,49.50938],[26.64163,49.50883],[26.68577,49.49947],[26.68962,49.49889],[26.6945,49.49865],[26.72426,49.49914],[26.72767,49.49898],[26.73177,49.49838],[26.74109,49.49605],[26.78,49.48574],[26.82873,49.46929],[26.89747,49.45593],[26.90192,49.45478],[26.91624,49.44917],[26.91764,49.44835],[26.91921,49.44701],[26.92107,49.44602],[26.94228,49.43696],[26.94353,49.43592],[26.94755,49.43071],[26.95097,49.42827],[26.95523,49.42455],[26.95912,49.42195],[26.96177,49.42064],[26.96427,49.41967],[26.97285,49.41714],[26.9749,49.41676],[26.97688,49.4166],[26.98067,49.41676],[26.99413,49.41886],[26.99707,49.41892],[26.99973,49.41865],[27.0502,49.40609],[27.054,49.40482],[27.1014,49.38516],[27.10384,49.38428],[27.14859,49.37158],[27.18951,49.35866],[27.1916,49.35766],[27.19361,49.35624],[27.19691,49.35273],[27.19909,49.35096],[27.2051,49.34826],[27.21102,49.34416],[27.21785,49.34126],[27.22017,49.33979],[27.222,49.33793],[27.2281,49.32992],[27.23102,49.32523],[27.23318,49.32308],[27.23444,49.32213],[27.23557,49.32158],[27.23719,49.32111],[27.24504,49.31976],[27.24994,49.31872],[27.25473,49.31727],[27.25745,49.31619],[27.25938,49.31511],[27.26124,49.31369],[27.27232,49.3012],[27.2733,49.30034],[27.27509,49.29917],[27.27703,49.29827],[27.28947,49.29339],[27.30922,49.28679],[27.32738,49.28236],[27.34446,49.2769],[27.35003,49.27568],[27.38021,49.27236],[27.38777,49.27219],[27.40422,49.27019],[27.41308,49.26812],[27.44798,49.26611],[27.4511,49.26565],[27.45383,49.26483],[27.45641,49.26355],[27.45797,49.26242],[27.46645,49.25523],[27.46792,49.25368],[27.46909,49.25205],[27.47155,49.24784],[27.47232,49.24612],[27.47287,49.24435],[27.47347,49.24075],[27.47435,49.23673],[27.47814,49.22704],[27.4787,49.22598],[27.4796,49.22477],[27.48119,49.22335],[27.48315,49.22213],[27.49084,49.21839],[27.49602,49.21622],[27.49787,49.21525],[27.50777,49.20725],[27.50899,49.20644],[27.51059,49.20571],[27.51232,49.20527],[27.51429,49.20507],[27.51666,49.20521],[27.51843,49.20563],[27.52083,49.20674],[27.52728,49.21118],[27.52906,49.21191],[27.53143,49.21254],[27.5353,49.21276],[27.55179,49.21151],[27.55534,49.21153],[27.55931,49.21214],[27.57006,49.2154],[27.5734,49.21574],[27.57579,49.2156],[27.57873,49.21495],[27.58912,49.2111],[27.59213,49.21028],[27.60157,49.20896],[27.614,49.20801],[27.62909,49.20505],[27.64566,49.20287],[27.64794,49.20245],[27.64998,49.20183],[27.65155,49.20116],[27.65568,49.19877],[27.65775,49.19777],[27.6743,49.19197],[27.67749,49.19129],[27.68593,49.1905],[27.69054,49.18973],[27.70632,49.18527],[27.70892,49.18425],[27.71026,49.18345],[27.71159,49.18234],[27.72023,49.17058],[27.72154,49.16932],[27.72239,49.16875],[27.72477,49.16752],[27.75076,49.15553],[27.75276,49.15405],[27.75946,49.14766],[27.76206,49.14618],[27.76714,49.14387],[27.76933,49.14251],[27.77047,49.14142],[27.77326,49.13797],[27.77416,49.13719],[27.77571,49.13622],[27.77855,49.13516],[27.78383,49.13425],[27.78644,49.1336],[27.80229,49.12609],[27.81712,49.11555],[27.81875,49.11421],[27.82053,49.11223],[27.82142,49.11151],[27.82375,49.11024],[27.82642,49.10952],[27.87772,49.09932],[27.8838,49.09833],[27.88692,49.09826],[27.88958,49.09848],[27.91459,49.10314],[27.91819,49.10347],[27.92052,49.10341],[27.92364,49.10299],[27.93986,49.09956],[27.97286,49.08771],[27.97506,49.08662],[27.97652,49.08552],[27.97778,49.08404],[27.97835,49.08292],[27.97865,49.08186],[27.97849,49.06846],[27.97866,49.06719],[27.97898,49.0662],[27.97966,49.0649],[27.98412,49.05788],[27.98577,49.0564],[27.98807,49.05507],[27.99077,49.05413],[27.99327,49.05367],[28.02144,49.05159],[28.02389,49.05121],[28.02747,49.05006],[28.03916,49.04425],[28.04161,49.04331],[28.04443,49.04274],[28.05125,49.04253],[28.05399,49.0423],[28.05619,49.04188],[28.05897,49.04091],[28.06986,49.03565],[28.07389,49.03472],[28.07623,49.03454],[28.07863,49.03482],[28.08099,49.03565],[28.08675,49.03925],[28.08824,49.04045],[28.08872,49.04131],[28.08889,49.04211],[28.08798,49.04536],[28.08792,49.04755],[28.08837,49.04869],[28.089,49.04942],[28.09004,49.0501],[28.09546,49.05269],[28.0968,49.0537],[28.09749,49.0549],[28.09805,49.0586],[28.09853,49.0595],[28.09913,49.0601],[28.10055,49.06094],[28.10422,49.06213],[28.10531,49.06276],[28.10589,49.06333],[28.10712,49.06499],[28.10779,49.06618],[28.10809,49.0696],[28.10848,49.07086],[28.11136,49.07588],[28.11313,49.07761],[28.11493,49.07879],[28.11742,49.07985],[28.12804,49.08258],[28.14477,49.0873],[28.14906,49.0882],[28.15296,49.08874],[28.15997,49.08909],[28.20991,49.08669],[28.21444,49.08663],[28.2783,49.09251],[28.28105,49.09265],[28.28376,49.09262],[28.28713,49.09235],[28.30259,49.0901],[28.30472,49.09005],[28.30749,49.09027],[28.3104,49.09098],[28.31252,49.09187],[28.33154,49.10353],[28.33352,49.10463],[28.33784,49.10649],[28.34091,49.1074],[28.34785,49.10867],[28.38207,49.1141],[28.38412,49.11454],[28.38666,49.11544],[28.38816,49.11619],[28.39372,49.12024],[28.39526,49.12115],[28.39693,49.1219],[28.39882,49.1225],[28.40195,49.12308],[28.4058,49.12313],[28.40899,49.12268],[28.41773,49.12041],[28.42125,49.12016],[28.42428,49.1204],[28.46578,49.12879],[28.46831,49.12957],[28.47043,49.13046],[28.47226,49.13145],[28.47488,49.13338],[28.47675,49.13544],[28.49569,49.15967],[28.49696,49.16074],[28.49887,49.1619],[28.50036,49.16257],[28.50596,49.16457],[28.50772,49.16541],[28.51005,49.16681],[28.51244,49.16875],[28.51817,49.17476],[28.51955,49.17664],[28.52467,49.18636],[28.52515,49.18795],[28.52512,49.19004],[28.5247,49.19135],[28.52365,49.19317],[28.52191,49.19498],[28.51218,49.20271],[28.51114,49.20381],[28.51017,49.20534],[28.50973,49.20647],[28.50952,49.20753],[28.50944,49.21222],[28.50902,49.21462],[28.50816,49.21696],[28.50399,49.22433],[28.50342,49.22651],[28.50361,49.22859],[28.50422,49.23019],[28.50627,49.23331],[28.5123,49.24116],[28.51338,49.24228],[28.52088,49.25276],[28.52864,49.26325],[28.53889,49.27684],[28.54034,49.27844],[28.54415,49.28351],[28.54648,49.28773],[28.55878,49.3153],[28.55922,49.31643],[28.55988,49.31914],[28.55999,49.32101],[28.55976,49.32307],[28.55888,49.32595],[28.53756,49.36933],[28.53619,49.37291],[28.53548,49.37553],[28.52912,49.43571],[28.52916,49.4376],[28.52957,49.43932],[28.53026,49.44089],[28.53164,49.44299],[28.53364,49.44508],[28.54835,49.45813],[28.55186,49.46089],[28.64443,49.52043],[28.64622,49.5218],[28.67112,49.54339],[28.67472,49.5461],[28.67988,49.54905],[28.72276,49.5688],[28.72722,49.57133],[28.72971,49.57317],[28.73277,49.57614],[28.74367,49.58972],[28.74571,49.59303],[28.74706,49.59653],[28.74766,49.59923],[28.74785,49.60183],[28.74778,49.6037],[28.74734,49.60637],[28.74638,49.6093],[28.74345,49.61571],[28.74301,49.61705],[28.74275,49.61857],[28.74278,49.62038],[28.74313,49.62219],[28.74382,49.62386],[28.74484,49.62552],[28.74622,49.62708],[28.74834,49.62886],[28.7508,49.63043],[28.75358,49.63174],[28.75658,49.63273],[28.78852,49.64139],[28.79235,49.64258],[28.79588,49.64397],[28.79943,49.64576],[28.80332,49.64835],[28.80564,49.65032],[28.80717,49.65189],[28.80872,49.65383],[28.81,49.65592],[28.81082,49.65765],[28.82697,49.69786],[28.82876,49.70199],[28.83056,49.70509],[28.83531,49.71076],[28.83662,49.71159],[28.83945,49.71288],[28.84239,49.71448],[28.84687,49.71755],[28.85089,49.7212],[28.95629,49.79213],[29.01908,49.83904],[29.0199,49.8398],[29.02695,49.84507],[29.02962,49.84679],[29.05607,49.86651],[29.05949,49.86862],[29.09486,49.88455],[29.15789,49.90787],[29.20978,49.92355],[29.24516,49.93818],[29.29175,49.95602],[29.29564,49.95719],[29.29782,49.95759],[29.30082,49.95789],[29.30359,49.95789],[29.30611,49.9577],[29.34258,49.95116],[29.41934,49.94087],[29.42544,49.94047],[29.43137,49.9406],[29.43533,49.94097],[29.57596,49.96019],[29.75149,49.98392],[29.75699,49.98514],[29.82605,50.00737],[29.8316,50.00942],[29.83662,50.01193],[29.88936,50.04012],[29.8912,50.04129],[29.89238,50.0423],[29.90329,50.05305],[29.90562,50.05487],[29.9072,50.05559],[29.90928,50.05601],[29.91497,50.05649],[29.93232,50.05706],[29.93423,50.05695],[29.93673,50.05632],[29.93806,50.05568],[29.9624,50.04163],[30.02517,49.99902],[30.02859,49.99613],[30.03521,49.98857],[30.03608,49.98713],[30.0367,49.98465],[30.03986,49.9574],[30.04012,49.95632],[30.08006,49.83995],[30.08112,49.83733],[30.08215,49.83562],[30.0834,49.83402],[30.099,49.817],[30.10062,49.81558],[30.1027,49.81462],[30.12447,49.80728],[30.12885,49.80509],[30.13067,49.80378],[30.13293,49.80144],[30.13482,49.79806],[30.13511,49.79693],[30.13514,49.7958],[30.13434,49.79128],[30.13449,49.79044],[30.1349,49.78957],[30.13586,49.78851],[30.13752,49.78727],[30.13916,49.78628],[30.14088,49.78552],[30.14985,49.78255],[30.15419,49.78172],[30.21215,49.77793],[30.21757,49.77721],[30.24559,49.77034],[30.24827,49.76948],[30.25098,49.76833],[30.25346,49.76694],[30.25897,49.76263],[30.26207,49.76055],[30.26454,49.75936],[30.26645,49.75863],[30.26995,49.75766],[30.351,49.74064],[30.40263,49.73374],[30.40868,49.73249],[30.42945,49.72717],[30.43134,49.72644],[30.43606,49.72355],[30.43847,49.72256],[30.47234,49.7138],[30.51842,49.68999],[30.52192,49.68847],[30.52488,49.68752],[30.56387,49.67907],[30.62077,49.66128],[30.6229,49.66101],[30.6249,49.66105],[30.63311,49.66222],[30.63543,49.6622],[30.63794,49.66184],[30.67602,49.64945],[30.75549,49.63052],[30.75953,49.6302],[30.80926,49.63164],[30.81215,49.63181],[30.81613,49.63241],[30.81978,49.63329],[30.82457,49.63473],[30.88565,49.65375],[30.8963,49.65659],[30.89955,49.65707],[30.90336,49.65701],[30.94302,49.65132],[30.97194,49.64891],[30.97433,49.64834],[30.98892,49.64334],[30.9946,49.64167],[31.00291,49.63642],[31.01896,49.62987],[31.02077,49.62865],[31.02166,49.62773],[31.0229,49.62609],[31.02948,49.61616],[31.03075,49.61474],[31.03226,49.61363],[31.03456,49.61259],[31.03911,49.61107],[31.05776,49.60659],[31.06102,49.60551],[31.0631,49.60436],[31.06924,49.59984],[31.07241,49.59811],[31.08956,49.59044],[31.10192,49.58524],[31.10448,49.58358],[31.10917,49.57948],[31.11071,49.578],[31.11555,49.57253],[31.117,49.57133],[31.11836,49.57056],[31.12077,49.56979],[31.12397,49.5695],[31.13645,49.5711],[31.1419,49.57122],[31.14463,49.57082],[31.14685,49.5699],[31.14906,49.56819],[31.14971,49.56739],[31.15011,49.56655],[31.15038,49.56474],[31.14993,49.56073],[31.15025,49.55848],[31.151,49.55676],[31.15196,49.55558],[31.16022,49.5478],[31.16205,49.54537],[31.163,49.5437],[31.16505,49.53942],[31.16621,49.53607],[31.16962,49.52999],[31.17017,49.52734],[31.17055,49.52284],[31.17106,49.52152],[31.17189,49.5203],[31.17285,49.5191],[31.17408,49.51799],[31.1807,49.51342],[31.18336,49.51202],[31.18757,49.51047],[31.18942,49.50917],[31.1901,49.50836],[31.19072,49.50709],[31.19163,49.50171],[31.19242,49.5],[31.19348,49.49886],[31.20694,49.4871],[31.20825,49.48623],[31.20967,49.48553],[31.21632,49.48303],[31.22384,49.48142],[31.22788,49.48022],[31.23011,49.47912],[31.23143,49.47807],[31.23235,49.47687],[31.2352,49.46944],[31.23616,49.46781],[31.23815,49.46596],[31.24484,49.46151],[31.2466,49.46071],[31.24906,49.45992],[31.26578,49.45581],[31.26691,49.45529],[31.26835,49.45432],[31.27034,49.45196],[31.27153,49.45093],[31.27382,49.44979],[31.27959,49.44856],[31.28341,49.44673],[31.28526,49.44612],[31.29073,49.44543],[31.29205,49.44514],[31.29383,49.44446],[31.29684,49.4425],[31.30154,49.4387],[31.30254,49.43753],[31.30414,49.4346],[31.30586,49.43283],[31.30776,49.4318],[31.31808,49.42818],[31.32083,49.42697],[31.3227,49.42549],[31.32577,49.42104],[31.32748,49.41969],[31.32964,49.4189],[31.33672,49.41765],[31.34228,49.41644],[31.3446,49.41535],[31.34622,49.41397],[31.34722,49.41228],[31.34787,49.4087],[31.34789,49.40691],[31.34737,49.40563],[31.34599,49.40396],[31.34147,49.40097],[31.33999,49.39959],[31.33917,49.3984],[31.33805,49.39543],[31.3368,49.3938],[31.33556,49.39274],[31.33028,49.38918],[31.32905,49.38784],[31.32765,49.38509],[31.32751,49.38419],[31.32759,49.38151],[31.32734,49.38019],[31.3264,49.37868],[31.32404,49.37627],[31.32337,49.37501],[31.32313,49.37313],[31.32347,49.37189],[31.32382,49.37131],[31.32471,49.37025],[31.32555,49.36958],[31.33081,49.36672],[31.33259,49.36533],[31.33388,49.36373],[31.33514,49.36165],[31.3356,49.36034],[31.3369,49.355],[31.33779,49.35334],[31.33893,49.35225],[31.3462,49.34695],[31.34862,49.34499],[31.34958,49.3435],[31.34977,49.34275],[31.34967,49.34023],[31.35,49.33847],[31.35079,49.33683],[31.35147,49.33591],[31.35326,49.33432],[31.35767,49.33186],[31.3596,49.3306],[31.37355,49.31815],[31.37597,49.31642],[31.37737,49.31571],[31.3883,49.31149],[31.39019,49.31059],[31.41835,49.29328],[31.41966,49.29225],[31.42215,49.28948],[31.42377,49.28842],[31.42536,49.28777],[31.43236,49.28599],[31.43332,49.28553],[31.43499,49.28438],[31.43603,49.28308],[31.43632,49.28242],[31.43657,49.28116],[31.43651,49.28049],[31.43286,49.26644],[31.43274,49.26471],[31.433,49.26262],[31.4335,49.26103],[31.43437,49.25942],[31.4425,49.24517],[31.44317,49.24365],[31.44333,49.2428],[31.44319,49.24111],[31.44257,49.23947],[31.43653,49.23192],[31.43617,49.23125],[31.43593,49.23053],[31.43582,49.2294],[31.43615,49.22798],[31.43674,49.227],[31.43756,49.22607],[31.43984,49.22434],[31.44594,49.22212],[31.44747,49.22117],[31.44828,49.22035],[31.44989,49.21818],[31.45645,49.2088],[31.46077,49.20468],[31.46354,49.19977],[31.46457,49.19855],[31.47186,49.19158],[31.47292,49.19092],[31.47679,49.18914],[31.4777,49.18846],[31.48073,49.18545],[31.48488,49.18339],[31.48684,49.18206],[31.48814,49.18067],[31.49082,49.17663],[31.4924,49.17496],[31.49459,49.17349],[31.51794,49.16006],[31.53299,49.15148],[31.5356,49.15021],[31.53812,49.1494],[31.54027,49.14898],[31.57422,49.14433],[31.57688,49.14421],[31.58254,49.14464],[31.58697,49.14538],[31.58948,49.14603],[31.59229,49.14735],[31.5938,49.14786],[31.59541,49.14821],[31.59744,49.14833],[31.59888,49.14823],[31.60532,49.14703],[31.60813,49.14683],[31.61059,49.14695],[31.62571,49.15013],[31.63614,49.15043],[31.63881,49.15074],[31.64842,49.15313],[31.65028,49.1541],[31.65119,49.15483],[31.65177,49.15549],[31.6538,49.15866],[31.65495,49.15974],[31.66173,49.16458],[31.67219,49.17071],[31.68234,49.17865],[31.69675,49.19265],[31.69759,49.194],[31.69795,49.19528],[31.69797,49.19613],[31.69758,49.19758],[31.69575,49.20116],[31.69547,49.20238],[31.69549,49.2034],[31.69666,49.20796],[31.69725,49.20905],[31.69854,49.21049],[31.70006,49.2116],[31.71535,49.21971],[31.7178,49.2206],[31.72037,49.22104],[31.72175,49.22112],[31.72446,49.22099],[31.73383,49.21941],[31.73793,49.21917],[31.80198,49.22534],[31.80719,49.22549],[31.8125,49.22501],[31.81702,49.22407],[31.84171,49.2169],[31.84461,49.21618],[31.84649,49.21593],[31.84941,49.21585],[31.85474,49.21641],[31.85677,49.21643],[31.85863,49.21624],[31.861,49.21573],[31.906,49.20164],[31.90691,49.20121],[31.91685,49.19449],[31.91846,49.19372],[31.92868,49.18976],[31.93056,49.18851],[31.93168,49.18745],[31.93238,49.18649],[31.93741,49.17614],[31.93759,49.17498],[31.93751,49.17392],[31.93651,49.16838],[31.93638,49.16697],[31.93678,49.1655],[31.93762,49.16428],[31.94593,49.15763],[31.94683,49.15665],[31.9502,49.15172],[31.95201,49.15016],[31.95367,49.14939],[31.95522,49.14896],[31.95892,49.14848],[31.96078,49.14805],[31.96241,49.14733],[31.96376,49.14641],[31.96462,49.14555],[31.96539,49.14438],[31.96828,49.13936],[31.99296,49.11058],[31.99352,49.10935],[31.99401,49.10735],[32.00055,49.07342],[32.00127,49.07183],[32.00277,49.07011],[32.00658,49.06739],[32.00769,49.06677],[32.01275,49.06513],[32.01496,49.06404],[32.01591,49.06319],[32.01858,49.05938],[32.02018,49.05824],[32.02302,49.05707],[32.0246,49.05673],[32.02635,49.05663],[32.03138,49.0572],[32.03292,49.05717],[32.04122,49.05564],[32.04778,49.05389],[32.05645,49.05331],[32.05841,49.05303],[32.05982,49.05267],[32.06846,49.04973],[32.07768,49.04478],[32.08014,49.04386],[32.08272,49.04351],[32.08758,49.0437],[32.08953,49.04356],[32.09153,49.0431],[32.09566,49.04176],[32.09716,49.0415],[32.10224,49.04168],[32.10456,49.04155],[32.11762,49.03838],[32.12513,49.03765],[32.12787,49.03701],[32.12998,49.03588],[32.13329,49.03268],[32.13523,49.03128],[32.15938,49.01906],[32.17973,49.00697],[32.18364,49.0055],[32.2099,48.9992],[32.21213,48.99855],[32.21377,48.99785],[32.22281,48.99271],[32.22747,48.98938],[32.24007,48.98234],[32.27027,48.95949],[32.27305,48.95823],[32.28915,48.95406],[32.2918,48.95303],[32.29482,48.95135],[32.29616,48.95034],[32.29699,48.9495],[32.30004,48.94552],[32.30224,48.94368],[32.30588,48.94147],[32.3143,48.93802],[32.31679,48.93664],[32.32016,48.93409],[32.3215,48.93243],[32.32223,48.93089],[32.3233,48.9261],[32.32377,48.92505],[32.32496,48.92342],[32.32652,48.92201],[32.33404,48.91647],[32.34426,48.90705],[32.34625,48.90557],[32.34766,48.90488],[32.35053,48.90404],[32.3631,48.90152],[32.36496,48.90098],[32.36595,48.90052],[32.36744,48.89951],[32.37086,48.89576],[32.37672,48.89119],[32.37927,48.89009],[32.38388,48.88923],[32.38564,48.88874],[32.38679,48.88821],[32.39167,48.8852],[32.39332,48.8836],[32.39393,48.88236],[32.39453,48.87909],[32.39544,48.87763],[32.39696,48.87611],[32.39821,48.87535],[32.39978,48.87471],[32.4048,48.8735],[32.40711,48.8726],[32.40829,48.87175],[32.40897,48.87103],[32.40973,48.86988],[32.40997,48.86934],[32.41013,48.86822],[32.40989,48.8668],[32.40652,48.85989],[32.40622,48.8584],[32.40631,48.85683],[32.40703,48.85385],[32.40848,48.84922],[32.41456,48.84118],[32.41633,48.83992],[32.4207,48.8382],[32.42243,48.83717],[32.42703,48.8329],[32.42874,48.83177],[32.4307,48.83107],[32.43598,48.8298],[32.44095,48.82754],[32.44511,48.82596],[32.44707,48.82481],[32.45038,48.8223],[32.45113,48.82193],[32.45974,48.81907],[32.46155,48.81794],[32.46267,48.8167],[32.46336,48.81502],[32.46339,48.81415],[32.46316,48.81303],[32.46258,48.81191],[32.46099,48.80981],[32.46055,48.80869],[32.46017,48.80642],[32.45973,48.80537],[32.45927,48.80474],[32.45645,48.80264],[32.44192,48.79346],[32.4412,48.79286],[32.44011,48.79151],[32.43884,48.78884],[32.43851,48.78757],[32.43857,48.78574],[32.43939,48.78376],[32.45357,48.76605],[32.45936,48.75823],[32.45992,48.75775],[32.46205,48.75644],[32.46547,48.7547],[32.46824,48.75357],[32.46975,48.75319],[32.47286,48.75276],[32.48808,48.75203],[32.50771,48.74809],[32.50993,48.74778],[32.51198,48.74777],[32.52043,48.74847],[32.54203,48.7511],[32.54405,48.75111],[32.5477,48.7507],[32.54958,48.75006],[32.55181,48.74903],[32.56643,48.74073],[32.58755,48.72107],[32.59031,48.71875],[32.59284,48.71758],[32.59761,48.71611],[32.59974,48.71592],[32.60509,48.71592],[32.60733,48.7156],[32.60991,48.71481],[32.61131,48.71372],[32.61181,48.71288],[32.612,48.7122],[32.612,48.71105],[32.6118,48.71029],[32.61112,48.70923],[32.60581,48.70469],[32.60398,48.70256],[32.60351,48.70159],[32.60292,48.69956],[32.60289,48.69834],[32.60318,48.69688],[32.62472,48.64525],[32.6299,48.63318],[32.65913,48.57397],[32.66036,48.57182],[32.66169,48.5704],[32.66401,48.56879],[32.66914,48.56667],[32.73293,48.54331],[32.73566,48.5421],[32.7368,48.54138],[32.74589,48.5342],[32.77864,48.5079],[32.78051,48.50664],[32.78274,48.50563],[32.78868,48.50345],[32.83787,48.48589],[32.83978,48.4851],[32.84101,48.48436],[32.84288,48.48288],[32.84512,48.48054],[32.85895,48.46515],[32.85999,48.46318],[32.86036,48.46131],[32.86017,48.4593],[32.85922,48.45718],[32.80696,48.37887],[32.80606,48.37725],[32.80561,48.37577],[32.80556,48.37393],[32.80877,48.33878],[32.80872,48.33788],[32.80812,48.3359],[32.80745,48.33476],[32.78598,48.30594],[32.77663,48.29313],[32.75709,48.26702],[32.75621,48.26541],[32.75585,48.26401],[32.75571,48.26254],[32.75596,48.23768],[32.75631,48.22514],[32.75849,48.16761],[32.75836,48.16432],[32.75539,48.12982],[32.75541,48.12878],[32.75583,48.12691],[32.75894,48.11769],[32.76976,48.09495],[32.77026,48.09362],[32.77049,48.09234],[32.77021,48.08999],[32.76943,48.08824],[32.76166,48.0784],[32.76043,48.07627],[32.75993,48.07419],[32.75609,48.05263],[32.75521,48.01489],[32.75529,48.01354],[32.75573,48.0119],[32.76944,47.9737],[32.76969,47.97237],[32.76839,47.95954],[32.76816,47.95548],[32.76448,47.9186],[32.76301,47.88034],[32.76269,47.87559],[32.76231,47.87374],[32.76114,47.87122],[32.75965,47.86924],[32.68649,47.79883],[32.66548,47.77886],[32.59134,47.7074],[32.57868,47.69512],[32.57763,47.69356],[32.57698,47.69039],[32.57392,47.64106],[32.57357,47.63929],[32.57088,47.63437],[32.52381,47.55217],[32.51855,47.54259],[32.51809,47.54146],[32.5169,47.53488],[32.51642,47.53323],[32.50789,47.48647],[32.50087,47.44688],[32.48355,47.35136],[32.48005,47.33228],[32.47952,47.33071],[32.47813,47.32876],[32.38459,47.21411],[32.25934,47.05971],[32.25829,47.0586],[32.25597,47.05699],[32.15669,46.99655],[32.12316,46.98093],[32.12096,46.97968],[32.11967,46.97867],[32.1183,46.97715],[32.10577,46.95921],[32.1044,46.95777],[32.10263,46.9565],[32.10039,46.9554],[32.08899,46.95063],[32.08523,46.94935],[32.0738,46.94476],[32.07262,46.94445],[32.07044,46.94425],[32.06934,46.94394],[32.06824,46.94324],[32.06263,46.93802]]}},{"type":"Feature","properties":{"name":"1990і_Lviv_Dobrotvir (52km)","mode":"train","distance_km":"51.9"},"geometry":{"type":"LineString","coordinates":[[24.04979,49.8532],[24.0526,49.8534],[24.05728,49.85333],[24.06359,49.85355],[24.067,49.85402],[24.06867,49.85479],[24.06925,49.85536],[24.06958,49.85601],[24.07233,49.86726],[24.07284,49.86836],[24.07787,49.87457],[24.07875,49.87525],[24.08102,49.87626],[24.08191,49.87685],[24.08277,49.87777],[24.08448,49.88032],[24.08531,49.88094],[24.08642,49.88137],[24.09863,49.88397],[24.10695,49.88673],[24.10948,49.88721],[24.12415,49.88806],[24.12549,49.88794],[24.12928,49.88712],[24.14532,49.88608],[24.16935,49.88604],[24.17184,49.88632],[24.17816,49.88829],[24.18138,49.8886],[24.18243,49.88889],[24.18318,49.88929],[24.18712,49.89324],[24.19241,49.89552],[24.19378,49.89637],[24.21576,49.9145],[24.21713,49.91519],[24.22036,49.91605],[24.22138,49.91677],[24.22189,49.91754],[24.23162,49.9377],[24.23254,49.94003],[24.23285,49.9632],[24.23259,49.9639],[24.231,49.9656],[24.22998,49.96799],[24.2279,49.97136],[24.22771,49.97202],[24.22773,49.97286],[24.22846,49.97423],[24.22946,49.97492],[24.23088,49.97537],[24.25191,49.97866],[24.25367,49.97912],[24.25538,49.97998],[24.26643,49.98748],[24.27186,49.99312],[24.27252,49.99405],[24.27316,49.99573],[24.27584,50.00426],[24.2763,50.0053],[24.27736,50.00638],[24.28598,50.01328],[24.2873,50.01419],[24.32189,50.03267],[24.3228,50.03323],[24.32366,50.03405],[24.33183,50.04416],[24.33216,50.04476],[24.33222,50.04581],[24.33062,50.05479],[24.33063,50.05589],[24.33415,50.06973],[24.3347,50.07303],[24.33525,50.07422],[24.33647,50.07595],[24.33686,50.07705],[24.33724,50.07957],[24.33815,50.08952],[24.33791,50.09114],[24.33724,50.09231],[24.32863,50.10249],[24.32813,50.10415],[24.32826,50.10543],[24.32916,50.10712],[24.33067,50.10881],[24.33763,50.11339],[24.33951,50.11499],[24.34588,50.12351],[24.34656,50.12517],[24.34655,50.12647],[24.34617,50.12756],[24.34566,50.12838],[24.34272,50.13168],[24.34224,50.13279],[24.34217,50.13429],[24.3496,50.16691],[24.35036,50.169],[24.35433,50.17815],[24.35483,50.18035],[24.3549,50.18136],[24.35484,50.1833],[24.35409,50.18894],[24.35083,50.19861]]}},{"type":"Feature","properties":{"name":"1990і_Lviv_Kherson (1,027.6km)","mode":"train","distance_km":"1025.5"},"geometry":{"type":"LineString","coordinates":[[23.99381,49.84],[23.99493,49.84193],[23.99494,49.84265],[23.99458,49.84364],[23.99198,49.8473],[23.98558,49.85448],[23.98512,49.8553],[23.98484,49.85665],[23.98512,49.8583],[23.98601,49.85954],[23.9903,49.86323],[23.99144,49.86373],[23.99284,49.86402],[23.99446,49.86405],[23.99761,49.86369],[23.99985,49.863],[24.00376,49.86002],[24.00578,49.85871],[24.01199,49.85587],[24.0186,49.85208],[24.02017,49.8515],[24.02161,49.85122],[24.03022,49.85061],[24.0406,49.85221],[24.04312,49.85245],[24.05239,49.85306],[24.06443,49.85321],[24.06903,49.85275],[24.0922,49.85161],[24.11735,49.84881],[24.12842,49.84738],[24.16087,49.84625],[24.16449,49.84581],[24.17525,49.84374],[24.17777,49.84354],[24.17959,49.84362],[24.18132,49.84383],[24.19602,49.84667],[24.19845,49.84747],[24.19991,49.84838],[24.20051,49.84893],[24.20495,49.8555],[24.20556,49.85618],[24.20668,49.85703],[24.20762,49.85752],[24.21039,49.85831],[24.28702,49.86197],[24.30617,49.86437],[24.31858,49.86413],[24.32078,49.86431],[24.32262,49.86463],[24.32463,49.86522],[24.3579,49.87674],[24.36002,49.87726],[24.3629,49.87765],[24.43289,49.87778],[24.44477,49.87788],[24.44879,49.87821],[24.4549,49.87945],[24.54762,49.90166],[24.59907,49.91514],[24.60142,49.9156],[24.60479,49.91598],[24.61109,49.91633],[24.6222,49.91748],[24.62407,49.91738],[24.62586,49.91687],[24.62721,49.91609],[24.64548,49.8991],[24.64651,49.89827],[24.64836,49.8972],[24.65047,49.89635],[24.70182,49.87971],[24.72679,49.86865],[24.72842,49.8675],[24.72962,49.8661],[24.73268,49.85889],[24.73396,49.85708],[24.73544,49.85563],[24.74908,49.84405],[24.75879,49.83262],[24.75957,49.83187],[24.76047,49.83123],[24.76234,49.83042],[24.78243,49.82463],[24.7846,49.8234],[24.78873,49.82008],[24.79077,49.8187],[24.79707,49.81454],[24.79878,49.81371],[24.80206,49.81287],[24.84524,49.80699],[24.84926,49.80611],[24.86828,49.79993],[24.87033,49.79888],[24.87895,49.7937],[24.89843,49.78656],[24.90167,49.78584],[24.9609,49.77582],[24.96291,49.7752],[24.97486,49.77015],[24.9766,49.76955],[24.97823,49.76929],[24.984,49.769],[24.98636,49.76874],[25.00022,49.76593],[25.01797,49.75855],[25.02025,49.7572],[25.02734,49.75215],[25.02911,49.75117],[25.03047,49.7507],[25.0419,49.7486],[25.04422,49.74844],[25.04696,49.74887],[25.05224,49.75087],[25.05476,49.75123],[25.0571,49.7511],[25.05931,49.75053],[25.08338,49.74203],[25.08454,49.74139],[25.08872,49.73841],[25.09108,49.73635],[25.10234,49.72108],[25.10324,49.72008],[25.12815,49.69845],[25.13045,49.6955],[25.13774,49.68443],[25.14372,49.67835],[25.145,49.67751],[25.14661,49.67686],[25.15002,49.67629],[25.17039,49.67468],[25.1783,49.67385],[25.18103,49.67333],[25.20145,49.66719],[25.20721,49.66575],[25.21896,49.66217],[25.22105,49.66098],[25.22861,49.65552],[25.23043,49.65463],[25.2592,49.64807],[25.26169,49.64776],[25.26449,49.64775],[25.29978,49.64927],[25.32474,49.64843],[25.32683,49.64794],[25.3286,49.64711],[25.34089,49.6371],[25.34251,49.6362],[25.34415,49.63571],[25.34721,49.63546],[25.3635,49.63648],[25.37364,49.63611],[25.37586,49.63632],[25.38151,49.63735],[25.38388,49.63757],[25.39104,49.637],[25.39284,49.63662],[25.39409,49.63615],[25.40348,49.63059],[25.40572,49.62962],[25.40763,49.62904],[25.41095,49.62863],[25.42565,49.62842],[25.42796,49.62813],[25.43009,49.6276],[25.43166,49.62702],[25.43357,49.62605],[25.43828,49.62256],[25.43963,49.62175],[25.44278,49.62053],[25.44467,49.62015],[25.4465,49.6201],[25.44791,49.62025],[25.45191,49.62097],[25.45386,49.62162],[25.45564,49.62276],[25.46015,49.6274],[25.46184,49.62827],[25.46354,49.62875],[25.46645,49.62894],[25.46791,49.62879],[25.47064,49.6282],[25.472,49.62811],[25.48879,49.62848],[25.49977,49.63023],[25.50529,49.63192],[25.50748,49.632],[25.50931,49.6316],[25.51069,49.63089],[25.51576,49.62706],[25.52798,49.6195],[25.53074,49.6181],[25.53962,49.61438],[25.54156,49.61322],[25.54318,49.61163],[25.54768,49.60444],[25.54889,49.6032],[25.55022,49.60255],[25.55974,49.59918],[25.56441,49.59594],[25.56872,49.59192],[25.56937,49.59094],[25.57115,49.58727],[25.5728,49.58526],[25.57784,49.58045],[25.57937,49.57957],[25.5826,49.57815],[25.58475,49.57659],[25.5912,49.569],[25.59316,49.56641],[25.59661,49.56251],[25.59764,49.56107],[25.59877,49.55846],[25.60108,49.55392],[25.60295,49.54965],[25.60376,49.54847],[25.60596,49.54688],[25.62827,49.53438],[25.63067,49.53321],[25.63333,49.53237],[25.7237,49.51466],[25.72837,49.51391],[25.7325,49.51296],[25.73428,49.51287],[25.73597,49.51305],[25.74666,49.51543],[25.74799,49.51601],[25.74924,49.51694],[25.74982,49.51771],[25.75018,49.51869],[25.75004,49.52023],[25.74892,49.5244],[25.74895,49.52525],[25.74931,49.52611],[25.75075,49.52784],[25.75145,49.52845],[25.75561,49.53101],[25.75745,49.53183],[25.76238,49.53318],[25.76522,49.53361],[25.77743,49.5318],[25.77934,49.53189],[25.78504,49.53299],[25.78697,49.53309],[25.79585,49.53149],[25.79735,49.53141],[25.79963,49.53184],[25.80108,49.5326],[25.80179,49.53321],[25.80241,49.53415],[25.81604,49.56323],[25.8169,49.56466],[25.81775,49.56566],[25.83873,49.58602],[25.84101,49.5879],[25.86989,49.60544],[25.87202,49.60618],[25.87417,49.60637],[25.87591,49.60619],[25.87749,49.60572],[25.89211,49.59811],[25.89389,49.59737],[25.89597,49.59686],[25.89921,49.59663],[25.93377,49.59617],[25.93584,49.59588],[25.93788,49.59518],[25.95612,49.58332],[25.96456,49.57532],[25.96575,49.57382],[25.96614,49.57225],[25.96584,49.57085],[25.96409,49.56691],[25.96413,49.56567],[25.96466,49.56458],[25.96591,49.5634],[25.97608,49.55635],[25.97746,49.55558],[25.97881,49.5551],[25.98472,49.55418],[26.006,49.55224],[26.02318,49.54887],[26.0245,49.54877],[26.02656,49.54891],[26.02829,49.54922],[26.04074,49.55418],[26.04344,49.55487],[26.04537,49.55496],[26.04964,49.55442],[26.05377,49.55437],[26.06076,49.55402],[26.06378,49.55448],[26.06843,49.55587],[26.07189,49.556],[26.07382,49.55584],[26.07613,49.55514],[26.09328,49.54768],[26.09473,49.54686],[26.09908,49.54382],[26.12889,49.5306],[26.13068,49.53017],[26.14555,49.52837],[26.15919,49.5246],[26.16194,49.52408],[26.16936,49.52334],[26.17169,49.52325],[26.17394,49.52338],[26.17733,49.52397],[26.17976,49.52475],[26.18162,49.52564],[26.1911,49.53235],[26.19344,49.53321],[26.19657,49.5336],[26.19825,49.53353],[26.2364,49.52892],[26.31028,49.52711],[26.31552,49.52674],[26.32103,49.52603],[26.39795,49.51284],[26.40131,49.5117],[26.41795,49.50471],[26.42127,49.50348],[26.46203,49.49278],[26.46536,49.49229],[26.46933,49.4924],[26.49779,49.49564],[26.50135,49.49623],[26.5048,49.49711],[26.5419,49.50883],[26.54723,49.50998],[26.55267,49.51044],[26.55683,49.51035],[26.57385,49.5088],[26.57691,49.50866],[26.6264,49.5089],[26.63526,49.50941],[26.63811,49.50938],[26.64163,49.50883],[26.68577,49.49947],[26.68962,49.49889],[26.6945,49.49865],[26.72426,49.49914],[26.72767,49.49898],[26.73091,49.49855],[26.74109,49.49605],[26.78,49.48574],[26.82873,49.46929],[26.89747,49.45593],[26.90192,49.45478],[26.91624,49.44917],[26.91764,49.44835],[26.91921,49.44701],[26.92107,49.44602],[26.94228,49.43696],[26.94353,49.43592],[26.94755,49.43071],[26.95097,49.42827],[26.95523,49.42455],[26.95912,49.42195],[26.96177,49.42064],[26.96427,49.41967],[26.97285,49.41714],[26.9749,49.41676],[26.97688,49.4166],[26.98067,49.41676],[26.99413,49.41886],[26.99707,49.41892],[26.99973,49.41865],[27.0502,49.40609],[27.054,49.40482],[27.1014,49.38516],[27.10384,49.38428],[27.14859,49.37158],[27.18951,49.35866],[27.1916,49.35766],[27.19361,49.35624],[27.19691,49.35273],[27.19909,49.35096],[27.2051,49.34826],[27.21102,49.34416],[27.21785,49.34126],[27.22017,49.33979],[27.222,49.33793],[27.2281,49.32992],[27.23102,49.32523],[27.23318,49.32308],[27.23444,49.32213],[27.23557,49.32158],[27.23719,49.32111],[27.24504,49.31976],[27.24994,49.31872],[27.25473,49.31727],[27.25745,49.31619],[27.25938,49.31511],[27.26124,49.31369],[27.27232,49.3012],[27.2733,49.30034],[27.27509,49.29917],[27.28631,49.29457],[27.30922,49.28679],[27.32738,49.28236],[27.34446,49.2769],[27.35003,49.27568],[27.38021,49.27236],[27.38777,49.27219],[27.40422,49.27019],[27.41308,49.26812],[27.42644,49.26723],[27.44798,49.26611],[27.45069,49.26574],[27.45343,49.26498],[27.45566,49.26399],[27.45757,49.26275],[27.46645,49.25523],[27.46792,49.25368],[27.46909,49.25205],[27.47155,49.24784],[27.47232,49.24612],[27.47287,49.24435],[27.47347,49.24075],[27.47445,49.23645],[27.47814,49.22704],[27.47923,49.22521],[27.48003,49.22432],[27.482,49.22278],[27.48315,49.22213],[27.49084,49.21839],[27.49602,49.21622],[27.49787,49.21525],[27.50777,49.20725],[27.50899,49.20644],[27.51059,49.20571],[27.51232,49.20527],[27.51429,49.20507],[27.51666,49.20521],[27.51843,49.20563],[27.52083,49.20674],[27.52728,49.21118],[27.52906,49.21191],[27.53143,49.21254],[27.5353,49.21276],[27.55179,49.21151],[27.55534,49.21153],[27.55931,49.21214],[27.57006,49.2154],[27.5734,49.21574],[27.57579,49.2156],[27.57873,49.21495],[27.58912,49.2111],[27.59213,49.21028],[27.60157,49.20896],[27.614,49.20801],[27.62909,49.20505],[27.64566,49.20287],[27.64794,49.20245],[27.64998,49.20183],[27.65155,49.20116],[27.65568,49.19877],[27.65775,49.19777],[27.6743,49.19197],[27.67749,49.19129],[27.68593,49.1905],[27.69054,49.18973],[27.70734,49.18493],[27.70974,49.18379],[27.71159,49.18234],[27.72023,49.17058],[27.72154,49.16932],[27.72239,49.16875],[27.72477,49.16752],[27.75076,49.15553],[27.75276,49.15405],[27.75946,49.14766],[27.76206,49.14618],[27.76714,49.14387],[27.76933,49.14251],[27.77047,49.14142],[27.77326,49.13797],[27.77416,49.13719],[27.77571,49.13622],[27.77855,49.13516],[27.78383,49.13425],[27.78644,49.1336],[27.80229,49.12609],[27.81712,49.11555],[27.81875,49.11421],[27.82053,49.11223],[27.82142,49.11151],[27.82375,49.11024],[27.82642,49.10952],[27.87772,49.09932],[27.8838,49.09833],[27.88692,49.09826],[27.88958,49.09848],[27.91459,49.10314],[27.91819,49.10347],[27.92052,49.10341],[27.92364,49.10299],[27.93986,49.09956],[27.97286,49.08771],[27.97506,49.08662],[27.97652,49.08552],[27.97778,49.08404],[27.97835,49.08292],[27.97865,49.08186],[27.97849,49.06846],[27.97866,49.06719],[27.97898,49.0662],[27.97966,49.0649],[27.98412,49.05788],[27.98615,49.05613],[27.98866,49.05481],[27.99077,49.05413],[27.99327,49.05367],[28.02144,49.05159],[28.02451,49.05107],[28.02747,49.05006],[28.03853,49.04455],[28.04084,49.04357],[28.04242,49.04308],[28.04409,49.04278],[28.05111,49.04244],[28.05458,49.04163],[28.06365,49.037],[28.06703,49.03556],[28.06871,49.035],[28.07093,49.0349],[28.07498,49.03429],[28.07741,49.0343],[28.08196,49.03508],[28.0865,49.03516],[28.09627,49.03691],[28.09768,49.03701],[28.10179,49.03653],[28.10778,49.03545],[28.10947,49.03487],[28.11318,49.03276],[28.11559,49.0309],[28.11816,49.02852],[28.12526,49.02079],[28.12654,49.01973],[28.12854,49.01855],[28.13087,49.01761],[28.13244,49.0172],[28.15374,49.01299],[28.156,49.01228],[28.15802,49.01138],[28.15991,49.01013],[28.16165,49.00844],[28.16266,49.00682],[28.16539,49.00122],[28.16578,48.9996],[28.16584,48.99823],[28.16484,48.99218],[28.16484,48.99058],[28.16508,48.98943],[28.16564,48.98813],[28.16715,48.98613],[28.16949,48.98431],[28.17255,48.9829],[28.19914,48.97587],[28.20154,48.97489],[28.20305,48.97402],[28.20437,48.973],[28.20545,48.97185],[28.20631,48.97062],[28.20688,48.96936],[28.20714,48.96831],[28.20771,48.95077],[28.20832,48.94876],[28.20942,48.94709],[28.21052,48.94593],[28.21232,48.94461],[28.24112,48.9279],[28.24249,48.92694],[28.25927,48.90893],[28.26208,48.90617],[28.26481,48.90411],[28.27435,48.89821],[28.28943,48.88936],[28.29271,48.8878],[28.30514,48.88246],[28.30746,48.88162],[28.3105,48.88081],[28.31423,48.88024],[28.34304,48.87891],[28.34656,48.8784],[28.34943,48.87756],[28.38355,48.86522],[28.38648,48.86441],[28.39261,48.86313],[28.39583,48.86201],[28.39828,48.86058],[28.40018,48.85882],[28.40105,48.85761],[28.40395,48.85246],[28.40475,48.85062],[28.40765,48.83841],[28.40855,48.8367],[28.41037,48.83481],[28.41287,48.83329],[28.45875,48.812],[28.4619,48.81028],[28.46488,48.80809],[28.46676,48.80624],[28.46823,48.80442],[28.46934,48.80256],[28.47018,48.80062],[28.47073,48.79844],[28.47253,48.78519],[28.47299,48.78375],[28.47359,48.78255],[28.47479,48.78127],[28.47672,48.78009],[28.47837,48.77947],[28.48332,48.77839],[28.48526,48.77778],[28.48707,48.77681],[28.48858,48.77547],[28.50313,48.75206],[28.50401,48.751],[28.50776,48.74728],[28.50861,48.74604],[28.50923,48.74467],[28.50953,48.74254],[28.50926,48.74081],[28.50828,48.73875],[28.5071,48.73735],[28.50577,48.73623],[28.50439,48.73535],[28.49402,48.73033],[28.49229,48.72899],[28.49125,48.72773],[28.49068,48.72654],[28.49039,48.72546],[28.49052,48.72341],[28.49084,48.72251],[28.49157,48.72131],[28.49349,48.71948],[28.49616,48.71808],[28.49938,48.71726],[28.55826,48.71068],[28.56343,48.70959],[28.56769,48.70813],[28.56939,48.70734],[28.63076,48.67328],[28.66872,48.64813],[28.7328,48.59002],[28.73384,48.5889],[28.73506,48.58724],[28.73631,48.5847],[28.7369,48.582],[28.73684,48.58],[28.73606,48.57714],[28.73544,48.57585],[28.7343,48.57415],[28.72392,48.56238],[28.72294,48.56059],[28.72252,48.55868],[28.72275,48.55648],[28.72363,48.55452],[28.73265,48.54302],[28.73588,48.54],[28.73852,48.53858],[28.74851,48.53256],[28.75165,48.53033],[28.76205,48.524],[28.76422,48.52217],[28.76522,48.52088],[28.76591,48.51954],[28.7729,48.49904],[28.77399,48.49732],[28.77548,48.49583],[28.77744,48.4945],[28.78008,48.49333],[28.78205,48.49278],[28.79219,48.49072],[28.79399,48.4901],[28.79566,48.48924],[28.79722,48.48803],[28.79821,48.48691],[28.79891,48.48562],[28.8003,48.48147],[28.80095,48.48019],[28.80219,48.47856],[28.80392,48.47698],[28.80594,48.47566],[28.83519,48.45996],[28.8372,48.45855],[28.83892,48.45662],[28.83995,48.4545],[28.84376,48.4435],[28.84401,48.44122],[28.84379,48.43994],[28.84331,48.43875],[28.83361,48.42103],[28.83297,48.41926],[28.83279,48.41792],[28.83285,48.41652],[28.83424,48.41146],[28.83444,48.40928],[28.83424,48.40798],[28.83268,48.40285],[28.83254,48.40127],[28.83298,48.39951],[28.83382,48.39815],[28.83534,48.39664],[28.83738,48.39542],[28.85728,48.38705],[28.85927,48.38598],[28.86063,48.38499],[28.86266,48.38276],[28.87164,48.3695],[28.87319,48.36773],[28.90033,48.34817],[28.9108,48.33902],[28.91429,48.33618],[28.95349,48.29442],[28.9543,48.29336],[28.95523,48.29151],[28.95545,48.29057],[28.95551,48.28913],[28.95513,48.28732],[28.95407,48.2853],[28.95232,48.28345],[28.93564,48.2702],[28.93436,48.26868],[28.93369,48.26744],[28.93325,48.26587],[28.9332,48.26427],[28.9337,48.2623],[28.93732,48.25403],[28.93805,48.25275],[28.94074,48.25014],[28.94732,48.24573],[28.94893,48.24422],[28.94969,48.24323],[28.95052,48.24161],[28.95102,48.24007],[28.95125,48.23838],[28.9513,48.23582],[28.95183,48.23408],[28.9527,48.23268],[28.95877,48.22447],[28.96028,48.22312],[28.96232,48.22185],[28.98915,48.20848],[28.99153,48.2077],[28.99401,48.20723],[29.00005,48.20698],[29.00274,48.2067],[29.0054,48.20608],[29.00798,48.20506],[29.01048,48.20348],[29.0248,48.19207],[29.0263,48.19058],[29.0278,48.18876],[29.02963,48.18552],[29.03018,48.18402],[29.03198,48.17725],[29.03328,48.1702],[29.0341,48.16847],[29.03561,48.16665],[29.03737,48.16526],[29.03947,48.16414],[29.04687,48.1617],[29.05384,48.15967],[29.05967,48.15687],[29.06342,48.15419],[29.08873,48.13317],[29.09078,48.13163],[29.09555,48.12881],[29.0972,48.12745],[29.09842,48.12587],[29.09886,48.12498],[29.09929,48.1232],[29.09915,48.12142],[29.09808,48.11791],[29.09803,48.11611],[29.09821,48.11521],[29.09893,48.11348],[29.09947,48.11265],[29.10357,48.107],[29.10513,48.10537],[29.11921,48.0927],[29.12118,48.09128],[29.13912,48.08035],[29.14104,48.07901],[29.14184,48.07827],[29.14304,48.07676],[29.15605,48.05794],[29.17884,48.03523],[29.17976,48.03399],[29.18256,48.02797],[29.18365,48.02633],[29.19416,48.01694],[29.19597,48.01563],[29.19716,48.01497],[29.20633,48.01151],[29.22105,48.00719],[29.22341,48.00633],[29.23604,47.9997],[29.23791,47.9984],[29.27022,47.97263],[29.27138,47.97144],[29.27241,47.96985],[29.2752,47.96224],[29.27619,47.96056],[29.2794,47.95679],[29.28036,47.95602],[29.28406,47.95368],[29.28581,47.95213],[29.29891,47.9368],[29.30488,47.92911],[29.30652,47.9272],[29.30896,47.92446],[29.31355,47.92042],[29.31408,47.91969],[29.31469,47.91842],[29.31526,47.91538],[29.31586,47.91403],[29.3168,47.91281],[29.31965,47.90978],[29.3214,47.90656],[29.32236,47.90531],[29.32567,47.9022],[29.33124,47.89831],[29.33247,47.89724],[29.34055,47.88791],[29.34144,47.88705],[29.3443,47.8852],[29.34779,47.884],[29.35133,47.88348],[29.35497,47.88359],[29.3588,47.88445],[29.36475,47.88705],[29.36698,47.88773],[29.36912,47.8881],[29.37123,47.88821],[29.37459,47.88789],[29.37687,47.8873],[29.39555,47.88108],[29.452,47.86446],[29.4551,47.86385],[29.45711,47.86371],[29.45976,47.86379],[29.4636,47.86457],[29.46698,47.86602],[29.47326,47.86985],[29.47612,47.87095],[29.47838,47.87144],[29.47994,47.87159],[29.48232,47.87156],[29.48409,47.87135],[29.48625,47.87086],[29.48804,47.87026],[29.48931,47.86962],[29.50328,47.858],[29.51197,47.85218],[29.51393,47.85139],[29.51572,47.85118],[29.51716,47.85128],[29.51902,47.85187],[29.52675,47.8572],[29.52855,47.8593],[29.53738,47.87222],[29.5392,47.87433],[29.5408,47.87549],[29.54349,47.87679],[29.55232,47.87946],[29.55516,47.87993],[29.55712,47.88001],[29.55936,47.87989],[29.56178,47.87946],[29.58645,47.87157],[29.58807,47.87115],[29.59065,47.87077],[29.59305,47.87072],[29.59478,47.87086],[29.61531,47.87463],[29.61764,47.87486],[29.62304,47.87457],[29.63857,47.87243],[29.64059,47.87232],[29.64238,47.8725],[29.64418,47.87294],[29.64598,47.87377],[29.64685,47.87438],[29.64828,47.87593],[29.65309,47.88229],[29.65481,47.88365],[29.65647,47.88439],[29.65834,47.88485],[29.65967,47.88499],[29.66167,47.88493],[29.69522,47.87922],[29.73476,47.87224],[29.83197,47.84435],[29.83506,47.84399],[29.83679,47.84397],[29.85427,47.84528],[29.85628,47.84515],[29.85858,47.84477],[29.86049,47.84422],[29.86257,47.84335],[29.88187,47.83326],[29.88366,47.83257],[29.8865,47.83189],[29.89061,47.8317],[29.94534,47.83538],[29.94752,47.8354],[29.95119,47.83491],[29.97741,47.82673],[29.98756,47.82322],[30.01356,47.8065],[30.01648,47.8055],[30.01958,47.80523],[30.0221,47.80539],[30.02492,47.80599],[30.08408,47.82139],[30.08567,47.82201],[30.087,47.82273],[30.08868,47.82389],[30.0899,47.8251],[30.10987,47.85647],[30.1105,47.8572],[30.11202,47.85833],[30.11394,47.85915],[30.11602,47.85958],[30.11762,47.85966],[30.11933,47.85949],[30.13837,47.85651],[30.14192,47.85643],[30.17825,47.86186],[30.18032,47.86203],[30.18325,47.86182],[30.1855,47.86131],[30.18679,47.86084],[30.21215,47.84915],[30.21508,47.84822],[30.21801,47.84779],[30.2202,47.84776],[30.25525,47.84947],[30.25683,47.84938],[30.26039,47.84885],[30.26407,47.84782],[30.31546,47.83101],[30.31946,47.83052],[30.32366,47.83078],[30.36822,47.83694],[30.37157,47.83754],[30.37302,47.83795],[30.37534,47.83894],[30.37717,47.84013],[30.39727,47.85446],[30.3981,47.85494],[30.40029,47.8558],[30.40271,47.85632],[30.40503,47.85647],[30.40725,47.8563],[30.46925,47.84634],[30.47359,47.846],[30.47553,47.84619],[30.56182,47.86543],[30.56465,47.86667],[30.6031,47.88612],[30.60574,47.8873],[30.60924,47.88838],[30.64545,47.89717],[30.68119,47.91041],[30.68351,47.91114],[30.68672,47.91153],[30.68993,47.91132],[30.72031,47.90521],[30.72235,47.90497],[30.72485,47.90498],[30.78408,47.91199],[30.82808,47.91738],[30.82988,47.91767],[30.83174,47.91818],[30.83446,47.91949],[30.83604,47.92077],[30.85692,47.94076],[30.85794,47.94185],[30.85881,47.94313],[30.85959,47.94524],[30.85972,47.94649],[30.85961,47.94768],[30.85611,47.95796],[30.8554,47.95951],[30.8545,47.96073],[30.85189,47.96277],[30.8368,47.97143],[30.81856,47.98163],[30.81666,47.98288],[30.81563,47.98383],[30.80798,47.99247],[30.80721,47.99421],[30.80713,47.99529],[30.80735,47.99638],[30.8081,47.99768],[30.80931,47.99885],[30.81587,48.0028],[30.81756,48.00424],[30.81824,48.00528],[30.81857,48.00622],[30.81953,48.01446],[30.81981,48.01549],[30.82039,48.01662],[30.82109,48.01751],[30.82209,48.01838],[30.83356,48.02628],[30.83518,48.02771],[30.83597,48.02876],[30.8365,48.02983],[30.83932,48.03793],[30.84041,48.03918],[30.84242,48.0403],[30.84433,48.04074],[30.86077,48.04191],[30.8664,48.04339],[30.8679,48.04348],[30.86968,48.04309],[30.87119,48.04223],[30.87191,48.04148],[30.87355,48.03896],[30.87452,48.03802],[30.87623,48.03703],[30.87872,48.03633],[30.88119,48.03623],[30.88292,48.03647],[30.89005,48.03905],[30.89182,48.03943],[30.89394,48.03956],[30.89599,48.03932],[30.9115,48.03554],[30.91397,48.03532],[30.92259,48.03627],[30.92448,48.03666],[30.92657,48.03766],[30.92775,48.0388],[30.92819,48.03947],[30.92858,48.04068],[30.92844,48.04188],[30.92802,48.04283],[30.9187,48.05524],[30.91042,48.06288],[30.90984,48.06392],[30.90567,48.07672],[30.90513,48.07758],[30.90429,48.07844],[30.90088,48.08084],[30.90008,48.08159],[30.89919,48.08312],[30.89551,48.09891],[30.89474,48.10344],[30.89298,48.11125],[30.89322,48.11341],[30.89388,48.11564],[30.89445,48.11663],[30.89527,48.11759],[30.90877,48.12679],[30.91016,48.12742],[30.91254,48.12809],[30.91449,48.12821],[30.91687,48.12802],[30.91875,48.12749],[30.94458,48.11542],[30.94701,48.11462],[30.94891,48.11433],[30.96946,48.11286],[30.97138,48.11296],[30.97372,48.11341],[30.97611,48.11425],[30.97794,48.11536],[30.98813,48.12372],[30.99051,48.12489],[30.99202,48.12535],[30.99557,48.12585],[31.03741,48.12425],[31.08924,48.12568],[31.09461,48.12509],[31.14034,48.11752],[31.14261,48.11739],[31.14496,48.11759],[31.17191,48.12356],[31.17394,48.12425],[31.25312,48.16493],[31.25823,48.16705],[31.26525,48.16832],[31.36718,48.18479],[31.36933,48.18533],[31.37294,48.18676],[31.39566,48.19704],[31.40175,48.19955],[31.40458,48.20015],[31.40782,48.20031],[31.41376,48.1999],[31.41696,48.1992],[31.41957,48.19795],[31.4215,48.19626],[31.43579,48.17607],[31.43768,48.1737],[31.4531,48.15839],[31.45724,48.15469],[31.45883,48.15277],[31.45953,48.15161],[31.46002,48.15041],[31.46358,48.13792],[31.46465,48.1354],[31.46571,48.13372],[31.47246,48.12544],[31.47643,48.12029],[31.4772,48.11911],[31.47762,48.11806],[31.48271,48.09835],[31.48287,48.09722],[31.48254,48.09276],[31.48223,48.09098],[31.48156,48.08938],[31.4798,48.08658],[31.47883,48.08555],[31.4738,48.08111],[31.47319,48.08031],[31.47238,48.07883],[31.472,48.07741],[31.46864,48.05669],[31.46821,48.05524],[31.46702,48.05324],[31.45865,48.04336],[31.45283,48.03734],[31.42908,48.01201],[31.42752,48.01048],[31.42496,48.00867],[31.42159,48.00708],[31.30998,47.9627],[31.30727,47.9613],[31.30505,47.95965],[31.2917,47.94734],[31.28643,47.93691],[31.28521,47.93499],[31.2833,47.93303],[31.27804,47.92987],[31.277,47.92891],[31.27644,47.92812],[31.27593,47.92689],[31.27273,47.91654],[31.27241,47.91382],[31.27278,47.91094],[31.28126,47.87852],[31.28158,47.87651],[31.28152,47.87399],[31.28116,47.87221],[31.28057,47.87045],[31.27038,47.85012],[31.26958,47.84803],[31.25674,47.79611],[31.25642,47.79419],[31.25662,47.79232],[31.25708,47.79082],[31.2597,47.78374],[31.26017,47.78254],[31.26176,47.78026],[31.29121,47.75107],[31.29311,47.74862],[31.2941,47.74632],[31.30253,47.71249],[31.30403,47.70775],[31.30444,47.70688],[31.30706,47.70323],[31.31033,47.69904],[31.31095,47.69778],[31.31539,47.68061],[31.31545,47.67947],[31.31518,47.67829],[31.31418,47.67611],[31.31379,47.67436],[31.31419,47.67083],[31.31418,47.66916],[31.31348,47.66757],[31.31271,47.66666],[31.31002,47.66428],[31.30921,47.6632],[31.30471,47.65546],[31.30168,47.64986],[31.30087,47.64803],[31.30036,47.6456],[31.30033,47.64426],[31.30094,47.641],[31.30363,47.62191],[31.30451,47.61984],[31.31276,47.60637],[31.31406,47.60392],[31.3146,47.60229],[31.31488,47.60049],[31.31509,47.58924],[31.31532,47.58808],[31.316,47.58644],[31.32397,47.57282],[31.3249,47.5703],[31.32509,47.56801],[31.32465,47.55633],[31.32481,47.55551],[31.32589,47.55379],[31.32683,47.55295],[31.32825,47.5521],[31.35149,47.54368],[31.3532,47.54274],[31.35428,47.5419],[31.35535,47.54063],[31.35596,47.53934],[31.35694,47.53233],[31.35774,47.53098],[31.35836,47.53029],[31.35962,47.5294],[31.36067,47.5289],[31.36325,47.52805],[31.36509,47.52721],[31.36758,47.52529],[31.37207,47.52245],[31.37573,47.5191],[31.37943,47.51491],[31.38857,47.50353],[31.39202,47.49983],[31.39258,47.49896],[31.39297,47.49773],[31.39297,47.49674],[31.39251,47.49528],[31.39203,47.49451],[31.39083,47.49338],[31.38985,47.49277],[31.38831,47.49211],[31.38626,47.49159],[31.38126,47.49072],[31.37884,47.49052],[31.3758,47.49092],[31.35392,47.49715],[31.34999,47.49743],[31.34739,47.49719],[31.34574,47.49684],[31.34352,47.49611],[31.34214,47.49546],[31.34055,47.49445],[31.32647,47.48354],[31.32535,47.48306],[31.32376,47.48265],[31.32199,47.48252],[31.31454,47.48347],[31.31171,47.48342],[31.3092,47.48279],[31.3003,47.47973],[31.29766,47.47872],[31.29485,47.47723],[31.2766,47.46702],[31.27438,47.46544],[31.27177,47.4626],[31.26219,47.4508],[31.26097,47.44902],[31.26014,47.44704],[31.25765,47.44044],[31.2555,47.4317],[31.25537,47.43003],[31.25576,47.42592],[31.2543,47.42078],[31.25313,47.41251],[31.25313,47.41124],[31.25354,47.409],[31.25455,47.40643],[31.25565,47.4048],[31.26116,47.39827],[31.26205,47.39657],[31.2629,47.39165],[31.26556,47.38457],[31.26605,47.38254],[31.26683,47.37024],[31.26681,47.36917],[31.26635,47.36766],[31.26537,47.36632],[31.26353,47.36496],[31.25419,47.36016],[31.2524,47.35956],[31.25063,47.35926],[31.24555,47.35926],[31.24231,47.35951],[31.21897,47.36374],[31.21699,47.36373],[31.21571,47.36353],[31.21375,47.3629],[31.21261,47.3623],[31.21096,47.36088],[31.20895,47.35792],[31.20871,47.35715],[31.20864,47.35613],[31.20926,47.35423],[31.21026,47.353],[31.21194,47.35182],[31.21339,47.35126],[31.21692,47.35034],[31.21934,47.34911],[31.22042,47.34811],[31.221,47.34732],[31.22157,47.34566],[31.22155,47.34439],[31.22111,47.34316],[31.2206,47.34241],[31.21868,47.34049],[31.21666,47.33913],[31.21401,47.33798],[31.21267,47.33758],[31.20932,47.33705],[31.20618,47.33704],[31.19696,47.3381],[31.19575,47.33813],[31.19403,47.33796],[31.19142,47.33721],[31.18991,47.33636],[31.18898,47.33555],[31.18126,47.32579],[31.17996,47.3245],[31.1776,47.32301],[31.17579,47.32213],[31.17393,47.3216],[31.17191,47.3214],[31.17046,47.32144],[31.16797,47.32191],[31.16541,47.32283],[31.1565,47.32904],[31.15443,47.33012],[31.15131,47.33111],[31.14967,47.33141],[31.14384,47.33182],[31.14079,47.33223],[31.12241,47.33639],[31.11865,47.33679],[31.11666,47.33681],[31.11218,47.33634],[31.10752,47.33521],[31.04318,47.3178],[31.03788,47.31584],[31.02774,47.31308],[31.02376,47.31164],[31.02314,47.31127],[31.02152,47.30947],[31.0227,47.31014],[31.02594,47.31071],[31.02769,47.31084],[31.03056,47.31071],[31.04745,47.30967],[31.05838,47.30772],[31.06026,47.30751],[31.09141,47.30683],[31.12622,47.30301],[31.15828,47.30189],[31.16223,47.30129],[31.20401,47.29279],[31.23405,47.28969],[31.23671,47.28953],[31.24212,47.28968],[31.33691,47.29516],[31.44678,47.30185],[31.44992,47.30184],[31.49434,47.29624],[31.49947,47.29539],[31.54445,47.28216],[31.56257,47.27677],[31.5653,47.27583],[31.56706,47.2749],[31.60902,47.24969],[31.67621,47.20915],[31.70502,47.19476],[31.73797,47.17517],[31.7407,47.17388],[31.75322,47.1691],[31.75578,47.16783],[31.76469,47.16168],[31.77024,47.15615],[31.78101,47.14785],[31.78874,47.14109],[31.79375,47.13821],[31.79638,47.13733],[31.79888,47.13696],[31.80154,47.13707],[31.80363,47.13764],[31.80529,47.13848],[31.80668,47.13967],[31.81107,47.14621],[31.81192,47.1472],[31.81281,47.14797],[31.81621,47.15006],[31.81779,47.15077],[31.82022,47.15128],[31.82381,47.15128],[31.82697,47.15084],[31.84822,47.14491],[31.85059,47.14406],[31.85187,47.14329],[31.85268,47.14258],[31.85331,47.14179],[31.85497,47.13896],[31.85962,47.1335],[31.86063,47.13254],[31.86144,47.13201],[31.86378,47.13105],[31.87071,47.12989],[31.87338,47.12897],[31.90285,47.11171],[31.90453,47.11096],[31.91018,47.10945],[31.91178,47.10886],[31.91932,47.10515],[31.92096,47.10416],[31.92277,47.10247],[31.92832,47.09501],[31.92948,47.0937],[31.93124,47.09237],[31.9395,47.08716],[31.94062,47.08622],[31.94169,47.08501],[31.94247,47.08377],[31.94299,47.08242],[31.94343,47.07871],[31.94382,47.07768],[31.95055,47.06943],[31.95518,47.05804],[31.95605,47.05677],[31.95764,47.05534],[31.9592,47.05441],[31.96175,47.05335],[31.96554,47.05226],[31.96693,47.05164],[31.96821,47.05078],[31.97112,47.04794],[31.97345,47.04668],[31.97859,47.0453],[31.98459,47.04452],[31.98708,47.04381],[31.98904,47.04268],[31.99138,47.04038],[31.99355,47.03907],[31.99499,47.03859],[31.99686,47.03828],[32.00429,47.03809],[32.0064,47.03778],[32.00949,47.03672],[32.01527,47.03391],[32.01665,47.03286],[32.01738,47.03193],[32.02317,47.02168],[32.02367,47.02032],[32.0238,47.01949],[32.02378,47.0149],[32.024,47.01406],[32.02456,47.01301],[32.02538,47.01207],[32.02625,47.01138],[32.03196,47.00793],[32.03329,47.00687],[32.03429,47.00554],[32.03642,47.00123],[32.03746,46.99996],[32.03856,46.99903],[32.04017,46.99809],[32.04149,46.99755],[32.05099,46.99523],[32.05292,46.99435],[32.05377,46.99352],[32.05421,46.99276],[32.05442,46.99188],[32.05428,46.98989],[32.0544,46.98895],[32.05485,46.98785],[32.05566,46.98684],[32.05838,46.98499],[32.06692,46.98039],[32.06904,46.97976],[32.0716,46.97955],[32.07956,46.98077],[32.08348,46.98067],[32.0866,46.98023],[32.08822,46.9798],[32.08989,46.97899],[32.09142,46.97761],[32.09207,46.9765],[32.09287,46.9744],[32.09347,46.97226],[32.0936,46.97119],[32.09304,46.96607],[32.09246,46.96462],[32.09166,46.96343],[32.09041,46.96216],[32.08622,46.95873],[32.08479,46.95792],[32.07648,46.95405],[32.07469,46.95288],[32.07354,46.95153],[32.07056,46.94595],[32.06961,46.94465],[32.05743,46.9331],[32.05628,46.93179],[32.05587,46.93108],[32.05565,46.92963],[32.05618,46.92806],[32.06268,46.91902],[32.06452,46.91759],[32.30273,46.81179],[32.32585,46.80138],[32.40388,46.7737],[32.44685,46.7548],[32.5513,46.70842],[32.55284,46.70757],[32.55485,46.70584],[32.55739,46.70221],[32.55857,46.70109],[32.56004,46.70028],[32.5637,46.69924],[32.56536,46.69855],[32.56677,46.69756],[32.56775,46.69645],[32.56823,46.69557],[32.56929,46.69259],[32.56947,46.69156],[32.5694,46.69059],[32.56914,46.68975],[32.56842,46.68858],[32.56602,46.68635],[32.56513,46.68504],[32.56481,46.68415],[32.56472,46.68318],[32.5649,46.68205],[32.56526,46.68122],[32.56623,46.67996],[32.56777,46.67881],[32.57911,46.6737],[32.58112,46.67227],[32.58217,46.67079],[32.5878,46.65766],[32.5882,46.6569],[32.589,46.65596],[32.59028,46.65505],[32.59186,46.65444],[32.59326,46.65414],[32.59498,46.65408],[32.59729,46.65444],[32.60454,46.65686]]}},{"type":"Feature","properties":{"name":"1990і_Lviv-Slavsko (137.9km)","mode":"train","distance_km":"137.7"},"geometry":{"type":"LineString","coordinates":[[23.99381,49.84],[23.99302,49.83881],[23.99234,49.83816],[23.99116,49.83751],[23.9896,49.837],[23.98156,49.83554],[23.97586,49.83414],[23.97276,49.83405],[23.96784,49.83474],[23.96583,49.83457],[23.94262,49.82705],[23.94054,49.82625],[23.93807,49.8246],[23.93141,49.81719],[23.91591,49.80321],[23.90825,49.79823],[23.90279,49.79557],[23.89777,49.79191],[23.89657,49.79075],[23.89493,49.78755],[23.89139,49.77692],[23.88537,49.76721],[23.8849,49.76532],[23.88502,49.76377],[23.88542,49.76191],[23.88889,49.75309],[23.88901,49.75176],[23.88894,49.74854],[23.88931,49.74713],[23.88987,49.74624],[23.89249,49.74356],[23.90064,49.73223],[23.9023,49.72917],[23.90512,49.72331],[23.90783,49.71864],[23.90832,49.71748],[23.90842,49.71626],[23.9081,49.71513],[23.90278,49.70526],[23.90242,49.70409],[23.90236,49.70299],[23.90257,49.70184],[23.90293,49.701],[23.9071,49.69413],[23.90795,49.69248],[23.90986,49.68511],[23.90999,49.68369],[23.90985,49.68275],[23.90902,49.68096],[23.90735,49.67925],[23.8868,49.66676],[23.87552,49.65811],[23.87222,49.65659],[23.86347,49.65328],[23.8597,49.65066],[23.8591,49.64993],[23.85876,49.64885],[23.85895,49.64775],[23.85938,49.64695],[23.86486,49.63976],[23.86543,49.6385],[23.86692,49.63375],[23.87489,49.62027],[23.87539,49.61815],[23.87512,49.61373],[23.87546,49.61189],[23.88218,49.59903],[23.8831,49.59792],[23.88446,49.59689],[23.88934,49.59439],[23.89158,49.59297],[23.90011,49.58549],[23.90153,49.58393],[23.90203,49.58312],[23.90272,49.58103],[23.90513,49.56509],[23.9051,49.56269],[23.90528,49.56201],[23.9058,49.56115],[23.91712,49.55125],[23.91845,49.54974],[23.93132,49.5268],[23.93243,49.52542],[23.93366,49.52443],[23.94552,49.51685],[23.94815,49.51497],[23.95739,49.50895],[23.95917,49.50723],[23.96266,49.50277],[23.96335,49.50156],[23.96343,49.50064],[23.9633,49.50007],[23.96271,49.49881],[23.95962,49.49359],[23.95896,49.49166],[23.95699,49.45495],[23.94668,49.39758],[23.94593,49.39555],[23.94446,49.39311],[23.94162,49.389],[23.9377,49.38261],[23.91107,49.34092],[23.87474,49.29958],[23.84963,49.26539],[23.84581,49.2625],[23.83332,49.25418],[23.8299,49.25211],[23.81779,49.24698],[23.8141,49.24515],[23.80571,49.24155],[23.74795,49.21396],[23.74489,49.21247],[23.74345,49.21153],[23.74257,49.21058],[23.69124,49.14472],[23.68964,49.14304],[23.67634,49.13065],[23.67545,49.12931],[23.67027,49.11818],[23.66939,49.1169],[23.66782,49.11541],[23.66587,49.11424],[23.63995,49.10315],[23.63823,49.10249],[23.63607,49.10198],[23.63306,49.10179],[23.61714,49.1018],[23.61459,49.10216],[23.60374,49.10442],[23.60215,49.10457],[23.59925,49.10424],[23.5946,49.10253],[23.59325,49.10166],[23.59245,49.10071],[23.59157,49.09911],[23.58355,49.08191],[23.58235,49.08023],[23.58101,49.07902],[23.54032,49.05498],[23.53462,49.05255],[23.53097,49.05188],[23.52941,49.05139],[23.52396,49.04802],[23.51163,49.04273],[23.50817,49.04101],[23.50701,49.03997],[23.50626,49.03901],[23.50573,49.03801],[23.50385,49.03089],[23.50297,49.02818],[23.50188,49.02722],[23.49891,49.02606],[23.49808,49.02549],[23.49757,49.02472],[23.49694,49.02223],[23.49633,49.02151],[23.49551,49.02103],[23.49434,49.02067],[23.48179,49.0182],[23.48071,49.01775],[23.47969,49.01709],[23.47765,49.01524],[23.47677,49.01383],[23.47672,49.01099],[23.47651,49.01029],[23.47295,49.00712],[23.4701,49.00379],[23.46954,49.00286],[23.46951,49.00226],[23.46999,49.00071],[23.47006,48.99976],[23.4698,48.99908],[23.46779,48.99679],[23.4673,48.99579],[23.46681,48.98673],[23.46707,48.98595],[23.46933,48.98157],[23.4714,48.97449],[23.47164,48.97321],[23.47208,48.97228],[23.47297,48.97156],[23.47382,48.97121],[23.47799,48.97075],[23.47933,48.97029],[23.48038,48.96943],[23.48157,48.9671],[23.48137,48.96435],[23.48229,48.96043],[23.48227,48.95917],[23.48204,48.95853],[23.48128,48.95739],[23.47705,48.95283],[23.47668,48.95193],[23.47686,48.95084],[23.47745,48.95005],[23.47807,48.94955],[23.47939,48.94901],[23.48849,48.94754],[23.48981,48.94712],[23.49068,48.94652],[23.49124,48.94564],[23.49177,48.94221],[23.49156,48.94143],[23.49099,48.9408],[23.48514,48.93792],[23.48455,48.93746],[23.48368,48.93637],[23.48343,48.93558],[23.48246,48.92865],[23.48284,48.92637],[23.4827,48.92533],[23.48205,48.92413],[23.47712,48.91903],[23.47615,48.91763],[23.47568,48.91622],[23.47532,48.9133],[23.47545,48.91242],[23.47639,48.90936],[23.47631,48.90854],[23.47555,48.90662],[23.47161,48.9035],[23.47109,48.90262],[23.47096,48.90174],[23.47121,48.90052],[23.47217,48.89842],[23.47247,48.89642],[23.47361,48.89445],[23.47419,48.89233],[23.4747,48.89169],[23.47541,48.89121],[23.47775,48.89035],[23.47891,48.8897],[23.48259,48.88526],[23.48309,48.88434],[23.48353,48.88213],[23.48432,48.88026],[23.48434,48.87934],[23.48367,48.87829],[23.48222,48.8768],[23.48008,48.87562],[23.47788,48.87393],[23.47555,48.87264],[23.47122,48.86885],[23.46947,48.86573],[23.46776,48.86361],[23.46719,48.86255],[23.46707,48.86174],[23.46729,48.85905],[23.46715,48.85825],[23.46673,48.85725],[23.46605,48.85636],[23.46325,48.85356],[23.4615,48.85265],[23.45964,48.8523],[23.45763,48.85241],[23.45384,48.85325],[23.45184,48.85306],[23.45008,48.85231],[23.44465,48.84861]]}},{"type":"Feature","properties":{"name":"1995_LvivSolotvyno (444.3km)","mode":"train","distance_km":"443.2"},"geometry":{"type":"LineString","coordinates":[[23.99381,49.84],[23.99302,49.83881],[23.99234,49.83816],[23.99134,49.83759],[23.99016,49.83716],[23.98156,49.83554],[23.97667,49.83426],[23.97276,49.83405],[23.96753,49.83475],[23.96523,49.83442],[23.94173,49.82674],[23.94025,49.8261],[23.93851,49.82498],[23.93141,49.81719],[23.91591,49.80321],[23.90825,49.79823],[23.90279,49.79557],[23.89777,49.79191],[23.89657,49.79075],[23.89493,49.78755],[23.89139,49.77692],[23.88894,49.77314],[23.88814,49.77226],[23.887,49.77145],[23.88291,49.76969],[23.88161,49.76891],[23.87784,49.76576],[23.87691,49.76456],[23.87668,49.76369],[23.87684,49.76268],[23.87729,49.7619],[23.87982,49.75882],[23.88029,49.75629],[23.8802,49.75495],[23.87986,49.75389],[23.87927,49.7529],[23.87827,49.75187],[23.87612,49.75056],[23.8743,49.74992],[23.84408,49.74422],[23.84272,49.74382],[23.84159,49.74305],[23.84117,49.7425],[23.84096,49.74186],[23.83782,49.72494],[23.83684,49.72314],[23.83563,49.72181],[23.83352,49.72026],[23.83212,49.71957],[23.8298,49.71876],[23.82766,49.71828],[23.80247,49.71462],[23.79908,49.71465],[23.7577,49.71857],[23.75467,49.71816],[23.74786,49.71553],[23.74477,49.7149],[23.73994,49.71484],[23.72927,49.71555],[23.72601,49.7156],[23.72334,49.71528],[23.72085,49.71434],[23.71952,49.71342],[23.71846,49.71222],[23.68849,49.66419],[23.6854,49.66132],[23.67755,49.65618],[23.67656,49.65568],[23.67563,49.65544],[23.67419,49.65534],[23.66192,49.65639],[23.65712,49.6571],[23.6513,49.65709],[23.64425,49.65734],[23.64133,49.65771],[23.62979,49.66074],[23.61859,49.66304],[23.61598,49.66422],[23.6099,49.66814],[23.60826,49.66873],[23.59782,49.67038],[23.59456,49.67051],[23.58186,49.66995],[23.55158,49.66665],[23.5489,49.6668],[23.54032,49.66884],[23.53741,49.66918],[23.53591,49.66915],[23.51972,49.66749],[23.51841,49.66687],[23.51786,49.66636],[23.51746,49.66567],[23.51615,49.65922],[23.51558,49.65783],[23.51495,49.65684],[23.51328,49.6553],[23.50885,49.65266],[23.50745,49.65151],[23.5068,49.65043],[23.50601,49.64775],[23.5055,49.64684],[23.5048,49.64608],[23.50047,49.64271],[23.4795,49.62717],[23.47712,49.62574],[23.47459,49.62464],[23.43897,49.61159],[23.41397,49.60485],[23.41071,49.60424],[23.3766,49.59982],[23.3741,49.59969],[23.36461,49.59967],[23.36324,49.59952],[23.34655,49.5932],[23.34355,49.59151],[23.30472,49.56292],[23.24914,49.53486],[23.24771,49.53399],[23.24538,49.53199],[23.22362,49.51029],[23.22277,49.50958],[23.22214,49.50928],[23.22065,49.509],[23.21926,49.50912],[23.21799,49.50966],[23.21718,49.51039],[23.21507,49.51379],[23.21353,49.51689],[23.21142,49.52016],[23.21009,49.52336],[23.20997,49.52425],[23.21042,49.52524],[23.21204,49.52673],[23.21258,49.52755],[23.21269,49.52852],[23.21213,49.52965],[23.21077,49.53056],[23.20918,49.53096],[23.20764,49.53091],[23.20565,49.53049],[23.20432,49.52999],[23.18907,49.52189],[23.17589,49.51718],[23.1692,49.51337],[23.14814,49.50438],[23.14723,49.50359],[23.14688,49.50298],[23.14678,49.50215],[23.14709,49.50138],[23.14827,49.49971],[23.14836,49.49877],[23.14775,49.49774],[23.14679,49.4971],[23.14124,49.49516],[23.13793,49.49436],[23.11628,49.48604],[23.1114,49.48473],[23.08209,49.47317],[23.07684,49.47118],[23.07105,49.4693],[23.03685,49.45594],[23.03566,49.45529],[23.03379,49.45394],[23.0306,49.45254],[23.02958,49.45227],[23.02717,49.45202],[23.02572,49.45211],[23.0225,49.45287],[23.00861,49.45226],[23.00675,49.45181],[23.00512,49.45072],[23.00461,49.45012],[23.00445,49.44967],[23.00319,49.44129],[23.00277,49.43939],[22.99929,49.43057],[22.99869,49.42971],[22.99816,49.42923],[22.9943,49.42667],[22.99337,49.42543],[22.99293,49.42462],[22.99226,49.42255],[22.99092,49.41732],[22.98791,49.41254],[22.98715,49.41037],[22.98602,49.40874],[22.98589,49.40583],[22.98566,49.40511],[22.98467,49.40411],[22.98225,49.40303],[22.98166,49.40258],[22.9805,49.40078],[22.97901,49.39901],[22.9787,49.39823],[22.97868,49.39768],[22.97885,49.39716],[22.98097,49.39387],[22.98289,49.38985],[22.98354,49.38916],[22.98692,49.38642],[22.9903,49.38299],[22.9926,49.37978],[22.99831,49.37369],[22.99973,49.37289],[23.00262,49.37219],[23.00403,49.37209],[23.00626,49.37223],[23.00796,49.37199],[23.00912,49.37146],[23.01161,49.3693],[23.0123,49.36821],[23.01299,49.36592],[23.01449,49.36385],[23.01611,49.3589],[23.01783,49.3559],[23.01859,49.35273],[23.01857,49.35204],[23.01835,49.35128],[23.01755,49.35024],[23.00802,49.34436],[23.0048,49.34322],[22.99992,49.3418],[22.99704,49.34117],[22.99579,49.34068],[22.98945,49.33634],[22.9858,49.33248],[22.98477,49.33171],[22.97685,49.32728],[22.97121,49.32565],[22.96618,49.32289],[22.95621,49.31489],[22.95555,49.31403],[22.95533,49.31319],[22.95551,49.31218],[22.96033,49.30318],[22.96174,49.30202],[22.96497,49.30036],[22.96567,49.29986],[22.96854,49.29612],[22.96862,49.29502],[22.96829,49.29373],[22.96861,49.29189],[22.96852,49.29123],[22.96823,49.29041],[22.96728,49.28903],[22.96706,49.28825],[22.96739,49.28715],[22.96873,49.28485],[22.96986,49.28392],[22.97501,49.28235],[22.97629,49.28165],[22.97691,49.2809],[22.97784,49.27926],[22.98107,49.2731],[22.98342,49.27074],[22.98577,49.26943],[22.98645,49.26872],[22.98709,49.26765],[22.98708,49.26687],[22.98651,49.2652],[22.98519,49.26266],[22.98472,49.26209],[22.98242,49.26064],[22.98193,49.25988],[22.98197,49.25888],[22.98295,49.25725],[22.983,49.25667],[22.98273,49.25595],[22.97848,49.25152],[22.97644,49.24727],[22.97631,49.24538],[22.97613,49.24483],[22.97556,49.24413],[22.97157,49.24089],[22.97119,49.24011],[22.97124,49.23943],[22.9718,49.23857],[22.97268,49.23797],[22.97712,49.2358],[22.97891,49.23531],[22.97989,49.23531],[22.98119,49.23559],[22.98203,49.23598],[22.98393,49.23733],[22.98507,49.23773],[22.98662,49.23786],[22.98925,49.23775],[22.99111,49.23724],[22.99196,49.23662],[22.99332,49.23478],[22.99734,49.23219],[22.99867,49.23104],[22.99952,49.23005],[23.00048,49.22804],[23.00293,49.22595],[23.00516,49.22264],[23.00946,49.21904],[23.01075,49.21705],[23.0143,49.21379],[23.02081,49.21111],[23.02538,49.20984],[23.02806,49.2086],[23.0308,49.20781],[23.03363,49.20655],[23.03492,49.20641],[23.03582,49.20648],[23.0389,49.20729],[23.04,49.20726],[23.04119,49.20697],[23.0425,49.20609],[23.04348,49.20449],[23.04418,49.20377],[23.04615,49.20245],[23.04764,49.20182],[23.05131,49.20089],[23.05244,49.20031],[23.05319,49.19943],[23.05344,49.1979],[23.05384,49.19706],[23.05484,49.19616],[23.05571,49.19572],[23.058,49.1952],[23.06066,49.19525],[23.0638,49.19494],[23.06637,49.19486],[23.06833,49.19423],[23.06909,49.19356],[23.06945,49.19275],[23.06921,49.1911],[23.06937,49.1903],[23.07176,49.18772],[23.07249,49.18628],[23.07255,49.18226],[23.07202,49.18107],[23.07065,49.18015],[23.06786,49.17921],[23.06239,49.17685],[23.05323,49.17185],[23.0515,49.16964],[23.04787,49.16708],[23.04721,49.16649],[23.04675,49.16579],[23.04649,49.16479],[23.04654,49.16418],[23.04808,49.16092],[23.04806,49.16029],[23.04769,49.15957],[23.04694,49.1589],[23.04494,49.15794],[23.04299,49.15662],[23.0415,49.15614],[23.03944,49.15596],[23.03556,49.15522],[23.0305,49.15313],[23.02505,49.15247],[23.0235,49.15186],[23.02042,49.15011],[23.01932,49.14971],[23.01807,49.1495],[23.01519,49.1495],[23.01383,49.14925],[23.01087,49.14761],[23.00805,49.14685],[23.00549,49.14509],[23.00051,49.14357],[22.99819,49.14229],[22.99628,49.14208],[22.99309,49.14248],[22.99177,49.14225],[22.99081,49.14183],[22.98985,49.14097],[22.98815,49.13875],[22.98718,49.13592],[22.98618,49.13479],[22.98548,49.13434],[22.9846,49.13402],[22.98081,49.13354],[22.98009,49.13323],[22.97931,49.13261],[22.97882,49.13161],[22.97909,49.1298],[22.97884,49.12888],[22.97831,49.12828],[22.97585,49.12674],[22.97444,49.12505],[22.97347,49.1245],[22.97258,49.12421],[22.96944,49.12357],[22.96643,49.12318],[22.96501,49.12272],[22.96424,49.12225],[22.96284,49.12095],[22.959,49.11872],[22.95571,49.11541],[22.95524,49.11474],[22.95511,49.11388],[22.95533,49.11323],[22.95634,49.11184],[22.95704,49.11119],[22.96055,49.10882],[22.96129,49.10796],[22.96166,49.10616],[22.96143,49.1055],[22.96103,49.10498],[22.96039,49.10449],[22.95947,49.1041],[22.95386,49.10289],[22.95269,49.10243],[22.95023,49.10028],[22.94748,49.09865],[22.94506,49.09779],[22.94289,49.096],[22.93434,49.09048],[22.93253,49.08993],[22.92857,49.09],[22.92677,49.08962],[22.92547,49.08898],[22.9218,49.08586],[22.92025,49.08527],[22.91869,49.08516],[22.91677,49.08541],[22.91564,49.0858],[22.91487,49.08632],[22.91332,49.08788],[22.91169,49.08867],[22.91073,49.08886],[22.90894,49.08884],[22.90762,49.08901],[22.90438,49.09036],[22.90196,49.09101],[22.90085,49.09108],[22.89965,49.0909],[22.89869,49.09057],[22.89063,49.08598],[22.88632,49.0817],[22.8851,49.08094],[22.88035,49.07965],[22.87558,49.07927],[22.87336,49.07855],[22.87066,49.0781],[22.86909,49.07724],[22.86846,49.07617],[22.86861,49.07508],[22.86945,49.07414],[22.87168,49.07276],[22.87213,49.07204],[22.87222,49.07143],[22.87141,49.06865],[22.87176,49.06707],[22.87175,49.0663],[22.87143,49.06571],[22.87017,49.06421],[22.86981,49.06346],[22.86973,49.06224],[22.86999,49.06155],[22.87055,49.0608],[22.87258,49.05906],[22.87354,49.05801],[22.87584,49.05646],[22.87855,49.05379],[22.88003,49.0515],[22.8811,49.05085],[22.8833,49.05013],[22.88394,49.04972],[22.88454,49.04909],[22.88481,49.04835],[22.88463,49.04743],[22.88264,49.04533],[22.88215,49.04447],[22.88212,49.04388],[22.8823,49.04339],[22.88308,49.04251],[22.88436,49.04198],[22.88585,49.04187],[22.88938,49.04279],[22.89116,49.04284],[22.89259,49.0425],[22.89339,49.04209],[22.89384,49.04165],[22.89423,49.04096],[22.89426,49.04047],[22.89327,49.03728],[22.8935,49.03623],[22.89386,49.03575],[22.89458,49.03522],[22.89784,49.03422],[22.8985,49.03387],[22.89917,49.03326],[22.89956,49.03243],[22.89951,49.03167],[22.89902,49.03083],[22.89673,49.02949],[22.89589,49.02881],[22.8955,49.02777],[22.89575,49.02674],[22.89668,49.0258],[22.90054,49.02373],[22.90674,49.01996],[22.90762,49.01916],[22.90803,49.01781],[22.90796,49.01641],[22.90752,49.01492],[22.90705,49.01401],[22.90633,49.01334],[22.90548,49.01295],[22.90413,49.01271],[22.901,49.01301],[22.89951,49.01279],[22.89838,49.01229],[22.89409,49.00974],[22.89128,49.00665],[22.88819,49.00457],[22.88638,49.00278],[22.8842,49.0013],[22.88363,49.00041],[22.88352,48.99992],[22.88384,48.99828],[22.88371,48.99764],[22.88321,48.99693],[22.88214,48.99638],[22.88064,48.99612],[22.8791,48.99625],[22.87606,48.99758],[22.87371,48.99807],[22.87146,48.99907],[22.86999,48.99945],[22.86826,48.99954],[22.86648,48.9993],[22.86362,48.99947],[22.86232,48.99924],[22.86051,48.99829],[22.85912,48.99799],[22.85763,48.9981],[22.85504,48.9988],[22.85359,48.9988],[22.8524,48.99841],[22.84956,48.99642],[22.84813,48.99583],[22.84398,48.99532],[22.83978,48.99523],[22.83653,48.99445],[22.83508,48.99439],[22.8336,48.99486],[22.8326,48.99575],[22.83239,48.9964],[22.83234,48.99778],[22.832,48.99835],[22.82985,48.9999],[22.82731,49.00145],[22.82667,49.00203],[22.82631,49.00279],[22.82624,49.00367],[22.8265,49.00449],[22.82735,49.00571],[22.82749,49.00668],[22.82716,49.00754],[22.82681,49.00796],[22.8253,49.00886],[22.82362,49.00903],[22.81998,49.00819],[22.81875,49.00807],[22.81287,49.00891],[22.80389,49.00802],[22.80198,49.00765],[22.79762,49.0072],[22.79663,49.0069],[22.79567,49.00636],[22.79419,49.00481],[22.79403,49.00436],[22.79406,49.00383],[22.79453,49.00294],[22.79526,49.00241],[22.79609,49.00207],[22.79828,49.00174],[22.79918,49.00146],[22.80523,48.99843],[22.80778,48.99784],[22.80955,48.99788],[22.81066,48.99818],[22.81384,49.0004],[22.81416,49.00086],[22.8143,49.00155],[22.81376,49.00326],[22.81378,49.00387],[22.81409,49.00457],[22.81477,49.00523],[22.81597,49.00575],[22.81722,49.00585],[22.81839,49.00571],[22.81915,49.00543],[22.82001,49.00488],[22.82049,49.00414],[22.82047,49.00121],[22.82117,48.99929],[22.82203,48.99785],[22.82213,48.99697],[22.82187,48.9952],[22.82221,48.9943],[22.82284,48.99359],[22.82399,48.99289],[22.82617,48.99211],[22.82963,48.98967],[22.83151,48.98878],[22.83615,48.98731],[22.83725,48.98723],[22.83979,48.98747],[22.84154,48.98712],[22.84276,48.98622],[22.84308,48.98517],[22.84287,48.98427],[22.84207,48.9835],[22.84119,48.98313],[22.83956,48.98297],[22.83827,48.98312],[22.83468,48.98404],[22.8284,48.98461],[22.82706,48.98514],[22.82476,48.98684],[22.82313,48.98737],[22.82193,48.98738],[22.81881,48.98642],[22.81535,48.98585],[22.81039,48.98408],[22.80924,48.98324],[22.80866,48.98247],[22.80777,48.98059],[22.80632,48.97819],[22.80482,48.97631],[22.80208,48.97477],[22.79927,48.97431],[22.7967,48.97474],[22.79591,48.97501],[22.79498,48.97571],[22.7937,48.97726],[22.79241,48.97789],[22.78744,48.97911],[22.78193,48.97942],[22.78026,48.97968],[22.77849,48.98033],[22.77534,48.98207],[22.77048,48.98285],[22.76925,48.98324],[22.76443,48.98631],[22.76149,48.98762],[22.76072,48.98812],[22.76,48.98897],[22.75942,48.99074],[22.75889,48.99138],[22.75815,48.99187],[22.75696,48.99229],[22.75043,48.99353],[22.74789,48.99498],[22.74408,48.9961],[22.74158,48.99626],[22.73832,48.99677],[22.73147,48.99733],[22.72964,48.99685],[22.72723,48.99535],[22.72514,48.99467],[22.71384,48.99258],[22.70052,48.99162],[22.69917,48.99175],[22.69675,48.99238],[22.69532,48.99244],[22.69057,48.99111],[22.68509,48.99132],[22.68414,48.99108],[22.68144,48.98978],[22.67705,48.98935],[22.67589,48.98951],[22.67278,48.99046],[22.67013,48.9905],[22.66916,48.99069],[22.66621,48.99221],[22.66401,48.99307],[22.65083,48.99656],[22.64884,48.99762],[22.64624,49.0003],[22.64529,49.001],[22.64234,49.00239],[22.64141,49.00262],[22.63997,49.0026],[22.63885,49.00228],[22.63811,49.00188],[22.63749,49.00117],[22.63726,49.00045],[22.63741,48.99968],[22.64004,48.99565],[22.64018,48.99483],[22.63993,48.99401],[22.63659,48.99068],[22.62884,48.98366],[22.62817,48.98266],[22.62812,48.98188],[22.62885,48.97974],[22.62911,48.97917],[22.63022,48.97766],[22.6304,48.97679],[22.6301,48.97599],[22.62957,48.97546],[22.62649,48.97405],[22.62594,48.97358],[22.62555,48.97286],[22.62554,48.97191],[22.62619,48.97039],[22.62615,48.96956],[22.62558,48.96869],[22.62449,48.96773],[22.62412,48.96688],[22.62416,48.96627],[22.62507,48.96477],[22.62522,48.96417],[22.62493,48.96196],[22.62473,48.96137],[22.62419,48.96081],[22.62342,48.9604],[22.61897,48.95968],[22.61752,48.95902],[22.61705,48.95853],[22.61678,48.95796],[22.61631,48.95551],[22.61564,48.95454],[22.61467,48.95393],[22.61149,48.95293],[22.60479,48.94879],[22.59912,48.94283],[22.59852,48.94233],[22.59767,48.94192],[22.59104,48.94027],[22.58977,48.94009],[22.58862,48.94017],[22.58515,48.94095],[22.57612,48.94185],[22.57478,48.94222],[22.5637,48.94646],[22.56239,48.94717],[22.55683,48.95106],[22.55186,48.95258],[22.54912,48.95288],[22.54752,48.95281],[22.54305,48.95117],[22.54162,48.9509],[22.53763,48.95109],[22.53363,48.952],[22.53101,48.95234],[22.52185,48.95036],[22.51835,48.94853],[22.51597,48.94795],[22.51464,48.94796],[22.51247,48.94854],[22.50952,48.94892],[22.50594,48.9484],[22.5025,48.94818],[22.50119,48.94761],[22.49929,48.94636],[22.49469,48.94424],[22.49405,48.94377],[22.49256,48.94189],[22.49067,48.94086],[22.48879,48.94058],[22.47506,48.94029],[22.47271,48.94003],[22.47124,48.93946],[22.46738,48.93676],[22.46429,48.93514],[22.46225,48.93376],[22.4615,48.93294],[22.46002,48.93057],[22.45757,48.9259],[22.45732,48.92515],[22.457,48.91962],[22.45711,48.91846],[22.4577,48.91752],[22.45927,48.91602],[22.46105,48.91291],[22.46123,48.91229],[22.4612,48.91179],[22.46084,48.91098],[22.46001,48.90986],[22.45883,48.90869],[22.45816,48.90748],[22.45813,48.90283],[22.45778,48.89613],[22.45744,48.89531],[22.45676,48.89449],[22.45144,48.88966],[22.45032,48.88842],[22.44641,48.87964],[22.44613,48.87867],[22.44612,48.87786],[22.44655,48.87669],[22.44991,48.87052],[22.4501,48.86992],[22.44994,48.86884],[22.44756,48.86192],[22.44864,48.84678],[22.44898,48.84597],[22.44982,48.84517],[22.46253,48.83796],[22.464,48.83687],[22.46476,48.83583],[22.46586,48.83349],[22.47263,48.82374],[22.47344,48.82273],[22.47464,48.82177],[22.47708,48.82022],[22.47856,48.81973],[22.48037,48.81966],[22.48724,48.82061],[22.48857,48.82044],[22.4896,48.82008],[22.49041,48.81959],[22.4911,48.81889],[22.49145,48.81802],[22.49133,48.81699],[22.48468,48.80413],[22.48449,48.80355],[22.48454,48.80239],[22.49414,48.78724],[22.49437,48.78567],[22.49393,48.77888],[22.49452,48.77768],[22.49602,48.77646],[22.49744,48.77465],[22.49832,48.77189],[22.49821,48.76992],[22.49872,48.76849],[22.49953,48.76451],[22.5004,48.76359],[22.50621,48.76009],[22.50724,48.75909],[22.50774,48.75786],[22.50842,48.75467],[22.50839,48.75347],[22.50815,48.75272],[22.50708,48.75131],[22.48911,48.73666],[22.4869,48.73562],[22.47582,48.73185],[22.47134,48.72975],[22.46986,48.72943],[22.46812,48.72956],[22.45561,48.73328],[22.45332,48.73315],[22.4517,48.73243],[22.44837,48.72864],[22.44783,48.72713],[22.44733,48.72643],[22.44641,48.7257],[22.44295,48.72409],[22.44192,48.72313],[22.43954,48.72011],[22.43882,48.71912],[22.43864,48.71857],[22.43899,48.71676],[22.43893,48.71578],[22.43781,48.71434],[22.43689,48.71378],[22.43178,48.71189],[22.4301,48.71067],[22.42735,48.70828],[22.42618,48.70318],[22.42609,48.70183],[22.4266,48.69992],[22.42665,48.69827],[22.42696,48.69612],[22.42659,48.69508],[22.42559,48.69389],[22.42472,48.69344],[22.42358,48.69319],[22.41998,48.69301],[22.41098,48.69164],[22.40581,48.68998],[22.40469,48.68899],[22.40439,48.68837],[22.404,48.68634],[22.40296,48.68525],[22.402,48.68481],[22.39785,48.68353],[22.3934,48.68128],[22.39212,48.68031],[22.38823,48.67658],[22.36975,48.66497],[22.34888,48.65492],[22.3477,48.65376],[22.3387,48.64077],[22.33713,48.63895],[22.33553,48.6367],[22.33431,48.63546],[22.33081,48.63288],[22.32903,48.63134],[22.31944,48.62445],[22.31884,48.62373],[22.31738,48.62097],[22.31667,48.62031],[22.31284,48.61877],[22.31054,48.61737],[22.30823,48.6163],[22.30418,48.6137],[22.3033,48.61295],[22.25164,48.52846],[22.24805,48.52235],[22.24705,48.51985],[22.24561,48.51494],[22.23722,48.48927],[22.22739,48.47123],[22.22422,48.46057],[22.22024,48.4521],[22.21793,48.44829],[22.21646,48.44518],[22.21609,48.44391],[22.21623,48.44204],[22.21611,48.43968],[22.21652,48.43856],[22.21756,48.43766],[22.22425,48.43339],[22.22828,48.43191],[22.23361,48.43078],[22.23594,48.42987],[22.24035,48.42851],[22.2454,48.42626],[22.24985,48.42492],[22.28162,48.4097],[22.30013,48.40121],[22.30836,48.39769],[22.34219,48.38171],[22.37045,48.3704],[22.37258,48.36932],[22.38988,48.35916],[22.39065,48.3586],[22.39188,48.35727],[22.39518,48.35334],[22.43302,48.30545],[22.4347,48.30365],[22.43616,48.30249],[22.43875,48.30095],[22.47467,48.2834],[22.60719,48.21799],[22.62497,48.20908],[22.62621,48.20827],[22.62802,48.20658],[22.63082,48.20217],[22.6316,48.20128],[22.63376,48.198],[22.64777,48.176],[22.64913,48.17447],[22.65082,48.17334],[22.65331,48.1723],[22.65602,48.17178],[22.75325,48.16093],[22.75652,48.16037],[22.7592,48.15962],[22.76178,48.15859],[22.76436,48.15717],[22.82077,48.12039],[22.82304,48.11909],[22.82491,48.11839],[22.82788,48.11771],[22.83126,48.11741],[22.87916,48.11373],[22.88189,48.11361],[22.88505,48.11369],[22.88894,48.11414],[23.01007,48.13502],[23.01338,48.13517],[23.01665,48.13498],[23.06066,48.13105],[23.06363,48.13107],[23.06552,48.13128],[23.07706,48.1341],[23.07874,48.13496],[23.08206,48.13736],[23.08373,48.13803],[23.08543,48.13824],[23.10494,48.13894],[23.10789,48.13927],[23.13043,48.14527],[23.13248,48.14598],[23.13427,48.14689],[23.13588,48.1482],[23.16227,48.17373],[23.16272,48.1747],[23.16272,48.17555],[23.15906,48.18475],[23.1588,48.18655],[23.15893,48.18795],[23.15928,48.18902],[23.15978,48.1899],[23.16155,48.19198],[23.16395,48.19361],[23.16689,48.19478],[23.16865,48.19521],[23.17071,48.19547],[23.17426,48.19543],[23.24354,48.18648],[23.24819,48.18554],[23.27453,48.17831],[23.27699,48.17751],[23.27879,48.1767],[23.28157,48.1749],[23.30236,48.15813],[23.35247,48.13374],[23.36719,48.12414],[23.36901,48.12346],[23.38024,48.12012],[23.39204,48.11425],[23.41195,48.10015],[23.56661,48.01778],[23.56982,48.01629],[23.57192,48.01568],[23.58055,48.01438],[23.66897,48.00267],[23.67061,48.00232],[23.69268,47.99563],[23.69367,47.99545],[23.69826,47.99554],[23.73063,47.99787],[23.73333,47.99763],[23.73753,47.99673],[23.74029,47.99668],[23.75288,47.9999],[23.76304,48.00391],[23.76507,48.00423],[23.76753,48.00402],[23.76883,48.00363],[23.77942,47.99905],[23.7805,47.99886],[23.7866,47.99852],[23.78846,47.99828],[23.80732,47.99233],[23.80864,47.99157],[23.81304,47.98842],[23.81718,47.987],[23.81943,47.98589],[23.83619,47.97242],[23.83724,47.9718],[23.83923,47.97094],[23.84071,47.97057],[23.85297,47.96905],[23.85552,47.96852],[23.87771,47.96032],[23.88523,47.95772],[23.88684,47.95695],[23.88759,47.95619],[23.88863,47.95413],[23.8902,47.95006],[23.88983,47.94896],[23.88905,47.94828],[23.88816,47.94786],[23.88656,47.94764],[23.88204,47.94762],[23.88081,47.94776],[23.87974,47.9482],[23.87748,47.94982]]}},{"type":"Feature","properties":{"name":"1998_Lviv_Kyiv (566.6km)","mode":"train","distance_km":"565.2"},"geometry":{"type":"LineString","coordinates":[[23.99381,49.84],[23.99493,49.84193],[23.99494,49.84265],[23.99458,49.84364],[23.99198,49.8473],[23.98558,49.85448],[23.98512,49.8553],[23.98484,49.85665],[23.98512,49.8583],[23.98601,49.85954],[23.9903,49.86323],[23.99144,49.86373],[23.99284,49.86402],[23.99446,49.86405],[23.99761,49.86369],[23.99985,49.863],[24.00376,49.86002],[24.00578,49.85871],[24.01199,49.85587],[24.0186,49.85208],[24.02017,49.8515],[24.02161,49.85122],[24.03022,49.85061],[24.0406,49.85221],[24.04312,49.85245],[24.05239,49.85306],[24.06443,49.85321],[24.06903,49.85275],[24.0922,49.85161],[24.11735,49.84881],[24.12842,49.84738],[24.16087,49.84625],[24.16449,49.84581],[24.17525,49.84374],[24.17777,49.84354],[24.18014,49.84367],[24.19602,49.84667],[24.19845,49.84747],[24.19991,49.84838],[24.20051,49.84893],[24.20495,49.8555],[24.20556,49.85618],[24.20668,49.85703],[24.20762,49.85752],[24.21039,49.85831],[24.28702,49.86197],[24.30617,49.86437],[24.31858,49.86413],[24.32078,49.86431],[24.32262,49.86463],[24.32463,49.86522],[24.3579,49.87674],[24.36002,49.87726],[24.3629,49.87765],[24.44477,49.87788],[24.44745,49.87804],[24.45,49.87841],[24.4549,49.87945],[24.54762,49.90166],[24.59982,49.91531],[24.60414,49.91592],[24.61088,49.91643],[24.67221,49.9225],[24.67552,49.92308],[24.73658,49.94127],[24.73902,49.94212],[24.79065,49.96315],[24.83181,49.97571],[24.83416,49.97686],[24.83525,49.97762],[24.84125,49.98317],[24.84253,49.98413],[24.84423,49.98503],[24.93294,50.02104],[24.98867,50.04295],[25.01917,50.05272],[25.02651,50.05463],[25.03804,50.05877],[25.08642,50.07439],[25.08859,50.07496],[25.09077,50.07533],[25.09472,50.07558],[25.16801,50.07343],[25.17025,50.07351],[25.17229,50.07386],[25.17526,50.07496],[25.23452,50.10438],[25.23608,50.10529],[25.2378,50.10655],[25.24288,50.11157],[25.24454,50.11299],[25.24751,50.11471],[25.25031,50.11583],[25.26818,50.1213],[25.27637,50.12356],[25.29703,50.1297],[25.30051,50.13055],[25.30359,50.13103],[25.36972,50.1392],[25.37301,50.13978],[25.37661,50.14073],[25.38779,50.14421],[25.40192,50.15004],[25.40394,50.15108],[25.40576,50.15249],[25.42677,50.17388],[25.42885,50.17548],[25.47307,50.19746],[25.47477,50.19853],[25.47577,50.19955],[25.47645,50.20077],[25.48065,50.21268],[25.48389,50.21738],[25.48473,50.21837],[25.48567,50.21913],[25.48821,50.22033],[25.50391,50.22469],[25.52371,50.23285],[25.52602,50.23401],[25.52784,50.23532],[25.53204,50.24007],[25.53363,50.24137],[25.56885,50.26333],[25.57023,50.26476],[25.57294,50.26943],[25.57423,50.27065],[25.57603,50.27163],[25.58177,50.27368],[25.58516,50.27538],[25.60365,50.28502],[25.61227,50.29041],[25.62095,50.29694],[25.63036,50.30756],[25.63486,50.31172],[25.63663,50.31297],[25.63869,50.31379],[25.65688,50.31889],[25.66459,50.32141],[25.66642,50.32175],[25.67179,50.32228],[25.67378,50.32286],[25.67593,50.32381],[25.67746,50.32494],[25.67834,50.32604],[25.68066,50.33169],[25.68155,50.33303],[25.68842,50.33912],[25.69819,50.34819],[25.70244,50.35378],[25.70403,50.35558],[25.70508,50.3563],[25.70662,50.35701],[25.71564,50.35977],[25.71694,50.36048],[25.7182,50.36154],[25.71905,50.36277],[25.7195,50.36404],[25.72258,50.37733],[25.72309,50.37836],[25.72408,50.37946],[25.72608,50.38073],[25.72823,50.38145],[25.75582,50.38695],[25.7611,50.38856],[25.76263,50.3894],[25.76432,50.39085],[25.76514,50.39197],[25.76884,50.39845],[25.77013,50.39966],[25.77199,50.40067],[25.84511,50.42035],[25.8795,50.42475],[25.90093,50.42674],[25.94117,50.43432],[25.94412,50.43531],[25.98175,50.45126],[25.98456,50.45208],[25.98666,50.45239],[25.98851,50.45247],[26.02279,50.45314],[26.02477,50.45334],[26.02705,50.45385],[26.02932,50.45472],[26.05354,50.4661],[26.05536,50.46707],[26.05683,50.46817],[26.05797,50.46935],[26.05891,50.47086],[26.0593,50.47198],[26.06003,50.47608],[26.06048,50.47729],[26.06123,50.47854],[26.06565,50.48427],[26.06634,50.48584],[26.06705,50.48843],[26.06767,50.48958],[26.06875,50.49068],[26.07521,50.49577],[26.0765,50.49655],[26.07842,50.49725],[26.08374,50.49831],[26.091,50.49876],[26.09395,50.49876],[26.10751,50.49816],[26.10959,50.49825],[26.1119,50.49856],[26.11462,50.49927],[26.13599,50.50608],[26.13888,50.50656],[26.144,50.50676],[26.14564,50.50696],[26.15501,50.50994],[26.16088,50.51125],[26.16679,50.51183],[26.16858,50.51181],[26.17034,50.51158],[26.18227,50.50894],[26.18432,50.50871],[26.1862,50.50878],[26.18847,50.5092],[26.206,50.51357],[26.20829,50.51384],[26.22145,50.51445],[26.22328,50.51487],[26.22954,50.51687],[26.23129,50.51713],[26.23293,50.51717],[26.23522,50.51691],[26.24468,50.51455],[26.25069,50.51389],[26.256,50.51304],[26.25884,50.51225],[26.26059,50.51153],[26.26524,50.5088],[26.27196,50.5059],[26.28028,50.50006],[26.28522,50.49797],[26.28741,50.49678],[26.29956,50.48763],[26.30903,50.47999],[26.31191,50.47837],[26.37591,50.45674],[26.37854,50.4561],[26.38405,50.45518],[26.38679,50.45439],[26.3886,50.45369],[26.39426,50.45056],[26.39621,50.44976],[26.39895,50.44926],[26.40966,50.4487],[26.41354,50.44817],[26.41811,50.44695],[26.42884,50.44315],[26.43118,50.44252],[26.43379,50.44233],[26.44019,50.44273],[26.44325,50.44235],[26.44477,50.44186],[26.44615,50.44119],[26.45163,50.4377],[26.45369,50.43699],[26.45565,50.43666],[26.45733,50.43661],[26.45918,50.43679],[26.46859,50.43878],[26.47256,50.43937],[26.48039,50.4398],[26.48417,50.43947],[26.48661,50.43902],[26.52574,50.4288],[26.52692,50.42833],[26.52861,50.42736],[26.53229,50.42464],[26.53397,50.4237],[26.53568,50.4231],[26.54522,50.42055],[26.54932,50.41909],[26.55332,50.41724],[26.57278,50.40706],[26.57419,50.40616],[26.57544,50.40509],[26.58046,50.39979],[26.5816,50.39882],[26.58312,50.398],[26.58833,50.39585],[26.59053,50.39445],[26.59125,50.39364],[26.59283,50.39076],[26.59337,50.39006],[26.59861,50.38605],[26.60433,50.38307],[26.6068,50.38219],[26.69558,50.36286],[26.70732,50.36014],[26.75838,50.34923],[26.75999,50.34903],[26.76198,50.34901],[26.76839,50.3498],[26.77182,50.34952],[26.77357,50.34902],[26.78778,50.34315],[26.79003,50.34238],[26.79325,50.34154],[26.80945,50.33798],[26.81256,50.33706],[26.82889,50.32996],[26.83212,50.32886],[26.83464,50.3282],[26.83795,50.3276],[26.90125,50.31847],[26.9048,50.31774],[26.90834,50.31659],[26.91137,50.31511],[26.91393,50.31336],[26.91595,50.31139],[26.91711,50.30992],[26.91798,50.30847],[26.91918,50.30551],[26.9264,50.27945],[26.92818,50.27609],[26.92949,50.27443],[26.93106,50.27287],[26.93245,50.27168],[26.93534,50.26972],[27.006,50.22203],[27.00872,50.2204],[27.03777,50.20632],[27.0407,50.20505],[27.04699,50.20298],[27.04977,50.2023],[27.05426,50.20159],[27.0608,50.20003],[27.06509,50.19891],[27.07131,50.1968],[27.10755,50.18778],[27.20038,50.15976],[27.23426,50.15353],[27.24499,50.15054],[27.24975,50.14954],[27.3313,50.14064],[27.35106,50.13702],[27.3704,50.13544],[27.37262,50.1351],[27.40455,50.12853],[27.40824,50.12792],[27.41128,50.12769],[27.41619,50.12768],[27.42134,50.12825],[27.46869,50.13563],[27.50448,50.14305],[27.50705,50.14321],[27.51059,50.14307],[27.51216,50.14269],[27.52168,50.13934],[27.52626,50.13717],[27.56084,50.11561],[27.56388,50.11403],[27.56646,50.113],[27.57137,50.11158],[27.63671,50.09694],[27.64073,50.09639],[27.64438,50.09651],[27.67268,50.10071],[27.67438,50.10085],[27.67611,50.10077],[27.67906,50.10007],[27.68139,50.0988],[27.68269,50.09741],[27.68483,50.09363],[27.68677,50.09081],[27.68765,50.09003],[27.68889,50.0893],[27.69137,50.08849],[27.84298,50.07045],[27.84727,50.06951],[27.8998,50.05529],[27.90203,50.05481],[27.90464,50.05455],[27.98947,50.0518],[27.9921,50.05155],[27.99431,50.05091],[28.00765,50.04554],[28.01078,50.04455],[28.03184,50.04167],[28.03584,50.0407],[28.03811,50.0397],[28.05885,50.02903],[28.0635,50.02726],[28.0671,50.02634],[28.07708,50.02446],[28.08121,50.02398],[28.0844,50.02388],[28.10114,50.02394],[28.10322,50.02382],[28.11759,50.02144],[28.16225,50.01697],[28.16567,50.01646],[28.16846,50.01557],[28.25602,49.97819],[28.25971,49.97693],[28.26363,49.976],[28.28212,49.97252],[28.28617,49.97192],[28.28953,49.97159],[28.30537,49.97093],[28.31006,49.97048],[28.31264,49.96988],[28.33935,49.96226],[28.342,49.96168],[28.34472,49.96127],[28.3712,49.95851],[28.3888,49.95532],[28.39109,49.95467],[28.39279,49.95392],[28.39426,49.95298],[28.39824,49.9495],[28.3997,49.94873],[28.40203,49.94806],[28.40387,49.94786],[28.41532,49.94733],[28.42097,49.94755],[28.44976,49.95211],[28.47289,49.95392],[28.47614,49.95436],[28.48156,49.95547],[28.48358,49.95572],[28.4867,49.95551],[28.49696,49.95292],[28.50393,49.95191],[28.50544,49.95154],[28.50724,49.95079],[28.50888,49.94963],[28.50967,49.94872],[28.51482,49.94134],[28.51603,49.94023],[28.51705,49.93961],[28.53844,49.93171],[28.54222,49.92976],[28.54665,49.92673],[28.54838,49.92578],[28.55083,49.92483],[28.55795,49.92272],[28.5604,49.92169],[28.56223,49.92056],[28.56734,49.91691],[28.57036,49.91529],[28.58681,49.90765],[28.59011,49.90633],[28.59605,49.90429],[28.60414,49.90042],[28.60561,49.89943],[28.60661,49.89836],[28.60714,49.89743],[28.60801,49.89411],[28.60857,49.89317],[28.6094,49.89228],[28.61191,49.89057],[28.61673,49.88789],[28.61785,49.88704],[28.63914,49.87529],[28.64342,49.87382],[28.65502,49.87099],[28.65746,49.87002],[28.65901,49.86913],[28.67392,49.85717],[28.69343,49.84369],[28.69547,49.84203],[28.69699,49.84047],[28.69846,49.83851],[28.73132,49.78869],[28.73286,49.78671],[28.73429,49.78523],[28.73706,49.78304],[28.74051,49.78103],[28.76606,49.77026],[28.76908,49.76879],[28.77097,49.76764],[28.77436,49.76499],[28.77906,49.7602],[28.78318,49.75767],[28.79095,49.75129],[28.79323,49.74974],[28.79789,49.74599],[28.79875,49.74491],[28.79911,49.74388],[28.79894,49.74146],[28.79911,49.74034],[28.79962,49.73938],[28.8009,49.73796],[28.80223,49.73703],[28.80343,49.73652],[28.80493,49.73621],[28.80679,49.73623],[28.80894,49.7368],[28.8268,49.74603],[28.82803,49.74656],[28.82948,49.74685],[28.83112,49.74687],[28.83235,49.74668],[28.84654,49.74261],[28.8491,49.74217],[28.85148,49.74207],[28.87087,49.7426],[28.87281,49.74314],[28.88003,49.74605],[28.88192,49.74627],[28.88609,49.74602],[28.88836,49.74657],[28.89062,49.74789],[28.95629,49.79213],[29.01908,49.83904],[29.0199,49.8398],[29.02695,49.84507],[29.02962,49.84679],[29.05607,49.86651],[29.05949,49.86862],[29.09486,49.88455],[29.15789,49.90787],[29.20978,49.92355],[29.24,49.93615],[29.29175,49.95602],[29.29441,49.95689],[29.29745,49.95754],[29.30025,49.95786],[29.30298,49.95791],[29.30611,49.9577],[29.34161,49.95129],[29.41934,49.94087],[29.42636,49.94045],[29.43043,49.94055],[29.43441,49.94086],[29.75148,49.98396],[29.75696,49.98517],[29.826,50.00741],[29.83157,50.00945],[29.8338,50.01051],[29.88022,50.03527],[29.88932,50.04015],[29.89115,50.04131],[29.94099,50.08988],[29.94233,50.09096],[29.94499,50.09243],[29.96779,50.10156],[29.97076,50.10319],[29.99788,50.12256],[30.04347,50.16103],[30.0446,50.16195],[30.04619,50.16291],[30.04858,50.16399],[30.05,50.16441],[30.07516,50.17021],[30.07765,50.17101],[30.10518,50.18191],[30.11774,50.18711],[30.16643,50.20655],[30.16835,50.20721],[30.20267,50.21693],[30.28379,50.24856],[30.30752,50.25755],[30.311,50.25918],[30.3132,50.26096],[30.31466,50.26288],[30.31536,50.26494],[30.3154,50.26683],[30.31522,50.26772],[30.29999,50.30137],[30.29942,50.30312],[30.29858,50.30809],[30.29985,50.33296],[30.30031,50.33821],[30.30143,50.34193],[30.30272,50.34454],[30.30434,50.34697],[30.30685,50.34985],[30.33005,50.37129],[30.33294,50.37326],[30.33758,50.37552],[30.34194,50.37696],[30.41356,50.39634],[30.41733,50.39774],[30.42156,50.39995],[30.42319,50.40109],[30.42549,50.40322],[30.42732,50.40541],[30.43184,50.41224],[30.43488,50.41624],[30.44594,50.43315],[30.44794,50.43581],[30.45058,50.43986],[30.45127,50.44061],[30.45236,50.44132],[30.45367,50.44183],[30.45515,50.44216],[30.46629,50.44255],[30.46999,50.4431],[30.47201,50.44367],[30.47559,50.44559],[30.47702,50.44595],[30.47826,50.44604],[30.48041,50.44571],[30.48238,50.44488],[30.48564,50.44255],[30.4871,50.44109],[30.48878,50.43986]]}},{"type":"Feature","properties":{"name":"2002 Lviv -> Wrocław (591km)","mode":"train","date":"2002","distance_km":"589.6"},"geometry":{"type":"LineString","coordinates":[[23.99346,49.83866],[23.99276,49.8379],[23.99066,49.837],[23.98164,49.8357],[23.97659,49.83439],[23.97388,49.8342],[23.9716,49.83433],[23.96157,49.83579],[23.95941,49.83595],[23.94974,49.83742],[23.92325,49.83809],[23.91994,49.8377],[23.91337,49.83585],[23.90861,49.83434],[23.90437,49.83332],[23.88709,49.83252],[23.88526,49.83261],[23.88384,49.83287],[23.87404,49.83563],[23.86912,49.83673],[23.86561,49.8371],[23.86101,49.83711],[23.74446,49.82733],[23.74116,49.82724],[23.73695,49.82779],[23.69367,49.83734],[23.68992,49.83805],[23.6601,49.84259],[23.65736,49.84275],[23.65394,49.84257],[23.6514,49.84262],[23.64536,49.84323],[23.64296,49.84306],[23.64101,49.84262],[23.63997,49.84222],[23.6386,49.8415],[23.63763,49.84078],[23.63006,49.83287],[23.62936,49.83175],[23.62867,49.82986],[23.62855,49.82916],[23.62857,49.82633],[23.62878,49.82349],[23.63003,49.78413],[23.62987,49.78356],[23.62938,49.7828],[23.62854,49.78189],[23.62759,49.78118],[23.62538,49.78025],[23.62284,49.77984],[23.61043,49.77939],[23.60693,49.77953],[23.5819,49.78508],[23.57357,49.78578],[23.56887,49.78569],[23.56644,49.78592],[23.55664,49.7883],[23.53659,49.79176],[23.53331,49.79214],[23.51152,49.79319],[23.46518,49.79324],[23.44667,49.79445],[23.42583,49.79489],[23.37512,49.80085],[23.35295,49.80614],[23.35114,49.8064],[23.29913,49.80916],[23.29629,49.80983],[23.28423,49.8144],[23.28198,49.81517],[23.27953,49.81572],[23.27628,49.81593],[23.23416,49.81683],[23.22956,49.81714],[23.22517,49.81797],[23.22201,49.81889],[23.19539,49.82926],[23.19138,49.83035],[23.18723,49.83111],[23.18303,49.83156],[23.1795,49.83167],[23.1735,49.83135],[23.157,49.82887],[23.15461,49.82798],[23.15032,49.82525],[23.14836,49.82439],[23.09859,49.80826],[23.09592,49.80757],[23.09377,49.80722],[23.09021,49.80696],[23.08774,49.80701],[23.08474,49.80736],[23.08231,49.80782],[23.05313,49.81727],[23.04792,49.81818],[23.04322,49.81821],[23.03694,49.81714],[23.02133,49.81362],[22.99301,49.80434],[22.98999,49.80354],[22.98669,49.80298],[22.98196,49.80263],[22.9777,49.8028],[22.95536,49.80593],[22.95344,49.80593],[22.94907,49.80529],[22.94018,49.80284],[22.93354,49.80015],[22.92603,49.79909],[22.92312,49.79846],[22.89359,49.78841],[22.88649,49.78693],[22.88104,49.78517],[22.87895,49.78467],[22.87643,49.78437],[22.87401,49.78436],[22.8565,49.78573],[22.84821,49.78529],[22.84637,49.78539],[22.84379,49.78612],[22.84222,49.78702],[22.83204,49.79607],[22.83033,49.7973],[22.82057,49.80193],[22.81849,49.80316],[22.81705,49.80442],[22.81224,49.80991],[22.81154,49.81106],[22.81126,49.81213],[22.81135,49.81331],[22.81191,49.81457],[22.81275,49.81555],[22.81399,49.81646],[22.81685,49.8176],[22.82179,49.81885],[22.82361,49.81945],[22.83067,49.82324],[22.832,49.82434],[22.83359,49.82697],[22.8379,49.83337],[22.83975,49.83568],[22.84286,49.84018],[22.84589,49.84318],[22.84795,49.84631],[22.86217,49.87157],[22.86264,49.87247],[22.86302,49.87388],[22.86307,49.87531],[22.86254,49.87716],[22.83651,49.93456],[22.83553,49.93597],[22.83317,49.93778],[22.83142,49.93862],[22.82091,49.94219],[22.76226,49.96129],[22.75837,49.96284],[22.74219,49.97144],[22.7403,49.97264],[22.70189,50.00391],[22.70023,50.00477],[22.69328,50.00774],[22.69087,50.00858],[22.66788,50.01206],[22.65882,50.01467],[22.65644,50.01561],[22.65424,50.017],[22.60191,50.05479],[22.60011,50.05585],[22.59743,50.05695],[22.59515,50.05756],[22.57789,50.06097],[22.536,50.06802],[22.53217,50.06809],[22.52957,50.06791],[22.52158,50.06666],[22.51476,50.06629],[22.49639,50.06783],[22.49449,50.06845],[22.49223,50.07032],[22.48916,50.07244],[22.48664,50.07357],[22.45215,50.08008],[22.44922,50.08036],[22.39102,50.08358],[22.27427,50.08347],[22.27127,50.08333],[22.25648,50.08182],[22.25345,50.08164],[22.18993,50.08184],[22.18713,50.08172],[22.04123,50.05298],[22.03799,50.05259],[22.02713,50.05238],[22.02495,50.05214],[22.02285,50.05145],[22.02118,50.05042],[22.0204,50.04963],[22.01712,50.0451],[22.01649,50.04452],[22.01562,50.04406],[22.01443,50.04372],[22.01151,50.0433],[22.00277,50.04296],[21.99873,50.04319],[21.99722,50.04384],[21.99633,50.04478],[21.99257,50.06],[21.99208,50.06117],[21.99124,50.06241],[21.98986,50.06373],[21.97519,50.07503],[21.97161,50.07687],[21.96952,50.07759],[21.967,50.07821],[21.94883,50.08076],[21.94494,50.08113],[21.94036,50.08098],[21.91488,50.07823],[21.91164,50.078],[21.83507,50.07864],[21.83159,50.07854],[21.82779,50.07798],[21.80699,50.07333],[21.80482,50.07304],[21.79772,50.07251],[21.79501,50.07207],[21.79207,50.07131],[21.78541,50.06897],[21.77647,50.06725],[21.76074,50.06282],[21.75798,50.06225],[21.7537,50.06194],[21.74884,50.06232],[21.74514,50.06318],[21.73076,50.06918],[21.72786,50.07014],[21.71532,50.07244],[21.70877,50.07418],[21.70567,50.07467],[21.68832,50.07564],[21.66693,50.07643],[21.64702,50.07419],[21.64288,50.07407],[21.63969,50.07433],[21.63783,50.07467],[21.62494,50.07812],[21.62214,50.07862],[21.60734,50.07975],[21.58894,50.07933],[21.58196,50.07869],[21.41925,50.05879],[21.41655,50.05826],[21.41405,50.05752],[21.38552,50.04722],[21.38273,50.04664],[21.38058,50.04638],[21.3696,50.04561],[21.31663,50.04625],[21.31178,50.04663],[21.26622,50.05326],[21.26394,50.0538],[21.26113,50.05479],[21.24691,50.06121],[21.24349,50.06236],[21.22756,50.06542],[21.2206,50.06599],[21.21666,50.06603],[21.21284,50.06558],[21.1481,50.05251],[21.1443,50.05122],[21.12756,50.04416],[21.12351,50.04296],[21.05706,50.03303],[21.05373,50.03234],[21.05113,50.0315],[21.04844,50.03029],[21.03115,50.02056],[21.00839,50.01032],[21.00319,50.00778],[20.99904,50.00622],[20.99683,50.00568],[20.99384,50.00523],[20.99035,50.00507],[20.98361,50.00516],[20.97118,50.00556],[20.9659,50.00555],[20.87275,50.0075],[20.85829,50.00755],[20.71255,50.00307],[20.70481,50.00248],[20.70052,50.00158],[20.67461,49.9922],[20.67136,49.9913],[20.66847,49.99081],[20.62131,49.987],[20.6149,49.98664],[20.59826,49.98752],[20.53015,49.98664],[20.52763,49.98642],[20.46466,49.9781],[20.46063,49.97777],[20.44194,49.97747],[20.43464,49.97754],[20.4143,49.97707],[20.41131,49.97718],[20.40859,49.97751],[20.40515,49.97829],[20.35055,49.99304],[20.30342,50.0014],[20.25182,50.01029],[20.24875,50.01045],[20.20655,50.01067],[20.20361,50.01083],[20.19987,50.01144],[20.16381,50.0192],[20.1609,50.01965],[20.158,50.01985],[20.14031,50.01956],[20.0609,50.01763],[20.05514,50.01773],[20.05134,50.01822],[20.0459,50.01951],[20.03286,50.02139],[20.02276,50.02333],[20.02068,50.02362],[20.01724,50.02382],[20.00331,50.0261],[20.0023,50.02636],[19.99984,50.02746],[19.98263,50.03136],[19.98093,50.03201],[19.97427,50.03681],[19.97074,50.03856],[19.96598,50.04185],[19.95064,50.05318],[19.94899,50.05496],[19.94835,50.05615],[19.94802,50.05726],[19.9474,50.06618],[19.94707,50.06732],[19.94691,50.07042],[19.94645,50.07228],[19.94498,50.07447],[19.94276,50.07642],[19.94024,50.07806],[19.93784,50.07922],[19.93379,50.08026],[19.92991,50.08072],[19.92726,50.08141],[19.92603,50.08157],[19.89535,50.08273],[19.89137,50.08261],[19.88819,50.08289],[19.8846,50.08298],[19.87227,50.08253],[19.86809,50.08256],[19.86299,50.08311],[19.85679,50.08451],[19.85376,50.08562],[19.85078,50.08717],[19.83332,50.09823],[19.81636,50.1111],[19.81344,50.11293],[19.81121,50.11401],[19.80843,50.11506],[19.78865,50.12069],[19.78532,50.12135],[19.76966,50.12353],[19.76707,50.12376],[19.76386,50.12383],[19.75974,50.12354],[19.74815,50.12185],[19.73996,50.12172],[19.73712,50.1215],[19.72051,50.11895],[19.71657,50.1188],[19.71055,50.11932],[19.70776,50.11984],[19.70508,50.12055],[19.70201,50.12168],[19.69091,50.12649],[19.68806,50.12747],[19.68524,50.12819],[19.6806,50.12886],[19.6628,50.13063],[19.65912,50.1308],[19.64551,50.13046],[19.6329,50.13105],[19.62522,50.13114],[19.62158,50.13075],[19.61093,50.1286],[19.60534,50.12822],[19.60194,50.12836],[19.58018,50.13035],[19.57638,50.13104],[19.57271,50.1321],[19.56116,50.13706],[19.55779,50.13828],[19.55409,50.13918],[19.54935,50.13997],[19.54632,50.14034],[19.5435,50.14048],[19.51876,50.14052],[19.51534,50.14077],[19.51131,50.14143],[19.49744,50.1451],[19.45665,50.15311],[19.45361,50.15398],[19.42615,50.163],[19.42346,50.16363],[19.41658,50.16472],[19.41273,50.16571],[19.40935,50.16701],[19.3828,50.1794],[19.34614,50.20157],[19.34375,50.20344],[19.34197,50.20529],[19.33998,50.2081],[19.33697,50.21322],[19.33463,50.21666],[19.3246,50.23029],[19.32339,50.23166],[19.32194,50.23296],[19.31,50.24177],[19.30772,50.24303],[19.30361,50.24458],[19.30007,50.24562],[19.28937,50.24784],[19.28132,50.24935],[19.27448,50.25023],[19.27099,50.25042],[19.26593,50.25043],[19.26176,50.25081],[19.25919,50.25126],[19.23967,50.25561],[19.23648,50.25595],[19.23273,50.2558],[19.22965,50.25522],[19.22704,50.25433],[19.21185,50.2462],[19.20943,50.24506],[19.20619,50.24401],[19.19761,50.24181],[19.19352,50.24035],[19.18758,50.23741],[19.18018,50.23276],[19.17791,50.23165],[19.17547,50.23072],[19.17116,50.22957],[19.16564,50.22865],[19.16116,50.22845],[19.1544,50.22894],[19.15122,50.22983],[19.14791,50.23119],[19.14667,50.23188],[19.14298,50.23571],[19.14016,50.23969],[19.13954,50.2403],[19.13791,50.24144],[19.13383,50.24363],[19.13252,50.2445],[19.12993,50.24698],[19.12609,50.25007],[19.11882,50.25529],[19.11565,50.25719],[19.11082,50.25898],[19.10865,50.25948],[19.10593,50.25978],[19.10322,50.26],[19.10044,50.25995],[19.08864,50.25829],[19.08561,50.25806],[19.07515,50.25671],[19.06965,50.25636],[19.06472,50.25652],[19.04873,50.25774],[19.03294,50.25654],[19.02935,50.2565],[19.02299,50.25699],[19.01915,50.25769],[19.01141,50.25812],[19.00809,50.25862],[19.00026,50.26078],[18.96423,50.27138],[18.95112,50.27542],[18.94832,50.2766],[18.94002,50.28099],[18.93828,50.28175],[18.93146,50.28381],[18.92688,50.28549],[18.89891,50.29702],[18.8926,50.29851],[18.88567,50.30161],[18.87872,50.30359],[18.87538,50.30521],[18.87086,50.30797],[18.86027,50.31381],[18.85652,50.31503],[18.85232,50.31582],[18.84917,50.31588],[18.84514,50.31562],[18.84208,50.31525],[18.83889,50.31459],[18.83575,50.31364],[18.82111,50.30818],[18.81819,50.30734],[18.81589,50.30686],[18.81309,50.30654],[18.80691,50.30616],[18.77355,50.30468],[18.76911,50.30429],[18.75032,50.30078],[18.74347,50.29927],[18.73669,50.29839],[18.72916,50.29641],[18.72682,50.29595],[18.71583,50.29577],[18.70835,50.29472],[18.69741,50.29475],[18.69545,50.29492],[18.69337,50.29531],[18.68649,50.29751],[18.67231,50.30304],[18.66681,50.30555],[18.66299,50.30768],[18.65898,50.31064],[18.65545,50.3142],[18.65145,50.31705],[18.64599,50.32305],[18.64296,50.32577],[18.63779,50.32963],[18.63081,50.33354],[18.629,50.33471],[18.62402,50.33882],[18.6232,50.33969],[18.62232,50.3412],[18.62179,50.34298],[18.6205,50.35162],[18.62056,50.3542],[18.62143,50.35677],[18.62797,50.36803],[18.62862,50.36965],[18.62896,50.3715],[18.62887,50.37364],[18.62822,50.37579],[18.62653,50.3787],[18.62545,50.37987],[18.61626,50.38553],[18.61213,50.3888],[18.61074,50.38971],[18.60601,50.39198],[18.57088,50.41289],[18.55242,50.42343],[18.54902,50.42518],[18.52801,50.43695],[18.52343,50.43874],[18.46394,50.45633],[18.45916,50.45793],[18.38227,50.4941],[18.37913,50.49542],[18.31147,50.5152],[18.30409,50.51749],[18.29298,50.52054],[18.28995,50.52111],[18.23771,50.52555],[18.2327,50.52634],[18.17054,50.54039],[18.12918,50.54997],[18.11589,50.55316],[18.1136,50.55383],[18.10936,50.55565],[18.03825,50.59262],[17.97102,50.6273],[17.96287,50.63067],[17.94903,50.64075],[17.93366,50.65718],[17.93226,50.6585],[17.93059,50.65966],[17.92873,50.66058],[17.92417,50.66179],[17.92047,50.66217],[17.89512,50.66066],[17.8861,50.66067],[17.87932,50.66123],[17.81814,50.66985],[17.78092,50.67925],[17.77856,50.67997],[17.77598,50.68097],[17.62034,50.75572],[17.61671,50.75767],[17.60406,50.76371],[17.60019,50.76537],[17.53137,50.7983],[17.52865,50.79972],[17.52606,50.80126],[17.523,50.80337],[17.51884,50.80696],[17.48391,50.84602],[17.48136,50.84827],[17.47822,50.85026],[17.47656,50.85106],[17.47424,50.85187],[17.44358,50.86079],[17.44017,50.862],[17.4365,50.86354],[17.43078,50.86658],[17.39795,50.88675],[17.39427,50.88876],[17.29958,50.92965],[17.21664,50.97094],[17.21232,50.97366],[17.17697,50.9979],[17.1256,51.02821],[17.11808,51.03316],[17.11367,51.0381],[17.10648,51.04366],[17.10241,51.04732],[17.09899,51.05098],[17.09637,51.05415],[17.09017,51.0607],[17.085,51.06721],[17.08382,51.06832],[17.07947,51.07313],[17.07331,51.08111],[17.07028,51.08384],[17.06815,51.08545],[17.06553,51.08712],[17.055,51.09153],[17.05377,51.09225],[17.04661,51.09564],[17.0438,51.09665],[17.0404,51.09749],[17.03796,51.09784]]}},{"type":"Feature","properties":{"name":"2003 Lviv -> Uzhhorod (269.6km)","mode":"train","date":"2003","distance_km":"268.9"},"geometry":{"type":"LineString","coordinates":[[23.99346,49.83866],[23.99276,49.8379],[23.99066,49.837],[23.98601,49.83636],[23.98201,49.83562],[23.97622,49.83418],[23.97276,49.83405],[23.96784,49.83474],[23.96583,49.83457],[23.94173,49.82674],[23.94025,49.8261],[23.93851,49.82498],[23.93141,49.81719],[23.91591,49.80321],[23.90825,49.79823],[23.90279,49.79557],[23.89777,49.79191],[23.89657,49.79075],[23.89493,49.78755],[23.89139,49.77692],[23.88894,49.77314],[23.88814,49.77226],[23.887,49.77145],[23.88291,49.76969],[23.88161,49.76891],[23.87784,49.76576],[23.87691,49.76456],[23.87668,49.76369],[23.87684,49.76268],[23.87729,49.7619],[23.87982,49.75882],[23.88029,49.75629],[23.8802,49.75495],[23.87986,49.75389],[23.87927,49.7529],[23.87827,49.75187],[23.87612,49.75056],[23.8743,49.74992],[23.84408,49.74422],[23.84272,49.74382],[23.84159,49.74305],[23.84117,49.7425],[23.84096,49.74186],[23.83782,49.72494],[23.83684,49.72314],[23.83563,49.72181],[23.83352,49.72026],[23.83212,49.71957],[23.8298,49.71876],[23.82766,49.71828],[23.80247,49.71462],[23.79908,49.71465],[23.7577,49.71857],[23.75467,49.71816],[23.74786,49.71553],[23.74477,49.7149],[23.73994,49.71484],[23.72927,49.71555],[23.72601,49.7156],[23.72334,49.71528],[23.72085,49.71434],[23.71952,49.71342],[23.71846,49.71222],[23.68849,49.66419],[23.6854,49.66132],[23.67755,49.65618],[23.67656,49.65568],[23.67563,49.65544],[23.67419,49.65534],[23.66192,49.65639],[23.65712,49.6571],[23.6513,49.65709],[23.64425,49.65734],[23.64133,49.65771],[23.62979,49.66074],[23.61859,49.66304],[23.61598,49.66422],[23.6099,49.66814],[23.60826,49.66873],[23.59782,49.67038],[23.59456,49.67051],[23.58186,49.66995],[23.55158,49.66665],[23.5489,49.6668],[23.54032,49.66884],[23.53741,49.66918],[23.53591,49.66915],[23.51972,49.66749],[23.51841,49.66687],[23.51786,49.66636],[23.51746,49.66567],[23.51615,49.65922],[23.51558,49.65783],[23.51495,49.65684],[23.51328,49.6553],[23.50885,49.65266],[23.50745,49.65151],[23.5068,49.65043],[23.50601,49.64775],[23.5055,49.64684],[23.5048,49.64608],[23.50047,49.64271],[23.4795,49.62717],[23.47712,49.62574],[23.47459,49.62464],[23.43897,49.61159],[23.41397,49.60485],[23.41071,49.60424],[23.3766,49.59982],[23.3741,49.59969],[23.36461,49.59967],[23.36324,49.59952],[23.34655,49.5932],[23.34355,49.59151],[23.30472,49.56292],[23.24914,49.53486],[23.24771,49.53399],[23.24538,49.53199],[23.22362,49.51029],[23.22277,49.50958],[23.22214,49.50928],[23.22065,49.509],[23.21926,49.50912],[23.21799,49.50966],[23.21718,49.51039],[23.21507,49.51379],[23.21353,49.51689],[23.21142,49.52016],[23.21009,49.52336],[23.20997,49.52425],[23.21042,49.52524],[23.21204,49.52673],[23.21258,49.52755],[23.21269,49.52852],[23.21213,49.52965],[23.21077,49.53056],[23.20918,49.53096],[23.20764,49.53091],[23.20565,49.53049],[23.20432,49.52999],[23.18907,49.52189],[23.17589,49.51718],[23.1692,49.51337],[23.14814,49.50438],[23.14723,49.50359],[23.14688,49.50298],[23.14678,49.50215],[23.14709,49.50138],[23.14827,49.49971],[23.14836,49.49877],[23.14775,49.49774],[23.14679,49.4971],[23.14124,49.49516],[23.13793,49.49436],[23.11628,49.48604],[23.1114,49.48473],[23.08209,49.47317],[23.07684,49.47118],[23.07105,49.4693],[23.03685,49.45594],[23.03566,49.45529],[23.03379,49.45394],[23.0306,49.45254],[23.02958,49.45227],[23.02717,49.45202],[23.02572,49.45211],[23.0225,49.45287],[23.00861,49.45226],[23.00713,49.45198],[23.00555,49.45106],[23.00482,49.45042],[23.00445,49.44967],[23.00319,49.44129],[23.00268,49.43906],[22.99929,49.43057],[22.99869,49.42971],[22.99816,49.42923],[22.9943,49.42667],[22.99337,49.42543],[22.99293,49.42462],[22.99226,49.42255],[22.99092,49.41732],[22.98791,49.41254],[22.98715,49.41037],[22.98602,49.40874],[22.98589,49.40583],[22.98566,49.40511],[22.98467,49.40411],[22.98225,49.40303],[22.98166,49.40258],[22.9805,49.40078],[22.97901,49.39901],[22.9787,49.39823],[22.97868,49.39768],[22.97885,49.39716],[22.98097,49.39387],[22.98289,49.38985],[22.98354,49.38916],[22.98692,49.38642],[22.9903,49.38299],[22.9926,49.37978],[22.99831,49.37369],[22.99973,49.37289],[23.00262,49.37219],[23.00403,49.37209],[23.00626,49.37223],[23.00796,49.37199],[23.00912,49.37146],[23.01161,49.3693],[23.0123,49.36821],[23.01299,49.36592],[23.01449,49.36385],[23.01611,49.3589],[23.01783,49.3559],[23.01859,49.35273],[23.01857,49.35204],[23.01835,49.35128],[23.01755,49.35024],[23.00802,49.34436],[23.0048,49.34322],[22.99992,49.3418],[22.99704,49.34117],[22.99579,49.34068],[22.98969,49.33659],[22.98566,49.33243],[22.98349,49.33099],[22.97685,49.32728],[22.97121,49.32565],[22.96618,49.32289],[22.95621,49.31489],[22.95555,49.31403],[22.95533,49.31319],[22.95551,49.31218],[22.96033,49.30318],[22.96174,49.30202],[22.96497,49.30036],[22.96567,49.29986],[22.96854,49.29612],[22.96862,49.29502],[22.96829,49.29373],[22.96861,49.29189],[22.96852,49.29123],[22.96823,49.29041],[22.96728,49.28903],[22.96706,49.28825],[22.96739,49.28715],[22.96873,49.28485],[22.96986,49.28392],[22.97501,49.28235],[22.97629,49.28165],[22.97691,49.2809],[22.97784,49.27926],[22.98107,49.2731],[22.98342,49.27074],[22.98577,49.26943],[22.98645,49.26872],[22.98709,49.26765],[22.98708,49.26687],[22.98651,49.2652],[22.98519,49.26266],[22.98472,49.26209],[22.98242,49.26064],[22.98193,49.25988],[22.98197,49.25888],[22.98295,49.25725],[22.983,49.25667],[22.98273,49.25595],[22.97848,49.25152],[22.97644,49.24727],[22.97631,49.24538],[22.97613,49.24483],[22.97556,49.24413],[22.97157,49.24089],[22.97119,49.24011],[22.97124,49.23943],[22.9718,49.23857],[22.97268,49.23797],[22.97712,49.2358],[22.97891,49.23531],[22.97989,49.23531],[22.98119,49.23559],[22.98203,49.23598],[22.98393,49.23733],[22.98507,49.23773],[22.98662,49.23786],[22.98925,49.23775],[22.99111,49.23724],[22.99196,49.23662],[22.99332,49.23478],[22.99734,49.23219],[22.99867,49.23104],[22.99952,49.23005],[23.00048,49.22804],[23.00293,49.22595],[23.00516,49.22264],[23.00946,49.21904],[23.01075,49.21705],[23.0143,49.21379],[23.02081,49.21111],[23.02538,49.20984],[23.02806,49.2086],[23.0308,49.20781],[23.03363,49.20655],[23.03492,49.20641],[23.03582,49.20648],[23.0389,49.20729],[23.04,49.20726],[23.04119,49.20697],[23.0425,49.20609],[23.04348,49.20449],[23.04418,49.20377],[23.04615,49.20245],[23.04764,49.20182],[23.05131,49.20089],[23.05244,49.20031],[23.05319,49.19943],[23.05344,49.1979],[23.05384,49.19706],[23.05484,49.19616],[23.05571,49.19572],[23.058,49.1952],[23.06066,49.19525],[23.0638,49.19494],[23.06637,49.19486],[23.06833,49.19423],[23.06909,49.19356],[23.06945,49.19275],[23.06921,49.1911],[23.06937,49.1903],[23.07176,49.18772],[23.07249,49.18628],[23.07255,49.18226],[23.07202,49.18107],[23.07065,49.18015],[23.06786,49.17921],[23.06239,49.17685],[23.05323,49.17185],[23.0515,49.16964],[23.04787,49.16708],[23.04721,49.16649],[23.04675,49.16579],[23.04649,49.16479],[23.04654,49.16418],[23.04808,49.16092],[23.04806,49.16029],[23.04769,49.15957],[23.04694,49.1589],[23.04494,49.15794],[23.04299,49.15662],[23.0415,49.15614],[23.03944,49.15596],[23.03556,49.15522],[23.0305,49.15313],[23.02505,49.15247],[23.0235,49.15186],[23.02042,49.15011],[23.01932,49.14971],[23.01807,49.1495],[23.01519,49.1495],[23.01383,49.14925],[23.01087,49.14761],[23.00805,49.14685],[23.00549,49.14509],[23.00051,49.14357],[22.99819,49.14229],[22.99628,49.14208],[22.99309,49.14248],[22.99177,49.14225],[22.99081,49.14183],[22.98985,49.14097],[22.98815,49.13875],[22.98718,49.13592],[22.98618,49.13479],[22.98548,49.13434],[22.9846,49.13402],[22.98081,49.13354],[22.98009,49.13323],[22.97931,49.13261],[22.97882,49.13161],[22.97909,49.1298],[22.97884,49.12888],[22.97831,49.12828],[22.97585,49.12674],[22.97444,49.12505],[22.97347,49.1245],[22.97258,49.12421],[22.96944,49.12357],[22.96643,49.12318],[22.96501,49.12272],[22.96424,49.12225],[22.96284,49.12095],[22.959,49.11872],[22.95571,49.11541],[22.95524,49.11474],[22.95511,49.11388],[22.95533,49.11323],[22.95634,49.11184],[22.95704,49.11119],[22.96055,49.10882],[22.96129,49.10796],[22.96166,49.10616],[22.96143,49.1055],[22.96103,49.10498],[22.96039,49.10449],[22.95947,49.1041],[22.95386,49.10289],[22.95269,49.10243],[22.95023,49.10028],[22.94748,49.09865],[22.94506,49.09779],[22.94289,49.096],[22.93434,49.09048],[22.93253,49.08993],[22.92857,49.09],[22.92677,49.08962],[22.92547,49.08898],[22.9218,49.08586],[22.92025,49.08527],[22.91869,49.08516],[22.91677,49.08541],[22.91564,49.0858],[22.91487,49.08632],[22.91332,49.08788],[22.91169,49.08867],[22.91073,49.08886],[22.90894,49.08884],[22.90762,49.08901],[22.90438,49.09036],[22.90196,49.09101],[22.90085,49.09108],[22.89965,49.0909],[22.89869,49.09057],[22.89063,49.08598],[22.88632,49.0817],[22.8851,49.08094],[22.88035,49.07965],[22.87558,49.07927],[22.87336,49.07855],[22.87066,49.0781],[22.86909,49.07724],[22.86846,49.07617],[22.86861,49.07508],[22.86945,49.07414],[22.87168,49.07276],[22.87213,49.07204],[22.87222,49.07143],[22.87141,49.06865],[22.87176,49.06707],[22.87175,49.0663],[22.87143,49.06571],[22.87017,49.06421],[22.86981,49.06346],[22.86973,49.06224],[22.86999,49.06155],[22.87055,49.0608],[22.87258,49.05906],[22.87354,49.05801],[22.87584,49.05646],[22.87855,49.05379],[22.88003,49.0515],[22.8811,49.05085],[22.8833,49.05013],[22.88394,49.04972],[22.88454,49.04909],[22.88481,49.04835],[22.88463,49.04743],[22.88264,49.04533],[22.88215,49.04447],[22.88212,49.04388],[22.8823,49.04339],[22.88308,49.04251],[22.88436,49.04198],[22.88585,49.04187],[22.88938,49.04279],[22.89116,49.04284],[22.89259,49.0425],[22.89339,49.04209],[22.89384,49.04165],[22.89423,49.04096],[22.89426,49.04047],[22.89327,49.03728],[22.8935,49.03623],[22.89386,49.03575],[22.89458,49.03522],[22.89784,49.03422],[22.8985,49.03387],[22.89917,49.03326],[22.89956,49.03243],[22.89951,49.03167],[22.89902,49.03083],[22.89673,49.02949],[22.89589,49.02881],[22.8955,49.02777],[22.89575,49.02674],[22.89668,49.0258],[22.90054,49.02373],[22.90674,49.01996],[22.90762,49.01916],[22.90803,49.01781],[22.90796,49.01641],[22.90752,49.01492],[22.90705,49.01401],[22.90633,49.01334],[22.90548,49.01295],[22.90413,49.01271],[22.901,49.01301],[22.89951,49.01279],[22.89838,49.01229],[22.89409,49.00974],[22.89128,49.00665],[22.88819,49.00457],[22.88638,49.00278],[22.8842,49.0013],[22.88363,49.00041],[22.88352,48.99992],[22.88384,48.99828],[22.88371,48.99764],[22.88321,48.99693],[22.88214,48.99638],[22.88064,48.99612],[22.8791,48.99625],[22.87606,48.99758],[22.87371,48.99807],[22.87146,48.99907],[22.86999,48.99945],[22.86826,48.99954],[22.86648,48.9993],[22.86362,48.99947],[22.86232,48.99924],[22.86051,48.99829],[22.85912,48.99799],[22.85763,48.9981],[22.85504,48.9988],[22.85359,48.9988],[22.8524,48.99841],[22.84956,48.99642],[22.84813,48.99583],[22.84398,48.99532],[22.83978,48.99523],[22.83653,48.99445],[22.83508,48.99439],[22.8336,48.99486],[22.8326,48.99575],[22.83239,48.9964],[22.83234,48.99778],[22.832,48.99835],[22.82985,48.9999],[22.82731,49.00145],[22.82667,49.00203],[22.82631,49.00279],[22.82624,49.00367],[22.8265,49.00449],[22.82735,49.00571],[22.82749,49.00668],[22.82716,49.00754],[22.82681,49.00796],[22.8253,49.00886],[22.82362,49.00903],[22.81998,49.00819],[22.81875,49.00807],[22.81287,49.00891],[22.80389,49.00802],[22.80198,49.00765],[22.79762,49.0072],[22.79663,49.0069],[22.79567,49.00636],[22.79419,49.00481],[22.79403,49.00436],[22.79406,49.00383],[22.79453,49.00294],[22.79526,49.00241],[22.79609,49.00207],[22.79828,49.00174],[22.79918,49.00146],[22.80523,48.99843],[22.80778,48.99784],[22.80955,48.99788],[22.81066,48.99818],[22.81384,49.0004],[22.81416,49.00086],[22.8143,49.00155],[22.81376,49.00326],[22.81378,49.00387],[22.81409,49.00457],[22.81477,49.00523],[22.81597,49.00575],[22.81722,49.00585],[22.81839,49.00571],[22.81915,49.00543],[22.82001,49.00488],[22.82049,49.00414],[22.82047,49.00121],[22.82117,48.99929],[22.82203,48.99785],[22.82213,48.99697],[22.82187,48.9952],[22.82221,48.9943],[22.82284,48.99359],[22.82399,48.99289],[22.82617,48.99211],[22.82963,48.98967],[22.83151,48.98878],[22.83615,48.98731],[22.83725,48.98723],[22.83979,48.98747],[22.84154,48.98712],[22.84276,48.98622],[22.84308,48.98517],[22.84287,48.98427],[22.84207,48.9835],[22.84119,48.98313],[22.83956,48.98297],[22.83827,48.98312],[22.83468,48.98404],[22.8284,48.98461],[22.82706,48.98514],[22.82476,48.98684],[22.82313,48.98737],[22.82193,48.98738],[22.81881,48.98642],[22.81535,48.98585],[22.81039,48.98408],[22.80924,48.98324],[22.80866,48.98247],[22.80777,48.98059],[22.80632,48.97819],[22.80482,48.97631],[22.80208,48.97477],[22.79927,48.97431],[22.7967,48.97474],[22.79591,48.97501],[22.79498,48.97571],[22.7937,48.97726],[22.79241,48.97789],[22.78744,48.97911],[22.78193,48.97942],[22.78026,48.97968],[22.77849,48.98033],[22.77534,48.98207],[22.77048,48.98285],[22.76925,48.98324],[22.76443,48.98631],[22.76149,48.98762],[22.76072,48.98812],[22.76,48.98897],[22.75942,48.99074],[22.75889,48.99138],[22.75815,48.99187],[22.75696,48.99229],[22.75043,48.99353],[22.74789,48.99498],[22.74408,48.9961],[22.74158,48.99626],[22.73832,48.99677],[22.73147,48.99733],[22.72964,48.99685],[22.72723,48.99535],[22.72514,48.99467],[22.71384,48.99258],[22.70052,48.99162],[22.69917,48.99175],[22.69675,48.99238],[22.69532,48.99244],[22.69057,48.99111],[22.68509,48.99132],[22.68414,48.99108],[22.68144,48.98978],[22.67705,48.98935],[22.67589,48.98951],[22.67278,48.99046],[22.67013,48.9905],[22.66916,48.99069],[22.66621,48.99221],[22.66401,48.99307],[22.65083,48.99656],[22.64884,48.99762],[22.64624,49.0003],[22.64529,49.001],[22.64234,49.00239],[22.64141,49.00262],[22.63997,49.0026],[22.63885,49.00228],[22.63811,49.00188],[22.63749,49.00117],[22.63726,49.00045],[22.63741,48.99968],[22.64004,48.99565],[22.64018,48.99483],[22.63993,48.99401],[22.63659,48.99068],[22.62884,48.98366],[22.62817,48.98266],[22.62812,48.98188],[22.62885,48.97974],[22.62911,48.97917],[22.63022,48.97766],[22.6304,48.97679],[22.6301,48.97599],[22.62957,48.97546],[22.62649,48.97405],[22.62594,48.97358],[22.62555,48.97286],[22.62554,48.97191],[22.62619,48.97039],[22.62615,48.96956],[22.62558,48.96869],[22.62449,48.96773],[22.62412,48.96688],[22.62416,48.96627],[22.62507,48.96477],[22.62522,48.96417],[22.62493,48.96196],[22.62473,48.96137],[22.62419,48.96081],[22.62342,48.9604],[22.61897,48.95968],[22.61752,48.95902],[22.61705,48.95853],[22.61678,48.95796],[22.61631,48.95551],[22.61564,48.95454],[22.61467,48.95393],[22.61149,48.95293],[22.60479,48.94879],[22.59912,48.94283],[22.59852,48.94233],[22.59767,48.94192],[22.59104,48.94027],[22.58977,48.94009],[22.58862,48.94017],[22.58515,48.94095],[22.57612,48.94185],[22.57478,48.94222],[22.5637,48.94646],[22.56239,48.94717],[22.55683,48.95106],[22.55186,48.95258],[22.54912,48.95288],[22.54752,48.95281],[22.54305,48.95117],[22.54162,48.9509],[22.53763,48.95109],[22.53363,48.952],[22.53101,48.95234],[22.52185,48.95036],[22.51835,48.94853],[22.51597,48.94795],[22.51464,48.94796],[22.51247,48.94854],[22.50952,48.94892],[22.50594,48.9484],[22.5025,48.94818],[22.50119,48.94761],[22.49929,48.94636],[22.49469,48.94424],[22.49405,48.94377],[22.49256,48.94189],[22.49067,48.94086],[22.48879,48.94058],[22.47506,48.94029],[22.47271,48.94003],[22.47124,48.93946],[22.46676,48.93638],[22.46429,48.93514],[22.46276,48.93416],[22.4615,48.93294],[22.46026,48.93097],[22.45757,48.9259],[22.45732,48.92515],[22.457,48.91962],[22.45711,48.91846],[22.4577,48.91752],[22.45927,48.91602],[22.46105,48.91291],[22.46123,48.91229],[22.4612,48.91179],[22.46084,48.91098],[22.46001,48.90986],[22.45883,48.90869],[22.45816,48.90748],[22.4581,48.90204],[22.45767,48.89578],[22.45676,48.89449],[22.45144,48.88966],[22.45032,48.88842],[22.44641,48.87964],[22.44613,48.87867],[22.44612,48.87786],[22.44655,48.87669],[22.44991,48.87052],[22.4501,48.86992],[22.44994,48.86884],[22.44756,48.86192],[22.44864,48.84678],[22.44898,48.84597],[22.44982,48.84517],[22.46253,48.83796],[22.464,48.83687],[22.46476,48.83583],[22.46586,48.83349],[22.47263,48.82374],[22.47344,48.82273],[22.47464,48.82177],[22.47708,48.82022],[22.47856,48.81973],[22.48037,48.81966],[22.48724,48.82061],[22.48857,48.82044],[22.4896,48.82008],[22.49041,48.81959],[22.4911,48.81889],[22.49145,48.81802],[22.49133,48.81699],[22.48468,48.80413],[22.48449,48.80355],[22.48454,48.80239],[22.49414,48.78724],[22.49437,48.78567],[22.49393,48.77888],[22.49452,48.77768],[22.49602,48.77646],[22.49744,48.77465],[22.49832,48.77189],[22.49821,48.76992],[22.49872,48.76849],[22.49953,48.76451],[22.5004,48.76359],[22.50621,48.76009],[22.50724,48.75909],[22.50774,48.75786],[22.50842,48.75467],[22.50839,48.75347],[22.50815,48.75272],[22.50708,48.75131],[22.48911,48.73666],[22.4869,48.73562],[22.47582,48.73185],[22.47134,48.72975],[22.46986,48.72943],[22.46812,48.72956],[22.45561,48.73328],[22.45332,48.73315],[22.4517,48.73243],[22.44837,48.72864],[22.44783,48.72713],[22.44733,48.72643],[22.44641,48.7257],[22.44295,48.72409],[22.44192,48.72313],[22.43954,48.72011],[22.43882,48.71912],[22.43864,48.71857],[22.43899,48.71676],[22.43893,48.71578],[22.43781,48.71434],[22.43689,48.71378],[22.43178,48.71189],[22.4301,48.71067],[22.42735,48.70828],[22.42618,48.70318],[22.42609,48.70183],[22.4266,48.69992],[22.42665,48.69827],[22.42696,48.69612],[22.42659,48.69508],[22.42559,48.69389],[22.42472,48.69344],[22.42358,48.69319],[22.41998,48.69301],[22.41098,48.69164],[22.40581,48.68998],[22.40469,48.68899],[22.40439,48.68837],[22.404,48.68634],[22.40296,48.68525],[22.402,48.68481],[22.39785,48.68353],[22.3934,48.68128],[22.39212,48.68031],[22.38823,48.67658],[22.36975,48.66497],[22.34888,48.65492],[22.3477,48.65376],[22.3387,48.64077],[22.33488,48.63599],[22.32903,48.63134],[22.31944,48.62445],[22.31884,48.62373],[22.31738,48.62097],[22.31667,48.62031],[22.31284,48.61877],[22.31054,48.61737],[22.30773,48.616],[22.30399,48.61356],[22.30305,48.61263],[22.30087,48.60921]]}},{"type":"Feature","properties":{"name":"2004_Lviv -> Morshyn (88.7km)","mode":"train","distance_km":"88.6"},"geometry":{"type":"LineString","coordinates":[[23.99278,49.83987],[23.99174,49.83868],[23.99007,49.8378],[23.98846,49.83723],[23.98677,49.83674],[23.98114,49.83569],[23.97642,49.8343],[23.97276,49.83405],[23.96753,49.83475],[23.96523,49.83442],[23.94262,49.82705],[23.94054,49.82625],[23.93807,49.8246],[23.93141,49.81719],[23.91591,49.80321],[23.90825,49.79823],[23.90279,49.79557],[23.89741,49.79162],[23.89633,49.79041],[23.89493,49.78755],[23.89139,49.77692],[23.88537,49.76721],[23.8849,49.76532],[23.88502,49.76377],[23.88542,49.76191],[23.88889,49.75309],[23.88901,49.75176],[23.88894,49.74854],[23.88931,49.74713],[23.88987,49.74624],[23.89249,49.74356],[23.90064,49.73223],[23.9023,49.72917],[23.90512,49.72331],[23.90783,49.71864],[23.90832,49.71748],[23.90842,49.71626],[23.9081,49.71513],[23.90278,49.70526],[23.90242,49.70409],[23.90236,49.70299],[23.90257,49.70184],[23.90293,49.701],[23.9071,49.69413],[23.90795,49.69248],[23.90986,49.68511],[23.90999,49.68369],[23.90985,49.68275],[23.90902,49.68096],[23.90735,49.67925],[23.8868,49.66676],[23.87552,49.65811],[23.87222,49.65659],[23.86347,49.65328],[23.8597,49.65066],[23.8591,49.64993],[23.8588,49.64911],[23.85879,49.64824],[23.85938,49.64695],[23.86486,49.63976],[23.86543,49.6385],[23.86692,49.63375],[23.87489,49.62027],[23.87539,49.61815],[23.87512,49.61373],[23.87546,49.61189],[23.88218,49.59903],[23.8831,49.59792],[23.88446,49.59689],[23.88934,49.59439],[23.89158,49.59297],[23.90011,49.58549],[23.90153,49.58393],[23.90203,49.58312],[23.90272,49.58103],[23.90513,49.56509],[23.9051,49.56269],[23.90528,49.56201],[23.9058,49.56115],[23.91712,49.55125],[23.91845,49.54974],[23.93132,49.5268],[23.93243,49.52542],[23.93366,49.52443],[23.94552,49.51685],[23.94815,49.51497],[23.95739,49.50895],[23.95917,49.50723],[23.96266,49.50277],[23.96323,49.50187],[23.96344,49.50093],[23.9633,49.50007],[23.96271,49.49881],[23.95962,49.49359],[23.95896,49.49166],[23.95699,49.45495],[23.94668,49.39758],[23.94593,49.39555],[23.94446,49.39311],[23.94162,49.389],[23.9377,49.38261],[23.91107,49.34092],[23.87474,49.29958],[23.84963,49.26539],[23.84581,49.2625],[23.83176,49.25321],[23.83038,49.25208],[23.8298,49.251],[23.82989,49.25001],[23.83057,49.24905],[23.83238,49.24799],[23.83398,49.24753],[23.83568,49.24741],[23.84867,49.24787],[23.85015,49.2478],[23.85122,49.24755],[23.85276,49.24688],[23.85481,49.24548],[23.85915,49.24211],[23.85988,49.24135],[23.86044,49.24047],[23.86078,49.23924],[23.86385,49.2162],[23.86413,49.21499],[23.86477,49.21359],[23.87482,49.19672],[23.87551,49.19468],[23.87695,49.16507],[23.87679,49.16329],[23.87525,49.15402]]}},{"type":"Feature","properties":{"name":"2004_Zaporizzhia_Simpheropol","mode":"train","distance_km":"298.0"},"geometry":{"type":"LineString","coordinates":[[34.07993,44.9613],[34.08104,44.96219],[34.08317,44.96332],[34.08442,44.96421],[34.08734,44.9666],[34.08835,44.96784],[34.08896,44.96931],[34.08913,44.97102],[34.08873,44.97312],[34.08785,44.97492],[34.08646,44.97663],[34.07699,44.98522],[34.05917,44.99622],[34.05611,44.9984],[34.04445,45.0093],[34.04315,45.01074],[34.04229,45.01202],[34.03971,45.01761],[34.03781,45.02208],[34.0272,45.04497],[34.02258,45.05559],[34.02216,45.05788],[34.02213,45.06017],[34.02511,45.10218],[34.02598,45.10694],[34.03267,45.13746],[34.03326,45.13931],[34.07566,45.20853],[34.10669,45.25882],[34.21896,45.40454],[34.28964,45.49671],[34.29689,45.50638],[34.30184,45.5172],[34.33985,45.60304],[34.34077,45.60542],[34.38119,45.69566],[34.38169,45.69695],[34.38279,45.70139],[34.38538,45.70562],[34.38616,45.70811],[34.38806,45.71241],[34.3914,45.71932],[34.39299,45.72202],[34.43676,45.81947],[34.43756,45.82219],[34.45549,45.91733],[34.45586,45.9191],[34.45643,45.92068],[34.45761,45.9227],[34.48316,45.95761],[34.48438,45.95951],[34.48547,45.96218],[34.4957,45.99524],[34.49635,45.99675],[34.49849,46.00001],[34.50036,46.00203],[34.58805,46.08769],[34.58982,46.08973],[34.59106,46.09167],[34.59221,46.09437],[34.59265,46.09625],[34.60123,46.15433],[34.6013,46.15546],[34.60114,46.15671],[34.59841,46.16697],[34.5984,46.16813],[34.59863,46.16935],[34.59943,46.17086],[34.64341,46.22256],[34.69133,46.27852],[34.69369,46.28106],[34.84989,46.41564],[34.95414,46.50505],[35.03898,46.57735],[35.04671,46.58268],[35.04837,46.58398],[35.05037,46.58602],[35.05402,46.59082],[35.05541,46.59224],[35.06173,46.59677],[35.12206,46.64818],[35.14268,46.6641],[35.15281,46.67101],[35.18678,46.69856],[35.1882,46.70032],[35.19855,46.71934],[35.20468,46.72991],[35.20661,46.73436],[35.23448,46.78566],[35.23541,46.78701],[35.23676,46.78839],[35.23795,46.78932],[35.23965,46.79033],[35.26492,46.80306],[35.35585,46.85328],[35.35883,46.85512],[35.3595,46.85573],[35.36029,46.85681],[35.36065,46.85776],[35.36077,46.85876],[35.36062,46.85978],[35.3603,46.86058],[35.35458,46.87123],[35.32892,46.91741],[35.3282,46.91897],[35.32767,46.92063],[35.32672,46.92748],[35.32151,46.97105],[35.32045,46.9776],[35.3179,46.99782],[35.31387,47.06113],[35.31385,47.06305],[35.31494,47.08655],[35.3156,47.09588],[35.31906,47.1597],[35.31921,47.16163],[35.32074,47.17138],[35.32496,47.25019],[35.33049,47.34556]]}},{"type":"Feature","properties":{"name":"2004Amsterdam -> Koog aan de Zaan (11km)","mode":"train","distance_km":"11.0"},"geometry":{"type":"LineString","coordinates":[[4.83868,52.38911],[4.82295,52.3892],[4.81726,52.38991],[4.81431,52.39052],[4.8106,52.39182],[4.8074,52.39363],[4.80604,52.39473],[4.80488,52.39594],[4.80344,52.39824],[4.80283,52.4005],[4.80288,52.40417],[4.80323,52.40799],[4.80416,52.41147],[4.80495,52.4133],[4.80616,52.41544],[4.8145,52.42747],[4.81537,52.42966],[4.81564,52.43175],[4.81555,52.43301],[4.81524,52.43438],[4.81391,52.43746],[4.80922,52.44536],[4.80736,52.44892],[4.80612,52.45223],[4.80587,52.45373],[4.80504,52.4693]]}},{"type":"Feature","properties":{"name":"2004Lviv -> Zaporizhzhia (1,154.3km)","mode":"train","distance_km":"1151.7"},"geometry":{"type":"LineString","coordinates":[[23.99392,49.83976],[23.99491,49.84127],[23.99511,49.84185],[23.99501,49.84264],[23.99458,49.84364],[23.99198,49.8473],[23.98558,49.85448],[23.98512,49.8553],[23.98484,49.85665],[23.98512,49.8583],[23.98601,49.85954],[23.9903,49.86323],[23.99144,49.86373],[23.99284,49.86402],[23.99446,49.86405],[23.99761,49.86369],[23.99985,49.863],[24.00376,49.86002],[24.00578,49.85871],[24.01199,49.85587],[24.0186,49.85208],[24.02017,49.8515],[24.02161,49.85122],[24.03022,49.85061],[24.0406,49.85221],[24.04312,49.85245],[24.05239,49.85306],[24.06443,49.85321],[24.06903,49.85275],[24.0922,49.85161],[24.11735,49.84881],[24.12842,49.84738],[24.16087,49.84625],[24.16449,49.84581],[24.17525,49.84374],[24.17777,49.84354],[24.18014,49.84367],[24.19602,49.84667],[24.19845,49.84747],[24.19991,49.84838],[24.20051,49.84893],[24.20495,49.8555],[24.20556,49.85618],[24.20668,49.85703],[24.20762,49.85752],[24.21039,49.85831],[24.28702,49.86197],[24.30617,49.86437],[24.31858,49.86413],[24.32078,49.86431],[24.32262,49.86463],[24.32463,49.86522],[24.3579,49.87674],[24.36002,49.87726],[24.3629,49.87765],[24.44477,49.87788],[24.44745,49.87804],[24.45,49.87841],[24.4549,49.87945],[24.54762,49.90166],[24.59982,49.91531],[24.60414,49.91592],[24.61088,49.91643],[24.67221,49.9225],[24.67552,49.92308],[24.73658,49.94127],[24.73902,49.94212],[24.79065,49.96315],[24.83181,49.97571],[24.83416,49.97686],[24.83525,49.97762],[24.84125,49.98317],[24.84253,49.98413],[24.84423,49.98503],[24.93294,50.02104],[24.98867,50.04295],[25.01917,50.05272],[25.02651,50.05463],[25.03804,50.05877],[25.08642,50.07439],[25.08859,50.07496],[25.09077,50.07533],[25.09472,50.07558],[25.16801,50.07343],[25.17025,50.07351],[25.17229,50.07386],[25.17526,50.07496],[25.23452,50.10438],[25.23608,50.10529],[25.2378,50.10655],[25.24288,50.11157],[25.24454,50.11299],[25.24751,50.11471],[25.25031,50.11583],[25.26818,50.1213],[25.27637,50.12356],[25.29703,50.1297],[25.30051,50.13055],[25.30359,50.13103],[25.36972,50.1392],[25.37301,50.13978],[25.37661,50.14073],[25.38779,50.14421],[25.40192,50.15004],[25.40394,50.15108],[25.40576,50.15249],[25.42677,50.17388],[25.42885,50.17548],[25.47307,50.19746],[25.47477,50.19853],[25.47577,50.19955],[25.47645,50.20077],[25.48065,50.21268],[25.48389,50.21738],[25.48473,50.21837],[25.48567,50.21913],[25.48821,50.22033],[25.50391,50.22469],[25.52371,50.23285],[25.52602,50.23401],[25.52784,50.23532],[25.53204,50.24007],[25.53363,50.24137],[25.56885,50.26333],[25.57023,50.26476],[25.57294,50.26943],[25.57423,50.27065],[25.57603,50.27163],[25.58177,50.27368],[25.58516,50.27538],[25.60365,50.28502],[25.61227,50.29041],[25.62095,50.29694],[25.63036,50.30756],[25.63486,50.31172],[25.63663,50.31297],[25.63869,50.31379],[25.65688,50.31889],[25.66459,50.32141],[25.66642,50.32175],[25.67179,50.32228],[25.67378,50.32286],[25.67593,50.32381],[25.67746,50.32494],[25.67834,50.32604],[25.68066,50.33169],[25.68155,50.33303],[25.68842,50.33912],[25.69819,50.34819],[25.70244,50.35378],[25.70403,50.35558],[25.70508,50.3563],[25.70662,50.35701],[25.71564,50.35977],[25.71694,50.36048],[25.7182,50.36154],[25.71905,50.36277],[25.7195,50.36404],[25.72258,50.37733],[25.72309,50.37836],[25.72408,50.37946],[25.72608,50.38073],[25.72823,50.38145],[25.75582,50.38695],[25.7611,50.38856],[25.76263,50.3894],[25.76432,50.39085],[25.76514,50.39197],[25.76884,50.39845],[25.77013,50.39966],[25.77199,50.40067],[25.84511,50.42035],[25.8795,50.42475],[25.90093,50.42674],[25.94117,50.43432],[25.94412,50.43531],[25.98175,50.45126],[25.98456,50.45208],[25.98666,50.45239],[25.98851,50.45247],[26.02279,50.45314],[26.02477,50.45334],[26.02705,50.45385],[26.02932,50.45472],[26.05354,50.4661],[26.05536,50.46707],[26.05683,50.46817],[26.05797,50.46935],[26.05891,50.47086],[26.0593,50.47198],[26.06003,50.47608],[26.06048,50.47729],[26.06123,50.47854],[26.06565,50.48427],[26.06634,50.48584],[26.06705,50.48843],[26.06767,50.48958],[26.06875,50.49068],[26.07521,50.49577],[26.0765,50.49655],[26.07842,50.49725],[26.08374,50.49831],[26.091,50.49876],[26.09395,50.49876],[26.10751,50.49816],[26.10959,50.49825],[26.1119,50.49856],[26.11462,50.49927],[26.13599,50.50608],[26.13888,50.50656],[26.144,50.50676],[26.14564,50.50696],[26.15501,50.50994],[26.16088,50.51125],[26.16679,50.51183],[26.16858,50.51181],[26.17034,50.51158],[26.18227,50.50894],[26.18432,50.50871],[26.1862,50.50878],[26.18847,50.5092],[26.206,50.51357],[26.20829,50.51384],[26.22145,50.51445],[26.22357,50.51495],[26.22915,50.51677],[26.23204,50.51718],[26.23522,50.51691],[26.24468,50.51455],[26.25069,50.51389],[26.256,50.51304],[26.25977,50.5119],[26.26168,50.51096],[26.26524,50.5088],[26.27196,50.5059],[26.27539,50.5036],[26.27996,50.50024],[26.28565,50.49777],[26.28741,50.49678],[26.29956,50.48763],[26.30903,50.47999],[26.31191,50.47837],[26.37591,50.45674],[26.37854,50.4561],[26.38405,50.45518],[26.38679,50.45439],[26.3886,50.45369],[26.39426,50.45056],[26.39621,50.44976],[26.39895,50.44926],[26.40966,50.4487],[26.41354,50.44817],[26.41811,50.44695],[26.42884,50.44315],[26.43118,50.44252],[26.43379,50.44233],[26.44019,50.44273],[26.44325,50.44235],[26.44477,50.44186],[26.44615,50.44119],[26.45163,50.4377],[26.45369,50.43699],[26.45565,50.43666],[26.45733,50.43661],[26.45918,50.43679],[26.46859,50.43878],[26.47256,50.43937],[26.48039,50.4398],[26.48417,50.43947],[26.48661,50.43902],[26.52574,50.4288],[26.52692,50.42833],[26.52861,50.42736],[26.53229,50.42464],[26.53397,50.4237],[26.53568,50.4231],[26.54522,50.42055],[26.54932,50.41909],[26.55332,50.41724],[26.57278,50.40706],[26.57419,50.40616],[26.57544,50.40509],[26.58046,50.39979],[26.5816,50.39882],[26.58312,50.398],[26.58833,50.39585],[26.59053,50.39445],[26.59125,50.39364],[26.59283,50.39076],[26.59337,50.39006],[26.59861,50.38605],[26.60433,50.38307],[26.6068,50.38219],[26.75836,50.34927],[26.7604,50.34904],[26.76191,50.34905],[26.7688,50.34985],[26.77229,50.34946],[26.77424,50.3488],[26.78736,50.34336],[26.79007,50.34241],[26.79243,50.34177],[26.80944,50.33802],[26.81184,50.33736],[26.81443,50.33637],[26.82813,50.33032],[26.83129,50.32916],[26.83465,50.32825],[26.83876,50.32752],[26.90205,50.31839],[26.90464,50.31784],[26.90782,50.31684],[26.911,50.31537],[26.91391,50.31343],[26.91603,50.31137],[26.91722,50.30986],[26.91805,50.30846],[26.91925,50.3055],[26.92647,50.27944],[26.92694,50.27833],[26.92824,50.27613],[26.92952,50.2745],[26.93111,50.27291],[26.93313,50.27127],[26.94509,50.26333],[27.00609,50.22201],[27.00876,50.22042],[27.03975,50.20543],[27.04699,50.20298],[27.04977,50.2023],[27.05426,50.20159],[27.0608,50.20003],[27.06509,50.19891],[27.07131,50.1968],[27.10755,50.18778],[27.20038,50.15976],[27.23426,50.15353],[27.24499,50.15054],[27.24975,50.14954],[27.3313,50.14064],[27.35106,50.13702],[27.3704,50.13544],[27.37262,50.1351],[27.40455,50.12853],[27.40824,50.12792],[27.41128,50.12769],[27.41619,50.12768],[27.42134,50.12825],[27.46869,50.13563],[27.50448,50.14305],[27.50705,50.14321],[27.51059,50.14307],[27.51216,50.14269],[27.52168,50.13934],[27.52441,50.13818],[27.52645,50.13711],[27.56084,50.11561],[27.56388,50.11403],[27.56646,50.113],[27.57137,50.11158],[27.63671,50.09694],[27.64073,50.09639],[27.64438,50.09651],[27.67268,50.10071],[27.67438,50.10085],[27.67611,50.10077],[27.67906,50.10007],[27.68139,50.0988],[27.68269,50.09741],[27.68483,50.09363],[27.68677,50.09081],[27.68765,50.09003],[27.68889,50.0893],[27.69137,50.08849],[27.84298,50.07045],[27.84727,50.06951],[27.8998,50.05529],[27.90203,50.05481],[27.90464,50.05455],[27.98947,50.0518],[27.9921,50.05155],[27.99431,50.05091],[28.00765,50.04554],[28.01078,50.04455],[28.03184,50.04167],[28.03584,50.0407],[28.03811,50.0397],[28.05885,50.02903],[28.0635,50.02726],[28.0671,50.02634],[28.07708,50.02446],[28.08121,50.02398],[28.0844,50.02388],[28.10114,50.02394],[28.10322,50.02382],[28.11759,50.02144],[28.16225,50.01697],[28.16567,50.01646],[28.16846,50.01557],[28.25602,49.97819],[28.25971,49.97693],[28.26363,49.976],[28.28212,49.97252],[28.28617,49.97192],[28.28953,49.97159],[28.30537,49.97093],[28.31006,49.97048],[28.31264,49.96988],[28.33935,49.96226],[28.342,49.96168],[28.34472,49.96127],[28.3712,49.95851],[28.3888,49.95532],[28.39109,49.95467],[28.39279,49.95392],[28.39426,49.95298],[28.39824,49.9495],[28.3997,49.94873],[28.40203,49.94806],[28.40387,49.94786],[28.41532,49.94733],[28.42097,49.94755],[28.44976,49.95211],[28.47289,49.95392],[28.47614,49.95436],[28.48156,49.95547],[28.48358,49.95572],[28.4867,49.95551],[28.49696,49.95292],[28.50393,49.95191],[28.50544,49.95154],[28.50724,49.95079],[28.50888,49.94963],[28.50967,49.94872],[28.51482,49.94134],[28.51603,49.94023],[28.51705,49.93961],[28.53844,49.93171],[28.54222,49.92976],[28.54665,49.92673],[28.54838,49.92578],[28.55083,49.92483],[28.55795,49.92272],[28.5604,49.92169],[28.56223,49.92056],[28.56734,49.91691],[28.57036,49.91529],[28.58681,49.90765],[28.59011,49.90633],[28.59605,49.90429],[28.60414,49.90042],[28.60561,49.89943],[28.60661,49.89836],[28.60714,49.89743],[28.60801,49.89411],[28.60857,49.89317],[28.6094,49.89228],[28.61191,49.89057],[28.61673,49.88789],[28.61785,49.88704],[28.63914,49.87529],[28.64342,49.87382],[28.65502,49.87099],[28.65746,49.87002],[28.65901,49.86913],[28.67392,49.85717],[28.69343,49.84369],[28.69547,49.84203],[28.69699,49.84047],[28.69846,49.83851],[28.73132,49.78869],[28.73286,49.78671],[28.73429,49.78523],[28.73706,49.78304],[28.74051,49.78103],[28.76606,49.77026],[28.76908,49.76879],[28.77169,49.76714],[28.77467,49.76471],[28.77906,49.7602],[28.78289,49.75795],[28.78488,49.75654],[28.79187,49.75067],[28.79789,49.74599],[28.79863,49.74511],[28.79902,49.74427],[28.79914,49.74339],[28.79897,49.74092],[28.79949,49.73955],[28.80067,49.73818],[28.80194,49.73719],[28.80343,49.73652],[28.80493,49.73621],[28.80708,49.73627],[28.80894,49.7368],[28.8268,49.74603],[28.82803,49.74656],[28.82948,49.74685],[28.83112,49.74687],[28.83235,49.74668],[28.84654,49.74261],[28.8491,49.74217],[28.85148,49.74207],[28.87087,49.7426],[28.87281,49.74314],[28.88003,49.74605],[28.88192,49.74627],[28.88609,49.74602],[28.88836,49.74657],[28.89062,49.74789],[28.95629,49.79213],[29.01908,49.83904],[29.0199,49.8398],[29.02695,49.84507],[29.02962,49.84679],[29.05607,49.86651],[29.05949,49.86862],[29.09486,49.88455],[29.15789,49.90787],[29.20978,49.92355],[29.24,49.93615],[29.29175,49.95602],[29.29441,49.95689],[29.29745,49.95754],[29.30025,49.95786],[29.30298,49.95791],[29.30611,49.9577],[29.34258,49.95116],[29.41934,49.94087],[29.42544,49.94047],[29.43137,49.9406],[29.43533,49.94097],[29.57596,49.96019],[29.75149,49.98392],[29.75699,49.98514],[29.82605,50.00737],[29.8316,50.00942],[29.83662,50.01193],[29.88936,50.04012],[29.8912,50.04129],[29.89238,50.0423],[29.90329,50.05305],[29.90562,50.05487],[29.9072,50.05559],[29.90928,50.05601],[29.91497,50.05649],[29.93232,50.05706],[29.93495,50.05682],[29.93673,50.05632],[29.93806,50.05568],[29.96062,50.04277],[30.0097,50.00956],[30.02517,49.99902],[30.02735,49.99731],[30.02916,49.99553],[30.03521,49.98857],[30.03608,49.98713],[30.0367,49.98465],[30.03986,49.9574],[30.04012,49.95632],[30.08006,49.83995],[30.08112,49.83733],[30.08215,49.83562],[30.0834,49.83402],[30.099,49.817],[30.10062,49.81558],[30.1027,49.81462],[30.12447,49.80728],[30.12885,49.80509],[30.13067,49.80378],[30.13293,49.80144],[30.13482,49.79806],[30.13516,49.79634],[30.1351,49.79538],[30.13434,49.79166],[30.13439,49.79082],[30.13468,49.79],[30.13521,49.78915],[30.13586,49.78851],[30.13916,49.78628],[30.14149,49.7853],[30.14887,49.78285],[30.15146,49.78216],[30.15419,49.78172],[30.21215,49.77793],[30.21757,49.77721],[30.24559,49.77034],[30.24827,49.76948],[30.25098,49.76833],[30.25346,49.76694],[30.25897,49.76263],[30.26207,49.76055],[30.26454,49.75936],[30.26645,49.75863],[30.26995,49.75766],[30.351,49.74064],[30.40263,49.73374],[30.40868,49.73249],[30.42945,49.72717],[30.43134,49.72644],[30.43606,49.72355],[30.43847,49.72256],[30.47234,49.7138],[30.51842,49.68999],[30.52192,49.68847],[30.52488,49.68752],[30.56387,49.67907],[30.62077,49.66128],[30.6229,49.66101],[30.6249,49.66105],[30.63311,49.66222],[30.63543,49.6622],[30.63794,49.66184],[30.67602,49.64945],[30.75549,49.63052],[30.75953,49.6302],[30.80926,49.63164],[30.81215,49.63181],[30.81613,49.63241],[30.81978,49.63329],[30.88565,49.65375],[30.8963,49.65659],[30.89955,49.65707],[30.90336,49.65701],[30.94302,49.65132],[30.97186,49.64892],[30.97433,49.64834],[30.98892,49.64334],[30.9946,49.64167],[31.00291,49.63642],[31.01763,49.6305],[31.02027,49.62904],[31.0212,49.62825],[31.0229,49.62609],[31.02986,49.61566],[31.03075,49.61474],[31.03226,49.61363],[31.03456,49.61259],[31.03911,49.61107],[31.05776,49.60659],[31.06102,49.60551],[31.0631,49.60436],[31.06924,49.59984],[31.07241,49.59811],[31.08956,49.59044],[31.10192,49.58524],[31.10448,49.58358],[31.10917,49.57948],[31.11071,49.578],[31.11555,49.57253],[31.117,49.57133],[31.11836,49.57056],[31.12077,49.56979],[31.12397,49.5695],[31.13645,49.5711],[31.1419,49.57122],[31.14463,49.57082],[31.14633,49.57018],[31.14733,49.56959],[31.14906,49.56819],[31.14971,49.56739],[31.15011,49.56655],[31.15038,49.56474],[31.14993,49.56073],[31.15025,49.55848],[31.151,49.55676],[31.15196,49.55558],[31.16022,49.5478],[31.16205,49.54537],[31.163,49.5437],[31.16505,49.53942],[31.16621,49.53607],[31.16962,49.52999],[31.17017,49.52734],[31.17055,49.52284],[31.17106,49.52152],[31.17189,49.5203],[31.17285,49.5191],[31.17408,49.51799],[31.1807,49.51342],[31.18336,49.51202],[31.18757,49.51047],[31.18942,49.50917],[31.1901,49.50836],[31.19072,49.50709],[31.19163,49.50171],[31.19242,49.5],[31.19348,49.49886],[31.20694,49.4871],[31.20825,49.48623],[31.20967,49.48553],[31.21632,49.48303],[31.22384,49.48142],[31.22788,49.48022],[31.23011,49.47912],[31.23143,49.47807],[31.23235,49.47687],[31.2352,49.46944],[31.23616,49.46781],[31.23815,49.46596],[31.24484,49.46151],[31.2466,49.46071],[31.24906,49.45992],[31.26578,49.45581],[31.26691,49.45529],[31.26835,49.45432],[31.27034,49.45196],[31.27153,49.45093],[31.27382,49.44979],[31.27959,49.44856],[31.28341,49.44673],[31.28526,49.44612],[31.29073,49.44543],[31.29205,49.44514],[31.29383,49.44446],[31.29684,49.4425],[31.30154,49.4387],[31.30254,49.43753],[31.30414,49.4346],[31.30586,49.43283],[31.30776,49.4318],[31.31808,49.42818],[31.32083,49.42697],[31.3227,49.42549],[31.32577,49.42104],[31.32748,49.41969],[31.32964,49.4189],[31.34164,49.41663],[31.34405,49.41568],[31.34586,49.41436],[31.34669,49.41337],[31.34722,49.41228],[31.34787,49.4087],[31.34789,49.40691],[31.34737,49.40563],[31.34599,49.40396],[31.34147,49.40097],[31.33999,49.39959],[31.33917,49.3984],[31.33805,49.39543],[31.3368,49.3938],[31.33556,49.39274],[31.33028,49.38918],[31.32905,49.38784],[31.32765,49.38509],[31.32751,49.38419],[31.32759,49.38151],[31.32734,49.38019],[31.3264,49.37868],[31.32404,49.37627],[31.32337,49.37501],[31.32313,49.37313],[31.32347,49.37189],[31.32382,49.37131],[31.32471,49.37025],[31.32555,49.36958],[31.33081,49.36672],[31.33259,49.36533],[31.33388,49.36373],[31.33514,49.36165],[31.3356,49.36034],[31.3369,49.355],[31.33779,49.35334],[31.33893,49.35225],[31.3462,49.34695],[31.34862,49.34499],[31.34958,49.3435],[31.34977,49.34275],[31.34967,49.34023],[31.35,49.33847],[31.35079,49.33683],[31.35147,49.33591],[31.35326,49.33432],[31.35767,49.33186],[31.3596,49.3306],[31.37355,49.31815],[31.37597,49.31642],[31.37737,49.31571],[31.3883,49.31149],[31.39019,49.31059],[31.41835,49.29328],[31.41966,49.29225],[31.42215,49.28948],[31.42377,49.28842],[31.42536,49.28777],[31.43236,49.28599],[31.43423,49.28497],[31.43553,49.28379],[31.43632,49.28242],[31.43657,49.28116],[31.43651,49.28049],[31.43286,49.26644],[31.43274,49.26471],[31.433,49.26262],[31.4335,49.26103],[31.43437,49.25942],[31.4425,49.24517],[31.44317,49.24365],[31.44333,49.2428],[31.44319,49.24111],[31.44257,49.23947],[31.43653,49.23192],[31.43617,49.23125],[31.43593,49.23053],[31.43582,49.2294],[31.43601,49.22839],[31.43636,49.22755],[31.43756,49.22607],[31.43984,49.22434],[31.44594,49.22212],[31.44747,49.22117],[31.44828,49.22035],[31.44989,49.21818],[31.45645,49.2088],[31.46077,49.20468],[31.46354,49.19977],[31.46457,49.19855],[31.47186,49.19158],[31.47292,49.19092],[31.47679,49.18914],[31.4777,49.18846],[31.48073,49.18545],[31.48488,49.18339],[31.48684,49.18206],[31.48814,49.18067],[31.49124,49.17609],[31.4924,49.17496],[31.49379,49.17398],[31.53299,49.15148],[31.53615,49.14999],[31.5393,49.14914],[31.54512,49.14829],[31.57422,49.14433],[31.57756,49.14424],[31.58254,49.14464],[31.58697,49.14538],[31.58948,49.14603],[31.59229,49.14735],[31.5938,49.14786],[31.59541,49.14821],[31.59744,49.14833],[31.59888,49.14823],[31.60532,49.14703],[31.60813,49.14683],[31.61059,49.14695],[31.62571,49.15013],[31.63614,49.15043],[31.63881,49.15074],[31.6474,49.15279],[31.64932,49.15353],[31.65119,49.15483],[31.65177,49.15549],[31.6538,49.15866],[31.65495,49.15974],[31.66173,49.16458],[31.67219,49.17071],[31.68234,49.17865],[31.69675,49.19265],[31.69759,49.194],[31.69795,49.19528],[31.69797,49.19613],[31.69758,49.19758],[31.69575,49.20116],[31.69547,49.20238],[31.69549,49.2034],[31.69666,49.20796],[31.69725,49.20905],[31.69811,49.21007],[31.70006,49.2116],[31.71535,49.21971],[31.71683,49.22031],[31.71902,49.22087],[31.72175,49.22112],[31.72446,49.22099],[31.73383,49.21941],[31.73793,49.21917],[31.80198,49.22534],[31.80515,49.22552],[31.811,49.22522],[31.81406,49.22474],[31.81702,49.22407],[31.84171,49.2169],[31.84461,49.21618],[31.84649,49.21593],[31.84941,49.21585],[31.85573,49.21645],[31.85787,49.21634],[31.8604,49.21589],[31.90649,49.20143],[31.91685,49.19449],[31.91846,49.19372],[31.92868,49.18976],[31.93056,49.18851],[31.93136,49.18779],[31.93238,49.18649],[31.93741,49.17614],[31.93759,49.17498],[31.93751,49.17392],[31.93651,49.16838],[31.93638,49.16697],[31.93678,49.1655],[31.93762,49.16428],[31.94593,49.15763],[31.94683,49.15665],[31.9502,49.15172],[31.95201,49.15016],[31.95367,49.14939],[31.95522,49.14896],[31.95892,49.14848],[31.96078,49.14805],[31.96241,49.14733],[31.96376,49.14641],[31.96462,49.14555],[31.96539,49.14438],[31.96828,49.13936],[31.99262,49.11107],[31.99352,49.10935],[31.99401,49.10735],[32.00055,49.07342],[32.00089,49.07244],[32.00204,49.07083],[32.00277,49.07011],[32.00658,49.06739],[32.00872,49.06634],[32.01369,49.06477],[32.01496,49.06404],[32.01591,49.06319],[32.01858,49.05938],[32.01971,49.05852],[32.02217,49.05735],[32.0246,49.05673],[32.02746,49.05668],[32.03138,49.0572],[32.03292,49.05717],[32.04122,49.05564],[32.04778,49.05389],[32.05645,49.05331],[32.05917,49.05286],[32.06846,49.04973],[32.07768,49.04478],[32.07925,49.04411],[32.08071,49.04374],[32.08272,49.04351],[32.08758,49.0437],[32.08953,49.04356],[32.09153,49.0431],[32.09566,49.04176],[32.09757,49.04146],[32.10224,49.04168],[32.10456,49.04155],[32.11762,49.03838],[32.12513,49.03765],[32.12787,49.03701],[32.12998,49.03588],[32.13329,49.03268],[32.13523,49.03128],[32.15938,49.01906],[32.17973,49.00697],[32.18364,49.0055],[32.2099,48.9992],[32.21213,48.99855],[32.21377,48.99785],[32.22281,48.99271],[32.22747,48.98938],[32.24007,48.98234],[32.27027,48.95949],[32.27305,48.95823],[32.28915,48.95406],[32.2918,48.95303],[32.29482,48.95135],[32.29616,48.95034],[32.29699,48.9495],[32.30004,48.94552],[32.30224,48.94368],[32.30588,48.94147],[32.3143,48.93802],[32.31679,48.93664],[32.32016,48.93409],[32.3215,48.93243],[32.32223,48.93089],[32.3233,48.9261],[32.32377,48.92505],[32.32496,48.92342],[32.32652,48.92201],[32.33404,48.91647],[32.34426,48.90705],[32.34625,48.90557],[32.34766,48.90488],[32.35053,48.90404],[32.3631,48.90152],[32.36496,48.90098],[32.36595,48.90052],[32.36744,48.89951],[32.37086,48.89576],[32.37672,48.89119],[32.37927,48.89009],[32.38388,48.88923],[32.38564,48.88874],[32.38679,48.88821],[32.3922,48.8848],[32.39311,48.88388],[32.39379,48.88275],[32.39453,48.87909],[32.39544,48.87763],[32.39651,48.87649],[32.39781,48.87556],[32.39978,48.87471],[32.4048,48.8735],[32.40711,48.8726],[32.40829,48.87175],[32.40897,48.87103],[32.40973,48.86988],[32.40997,48.86934],[32.41013,48.86822],[32.40989,48.8668],[32.40652,48.85989],[32.40622,48.8584],[32.40631,48.85683],[32.40703,48.85385],[32.40842,48.8492],[32.41456,48.84118],[32.41633,48.83992],[32.4207,48.8382],[32.42243,48.83717],[32.42703,48.8329],[32.42874,48.83177],[32.4307,48.83107],[32.43598,48.8298],[32.44095,48.82754],[32.44511,48.82596],[32.44707,48.82481],[32.45038,48.8223],[32.45113,48.82193],[32.45974,48.81907],[32.46155,48.81794],[32.46267,48.8167],[32.46336,48.81502],[32.46339,48.81415],[32.46316,48.81303],[32.46258,48.81191],[32.46099,48.80981],[32.46055,48.80869],[32.46017,48.80642],[32.45973,48.80537],[32.45927,48.80474],[32.45751,48.80333],[32.44312,48.79428],[32.4412,48.79286],[32.44011,48.79151],[32.43884,48.78884],[32.43851,48.78757],[32.43849,48.78635],[32.4389,48.7847],[32.43998,48.78296],[32.45357,48.76605],[32.45936,48.75823],[32.46205,48.75644],[32.46547,48.7547],[32.46824,48.75357],[32.47084,48.75299],[32.47286,48.75276],[32.48808,48.75203],[32.50771,48.74809],[32.51041,48.74776],[32.52076,48.7485],[32.54203,48.7511],[32.54405,48.75111],[32.5477,48.7507],[32.54958,48.75006],[32.55336,48.74824],[32.56617,48.74101],[32.56765,48.73982],[32.5894,48.71952],[32.5907,48.71863],[32.59239,48.71782],[32.59628,48.71651],[32.5979,48.71614],[32.6006,48.71601],[32.60259,48.71629],[32.6108,48.71922],[32.61425,48.71993],[32.6289,48.72054],[32.63718,48.72061],[32.64096,48.72],[32.65306,48.71701],[32.65595,48.71602],[32.65876,48.71553],[32.66283,48.71432],[32.67977,48.71136],[32.69653,48.70961],[32.69974,48.70937],[32.8079,48.70513],[32.81101,48.70471],[32.81503,48.70355],[32.88801,48.67409],[32.89134,48.67306],[32.89505,48.67266],[32.89764,48.67279],[32.9378,48.67696],[32.9626,48.67753],[32.96633,48.67817],[32.96781,48.67865],[32.9697,48.67952],[32.97183,48.681],[32.97339,48.68272],[32.97437,48.68466],[32.97463,48.68657],[32.97427,48.68848],[32.9692,48.7018],[32.96882,48.70345],[32.96889,48.70546],[32.96926,48.70684],[32.96969,48.70776],[32.97528,48.71631],[32.97643,48.71763],[32.97765,48.71869],[32.99275,48.72849],[32.99497,48.72949],[33.00135,48.731],[33.00361,48.73194],[33.00535,48.73329],[33.00718,48.7361],[33.00788,48.73693],[33.0093,48.73797],[33.01043,48.73847],[33.01235,48.73894],[33.01372,48.73905],[33.0158,48.73888],[33.01713,48.73852],[33.03812,48.72868],[33.03986,48.72799],[33.0418,48.72755],[33.04449,48.72746],[33.04652,48.72776],[33.05688,48.7313],[33.05906,48.73181],[33.07076,48.73221],[33.0747,48.73175],[33.07649,48.73103],[33.07783,48.73001],[33.07866,48.72884],[33.0789,48.7274],[33.07843,48.72448],[33.07806,48.72326],[33.07696,48.72188],[33.07484,48.72055],[33.07342,48.7191],[33.07288,48.71731],[33.07308,48.71612],[33.07369,48.71502],[33.07422,48.71444],[33.08582,48.70425],[33.08785,48.70313],[33.08961,48.70258],[33.09138,48.70231],[33.09901,48.7017],[33.10091,48.70116],[33.10248,48.7004],[33.10422,48.69895],[33.10492,48.69779],[33.10519,48.6967],[33.10538,48.69445],[33.1059,48.6931],[33.10707,48.69185],[33.10869,48.69092],[33.11131,48.68996],[33.11303,48.6897],[33.11435,48.68967],[33.11913,48.69011],[33.12089,48.69],[33.12235,48.68971],[33.12427,48.68901],[33.12721,48.68743],[33.1285,48.68656],[33.12935,48.68556],[33.13213,48.67901],[33.13431,48.66832],[33.13668,48.66456],[33.13709,48.66329],[33.1373,48.65988],[33.13709,48.65861],[33.1345,48.65323],[33.13391,48.65102],[33.13263,48.64309],[33.13264,48.64178],[33.13301,48.64029],[33.13387,48.63855],[33.13483,48.63737],[33.13966,48.63259],[33.14173,48.63119],[33.14433,48.63032],[33.15688,48.62768],[33.15808,48.6273],[33.16043,48.62597],[33.16142,48.62496],[33.1619,48.62419],[33.16225,48.62309],[33.16245,48.62114],[33.16222,48.62006],[33.16181,48.61917],[33.1579,48.61304],[33.15718,48.61141],[33.15713,48.61],[33.15736,48.60917],[33.15841,48.60759],[33.16139,48.60475],[33.16596,48.60204],[33.17498,48.59848],[33.17601,48.59793],[33.17977,48.5953],[33.18087,48.59484],[33.18462,48.59378],[33.19022,48.59128],[33.19387,48.59002],[33.19589,48.58887],[33.19728,48.58732],[33.19768,48.58648],[33.19801,48.58486],[33.19797,48.58382],[33.19721,48.5816],[33.19723,48.58078],[33.19747,48.57991],[33.19835,48.57862],[33.20018,48.57733],[33.20198,48.57668],[33.20324,48.57645],[33.20466,48.57636],[33.20663,48.57658],[33.20853,48.57716],[33.21304,48.57982],[33.21545,48.58053],[33.21677,48.58066],[33.21876,48.58058],[33.2287,48.57898],[33.23194,48.57872],[33.23637,48.57898],[33.26129,48.58169],[33.29389,48.58913],[33.29812,48.58968],[33.40638,48.59496],[33.40908,48.59476],[33.42367,48.59269],[33.42753,48.5919],[33.4303,48.59067],[33.43249,48.58893],[33.44841,48.5725],[33.44925,48.57147],[33.45068,48.56894],[33.45694,48.55144],[33.45785,48.5498],[33.47962,48.52496],[33.48119,48.52349],[33.48307,48.52218],[33.49689,48.51495],[33.49866,48.51357],[33.49961,48.51234],[33.51234,48.49115],[33.51364,48.48958],[33.51557,48.48836],[33.53173,48.48097],[33.53318,48.48005],[33.53399,48.47931],[33.53502,48.47766],[33.53519,48.47586],[33.535,48.47499],[33.53234,48.46798],[33.53224,48.46665],[33.53245,48.46573],[33.53314,48.46444],[33.53381,48.46368],[33.53493,48.4628],[33.54009,48.4601],[33.54235,48.45937],[33.54371,48.45913],[33.54983,48.45894],[33.55475,48.45776],[33.55643,48.45756],[33.55853,48.45769],[33.55968,48.45795],[33.56552,48.46049],[33.56719,48.46098],[33.56982,48.46123],[33.57475,48.46081],[33.57674,48.46083],[33.57872,48.46119],[33.58289,48.46259],[33.58549,48.46301],[33.58828,48.46287],[33.60781,48.46083],[33.61084,48.46024],[33.612,48.45977],[33.61344,48.45888],[33.61548,48.45683],[33.61972,48.44988],[33.62194,48.44776],[33.64208,48.43191],[33.64581,48.42921],[33.65775,48.41964],[33.65909,48.41903],[33.66128,48.4184],[33.68801,48.41461],[33.69091,48.41439],[33.69857,48.41477],[33.70828,48.416],[33.71372,48.41606],[33.73096,48.41809],[33.75606,48.41949],[33.76044,48.42026],[33.77255,48.42327],[33.77597,48.42367],[33.77793,48.42364],[33.78058,48.4233],[33.8055,48.41856],[33.82005,48.41844],[33.8227,48.4188],[33.8252,48.41947],[33.85357,48.43027],[33.85587,48.43086],[33.85854,48.43115],[33.86127,48.43106],[33.86387,48.43062],[33.86632,48.42984],[33.86846,48.42875],[33.8698,48.42776],[33.87091,48.4266],[33.876,48.42012],[33.87668,48.41952],[33.87871,48.41834],[33.88102,48.41746],[33.88232,48.41718],[33.8844,48.41694],[33.88694,48.41699],[33.89011,48.41767],[33.8961,48.41973],[33.89771,48.42066],[33.89863,48.42152],[33.89921,48.42231],[33.90028,48.42482],[33.9012,48.42856],[33.90236,48.43043],[33.90317,48.43122],[33.91575,48.44141],[33.9191,48.44332],[33.92579,48.44657],[33.92812,48.44729],[33.9301,48.44761],[33.93209,48.44769],[33.93418,48.44756],[33.93671,48.44699],[33.94315,48.44453],[33.94558,48.44379],[33.94761,48.44345],[33.94959,48.44337],[33.95274,48.44376],[33.96091,48.44611],[33.96295,48.44689],[33.96524,48.4482],[33.96969,48.45157],[33.97172,48.45279],[33.99692,48.4637],[33.99901,48.46444],[34.0016,48.465],[34.00667,48.46528],[34.01162,48.4651],[34.04628,48.46021],[34.05087,48.45987],[34.05454,48.46027],[34.10274,48.47053],[34.10576,48.47112],[34.11031,48.47159],[34.11906,48.47149],[34.20542,48.46881],[34.20828,48.4689],[34.21086,48.46932],[34.2132,48.46999],[34.21651,48.47129],[34.22322,48.47453],[34.22849,48.4783],[34.22999,48.47962],[34.2315,48.48151],[34.23559,48.48448],[34.23911,48.48607],[34.24187,48.48815],[34.24307,48.48978],[34.24348,48.49091],[34.24395,48.49647],[34.24486,48.49904],[34.25655,48.51643],[34.26024,48.51986],[34.29501,48.54987],[34.29749,48.55124],[34.30028,48.55214],[34.32238,48.55649],[34.32636,48.55694],[34.33375,48.55697],[34.34391,48.55832],[34.34756,48.55848],[34.34963,48.55826],[34.35128,48.55789],[34.35708,48.55601],[34.35953,48.5554],[34.37377,48.55356],[34.38141,48.55197],[34.38435,48.55177],[34.39492,48.55174],[34.39777,48.55125],[34.40473,48.54956],[34.40818,48.549],[34.41356,48.54843],[34.41845,48.5488],[34.42146,48.54854],[34.42386,48.54776],[34.42546,48.54675],[34.42626,48.546],[34.42817,48.54337],[34.42907,48.54247],[34.43161,48.54061],[34.43361,48.53949],[34.43557,48.5389],[34.43762,48.53866],[34.44177,48.53899],[34.44402,48.53901],[34.44618,48.53865],[34.44761,48.53815],[34.44977,48.5369],[34.45997,48.52995],[34.46155,48.52834],[34.46314,48.52588],[34.46449,48.52416],[34.47094,48.51951],[34.47492,48.51636],[34.47576,48.51532],[34.47808,48.51179],[34.47908,48.51077],[34.48177,48.50852],[34.48359,48.50548],[34.48433,48.50469],[34.48947,48.50059],[34.49116,48.49967],[34.49304,48.49908],[34.49603,48.49877],[34.50882,48.49927],[34.51247,48.49959],[34.5143,48.50008],[34.51577,48.50076],[34.52464,48.50632],[34.52663,48.50731],[34.52785,48.5077],[34.52997,48.50801],[34.53595,48.50788],[34.53771,48.50754],[34.5395,48.50689],[34.54122,48.50583],[34.54502,48.50271],[34.54594,48.50215],[34.55478,48.49781],[34.56008,48.49599],[34.5668,48.49425],[34.56852,48.49396],[34.57001,48.49388],[34.57194,48.49406],[34.58252,48.49637],[34.59307,48.49969],[34.59563,48.49992],[34.59824,48.49962],[34.60013,48.49902],[34.61319,48.49339],[34.63168,48.48298],[34.63481,48.48139],[34.63676,48.48083],[34.64039,48.4807],[34.64752,48.48149],[34.65286,48.48168],[34.65911,48.48238],[34.66269,48.48299],[34.66883,48.4847],[34.67045,48.48494],[34.67202,48.48494],[34.6748,48.48449],[34.69277,48.47802],[34.69489,48.47739],[34.69714,48.47715],[34.70328,48.47749],[34.70597,48.47709],[34.71136,48.47494],[34.71334,48.47395],[34.71475,48.47287],[34.71668,48.47092],[34.71829,48.46968],[34.73136,48.46319],[34.73433,48.46127],[34.73914,48.45772],[34.74031,48.4563],[34.74075,48.45525],[34.74086,48.45457],[34.74072,48.45001],[34.74079,48.44929],[34.74125,48.44804],[34.74374,48.44487],[34.74506,48.44351],[34.74628,48.44272],[34.74748,48.44219],[34.75019,48.44154],[34.7655,48.44105],[34.78137,48.44124],[34.81175,48.4399],[34.81578,48.44044],[34.82635,48.44366],[34.82827,48.444],[34.83047,48.444],[34.83183,48.44379],[34.83388,48.44319],[34.83713,48.4419],[34.83902,48.44154],[34.84071,48.44145],[34.84276,48.44165],[34.85218,48.4436],[34.85352,48.44395],[34.85536,48.44474],[34.85796,48.44664],[34.85938,48.44821],[34.85972,48.44897],[34.86022,48.45087],[34.86078,48.45195],[34.86563,48.45734],[34.86682,48.45826],[34.86803,48.4589],[34.8704,48.45961],[34.87229,48.45982],[34.88426,48.45972],[34.89048,48.4585],[34.89353,48.45848],[34.89597,48.45895],[34.90104,48.46131],[34.90335,48.46186],[34.91725,48.46334],[34.92114,48.46338],[34.92314,48.46359],[34.92464,48.46403],[34.92628,48.46483],[34.9291,48.46731],[34.93028,48.46803],[34.93608,48.47065],[34.9382,48.47134],[34.95339,48.47528],[34.95584,48.4757],[34.96071,48.47631],[34.96926,48.47672],[34.97435,48.47805],[34.97674,48.47834],[34.98709,48.47855],[34.99008,48.47841],[34.99673,48.47669],[35.00126,48.47615],[35.00544,48.4767],[35.01085,48.47789],[35.01965,48.47952],[35.0211,48.48025],[35.0227,48.4816],[35.03091,48.49146],[35.03604,48.49741],[35.03703,48.49834],[35.03853,48.49932],[35.04089,48.5005],[35.04796,48.5037],[35.05001,48.50441],[35.05191,48.50469],[35.05361,48.50469],[35.056,48.50423],[35.05739,48.50375],[35.05875,48.503],[35.07726,48.48759],[35.07913,48.48639],[35.08163,48.48533],[35.09418,48.48109],[35.09577,48.48067],[35.10578,48.48013],[35.11203,48.48012],[35.12237,48.48118],[35.12801,48.48126],[35.13363,48.48165],[35.14075,48.4824],[35.14212,48.48268],[35.14452,48.48362],[35.14612,48.48385],[35.14789,48.48358],[35.15919,48.47984],[35.16173,48.47937],[35.16473,48.47933],[35.17789,48.48053],[35.18099,48.48033],[35.1827,48.47986],[35.18399,48.47929],[35.1852,48.47852],[35.18623,48.47754],[35.18847,48.47359],[35.1931,48.4643],[35.19388,48.463],[35.19506,48.46171],[35.19646,48.46059],[35.20425,48.45548],[35.20562,48.45431],[35.20763,48.45153],[35.20834,48.45027],[35.20868,48.4491],[35.20909,48.44535],[35.20971,48.44396],[35.21141,48.44216],[35.21984,48.4344],[35.22098,48.43375],[35.22269,48.43313],[35.22897,48.4321],[35.23384,48.43016],[35.23559,48.42967],[35.23758,48.42937],[35.24376,48.42902],[35.24702,48.42856],[35.24927,48.42804],[35.25567,48.42613],[35.26386,48.42465],[35.26592,48.4241],[35.26725,48.4236],[35.26953,48.4224],[35.27779,48.41595],[35.2786,48.41513],[35.27975,48.41347],[35.2803,48.41216],[35.28056,48.41078],[35.28067,48.38898],[35.28106,48.3874],[35.28147,48.38657],[35.28276,48.38495],[35.28494,48.38342],[35.30233,48.37446],[35.30452,48.37369],[35.30648,48.37323],[35.32505,48.37083],[35.32921,48.37038],[35.34071,48.36982],[35.34651,48.36898],[35.35034,48.36794],[35.37083,48.36083],[35.37426,48.35991],[35.40985,48.35387],[35.41368,48.35302],[35.41848,48.35135],[35.42477,48.34832],[35.42719,48.34734],[35.42977,48.34652],[35.43279,48.34579],[35.49771,48.33572],[35.50265,48.33476],[35.52733,48.33091],[35.52891,48.33054],[35.53013,48.32999],[35.53119,48.32925],[35.5317,48.32868],[35.5322,48.32756],[35.53221,48.32683],[35.52934,48.31889],[35.52817,48.31732],[35.5252,48.31433],[35.52299,48.31147],[35.52078,48.30926],[35.51376,48.30158],[35.48903,48.27407],[35.48726,48.27167],[35.48596,48.26912],[35.4854,48.26737],[35.48504,48.26467],[35.49222,48.15895],[35.49334,48.14462],[35.49364,48.14307],[35.4946,48.14113],[35.49599,48.13941],[35.52513,48.11098],[35.52655,48.10979],[35.53489,48.10406],[35.53723,48.10225],[35.53799,48.10133],[35.53867,48.10016],[35.5389,48.09954],[35.53916,48.09758],[35.53866,48.09573],[35.53753,48.0937],[35.53354,48.08731],[35.53235,48.08591],[35.5293,48.08298],[35.49598,48.05308],[35.49378,48.05089],[35.49256,48.0492],[35.49139,48.0465],[35.47933,48.00223],[35.47916,48.00044],[35.4795,47.99868],[35.48033,47.99696],[35.48103,47.996],[35.48243,47.99466],[35.50087,47.97926],[35.50282,47.97749],[35.50396,47.97605],[35.50794,47.96964],[35.50868,47.96827],[35.5091,47.96711],[35.50935,47.96573],[35.50939,47.96445],[35.50897,47.96229],[35.50829,47.96073],[35.50701,47.95896],[35.50485,47.95676],[35.50273,47.95536],[35.50093,47.95455],[35.49731,47.95352],[35.47804,47.94877],[35.40217,47.9385],[35.39963,47.93798],[35.39743,47.93725],[35.39537,47.93621],[35.36776,47.92045],[35.36557,47.91848],[35.35026,47.90098],[35.34831,47.89927],[35.34647,47.89809],[35.24519,47.84983],[35.22375,47.83955],[35.22194,47.83854],[35.21383,47.83268],[35.2079,47.82751],[35.20592,47.82621],[35.20517,47.82553],[35.20437,47.82439],[35.20399,47.82318],[35.20396,47.82223],[35.20448,47.81835],[35.20424,47.81704],[35.20388,47.81626],[35.20281,47.81497],[35.19339,47.80711],[35.18953,47.80173],[35.18791,47.79929],[35.18749,47.79837],[35.18736,47.79755],[35.18758,47.79594],[35.18923,47.79205],[35.18949,47.79105],[35.19112,47.78737],[35.1975,47.77708],[35.19987,47.77284],[35.20116,47.77106],[35.20266,47.76857]]}},{"type":"Feature","properties":{"name":"2007 Lviv -> Odesa (743.7km)","mode":"train","date":"2007","distance_km":"742.3"},"geometry":{"type":"LineString","coordinates":[[23.99377,49.83995],[23.99493,49.84193],[23.99494,49.84265],[23.99458,49.84364],[23.99198,49.8473],[23.98558,49.85448],[23.98512,49.8553],[23.98484,49.85665],[23.98512,49.8583],[23.98601,49.85954],[23.9903,49.86323],[23.99144,49.86373],[23.99284,49.86402],[23.99446,49.86405],[23.99761,49.86369],[23.99985,49.863],[24.00376,49.86002],[24.00578,49.85871],[24.01199,49.85587],[24.0186,49.85208],[24.02017,49.8515],[24.02161,49.85122],[24.03022,49.85061],[24.0406,49.85221],[24.04312,49.85245],[24.05239,49.85306],[24.06443,49.85321],[24.06903,49.85275],[24.0922,49.85161],[24.11735,49.84881],[24.12842,49.84738],[24.16087,49.84625],[24.16449,49.84581],[24.17525,49.84374],[24.17777,49.84354],[24.17959,49.84362],[24.18132,49.84383],[24.19602,49.84667],[24.19845,49.84747],[24.19991,49.84838],[24.20051,49.84893],[24.20495,49.8555],[24.20556,49.85618],[24.20668,49.85703],[24.20762,49.85752],[24.21039,49.85831],[24.28702,49.86197],[24.30617,49.86437],[24.31858,49.86413],[24.32078,49.86431],[24.32262,49.86463],[24.32463,49.86522],[24.3579,49.87674],[24.36002,49.87726],[24.3629,49.87765],[24.43289,49.87778],[24.44477,49.87788],[24.44879,49.87821],[24.4549,49.87945],[24.54762,49.90166],[24.59907,49.91514],[24.60414,49.91592],[24.61109,49.91633],[24.6222,49.91748],[24.62362,49.91745],[24.62546,49.91703],[24.62721,49.91609],[24.64548,49.8991],[24.64651,49.89827],[24.64836,49.8972],[24.65047,49.89635],[24.70182,49.87971],[24.72679,49.86865],[24.72842,49.8675],[24.72962,49.8661],[24.73268,49.85889],[24.73396,49.85708],[24.73544,49.85563],[24.74908,49.84405],[24.75879,49.83262],[24.75957,49.83187],[24.76047,49.83123],[24.76234,49.83042],[24.78243,49.82463],[24.7846,49.8234],[24.78873,49.82008],[24.79077,49.8187],[24.79707,49.81454],[24.79878,49.81371],[24.80206,49.81287],[24.84524,49.80699],[24.84926,49.80611],[24.86828,49.79993],[24.87033,49.79888],[24.87895,49.7937],[24.89843,49.78656],[24.90167,49.78584],[24.9609,49.77582],[24.96291,49.7752],[24.97486,49.77015],[24.9766,49.76955],[24.97823,49.76929],[24.984,49.769],[24.98636,49.76874],[25.00022,49.76593],[25.01797,49.75855],[25.02025,49.7572],[25.02734,49.75215],[25.02911,49.75117],[25.03047,49.7507],[25.0419,49.7486],[25.04422,49.74844],[25.04696,49.74887],[25.05224,49.75087],[25.05476,49.75123],[25.0571,49.7511],[25.05931,49.75053],[25.08338,49.74203],[25.08454,49.74139],[25.08872,49.73841],[25.09108,49.73635],[25.10234,49.72108],[25.10324,49.72008],[25.12815,49.69845],[25.13045,49.6955],[25.13774,49.68443],[25.14372,49.67835],[25.145,49.67751],[25.14661,49.67686],[25.15002,49.67629],[25.17039,49.67468],[25.1783,49.67385],[25.18103,49.67333],[25.20145,49.66719],[25.20721,49.66575],[25.21896,49.66217],[25.22105,49.66098],[25.22861,49.65552],[25.23043,49.65463],[25.2592,49.64807],[25.26169,49.64776],[25.26449,49.64775],[25.29978,49.64927],[25.32474,49.64843],[25.32683,49.64794],[25.3286,49.64711],[25.34089,49.6371],[25.34251,49.6362],[25.34415,49.63571],[25.34721,49.63546],[25.3635,49.63648],[25.37364,49.63611],[25.37586,49.63632],[25.38151,49.63735],[25.38388,49.63757],[25.39104,49.637],[25.39284,49.63662],[25.39409,49.63615],[25.40348,49.63059],[25.40572,49.62962],[25.40763,49.62904],[25.41095,49.62863],[25.42565,49.62842],[25.42796,49.62813],[25.43009,49.6276],[25.43166,49.62702],[25.43357,49.62605],[25.43828,49.62256],[25.43963,49.62175],[25.44278,49.62053],[25.44467,49.62015],[25.4465,49.6201],[25.44791,49.62025],[25.45191,49.62097],[25.45386,49.62162],[25.45564,49.62276],[25.46015,49.6274],[25.46184,49.62827],[25.46354,49.62875],[25.46645,49.62894],[25.46791,49.62879],[25.47064,49.6282],[25.472,49.62811],[25.48879,49.62848],[25.49977,49.63023],[25.50529,49.63192],[25.50748,49.632],[25.50931,49.6316],[25.51069,49.63089],[25.51576,49.62706],[25.52798,49.6195],[25.53074,49.6181],[25.53962,49.61438],[25.54156,49.61322],[25.54318,49.61163],[25.54768,49.60444],[25.54889,49.6032],[25.55022,49.60255],[25.55974,49.59918],[25.56441,49.59594],[25.56872,49.59192],[25.56937,49.59094],[25.57115,49.58727],[25.5728,49.58526],[25.57784,49.58045],[25.57937,49.57957],[25.5826,49.57815],[25.58475,49.57659],[25.5912,49.569],[25.59316,49.56641],[25.59661,49.56251],[25.59764,49.56107],[25.59877,49.55846],[25.60108,49.55392],[25.60295,49.54965],[25.60376,49.54847],[25.60596,49.54688],[25.6293,49.53382],[25.6315,49.53291],[25.63391,49.53225],[25.7237,49.51466],[25.72837,49.51391],[25.7325,49.51296],[25.73428,49.51287],[25.73597,49.51305],[25.74666,49.51543],[25.74799,49.51601],[25.74924,49.51694],[25.74982,49.51771],[25.75018,49.51869],[25.75004,49.52023],[25.74892,49.5244],[25.74895,49.52525],[25.74931,49.52611],[25.75075,49.52784],[25.75145,49.52845],[25.75561,49.53101],[25.75745,49.53183],[25.76238,49.53318],[25.76522,49.53361],[25.77743,49.5318],[25.77934,49.53189],[25.78504,49.53299],[25.78697,49.53309],[25.79585,49.53149],[25.79735,49.53141],[25.79963,49.53184],[25.80108,49.5326],[25.80179,49.53321],[25.80241,49.53415],[25.81604,49.56323],[25.8169,49.56466],[25.81775,49.56566],[25.83873,49.58602],[25.84101,49.5879],[25.86989,49.60544],[25.87202,49.60618],[25.87417,49.60637],[25.87591,49.60619],[25.87749,49.60572],[25.89211,49.59811],[25.89389,49.59737],[25.89597,49.59686],[25.89921,49.59663],[25.93377,49.59617],[25.93584,49.59588],[25.93788,49.59518],[25.95612,49.58332],[25.96456,49.57532],[25.96575,49.57382],[25.96614,49.57225],[25.96584,49.57085],[25.96409,49.56691],[25.96413,49.56567],[25.96466,49.56458],[25.96591,49.5634],[25.97608,49.55635],[25.97746,49.55558],[25.97881,49.5551],[25.98472,49.55418],[26.006,49.55224],[26.02318,49.54887],[26.0245,49.54877],[26.02656,49.54891],[26.02829,49.54922],[26.04074,49.55418],[26.04344,49.55487],[26.04537,49.55496],[26.04964,49.55442],[26.05377,49.55437],[26.06076,49.55402],[26.06378,49.55448],[26.06843,49.55587],[26.07189,49.556],[26.07382,49.55584],[26.07613,49.55514],[26.09328,49.54768],[26.09473,49.54686],[26.09908,49.54382],[26.12889,49.5306],[26.13011,49.53026],[26.13248,49.52992],[26.14555,49.52837],[26.15919,49.5246],[26.16194,49.52408],[26.16936,49.52334],[26.17169,49.52325],[26.17394,49.52338],[26.17733,49.52397],[26.17976,49.52475],[26.18162,49.52564],[26.1911,49.53235],[26.19344,49.53321],[26.19657,49.5336],[26.19825,49.53353],[26.2364,49.52892],[26.31028,49.52711],[26.31552,49.52674],[26.32103,49.52603],[26.39795,49.51284],[26.40131,49.5117],[26.41795,49.50471],[26.42127,49.50348],[26.46203,49.49278],[26.46536,49.49229],[26.46933,49.4924],[26.49779,49.49564],[26.50135,49.49623],[26.5048,49.49711],[26.5419,49.50883],[26.54723,49.50998],[26.55267,49.51044],[26.55683,49.51035],[26.57385,49.5088],[26.57691,49.50866],[26.6264,49.5089],[26.63526,49.50941],[26.63811,49.50938],[26.64163,49.50883],[26.68577,49.49947],[26.68962,49.49889],[26.6945,49.49865],[26.72426,49.49914],[26.72767,49.49898],[26.73177,49.49838],[26.74109,49.49605],[26.78,49.48574],[26.82873,49.46929],[26.89747,49.45593],[26.90192,49.45478],[26.91624,49.44917],[26.91764,49.44835],[26.91921,49.44701],[26.92107,49.44602],[26.94228,49.43696],[26.94353,49.43592],[26.94755,49.43071],[26.95097,49.42827],[26.95523,49.42455],[26.95912,49.42195],[26.96177,49.42064],[26.96427,49.41967],[26.97285,49.41714],[26.9749,49.41676],[26.97688,49.4166],[26.98067,49.41676],[26.99413,49.41886],[26.99707,49.41892],[26.99973,49.41865],[27.0502,49.40609],[27.054,49.40482],[27.1014,49.38516],[27.10384,49.38428],[27.14859,49.37158],[27.18951,49.35866],[27.1916,49.35766],[27.19361,49.35624],[27.19691,49.35273],[27.19909,49.35096],[27.2051,49.34826],[27.21102,49.34416],[27.21785,49.34126],[27.22017,49.33979],[27.222,49.33793],[27.2281,49.32992],[27.23102,49.32523],[27.23318,49.32308],[27.23444,49.32213],[27.23557,49.32158],[27.23719,49.32111],[27.24504,49.31976],[27.24994,49.31872],[27.25473,49.31727],[27.25745,49.31619],[27.25938,49.31511],[27.26124,49.31369],[27.27232,49.3012],[27.2733,49.30034],[27.27509,49.29917],[27.28631,49.29457],[27.30922,49.28679],[27.32738,49.28236],[27.34446,49.2769],[27.35003,49.27568],[27.38021,49.27236],[27.38777,49.27219],[27.40422,49.27019],[27.41308,49.26812],[27.42644,49.26723],[27.44798,49.26611],[27.4511,49.26565],[27.45383,49.26483],[27.45641,49.26355],[27.45797,49.26242],[27.46645,49.25523],[27.46792,49.25368],[27.46909,49.25205],[27.47155,49.24784],[27.47232,49.24612],[27.47287,49.24435],[27.47347,49.24075],[27.47435,49.23673],[27.47814,49.22704],[27.4787,49.22598],[27.4796,49.22477],[27.48119,49.22335],[27.48315,49.22213],[27.49084,49.21839],[27.49602,49.21622],[27.49787,49.21525],[27.50777,49.20725],[27.50899,49.20644],[27.51059,49.20571],[27.51232,49.20527],[27.51429,49.20507],[27.51666,49.20521],[27.51843,49.20563],[27.52083,49.20674],[27.52728,49.21118],[27.52906,49.21191],[27.53143,49.21254],[27.5353,49.21276],[27.55179,49.21151],[27.55534,49.21153],[27.55931,49.21214],[27.57006,49.2154],[27.5734,49.21574],[27.57579,49.2156],[27.57873,49.21495],[27.58912,49.2111],[27.59213,49.21028],[27.60157,49.20896],[27.614,49.20801],[27.62909,49.20505],[27.64566,49.20287],[27.64794,49.20245],[27.64998,49.20183],[27.65155,49.20116],[27.65568,49.19877],[27.65775,49.19777],[27.6743,49.19197],[27.67749,49.19129],[27.68593,49.1905],[27.69054,49.18973],[27.70632,49.18527],[27.70892,49.18425],[27.71026,49.18345],[27.71159,49.18234],[27.72023,49.17058],[27.72154,49.16932],[27.72239,49.16875],[27.72477,49.16752],[27.75076,49.15553],[27.75276,49.15405],[27.75946,49.14766],[27.76206,49.14618],[27.76714,49.14387],[27.76933,49.14251],[27.77047,49.14142],[27.77326,49.13797],[27.77416,49.13719],[27.77571,49.13622],[27.77855,49.13516],[27.78383,49.13425],[27.78644,49.1336],[27.80229,49.12609],[27.81712,49.11555],[27.81875,49.11421],[27.82053,49.11223],[27.82142,49.11151],[27.82375,49.11024],[27.82642,49.10952],[27.87772,49.09932],[27.8838,49.09833],[27.88692,49.09826],[27.88958,49.09848],[27.91459,49.10314],[27.91819,49.10347],[27.92052,49.10341],[27.92364,49.10299],[27.93986,49.09956],[27.97286,49.08771],[27.97506,49.08662],[27.97652,49.08552],[27.97778,49.08404],[27.97835,49.08292],[27.97865,49.08186],[27.97849,49.06846],[27.97866,49.06719],[27.97898,49.0662],[27.97966,49.0649],[27.98412,49.05788],[27.98615,49.05613],[27.98866,49.05481],[27.99077,49.05413],[27.99327,49.05367],[28.02144,49.05159],[28.02451,49.05107],[28.02747,49.05006],[28.03853,49.04455],[28.04084,49.04357],[28.04242,49.04308],[28.04409,49.04278],[28.05111,49.04244],[28.05458,49.04163],[28.06365,49.037],[28.06703,49.03556],[28.06871,49.035],[28.07093,49.0349],[28.07498,49.03429],[28.07741,49.0343],[28.08196,49.03508],[28.0865,49.03516],[28.09627,49.03691],[28.09768,49.03701],[28.10179,49.03653],[28.10778,49.03545],[28.10947,49.03487],[28.11318,49.03276],[28.11559,49.0309],[28.11816,49.02852],[28.12526,49.02079],[28.12654,49.01973],[28.12854,49.01855],[28.13087,49.01761],[28.13244,49.0172],[28.15374,49.01299],[28.15536,49.01252],[28.15755,49.01162],[28.15991,49.01013],[28.16165,49.00844],[28.16266,49.00682],[28.16539,49.00122],[28.16578,48.9996],[28.16584,48.99823],[28.16484,48.99218],[28.16484,48.99058],[28.16508,48.98943],[28.16564,48.98813],[28.16715,48.98613],[28.16949,48.98431],[28.17255,48.9829],[28.19914,48.97587],[28.20154,48.97489],[28.20305,48.97402],[28.20437,48.973],[28.20545,48.97185],[28.20631,48.97062],[28.20688,48.96936],[28.20714,48.96831],[28.20771,48.95077],[28.20832,48.94876],[28.20942,48.94709],[28.21052,48.94593],[28.21232,48.94461],[28.24112,48.9279],[28.24249,48.92694],[28.25927,48.90893],[28.26208,48.90617],[28.26481,48.90411],[28.27435,48.89821],[28.28943,48.88936],[28.29271,48.8878],[28.30514,48.88246],[28.30746,48.88162],[28.3105,48.88081],[28.31423,48.88024],[28.34304,48.87891],[28.34656,48.8784],[28.34943,48.87756],[28.38355,48.86522],[28.38648,48.86441],[28.39261,48.86313],[28.39583,48.86201],[28.39828,48.86058],[28.40018,48.85882],[28.40105,48.85761],[28.40395,48.85246],[28.40475,48.85062],[28.40765,48.83841],[28.40855,48.8367],[28.41037,48.83481],[28.41287,48.83329],[28.45875,48.812],[28.4619,48.81028],[28.46488,48.80809],[28.46676,48.80624],[28.46823,48.80442],[28.46934,48.80256],[28.47018,48.80062],[28.47073,48.79844],[28.47253,48.78519],[28.47299,48.78375],[28.47359,48.78255],[28.47479,48.78127],[28.47672,48.78009],[28.47837,48.77947],[28.48332,48.77839],[28.48526,48.77778],[28.48707,48.77681],[28.48858,48.77547],[28.50313,48.75206],[28.50401,48.751],[28.50776,48.74728],[28.50861,48.74604],[28.50923,48.74467],[28.50953,48.74254],[28.50926,48.74081],[28.50828,48.73875],[28.5071,48.73735],[28.50577,48.73623],[28.50439,48.73535],[28.49402,48.73033],[28.49229,48.72899],[28.49125,48.72773],[28.49068,48.72654],[28.49039,48.72546],[28.49052,48.72341],[28.49084,48.72251],[28.49157,48.72131],[28.49321,48.71968],[28.49447,48.71886],[28.49616,48.71808],[28.49938,48.71726],[28.55895,48.71058],[28.56408,48.7094],[28.56769,48.70813],[28.56939,48.70734],[28.63076,48.67328],[28.66781,48.64881],[28.67002,48.647],[28.7328,48.59002],[28.73384,48.5889],[28.73506,48.58724],[28.73575,48.58604],[28.73646,48.58426],[28.73678,48.58291],[28.73692,48.58106],[28.73672,48.57933],[28.73622,48.57754],[28.73544,48.57585],[28.7343,48.57415],[28.72392,48.56238],[28.72282,48.56025],[28.72251,48.55822],[28.72275,48.55648],[28.72363,48.55452],[28.73159,48.54434],[28.73375,48.5417],[28.73626,48.53956],[28.76151,48.52435],[28.76298,48.52333],[28.76422,48.52217],[28.76522,48.52088],[28.76591,48.51954],[28.7729,48.49904],[28.77399,48.49732],[28.77548,48.49583],[28.77744,48.4945],[28.78008,48.49333],[28.78205,48.49278],[28.79219,48.49072],[28.79399,48.4901],[28.79566,48.48924],[28.79722,48.48803],[28.79821,48.48691],[28.79891,48.48562],[28.8003,48.48147],[28.80095,48.48019],[28.80219,48.47856],[28.80392,48.47698],[28.80594,48.47566],[28.83519,48.45996],[28.8376,48.45818],[28.83892,48.45662],[28.83943,48.45572],[28.84376,48.4435],[28.84401,48.44122],[28.84379,48.43994],[28.84331,48.43875],[28.83361,48.42103],[28.83297,48.41926],[28.83279,48.41792],[28.83285,48.41652],[28.83424,48.41146],[28.83445,48.40974],[28.83424,48.40798],[28.83254,48.40203],[28.83275,48.40016],[28.83352,48.39854],[28.83534,48.39664],[28.83738,48.39542],[28.85463,48.38817],[28.85829,48.38644],[28.8605,48.38495],[28.86192,48.3835],[28.87061,48.37082],[28.87279,48.36805],[28.87393,48.36702],[28.90033,48.34812],[28.91091,48.33888],[28.91421,48.33618],[28.9534,48.29445],[28.95451,48.29292],[28.95529,48.29101],[28.95546,48.28913],[28.95523,48.2878],[28.95487,48.28682],[28.9538,48.28505],[28.9522,48.28344],[28.93556,48.2702],[28.93457,48.26907],[28.93364,48.26745],[28.93318,48.26574],[28.93315,48.26427],[28.93361,48.26234],[28.93731,48.25391],[28.93806,48.25264],[28.93939,48.25128],[28.94105,48.24992],[28.94732,48.24573],[28.94893,48.24422],[28.94969,48.24323],[28.95052,48.24161],[28.95102,48.24007],[28.95125,48.23838],[28.9513,48.23582],[28.95183,48.23408],[28.9527,48.23268],[28.95857,48.22471],[28.96028,48.22312],[28.96232,48.22185],[28.98915,48.20848],[28.99153,48.2077],[28.99401,48.20723],[29.00005,48.20698],[29.00274,48.2067],[29.0054,48.20608],[29.00798,48.20506],[29.01048,48.20348],[29.0248,48.19207],[29.0263,48.19058],[29.0278,48.18876],[29.02963,48.18552],[29.03018,48.18402],[29.03198,48.17725],[29.03328,48.1702],[29.0341,48.16847],[29.03523,48.16702],[29.03685,48.16561],[29.03947,48.16414],[29.04687,48.1617],[29.05384,48.15967],[29.05796,48.15778],[29.06073,48.15619],[29.06342,48.15419],[29.08873,48.13317],[29.09078,48.13163],[29.09555,48.12881],[29.0972,48.12745],[29.09842,48.12587],[29.09886,48.12498],[29.09929,48.1232],[29.09915,48.12142],[29.09808,48.11791],[29.09803,48.11611],[29.09821,48.11521],[29.09893,48.11348],[29.09947,48.11265],[29.10357,48.107],[29.10513,48.10537],[29.11921,48.0927],[29.12118,48.09128],[29.13912,48.08035],[29.14104,48.07901],[29.14184,48.07827],[29.14304,48.07676],[29.15605,48.05794],[29.17919,48.03481],[29.18022,48.03314],[29.18256,48.02797],[29.18305,48.02711],[29.18439,48.02554],[29.19416,48.01694],[29.19597,48.01563],[29.19716,48.01497],[29.20751,48.01109],[29.22227,48.0068],[29.22447,48.00581],[29.23604,47.9997],[29.23791,47.9984],[29.27022,47.97263],[29.27138,47.97144],[29.27241,47.96985],[29.27536,47.96185],[29.27619,47.96056],[29.27861,47.95763],[29.28004,47.95625],[29.28406,47.95368],[29.28581,47.95213],[29.29891,47.9368],[29.30488,47.92911],[29.30652,47.9272],[29.30896,47.92446],[29.31355,47.92042],[29.31408,47.91969],[29.31469,47.91842],[29.31526,47.91538],[29.31586,47.91403],[29.3168,47.91281],[29.31965,47.90978],[29.3214,47.90656],[29.32236,47.90531],[29.32567,47.9022],[29.33124,47.89831],[29.33247,47.89724],[29.34055,47.88791],[29.34144,47.88705],[29.34392,47.8854],[29.34627,47.88442],[29.34952,47.88367],[29.35319,47.88345],[29.35585,47.88372],[29.3588,47.88445],[29.36475,47.88705],[29.36698,47.88773],[29.36912,47.8881],[29.37123,47.88821],[29.37459,47.88789],[29.37687,47.8873],[29.39555,47.88108],[29.452,47.86446],[29.4551,47.86385],[29.45711,47.86371],[29.45976,47.86379],[29.4636,47.86457],[29.46698,47.86602],[29.47326,47.86985],[29.47612,47.87095],[29.47838,47.87144],[29.47994,47.87159],[29.48232,47.87156],[29.48409,47.87135],[29.48625,47.87086],[29.48804,47.87026],[29.48931,47.86962],[29.49544,47.86456],[29.49698,47.8631],[29.49791,47.8618],[29.49831,47.8609],[29.49854,47.85973],[29.49853,47.85845],[29.4978,47.85644],[29.49566,47.85275],[29.49529,47.85081],[29.49568,47.84894],[29.49674,47.84714],[29.49757,47.84628],[29.50002,47.84437],[29.50165,47.84286],[29.51466,47.82376],[29.51555,47.82194],[29.51582,47.82081],[29.51585,47.81924],[29.51362,47.80384],[29.51358,47.80176],[29.51408,47.8001],[29.52351,47.78035],[29.52419,47.77842],[29.52424,47.77619],[29.52313,47.77137],[29.52289,47.76928],[29.52388,47.76035],[29.52446,47.75715],[29.52552,47.75501],[29.53704,47.73713],[29.54279,47.72789],[29.54334,47.72611],[29.54514,47.71164],[29.54579,47.71],[29.54687,47.70845],[29.54781,47.70748],[29.55875,47.69752],[29.55978,47.69621],[29.5603,47.69525],[29.56077,47.69394],[29.56095,47.69199],[29.56048,47.67789],[29.56069,47.67618],[29.56127,47.67462],[29.56939,47.66011],[29.57009,47.6591],[29.57096,47.65808],[29.57211,47.65709],[29.5748,47.65549],[29.62583,47.6348],[29.62861,47.63354],[29.64322,47.62538],[29.6726,47.60855],[29.67559,47.60622],[29.71551,47.56675],[29.73599,47.54052],[29.74194,47.53265],[29.74261,47.53119],[29.74291,47.52978],[29.74351,47.51879],[29.74422,47.5166],[29.74491,47.5155],[29.75655,47.501],[29.75758,47.49934],[29.75796,47.49832],[29.75821,47.49698],[29.76094,47.46125],[29.76152,47.45902],[29.76258,47.45727],[29.7639,47.45589],[29.76578,47.45455],[29.79664,47.43785],[29.79808,47.43699],[29.79987,47.43555],[29.85105,47.38141],[29.85226,47.37931],[29.86693,47.34479],[29.86739,47.34394],[29.8683,47.34276],[29.86944,47.34171],[29.872,47.33978],[29.88458,47.33264],[29.88722,47.33087],[29.9071,47.31305],[29.91989,47.30384],[29.9216,47.30246],[29.92411,47.29991],[29.94616,47.27488],[29.94716,47.2734],[29.95557,47.25008],[29.95589,47.24784],[29.95561,47.24623],[29.95514,47.24505],[29.95107,47.23747],[29.94971,47.23592],[29.94504,47.2321],[29.94277,47.23001],[29.94139,47.22789],[29.94105,47.227],[29.94069,47.22518],[29.93685,47.19776],[29.93682,47.19634],[29.94137,47.15983],[29.94206,47.15741],[29.943,47.15589],[29.94425,47.15456],[29.96633,47.13649],[29.96725,47.13556],[29.96849,47.13367],[29.97915,47.11292],[29.98039,47.11119],[29.98138,47.11021],[29.98243,47.10939],[29.98452,47.10838],[30.00706,47.10074],[30.00911,47.09989],[30.01117,47.09861],[30.03993,47.07086],[30.04138,47.06906],[30.04207,47.06767],[30.04234,47.06672],[30.05466,47.0085],[30.05498,47.0059],[30.05465,47.00415],[30.04803,46.98695],[30.03241,46.94539],[30.03208,46.94306],[30.03223,46.94184],[30.04955,46.86824],[30.05031,46.86627],[30.05189,46.86418],[30.05379,46.86267],[30.09373,46.83762],[30.09577,46.8362],[30.14087,46.79701],[30.14438,46.79443],[30.22669,46.74809],[30.22942,46.74605],[30.23943,46.73721],[30.24129,46.73576],[30.24456,46.73366],[30.26652,46.72066],[30.26899,46.71952],[30.32259,46.69734],[30.32455,46.69636],[30.32685,46.69484],[30.32895,46.69289],[30.3303,46.69102],[30.36504,46.63208],[30.36681,46.62974],[30.36835,46.62818],[30.37042,46.6265],[30.37358,46.62453],[30.4113,46.60819],[30.41524,46.60689],[30.41849,46.60619],[30.53252,46.58655],[30.53752,46.585],[30.55686,46.57601],[30.55926,46.57457],[30.5614,46.57283],[30.63391,46.49458],[30.63695,46.49165],[30.646,46.48383],[30.64812,46.48228],[30.68919,46.45562],[30.69079,46.45482],[30.69246,46.45422],[30.69502,46.45377],[30.70092,46.45378],[30.70364,46.45399],[30.71044,46.45518],[30.71519,46.45558],[30.72778,46.45554],[30.73284,46.4557],[30.73419,46.45588],[30.73551,46.45625],[30.73686,46.45685],[30.73838,46.458],[30.73932,46.45907],[30.7398,46.45997],[30.74006,46.46098],[30.74078,46.46654]]}},{"type":"Feature","properties":{"name":"2007_Bellingham -> Seattle (151km)","mode":"train","distance_km":"150.9"},"geometry":{"type":"LineString","coordinates":[[-122.5114,48.72058],[-122.51662,48.71848],[-122.51797,48.71753],[-122.51839,48.71699],[-122.51869,48.7162],[-122.51901,48.71389],[-122.51893,48.71278],[-122.51854,48.71195],[-122.51425,48.70532],[-122.51418,48.70422],[-122.51502,48.70245],[-122.51521,48.70156],[-122.51501,48.7005],[-122.51441,48.69964],[-122.51314,48.69873],[-122.51135,48.69816],[-122.5003,48.69719],[-122.49916,48.69692],[-122.49785,48.69635],[-122.49646,48.69518],[-122.49534,48.69283],[-122.49402,48.69134],[-122.492,48.687],[-122.48942,48.67871],[-122.48897,48.67158],[-122.48903,48.6704],[-122.48949,48.66951],[-122.49029,48.66881],[-122.49909,48.66324],[-122.49981,48.66244],[-122.50002,48.6617],[-122.49921,48.65954],[-122.49801,48.65728],[-122.49749,48.65673],[-122.49597,48.65574],[-122.49313,48.65462],[-122.49226,48.6538],[-122.49197,48.65294],[-122.49226,48.65126],[-122.49208,48.65066],[-122.49058,48.64875],[-122.48857,48.64577],[-122.48762,48.64476],[-122.48471,48.64231],[-122.48132,48.64092],[-122.48012,48.64015],[-122.47054,48.63113],[-122.46839,48.62943],[-122.4659,48.62782],[-122.46361,48.62598],[-122.46193,48.62547],[-122.45864,48.62528],[-122.45738,48.62506],[-122.45407,48.62392],[-122.4499,48.62337],[-122.44805,48.62266],[-122.43479,48.60908],[-122.43258,48.60509],[-122.432,48.60433],[-122.42459,48.60027],[-122.42227,48.59848],[-122.42111,48.59714],[-122.38709,48.54943],[-122.37328,48.52976],[-122.37235,48.52868],[-122.37117,48.52778],[-122.36996,48.52714],[-122.33901,48.51277],[-122.3379,48.51207],[-122.33739,48.51156],[-122.33702,48.51089],[-122.32957,48.47503],[-122.32824,48.4703],[-122.32733,48.46596],[-122.32715,48.46411],[-122.32421,48.44998],[-122.32414,48.44875],[-122.32553,48.44205],[-122.32649,48.43977],[-122.33705,48.42848],[-122.33799,48.42727],[-122.3383,48.42629],[-122.33829,48.42564],[-122.33787,48.42452],[-122.33571,48.42184],[-122.33524,48.42064],[-122.33531,48.41388],[-122.34456,48.31918],[-122.3453,48.31645],[-122.3464,48.31361],[-122.36601,48.26933],[-122.36649,48.26699],[-122.36649,48.26495],[-122.36603,48.26275],[-122.36509,48.2606],[-122.36313,48.25789],[-122.34432,48.23611],[-122.3427,48.23468],[-122.34009,48.23292],[-122.33759,48.23167],[-122.33571,48.23093],[-122.2668,48.20871],[-122.26401,48.20726],[-122.26072,48.20434],[-122.25913,48.20331],[-122.24392,48.19606],[-122.24158,48.19463],[-122.23804,48.19065],[-122.23266,48.17998],[-122.23165,48.17839],[-122.23047,48.1772],[-122.22343,48.17151],[-122.2222,48.17034],[-122.21891,48.1668],[-122.21238,48.15931],[-122.20968,48.15613],[-122.20329,48.14795],[-122.18416,48.12304],[-122.18342,48.12165],[-122.18225,48.11852],[-122.1739,48.09524],[-122.17361,48.09409],[-122.17363,48.09288],[-122.17415,48.08937],[-122.18056,48.04879],[-122.1894,48.0153],[-122.1897,48.01468],[-122.19029,48.01425],[-122.19081,48.01408],[-122.19246,48.01409],[-122.19311,48.01432],[-122.19686,48.01691],[-122.19807,48.01752],[-122.20171,48.01848],[-122.20306,48.01845],[-122.20459,48.01784],[-122.20605,48.01684],[-122.21229,48.0106],[-122.21334,48.00942],[-122.21381,48.00808],[-122.21391,48.00493],[-122.21357,48.00177],[-122.21339,47.99358],[-122.2136,47.99104],[-122.21436,47.98744],[-122.21484,47.98303],[-122.21523,47.98187],[-122.2161,47.98085],[-122.22206,47.97636],[-122.22607,47.97283],[-122.22794,47.97165],[-122.23132,47.9699],[-122.23728,47.96572],[-122.24682,47.96045],[-122.25017,47.95912],[-122.252,47.95868],[-122.25439,47.95836],[-122.26232,47.95814],[-122.2668,47.95719],[-122.27538,47.95652],[-122.27842,47.95602],[-122.2811,47.95518],[-122.28453,47.95359],[-122.28919,47.95175],[-122.30402,47.94754],[-122.30565,47.9468],[-122.30674,47.94597],[-122.3078,47.94441],[-122.30939,47.94092],[-122.30998,47.93952],[-122.31032,47.9381],[-122.31022,47.93607],[-122.30905,47.93089],[-122.30915,47.92772],[-122.30961,47.9259],[-122.31087,47.92401],[-122.31359,47.92144],[-122.31588,47.91881],[-122.31847,47.91661],[-122.32061,47.91379],[-122.32094,47.91274],[-122.32124,47.91052],[-122.32211,47.90835],[-122.32282,47.90698],[-122.32402,47.90563],[-122.3247,47.90459],[-122.32698,47.89827],[-122.32711,47.8976],[-122.32697,47.89474],[-122.32709,47.89368],[-122.32975,47.88845],[-122.33268,47.88115],[-122.33272,47.88011],[-122.33235,47.87911],[-122.33031,47.87668],[-122.32971,47.87545],[-122.32907,47.87149],[-122.32905,47.87029],[-122.32932,47.8691],[-122.33012,47.86754],[-122.33296,47.86478],[-122.33465,47.86162],[-122.33485,47.86015],[-122.33438,47.85795],[-122.33436,47.8559],[-122.33483,47.85365],[-122.33581,47.8515],[-122.33674,47.85012],[-122.34,47.84639],[-122.3418,47.84488],[-122.34403,47.84338],[-122.34611,47.84236],[-122.35064,47.84155],[-122.35218,47.84092],[-122.3535,47.84009],[-122.36274,47.83123],[-122.37435,47.82111],[-122.37849,47.81641],[-122.38161,47.81336],[-122.39366,47.80416],[-122.39444,47.80303],[-122.39459,47.80242],[-122.39437,47.80129],[-122.3924,47.79776],[-122.39188,47.79631],[-122.39038,47.78709],[-122.39058,47.78545],[-122.39341,47.78066],[-122.39371,47.77968],[-122.39359,47.77834],[-122.39224,47.7711],[-122.39134,47.76984],[-122.38532,47.76472],[-122.38283,47.76186],[-122.38044,47.75967],[-122.37963,47.75856],[-122.37937,47.75753],[-122.37948,47.75662],[-122.3812,47.75328],[-122.38227,47.74909],[-122.38228,47.74799],[-122.382,47.74714],[-122.38156,47.74643],[-122.37699,47.74013],[-122.37366,47.73209],[-122.37309,47.72958],[-122.37312,47.72834],[-122.37359,47.72596],[-122.37511,47.72389],[-122.37604,47.72191],[-122.37614,47.72103],[-122.37563,47.71873],[-122.37575,47.71766],[-122.37664,47.71581],[-122.3795,47.71219],[-122.37982,47.7112],[-122.37999,47.70943],[-122.38045,47.70846],[-122.38149,47.70744],[-122.38474,47.70502],[-122.38743,47.70343],[-122.38954,47.7025],[-122.40048,47.69847],[-122.40256,47.6972],[-122.40359,47.69597],[-122.40384,47.69534],[-122.40384,47.69467],[-122.40203,47.68975],[-122.40216,47.68596],[-122.40227,47.68432],[-122.40266,47.68258],[-122.40473,47.67885],[-122.40523,47.6776],[-122.4054,47.67616],[-122.40523,47.6736],[-122.405,47.67265],[-122.4043,47.67147],[-122.40241,47.66896],[-122.40213,47.66804],[-122.40197,47.66579],[-122.40162,47.66505],[-122.40108,47.66446],[-122.39967,47.66366],[-122.39484,47.66219],[-122.39196,47.66087],[-122.39028,47.65972],[-122.38355,47.65418],[-122.38144,47.65199],[-122.38089,47.651],[-122.38063,47.65],[-122.38052,47.64255],[-122.3804,47.64039],[-122.38015,47.63932],[-122.38012,47.63585],[-122.37974,47.63492],[-122.37853,47.63348],[-122.35621,47.61612],[-122.35303,47.6141],[-122.34897,47.61182],[-122.34679,47.61113],[-122.34432,47.6098],[-122.3351,47.60756],[-122.33377,47.60694],[-122.32936,47.60202],[-122.32926,47.60066],[-122.3295,47.59944],[-122.32971,47.59535],[-122.32969,47.5976]]}},{"type":"Feature","properties":{"name":"2008_Budapest -> Bratislava (213.2km)","mode":"train","distance_km":"212.8"},"geometry":{"type":"LineString","coordinates":[[19.02544,47.49958],[19.02615,47.49784],[19.02606,47.49656],[19.02649,47.49537],[19.02967,47.49096],[19.03037,47.4897],[19.03118,47.48779],[19.03126,47.48645],[19.03058,47.48467],[19.02396,47.47499],[19.02292,47.47321],[19.02231,47.47176],[19.02172,47.46932],[19.02075,47.46249],[19.02075,47.4606],[19.02044,47.45684],[19.0205,47.4553],[19.02,47.454],[19.01934,47.45329],[19.01856,47.45276],[19.0166,47.45208],[18.99098,47.44721],[18.98787,47.44687],[18.96277,47.44768],[18.96083,47.44798],[18.95491,47.44951],[18.94881,47.45043],[18.93416,47.45169],[18.93147,47.45162],[18.91936,47.45005],[18.90259,47.44995],[18.89966,47.44946],[18.89471,47.4479],[18.89213,47.44754],[18.8895,47.44757],[18.88649,47.44811],[18.88344,47.44935],[18.88149,47.45074],[18.87999,47.45252],[18.87637,47.45903],[18.87514,47.46059],[18.87337,47.46206],[18.86566,47.46739],[18.86341,47.46856],[18.86098,47.46942],[18.84579,47.47241],[18.84293,47.4734],[18.84148,47.47412],[18.83998,47.47522],[18.82998,47.48448],[18.82764,47.48655],[18.82577,47.48792],[18.82267,47.48924],[18.82075,47.4897],[18.81696,47.49021],[18.81266,47.49045],[18.81071,47.49038],[18.80769,47.49001],[18.80406,47.48914],[18.79256,47.48469],[18.78957,47.48378],[18.78539,47.48313],[18.78162,47.48306],[18.77716,47.48365],[18.77315,47.48485],[18.77025,47.4862],[18.75943,47.4919],[18.75724,47.49269],[18.75536,47.49312],[18.75265,47.49339],[18.7131,47.49465],[18.70638,47.49434],[18.65961,47.4909],[18.65655,47.49043],[18.65279,47.4896],[18.63618,47.48454],[18.63224,47.4839],[18.62877,47.4836],[18.62347,47.48375],[18.612,47.48461],[18.60366,47.48497],[18.55934,47.48428],[18.55485,47.48387],[18.54907,47.48289],[18.54259,47.48244],[18.54011,47.48253],[18.53693,47.48291],[18.5296,47.48439],[18.52736,47.48516],[18.52465,47.4865],[18.52171,47.48844],[18.51706,47.49438],[18.51602,47.49534],[18.51126,47.49863],[18.50147,47.5086],[18.49982,47.51079],[18.49152,47.52567],[18.49051,47.52872],[18.48955,47.53348],[18.48846,47.53655],[18.48713,47.53872],[18.48539,47.54078],[18.48402,47.54202],[18.48194,47.54358],[18.47876,47.5454],[18.45551,47.55616],[18.44957,47.55976],[18.44592,47.56128],[18.44252,47.56215],[18.43541,47.5632],[18.4331,47.56336],[18.41922,47.56333],[18.41665,47.56363],[18.41133,47.56501],[18.4077,47.5662],[18.40252,47.56872],[18.401,47.56968],[18.39976,47.57073],[18.3987,47.572],[18.39784,47.57366],[18.39753,47.57505],[18.3972,47.57874],[18.39671,47.58],[18.39522,47.58274],[18.39392,47.58447],[18.3902,47.58823],[18.38691,47.5932],[18.38638,47.59474],[18.38623,47.596],[18.38667,47.59941],[18.38662,47.60064],[18.38565,47.60422],[18.38335,47.60815],[18.37812,47.61625],[18.37548,47.61911],[18.37277,47.62148],[18.3556,47.63374],[18.35384,47.63531],[18.35263,47.63671],[18.35162,47.63869],[18.3472,47.64905],[18.34598,47.65058],[18.34474,47.65135],[18.34335,47.65186],[18.33826,47.65261],[18.33594,47.6534],[18.33444,47.65435],[18.33194,47.65676],[18.33093,47.65796],[18.32898,47.66102],[18.3282,47.66286],[18.32662,47.66763],[18.32579,47.6694],[18.32447,47.67142],[18.32211,47.67412],[18.30635,47.68942],[18.29269,47.70738],[18.28989,47.70991],[18.27552,47.71834],[18.26738,47.72269],[18.26435,47.72391],[18.25241,47.72769],[18.24772,47.72842],[18.2282,47.72964],[18.2172,47.73122],[18.18437,47.7353],[18.17767,47.7357],[18.1756,47.73596],[18.17253,47.73672],[18.14388,47.74554],[18.13611,47.74704],[18.13263,47.74754],[18.11502,47.74941],[18.1078,47.74967],[18.10592,47.74941],[18.10497,47.74908],[18.10245,47.74777],[18.03553,47.72097],[18.03093,47.71957],[18.02692,47.7187],[18.01456,47.71765],[17.99304,47.71628],[17.9876,47.71572],[17.91066,47.7107],[17.7635,47.69104],[17.74181,47.6879],[17.73777,47.68754],[17.70999,47.68394],[17.70365,47.68357],[17.69824,47.68353],[17.65881,47.68466],[17.64676,47.68494],[17.64513,47.68486],[17.64003,47.68376],[17.63405,47.68158],[17.63126,47.6808],[17.61249,47.67435],[17.60621,47.67285],[17.59985,47.67195],[17.59599,47.67168],[17.59186,47.67161],[17.58803,47.67174],[17.58389,47.67212],[17.5792,47.67284],[17.57622,47.67346],[17.56972,47.67533],[17.56572,47.67686],[17.56077,47.67926],[17.43839,47.74842],[17.413,47.76305],[17.28717,47.83602],[17.28265,47.83898],[17.2618,47.85344],[17.2191,47.87579],[17.15264,47.9102],[17.1471,47.91325],[17.13181,47.92112],[17.12987,47.92259],[17.12939,47.92334],[17.12918,47.92409],[17.12922,47.92488],[17.12956,47.92574],[17.13021,47.92652],[17.13093,47.92705],[17.133,47.92783],[17.13484,47.92798],[17.13684,47.92765],[17.13792,47.92719],[17.14077,47.92536],[17.14191,47.9248],[17.14423,47.92415],[17.14601,47.924],[17.1478,47.92412],[17.1498,47.92459],[17.15651,47.92704],[17.15817,47.92791],[17.17576,47.94124],[17.20662,47.96943],[17.20732,47.97036],[17.2077,47.97126],[17.20784,47.97213],[17.20777,47.97304],[17.20747,47.97397],[17.20679,47.97505],[17.20055,47.98356],[17.19729,47.98744],[17.19589,47.98937],[17.18043,48.01243],[17.16096,48.03799],[17.15398,48.04467],[17.14192,48.05251],[17.14051,48.0537],[17.13974,48.05459],[17.12076,48.08738],[17.11919,48.08867],[17.11686,48.08951],[17.11547,48.0897],[17.1053,48.09009],[17.10324,48.09055],[17.10152,48.09142],[17.10052,48.09232],[17.09988,48.09337],[17.09966,48.09432],[17.09961,48.09687],[17.09885,48.09893],[17.09608,48.10253],[17.0918,48.10611],[17.09097,48.10699],[17.09038,48.10823],[17.09035,48.10958],[17.09096,48.11093],[17.09396,48.1146],[17.09566,48.11706],[17.1022,48.12438],[17.10532,48.12813],[17.10637,48.12903],[17.10792,48.12987],[17.10973,48.13043],[17.11199,48.13069],[17.1299,48.13009],[17.13251,48.13028],[17.13419,48.13075],[17.1355,48.13139],[17.14539,48.13877],[17.14733,48.13962],[17.15374,48.14058],[17.15637,48.14134],[17.15755,48.14153],[17.16324,48.14174],[17.16702,48.14132],[17.17232,48.14159]]}},{"type":"Feature","properties":{"name":"2008_Budapest -> Gödöllő (25.3km)","mode":"train","distance_km":"25.2"},"geometry":{"type":"LineString","coordinates":[[19.13779,47.50363],[19.15529,47.50555],[19.16221,47.50614],[19.19206,47.51131],[19.21414,47.51805],[19.21984,47.52051],[19.22354,47.52277],[19.24231,47.53497],[19.25413,47.54217],[19.26563,47.54942],[19.26786,47.55124],[19.27419,47.55514],[19.27543,47.55633],[19.27577,47.55712],[19.27581,47.55792],[19.27558,47.55874],[19.27407,47.56168],[19.27324,47.56503],[19.27326,47.56577],[19.27386,47.56731],[19.27585,47.56939],[19.2762,47.57007],[19.27631,47.57087],[19.27504,47.57514],[19.27605,47.58783],[19.27599,47.58871],[19.27532,47.59044],[19.27228,47.59371],[19.27174,47.59486],[19.27168,47.59619],[19.27198,47.59697],[19.2726,47.59772],[19.2737,47.59836],[19.27556,47.59869],[19.28003,47.59813],[19.28391,47.59819],[19.28631,47.59804],[19.29909,47.59552],[19.30092,47.59491],[19.30888,47.59076],[19.3111,47.5902],[19.31324,47.5901],[19.31479,47.59026],[19.32568,47.59241],[19.34265,47.59535],[19.34689,47.59704],[19.35041,47.59911],[19.35501,47.59999],[19.35602,47.59965],[19.35694,47.598],[19.35722,47.59597],[19.3576,47.59473],[19.35754,47.59592],[19.35788,47.5972],[19.35762,47.59598],[19.35765,47.59506],[19.35855,47.59259]]}},{"type":"Feature","properties":{"name":"2008_Budapest -> Krompachy (312km)","mode":"train","distance_km":"311.4"},"geometry":{"type":"LineString","coordinates":[[19.08325,47.50049],[19.09087,47.5005],[19.09513,47.50028],[19.09646,47.50001],[19.09743,47.49957],[19.09832,47.49881],[19.10032,47.49599],[19.10327,47.49122],[19.10433,47.49025],[19.10557,47.48946],[19.10778,47.48856],[19.1095,47.48827],[19.11076,47.48829],[19.11338,47.48867],[19.11744,47.48867],[19.12467,47.48989],[19.12871,47.49106],[19.12605,47.49074],[19.12413,47.49107],[19.12187,47.49194],[19.12015,47.49307],[19.11936,47.49387],[19.11507,47.4997],[19.11501,47.50043],[19.11524,47.50076],[19.11576,47.50105],[19.15408,47.50542],[19.16024,47.5059],[19.17071,47.50752],[19.19275,47.51147],[19.21414,47.51805],[19.21984,47.52051],[19.22354,47.52277],[19.24231,47.53497],[19.25413,47.54217],[19.26563,47.54942],[19.26786,47.55124],[19.27424,47.5551],[19.27532,47.55607],[19.27583,47.55712],[19.27583,47.5582],[19.27413,47.5617],[19.27329,47.56542],[19.27362,47.56676],[19.27421,47.56769],[19.27581,47.56924],[19.27619,47.56992],[19.27636,47.57068],[19.27628,47.57146],[19.2751,47.575],[19.27611,47.58839],[19.27574,47.58979],[19.27537,47.59047],[19.27235,47.59372],[19.27184,47.59466],[19.27167,47.59598],[19.27181,47.59666],[19.27241,47.59754],[19.27329,47.59819],[19.27442,47.59857],[19.27556,47.59869],[19.28003,47.59813],[19.28578,47.5981],[19.29909,47.59552],[19.30092,47.59491],[19.30855,47.59089],[19.31058,47.59029],[19.31221,47.5901],[19.31479,47.59026],[19.32568,47.59241],[19.34265,47.59535],[19.34689,47.59704],[19.35041,47.59911],[19.35468,47.59997],[19.35555,47.5999],[19.3562,47.59941],[19.35705,47.59772],[19.35722,47.59597],[19.3576,47.59473],[19.35754,47.59592],[19.35788,47.5972],[19.35851,47.59837],[19.35931,47.59926],[19.3604,47.60006],[19.36169,47.60069],[19.36356,47.60122],[19.36508,47.60141],[19.37061,47.60142],[19.37357,47.60101],[19.39467,47.59416],[19.39701,47.59386],[19.39927,47.59412],[19.40089,47.59469],[19.402,47.59538],[19.40283,47.59618],[19.40337,47.59702],[19.4058,47.6034],[19.40816,47.60791],[19.4084,47.60891],[19.40895,47.61383],[19.40947,47.6155],[19.41264,47.62237],[19.41326,47.62324],[19.41437,47.62419],[19.41605,47.62504],[19.42092,47.62658],[19.42253,47.62676],[19.4247,47.62667],[19.4282,47.62598],[19.43063,47.62591],[19.4447,47.62855],[19.44721,47.62924],[19.46581,47.63674],[19.46771,47.63766],[19.46909,47.63861],[19.4703,47.63972],[19.47761,47.64749],[19.47938,47.6486],[19.48158,47.64931],[19.48404,47.64953],[19.48629,47.64928],[19.50338,47.64442],[19.51853,47.64035],[19.57253,47.62964],[19.60468,47.62548],[19.60836,47.6254],[19.61192,47.62567],[19.61432,47.62611],[19.61681,47.6268],[19.61945,47.62777],[19.62201,47.62903],[19.65632,47.64761],[19.66222,47.6513],[19.66976,47.6554],[19.67067,47.65604],[19.67166,47.65708],[19.67189,47.65795],[19.67162,47.6613],[19.67054,47.66782],[19.67058,47.67093],[19.67128,47.67242],[19.6727,47.67377],[19.67445,47.67468],[19.67668,47.67529],[19.6895,47.67559],[19.69166,47.6755],[19.69356,47.67523],[19.69556,47.67471],[19.69725,47.67406],[19.70836,47.66846],[19.71251,47.66686],[19.71634,47.66595],[19.71979,47.66548],[19.72433,47.66516],[19.72903,47.66513],[19.73857,47.66594],[19.79156,47.67178],[19.9452,47.68785],[19.94743,47.68827],[20.02884,47.7122],[20.05993,47.72149],[20.06432,47.72245],[20.06797,47.72284],[20.22478,47.72911],[20.22865,47.72943],[20.26969,47.7368],[20.27402,47.73744],[20.39062,47.74651],[20.39668,47.74759],[20.41951,47.75226],[20.44756,47.75773],[20.49042,47.76653],[20.49883,47.76924],[20.57963,47.80212],[20.58966,47.80635],[20.70653,47.86308],[20.80128,47.90879],[20.80424,47.91063],[20.80635,47.91252],[20.8299,47.93879],[20.83131,47.94074],[20.83226,47.94275],[20.83314,47.9471],[20.84147,47.99863],[20.84234,48.00493],[20.84217,48.00643],[20.84177,48.00779],[20.83953,48.01206],[20.79891,48.08282],[20.79858,48.08433],[20.7987,48.08552],[20.80125,48.0928],[20.80157,48.09492],[20.80198,48.09595],[20.80288,48.0968],[20.8041,48.09721],[20.8177,48.09924],[20.82083,48.09948],[20.82332,48.09942],[20.82515,48.09965],[20.82791,48.09945],[20.83004,48.09902],[20.83161,48.09839],[20.8459,48.08984],[20.84901,48.08841],[20.85265,48.08722],[20.8718,48.08217],[20.87415,48.08183],[20.876,48.08184],[20.8777,48.08204],[20.88046,48.08271],[20.8827,48.08335],[20.88429,48.084],[20.886,48.08498],[20.88753,48.08629],[20.88872,48.08788],[20.89941,48.11171],[20.90958,48.12453],[20.91029,48.12569],[20.91107,48.12754],[20.93537,48.19455],[20.93607,48.19607],[20.93665,48.19687],[20.94057,48.2007],[20.98346,48.24016],[20.98586,48.24224],[20.99205,48.24688],[21.04605,48.28591],[21.04821,48.28698],[21.09238,48.30593],[21.09453,48.30701],[21.09715,48.30907],[21.12687,48.33577],[21.12787,48.33707],[21.12848,48.33825],[21.14604,48.37546],[21.14668,48.37649],[21.17375,48.40799],[21.17552,48.41041],[21.18709,48.4334],[21.20221,48.46795],[21.20668,48.47451],[21.2079,48.478],[21.20834,48.47886],[21.21984,48.49603],[21.23464,48.5146],[21.23635,48.51644],[21.23905,48.51808],[21.24234,48.51933],[21.25917,48.52697],[21.2614,48.52852],[21.27349,48.53972],[21.27455,48.54127],[21.28051,48.55368],[21.28376,48.56206],[21.28451,48.56359],[21.28551,48.56484],[21.31035,48.59174],[21.31107,48.59325],[21.31325,48.60216],[21.31321,48.60352],[21.31283,48.60485],[21.31117,48.60768],[21.2966,48.62815],[21.28735,48.64762],[21.27978,48.66918],[21.27773,48.67554],[21.27309,48.68838],[21.27182,48.69153],[21.26957,48.69553],[21.26939,48.69653],[21.26949,48.69735],[21.27052,48.69967],[21.27186,48.7019],[21.27548,48.7068],[21.27598,48.70784],[21.27614,48.7087],[21.27511,48.71156],[21.27243,48.71688],[21.27071,48.7212],[21.26971,48.7232],[21.26925,48.72494],[21.26829,48.72685],[21.26884,48.72615],[21.26997,48.72526],[21.26884,48.72615],[21.26829,48.72685],[21.26781,48.72796],[21.26794,48.72901],[21.26769,48.72958],[21.26572,48.73116],[21.26324,48.73387],[21.26352,48.73324],[21.26307,48.73407],[21.26258,48.73549],[21.26226,48.74167],[21.26205,48.7428],[21.26152,48.74398],[21.25699,48.75144],[21.2558,48.75303],[21.24857,48.76128],[21.24457,48.76462],[21.24359,48.76611],[21.2434,48.767],[21.24348,48.76811],[21.24471,48.77106],[21.24486,48.77228],[21.24465,48.77329],[21.24335,48.77689],[21.24325,48.77832],[21.24618,48.78958],[21.24657,48.79291],[21.2464,48.79413],[21.24589,48.79567],[21.24415,48.7983],[21.24278,48.79994],[21.23677,48.80477],[21.23535,48.80655],[21.23491,48.80761],[21.23471,48.8087],[21.234,48.81865],[21.23373,48.81956],[21.23332,48.82029],[21.232,48.8216],[21.21983,48.83033],[21.21881,48.83132],[21.21823,48.83234],[21.21799,48.83348],[21.21821,48.83482],[21.22329,48.84556],[21.22425,48.84822],[21.22425,48.84923],[21.22384,48.85115],[21.2236,48.85327],[21.22351,48.85553],[21.22314,48.85741],[21.22259,48.85875],[21.22139,48.86002],[21.22006,48.8608],[21.21831,48.86139],[21.21298,48.86199],[21.21133,48.86233],[21.20996,48.86285],[21.20711,48.8643],[21.2058,48.86472],[21.20367,48.86502],[21.20132,48.86489],[21.19899,48.8642],[21.19727,48.86317],[21.19623,48.86204],[21.19428,48.85899],[21.1933,48.85816],[21.19194,48.85743],[21.1874,48.85583],[21.18112,48.85267],[21.17889,48.85187],[21.17687,48.85144],[21.17476,48.85125],[21.17097,48.85152],[21.16525,48.85293],[21.15982,48.8539],[21.15795,48.85456],[21.15667,48.85531],[21.15542,48.85652],[21.1547,48.8579],[21.15455,48.85901],[21.15478,48.86176],[21.15423,48.86324],[21.15114,48.86655],[21.14839,48.86849],[21.14654,48.86937],[21.13989,48.87182],[21.12683,48.8765],[21.12217,48.87801],[21.11932,48.87833],[21.11677,48.87799],[21.11498,48.87736],[21.10788,48.87432],[21.10527,48.87364],[21.10303,48.87348],[21.0978,48.87345],[21.0948,48.87378],[21.04789,48.88646],[21.04631,48.88708],[21.04255,48.889],[21.03726,48.89061],[21.03367,48.89228],[21.0323,48.89273],[21.03054,48.89305],[21.02734,48.89332],[21.02251,48.89275],[21.02028,48.89284],[21.00652,48.89655],[20.99341,48.89877],[20.99179,48.89934],[20.99006,48.90026],[20.98875,48.90128],[20.98637,48.90357],[20.98528,48.90429],[20.98382,48.90495],[20.98136,48.90561],[20.96188,48.90904],[20.9591,48.91009],[20.95778,48.91082],[20.95464,48.913],[20.95248,48.91382],[20.95057,48.91412],[20.94877,48.9141],[20.94445,48.9131],[20.94268,48.91286],[20.9408,48.91291],[20.93914,48.91323],[20.93751,48.91385],[20.93597,48.91487],[20.93504,48.91594],[20.93233,48.92019],[20.93136,48.92105],[20.93011,48.92176],[20.92891,48.9222],[20.92735,48.92253],[20.91957,48.92328],[20.91781,48.9238],[20.91408,48.92526],[20.91213,48.92576],[20.90987,48.926],[20.90741,48.92588],[20.90506,48.92539],[20.90123,48.92386],[20.89899,48.92331],[20.88441,48.92143],[20.87953,48.92134]]}},{"type":"Feature","properties":{"name":"2008_EURO (1,614.2km)","mode":"train","distance_km":"1610.7"},"geometry":{"type":"LineString","coordinates":[[23.99392,49.8399],[23.99315,49.83876],[23.99258,49.8382],[23.99172,49.83765],[23.99054,49.8372],[23.98674,49.83645],[23.98164,49.8357],[23.97708,49.83449],[23.97524,49.83423],[23.9716,49.83433],[23.96157,49.83579],[23.95941,49.83595],[23.94974,49.83742],[23.92374,49.8381],[23.91994,49.8377],[23.91337,49.83585],[23.90861,49.83434],[23.90437,49.83332],[23.88644,49.83253],[23.88384,49.83287],[23.87404,49.83563],[23.86971,49.83663],[23.86561,49.8371],[23.86193,49.83715],[23.74446,49.82733],[23.74116,49.82724],[23.73695,49.82779],[23.69264,49.83756],[23.68555,49.83876],[23.6601,49.84259],[23.65736,49.84275],[23.65394,49.84257],[23.6514,49.84262],[23.64536,49.84323],[23.64296,49.84306],[23.64101,49.84262],[23.63997,49.84222],[23.6386,49.8415],[23.63763,49.84078],[23.63006,49.83287],[23.62936,49.83175],[23.62867,49.82986],[23.62855,49.82916],[23.62857,49.82633],[23.62878,49.82349],[23.63003,49.78413],[23.62987,49.78356],[23.62938,49.7828],[23.62854,49.78189],[23.62759,49.78118],[23.62538,49.78025],[23.62284,49.77984],[23.61043,49.77939],[23.60693,49.77953],[23.5819,49.78508],[23.57357,49.78578],[23.56887,49.78569],[23.56644,49.78592],[23.55664,49.7883],[23.53659,49.79176],[23.53331,49.79214],[23.51152,49.79319],[23.46518,49.79324],[23.44667,49.79445],[23.42583,49.79489],[23.37512,49.80085],[23.35295,49.80614],[23.35114,49.8064],[23.29913,49.80916],[23.29629,49.80983],[23.28423,49.8144],[23.28198,49.81517],[23.27953,49.81572],[23.27628,49.81593],[23.23416,49.81683],[23.22956,49.81714],[23.22517,49.81797],[23.22201,49.81889],[23.19539,49.82926],[23.19138,49.83035],[23.18723,49.83111],[23.18303,49.83156],[23.1795,49.83167],[23.1735,49.83135],[23.157,49.82887],[23.15461,49.82798],[23.15032,49.82525],[23.14836,49.82439],[23.09859,49.80826],[23.09592,49.80757],[23.09377,49.80722],[23.09021,49.80696],[23.08774,49.80701],[23.08474,49.80736],[23.08231,49.80782],[23.05313,49.81727],[23.04792,49.81818],[23.04322,49.81821],[23.03694,49.81714],[23.02133,49.81362],[22.99301,49.80434],[22.98999,49.80354],[22.98669,49.80298],[22.98196,49.80263],[22.9777,49.8028],[22.95536,49.80593],[22.95344,49.80593],[22.94907,49.80529],[22.94018,49.80284],[22.93354,49.80015],[22.92603,49.79909],[22.92312,49.79846],[22.89359,49.78841],[22.88649,49.78693],[22.88104,49.78517],[22.87895,49.78467],[22.87643,49.78437],[22.87401,49.78436],[22.8565,49.78573],[22.84692,49.78532],[22.84448,49.78585],[22.84325,49.78637],[22.84222,49.78702],[22.83204,49.79607],[22.83033,49.7973],[22.82057,49.80193],[22.81849,49.80316],[22.81705,49.80442],[22.81224,49.80991],[22.81154,49.81106],[22.81126,49.81213],[22.81135,49.81331],[22.81191,49.81457],[22.81275,49.81555],[22.81399,49.81646],[22.81685,49.8176],[22.82179,49.81885],[22.82361,49.81945],[22.83067,49.82324],[22.832,49.82434],[22.83359,49.82697],[22.8379,49.83337],[22.83975,49.83568],[22.84286,49.84018],[22.84589,49.84318],[22.84795,49.84631],[22.86217,49.87157],[22.86264,49.87247],[22.86302,49.87388],[22.86307,49.87531],[22.86254,49.87716],[22.83724,49.93298],[22.836,49.93543],[22.83437,49.93698],[22.83261,49.93812],[22.83142,49.93862],[22.82091,49.94219],[22.76226,49.96129],[22.75837,49.96284],[22.74219,49.97144],[22.7403,49.97264],[22.70189,50.00391],[22.70023,50.00477],[22.69328,50.00774],[22.69087,50.00858],[22.66788,50.01206],[22.65882,50.01467],[22.65644,50.01561],[22.65424,50.017],[22.60191,50.05479],[22.60011,50.05585],[22.59814,50.05671],[22.59515,50.05756],[22.57789,50.06097],[22.536,50.06802],[22.53217,50.06809],[22.52957,50.06791],[22.52158,50.06666],[22.51476,50.06629],[22.49639,50.06783],[22.49449,50.06845],[22.49223,50.07032],[22.48916,50.07244],[22.48781,50.07314],[22.48618,50.0737],[22.45442,50.07972],[22.45116,50.08019],[22.38803,50.08366],[22.3654,50.08349],[22.34645,50.08362],[22.27427,50.08347],[22.27127,50.08333],[22.25648,50.08182],[22.25345,50.08164],[22.18762,50.08176],[22.18522,50.08144],[22.12277,50.0691],[22.11167,50.06676],[22.10582,50.06579],[22.04123,50.05298],[22.03799,50.05259],[22.02713,50.05238],[22.02495,50.05214],[22.02285,50.05145],[22.02118,50.05042],[22.0204,50.04963],[22.01712,50.0451],[22.01649,50.04452],[22.01562,50.04406],[22.01443,50.04372],[22.01151,50.0433],[22.00277,50.04296],[21.99873,50.04319],[21.99722,50.04384],[21.99633,50.04478],[21.99257,50.06],[21.99208,50.06117],[21.99124,50.06241],[21.98986,50.06373],[21.97519,50.07503],[21.97161,50.07687],[21.96952,50.07759],[21.967,50.07821],[21.94883,50.08076],[21.94494,50.08113],[21.94036,50.08098],[21.91488,50.07823],[21.91164,50.078],[21.83507,50.07864],[21.83159,50.07854],[21.82779,50.07798],[21.80699,50.07333],[21.80482,50.07304],[21.79772,50.07251],[21.79501,50.07207],[21.79207,50.07131],[21.78541,50.06897],[21.77647,50.06725],[21.76074,50.06282],[21.75798,50.06225],[21.7537,50.06194],[21.74884,50.06232],[21.74514,50.06318],[21.73076,50.06918],[21.72786,50.07014],[21.71532,50.07244],[21.70877,50.07418],[21.70567,50.07467],[21.68832,50.07564],[21.66693,50.07643],[21.64702,50.07419],[21.64288,50.07407],[21.63969,50.07433],[21.63783,50.07467],[21.62494,50.07812],[21.62214,50.07862],[21.60734,50.07975],[21.58894,50.07933],[21.58196,50.07869],[21.41925,50.05879],[21.41655,50.05826],[21.41405,50.05752],[21.38552,50.04722],[21.38273,50.04664],[21.38058,50.04638],[21.3696,50.04561],[21.31663,50.04625],[21.31178,50.04663],[21.26622,50.05326],[21.26394,50.0538],[21.26113,50.05479],[21.24691,50.06121],[21.24349,50.06236],[21.22756,50.06542],[21.2206,50.06599],[21.21666,50.06603],[21.21284,50.06558],[21.1481,50.05251],[21.1443,50.05122],[21.12756,50.04416],[21.12351,50.04296],[21.05706,50.03303],[21.05373,50.03234],[21.05113,50.0315],[21.04844,50.03029],[21.03115,50.02056],[21.00839,50.01032],[21.00319,50.00778],[20.99904,50.00622],[20.99683,50.00568],[20.99384,50.00523],[20.99035,50.00507],[20.97864,50.0052],[20.93746,50.00623],[20.87275,50.0075],[20.85829,50.00755],[20.71255,50.00307],[20.70481,50.00248],[20.70052,50.00158],[20.67461,49.9922],[20.67136,49.9913],[20.66723,49.99069],[20.62131,49.987],[20.6149,49.98664],[20.59826,49.98752],[20.53015,49.98664],[20.52763,49.98642],[20.46286,49.9779],[20.45919,49.97774],[20.44194,49.97747],[20.43464,49.97754],[20.41291,49.97709],[20.40934,49.9774],[20.40625,49.97801],[20.35055,49.99304],[20.31011,50.0002],[20.30362,50.00148],[20.25259,50.0102],[20.24875,50.01045],[20.20727,50.01066],[20.20361,50.01083],[20.19987,50.01144],[20.16381,50.0192],[20.1609,50.01965],[20.158,50.01985],[20.14031,50.01956],[20.0609,50.01763],[20.05514,50.01773],[20.05134,50.01822],[20.0459,50.01951],[20.03286,50.02139],[20.02276,50.02333],[20.01676,50.02389],[20.00289,50.02618],[19.99984,50.02746],[19.98263,50.03136],[19.98093,50.03201],[19.97427,50.03681],[19.97128,50.03825],[19.96889,50.03985],[19.95088,50.05307],[19.94908,50.05499],[19.94843,50.05617],[19.94807,50.05739],[19.9476,50.06469],[19.94783,50.06683],[19.94773,50.0693],[19.94715,50.0713],[19.9459,50.07357],[19.94463,50.07494],[19.94167,50.07722],[19.93784,50.07922],[19.93379,50.08026],[19.92991,50.08072],[19.92726,50.08141],[19.92603,50.08157],[19.89535,50.08273],[19.89137,50.08261],[19.88819,50.08289],[19.8846,50.08298],[19.87227,50.08253],[19.86809,50.08256],[19.86299,50.08311],[19.85679,50.08451],[19.85376,50.08562],[19.85078,50.08717],[19.83332,50.09823],[19.81636,50.1111],[19.81283,50.11325],[19.81063,50.11425],[19.80746,50.11536],[19.7895,50.12048],[19.78607,50.12123],[19.76966,50.12353],[19.76618,50.12381],[19.76325,50.12381],[19.75974,50.12354],[19.74815,50.12185],[19.73996,50.12172],[19.73712,50.1215],[19.72051,50.11895],[19.71657,50.1188],[19.71055,50.11932],[19.70776,50.11984],[19.70508,50.12055],[19.70201,50.12168],[19.69091,50.12649],[19.68806,50.12747],[19.68524,50.12819],[19.6806,50.12886],[19.6628,50.13063],[19.65912,50.1308],[19.64551,50.13046],[19.6329,50.13105],[19.62523,50.1311],[19.62157,50.13071],[19.61094,50.12856],[19.60534,50.12818],[19.60233,50.12829],[19.58143,50.13017],[19.57808,50.13064],[19.57387,50.13167],[19.57093,50.13274],[19.56009,50.13745],[19.55659,50.13857],[19.55366,50.13922],[19.54849,50.14005],[19.54477,50.1404],[19.51914,50.14047],[19.51366,50.14096],[19.50997,50.1417],[19.49761,50.14502],[19.45693,50.1529],[19.4531,50.15394],[19.44683,50.15617],[19.44181,50.15752],[19.43906,50.1579],[19.43557,50.15801],[19.4325,50.1578],[19.4293,50.15726],[19.4264,50.15646],[19.42422,50.15562],[19.42159,50.15427],[19.41985,50.1531],[19.41798,50.15143],[19.41663,50.14977],[19.41573,50.1482],[19.41413,50.14453],[19.41252,50.14269],[19.40292,50.1363],[19.39365,50.13042],[19.39195,50.1297],[19.38956,50.12911],[19.3839,50.12867],[19.38231,50.12838],[19.35418,50.12053],[19.35256,50.11984],[19.3511,50.11901],[19.34271,50.11295],[19.34129,50.11221],[19.33976,50.1117],[19.33659,50.11127],[19.33354,50.11151],[19.30909,50.11695],[19.29545,50.11946],[19.29305,50.11975],[19.29002,50.11972],[19.28661,50.1191],[19.27802,50.11617],[19.27578,50.11509],[19.25764,50.10235],[19.25539,50.10067],[19.25456,50.09987],[19.25329,50.0979],[19.24091,50.07124],[19.24033,50.07022],[19.23922,50.06892],[19.23792,50.06784],[19.19901,50.04111],[19.19471,50.03805],[19.19329,50.03677],[19.19263,50.03595],[19.1864,50.02583],[19.18447,50.02241],[19.17473,50.00655],[19.17377,50.00518],[19.17245,50.00381],[19.16989,50.00195],[19.16714,50.0006],[19.15208,49.99485],[19.14937,49.99362],[19.13905,49.98966],[19.13626,49.98818],[19.13383,49.98614],[19.13239,49.98438],[19.13134,49.98232],[19.12832,49.97209],[19.124,49.95594],[19.12303,49.95418],[19.12154,49.95265],[19.11955,49.95134],[19.11711,49.95029],[19.03603,49.91993],[19.03067,49.91845],[19.02605,49.91758],[19.01412,49.91609],[18.97457,49.91173],[18.81588,49.89357],[18.67346,49.87707],[18.65985,49.87639],[18.65648,49.87662],[18.65311,49.87752],[18.64027,49.88258],[18.63846,49.88289],[18.63706,49.88284],[18.63529,49.8824],[18.63386,49.88159],[18.63333,49.88108],[18.63283,49.88022],[18.63274,49.879],[18.63312,49.87811],[18.63384,49.87731],[18.63753,49.87471],[18.63826,49.87401],[18.63877,49.87291],[18.63876,49.87198],[18.63857,49.87146],[18.63738,49.87018],[18.63589,49.86948],[18.63455,49.86918],[18.63065,49.86878],[18.6286,49.86901],[18.62657,49.86962],[18.61841,49.87286],[18.61675,49.87331],[18.61144,49.87372],[18.60701,49.87387],[18.60068,49.87454],[18.59694,49.87519],[18.5938,49.87604],[18.57201,49.8837],[18.56838,49.8854],[18.55996,49.8901],[18.55647,49.89178],[18.54446,49.89577],[18.54255,49.89623],[18.52157,49.89857],[18.51736,49.8987],[18.5137,49.89837],[18.48732,49.89382],[18.48498,49.89361],[18.48241,49.89364],[18.47908,49.89416],[18.47577,49.89528],[18.46357,49.90177],[18.45573,49.90554],[18.43979,49.91147],[18.43778,49.91206],[18.43555,49.91248],[18.43148,49.91271],[18.38744,49.91208],[18.38377,49.91167],[18.3779,49.91007],[18.37456,49.90869],[18.36721,49.9049],[18.27476,49.85578],[18.26972,49.8533],[18.25952,49.84767],[18.25738,49.84682],[18.23547,49.83513],[18.23105,49.8332],[18.21646,49.82854],[18.21415,49.82734],[18.21279,49.82615],[18.21197,49.8249],[18.20877,49.81788],[18.20674,49.81401],[18.1913,49.78144],[18.18978,49.77862],[18.18886,49.77745],[18.18718,49.77582],[18.166,49.75819],[18.16324,49.75622],[18.13919,49.74217],[18.1372,49.74117],[18.13404,49.74014],[18.11,49.73408],[18.10758,49.7333],[18.10575,49.73246],[18.10295,49.73052],[18.08102,49.71218],[18.07918,49.71088],[18.07773,49.71014],[18.07629,49.70958],[18.07373,49.70888],[18.06362,49.70716],[18.05766,49.7059],[18.05145,49.70483],[18.04693,49.70354],[18.04176,49.70116],[18.01425,49.68724],[18.01106,49.6861],[17.98509,49.67793],[17.98221,49.67674],[17.97969,49.67529],[17.97805,49.67405],[17.9465,49.64691],[17.94439,49.64527],[17.94103,49.64335],[17.91881,49.63312],[17.91608,49.63137],[17.91413,49.62958],[17.89461,49.6066],[17.89322,49.60466],[17.89278,49.60309],[17.89288,49.60163],[17.89532,49.59579],[17.89553,49.59479],[17.89547,49.59358],[17.89344,49.58471],[17.89304,49.58349],[17.89232,49.58235],[17.89137,49.58139],[17.88907,49.57996],[17.88174,49.577],[17.87722,49.57568],[17.8687,49.57409],[17.86487,49.57377],[17.86166,49.57378],[17.84983,49.57491],[17.81275,49.57889],[17.81105,49.57923],[17.80886,49.57991],[17.79798,49.5845],[17.79589,49.5851],[17.79367,49.58546],[17.78997,49.58548],[17.77629,49.58403],[17.76392,49.58492],[17.76,49.58464],[17.75733,49.58394],[17.7535,49.58236],[17.75203,49.58149],[17.75072,49.58024],[17.74991,49.57884],[17.74964,49.57776],[17.74964,49.57681],[17.75,49.57441],[17.74967,49.57256],[17.74861,49.57094],[17.74613,49.56862],[17.74427,49.5672],[17.74261,49.56627],[17.73872,49.56449],[17.73409,49.56284],[17.72061,49.56008],[17.70982,49.55812],[17.70661,49.55816],[17.69954,49.55921],[17.69738,49.55918],[17.69495,49.55879],[17.69222,49.5578],[17.68737,49.55489],[17.68377,49.55305],[17.66364,49.54694],[17.66161,49.54609],[17.65858,49.54446],[17.65689,49.54379],[17.65504,49.54336],[17.65065,49.54269],[17.6484,49.54208],[17.64143,49.53907],[17.63731,49.53794],[17.58147,49.53246],[17.5794,49.53212],[17.57701,49.53141],[17.57503,49.53046],[17.57129,49.52826],[17.56891,49.52733],[17.56721,49.52696],[17.5652,49.52683],[17.55018,49.52692],[17.54689,49.52645],[17.54447,49.52558],[17.52863,49.51835],[17.52675,49.51763],[17.52433,49.51713],[17.51664,49.51663],[17.51352,49.51591],[17.51167,49.51505],[17.50428,49.50997],[17.50144,49.50842],[17.49915,49.50753],[17.48211,49.50209],[17.47931,49.50073],[17.47797,49.49974],[17.45072,49.47636],[17.44918,49.47457],[17.44813,49.47276],[17.44764,49.47141],[17.44697,49.46834],[17.44595,49.46659],[17.44467,49.46538],[17.44339,49.46455],[17.43734,49.46175],[17.43583,49.46076],[17.43505,49.46001],[17.43417,49.45872],[17.4338,49.45767],[17.43372,49.45663],[17.43389,49.4555],[17.43432,49.45448],[17.43583,49.45269],[17.44196,49.44862],[17.44355,49.4474],[17.44866,49.44439],[17.4505,49.44239],[17.45078,49.44152],[17.45098,49.43997],[17.45125,49.43338],[17.45191,49.42907],[17.45515,49.35011],[17.45545,49.34808],[17.45592,49.34659],[17.45666,49.34501],[17.45752,49.34363],[17.48169,49.30881],[17.48905,49.29803],[17.49017,49.29614],[17.49087,49.29433],[17.49127,49.29186],[17.49092,49.27229],[17.49118,49.27029],[17.49187,49.26815],[17.49303,49.26597],[17.50051,49.25554],[17.50891,49.23822],[17.51034,49.23584],[17.51153,49.2344],[17.51324,49.23277],[17.52167,49.22645],[17.52295,49.22509],[17.5241,49.22343],[17.52509,49.22114],[17.52954,49.20766],[17.5299,49.20529],[17.53149,49.20027],[17.53156,49.19958],[17.53138,49.19838],[17.5308,49.19693],[17.52928,49.19501],[17.52726,49.19353],[17.52551,49.19267],[17.5235,49.19196],[17.50977,49.1881],[17.50735,49.1868],[17.5063,49.1859],[17.50535,49.18467],[17.50478,49.1833],[17.5037,49.17972],[17.50306,49.17675],[17.50317,49.17478],[17.50446,49.16517],[17.50459,49.16186],[17.50428,49.159],[17.50387,49.15658],[17.503,49.1533],[17.50237,49.15158],[17.50108,49.14907],[17.49906,49.14627],[17.49618,49.14338],[17.46271,49.11299],[17.46056,49.11086],[17.41948,49.07332],[17.41528,49.06925],[17.3804,49.03751],[17.32168,48.9836],[17.31513,48.9778],[17.3095,48.97194],[17.30816,48.97017],[17.30658,48.96769],[17.3054,48.96534],[17.29654,48.94548],[17.29493,48.94266],[17.29303,48.94031],[17.29111,48.93853],[17.28708,48.93548],[17.28466,48.93398],[17.28183,48.9325],[17.12645,48.85845],[17.12195,48.85645],[17.11152,48.8513],[17.05221,48.82282],[17.04818,48.82047],[17.04436,48.81765],[17.04197,48.81546],[17.03068,48.80399],[17.02859,48.80239],[17.02572,48.80089],[17.02356,48.80004],[17.01556,48.79755],[16.9776,48.78587],[16.97392,48.78491],[16.97107,48.78444],[16.96771,48.78417],[16.94727,48.78413],[16.94195,48.78399],[16.93796,48.78368],[16.93242,48.78283],[16.92878,48.78197],[16.92462,48.78066],[16.92013,48.77875],[16.91669,48.77689],[16.91296,48.77444],[16.90891,48.77081],[16.90202,48.76349],[16.89886,48.7598],[16.88858,48.74905],[16.86945,48.72858],[16.86758,48.72587],[16.86646,48.72298],[16.86621,48.72165],[16.86613,48.71981],[16.86633,48.71812],[16.86672,48.71663],[16.90241,48.63408],[16.90298,48.63236],[16.90333,48.63061],[16.90342,48.62812],[16.90052,48.5929],[16.90013,48.5907],[16.8961,48.54386],[16.89576,48.54142],[16.89536,48.53447],[16.89405,48.52027],[16.89345,48.51713],[16.89209,48.51328],[16.89075,48.51067],[16.88974,48.50909],[16.88784,48.50658],[16.88035,48.49783],[16.87893,48.49599],[16.85967,48.46935],[16.8591,48.46835],[16.85227,48.45883],[16.85109,48.45696],[16.84998,48.45471],[16.84899,48.4517],[16.84848,48.44825],[16.84594,48.4021],[16.84555,48.4005],[16.84483,48.39896],[16.84357,48.39722],[16.84247,48.39612],[16.8336,48.38971],[16.82646,48.38478],[16.82019,48.38117],[16.75162,48.34571],[16.74806,48.34416],[16.74424,48.34288],[16.49685,48.28811],[16.48199,48.28471],[16.48088,48.28433],[16.48012,48.28383],[16.47969,48.28333],[16.4779,48.28039],[16.47571,48.27616],[16.47423,48.27379],[16.4586,48.24153],[16.45754,48.2398],[16.4543,48.2331],[16.45202,48.22742],[16.45006,48.22346],[16.44934,48.22106],[16.4481,48.21806],[16.44793,48.21708],[16.44799,48.21622],[16.45007,48.20839],[16.45008,48.20722],[16.44978,48.20636],[16.44873,48.20507],[16.44016,48.19888],[16.43865,48.19746],[16.43338,48.18974],[16.42397,48.17533],[16.42182,48.17218],[16.42094,48.17121],[16.41988,48.17036],[16.41692,48.16851],[16.41466,48.16747],[16.41308,48.16712],[16.4115,48.16701],[16.40964,48.16717],[16.40812,48.16755],[16.40633,48.16837],[16.39545,48.17533],[16.38418,48.18344],[16.3815,48.18448],[16.3776,48.18511],[16.3815,48.18448],[16.38418,48.18344],[16.39308,48.1767],[16.40561,48.16844],[16.41282,48.16236],[16.41581,48.16035],[16.42335,48.15382],[16.4248,48.15229],[16.42575,48.15101],[16.42784,48.14932],[16.4331,48.1414],[16.43628,48.13799],[16.44208,48.12931],[16.44562,48.12352],[16.44707,48.1196],[16.44741,48.11785],[16.44758,48.1154],[16.44709,48.11133],[16.44201,48.09477],[16.44159,48.09233],[16.44164,48.0902],[16.44214,48.08789],[16.4428,48.08623],[16.44449,48.08298],[16.44826,48.07642],[16.44991,48.0741],[16.47722,48.04494],[16.48,48.04218],[16.48386,48.0391],[16.48636,48.03758],[16.49056,48.03563],[16.49385,48.03454],[16.5225,48.02812],[16.52577,48.02756],[16.52805,48.02734],[16.73884,48.02144],[16.7551,48.02059],[16.75932,48.0205],[16.78327,48.01883],[16.80592,48.01629],[16.80817,48.01588],[16.81038,48.01527],[16.81287,48.01431],[16.81514,48.01312],[16.81743,48.0115],[16.8286,48.00233],[16.83031,48.00114],[16.83275,47.99979],[16.85884,47.98927],[16.86112,47.98842],[16.86366,47.98774],[16.86796,47.98711],[16.87251,47.98694],[16.93578,47.98966],[16.93897,47.98968],[16.94278,47.98935],[16.9459,47.98879],[16.94905,47.98787],[16.96956,47.97957],[16.97377,47.97805],[16.97755,47.97696],[16.98161,47.97605],[17.03328,47.96633],[17.0365,47.96557],[17.03964,47.96462],[17.04425,47.96276],[17.12857,47.92266],[17.2191,47.87579],[17.26029,47.85429],[17.26456,47.85157],[17.28265,47.83898],[17.28717,47.83602],[17.43646,47.74952],[17.56077,47.67926],[17.567,47.67633],[17.57278,47.67436],[17.5792,47.67284],[17.58587,47.67191],[17.59283,47.6716],[17.59985,47.67195],[17.60621,47.67285],[17.61249,47.67435],[17.63126,47.6808],[17.63405,47.68158],[17.64003,47.68376],[17.64513,47.68486],[17.64676,47.68494],[17.65881,47.68466],[17.69824,47.68353],[17.70365,47.68357],[17.70999,47.68394],[17.74205,47.68802],[17.90694,47.71025],[17.91079,47.71065],[17.98761,47.71567],[17.99734,47.71658],[18.01456,47.71765],[18.02692,47.7187],[18.03093,47.71957],[18.03553,47.72097],[18.10245,47.74777],[18.10521,47.74918],[18.10746,47.74966],[18.11731,47.74916],[18.13263,47.74754],[18.1423,47.74591],[18.14533,47.74513],[18.17313,47.73654],[18.17619,47.73587],[18.18437,47.7353],[18.2172,47.73122],[18.2282,47.72964],[18.24772,47.72842],[18.25241,47.72769],[18.26435,47.72391],[18.26906,47.72188],[18.27552,47.71834],[18.28859,47.71075],[18.29001,47.70983],[18.2923,47.70781],[18.30635,47.68942],[18.32211,47.67412],[18.32447,47.67142],[18.32579,47.6694],[18.32662,47.66763],[18.3282,47.66286],[18.32898,47.66102],[18.33093,47.65796],[18.33194,47.65676],[18.33444,47.65435],[18.33594,47.6534],[18.33826,47.65261],[18.34335,47.65186],[18.34474,47.65135],[18.34598,47.65058],[18.3472,47.64905],[18.35162,47.63869],[18.35263,47.63671],[18.35384,47.63531],[18.3556,47.63374],[18.37277,47.62148],[18.37548,47.61911],[18.37812,47.61625],[18.38335,47.60815],[18.38565,47.60422],[18.38662,47.60064],[18.38667,47.59941],[18.38623,47.596],[18.38638,47.59474],[18.38691,47.5932],[18.3902,47.58823],[18.39392,47.58447],[18.39522,47.58274],[18.39671,47.58],[18.3972,47.57874],[18.39753,47.57505],[18.39784,47.57366],[18.3987,47.572],[18.40018,47.57034],[18.40252,47.56872],[18.4084,47.56591],[18.41665,47.56363],[18.41922,47.56333],[18.4331,47.56336],[18.43541,47.5632],[18.44252,47.56215],[18.44592,47.56128],[18.44957,47.55976],[18.45551,47.55616],[18.47876,47.5454],[18.48194,47.54358],[18.48402,47.54202],[18.48539,47.54078],[18.48713,47.53872],[18.48846,47.53655],[18.48955,47.53348],[18.49051,47.52872],[18.49152,47.52567],[18.49982,47.51079],[18.50147,47.5086],[18.51126,47.49863],[18.51602,47.49534],[18.51706,47.49438],[18.52171,47.48844],[18.52465,47.4865],[18.52839,47.48478],[18.53168,47.48388],[18.53693,47.48291],[18.54011,47.48253],[18.54259,47.48244],[18.54907,47.48289],[18.55485,47.48387],[18.55934,47.48428],[18.60366,47.48497],[18.60806,47.48481],[18.61899,47.48392],[18.62877,47.4836],[18.63224,47.4839],[18.63618,47.48454],[18.65279,47.4896],[18.65655,47.49043],[18.65961,47.4909],[18.70638,47.49434],[18.71111,47.49461],[18.71496,47.49465],[18.75265,47.49339],[18.75536,47.49312],[18.75724,47.49269],[18.75943,47.4919],[18.77025,47.4862],[18.77315,47.48485],[18.77521,47.48414],[18.77797,47.48349],[18.78102,47.48309],[18.783,47.48302],[18.78681,47.48329],[18.78878,47.4836],[18.79136,47.48427],[18.80406,47.48914],[18.80585,47.48963],[18.81071,47.49038],[18.81417,47.49043],[18.81696,47.49021],[18.82075,47.4897],[18.82267,47.48924],[18.82577,47.48792],[18.82764,47.48655],[18.82998,47.48448],[18.83998,47.47522],[18.84148,47.47412],[18.84293,47.4734],[18.84579,47.47241],[18.86098,47.46942],[18.86341,47.46856],[18.86566,47.46739],[18.87337,47.46206],[18.87514,47.46059],[18.87637,47.45903],[18.87999,47.45252],[18.88149,47.45074],[18.88344,47.44935],[18.88649,47.44811],[18.8895,47.44757],[18.89213,47.44754],[18.89471,47.4479],[18.89966,47.44946],[18.90259,47.44995],[18.91936,47.45005],[18.93147,47.45162],[18.93416,47.45169],[18.94881,47.45043],[18.95491,47.44951],[18.96083,47.44798],[18.96277,47.44768],[18.98787,47.44687],[18.99098,47.44721],[19.01612,47.45198],[19.0177,47.45238],[19.01914,47.45313],[19.0201,47.45415],[19.0205,47.4553],[19.01996,47.46349],[19.0211,47.47006],[19.02136,47.47069],[19.02195,47.47137],[19.02282,47.47191],[19.02391,47.47226],[19.03148,47.47313],[19.03353,47.47315],[19.05739,47.46883],[19.08115,47.46817],[19.08713,47.46847],[19.09463,47.46958],[19.10566,47.47239],[19.10947,47.47355],[19.1121,47.47463],[19.11427,47.47593],[19.11691,47.47845],[19.11759,47.47929],[19.1182,47.48043],[19.11854,47.48159],[19.1191,47.48516],[19.11905,47.48592],[19.11873,47.4866],[19.11766,47.48753],[19.11538,47.48829],[19.11343,47.48849],[19.11058,47.48819],[19.109,47.48823],[19.10728,47.48864],[19.10519,47.48956],[19.10399,47.49039],[19.10318,47.49118],[19.09832,47.49881],[19.09726,47.49967],[19.09591,47.50017],[19.09227,47.50044],[19.08398,47.50046],[19.09251,47.50043],[19.09522,47.50028],[19.0967,47.49993],[19.09776,47.49933],[19.09851,47.49859],[19.10323,47.4912],[19.10506,47.4897],[19.10658,47.48894],[19.10826,47.48839],[19.11008,47.48821],[19.11303,47.48851],[19.11441,47.48849],[19.11669,47.48797],[19.11817,47.48725],[19.11889,47.48645],[19.11919,47.48545],[19.11842,47.48093],[19.11768,47.47933],[19.11534,47.47664],[19.11661,47.47758],[19.11798,47.47812],[19.11952,47.47827],[19.12103,47.47804],[19.12238,47.47742],[19.12762,47.47364],[19.13085,47.4716],[19.13842,47.46771],[19.14113,47.46663],[19.14504,47.46543],[19.1545,47.46302],[19.15668,47.46233],[19.16605,47.46006],[19.18361,47.45475],[19.19609,47.45241],[19.19949,47.45129],[19.20304,47.44962],[19.223,47.43771],[19.22492,47.43641],[19.22789,47.4339],[19.25845,47.40646],[19.2602,47.40524],[19.2621,47.40434],[19.26426,47.40371],[19.26661,47.40333],[19.2748,47.40317],[19.27698,47.40288],[19.27925,47.40235],[19.28241,47.40119],[19.29286,47.39603],[19.29608,47.39493],[19.29878,47.39436],[19.30132,47.39407],[19.34171,47.39147],[19.35455,47.39049],[19.35764,47.38993],[19.36064,47.38876],[19.3962,47.36644],[19.4009,47.36266],[19.4105,47.35811],[19.41831,47.35567],[19.43213,47.34973],[19.43551,47.34726],[19.44,47.34199],[19.44084,47.34114],[19.4424,47.33999],[19.44498,47.33871],[19.46645,47.3294],[19.46835,47.32829],[19.47857,47.32153],[19.48786,47.31512],[19.49674,47.3109],[19.50131,47.30718],[19.50218,47.30613],[19.50433,47.30282],[19.50604,47.30121],[19.51586,47.2941],[19.52765,47.28762],[19.52894,47.28676],[19.53877,47.27774],[19.54069,47.27617],[19.54195,47.27547],[19.54379,47.27475],[19.55456,47.27236],[19.55724,47.27157],[19.55917,47.27071],[19.56113,47.26951],[19.56278,47.2681],[19.56373,47.26699],[19.56644,47.26179],[19.56769,47.2602],[19.5694,47.25877],[19.57523,47.25527],[19.57687,47.25454],[19.59872,47.24652],[19.60055,47.24548],[19.60207,47.24431],[19.61015,47.23709],[19.61447,47.23441],[19.6172,47.23307],[19.6574,47.21644],[19.6623,47.21408],[19.6641,47.21347],[19.66626,47.21304],[19.68255,47.21147],[19.68507,47.21101],[19.70301,47.20484],[19.70551,47.20412],[19.7097,47.20357],[19.71382,47.20376],[19.71747,47.20454],[19.72395,47.20715],[19.72729,47.20799],[19.73189,47.20835],[19.73515,47.20797],[19.73822,47.20708],[19.79198,47.18671],[19.79607,47.18552],[19.81154,47.18152],[19.81616,47.18052],[19.81897,47.18021],[19.85366,47.17944],[19.85723,47.17965],[19.88949,47.18273],[19.90997,47.18231],[19.92624,47.18224],[19.9302,47.18188],[19.94382,47.17979],[19.96093,47.17854],[19.9962,47.17317],[20.00215,47.17261],[20.0095,47.17245],[20.01321,47.17267],[20.04658,47.17777],[20.05216,47.17824],[20.05497,47.17822],[20.12749,47.17378],[20.13084,47.17372],[20.13274,47.17395],[20.13459,47.17469],[20.13574,47.17585],[20.13645,47.17728],[20.13725,47.17817],[20.13836,47.17883],[20.14015,47.17941],[20.14517,47.18013],[20.14815,47.18032],[20.1607,47.18185],[20.16504,47.18192],[20.17503,47.18342],[20.17939,47.18497],[20.18219,47.18548],[20.18631,47.18715],[20.18838,47.18766],[20.19313,47.18805],[20.20537,47.18832],[20.21038,47.18786],[20.2132,47.18729],[20.24332,47.17873],[20.24555,47.17816],[20.24976,47.17738],[20.2807,47.17267],[20.28917,47.17121],[20.298,47.17001],[20.32356,47.1661],[20.3288,47.16546],[20.33297,47.16535],[20.39456,47.16706],[20.39927,47.16752],[20.54194,47.1917],[20.72298,47.22205],[20.72856,47.22282],[20.73625,47.22348],[20.74986,47.22403],[20.76891,47.22443],[20.77306,47.22481],[20.77714,47.2255],[20.78037,47.2263],[20.78347,47.22727],[20.78817,47.22926],[20.91746,47.29718],[20.93725,47.30724],[20.93955,47.30818],[20.94205,47.30895],[20.94683,47.30962],[20.99398,47.31449],[21.15634,47.33082],[21.16576,47.33237],[21.17111,47.3336],[21.1786,47.33586],[21.18484,47.33826],[21.18864,47.33998],[21.23019,47.35687],[21.26469,47.37116],[21.49524,47.46537],[21.61028,47.51213],[21.6338,47.52152],[21.63942,47.52402],[21.64325,47.52651],[21.64428,47.52749],[21.64519,47.52868],[21.64577,47.5298],[21.64616,47.53112],[21.65472,47.578],[21.65477,47.57898],[21.65543,47.58262],[21.65634,47.58686],[21.66881,47.6553],[21.66953,47.65766],[21.67788,47.68071],[21.68023,47.69007],[21.68144,47.69638],[21.6813,47.69941],[21.68089,47.70173],[21.68072,47.7039],[21.68097,47.70543],[21.68527,47.71541],[21.68606,47.71795],[21.68982,47.74138],[21.69146,47.7526],[21.69257,47.76587],[21.69293,47.76743],[21.6974,47.78184],[21.69806,47.78563],[21.69878,47.78853],[21.69943,47.79028],[21.7036,47.79745],[21.70569,47.80156],[21.70664,47.80473],[21.70695,47.80726],[21.7068,47.81166],[21.70446,47.85284],[21.70451,47.85426],[21.70519,47.85738],[21.71298,47.88065],[21.71347,47.8828],[21.7169,47.89268],[21.71741,47.89496],[21.7169,47.90476],[21.71526,47.9292],[21.71487,47.93092],[21.71404,47.9331],[21.70887,47.94131],[21.69972,47.95453],[21.69869,47.95582],[21.696,47.9581],[21.69462,47.95977],[21.69397,47.96103],[21.69371,47.9625],[21.69376,47.96386],[21.69455,47.96591],[21.69513,47.96671],[21.69717,47.96873],[21.71573,47.98536],[21.73164,47.99923],[21.74382,48.01293],[21.75194,48.0224],[21.77631,48.05327],[21.77859,48.05551],[21.78113,48.05747],[21.78517,48.05968],[21.78937,48.0613],[21.85559,48.08258],[21.86402,48.08555],[21.91328,48.10444],[21.91956,48.10701],[21.92692,48.11153],[21.94184,48.12134],[22.00775,48.16603],[22.01873,48.17174],[22.05313,48.18889],[22.05535,48.19044],[22.08424,48.21285],[22.08517,48.21377],[22.08697,48.21605],[22.08777,48.21737],[22.0882,48.21862],[22.08921,48.22296],[22.08996,48.2249],[22.0964,48.23579],[22.09954,48.24125],[22.09999,48.24229],[22.10553,48.26134],[22.10744,48.26719],[22.11093,48.28004],[22.12196,48.3177],[22.14197,48.36788],[22.14278,48.36918],[22.14462,48.37106],[22.17903,48.39781],[22.18547,48.40304],[22.18768,48.4054],[22.18839,48.40638],[22.18881,48.40746],[22.1891,48.40935],[22.18881,48.4107],[22.18794,48.41207],[22.18392,48.41616],[22.18256,48.41782],[22.18168,48.41935],[22.18155,48.42],[22.18163,48.42075],[22.18213,48.42173],[22.18307,48.42258],[22.18932,48.42527],[22.19132,48.4266],[22.19281,48.42837],[22.19396,48.4309],[22.19461,48.43167],[22.19526,48.43215],[22.19679,48.43281],[22.19841,48.43307],[22.2032,48.43254],[22.20005,48.43297],[22.21094,48.43234],[22.21278,48.43203],[22.22118,48.43118],[22.22725,48.43007],[22.23172,48.42971],[22.23533,48.42895],[22.25093,48.4242],[22.25351,48.42323],[22.28162,48.4097],[22.30013,48.40121],[22.30836,48.39769],[22.34219,48.38171],[22.37045,48.3704],[22.37258,48.36932],[22.38968,48.35946],[22.39347,48.35751],[22.39981,48.35387],[22.40115,48.35334],[22.4033,48.35287],[22.40575,48.3526],[22.41248,48.35226],[22.41642,48.35256],[22.42254,48.35385],[22.42949,48.35477],[22.44624,48.35852],[22.45337,48.35982],[22.48907,48.36788],[22.49505,48.36946],[22.50468,48.37166],[22.50771,48.3722],[22.53173,48.37772],[22.55341,48.38394],[22.55792,48.38507],[22.57314,48.38944],[22.57613,48.39048],[22.67362,48.41841],[22.68678,48.42199],[22.71549,48.43017],[22.7217,48.43216],[22.7273,48.43374],[22.72974,48.43482],[22.73153,48.43621],[22.74938,48.45634],[22.75102,48.458],[22.75297,48.45923],[22.75867,48.46166],[22.76495,48.46386],[22.82598,48.4868],[22.82769,48.48731],[22.84065,48.48998],[22.84237,48.49054],[22.85165,48.4943],[22.85278,48.49524],[22.85337,48.49619],[22.8543,48.50534],[22.85467,48.50635],[22.85578,48.5076],[22.86963,48.51792],[22.87231,48.5197],[22.8817,48.52452],[22.8835,48.52514],[22.88911,48.52652],[22.89053,48.52712],[22.89171,48.52816],[22.89413,48.532],[22.89503,48.53281],[22.89632,48.53353],[22.89798,48.53407],[22.90088,48.53472],[22.90841,48.53498],[22.91019,48.53494],[22.92087,48.5337],[22.92345,48.53377],[22.92541,48.53422],[22.92714,48.53501],[22.92847,48.536],[22.94365,48.55033],[22.94517,48.55122],[22.947,48.55182],[22.94891,48.55209],[22.95028,48.55211],[22.96974,48.55013],[22.97242,48.54998],[22.97509,48.55015],[22.97995,48.55098],[22.98316,48.55133],[23.01664,48.55405],[23.01906,48.55486],[23.02888,48.56007],[23.04415,48.56535],[23.05333,48.56696],[23.05448,48.56742],[23.05933,48.57007],[23.06076,48.57115],[23.06354,48.57397],[23.07034,48.57805],[23.07298,48.57985],[23.07367,48.58087],[23.07458,48.58431],[23.07516,48.58507],[23.07631,48.58576],[23.0787,48.58645],[23.07986,48.58696],[23.08098,48.58824],[23.08112,48.58877],[23.08104,48.58944],[23.07958,48.59146],[23.07946,48.5925],[23.0808,48.59648],[23.08338,48.60786],[23.08428,48.60961],[23.08838,48.61445],[23.08918,48.61716],[23.09077,48.61913],[23.09118,48.61989],[23.09174,48.62211],[23.09187,48.62309],[23.09171,48.62401],[23.09052,48.62611],[23.09003,48.62741],[23.08976,48.63234],[23.08993,48.6333],[23.0907,48.63427],[23.09181,48.63489],[23.09352,48.63516],[23.09678,48.63502],[23.09805,48.6354],[23.09906,48.63619],[23.09937,48.63689],[23.09932,48.63784],[23.09878,48.63872],[23.09727,48.64008],[23.09696,48.64076],[23.09701,48.64164],[23.09876,48.64532],[23.10102,48.64927],[23.10169,48.64997],[23.10421,48.65165],[23.10462,48.65208],[23.10497,48.65283],[23.10486,48.65402],[23.10441,48.65466],[23.10288,48.65607],[23.10249,48.65686],[23.1024,48.65742],[23.1027,48.6583],[23.10374,48.65949],[23.10413,48.66034],[23.10405,48.66138],[23.10325,48.66291],[23.10331,48.66393],[23.1044,48.66597],[23.10628,48.66812],[23.10673,48.66895],[23.10667,48.66966],[23.10552,48.67178],[23.10532,48.67259],[23.10618,48.67783],[23.10508,48.68333],[23.10543,48.68429],[23.10603,48.68492],[23.10743,48.68557],[23.11075,48.68612],[23.11457,48.68767],[23.11829,48.68765],[23.11949,48.68794],[23.12023,48.68832],[23.12279,48.69103],[23.12566,48.69259],[23.12648,48.69346],[23.1267,48.6945],[23.12573,48.69684],[23.12589,48.69769],[23.12654,48.69849],[23.12847,48.69969],[23.1303,48.7013],[23.13766,48.70407],[23.13844,48.70451],[23.14119,48.70676],[23.14382,48.7081],[23.1456,48.70875],[23.15806,48.71047],[23.16055,48.71067],[23.16435,48.71186],[23.17064,48.71194],[23.17157,48.7122],[23.17422,48.71352],[23.17585,48.71384],[23.17956,48.71402],[23.19159,48.71302],[23.19275,48.71315],[23.19563,48.71398],[23.20098,48.714],[23.20252,48.71438],[23.20503,48.71561],[23.21361,48.71774],[23.21832,48.71823],[23.2277,48.71749],[23.23526,48.71742],[23.2364,48.71702],[23.23716,48.71649],[23.23761,48.71592],[23.2385,48.71401],[23.23914,48.71336],[23.23988,48.71293],[23.24086,48.71267],[23.24262,48.71263],[23.244,48.71303],[23.24478,48.71351],[23.24537,48.71417],[23.24614,48.71606],[23.24679,48.71665],[23.24751,48.71702],[23.24878,48.71734],[23.25121,48.71749],[23.25228,48.71771],[23.25553,48.71907],[23.25849,48.71959],[23.26023,48.72035],[23.26121,48.72131],[23.26186,48.72286],[23.26324,48.72488],[23.26348,48.72544],[23.26374,48.72694],[23.26419,48.72767],[23.26758,48.73001],[23.27003,48.73142],[23.27203,48.73197],[23.27461,48.73303],[23.27619,48.73319],[23.27843,48.7328],[23.28086,48.73197],[23.28359,48.7316],[23.2876,48.73028],[23.28981,48.73004],[23.29146,48.73043],[23.29231,48.73098],[23.29285,48.73174],[23.29292,48.73254],[23.29243,48.73348],[23.2916,48.73401],[23.2907,48.7343],[23.287,48.73457],[23.28428,48.73544],[23.28344,48.73612],[23.28296,48.73686],[23.28289,48.73733],[23.28312,48.73809],[23.28417,48.73888],[23.28502,48.73927],[23.2861,48.73947],[23.28912,48.73964],[23.29023,48.74],[23.2915,48.74071],[23.29216,48.74142],[23.29273,48.74332],[23.29371,48.74428],[23.29505,48.74486],[23.29768,48.74534],[23.29941,48.74639],[23.29994,48.74716],[23.30039,48.74893],[23.30223,48.75095],[23.30317,48.7516],[23.32589,48.76126],[23.3265,48.76165],[23.3292,48.76427],[23.32999,48.76485],[23.33088,48.76528],[23.33306,48.76593],[23.3341,48.76668],[23.33443,48.76726],[23.33444,48.76792],[23.33342,48.76969],[23.33326,48.77061],[23.3336,48.77162],[23.33488,48.77285],[23.33537,48.77379],[23.33527,48.7746],[23.33438,48.77622],[23.33424,48.77692],[23.33451,48.77776],[23.33539,48.77928],[23.33539,48.78007],[23.3351,48.78075],[23.33438,48.78146],[23.3318,48.78251],[23.33088,48.78314],[23.33048,48.78366],[23.33033,48.78415],[23.3305,48.78524],[23.33099,48.78588],[23.33197,48.78655],[23.33445,48.78784],[23.3358,48.78819],[23.33784,48.78809],[23.34095,48.78697],[23.34234,48.78693],[23.34366,48.78727],[23.34573,48.7884],[23.34781,48.78904],[23.3487,48.78949],[23.35186,48.79171],[23.35302,48.79323],[23.35523,48.79512],[23.35843,48.79928],[23.35871,48.79974],[23.35887,48.80051],[23.3588,48.80098],[23.35846,48.80157],[23.35601,48.80328],[23.35476,48.80502],[23.35462,48.80588],[23.35502,48.80718],[23.35566,48.80824],[23.36116,48.81445],[23.36486,48.81679],[23.36543,48.81735],[23.36577,48.81817],[23.3661,48.82053],[23.36658,48.8212],[23.36788,48.82214],[23.36851,48.8228],[23.36896,48.82502],[23.36924,48.82551],[23.36988,48.82609],[23.37076,48.82653],[23.37318,48.82713],[23.37469,48.82712],[23.37748,48.82632],[23.37885,48.82623],[23.38377,48.82741],[23.38533,48.82821],[23.38579,48.82875],[23.38659,48.83036],[23.38749,48.83105],[23.38813,48.83133],[23.39064,48.83186],[23.39346,48.83176],[23.39494,48.83205],[23.39597,48.83258],[23.39769,48.83409],[23.39923,48.83468],[23.4024,48.83487],[23.40514,48.83456],[23.40706,48.83497],[23.40787,48.83542],[23.40848,48.83602],[23.40899,48.83738],[23.40955,48.83815],[23.4104,48.83868],[23.41148,48.83906],[23.4131,48.83924],[23.41736,48.83902],[23.41925,48.83917],[23.42104,48.8396],[23.4262,48.8414],[23.42706,48.84155],[23.42845,48.84153],[23.4311,48.84115],[23.43306,48.84136],[23.43421,48.84188],[23.44016,48.8454],[23.44623,48.84978],[23.45008,48.85231],[23.45115,48.85284],[23.45264,48.85321],[23.45384,48.85325],[23.45763,48.85241],[23.45964,48.8523],[23.4615,48.85265],[23.46325,48.85356],[23.46605,48.85636],[23.46673,48.85725],[23.46715,48.85825],[23.46729,48.85905],[23.46707,48.86174],[23.46719,48.86255],[23.46776,48.86361],[23.46947,48.86573],[23.47122,48.86885],[23.47555,48.87264],[23.47788,48.87393],[23.48008,48.87562],[23.48222,48.8768],[23.48367,48.87829],[23.48434,48.87934],[23.48432,48.88026],[23.48353,48.88213],[23.48309,48.88434],[23.48259,48.88526],[23.47891,48.8897],[23.47775,48.89035],[23.47541,48.89121],[23.4747,48.89169],[23.47419,48.89233],[23.47361,48.89445],[23.47247,48.89642],[23.47217,48.89842],[23.47106,48.90104],[23.47098,48.90222],[23.4712,48.9029],[23.47161,48.9035],[23.47519,48.90624],[23.4759,48.90731],[23.47631,48.90854],[23.47639,48.90936],[23.47545,48.91242],[23.47532,48.9133],[23.47568,48.91622],[23.47625,48.91784],[23.47766,48.91962],[23.48205,48.92413],[23.4827,48.92533],[23.48284,48.92637],[23.48246,48.92865],[23.48343,48.93558],[23.48368,48.93637],[23.48455,48.93746],[23.48514,48.93792],[23.49099,48.9408],[23.49156,48.94143],[23.49177,48.94221],[23.49124,48.94564],[23.49068,48.94652],[23.48981,48.94712],[23.48849,48.94754],[23.47939,48.94901],[23.47807,48.94955],[23.47745,48.95005],[23.47686,48.95084],[23.47668,48.95193],[23.47705,48.95283],[23.48128,48.95739],[23.48204,48.95853],[23.48227,48.95917],[23.48229,48.96043],[23.48137,48.96435],[23.48157,48.9671],[23.48038,48.96943],[23.47933,48.97029],[23.47799,48.97075],[23.47382,48.97121],[23.47297,48.97156],[23.47208,48.97228],[23.47164,48.97321],[23.4714,48.97449],[23.46933,48.98157],[23.46707,48.98595],[23.46681,48.98673],[23.4673,48.99579],[23.46779,48.99679],[23.4698,48.99908],[23.47006,48.99976],[23.46999,49.00071],[23.46951,49.00226],[23.46954,49.00286],[23.4701,49.00379],[23.47295,49.00712],[23.47651,49.01029],[23.47672,49.01099],[23.47672,49.01357],[23.47743,49.015],[23.47969,49.01709],[23.48071,49.01775],[23.48179,49.0182],[23.49434,49.02067],[23.49551,49.02103],[23.49633,49.02151],[23.49694,49.02223],[23.49757,49.02472],[23.49808,49.02549],[23.49891,49.02606],[23.50188,49.02722],[23.50297,49.02818],[23.50385,49.03089],[23.50573,49.03801],[23.50626,49.03901],[23.50701,49.03997],[23.50817,49.04101],[23.51163,49.04273],[23.52396,49.04802],[23.52941,49.05139],[23.53097,49.05188],[23.53462,49.05255],[23.54032,49.05498],[23.58101,49.07902],[23.58235,49.08023],[23.58355,49.08191],[23.59157,49.09911],[23.59245,49.10071],[23.59325,49.10166],[23.5946,49.10253],[23.59925,49.10424],[23.60215,49.10457],[23.60374,49.10442],[23.61459,49.10216],[23.61714,49.1018],[23.63306,49.10179],[23.63607,49.10198],[23.63823,49.10249],[23.63995,49.10315],[23.66587,49.11424],[23.66782,49.11541],[23.66939,49.1169],[23.67027,49.11818],[23.67545,49.12931],[23.67634,49.13065],[23.68964,49.14304],[23.69124,49.14472],[23.74257,49.21058],[23.74345,49.21153],[23.74489,49.21247],[23.74795,49.21396],[23.80575,49.24151],[23.8141,49.24515],[23.81779,49.24698],[23.8299,49.25211],[23.83332,49.25418],[23.84581,49.2625],[23.84963,49.26539],[23.87474,49.29958],[23.91107,49.34092],[23.9377,49.38261],[23.94162,49.389],[23.94593,49.39555],[23.94668,49.39758],[23.95699,49.45495],[23.95896,49.49166],[23.95962,49.49359],[23.96271,49.49881],[23.9633,49.50007],[23.96343,49.50064],[23.96335,49.50156],[23.96266,49.50277],[23.95917,49.50723],[23.95739,49.50895],[23.94815,49.51497],[23.94552,49.51685],[23.93366,49.52443],[23.93243,49.52542],[23.93132,49.5268],[23.91845,49.54974],[23.91712,49.55125],[23.9058,49.56115],[23.90528,49.56201],[23.9051,49.56269],[23.90513,49.56509],[23.90272,49.58103],[23.90203,49.58312],[23.90153,49.58393],[23.90011,49.58549],[23.89158,49.59297],[23.88934,49.59439],[23.88446,49.59689],[23.8831,49.59792],[23.88218,49.59903],[23.87546,49.61189],[23.87512,49.61373],[23.87539,49.61815],[23.87489,49.62027],[23.86692,49.63375],[23.86543,49.6385],[23.86486,49.63976],[23.85938,49.64695],[23.85895,49.64775],[23.85876,49.64885],[23.8591,49.64993],[23.8597,49.65066],[23.86347,49.65328],[23.87222,49.65659],[23.87552,49.65811],[23.8868,49.66676],[23.90735,49.67925],[23.90902,49.68096],[23.90985,49.68275],[23.90999,49.68369],[23.90986,49.68511],[23.90795,49.69248],[23.9071,49.69413],[23.90293,49.701],[23.90257,49.70184],[23.90236,49.70299],[23.90242,49.70409],[23.90278,49.70526],[23.9081,49.71513],[23.90842,49.71626],[23.90832,49.71748],[23.90783,49.71864],[23.90512,49.72331],[23.90079,49.73214],[23.89228,49.74384],[23.88987,49.74624],[23.88931,49.74713],[23.88894,49.74854],[23.88901,49.75176],[23.88889,49.75309],[23.88542,49.76191],[23.88502,49.76377],[23.8849,49.76532],[23.88537,49.76721],[23.89139,49.77692],[23.89493,49.78755],[23.89633,49.79041],[23.89741,49.79162],[23.90279,49.79557],[23.90825,49.79823],[23.91591,49.80321],[23.93141,49.81719],[23.93807,49.8246],[23.94054,49.82625],[23.94262,49.82705],[23.96523,49.83442],[23.96753,49.83475],[23.97276,49.83405],[23.97642,49.8343],[23.98114,49.83569],[23.9873,49.83686],[23.98977,49.83765],[23.99206,49.83883],[23.99287,49.83986]]}},{"type":"Feature","properties":{"name":"2009 Budapest -> Dresden (730.4km)","mode":"train","date":"2009","distance_km":"729.0"},"geometry":{"type":"LineString","coordinates":[[19.05742,47.51077],[19.06361,47.51432],[19.08607,47.52352],[19.08747,47.52426],[19.09005,47.52632],[19.09578,47.5332],[19.09971,47.53758],[19.10204,47.54073],[19.10381,47.54403],[19.12147,47.58893],[19.12185,47.59134],[19.12182,47.59551],[19.122,47.59674],[19.12234,47.59766],[19.12334,47.59926],[19.12643,47.60324],[19.12846,47.60672],[19.13623,47.62586],[19.13773,47.63],[19.13797,47.63157],[19.13769,47.63329],[19.13702,47.63458],[19.13493,47.63733],[19.13428,47.63929],[19.13432,47.64059],[19.13559,47.6459],[19.13612,47.64858],[19.13621,47.64972],[19.13566,47.65355],[19.1352,47.65496],[19.13278,47.65957],[19.13214,47.66169],[19.13218,47.66353],[19.13299,47.67125],[19.13748,47.68711],[19.14237,47.70359],[19.14329,47.7054],[19.14462,47.70741],[19.15149,47.71607],[19.15291,47.71818],[19.15387,47.72051],[19.15443,47.724],[19.15818,47.75885],[19.15788,47.76056],[19.15744,47.76158],[19.15294,47.76962],[19.15171,47.77117],[19.143,47.77933],[19.14117,47.78026],[19.13677,47.78181],[19.13222,47.78315],[19.12878,47.78462],[19.12485,47.78794],[19.12097,47.79094],[19.10986,47.79749],[19.10845,47.79876],[19.10579,47.802],[19.10421,47.80331],[19.09132,47.81157],[19.08881,47.81279],[19.08617,47.81353],[19.08462,47.81376],[19.07939,47.81406],[19.07741,47.81435],[19.07569,47.81479],[19.06883,47.81786],[19.06145,47.81993],[19.04951,47.8242],[19.0467,47.82489],[19.043,47.82509],[19.03527,47.82419],[19.02562,47.82359],[19.02328,47.82393],[19.01355,47.82678],[19.01044,47.82728],[19.00671,47.82721],[18.99922,47.82636],[18.99688,47.82589],[18.98915,47.82353],[18.98745,47.82279],[18.98594,47.82187],[18.97798,47.8162],[18.9672,47.8062],[18.96624,47.80506],[18.96549,47.80378],[18.95718,47.7877],[18.95465,47.78375],[18.95135,47.77923],[18.94858,47.77578],[18.94407,47.77182],[18.94182,47.77032],[18.9403,47.76966],[18.93834,47.76906],[18.9353,47.76854],[18.92896,47.76787],[18.92647,47.76778],[18.92289,47.76825],[18.92089,47.76882],[18.91905,47.7696],[18.91662,47.77122],[18.91545,47.77245],[18.91458,47.77368],[18.91406,47.77486],[18.91335,47.77825],[18.91017,47.78922],[18.91014,47.79073],[18.91126,47.79383],[18.9113,47.79508],[18.91101,47.79616],[18.90878,47.80129],[18.90817,47.80222],[18.90458,47.806],[18.90329,47.80707],[18.90098,47.80828],[18.8945,47.81042],[18.88633,47.81255],[18.87806,47.81443],[18.86933,47.81799],[18.86221,47.82068],[18.85686,47.82242],[18.85026,47.82426],[18.84811,47.8247],[18.84504,47.82487],[18.79031,47.82456],[18.78782,47.8244],[18.77682,47.8229],[18.77079,47.82249],[18.74499,47.82385],[18.74116,47.82361],[18.73747,47.82262],[18.6859,47.80261],[18.68402,47.80209],[18.68023,47.80161],[18.67122,47.79906],[18.66567,47.79846],[18.66391,47.79861],[18.65487,47.80042],[18.57268,47.81783],[18.56887,47.81924],[18.48418,47.86059],[18.48201,47.86146],[18.46072,47.86882],[18.45921,47.86947],[18.43543,47.88334],[18.4322,47.88499],[18.32448,47.93437],[18.23845,47.9736],[18.2351,47.97475],[18.19496,47.9843],[18.19123,47.98551],[18.18804,47.98702],[18.13914,48.01563],[18.1353,48.01819],[18.04705,48.08759],[17.97866,48.1411],[17.97629,48.14269],[17.97341,48.14416],[17.97002,48.14541],[17.96588,48.14639],[17.927,48.15301],[17.92303,48.15361],[17.92142,48.15368],[17.9199,48.15354],[17.91828,48.15317],[17.89033,48.14499],[17.88704,48.14416],[17.88425,48.14372],[17.88055,48.14346],[17.8767,48.14356],[17.87368,48.14393],[17.86999,48.14474],[17.73674,48.18342],[17.73464,48.18387],[17.72921,48.18454],[17.71655,48.18569],[17.71551,48.18587],[17.7144,48.18628],[17.7133,48.18694],[17.71193,48.1883],[17.71148,48.18922],[17.71144,48.19034],[17.71382,48.19865],[17.71447,48.20439],[17.71909,48.22355],[17.7226,48.2305],[17.72301,48.23171],[17.72984,48.27271],[17.7299,48.27452],[17.72971,48.27628],[17.72761,48.28603],[17.72596,48.29521],[17.72539,48.29638],[17.72475,48.29701],[17.72366,48.29768],[17.64811,48.33705],[17.64637,48.33823],[17.64486,48.33967],[17.64076,48.34548],[17.63937,48.34702],[17.63767,48.34831],[17.63075,48.35275],[17.62757,48.35457],[17.61785,48.35921],[17.61133,48.36256],[17.60598,48.36485],[17.59928,48.36801],[17.59761,48.36853],[17.59082,48.37001],[17.58708,48.37001],[17.58518,48.36962],[17.58351,48.36907],[17.574,48.36461],[17.56791,48.36223],[17.56617,48.36201],[17.56461,48.36219],[17.56334,48.36266],[17.56225,48.36346],[17.56158,48.36466],[17.56167,48.36584],[17.56227,48.36678],[17.56443,48.36888],[17.56537,48.37025],[17.56593,48.37158],[17.56662,48.37471],[17.5668,48.39042],[17.56665,48.3915],[17.56619,48.39243],[17.56511,48.39356],[17.55481,48.40272],[17.53951,48.42411],[17.53563,48.43093],[17.53457,48.43184],[17.51904,48.44303],[17.51354,48.4491],[17.5128,48.4501],[17.5101,48.45541],[17.50573,48.4601],[17.5016,48.46612],[17.48787,48.48412],[17.48722,48.4848],[17.48632,48.48538],[17.48321,48.48656],[17.48218,48.48711],[17.48051,48.48856],[17.47971,48.49015],[17.47934,48.49462],[17.47883,48.49573],[17.47783,48.49665],[17.47505,48.49815],[17.47404,48.49899],[17.46967,48.50666],[17.46895,48.50757],[17.46325,48.51225],[17.45929,48.51497],[17.45836,48.51579],[17.45419,48.52232],[17.45394,48.52315],[17.45347,48.52669],[17.44881,48.5442],[17.44778,48.54687],[17.44778,48.54771],[17.44825,48.54863],[17.45089,48.55185],[17.45358,48.55616],[17.45628,48.55968],[17.45861,48.56135],[17.46014,48.56356],[17.46549,48.56774],[17.46581,48.56827],[17.46597,48.56899],[17.46582,48.56974],[17.46554,48.57023],[17.465,48.57077],[17.45726,48.57642],[17.45446,48.57731],[17.45177,48.57869],[17.44553,48.57995],[17.44408,48.58053],[17.44335,48.58108],[17.44289,48.58166],[17.44252,48.58381],[17.44219,48.58454],[17.44146,48.58525],[17.44061,48.5857],[17.43906,48.58605],[17.43558,48.58602],[17.43393,48.58636],[17.43285,48.58696],[17.43081,48.58904],[17.42991,48.58951],[17.42888,48.58979],[17.4271,48.58983],[17.4234,48.58897],[17.42214,48.589],[17.42115,48.58922],[17.41988,48.58984],[17.41819,48.59161],[17.41672,48.59249],[17.41536,48.5929],[17.40675,48.59452],[17.40562,48.59494],[17.40418,48.59586],[17.40349,48.59669],[17.40326,48.5975],[17.40346,48.59839],[17.40429,48.59936],[17.4051,48.59983],[17.40615,48.60017],[17.41169,48.60061],[17.41325,48.60106],[17.41427,48.60178],[17.41481,48.60261],[17.41492,48.60345],[17.41457,48.60436],[17.4137,48.60518],[17.4124,48.60575],[17.3984,48.60855],[17.39692,48.60903],[17.38145,48.61832],[17.37525,48.62349],[17.37452,48.62436],[17.37419,48.62526],[17.37364,48.63404],[17.3734,48.63499],[17.37233,48.63717],[17.37169,48.63808],[17.36696,48.64232],[17.36415,48.64915],[17.36358,48.64997],[17.36284,48.65064],[17.36148,48.65143],[17.3554,48.65386],[17.35045,48.65766],[17.34931,48.65835],[17.34289,48.66058],[17.33134,48.66765],[17.33007,48.66799],[17.32002,48.66951],[17.3175,48.66957],[17.31535,48.6691],[17.30282,48.66445],[17.29117,48.66222],[17.25865,48.65962],[17.25687,48.65934],[17.17495,48.63797],[17.1715,48.63673],[17.16031,48.6315],[17.15848,48.63105],[17.15685,48.63096],[17.15519,48.63114],[17.14802,48.63268],[17.12458,48.63792],[17.09436,48.64356],[17.07979,48.64598],[17.05619,48.65394],[17.05408,48.6539],[17.04648,48.65203],[17.04517,48.65204],[17.04418,48.6523],[17.04329,48.65279],[17.04271,48.65344],[17.04249,48.65414],[17.04261,48.65488],[17.04433,48.65763],[17.04899,48.66414],[17.05139,48.66821],[17.05166,48.66907],[17.05163,48.67016],[17.05132,48.671],[17.05069,48.67187],[17.04905,48.67308],[17.04615,48.67429],[17.04478,48.6751],[17.02708,48.68792],[17.02566,48.68929],[17.01992,48.69651],[17.01211,48.70345],[16.97382,48.72811],[16.9709,48.72955],[16.94028,48.74168],[16.9375,48.74323],[16.92926,48.74903],[16.92695,48.75006],[16.92441,48.75071],[16.92232,48.75095],[16.92011,48.75093],[16.91794,48.75066],[16.91608,48.7502],[16.89772,48.74265],[16.89599,48.74209],[16.89381,48.74196],[16.89035,48.74248],[16.88874,48.74308],[16.88763,48.74388],[16.88695,48.74483],[16.88673,48.74564],[16.88685,48.74662],[16.88729,48.74747],[16.89716,48.75784],[16.90202,48.76349],[16.91028,48.77222],[16.91202,48.77459],[16.91269,48.77638],[16.91288,48.77976],[16.91243,48.78216],[16.91126,48.78477],[16.91023,48.78623],[16.90897,48.78763],[16.88081,48.81327],[16.81172,48.87568],[16.80763,48.87892],[16.80432,48.88103],[16.8007,48.88297],[16.79759,48.88437],[16.79296,48.88608],[16.64939,48.93001],[16.6461,48.93116],[16.64192,48.93319],[16.6387,48.93535],[16.60894,48.95962],[16.6063,48.96217],[16.60443,48.96442],[16.6024,48.96776],[16.60153,48.96969],[16.60091,48.97168],[16.59262,49.02555],[16.59197,49.03108],[16.59077,49.03909],[16.59095,49.04159],[16.59174,49.04432],[16.60299,49.06771],[16.60422,49.07129],[16.60485,49.07467],[16.60523,49.08049],[16.60604,49.12673],[16.6072,49.17941],[16.60744,49.18384],[16.60784,49.185],[16.60965,49.18826],[16.61043,49.18933],[16.61107,49.18982],[16.61371,49.19091],[16.61497,49.19254],[16.6158,49.19317],[16.61775,49.1939],[16.62886,49.19574],[16.6315,49.19684],[16.63306,49.19795],[16.63385,49.1988],[16.63445,49.19973],[16.63607,49.20364],[16.63693,49.20643],[16.63734,49.20718],[16.63801,49.20793],[16.63891,49.20859],[16.64363,49.21086],[16.6444,49.21142],[16.64512,49.21221],[16.64647,49.21418],[16.64978,49.22067],[16.65093,49.22251],[16.65159,49.2242],[16.65263,49.22534],[16.6544,49.22614],[16.65619,49.22641],[16.65749,49.22633],[16.66157,49.22545],[16.66276,49.22544],[16.66395,49.22568],[16.66508,49.22621],[16.66586,49.22692],[16.66616,49.22746],[16.6666,49.22905],[16.66716,49.22977],[16.66952,49.23116],[16.67021,49.23183],[16.67052,49.23275],[16.67028,49.23371],[16.66962,49.23443],[16.668,49.23544],[16.66711,49.23626],[16.66664,49.23724],[16.66668,49.23828],[16.66735,49.23937],[16.66839,49.24018],[16.67225,49.24171],[16.67344,49.24245],[16.67397,49.24306],[16.67435,49.24385],[16.67444,49.24546],[16.67418,49.24618],[16.67372,49.24683],[16.67181,49.24848],[16.67009,49.25161],[16.6699,49.2523],[16.66991,49.25526],[16.66977,49.2561],[16.66808,49.25958],[16.66748,49.26028],[16.66676,49.26082],[16.66456,49.26171],[16.6637,49.26224],[16.66299,49.26318],[16.66286,49.26409],[16.66347,49.26588],[16.66368,49.26766],[16.66424,49.26866],[16.6691,49.27462],[16.67022,49.27536],[16.67306,49.27671],[16.67393,49.27739],[16.67456,49.27833],[16.6747,49.27956],[16.67428,49.28057],[16.67177,49.28365],[16.66949,49.28542],[16.66872,49.28649],[16.66858,49.28731],[16.66872,49.28805],[16.66997,49.29],[16.6702,49.29084],[16.66992,49.29205],[16.6691,49.29302],[16.66832,49.29351],[16.66613,49.29441],[16.65319,49.2991],[16.64922,49.3016],[16.64566,49.30277],[16.64465,49.30325],[16.64109,49.30554],[16.64061,49.30604],[16.64027,49.30675],[16.64035,49.30777],[16.64345,49.31232],[16.64382,49.31373],[16.64372,49.31444],[16.6434,49.31521],[16.64125,49.31757],[16.64081,49.31826],[16.63988,49.32034],[16.63987,49.32172],[16.64228,49.32656],[16.64264,49.32896],[16.64485,49.3342],[16.64923,49.34009],[16.64941,49.3415],[16.64837,49.34348],[16.64827,49.34437],[16.64868,49.34525],[16.65016,49.34679],[16.65084,49.348],[16.65099,49.34889],[16.65077,49.34958],[16.65025,49.3502],[16.64494,49.35422],[16.64394,49.35517],[16.63732,49.36386],[16.63677,49.36485],[16.63657,49.36605],[16.63707,49.37558],[16.63687,49.3772],[16.62401,49.42085],[16.62401,49.42242],[16.62549,49.42805],[16.62565,49.42906],[16.6256,49.42999],[16.62514,49.43139],[16.62096,49.44051],[16.62068,49.44163],[16.62071,49.44282],[16.62116,49.4442],[16.622,49.44546],[16.62992,49.45327],[16.63042,49.45453],[16.63019,49.45572],[16.62966,49.45647],[16.62867,49.45726],[16.62173,49.46077],[16.62029,49.46193],[16.61916,49.46323],[16.61831,49.46493],[16.61802,49.4665],[16.61819,49.46812],[16.61907,49.47144],[16.61905,49.47237],[16.61877,49.4731],[16.618,49.47401],[16.61078,49.47982],[16.60806,49.4818],[16.6061,49.48399],[16.60557,49.48523],[16.60321,49.49526],[16.60286,49.49613],[16.60219,49.49715],[16.60102,49.49829],[16.59957,49.49922],[16.59217,49.5023],[16.59062,49.50316],[16.5896,49.50407],[16.58574,49.5085],[16.58529,49.50989],[16.58496,49.51692],[16.58508,49.51874],[16.58477,49.51992],[16.58416,49.52083],[16.58139,49.52345],[16.58054,49.52466],[16.58,49.5262],[16.57835,49.53325],[16.57777,49.53447],[16.57647,49.53592],[16.57144,49.54001],[16.57077,49.54087],[16.57041,49.54166],[16.57026,49.54243],[16.57031,49.54328],[16.572,49.54979],[16.57216,49.55106],[16.57184,49.5526],[16.5697,49.55946],[16.56785,49.56243],[16.56497,49.56624],[16.56142,49.5689],[16.56049,49.56983],[16.56002,49.57074],[16.55845,49.57534],[16.55782,49.57631],[16.55633,49.57746],[16.55211,49.57917],[16.5505,49.58032],[16.54444,49.58767],[16.53462,49.598],[16.53342,49.59962],[16.53097,49.60496],[16.53066,49.60597],[16.53067,49.6069],[16.53174,49.61082],[16.53181,49.61162],[16.53169,49.61257],[16.53027,49.61686],[16.52986,49.61783],[16.52925,49.6186],[16.52556,49.62126],[16.52461,49.62258],[16.52448,49.62386],[16.52556,49.62673],[16.52547,49.62794],[16.52469,49.62911],[16.51973,49.6341],[16.51915,49.6349],[16.51855,49.63697],[16.51732,49.6426],[16.51546,49.64533],[16.51518,49.64599],[16.51513,49.64672],[16.51561,49.64849],[16.51565,49.64952],[16.51409,49.6529],[16.51328,49.65371],[16.51213,49.65433],[16.50056,49.6579],[16.49577,49.65981],[16.49479,49.65999],[16.49323,49.65999],[16.48874,49.65897],[16.48726,49.65882],[16.48551,49.65899],[16.48375,49.65966],[16.48278,49.6604],[16.48221,49.66119],[16.475,49.67727],[16.4748,49.67808],[16.47496,49.67905],[16.47943,49.68871],[16.48055,49.68993],[16.48329,49.69161],[16.48428,49.69242],[16.48513,49.69358],[16.4855,49.69477],[16.48547,49.69577],[16.48477,49.69953],[16.48455,49.73039],[16.47889,49.75305],[16.47873,49.75433],[16.47916,49.75668],[16.47972,49.75818],[16.48092,49.76359],[16.48105,49.76531],[16.48151,49.76783],[16.49049,49.80837],[16.49028,49.80961],[16.48925,49.81128],[16.48348,49.81758],[16.48153,49.81993],[16.48079,49.82109],[16.47399,49.84354],[16.47383,49.84548],[16.4752,49.85447],[16.47702,49.86419],[16.47766,49.86611],[16.47763,49.86694],[16.47712,49.868],[16.47581,49.86955],[16.46879,49.87738],[16.46632,49.87982],[16.46493,49.88204],[16.45838,49.88926],[16.45707,49.89155],[16.45622,49.89246],[16.45069,49.8953],[16.44111,49.89865],[16.44014,49.89916],[16.43904,49.90013],[16.43825,49.90194],[16.43814,49.90286],[16.43911,49.90522],[16.4391,49.90615],[16.43761,49.90952],[16.43538,49.91181],[16.43475,49.91293],[16.43475,49.91419],[16.4357,49.91664],[16.43571,49.91743],[16.43546,49.91827],[16.43488,49.91915],[16.43418,49.91982],[16.4311,49.92153],[16.4296,49.92257],[16.42874,49.92339],[16.42771,49.92474],[16.41228,49.95837],[16.41133,49.95988],[16.41017,49.96125],[16.40879,49.9625],[16.40722,49.96363],[16.40547,49.96464],[16.40304,49.96572],[16.39126,49.97012],[16.38772,49.97114],[16.38567,49.97135],[16.3818,49.97129],[16.34077,49.97418],[16.33897,49.97439],[16.33744,49.97486],[16.33618,49.97559],[16.33551,49.97622],[16.33497,49.97709],[16.33475,49.97808],[16.33494,49.97913],[16.3361,49.98138],[16.33629,49.9829],[16.33598,49.98438],[16.33465,49.98725],[16.33451,49.98885],[16.33487,49.99004],[16.33653,49.99314],[16.33668,49.99394],[16.3366,49.99456],[16.3361,49.99558],[16.33498,49.99661],[16.33338,49.99736],[16.33171,49.99768],[16.32986,49.99765],[16.32779,49.99709],[16.32654,49.99634],[16.32465,49.99457],[16.32259,49.99351],[16.32074,49.99307],[16.31875,49.99298],[16.31693,49.99321],[16.31562,49.9936],[16.30757,49.99764],[16.30481,49.99858],[16.30148,49.99896],[16.29128,49.99862],[16.2891,49.99873],[16.28641,49.9993],[16.28084,50.00148],[16.27853,50.00203],[16.27633,50.00206],[16.27424,50.00165],[16.26451,49.99732],[16.26227,49.99682],[16.26068,49.99687],[16.25918,49.99721],[16.25812,49.99771],[16.25609,49.99911],[16.25462,49.99958],[16.24605,50.0005],[16.24375,50.00048],[16.24086,49.99989],[16.20632,49.98788],[16.20143,49.9868],[16.19892,49.9865],[16.19558,49.98633],[16.19213,49.98645],[16.18883,49.98683],[16.13375,49.99624],[16.12974,49.99668],[16.12566,49.99671],[16.10639,49.99482],[16.03312,49.98668],[16.0278,49.98639],[16.02306,49.98645],[16.01773,49.98694],[16.00535,49.98936],[15.83501,50.02649],[15.81857,50.03005],[15.81533,50.03061],[15.81121,50.03091],[15.72807,50.0321],[15.67567,50.02991],[15.67251,50.03012],[15.64479,50.03362],[15.64236,50.03376],[15.63924,50.03349],[15.6322,50.03218],[15.62384,50.03094],[15.61988,50.03079],[15.61765,50.03103],[15.61553,50.03151],[15.61013,50.03362],[15.60757,50.03427],[15.60528,50.03452],[15.5929,50.03521],[15.58821,50.03586],[15.58371,50.03694],[15.56596,50.04213],[15.56322,50.04264],[15.56035,50.04289],[15.55728,50.04283],[15.55407,50.04241],[15.5197,50.03519],[15.47075,50.03108],[15.46142,50.03036],[15.45834,50.03026],[15.45439,50.03046],[15.45115,50.03093],[15.41963,50.03732],[15.41684,50.03765],[15.40732,50.03831],[15.40412,50.03878],[15.40179,50.03929],[15.39887,50.04016],[15.39623,50.04123],[15.39214,50.04319],[15.38932,50.0441],[15.385,50.04477],[15.38077,50.04471],[15.37616,50.04384],[15.3681,50.04171],[15.36486,50.04056],[15.36296,50.0396],[15.35554,50.03528],[15.34973,50.03166],[15.34151,50.026],[15.33836,50.02409],[15.3139,50.01368],[15.30964,50.01226],[15.30606,50.01161],[15.30073,50.01128],[15.24714,50.00897],[15.24511,50.00901],[15.24346,50.00939],[15.24021,50.01105],[15.2309,50.01522],[15.22138,50.0223],[15.21729,50.02446],[15.21219,50.02676],[15.21163,50.02714],[15.21126,50.02763],[15.21117,50.02834],[15.21198,50.03158],[15.21193,50.03267],[15.2059,50.04827],[15.19502,50.09547],[15.19385,50.09964],[15.19277,50.1049],[15.18972,50.11791],[15.18872,50.12029],[15.1871,50.12309],[15.18548,50.12516],[15.18254,50.128],[15.17847,50.1312],[15.17181,50.1354],[15.16759,50.13758],[15.16309,50.13935],[15.15935,50.14047],[15.15554,50.14133],[15.15169,50.14194],[15.1356,50.1438],[15.13297,50.14441],[15.13064,50.14529],[15.12898,50.14622],[15.09036,50.1716],[15.0661,50.18735],[15.06344,50.18885],[15.06127,50.18981],[15.0587,50.19052],[15.03858,50.19491],[15.03689,50.19549],[15.03495,50.19647],[15.03298,50.19793],[15.03162,50.19951],[15.0204,50.22036],[15.01882,50.22248],[15.0171,50.22412],[15.01589,50.22505],[15.01359,50.22643],[14.97192,50.24983],[14.95937,50.25585],[14.95791,50.25703],[14.95702,50.25809],[14.95547,50.26167],[14.95439,50.26332],[14.95011,50.26786],[14.94952,50.2697],[14.94635,50.28791],[14.94601,50.29009],[14.946,50.29205],[14.94638,50.29419],[14.94711,50.29619],[14.94838,50.29841],[14.95218,50.30336],[14.95275,50.30481],[14.95283,50.30641],[14.95266,50.3072],[14.95213,50.3084],[14.94498,50.32044],[14.944,50.32246],[14.94371,50.32405],[14.94392,50.32588],[14.94886,50.34253],[14.94895,50.344],[14.94877,50.34555],[14.94822,50.34728],[14.94746,50.34875],[14.94651,50.35006],[14.94494,50.35168],[14.94086,50.35474],[14.90294,50.3796],[14.89924,50.38141],[14.89173,50.38416],[14.88889,50.38473],[14.88485,50.38509],[14.87881,50.38603],[14.87767,50.38654],[14.87689,50.38719],[14.8764,50.38796],[14.87626,50.38851],[14.87629,50.38926],[14.87833,50.39538],[14.87916,50.40097],[14.8791,50.40223],[14.87798,50.40521],[14.87824,50.40609],[14.87884,50.4066],[14.8797,50.407],[14.88187,50.40755],[14.89122,50.40703],[14.89254,50.40711],[14.89348,50.4074],[14.89454,50.40805],[14.89516,50.40883],[14.89692,50.41432],[14.89694,50.41499],[14.89672,50.41587],[14.89446,50.4194],[14.89259,50.42463],[14.89221,50.42623],[14.89107,50.43371],[14.89078,50.43462],[14.88961,50.43615],[14.88704,50.43814],[14.88601,50.43915],[14.88538,50.44011],[14.88494,50.44135],[14.88486,50.44256],[14.88522,50.44405],[14.8889,50.45126],[14.88898,50.45267],[14.8884,50.45564],[14.88866,50.45689],[14.88939,50.4579],[14.89077,50.45885],[14.89473,50.46039],[14.8963,50.46073],[14.89872,50.46061],[14.90617,50.45889],[14.90773,50.45893],[14.909,50.45931],[14.90999,50.45993],[14.9133,50.46358],[14.91507,50.46624],[14.91667,50.46797],[14.92594,50.47471],[14.92666,50.47568],[14.92699,50.47678],[14.92662,50.48245],[14.92641,50.48324],[14.92602,50.48394],[14.92526,50.48476],[14.92024,50.48917],[14.91659,50.49094],[14.9116,50.49253],[14.90799,50.49498],[14.90689,50.49553],[14.90534,50.49592],[14.90139,50.4965],[14.89662,50.49776],[14.89528,50.49787],[14.89344,50.49756],[14.89224,50.49701],[14.89067,50.49552],[14.88961,50.49486],[14.88814,50.49442],[14.8865,50.49433],[14.88483,50.49463],[14.88257,50.49562],[14.88126,50.49659],[14.87819,50.49977],[14.87709,50.50042],[14.876,50.50078],[14.87359,50.50098],[14.86926,50.50024],[14.86682,50.50006],[14.86443,50.50016],[14.86115,50.50055],[14.85862,50.5006],[14.85728,50.50035],[14.85592,50.49963],[14.85529,50.49881],[14.85496,50.49739],[14.85469,50.49686],[14.85384,50.49597],[14.85279,50.49534],[14.8498,50.49444],[14.84598,50.49238],[14.83024,50.48606],[14.82921,50.48547],[14.82753,50.48399],[14.82647,50.48345],[14.82455,50.483],[14.82252,50.48305],[14.81742,50.48416],[14.80925,50.48518],[14.79958,50.48782],[14.79747,50.48871],[14.79441,50.49044],[14.7933,50.49082],[14.7904,50.49144],[14.7894,50.4919],[14.78691,50.49347],[14.78233,50.495],[14.77954,50.49691],[14.77578,50.49874],[14.77091,50.50014],[14.76778,50.50229],[14.76045,50.5058],[14.7483,50.50986],[14.74462,50.51142],[14.73764,50.51288],[14.72636,50.51728],[14.72123,50.5184],[14.71709,50.52051],[14.71554,50.52111],[14.70964,50.52222],[14.70594,50.52366],[14.70387,50.52396],[14.70112,50.52369],[14.69983,50.52322],[14.69558,50.5211],[14.69298,50.5205],[14.68284,50.51977],[14.68064,50.51994],[14.67854,50.52053],[14.67726,50.52115],[14.67632,50.52183],[14.67555,50.52265],[14.67505,50.52346],[14.67474,50.52457],[14.6742,50.53014],[14.67371,50.53233],[14.67203,50.53611],[14.6623,50.55281],[14.66208,50.55379],[14.66218,50.55481],[14.66332,50.55736],[14.66348,50.55849],[14.66184,50.56485],[14.6614,50.56578],[14.66046,50.56701],[14.65937,50.568],[14.65741,50.56924],[14.65023,50.572],[14.63861,50.57785],[14.63564,50.57979],[14.63323,50.58217],[14.62923,50.58758],[14.62877,50.58904],[14.62875,50.59264],[14.62796,50.5945],[14.62695,50.59568],[14.62481,50.59736],[14.62369,50.59846],[14.61905,50.60483],[14.61772,50.60631],[14.61642,50.60732],[14.61474,50.60826],[14.59637,50.61574],[14.59502,50.61643],[14.59422,50.617],[14.59337,50.61794],[14.58936,50.6243],[14.58864,50.62514],[14.58683,50.62633],[14.58144,50.62873],[14.58013,50.62991],[14.57969,50.63082],[14.5796,50.63171],[14.57987,50.63286],[14.58059,50.63414],[14.58143,50.63494],[14.58622,50.63833],[14.58711,50.63928],[14.58773,50.64074],[14.58771,50.64204],[14.58604,50.64961],[14.58564,50.65046],[14.58509,50.65118],[14.58361,50.65233],[14.57619,50.65577],[14.57232,50.65706],[14.56928,50.65767],[14.55247,50.65989],[14.55048,50.66035],[14.54828,50.66122],[14.53764,50.66772],[14.53633,50.66873],[14.53542,50.66976],[14.53478,50.6708],[14.53355,50.67357],[14.53204,50.67772],[14.53143,50.67874],[14.5301,50.67995],[14.52849,50.68111],[14.52646,50.68201],[14.52433,50.68234],[14.51362,50.68244],[14.51113,50.68216],[14.506,50.68106],[14.50291,50.6808],[14.49419,50.6813],[14.49268,50.68151],[14.49038,50.68237],[14.48957,50.68292],[14.48873,50.68382],[14.48822,50.68503],[14.48785,50.68815],[14.48746,50.68894],[14.48661,50.68993],[14.48435,50.69137],[14.48091,50.69264],[14.46139,50.6972],[14.45973,50.69733],[14.45566,50.69722],[14.44496,50.69927],[14.44066,50.69945],[14.43688,50.70076],[14.43341,50.70097],[14.43184,50.70125],[14.42523,50.70354],[14.42332,50.70382],[14.4181,50.70411],[14.41503,50.70523],[14.41379,50.70553],[14.41228,50.70561],[14.40824,50.70524],[14.40543,50.70575],[14.39663,50.70642],[14.39509,50.70681],[14.39382,50.70736],[14.39267,50.70822],[14.39219,50.70887],[14.39161,50.71055],[14.39051,50.71164],[14.38852,50.71275],[14.38544,50.7138],[14.38424,50.71465],[14.3836,50.71561],[14.38269,50.71855],[14.38206,50.71946],[14.3811,50.72025],[14.37954,50.72088],[14.3783,50.72111],[14.37687,50.72113],[14.37424,50.72065],[14.37142,50.72056],[14.36979,50.72024],[14.3683,50.71946],[14.36638,50.71746],[14.3618,50.71463],[14.36015,50.7141],[14.35911,50.71403],[14.35792,50.71417],[14.35655,50.71466],[14.35563,50.71537],[14.3552,50.71618],[14.3552,50.71766],[14.35499,50.71823],[14.35437,50.71894],[14.35314,50.71961],[14.35154,50.71991],[14.34877,50.72002],[14.34535,50.721],[14.34401,50.7212],[14.34242,50.7212],[14.33829,50.72082],[14.3361,50.72111],[14.33495,50.72147],[14.33393,50.72201],[14.32984,50.72595],[14.32824,50.72685],[14.32633,50.72733],[14.31441,50.72959],[14.31263,50.73017],[14.31119,50.73125],[14.31053,50.73257],[14.31041,50.73369],[14.31055,50.7345],[14.31174,50.73672],[14.31183,50.73725],[14.31151,50.73799],[14.31047,50.73864],[14.30884,50.73884],[14.30045,50.73765],[14.29846,50.73788],[14.29486,50.73883],[14.29248,50.73889],[14.29002,50.73861],[14.28432,50.73716],[14.28158,50.73711],[14.28013,50.73743],[14.27898,50.73798],[14.27809,50.73883],[14.27709,50.74049],[14.27576,50.74133],[14.27166,50.74252],[14.26885,50.74306],[14.26592,50.74401],[14.26421,50.74484],[14.26118,50.74738],[14.25773,50.74963],[14.25712,50.75025],[14.25671,50.75117],[14.25671,50.75187],[14.25775,50.75439],[14.25779,50.7553],[14.25732,50.75618],[14.25569,50.7579],[14.25403,50.7587],[14.25141,50.75922],[14.24663,50.76059],[14.24155,50.76144],[14.24028,50.76197],[14.2379,50.76347],[14.23523,50.76423],[14.23435,50.76464],[14.23168,50.76705],[14.23045,50.76762],[14.22867,50.76817],[14.22746,50.76898],[14.22689,50.77008],[14.22705,50.77168],[14.22689,50.77246],[14.22638,50.77318],[14.22541,50.7739],[14.22679,50.77331],[14.23256,50.77225],[14.23392,50.77171],[14.23221,50.77263],[14.22592,50.7746],[14.22058,50.77767],[14.21897,50.77917],[14.21838,50.7801],[14.21831,50.78086],[14.21884,50.78297],[14.2195,50.78408],[14.2202,50.78458],[14.22115,50.78496],[14.22416,50.78562],[14.22511,50.78609],[14.22576,50.78666],[14.22609,50.78722],[14.22677,50.78961],[14.2271,50.79016],[14.23027,50.7935],[14.23239,50.79546],[14.23332,50.79664],[14.23433,50.79903],[14.2345,50.80086],[14.23425,50.80231],[14.23371,50.80381],[14.23238,50.80588],[14.23092,50.80732],[14.22394,50.81277],[14.22275,50.81406],[14.222,50.81541],[14.22127,50.81784],[14.22139,50.81933],[14.22263,50.82351],[14.22421,50.82773],[14.22613,50.83134],[14.22633,50.83209],[14.22634,50.8329],[14.22541,50.83512],[14.22453,50.83631],[14.21871,50.84064],[14.21736,50.84204],[14.21512,50.84648],[14.21492,50.84772],[14.21501,50.84877],[14.21535,50.84988],[14.21612,50.85119],[14.22311,50.86063],[14.23109,50.86967],[14.23187,50.87071],[14.23463,50.87583],[14.23509,50.87777],[14.23516,50.87912],[14.23483,50.88111],[14.23392,50.88345],[14.23283,50.88536],[14.23155,50.88692],[14.22235,50.89592],[14.21863,50.89836],[14.2165,50.89951],[14.2139,50.9006],[14.20515,50.90357],[14.1984,50.90546],[14.19387,50.90638],[14.17899,50.90895],[14.15491,50.91432],[14.14592,50.91704],[14.12228,50.92341],[14.11122,50.92758],[14.10788,50.92838],[14.10412,50.92853],[14.10188,50.92821],[14.10009,50.92771],[14.09505,50.92577],[14.08742,50.92134],[14.08487,50.92041],[14.08239,50.91987],[14.07698,50.91926],[14.07416,50.91926],[14.06649,50.92054],[14.06386,50.92126],[14.06227,50.92205],[14.05753,50.9251],[14.05611,50.92649],[14.05549,50.92806],[14.05553,50.92919],[14.05594,50.93021],[14.05748,50.93253],[14.05865,50.93375],[14.06046,50.93487],[14.07177,50.93891],[14.07397,50.93985],[14.0762,50.94107],[14.07882,50.9427],[14.08032,50.94399],[14.0815,50.94552],[14.08222,50.94722],[14.08242,50.94895],[14.08218,50.95057],[14.08157,50.95208],[14.08043,50.9537],[14.07876,50.95515],[14.07734,50.95597],[14.07533,50.9568],[14.07286,50.95745],[14.07022,50.95777],[14.06746,50.95782],[14.05546,50.95676],[14.05198,50.95672],[14.04649,50.95701],[14.04408,50.95684],[14.04176,50.95644],[14.03213,50.95371],[14.02721,50.95274],[14.02439,50.9519],[14.02009,50.94984],[14.01494,50.94609],[14.01335,50.94516],[14.01022,50.94416],[14.00679,50.94383],[14.00356,50.94415],[14.00058,50.94488],[13.99854,50.94576],[13.99312,50.94875],[13.98306,50.95201],[13.981,50.95305],[13.97656,50.95617],[13.97418,50.95758],[13.97114,50.95902],[13.96751,50.96041],[13.96333,50.96155],[13.95165,50.96355],[13.94823,50.96387],[13.93967,50.96403],[13.93688,50.96391],[13.92537,50.96208],[13.91456,50.96005],[13.90782,50.95931],[13.90502,50.95929],[13.90104,50.95962],[13.89737,50.96023],[13.89432,50.96103],[13.89107,50.96216],[13.88797,50.96368],[13.86306,50.97873],[13.85592,50.98325],[13.85175,50.98555],[13.80049,51.01649],[13.7972,51.01834],[13.79326,51.02014],[13.7896,51.02157],[13.7412,51.03739],[13.73658,51.03918],[13.72485,51.04313],[13.72785,51.04161],[13.73191,51.04029]]}},{"type":"Feature","properties":{"name":"2009_Lviv -> Seredyna-Buda (920.7km)","mode":"train","distance_km":"918.6"},"geometry":{"type":"LineString","coordinates":[[23.99344,49.84001],[23.9947,49.84206],[23.99479,49.84259],[23.99459,49.84347],[23.99198,49.8473],[23.98558,49.85448],[23.98512,49.8553],[23.98484,49.85665],[23.98512,49.8583],[23.98601,49.85954],[23.9903,49.86323],[23.99144,49.86373],[23.99284,49.86402],[23.99446,49.86405],[23.99761,49.86369],[23.99985,49.863],[24.00376,49.86002],[24.00578,49.85871],[24.01199,49.85587],[24.0186,49.85208],[24.02017,49.8515],[24.02161,49.85122],[24.03022,49.85061],[24.0406,49.85221],[24.04312,49.85245],[24.05239,49.85306],[24.06443,49.85321],[24.06903,49.85275],[24.0922,49.85161],[24.11735,49.84881],[24.12842,49.84738],[24.16087,49.84625],[24.16449,49.84581],[24.17525,49.84374],[24.17777,49.84354],[24.18014,49.84367],[24.19602,49.84667],[24.19845,49.84747],[24.19991,49.84838],[24.20051,49.84893],[24.20495,49.8555],[24.20556,49.85618],[24.20668,49.85703],[24.20762,49.85752],[24.21039,49.85831],[24.28702,49.86197],[24.30617,49.86437],[24.31858,49.86413],[24.32078,49.86431],[24.32262,49.86463],[24.32463,49.86522],[24.3579,49.87674],[24.36002,49.87726],[24.3629,49.87765],[24.44477,49.87788],[24.44745,49.87804],[24.45,49.87841],[24.4549,49.87945],[24.54762,49.90166],[24.59982,49.91531],[24.60414,49.91592],[24.61088,49.91643],[24.67221,49.9225],[24.67552,49.92308],[24.73658,49.94127],[24.73902,49.94212],[24.79065,49.96315],[24.83181,49.97571],[24.83416,49.97686],[24.83525,49.97762],[24.84125,49.98317],[24.84253,49.98413],[24.84423,49.98503],[24.93294,50.02104],[24.98867,50.04295],[25.01917,50.05272],[25.02651,50.05463],[25.03804,50.05877],[25.08642,50.07439],[25.08859,50.07496],[25.09077,50.07533],[25.09472,50.07558],[25.16801,50.07343],[25.17025,50.07351],[25.17229,50.07386],[25.17526,50.07496],[25.23452,50.10438],[25.23608,50.10529],[25.2378,50.10655],[25.24288,50.11157],[25.24454,50.11299],[25.24751,50.11471],[25.25031,50.11583],[25.26818,50.1213],[25.27637,50.12356],[25.29703,50.1297],[25.30051,50.13055],[25.30359,50.13103],[25.36972,50.1392],[25.37301,50.13978],[25.37661,50.14073],[25.38779,50.14421],[25.40192,50.15004],[25.40394,50.15108],[25.40576,50.15249],[25.42677,50.17388],[25.42885,50.17548],[25.47307,50.19746],[25.47477,50.19853],[25.47577,50.19955],[25.47645,50.20077],[25.48065,50.21268],[25.48389,50.21738],[25.48473,50.21837],[25.48567,50.21913],[25.48821,50.22033],[25.50391,50.22469],[25.52371,50.23285],[25.52602,50.23401],[25.52784,50.23532],[25.53204,50.24007],[25.53363,50.24137],[25.56885,50.26333],[25.57023,50.26476],[25.57294,50.26943],[25.57423,50.27065],[25.57603,50.27163],[25.58177,50.27368],[25.58516,50.27538],[25.60365,50.28502],[25.61227,50.29041],[25.62095,50.29694],[25.63036,50.30756],[25.63486,50.31172],[25.63663,50.31297],[25.63869,50.31379],[25.65688,50.31889],[25.66459,50.32141],[25.66642,50.32175],[25.67179,50.32228],[25.67378,50.32286],[25.67593,50.32381],[25.67746,50.32494],[25.67834,50.32604],[25.68066,50.33169],[25.68155,50.33303],[25.68842,50.33912],[25.69819,50.34819],[25.70244,50.35378],[25.70403,50.35558],[25.70508,50.3563],[25.70662,50.35701],[25.71564,50.35977],[25.71694,50.36048],[25.7182,50.36154],[25.71905,50.36277],[25.7195,50.36404],[25.72258,50.37733],[25.72309,50.37836],[25.72408,50.37946],[25.72608,50.38073],[25.72823,50.38145],[25.75582,50.38695],[25.7611,50.38856],[25.76263,50.3894],[25.76432,50.39085],[25.76514,50.39197],[25.76884,50.39845],[25.77013,50.39966],[25.77199,50.40067],[25.84511,50.42035],[25.8795,50.42475],[25.90093,50.42674],[25.94117,50.43432],[25.94412,50.43531],[25.98175,50.45126],[25.98456,50.45208],[25.98666,50.45239],[25.98851,50.45247],[26.02279,50.45314],[26.02477,50.45334],[26.02705,50.45385],[26.02932,50.45472],[26.05354,50.4661],[26.05536,50.46707],[26.05683,50.46817],[26.05797,50.46935],[26.05891,50.47086],[26.0593,50.47198],[26.06003,50.47608],[26.06048,50.47729],[26.06123,50.47854],[26.06565,50.48427],[26.06634,50.48584],[26.06705,50.48843],[26.06767,50.48958],[26.06875,50.49068],[26.07521,50.49577],[26.0765,50.49655],[26.07842,50.49725],[26.08374,50.49831],[26.091,50.49876],[26.09395,50.49876],[26.10751,50.49816],[26.10959,50.49825],[26.1119,50.49856],[26.11462,50.49927],[26.13599,50.50608],[26.13888,50.50656],[26.144,50.50676],[26.14564,50.50696],[26.15501,50.50994],[26.16088,50.51125],[26.16679,50.51183],[26.16858,50.51181],[26.17034,50.51158],[26.18227,50.50894],[26.18432,50.50871],[26.1862,50.50878],[26.18847,50.5092],[26.206,50.51357],[26.20829,50.51384],[26.22145,50.51445],[26.22328,50.51487],[26.22954,50.51687],[26.23129,50.51713],[26.23293,50.51717],[26.23522,50.51691],[26.24468,50.51455],[26.25069,50.51389],[26.256,50.51304],[26.25884,50.51225],[26.26059,50.51153],[26.26524,50.5088],[26.27196,50.5059],[26.28028,50.50006],[26.28522,50.49797],[26.28741,50.49678],[26.29956,50.48763],[26.30903,50.47999],[26.31191,50.47837],[26.37591,50.45674],[26.37854,50.4561],[26.38405,50.45518],[26.38679,50.45439],[26.3886,50.45369],[26.39426,50.45056],[26.39621,50.44976],[26.39895,50.44926],[26.40966,50.4487],[26.41354,50.44817],[26.41811,50.44695],[26.42884,50.44315],[26.43118,50.44252],[26.43379,50.44233],[26.44019,50.44273],[26.44325,50.44235],[26.44477,50.44186],[26.44615,50.44119],[26.45163,50.4377],[26.45369,50.43699],[26.45565,50.43666],[26.45733,50.43661],[26.45918,50.43679],[26.46859,50.43878],[26.47256,50.43937],[26.48039,50.4398],[26.48417,50.43947],[26.48661,50.43902],[26.52574,50.4288],[26.52692,50.42833],[26.52861,50.42736],[26.53229,50.42464],[26.53397,50.4237],[26.53568,50.4231],[26.54522,50.42055],[26.54932,50.41909],[26.55332,50.41724],[26.57278,50.40706],[26.57419,50.40616],[26.57544,50.40509],[26.58046,50.39979],[26.5816,50.39882],[26.58312,50.398],[26.58833,50.39585],[26.59053,50.39445],[26.59125,50.39364],[26.59283,50.39076],[26.59337,50.39006],[26.59861,50.38605],[26.60433,50.38307],[26.6068,50.38219],[26.75836,50.34927],[26.7604,50.34904],[26.76191,50.34905],[26.7688,50.34985],[26.77229,50.34946],[26.77424,50.3488],[26.78736,50.34336],[26.79007,50.34241],[26.79243,50.34177],[26.80944,50.33802],[26.81184,50.33736],[26.81443,50.33637],[26.82813,50.33032],[26.83129,50.32916],[26.83465,50.32825],[26.83876,50.32752],[26.90205,50.31839],[26.9053,50.31766],[26.90845,50.31661],[26.91177,50.31492],[26.91433,50.31307],[26.9164,50.31092],[26.91805,50.30846],[26.91925,50.3055],[26.92647,50.27944],[26.92694,50.27833],[26.92824,50.27613],[26.92952,50.2745],[26.93111,50.27291],[26.93313,50.27127],[26.94509,50.26333],[27.00609,50.22201],[27.00876,50.22042],[27.03975,50.20543],[27.04699,50.20298],[27.04977,50.2023],[27.05426,50.20159],[27.0608,50.20003],[27.06509,50.19891],[27.07131,50.1968],[27.10755,50.18778],[27.20038,50.15976],[27.23426,50.15353],[27.24499,50.15054],[27.24975,50.14954],[27.3313,50.14064],[27.35106,50.13702],[27.3704,50.13544],[27.37262,50.1351],[27.40455,50.12853],[27.40824,50.12792],[27.41128,50.12769],[27.41619,50.12768],[27.42134,50.12825],[27.46869,50.13563],[27.50448,50.14305],[27.50705,50.14321],[27.51059,50.14307],[27.51216,50.14269],[27.52168,50.13934],[27.52441,50.13818],[27.52645,50.13711],[27.56084,50.11561],[27.56388,50.11403],[27.56646,50.113],[27.57137,50.11158],[27.63671,50.09694],[27.64073,50.09639],[27.64438,50.09651],[27.67268,50.10071],[27.67438,50.10085],[27.67611,50.10077],[27.67906,50.10007],[27.68139,50.0988],[27.68269,50.09741],[27.68483,50.09363],[27.68677,50.09081],[27.68765,50.09003],[27.68889,50.0893],[27.69137,50.08849],[27.84298,50.07045],[27.84727,50.06951],[27.8998,50.05529],[27.90203,50.05481],[27.90464,50.05455],[27.98947,50.0518],[27.9921,50.05155],[27.99431,50.05091],[28.00765,50.04554],[28.01078,50.04455],[28.03184,50.04167],[28.03584,50.0407],[28.03811,50.0397],[28.05885,50.02903],[28.0635,50.02726],[28.0671,50.02634],[28.07708,50.02446],[28.08121,50.02398],[28.0844,50.02388],[28.10114,50.02394],[28.10322,50.02382],[28.11759,50.02144],[28.16225,50.01697],[28.16567,50.01646],[28.16846,50.01557],[28.25602,49.97819],[28.25971,49.97693],[28.26363,49.976],[28.28212,49.97252],[28.28617,49.97192],[28.28953,49.97159],[28.30537,49.97093],[28.31006,49.97048],[28.31264,49.96988],[28.33935,49.96226],[28.342,49.96168],[28.34472,49.96127],[28.3712,49.95851],[28.3888,49.95532],[28.39109,49.95467],[28.39279,49.95392],[28.39426,49.95298],[28.39824,49.9495],[28.3997,49.94873],[28.40203,49.94806],[28.40387,49.94786],[28.41532,49.94733],[28.42097,49.94755],[28.44976,49.95211],[28.47289,49.95392],[28.47614,49.95436],[28.48156,49.95547],[28.48358,49.95572],[28.4867,49.95551],[28.49696,49.95292],[28.5049,49.95169],[28.50724,49.95079],[28.50888,49.94963],[28.50967,49.94872],[28.51482,49.94134],[28.51603,49.94023],[28.51705,49.93961],[28.53844,49.93171],[28.54222,49.92976],[28.54665,49.92673],[28.54838,49.92578],[28.55083,49.92483],[28.55795,49.92272],[28.5604,49.92169],[28.56223,49.92056],[28.56734,49.91691],[28.57036,49.91529],[28.58681,49.90765],[28.59011,49.90633],[28.59605,49.90429],[28.60414,49.90042],[28.60561,49.89943],[28.60661,49.89836],[28.60714,49.89743],[28.60801,49.89411],[28.60857,49.89317],[28.6094,49.89228],[28.61191,49.89057],[28.61673,49.88789],[28.61785,49.88704],[28.63914,49.87529],[28.64342,49.87382],[28.65502,49.87099],[28.65746,49.87002],[28.6597,49.86863],[28.67392,49.85717],[28.69343,49.84369],[28.69547,49.84203],[28.69699,49.84047],[28.69846,49.83851],[28.73132,49.78869],[28.73286,49.78671],[28.73429,49.78523],[28.73706,49.78304],[28.74051,49.78103],[28.76686,49.76991],[28.77012,49.76819],[28.77213,49.76682],[28.77467,49.76471],[28.77906,49.7602],[28.78289,49.75795],[28.78488,49.75654],[28.79187,49.75067],[28.79789,49.74599],[28.79863,49.74511],[28.79902,49.74427],[28.79914,49.74339],[28.79895,49.74118],[28.79929,49.7399],[28.80067,49.73818],[28.80223,49.73703],[28.80343,49.73652],[28.80527,49.73618],[28.80708,49.73627],[28.80854,49.73663],[28.8268,49.74603],[28.82803,49.74656],[28.82948,49.74685],[28.83112,49.74687],[28.83235,49.74668],[28.84654,49.74261],[28.8491,49.74217],[28.85148,49.74207],[28.87055,49.74256],[28.87223,49.74292],[28.87888,49.74568],[28.88028,49.74611],[28.88192,49.74627],[28.88505,49.746],[28.88692,49.74614],[28.88836,49.74657],[28.89062,49.74789],[28.95629,49.79213],[29.01908,49.83904],[29.0199,49.8398],[29.02695,49.84507],[29.02962,49.84679],[29.05607,49.86651],[29.05949,49.86862],[29.09486,49.88455],[29.15789,49.90787],[29.20978,49.92355],[29.24,49.93615],[29.29175,49.95602],[29.29441,49.95689],[29.29745,49.95754],[29.30025,49.95786],[29.30298,49.95791],[29.30611,49.9577],[29.34161,49.95129],[29.41934,49.94087],[29.42636,49.94045],[29.43043,49.94055],[29.43441,49.94086],[29.75148,49.98396],[29.75696,49.98517],[29.826,50.00741],[29.83157,50.00945],[29.8338,50.01051],[29.88022,50.03527],[29.88932,50.04015],[29.89115,50.04131],[29.94099,50.08988],[29.94233,50.09096],[29.94499,50.09243],[29.96779,50.10156],[29.97076,50.10319],[29.99788,50.12256],[30.04347,50.16103],[30.0446,50.16195],[30.04619,50.16291],[30.04858,50.16399],[30.05,50.16441],[30.07516,50.17021],[30.07765,50.17101],[30.10518,50.18191],[30.11774,50.18711],[30.16643,50.20655],[30.16835,50.20721],[30.20267,50.21693],[30.2806,50.24738],[30.30744,50.25758],[30.30912,50.25825],[30.31096,50.25921],[30.31315,50.26099],[30.3146,50.26291],[30.31528,50.26495],[30.31534,50.26683],[30.31516,50.26771],[30.29993,50.30136],[30.29935,50.30312],[30.29852,50.30806],[30.29874,50.31604],[30.29933,50.32756],[30.30025,50.33822],[30.30094,50.34081],[30.3019,50.34313],[30.30331,50.34558],[30.30494,50.34784],[30.30835,50.35138],[30.33001,50.3713],[30.33291,50.37329],[30.33623,50.37497],[30.33896,50.37606],[30.34192,50.37698],[30.36091,50.38213],[30.36315,50.38287],[30.41356,50.39634],[30.41733,50.39774],[30.42156,50.39995],[30.42319,50.40109],[30.42626,50.40411],[30.42732,50.40541],[30.43184,50.41224],[30.43488,50.41624],[30.44594,50.43315],[30.44794,50.43581],[30.45058,50.43986],[30.45127,50.44061],[30.45236,50.44132],[30.45367,50.44183],[30.45515,50.44216],[30.46629,50.44255],[30.46999,50.4431],[30.47163,50.44352],[30.47524,50.44545],[30.47702,50.44595],[30.47918,50.44596],[30.48097,50.44552],[30.48212,50.44503],[30.48344,50.4442],[30.495,50.43579],[30.49955,50.43295],[30.51797,50.41456],[30.52242,50.4094],[30.52354,50.40842],[30.52496,50.40751],[30.527,50.40669],[30.52967,50.40611],[30.5385,50.40573],[30.54186,50.40542],[30.54482,50.40496],[30.55478,50.4028],[30.55764,50.40261],[30.56106,50.40313],[30.56257,50.40366],[30.56347,50.40417],[30.5679,50.40725],[30.56856,50.40802],[30.56981,50.40997],[30.57107,50.41129],[30.57235,50.41215],[30.57384,50.41277],[30.59647,50.41841],[30.60125,50.41993],[30.61909,50.42493],[30.6685,50.43716],[30.67409,50.43814],[30.68937,50.44208],[30.69604,50.44341],[30.70607,50.44677],[30.70893,50.44802],[30.71162,50.44953],[30.79455,50.50238],[30.81841,50.51721],[30.83495,50.52784],[30.90247,50.57037],[30.94673,50.59567],[31.02607,50.64049],[31.03553,50.64561],[31.05145,50.65469],[31.10473,50.6844],[31.10776,50.68566],[31.11044,50.68652],[31.1152,50.68758],[31.14826,50.69157],[31.1523,50.69237],[31.25141,50.71832],[31.254,50.71919],[31.35235,50.75832],[31.38679,50.76763],[31.38988,50.76862],[31.52708,50.80547],[31.53036,50.80647],[31.53265,50.80734],[31.53561,50.80877],[31.53937,50.81121],[31.54062,50.81225],[31.54321,50.81497],[31.60972,50.9113],[31.61108,50.91296],[31.61333,50.91507],[31.61677,50.91748],[31.62015,50.91923],[31.62284,50.9203],[31.7484,50.96662],[31.89375,51.01996],[31.93477,51.03477],[31.94199,51.03682],[32.03768,51.0624],[32.10097,51.07927],[32.10517,51.0802],[32.10861,51.0805],[32.13244,51.08124],[32.28086,51.0855],[32.43315,51.10216],[32.45773,51.10396],[32.4722,51.10642],[32.54462,51.11425],[32.65559,51.1319],[32.65967,51.13276],[32.66474,51.1344],[32.78566,51.17648],[32.79655,51.18008],[32.8066,51.18365],[32.81249,51.18513],[32.81602,51.18564],[32.82495,51.18651],[32.91937,51.19512],[33.00921,51.20417],[33.11036,51.21117],[33.11462,51.21193],[33.11925,51.21319],[33.12237,51.21442],[33.12898,51.21763],[33.13155,51.21863],[33.13495,51.21968],[33.1397,51.22051],[33.14495,51.22109],[33.15732,51.22173],[33.16649,51.22183],[33.17367,51.22218],[33.18287,51.22301],[33.19451,51.22363],[33.19582,51.22388],[33.19785,51.2247],[33.19914,51.22545],[33.19993,51.22613],[33.20082,51.22725],[33.20128,51.2283],[33.20143,51.2292],[33.20134,51.23007],[33.2007,51.23181],[33.19963,51.23368],[33.19784,51.2354],[33.17809,51.25222],[33.17666,51.2537],[33.1754,51.25533],[33.17486,51.2563],[33.17313,51.26136],[33.16647,51.30384],[33.1659,51.3052],[33.16486,51.30672],[33.16011,51.31102],[33.15906,51.31231],[33.15811,51.31412],[33.15516,51.32806],[33.15469,51.33203],[33.15399,51.33534],[33.15327,51.33718],[33.15239,51.3388],[33.1449,51.34997],[33.14408,51.35143],[33.14358,51.35298],[33.14346,51.35434],[33.1437,51.35593],[33.14423,51.35726],[33.15357,51.3704],[33.20549,51.44126],[33.20738,51.44356],[33.21118,51.44722],[33.21306,51.4487],[33.21764,51.45139],[33.23271,51.45953],[33.2362,51.46115],[33.28516,51.48023],[33.29374,51.48387],[33.29679,51.48562],[33.30039,51.48812],[33.30235,51.48983],[33.31975,51.50988],[33.32625,51.51701],[33.32728,51.51868],[33.3279,51.52007],[33.32923,51.52442],[33.33147,51.52798],[33.33192,51.52907],[33.33202,51.53041],[33.33181,51.53483],[33.33205,51.53638],[33.33273,51.53795],[33.33417,51.53961],[33.33533,51.54056],[33.33636,51.54115],[33.34673,51.54485],[33.37224,51.55566],[33.37454,51.55717],[33.37668,51.55953],[33.37915,51.5626],[33.37981,51.56396],[33.38059,51.56932],[33.38056,51.57096],[33.37908,51.5817],[33.37928,51.58427],[33.38009,51.58698],[33.38535,51.60027],[33.38595,51.60133],[33.38857,51.60393],[33.44241,51.64756],[33.44428,51.64936],[33.44496,51.65049],[33.4457,51.65261],[33.45193,51.69547],[33.45205,51.69699],[33.45179,51.71565],[33.4521,51.71745],[33.45293,51.71941],[33.45613,51.72403],[33.45714,51.72595],[33.46161,51.73604],[33.46771,51.74923],[33.46847,51.75046],[33.47483,51.7589],[33.47657,51.76049],[33.48739,51.7688],[33.492,51.77184],[33.52703,51.79137],[33.61609,51.84051],[33.62268,51.84486],[33.62456,51.84594],[33.64322,51.85587],[33.66933,51.8673],[33.67104,51.86857],[33.67533,51.87271],[33.67798,51.87479],[33.71112,51.8928],[33.77643,51.92794],[33.78492,51.93326],[33.79285,51.93702],[33.7946,51.93837],[33.79834,51.94298],[33.79926,51.9439],[33.80786,51.95233],[33.8106,51.95445],[33.81338,51.95609],[33.83303,51.96623],[33.84488,51.97195],[33.84804,51.9739],[33.92684,52.0322],[33.94158,52.04157],[33.94416,52.04357],[33.95225,52.04875],[33.9543,52.05022],[33.95596,52.05187],[33.95642,52.05266],[33.95852,52.05787],[33.95896,52.05861],[33.96017,52.05997],[33.96208,52.06132],[33.96843,52.06443],[33.97061,52.06566],[33.97218,52.06695],[33.97318,52.06833],[33.97362,52.06923],[33.97498,52.07408],[33.97512,52.07509],[33.97498,52.07688],[33.97415,52.07919],[33.97053,52.08629],[33.97015,52.08793],[33.9702,52.08921],[33.97068,52.09091],[33.97321,52.09762],[33.97919,52.10923],[33.98749,52.11921],[33.99021,52.12144],[33.99908,52.12642],[34.00151,52.12839],[34.00908,52.13671],[34.0131,52.14235],[34.01616,52.14698],[34.01673,52.14833],[34.01703,52.14976],[34.01905,52.16416],[34.0232,52.18931]]}},{"type":"Feature","properties":{"name":"2009_Suzemka -> Moscow (487.4km)","mode":"train","distance_km":"486.5"},"geometry":{"type":"LineString","coordinates":[[34.06779,52.31118],[34.06908,52.31196],[34.07116,52.31446],[34.07527,52.32156],[34.07601,52.3225],[34.07884,52.32524],[34.08439,52.32831],[34.08548,52.32921],[34.08665,52.33064],[34.10455,52.36259],[34.10692,52.36653],[34.1237,52.38251],[34.12681,52.38551],[34.12731,52.38617],[34.12821,52.38794],[34.13214,52.4006],[34.13227,52.4017],[34.13217,52.40267],[34.13147,52.40664],[34.13178,52.40833],[34.13258,52.40994],[34.14142,52.42426],[34.14339,52.42739],[34.14443,52.42867],[34.20816,52.50035],[34.23129,52.526],[34.27073,52.57015],[34.28613,52.58763],[34.30443,52.60789],[34.33058,52.6372],[34.37142,52.6824],[34.37402,52.6856],[34.38425,52.69666],[34.44409,52.75119],[34.49085,52.7933],[34.49601,52.79805],[34.49687,52.79906],[34.49784,52.80075],[34.49832,52.80264],[34.49888,52.81311],[34.49842,52.8159],[34.49738,52.8184],[34.49668,52.81949],[34.49562,52.82061],[34.49152,52.82379],[34.49027,52.82503],[34.48734,52.82749],[34.48625,52.82872],[34.48515,52.83087],[34.48251,52.84202],[34.4819,52.84335],[34.48058,52.84527],[34.47626,52.85086],[34.46771,52.85895],[34.46657,52.86047],[34.46574,52.8624],[34.46501,52.87658],[34.46511,52.87789],[34.46588,52.87998],[34.47064,52.89013],[34.47092,52.89206],[34.47058,52.89379],[34.46992,52.89513],[34.46215,52.90681],[34.4609,52.90957],[34.46063,52.91048],[34.45909,52.91941],[34.45731,52.93007],[34.45719,52.93174],[34.45755,52.93523],[34.46653,52.97475],[34.46636,52.97659],[34.46602,52.97767],[34.46447,52.98018],[34.45101,53.00012],[34.44693,53.00641],[34.43821,53.02689],[34.43446,53.03523],[34.43399,53.03724],[34.43378,53.03923],[34.43386,53.04069],[34.43412,53.0421],[34.43571,53.04764],[34.43577,53.0501],[34.42856,53.10983],[34.42536,53.13918],[34.41667,53.18884],[34.41604,53.19],[34.41174,53.19562],[34.4109,53.19701],[34.41041,53.19818],[34.40861,53.20544],[34.40811,53.20691],[34.40854,53.20868],[34.40936,53.21052],[34.41405,53.21779],[34.41726,53.22075],[34.42027,53.22274],[34.44272,53.23528],[34.44425,53.23649],[34.44552,53.23783],[34.44934,53.24271],[34.45077,53.24414],[34.46739,53.25464],[34.48771,53.27094],[34.4967,53.27941],[34.49861,53.28139],[34.51093,53.29282],[34.56219,53.34124],[34.56428,53.34304],[34.58372,53.36131],[34.59964,53.37598],[34.62374,53.39876],[34.65337,53.42983],[34.68919,53.4668],[34.75305,53.53406],[34.75453,53.53595],[34.75579,53.53815],[34.79169,53.61346],[34.79299,53.61589],[34.795,53.61876],[34.87301,53.72532],[34.87515,53.72764],[34.88022,53.73239],[34.88759,53.73873],[34.88983,53.74096],[34.90224,53.75827],[34.90552,53.76239],[34.90828,53.76674],[34.91726,53.77911],[34.97567,53.83879],[34.98584,53.84603],[34.98973,53.84853],[34.99389,53.85085],[34.99602,53.8526],[34.9977,53.85362],[35.00295,53.85552],[35.00725,53.85784],[35.01943,53.86185],[35.02215,53.86315],[35.02746,53.86608],[35.03117,53.86751],[35.03825,53.8691],[35.05517,53.87018],[35.06906,53.87212],[35.09262,53.8765],[35.09631,53.87738],[35.11751,53.8815],[35.11983,53.88223],[35.1229,53.88371],[35.14763,53.9017],[35.14886,53.90303],[35.14925,53.90376],[35.14961,53.905],[35.14929,53.91974],[35.14943,53.92117],[35.14983,53.92213],[35.15052,53.92315],[35.15153,53.9241],[35.16156,53.93035],[35.16258,53.9312],[35.16616,53.93589],[35.17372,53.94644],[35.17422,53.94734],[35.18491,53.97244],[35.18588,53.97415],[35.19439,53.98374],[35.19481,53.98437],[35.19874,53.99291],[35.19943,53.99406],[35.20333,53.99891],[35.20462,54.00227],[35.20961,54.01748],[35.21055,54.01889],[35.21158,54.01983],[35.21499,54.02198],[35.21725,54.02298],[35.2192,54.0235],[35.24267,54.02824],[35.24608,54.02942],[35.24795,54.03035],[35.24939,54.03133],[35.25617,54.03766],[35.26415,54.04313],[35.26492,54.04384],[35.26555,54.04469],[35.266,54.04567],[35.26619,54.04691],[35.2658,54.04919],[35.26577,54.05043],[35.26609,54.05135],[35.267,54.05281],[35.26857,54.05416],[35.27096,54.0554],[35.27674,54.05711],[35.27845,54.05784],[35.27999,54.05883],[35.28234,54.06115],[35.28421,54.06262],[35.2874,54.0643],[35.29742,54.06906],[35.30066,54.07039],[35.30517,54.07292],[35.31277,54.08017],[35.31945,54.08943],[35.32238,54.09274],[35.32349,54.09436],[35.32389,54.09586],[35.32368,54.09696],[35.32317,54.09781],[35.32201,54.09913],[35.32142,54.10029],[35.32129,54.10135],[35.32174,54.10265],[35.32226,54.10334],[35.32841,54.10905],[35.33639,54.1152],[35.33802,54.11607],[35.33995,54.11672],[35.34662,54.1182],[35.35062,54.11885],[35.35267,54.11888],[35.35827,54.11799],[35.3605,54.11785],[35.36288,54.11798],[35.36543,54.11846],[35.36839,54.11962],[35.38641,54.12845],[35.39004,54.1306],[35.39838,54.13638],[35.45641,54.17555],[35.53967,54.24225],[35.54051,54.24324],[35.54086,54.24393],[35.54458,54.25593],[35.54594,54.25933],[35.54677,54.26061],[35.54779,54.26157],[35.55817,54.26902],[35.56502,54.27255],[35.56758,54.27432],[35.56933,54.27645],[35.5727,54.28275],[35.57384,54.28427],[35.57498,54.28532],[35.58048,54.28924],[35.58666,54.29228],[35.58817,54.29347],[35.59097,54.29664],[35.59181,54.2974],[35.59328,54.29837],[35.59598,54.29972],[35.5994,54.30063],[35.60203,54.30078],[35.60612,54.30075],[35.61067,54.3015],[35.61553,54.30273],[35.61716,54.30347],[35.61859,54.30451],[35.61916,54.30505],[35.62004,54.30683],[35.62083,54.31158],[35.62129,54.31253],[35.62443,54.31716],[35.63037,54.33069],[35.63639,54.33951],[35.63765,54.34067],[35.63867,54.34131],[35.65054,54.34672],[35.65287,54.34759],[35.67221,54.35285],[35.68695,54.3578],[35.68986,54.35825],[35.69525,54.35841],[35.70276,54.36022],[35.71319,54.36411],[35.71476,54.36507],[35.71565,54.36587],[35.72191,54.37356],[35.72334,54.37505],[35.73177,54.38191],[35.73628,54.38579],[35.74323,54.39118],[35.76002,54.40468],[35.76201,54.40575],[35.78433,54.41518],[35.79379,54.41979],[35.79634,54.42075],[35.82634,54.43068],[35.82978,54.43135],[35.84465,54.43142],[35.88836,54.43111],[35.88986,54.43112],[35.89247,54.43142],[35.8944,54.43187],[35.89599,54.43246],[35.90128,54.43543],[35.9039,54.43651],[35.90971,54.43845],[35.91344,54.4402],[35.91496,54.44071],[35.91785,54.44119],[35.92298,54.44116],[35.92574,54.4415],[35.94512,54.44709],[35.94763,54.44766],[35.95067,54.44787],[35.96347,54.44668],[35.96594,54.4465],[35.96814,54.44658],[35.9694,54.44672],[35.97144,54.44726],[35.9754,54.44922],[35.97732,54.44994],[35.97949,54.4505],[35.98234,54.45077],[35.98566,54.45049],[35.99246,54.44853],[35.99538,54.44798],[36.00428,54.44745],[36.00795,54.44782],[36.01087,54.4487],[36.01214,54.44933],[36.01392,54.45059],[36.01947,54.4552],[36.03309,54.4635],[36.0382,54.46577],[36.0544,54.47181],[36.05731,54.47323],[36.08539,54.49211],[36.08666,54.49335],[36.09032,54.49826],[36.09327,54.50387],[36.10525,54.52176],[36.10661,54.52345],[36.1082,54.52477],[36.1311,54.54178],[36.13517,54.54498],[36.14214,54.54993],[36.14366,54.55113],[36.14467,54.55222],[36.14582,54.55382],[36.14629,54.55476],[36.14665,54.55671],[36.14651,54.55806],[36.14294,54.57027],[36.14209,54.57361],[36.14197,54.5747],[36.14297,54.5888],[36.14313,54.59025],[36.14432,54.59474],[36.14431,54.59636],[36.14376,54.5978],[36.13931,54.60656],[36.13868,54.60865],[36.13693,54.61879],[36.13658,54.62192],[36.13677,54.62338],[36.13734,54.62482],[36.13885,54.62683],[36.14641,54.63477],[36.15044,54.63869],[36.16129,54.65017],[36.17087,54.66362],[36.17253,54.66519],[36.17712,54.66854],[36.17826,54.67004],[36.17862,54.67091],[36.17876,54.67188],[36.17832,54.674],[36.17726,54.6759],[36.17492,54.67796],[36.17438,54.67867],[36.17182,54.68391],[36.16946,54.69182],[36.16933,54.69374],[36.16969,54.69582],[36.17025,54.69736],[36.17582,54.70694],[36.18042,54.71157],[36.18144,54.7127],[36.18194,54.71354],[36.18225,54.71447],[36.18256,54.71768],[36.1835,54.71919],[36.18461,54.72008],[36.18864,54.72239],[36.19242,54.72525],[36.19786,54.72819],[36.20019,54.72886],[36.20875,54.73025],[36.20994,54.73061],[36.21172,54.73141],[36.22173,54.73811],[36.307,54.78706],[36.30913,54.78855],[36.31039,54.78999],[36.31095,54.79086],[36.31659,54.8015],[36.31772,54.80406],[36.3183,54.80492],[36.32335,54.81194],[36.33062,54.82025],[36.3505,54.84795],[36.35124,54.84979],[36.35131,54.85053],[36.35124,54.85671],[36.35168,54.85807],[36.35207,54.85873],[36.36965,54.87774],[36.37003,54.87839],[36.37034,54.87905],[36.37367,54.89246],[36.37444,54.89363],[36.38486,54.90499],[36.38529,54.90566],[36.39564,54.93917],[36.3963,54.9405],[36.39698,54.9413],[36.39839,54.94243],[36.40596,54.94629],[36.40703,54.94697],[36.40876,54.94848],[36.4102,54.95058],[36.41069,54.95209],[36.41112,54.95539],[36.41168,54.95667],[36.41279,54.95817],[36.43791,54.98195],[36.44008,54.98336],[36.4668,54.99574],[36.4731,54.99764],[36.47686,54.99973],[36.47778,55.00055],[36.47838,55.0015],[36.48228,55.01105],[36.48302,55.01252],[36.48394,55.01352],[36.48501,55.01434],[36.48683,55.0153],[36.48882,55.01599],[36.49064,55.01639],[36.49748,55.01683],[36.50145,55.01662],[36.50709,55.01536],[36.51119,55.01497],[36.51423,55.01499],[36.51593,55.01521],[36.51735,55.01557],[36.51874,55.01618],[36.52026,55.01729],[36.52104,55.01836],[36.52128,55.01907],[36.52146,55.02113],[36.52004,55.02613],[36.51989,55.02759],[36.52006,55.02871],[36.52077,55.0304],[36.52215,55.03212],[36.52403,55.03339],[36.52528,55.03394],[36.52905,55.03501],[36.53071,55.03575],[36.53455,55.03826],[36.53524,55.03886],[36.53674,55.04082],[36.53755,55.04155],[36.54114,55.04367],[36.5423,55.04473],[36.54272,55.04529],[36.54307,55.04617],[36.54351,55.04793],[36.54416,55.04936],[36.54515,55.05033],[36.54764,55.05168],[36.55026,55.05278],[36.55257,55.05334],[36.56562,55.05378],[36.56789,55.05402],[36.57047,55.05469],[36.57519,55.05682],[36.57672,55.05797],[36.57891,55.06106],[36.57933,55.06239],[36.57849,55.06661],[36.57858,55.06764],[36.57898,55.06847],[36.57968,55.06935],[36.58159,55.07069],[36.5829,55.07119],[36.58439,55.0715],[36.58709,55.07171],[36.6,55.07068],[36.60344,55.07077],[36.60665,55.07145],[36.60911,55.07245],[36.61175,55.07408],[36.61289,55.07538],[36.61446,55.07816],[36.6148,55.07905],[36.61554,55.08509],[36.61626,55.0877],[36.62187,55.10081],[36.6323,55.12429],[36.63532,55.13197],[36.63728,55.13645],[36.63845,55.13802],[36.64113,55.14011],[36.64442,55.14313],[36.64587,55.14507],[36.64884,55.14972],[36.6493,55.15089],[36.64945,55.15215],[36.64889,55.1548],[36.64889,55.15565],[36.64903,55.1566],[36.64976,55.15807],[36.65332,55.16142],[36.65783,55.16472],[36.65901,55.16586],[36.66302,55.17168],[36.66342,55.17263],[36.6636,55.17431],[36.66247,55.18025],[36.66252,55.18145],[36.66346,55.1851],[36.66411,55.18679],[36.66417,55.18766],[36.6635,55.18923],[36.66135,55.19211],[36.66055,55.19362],[36.65906,55.20151],[36.65872,55.20403],[36.65849,55.21171],[36.65857,55.21408],[36.66107,55.22538],[36.6653,55.23508],[36.66712,55.24008],[36.6713,55.24958],[36.67194,55.25208],[36.67131,55.26142],[36.67112,55.26698],[36.6707,55.27016],[36.67071,55.27101],[36.66796,55.28184],[36.66672,55.28542],[36.66638,55.29055],[36.66447,55.302],[36.66484,55.30374],[36.66601,55.30593],[36.67197,55.31551],[36.67899,55.33347],[36.68049,55.33767],[36.68253,55.34063],[36.68636,55.34547],[36.688,55.34689],[36.70227,55.35699],[36.70965,55.36251],[36.71131,55.36358],[36.71792,55.36716],[36.72304,55.37116],[36.7239,55.37214],[36.72425,55.37287],[36.72434,55.37428],[36.72402,55.37518],[36.72286,55.37738],[36.72261,55.37851],[36.72264,55.37947],[36.72296,55.38044],[36.72358,55.38151],[36.72498,55.38287],[36.7273,55.38401],[36.72919,55.38447],[36.73079,55.38461],[36.73304,55.3845],[36.74114,55.38336],[36.75433,55.38321],[36.76506,55.3834],[36.76771,55.3839],[36.77051,55.38493],[36.77188,55.38575],[36.77482,55.38808],[36.79414,55.4039],[36.81528,55.41589],[36.82202,55.42017],[36.82385,55.42117],[36.84189,55.43042],[36.87694,55.44908],[36.87788,55.44976],[36.89176,55.462],[36.89402,55.46379],[36.91677,55.48007],[36.923,55.48471],[36.9381,55.49962],[36.97033,55.51826],[36.97369,55.51999],[36.98065,55.52297],[36.98216,55.52392],[36.98441,55.5259],[36.98585,55.52686],[36.98781,55.52772],[36.98968,55.52826],[37.00082,55.53042],[37.00294,55.531],[37.0054,55.53201],[37.01376,55.53662],[37.01572,55.53747],[37.01719,55.53792],[37.02086,55.53852],[37.0291,55.53863],[37.03152,55.53888],[37.03451,55.53966],[37.03867,55.54157],[37.04073,55.54222],[37.04252,55.54257],[37.04839,55.54323],[37.05155,55.54395],[37.05935,55.54711],[37.06544,55.54936],[37.08638,55.55822],[37.0883,55.55941],[37.0894,55.56048],[37.09343,55.56714],[37.09423,55.56822],[37.09624,55.57005],[37.101,55.57391],[37.10214,55.57467],[37.10486,55.57596],[37.11026,55.57819],[37.12134,55.58247],[37.12503,55.58317],[37.13145,55.58315],[37.13578,55.58353],[37.13932,55.58441],[37.1447,55.58614],[37.14632,55.58685],[37.14812,55.58783],[37.14916,55.58858],[37.14986,55.5893],[37.15093,55.59114],[37.15152,55.59184],[37.15298,55.59304],[37.15418,55.59376],[37.15696,55.59478],[37.16369,55.59617],[37.16584,55.5969],[37.18396,55.60683],[37.19541,55.61203],[37.19658,55.61274],[37.19952,55.6154],[37.20108,55.61643],[37.2026,55.61712],[37.2087,55.61914],[37.21106,55.62082],[37.21638,55.62653],[37.21693,55.6275],[37.2176,55.62929],[37.21836,55.63226],[37.21894,55.63311],[37.2199,55.63402],[37.22099,55.63473],[37.22244,55.63539],[37.22737,55.63675],[37.22871,55.63729],[37.22986,55.63798],[37.23327,55.6406],[37.2356,55.64181],[37.23866,55.64286],[37.2484,55.64534],[37.2502,55.64603],[37.25379,55.64784],[37.25512,55.64835],[37.25735,55.64895],[37.25918,55.64917],[37.26815,55.64901],[37.28214,55.64916],[37.3047,55.6461],[37.30659,55.64597],[37.3254,55.64638],[37.32698,55.64653],[37.32953,55.64713],[37.33153,55.64798],[37.33295,55.64903],[37.33441,55.65098],[37.33542,55.65194],[37.33742,55.65304],[37.33949,55.65365],[37.35033,55.65586],[37.35261,55.65616],[37.36091,55.65651],[37.37327,55.65603],[37.3788,55.65646],[37.38895,55.65894],[37.39423,55.65977],[37.41161,55.66301],[37.42927,55.66826],[37.43135,55.66909],[37.43312,55.67018],[37.43689,55.67357],[37.43933,55.67604],[37.44329,55.67916],[37.46281,55.69027],[37.46423,55.69156],[37.46805,55.69658],[37.47102,55.69895],[37.477,55.7025],[37.48652,55.70646],[37.4879,55.70715],[37.4896,55.70828],[37.49064,55.70929],[37.49114,55.71001],[37.49321,55.71365],[37.49346,55.71499],[37.49349,55.71741],[37.49374,55.71831],[37.49549,55.72067],[37.49736,55.72212],[37.499,55.72288],[37.50512,55.72512],[37.51763,55.73085],[37.52221,55.7324],[37.52515,55.73315],[37.53118,55.73413],[37.53627,55.73563],[37.54267,55.73686],[37.553,55.73964],[37.56287,55.74194]]}},{"type":"Feature","properties":{"name":"2010_Bergamo -> Budapest (1,010.5km)","mode":"train","distance_km":"1008.4"},"geometry":{"type":"LineString","coordinates":[[9.67478,45.69021],[9.67755,45.69113],[9.68095,45.69156],[9.68374,45.69157],[9.6877,45.69114],[9.71455,45.68237],[9.7177,45.68198],[9.71953,45.68205],[9.72135,45.68236],[9.74043,45.68687],[9.74267,45.68713],[9.74416,45.68708],[9.79714,45.67732],[9.79887,45.67689],[9.79999,45.67643],[9.80214,45.67508],[9.82221,45.65959],[9.82369,45.65889],[9.84911,45.64964],[9.85151,45.64831],[9.85299,45.64688],[9.87549,45.61758],[9.92073,45.58252],[9.9232,45.58126],[9.97173,45.56266],[9.98188,45.55973],[9.99474,45.55364],[9.9965,45.55299],[10.00685,45.5512],[10.04394,45.54526],[10.04812,45.54477],[10.13225,45.5489],[10.13717,45.54876],[10.14022,45.54832],[10.14387,45.54744],[10.17427,45.53659],[10.17703,45.53582],[10.20697,45.53361],[10.20899,45.53326],[10.22109,45.53026],[10.22322,45.52994],[10.24655,45.52911],[10.25045,45.52864],[10.25341,45.52788],[10.25619,45.52679],[10.37493,45.47546],[10.37929,45.47393],[10.38369,45.47304],[10.38878,45.47273],[10.41625,45.47417],[10.42006,45.47389],[10.47948,45.45746],[10.48123,45.45712],[10.48401,45.45692],[10.48677,45.4572],[10.48972,45.45802],[10.51275,45.4672],[10.51435,45.46771],[10.51654,45.46815],[10.51838,45.46831],[10.52084,45.46829],[10.52288,45.46804],[10.52479,45.46756],[10.52694,45.46677],[10.59627,45.43666],[10.59871,45.43588],[10.60061,45.43554],[10.60233,45.43542],[10.60483,45.43553],[10.66616,45.44185],[10.66952,45.44207],[10.67175,45.44192],[10.67407,45.44146],[10.68383,45.43824],[10.69043,45.43555],[10.69248,45.43511],[10.69463,45.43501],[10.69696,45.43532],[10.69908,45.43604],[10.70081,45.4371],[10.70511,45.44029],[10.70645,45.44101],[10.70906,45.44184],[10.71275,45.44216],[10.71501,45.44185],[10.75951,45.43051],[10.79632,45.42414],[10.81395,45.42158],[10.81676,45.4213],[10.82124,45.4216],[10.83457,45.42444],[10.84827,45.42704],[10.85139,45.42738],[10.95751,45.42699],[10.96085,45.42674],[10.96566,45.42579],[10.96784,45.42564],[10.96981,45.42585],[10.97573,45.42717],[10.98627,45.42918],[10.98908,45.4293],[10.99047,45.42916],[10.99176,45.42879],[10.99729,45.42629],[10.99874,45.42599],[11.00006,45.42598],[11.00133,45.42622],[11.0028,45.4269],[11.00989,45.43321],[11.01082,45.43384],[11.01196,45.43436],[11.01338,45.43473],[11.02567,45.4365],[11.02852,45.43663],[11.03745,45.43499],[11.04018,45.43412],[11.04192,45.43323],[11.04337,45.43221],[11.04626,45.42897],[11.04789,45.42772],[11.05063,45.42644],[11.05273,45.42599],[11.06229,45.42473],[11.11666,45.41826],[11.16301,45.41426],[11.18792,45.41365],[11.19077,45.41346],[11.25446,45.40186],[11.25676,45.40162],[11.26096,45.40148],[11.26501,45.40165],[11.33693,45.40995],[11.3398,45.41053],[11.34242,45.41154],[11.34414,45.41254],[11.34525,45.41343],[11.38978,45.45181],[11.39164,45.45293],[11.39304,45.45351],[11.4024,45.45634],[11.40521,45.4574],[11.4074,45.45851],[11.41038,45.46033],[11.41267,45.46215],[11.41482,45.46435],[11.41696,45.46703],[11.42553,45.47952],[11.43123,45.4856],[11.43404,45.48827],[11.44118,45.4958],[11.45192,45.50942],[11.45324,45.51076],[11.45494,45.51193],[11.45796,45.51321],[11.48946,45.5225],[11.52194,45.53942],[11.52404,45.54023],[11.52626,45.54066],[11.53195,45.54097],[11.54162,45.5408],[11.54507,45.54105],[11.55172,45.54104],[11.56356,45.54228],[11.56585,45.54216],[11.56779,45.54183],[11.59543,45.53568],[11.5977,45.53496],[11.65543,45.5102],[11.70128,45.49078],[11.71279,45.48528],[11.72299,45.48072],[11.76578,45.46075],[11.82367,45.44044],[11.87406,45.41913],[11.87618,45.41857],[11.87761,45.41848],[11.88356,45.41755],[11.88621,45.4174],[11.88907,45.41778],[11.90227,45.42028],[11.91178,45.42229],[12.01143,45.44142],[12.10936,45.46091],[12.17689,45.47528],[12.21117,45.48279],[12.21558,45.48344],[12.22038,45.48378],[12.22198,45.4838],[12.22423,45.48353],[12.23174,45.4815],[12.24077,45.47966],[12.24668,45.47811],[12.25009,45.47662],[12.25499,45.47305],[12.25817,45.47147],[12.2613,45.47052],[12.26869,45.46914],[12.27154,45.46832],[12.27438,45.46726],[12.27948,45.46473],[12.30715,45.44915],[12.321,45.44166],[12.28049,45.46433],[12.27493,45.46716],[12.27248,45.46813],[12.2693,45.46911],[12.26135,45.47064],[12.25788,45.47175],[12.25477,45.47339],[12.25014,45.47682],[12.24662,45.47857],[12.22781,45.48331],[12.22608,45.48391],[12.22436,45.48505],[12.22368,45.48599],[12.22292,45.4891],[12.22311,45.49015],[12.22405,45.49122],[12.23087,45.49519],[12.25083,45.50894],[12.25434,45.51116],[12.30973,45.54255],[12.36572,45.57504],[12.37716,45.58146],[12.39616,45.58911],[12.44997,45.6116],[12.45999,45.61537],[12.48889,45.62184],[12.54523,45.63329],[12.5476,45.6339],[12.55009,45.63482],[12.56548,45.64286],[12.63039,45.68585],[12.67686,45.71798],[12.67942,45.71957],[12.68167,45.72061],[12.69684,45.7265],[12.81308,45.77361],[12.83872,45.78385],[12.84113,45.78444],[12.84343,45.78458],[12.85549,45.78339],[12.85862,45.78322],[12.94563,45.78348],[12.94849,45.78303],[12.9885,45.77201],[12.99065,45.77163],[12.99328,45.77163],[12.99835,45.77246],[12.99987,45.77325],[13.00042,45.77385],[13.00071,45.77445],[13.00095,45.77631],[13.00177,45.78026],[13.0026,45.78175],[13.00437,45.78318],[13.00888,45.78592],[13.01181,45.78722],[13.06854,45.7991],[13.17516,45.82864],[13.17877,45.82941],[13.18181,45.82956],[13.22349,45.82892],[13.226,45.82864],[13.23124,45.82746],[13.23429,45.82715],[13.24267,45.82722],[13.24785,45.82769],[13.24985,45.82773],[13.26709,45.82626],[13.28543,45.82596],[13.31087,45.82525],[13.3154,45.82559],[13.32232,45.827],[13.32645,45.82713],[13.32892,45.8268],[13.34194,45.82422],[13.35277,45.82171],[13.37357,45.81732],[13.41821,45.80902],[13.42129,45.80869],[13.42446,45.80884],[13.434,45.81019],[13.43661,45.81106],[13.44504,45.81471],[13.4467,45.81519],[13.44873,45.8155],[13.45728,45.81571],[13.51579,45.81909],[13.5179,45.81893],[13.51929,45.8185],[13.52039,45.8179],[13.52265,45.81567],[13.52403,45.81478],[13.5318,45.81237],[13.53285,45.81188],[13.5351,45.81043],[13.53828,45.80915],[13.54199,45.80794],[13.55256,45.80573],[13.55755,45.8036],[13.56608,45.80237],[13.57071,45.8029],[13.57442,45.80258],[13.57558,45.80262],[13.58125,45.80382],[13.58317,45.80369],[13.58499,45.8031],[13.58609,45.8024],[13.58687,45.80155],[13.58976,45.79607],[13.59098,45.79503],[13.5941,45.79343],[13.5953,45.79226],[13.597,45.78976],[13.59729,45.78875],[13.59739,45.78667],[13.59776,45.78572],[13.59828,45.78501],[13.60187,45.7813],[13.60459,45.7796],[13.6061,45.77898],[13.60972,45.77782],[13.61129,45.77755],[13.61273,45.77755],[13.61702,45.77817],[13.62303,45.77782],[13.62451,45.77745],[13.62678,45.77654],[13.6286,45.7762],[13.63069,45.77626],[13.63874,45.77773],[13.64102,45.77756],[13.64294,45.77688],[13.65169,45.7705],[13.65287,45.76922],[13.65336,45.7679],[13.65327,45.76659],[13.65065,45.7617],[13.65039,45.76079],[13.65047,45.75972],[13.65117,45.75813],[13.65197,45.75715],[13.65751,45.75294],[13.65866,45.75237],[13.66001,45.75198],[13.66152,45.75181],[13.66293,45.75188],[13.66452,45.75223],[13.67904,45.75735],[13.68042,45.75752],[13.68169,45.75748],[13.68304,45.75722],[13.68448,45.7567],[13.68548,45.75603],[13.68864,45.75313],[13.69105,45.75122],[13.69211,45.75068],[13.6961,45.74945],[13.69725,45.7488],[13.69788,45.748],[13.69899,45.74513],[13.69993,45.74413],[13.70122,45.7435],[13.70445,45.74265],[13.70558,45.7419],[13.71044,45.73618],[13.71229,45.73052],[13.71288,45.72964],[13.71375,45.72886],[13.71476,45.72829],[13.71587,45.7279],[13.7171,45.72767],[13.71848,45.72763],[13.72093,45.72813],[13.72479,45.73009],[13.72645,45.73061],[13.72891,45.73064],[13.72998,45.73039],[13.73115,45.72989],[13.73929,45.72324],[13.74055,45.72263],[13.74595,45.72101],[13.7502,45.71803],[13.75488,45.71575],[13.76074,45.71193],[13.76135,45.7114],[13.76176,45.71074],[13.76252,45.70595],[13.76287,45.70512],[13.76355,45.70427],[13.76472,45.70342],[13.76615,45.70285],[13.76745,45.7026],[13.77066,45.70235],[13.77199,45.70198],[13.7732,45.70137],[13.77421,45.7005],[13.77488,45.69942],[13.77508,45.69867],[13.77515,45.6966],[13.77537,45.69591],[13.77595,45.69504],[13.7769,45.6942],[13.77925,45.6927],[13.78126,45.69204],[13.78331,45.69193],[13.78533,45.69233],[13.79373,45.69549],[13.80309,45.69925],[13.80452,45.69949],[13.80544,45.69947],[13.80727,45.69901],[13.80966,45.69771],[13.81067,45.69735],[13.81568,45.6972],[13.81914,45.69623],[13.82014,45.69563],[13.82237,45.69388],[13.82606,45.69282],[13.82741,45.69215],[13.82808,45.69139],[13.82904,45.68929],[13.82966,45.68863],[13.83041,45.68813],[13.83207,45.68761],[13.83409,45.68762],[13.83573,45.68814],[13.83684,45.68903],[13.83735,45.68997],[13.83831,45.69373],[13.83892,45.69458],[13.83973,45.69515],[13.84137,45.69564],[13.84531,45.69542],[13.847,45.69572],[13.85263,45.69834],[13.85347,45.69915],[13.85476,45.70094],[13.8561,45.70178],[13.86089,45.70295],[13.86476,45.7032],[13.86697,45.70396],[13.86989,45.70434],[13.87089,45.70476],[13.87173,45.70542],[13.87353,45.70813],[13.87454,45.70895],[13.8808,45.7108],[13.8832,45.71105],[13.89025,45.71047],[13.89312,45.70962],[13.89848,45.70672],[13.89924,45.70591],[13.89978,45.70456],[13.90018,45.70404],[13.90114,45.70336],[13.90212,45.70302],[13.90319,45.70289],[13.90428,45.70299],[13.90666,45.70393],[13.90797,45.70414],[13.91384,45.70345],[13.91737,45.70375],[13.91904,45.70369],[13.92079,45.70325],[13.93275,45.69854],[13.94338,45.69647],[13.94458,45.69584],[13.94541,45.6951],[13.94702,45.69197],[13.94819,45.69098],[13.95961,45.6864],[13.96071,45.68536],[13.96184,45.68318],[13.96309,45.68218],[13.96432,45.68174],[13.96936,45.68052],[13.97087,45.68051],[13.98291,45.68193],[13.98391,45.68211],[13.98493,45.68253],[13.98575,45.68318],[13.98623,45.68416],[13.98621,45.68492],[13.98562,45.68787],[13.98562,45.68853],[13.98596,45.68939],[13.99052,45.69379],[13.99147,45.69433],[13.99264,45.69467],[13.99461,45.69454],[14.01097,45.68993],[14.01251,45.68928],[14.01348,45.6885],[14.01509,45.68576],[14.01577,45.68497],[14.01965,45.68255],[14.0204,45.68178],[14.02064,45.68126],[14.02071,45.68047],[14.01962,45.67569],[14.01977,45.67484],[14.02024,45.6741],[14.02616,45.66729],[14.02709,45.66668],[14.02872,45.66599],[14.03041,45.66475],[14.03179,45.66429],[14.033,45.66422],[14.03463,45.66454],[14.03564,45.66506],[14.0382,45.66705],[14.03963,45.66759],[14.05924,45.66994],[14.06167,45.66952],[14.06291,45.66887],[14.06361,45.66795],[14.06434,45.66548],[14.0653,45.66456],[14.0668,45.66399],[14.06831,45.66394],[14.06946,45.66422],[14.07029,45.66467],[14.0745,45.66829],[14.07573,45.6687],[14.07701,45.66872],[14.07821,45.66841],[14.07918,45.66778],[14.08374,45.66263],[14.08451,45.66205],[14.08591,45.66154],[14.0931,45.65988],[14.09487,45.65984],[14.10338,45.66286],[14.10409,45.66317],[14.10481,45.66375],[14.10536,45.66465],[14.10548,45.66533],[14.10453,45.66794],[14.10448,45.66888],[14.1049,45.66977],[14.10621,45.6708],[14.12077,45.67824],[14.12382,45.67909],[14.1289,45.6797],[14.13012,45.67999],[14.13722,45.68397],[14.13908,45.68445],[14.14134,45.68414],[14.15589,45.68038],[14.1585,45.67931],[14.16421,45.67601],[14.16555,45.67552],[14.16756,45.67542],[14.17016,45.67601],[14.1715,45.67616],[14.17737,45.67593],[14.1787,45.67569],[14.18035,45.6749],[14.18429,45.67174],[14.18588,45.67131],[14.18726,45.67143],[14.18834,45.67186],[14.18904,45.67246],[14.19319,45.67813],[14.19368,45.67902],[14.19377,45.67964],[14.19364,45.68022],[14.19324,45.68086],[14.19108,45.68249],[14.19036,45.68362],[14.19045,45.68476],[14.19175,45.68723],[14.19176,45.68793],[14.19153,45.68856],[14.19082,45.68937],[14.18847,45.69086],[14.18792,45.69159],[14.1877,45.69225],[14.18789,45.69332],[14.18884,45.69488],[14.18892,45.69587],[14.18854,45.69668],[14.18676,45.69895],[14.18641,45.7002],[14.18668,45.70119],[14.18798,45.70294],[14.18829,45.70369],[14.18825,45.70451],[14.18772,45.70592],[14.18773,45.70653],[14.18911,45.70906],[14.1902,45.71622],[14.19024,45.71746],[14.1897,45.71929],[14.18554,45.72641],[14.18535,45.72722],[14.18543,45.72797],[14.18579,45.72867],[14.18671,45.72955],[14.19047,45.73188],[14.19275,45.73454],[14.19397,45.73552],[14.19614,45.73645],[14.19974,45.73723],[14.20081,45.73783],[14.20136,45.73837],[14.20177,45.73904],[14.20194,45.74021],[14.20174,45.74089],[14.20081,45.7425],[14.20072,45.74372],[14.20096,45.74429],[14.20262,45.74638],[14.20275,45.74713],[14.20238,45.74948],[14.20255,45.75007],[14.20312,45.75082],[14.20707,45.75333],[14.21039,45.75396],[14.21155,45.75442],[14.21237,45.75507],[14.21336,45.75684],[14.21427,45.75764],[14.215,45.75799],[14.21801,45.75881],[14.22006,45.75997],[14.22087,45.76069],[14.22126,45.76167],[14.22113,45.76314],[14.22126,45.76385],[14.22289,45.76623],[14.22306,45.76722],[14.22288,45.76796],[14.22154,45.76976],[14.22141,45.77076],[14.22187,45.77221],[14.22196,45.77304],[14.22159,45.77408],[14.2205,45.77557],[14.22027,45.77621],[14.22026,45.77722],[14.22077,45.77919],[14.22072,45.78005],[14.2202,45.78182],[14.22018,45.7826],[14.2206,45.78372],[14.22363,45.78739],[14.22466,45.7881],[14.22691,45.78873],[14.22807,45.78942],[14.22869,45.79032],[14.22892,45.79205],[14.22914,45.79261],[14.22989,45.7934],[14.23079,45.79389],[14.23996,45.79718],[14.25727,45.79947],[14.25869,45.79978],[14.26645,45.80322],[14.26744,45.80389],[14.26889,45.80525],[14.2697,45.80567],[14.27107,45.80598],[14.27355,45.80598],[14.27488,45.80637],[14.27931,45.80953],[14.28062,45.81022],[14.28212,45.8107],[14.28421,45.81098],[14.28614,45.81088],[14.29036,45.80984],[14.29553,45.80904],[14.29676,45.8087],[14.29776,45.80806],[14.29829,45.80737],[14.29848,45.80673],[14.2986,45.80495],[14.299,45.80421],[14.29945,45.80377],[14.30339,45.80175],[14.30542,45.80127],[14.30767,45.80147],[14.30935,45.80223],[14.31475,45.80631],[14.31549,45.8072],[14.31576,45.80793],[14.31558,45.81193],[14.31535,45.8127],[14.31208,45.81663],[14.31133,45.81769],[14.31098,45.8186],[14.31095,45.81975],[14.31121,45.82039],[14.31176,45.82108],[14.3139,45.82308],[14.31437,45.82379],[14.31459,45.82456],[14.3143,45.82593],[14.31179,45.83044],[14.31051,45.83142],[14.29968,45.83607],[14.29852,45.83675],[14.29779,45.8375],[14.29633,45.8404],[14.29575,45.84112],[14.28776,45.84746],[14.28731,45.84811],[14.28708,45.84886],[14.28699,45.85099],[14.28665,45.85179],[14.28616,45.85241],[14.28547,45.85296],[14.28254,45.85429],[14.28162,45.8549],[14.27296,45.86382],[14.27229,45.86516],[14.2719,45.86756],[14.2715,45.86855],[14.26543,45.87503],[14.26455,45.8763],[14.26439,45.877],[14.26452,45.87794],[14.26685,45.88261],[14.26711,45.88338],[14.26697,45.88446],[14.2664,45.88532],[14.26558,45.88591],[14.26135,45.88796],[14.25797,45.89069],[14.25366,45.89223],[14.25278,45.89277],[14.25069,45.89469],[14.24639,45.89639],[14.24547,45.89691],[14.24245,45.89966],[14.24045,45.90071],[14.23946,45.90148],[14.235,45.9086],[14.2348,45.90959],[14.23511,45.91522],[14.23706,45.92229],[14.23753,45.92322],[14.23995,45.92551],[14.24042,45.92637],[14.24034,45.92737],[14.23872,45.9308],[14.23889,45.93196],[14.23957,45.93275],[14.24473,45.93647],[14.24627,45.93815],[14.247,45.93974],[14.24709,45.94424],[14.24762,45.94536],[14.2488,45.9462],[14.25184,45.94732],[14.25335,45.94889],[14.25416,45.94943],[14.25559,45.94984],[14.25994,45.94995],[14.26102,45.95011],[14.26209,45.95056],[14.26427,45.95211],[14.26525,45.95248],[14.26681,45.95262],[14.26827,45.95231],[14.2692,45.95179],[14.26985,45.95107],[14.27449,45.94195],[14.27517,45.94137],[14.27616,45.94092],[14.27815,45.94073],[14.27922,45.94097],[14.28183,45.94204],[14.28584,45.94229],[14.28681,45.94268],[14.28816,45.94357],[14.28953,45.94396],[14.29091,45.94398],[14.29677,45.94344],[14.30121,45.94415],[14.30221,45.94465],[14.30295,45.94542],[14.30464,45.94975],[14.3052,45.95069],[14.30624,45.95172],[14.30841,45.95327],[14.31017,45.95399],[14.31617,45.95523],[14.31749,45.95528],[14.31872,45.95499],[14.32337,45.95228],[14.32685,45.95092],[14.32871,45.94952],[14.32954,45.94839],[14.33032,45.94642],[14.3322,45.94376],[14.33313,45.94089],[14.33372,45.93984],[14.33901,45.93349],[14.3438,45.92902],[14.34468,45.92845],[14.34563,45.92815],[14.34907,45.92805],[14.35007,45.92773],[14.35086,45.92726],[14.35479,45.92398],[14.35534,45.92304],[14.35574,45.9211],[14.35657,45.92017],[14.35806,45.91953],[14.36101,45.91905],[14.3624,45.91828],[14.36299,45.91755],[14.36453,45.9141],[14.36524,45.91307],[14.36996,45.90901],[14.37382,45.90628],[14.37546,45.90586],[14.37714,45.90599],[14.37849,45.90656],[14.37933,45.90736],[14.37972,45.90837],[14.37952,45.90937],[14.37898,45.91012],[14.37803,45.91076],[14.37451,45.91185],[14.37316,45.9125],[14.372,45.91348],[14.37147,45.91423],[14.36698,45.92387],[14.36357,45.9317],[14.3633,45.9326],[14.36317,45.93393],[14.36355,45.93583],[14.364,45.9368],[14.36486,45.93798],[14.36835,45.94119],[14.37078,45.9448],[14.3722,45.94633],[14.37372,45.9474],[14.38551,45.9542],[14.38758,45.95554],[14.38866,45.95645],[14.38969,45.95766],[14.39139,45.961],[14.39205,45.96199],[14.39336,45.96335],[14.39575,45.96535],[14.39667,45.9664],[14.39734,45.9676],[14.39773,45.96876],[14.39915,45.97878],[14.39976,45.98111],[14.4127,46.01064],[14.41456,46.01356],[14.41631,46.01548],[14.41813,46.01699],[14.42061,46.0186],[14.42258,46.01954],[14.49495,46.0506],[14.4962,46.05141],[14.49732,46.05255],[14.49788,46.05357],[14.49862,46.05572],[14.49919,46.05653],[14.50024,46.05744],[14.50195,46.05829],[14.50354,46.05863],[14.50699,46.05881],[14.51566,46.05891],[14.52168,46.05883],[14.52437,46.05859],[14.51945,46.05834],[14.51329,46.05827],[14.52524,46.05856],[14.57601,46.05912],[14.60602,46.05905],[14.61,46.0593],[14.61713,46.05944],[14.61935,46.06011],[14.62887,46.06541],[14.63208,46.06687],[14.63393,46.06863],[14.63475,46.07016],[14.63535,46.07078],[14.6418,46.07485],[14.64366,46.07519],[14.64728,46.07494],[14.65113,46.07496],[14.65234,46.07523],[14.65838,46.07743],[14.66029,46.07768],[14.66298,46.07765],[14.66429,46.0779],[14.6682,46.07926],[14.67225,46.08138],[14.67508,46.08229],[14.67706,46.08396],[14.67819,46.08598],[14.67916,46.08667],[14.68036,46.08711],[14.68482,46.08755],[14.69027,46.08866],[14.69388,46.08874],[14.69735,46.08827],[14.70612,46.08612],[14.70796,46.08559],[14.7117,46.08417],[14.71482,46.08351],[14.71914,46.08314],[14.72596,46.08292],[14.73454,46.08358],[14.73892,46.08492],[14.74359,46.08583],[14.74521,46.08633],[14.75175,46.08979],[14.7538,46.09049],[14.75659,46.09087],[14.76522,46.0911],[14.76655,46.0913],[14.76878,46.09198],[14.77091,46.0931],[14.77446,46.09604],[14.77553,46.09711],[14.77815,46.10036],[14.78,46.10186],[14.78132,46.10257],[14.78311,46.10324],[14.78519,46.10368],[14.78703,46.10382],[14.78995,46.10356],[14.79125,46.1031],[14.79229,46.10242],[14.79426,46.09988],[14.80046,46.09076],[14.8038,46.08797],[14.80606,46.08654],[14.80895,46.08528],[14.81099,46.08468],[14.81318,46.08451],[14.82121,46.08487],[14.82306,46.08437],[14.82371,46.08394],[14.82411,46.08345],[14.82449,46.08265],[14.82515,46.07944],[14.8251,46.07803],[14.82474,46.07686],[14.82152,46.0711],[14.81905,46.06883],[14.81669,46.0658],[14.81584,46.06409],[14.8155,46.06237],[14.81555,46.06108],[14.81583,46.06002],[14.81635,46.05921],[14.81706,46.05859],[14.81926,46.05765],[14.8208,46.05751],[14.82252,46.05764],[14.82437,46.05804],[14.82603,46.05871],[14.83275,46.06299],[14.83414,46.06368],[14.84039,46.06529],[14.85914,46.07285],[14.86199,46.07457],[14.86811,46.07973],[14.86974,46.08084],[14.87634,46.08435],[14.88007,46.08566],[14.88261,46.0862],[14.89701,46.08848],[14.90031,46.08925],[14.90237,46.0901],[14.90495,46.09207],[14.90653,46.09294],[14.90808,46.09347],[14.90993,46.09387],[14.91311,46.09376],[14.91682,46.09285],[14.9186,46.09259],[14.9204,46.09264],[14.92345,46.09304],[14.92736,46.09314],[14.93227,46.09247],[14.93492,46.09188],[14.93712,46.09183],[14.93822,46.09193],[14.94046,46.09257],[14.94638,46.0931],[14.95244,46.09495],[14.95466,46.09605],[14.95575,46.09692],[14.95762,46.10003],[14.9594,46.10162],[14.96137,46.10442],[14.96217,46.10515],[14.96678,46.10719],[14.97317,46.11116],[14.97495,46.11174],[14.97907,46.11249],[14.98083,46.11319],[14.98359,46.11526],[14.98541,46.11751],[14.98615,46.11821],[14.98887,46.11993],[14.98982,46.12034],[14.99251,46.12064],[14.99366,46.12044],[14.99451,46.12009],[14.99534,46.11949],[15.00072,46.11398],[15.00232,46.11297],[15.00429,46.11255],[15.00773,46.11225],[15.0087,46.11232],[15.00967,46.11258],[15.01168,46.11366],[15.01858,46.11556],[15.02003,46.1161],[15.02438,46.11853],[15.02604,46.12013],[15.02879,46.12194],[15.03659,46.12616],[15.03781,46.12646],[15.04451,46.12706],[15.04625,46.12706],[15.05351,46.12654],[15.05926,46.12594],[15.06401,46.12665],[15.0664,46.12652],[15.06801,46.12588],[15.06874,46.1253],[15.07036,46.12223],[15.07087,46.12166],[15.07274,46.12064],[15.07425,46.12021],[15.07826,46.1201],[15.08069,46.12067],[15.08483,46.12132],[15.09083,46.12271],[15.09221,46.12276],[15.09337,46.12258],[15.09554,46.12168],[15.09654,46.121],[15.10187,46.11489],[15.10307,46.11405],[15.10473,46.11368],[15.11007,46.11373],[15.11544,46.11273],[15.11745,46.11192],[15.11935,46.11087],[15.12003,46.11008],[15.12044,46.10884],[15.12094,46.10805],[15.12242,46.10675],[15.12352,46.10619],[15.12734,46.10557],[15.12844,46.10557],[15.12998,46.10584],[15.13158,46.10575],[15.1354,46.10449],[15.13852,46.10277],[15.14201,46.10168],[15.14514,46.09977],[15.14994,46.09779],[15.15242,46.09638],[15.15494,46.09421],[15.15572,46.09329],[15.15777,46.09025],[15.15848,46.08947],[15.15915,46.08903],[15.16033,46.08863],[15.16404,46.08803],[15.1673,46.08727],[15.16875,46.08664],[15.17168,46.08437],[15.17249,46.08328],[15.17269,46.0824],[15.17215,46.08051],[15.17227,46.08006],[15.17267,46.07949],[15.17352,46.07894],[15.17754,46.0774],[15.1787,46.07676],[15.17961,46.07585],[15.18024,46.07447],[15.18071,46.07393],[15.18532,46.06947],[15.18801,46.06707],[15.18936,46.06607],[15.19156,46.06481],[15.19385,46.06383],[15.20222,46.06157],[15.20489,46.0604],[15.20548,46.0598],[15.20587,46.0587],[15.20579,46.05813],[15.20499,46.05614],[15.20505,46.05508],[15.20594,46.05229],[15.20676,46.05131],[15.20821,46.05067],[15.21892,46.04752],[15.22028,46.04733],[15.22359,46.0473],[15.22468,46.04704],[15.22578,46.04645],[15.22941,46.04315],[15.2313,46.04217],[15.2343,46.04172],[15.23949,46.0417],[15.24125,46.04201],[15.24231,46.04239],[15.24349,46.04316],[15.2454,46.04565],[15.2464,46.04641],[15.2502,46.0478],[15.25346,46.04834],[15.25522,46.0484],[15.26058,46.04811],[15.26308,46.04763],[15.2656,46.04682],[15.2666,46.04611],[15.26846,46.04374],[15.26882,46.0425],[15.26902,46.03981],[15.26894,46.03692],[15.2652,46.02702],[15.26525,46.026],[15.26558,46.02515],[15.26662,46.02376],[15.26754,46.02301],[15.26859,46.02246],[15.28383,46.01849],[15.29048,46.01537],[15.2956,46.01397],[15.29659,46.01338],[15.30461,46.00659],[15.30583,46.00578],[15.30762,46.00541],[15.31923,46.00545],[15.32288,46.005],[15.32677,46.00486],[15.32989,46.00419],[15.33316,46.00324],[15.33599,46.00163],[15.33703,46.00058],[15.33877,45.99808],[15.34061,45.99671],[15.34325,45.99564],[15.34604,45.99498],[15.34815,45.99487],[15.35478,45.99565],[15.35624,45.9956],[15.35808,45.99527],[15.36081,45.9944],[15.36215,45.99413],[15.37885,45.99308],[15.38078,45.9928],[15.38512,45.99173],[15.38856,45.99133],[15.39958,45.98915],[15.40195,45.98881],[15.40471,45.98907],[15.41487,45.99133],[15.42928,45.99222],[15.43374,45.99179],[15.4462,45.98935],[15.45017,45.9878],[15.45222,45.98729],[15.45366,45.98719],[15.4553,45.98731],[15.45979,45.98832],[15.46234,45.98854],[15.46848,45.98777],[15.47065,45.98717],[15.47592,45.98427],[15.47732,45.98331],[15.48197,45.97785],[15.48778,45.96818],[15.4887,45.9664],[15.48896,45.9647],[15.48831,45.96197],[15.48834,45.9611],[15.48873,45.95999],[15.48933,45.95912],[15.49092,45.95779],[15.499,45.95233],[15.50069,45.95129],[15.50209,45.95067],[15.5046,45.94995],[15.52279,45.94698],[15.53512,45.94661],[15.53678,45.94643],[15.53868,45.94598],[15.63133,45.90591],[15.63312,45.90526],[15.79204,45.85587],[15.80347,45.85227],[15.80495,45.85167],[15.80695,45.85021],[15.82112,45.83702],[15.82198,45.83552],[15.82343,45.83036],[15.8256,45.82735],[15.83002,45.81856],[15.83112,45.81738],[15.832,45.81677],[15.83437,45.81585],[15.83796,45.81549],[15.95779,45.80894],[15.95924,45.80868],[15.96063,45.80814],[15.96509,45.80521],[15.96651,45.80452],[15.96837,45.80409],[15.97111,45.80405],[15.98929,45.80501],[16.02205,45.81368],[16.09661,45.82635],[16.09871,45.8266],[16.10103,45.82664],[16.10432,45.82625],[16.20813,45.80121],[16.21172,45.80055],[16.21526,45.80025],[16.21877,45.8003],[16.26549,45.80335],[16.26994,45.80389],[16.27412,45.80497],[16.27777,45.80648],[16.37736,45.8599],[16.37954,45.86117],[16.38144,45.86257],[16.38508,45.86631],[16.38727,45.86814],[16.38995,45.86975],[16.3923,45.87079],[16.3954,45.87178],[16.39816,45.87233],[16.40853,45.87339],[16.43658,45.87517],[16.43902,45.87515],[16.44557,45.87469],[16.44991,45.87493],[16.45297,45.87547],[16.45586,45.87631],[16.45848,45.87739],[16.46127,45.87899],[16.46332,45.88058],[16.4649,45.88222],[16.48037,45.90144],[16.48118,45.90277],[16.48187,45.90438],[16.48582,45.91804],[16.48695,45.92087],[16.5294,45.98737],[16.53224,45.99301],[16.53339,45.99499],[16.53667,45.99934],[16.53808,46.00099],[16.54166,46.00454],[16.54478,46.0073],[16.5475,46.00998],[16.55203,46.01362],[16.55455,46.01516],[16.55727,46.01637],[16.56028,46.01731],[16.56956,46.01906],[16.57243,46.01983],[16.58984,46.02657],[16.59518,46.0288],[16.59808,46.03045],[16.6009,46.03254],[16.61347,46.04448],[16.61511,46.04596],[16.61662,46.04698],[16.61897,46.04822],[16.62595,46.0512],[16.63625,46.05495],[16.63882,46.05624],[16.64084,46.05765],[16.64264,46.05929],[16.64399,46.06088],[16.65118,46.07195],[16.65176,46.07313],[16.65245,46.0751],[16.65269,46.07646],[16.65264,46.08368],[16.65289,46.08568],[16.65354,46.08775],[16.65479,46.09067],[16.65681,46.09396],[16.65804,46.09518],[16.66039,46.09677],[16.66205,46.09753],[16.66443,46.09832],[16.66756,46.09891],[16.67093,46.09903],[16.6902,46.09753],[16.69505,46.09749],[16.69913,46.09803],[16.71168,46.10107],[16.71412,46.10182],[16.7165,46.10279],[16.72082,46.10494],[16.72738,46.10986],[16.72916,46.11099],[16.73103,46.11189],[16.73895,46.11512],[16.74124,46.11578],[16.74832,46.11712],[16.75086,46.11796],[16.75421,46.1195],[16.77975,46.13369],[16.79566,46.14156],[16.79874,46.14341],[16.80012,46.14455],[16.80177,46.14643],[16.81904,46.16826],[16.82001,46.16966],[16.81921,46.16865],[16.81715,46.16689],[16.81457,46.16415],[16.81318,46.16226],[16.81413,46.1632],[16.81318,46.16226],[16.81457,46.16415],[16.8166,46.16633],[16.81921,46.16865],[16.82001,46.16966],[16.81946,46.16886],[16.82106,46.17076],[16.82234,46.17179],[16.92422,46.23043],[16.92703,46.2325],[16.93912,46.243],[16.94459,46.24736],[16.94586,46.24804],[16.94736,46.24849],[16.94981,46.24874],[16.94814,46.24896],[16.94592,46.24994],[16.94192,46.25272],[16.9332,46.25758],[16.92528,46.2623],[16.92161,46.26383],[16.91392,46.26631],[16.91234,46.26708],[16.9111,46.2679],[16.90909,46.26996],[16.90173,46.2797],[16.8988,46.28435],[16.8971,46.2882],[16.89626,46.28948],[16.89441,46.29153],[16.88916,46.29607],[16.88804,46.29732],[16.88689,46.29934],[16.88623,46.30246],[16.8856,46.30434],[16.88321,46.30964],[16.87852,46.31864],[16.87792,46.3201],[16.87742,46.32207],[16.87718,46.32396],[16.87744,46.32594],[16.87809,46.32765],[16.88044,46.33144],[16.88107,46.33274],[16.88134,46.33413],[16.88111,46.33592],[16.88016,46.33774],[16.87848,46.33961],[16.87474,46.3443],[16.87336,46.34636],[16.86844,46.35854],[16.86836,46.36],[16.86895,46.36114],[16.87003,46.36209],[16.8719,46.36284],[16.89811,46.368],[16.90234,46.36913],[16.90744,46.3711],[16.91079,46.37279],[16.9608,46.40154],[16.96319,46.40307],[16.98095,46.41739],[16.98194,46.41832],[16.98276,46.41939],[16.98346,46.42078],[16.98406,46.4233],[16.98659,46.43748],[16.98661,46.43841],[16.98796,46.44504],[16.98854,46.44621],[16.98931,46.44716],[16.99063,46.44828],[16.9917,46.44892],[16.99328,46.44959],[16.99553,46.45015],[16.99823,46.45034],[17.00045,46.45014],[17.00331,46.44934],[17.02111,46.44304],[17.02337,46.44274],[17.02535,46.44277],[17.02702,46.44302],[17.02859,46.44349],[17.02978,46.44396],[17.03155,46.44496],[17.03245,46.44589],[17.03323,46.44691],[17.03565,46.45079],[17.04572,46.46733],[17.04778,46.4696],[17.04939,46.47081],[17.05109,46.47179],[17.05391,46.4729],[17.05644,46.47353],[17.05837,46.47378],[17.06104,46.47388],[17.06334,46.47375],[17.08334,46.47122],[17.08663,46.47112],[17.08901,46.47133],[17.09195,46.47186],[17.09422,46.47245],[17.1148,46.47897],[17.11644,46.47966],[17.11906,46.48111],[17.17402,46.51596],[17.17854,46.51899],[17.1802,46.52058],[17.19159,46.53427],[17.19627,46.54002],[17.19761,46.54219],[17.19846,46.54492],[17.20238,46.56536],[17.2029,46.56686],[17.20391,46.56877],[17.20526,46.57048],[17.20688,46.57202],[17.223,46.58468],[17.22447,46.5862],[17.22561,46.58798],[17.2597,46.66318],[17.26115,46.66565],[17.29066,46.69438],[17.30596,46.70892],[17.30776,46.7103],[17.30936,46.71127],[17.3138,46.713],[17.31689,46.7137],[17.31923,46.71397],[17.32255,46.71406],[17.33988,46.71381],[17.3416,46.71361],[17.34439,46.71298],[17.36308,46.70587],[17.36627,46.70503],[17.36918,46.70468],[17.40348,46.70239],[17.4063,46.70233],[17.43519,46.70478],[17.48883,46.71449],[17.49448,46.71574],[17.5204,46.72573],[17.52645,46.72828],[17.52818,46.72951],[17.52939,46.73076],[17.53658,46.7398],[17.53771,46.7409],[17.53909,46.74193],[17.54747,46.74682],[17.55101,46.7484],[17.55735,46.75008],[17.56728,46.75232],[17.58219,46.75599],[17.63886,46.77345],[17.65255,46.77779],[17.65458,46.77879],[17.65865,46.7814],[17.66134,46.78249],[17.66364,46.78291],[17.68796,46.7859],[17.69084,46.78647],[17.7624,46.80674],[17.8452,46.83768],[17.90316,46.86397],[17.93061,46.87624],[17.93423,46.87729],[18.04169,46.90375],[18.05938,46.90986],[18.0989,46.92388],[18.10221,46.92535],[18.12922,46.93972],[18.13611,46.944],[18.1416,46.94789],[18.14509,46.95058],[18.14833,46.95342],[18.15209,46.95712],[18.15415,46.95943],[18.1579,46.96418],[18.16101,46.96909],[18.16265,46.97243],[18.16465,46.97708],[18.16662,46.98061],[18.16737,46.98165],[18.1689,46.98304],[18.17133,46.98455],[18.17307,46.98542],[18.1758,46.98646],[18.17896,46.98712],[18.18288,46.98737],[18.1868,46.98705],[18.1893,46.98652],[18.1928,46.98528],[18.21707,46.97445],[18.22036,46.97344],[18.22354,46.97313],[18.22578,46.97323],[18.22792,46.9736],[18.23101,46.97471],[18.23283,46.97574],[18.2492,46.9886],[18.2619,46.99806],[18.35718,47.04922],[18.36115,47.05179],[18.36256,47.05291],[18.36428,47.0546],[18.36584,47.0564],[18.36678,47.05784],[18.36779,47.05961],[18.36909,47.06288],[18.37882,47.0966],[18.37958,47.09823],[18.38031,47.09938],[18.3814,47.10065],[18.38275,47.10182],[18.38772,47.10511],[18.40178,47.11237],[18.40449,47.11404],[18.40586,47.11512],[18.4072,47.11649],[18.40846,47.11822],[18.40936,47.11999],[18.40998,47.12229],[18.41004,47.12487],[18.40549,47.17144],[18.40566,47.17276],[18.40642,47.17454],[18.40752,47.17591],[18.40923,47.17735],[18.41072,47.17816],[18.4127,47.17893],[18.43298,47.18544],[18.43557,47.18595],[18.43789,47.18608],[18.44019,47.18593],[18.44214,47.18557],[18.44394,47.18504],[18.44591,47.18416],[18.4477,47.18302],[18.45908,47.17459],[18.46236,47.17274],[18.46483,47.17175],[18.46711,47.17106],[18.47015,47.17045],[18.47259,47.17018],[18.47558,47.1701],[18.47859,47.17029],[18.48612,47.17159],[18.49066,47.17215],[18.55239,47.17701],[18.55535,47.17761],[18.55815,47.17853],[18.61465,47.20155],[18.62141,47.20454],[18.62746,47.2076],[18.6494,47.21932],[18.65294,47.22106],[18.66293,47.22648],[18.6708,47.23046],[18.6815,47.23614],[18.68333,47.23732],[18.77568,47.31603],[18.78382,47.32257],[18.78681,47.32455],[18.7886,47.32549],[18.86809,47.36279],[18.87286,47.36485],[18.89156,47.37368],[18.89463,47.37484],[18.89831,47.37577],[18.90276,47.37654],[18.98345,47.38933],[18.98851,47.39029],[18.99168,47.39142],[19.03933,47.41364],[19.04053,47.41456],[19.04134,47.41551],[19.04182,47.41646],[19.04207,47.41757],[19.04149,47.42623],[19.04075,47.42984],[19.04016,47.4313],[19.03929,47.43287],[19.03462,47.43966],[19.02663,47.45186],[19.0259,47.4526],[19.02403,47.45394],[19.02185,47.45522],[19.02109,47.45609],[19.02059,47.45786],[19.02022,47.46292],[19.02083,47.46717],[19.02081,47.4682],[19.02125,47.47048],[19.02221,47.47157],[19.02356,47.47217],[19.03282,47.47318],[19.03465,47.47301],[19.05814,47.46875],[19.08017,47.46815],[19.08713,47.46847],[19.09405,47.46945],[19.10532,47.4723],[19.10947,47.47355],[19.1121,47.47463],[19.11404,47.47576],[19.11614,47.47762],[19.11777,47.47957],[19.11854,47.48159],[19.11912,47.48545],[19.11883,47.48644],[19.11798,47.48733],[19.11667,47.48794],[19.11439,47.48845],[19.11303,47.48847],[19.11058,47.48819],[19.10866,47.48828],[19.10728,47.48864],[19.10519,47.48956],[19.10399,47.49039],[19.10318,47.49118],[19.09851,47.49859],[19.09776,47.49933],[19.0967,47.49993],[19.09522,47.50028],[19.09251,47.50043],[19.08411,47.50049]]}},{"type":"Feature","properties":{"name":"2010_Dresden -> Erfurt (242km)","mode":"train","distance_km":"294.0"},"geometry":{"type":"LineString","coordinates":[[13.73191,51.04029],[13.727,51.04189],[13.72508,51.0427],[13.72328,51.0436],[13.72172,51.04472],[13.72005,51.04667],[13.7194,51.04847],[13.71927,51.05122],[13.7188,51.052],[13.71803,51.05258],[13.71589,51.05345],[13.70573,51.05537],[13.69977,51.05716],[13.6893,51.05921],[13.68674,51.06],[13.68542,51.06065],[13.68217,51.06294],[13.67856,51.06471],[13.67678,51.06585],[13.67525,51.06711],[13.67081,51.07177],[13.66955,51.07271],[13.66671,51.07415],[13.65316,51.07999],[13.65036,51.08106],[13.64702,51.08201],[13.61398,51.08875],[13.61177,51.08952],[13.6104,51.09017],[13.60893,51.09109],[13.60776,51.09207],[13.60694,51.093],[13.60603,51.09451],[13.5986,51.11138],[13.59518,51.11617],[13.59399,51.11721],[13.59212,51.11824],[13.58771,51.11999],[13.58052,51.12221],[13.57833,51.12315],[13.57616,51.12462],[13.5748,51.12583],[13.57378,51.12698],[13.57291,51.12842],[13.5596,51.16434],[13.5591,51.16599],[13.55898,51.16743],[13.55927,51.16976],[13.56154,51.18284],[13.56147,51.18397],[13.56112,51.18527],[13.55985,51.18749],[13.55864,51.18877],[13.55691,51.19009],[13.55465,51.19129],[13.55222,51.19217],[13.54922,51.19283],[13.53477,51.19492],[13.53204,51.19553],[13.52993,51.19624],[13.52763,51.19736],[13.52585,51.19859],[13.52427,51.20015],[13.52325,51.2017],[13.52267,51.20323],[13.52248,51.20491],[13.52267,51.20637],[13.52313,51.20775],[13.53536,51.22872],[13.53586,51.22965],[13.53633,51.23102],[13.53649,51.23266],[13.5363,51.23403],[13.53596,51.23507],[13.5354,51.23619],[13.53459,51.2373],[13.53276,51.23901],[13.52956,51.24086],[13.50385,51.25315],[13.48245,51.26311],[13.41786,51.28928],[13.40996,51.29262],[13.4036,51.29596],[13.3571,51.32234],[13.35297,51.3242],[13.34752,51.32583],[13.34154,51.32682],[13.33616,51.32708],[13.32824,51.32641],[13.32397,51.32556],[13.32077,51.32458],[13.31606,51.32266],[13.30156,51.31565],[13.29771,51.3134],[13.29251,51.31084],[13.2908,51.31034],[13.28465,51.30935],[13.28161,51.30925],[13.2786,51.30948],[13.2701,51.31154],[13.26412,51.31258],[13.25885,51.31292],[13.25428,51.31279],[13.17581,51.30269],[13.16637,51.30206],[13.15813,51.3021],[13.1541,51.30232],[13.14826,51.30289],[13.13902,51.30443],[13.12973,51.30683],[13.12078,51.30975],[13.11615,51.31079],[13.11114,51.31143],[13.0999,51.31212],[13.09663,51.31268],[13.0934,51.31347],[12.99295,51.34893],[12.99015,51.34981],[12.98745,51.35045],[12.98402,51.35099],[12.98049,51.35132],[12.94784,51.35396],[12.941,51.35418],[12.82878,51.34922],[12.82401,51.34929],[12.81673,51.34999],[12.79119,51.35306],[12.78823,51.35318],[12.78192,51.35291],[12.77817,51.35318],[12.77408,51.3542],[12.74943,51.36256],[12.74473,51.36381],[12.74299,51.36408],[12.73958,51.36425],[12.73497,51.36399],[12.73121,51.3631],[12.72928,51.36235],[12.72211,51.35892],[12.71881,51.35779],[12.7159,51.35717],[12.7061,51.35556],[12.70143,51.35501],[12.6977,51.35501],[12.68228,51.35589],[12.65039,51.3574],[12.63307,51.35765],[12.60563,51.35744],[12.60193,51.35728],[12.59865,51.35685],[12.59625,51.35636],[12.58183,51.35226],[12.57731,51.35126],[12.53197,51.34434],[12.52503,51.3435],[12.52115,51.34343],[12.43046,51.34453],[12.4272,51.34477],[12.42433,51.34528],[12.41162,51.34914],[12.40896,51.34971],[12.40621,51.35005],[12.3946,51.35065],[12.38936,51.35121],[12.38831,51.35101],[12.38748,51.35063],[12.38475,51.34841],[12.38662,51.35102],[12.38686,51.35166],[12.38684,51.35219],[12.38661,51.35276],[12.38524,51.35455],[12.38362,51.35757],[12.38253,51.35888],[12.38141,51.35982],[12.38011,51.36063],[12.37786,51.3617],[12.37277,51.36355],[12.36802,51.36643],[12.36605,51.36704],[12.36399,51.36724],[12.36135,51.36696],[12.35674,51.3659],[12.35307,51.36472],[12.34828,51.36267],[12.34582,51.36198],[12.33241,51.3605],[12.30833,51.35539],[12.3064,51.35485],[12.30357,51.35374],[12.30052,51.35229],[12.29593,51.34979],[12.22997,51.31022],[12.22309,51.30635],[12.22033,51.30543],[12.21787,51.30513],[12.2132,51.30501],[12.10256,51.30434],[12.09808,51.30465],[12.08414,51.30631],[12.08072,51.30647],[12.07683,51.30616],[12.06574,51.30421],[12.06253,51.3036],[12.0594,51.30262],[12.05784,51.30183],[12.05686,51.3011],[12.05599,51.30011],[12.05374,51.29676],[12.05193,51.29525],[12.04607,51.29224],[12.02362,51.28127],[12.02184,51.28019],[12.02042,51.27882],[12.01943,51.2772],[12.01917,51.27552],[12.01934,51.27454],[12.02027,51.27222],[12.02052,51.2704],[12.022,51.26478],[12.02229,51.26247],[12.02201,51.26058],[12.0215,51.25914],[12.02048,51.25752],[12.01393,51.24903],[12.01267,51.247],[12.01181,51.24441],[12.01135,51.2406],[12.01102,51.23916],[12.00996,51.23657],[12.00894,51.23489],[12.0071,51.23262],[12.00552,51.23111],[12.00378,51.22972],[12.00126,51.22806],[11.99694,51.22594],[11.98958,51.22345],[11.98757,51.22233],[11.98451,51.21956],[11.9808,51.21422],[11.97748,51.21144],[11.9752,51.20765],[11.97418,51.20653],[11.97303,51.20571],[11.96823,51.20411],[11.96448,51.2037],[11.95943,51.20354],[11.95198,51.2037],[11.94126,51.20444],[11.93861,51.20433],[11.93552,51.20378],[11.93364,51.20323],[11.9314,51.20223],[11.92837,51.2002],[11.92157,51.19229],[11.92036,51.19108],[11.91807,51.18926],[11.91425,51.1871],[11.90982,51.18545],[11.90572,51.1844],[11.84269,51.17014],[11.8355,51.16904],[11.81065,51.16658],[11.80606,51.16579],[11.80157,51.16464],[11.79963,51.16399],[11.7629,51.14967],[11.75944,51.14849],[11.75481,51.14752],[11.73811,51.14544],[11.72867,51.14332],[11.72606,51.14247],[11.72372,51.14134],[11.72179,51.13999],[11.72021,51.13843],[11.71911,51.13676],[11.7185,51.13493],[11.71819,51.1307],[11.71787,51.12918],[11.71716,51.12785],[11.71465,51.12493],[11.71364,51.12277],[11.71342,51.12095],[11.71373,51.11804],[11.71348,51.1168],[11.71289,51.11565],[11.71216,51.11476],[11.71029,51.11331],[11.70803,51.11229],[11.70501,51.11161],[11.68575,51.10893],[11.67739,51.10885],[11.6744,51.10861],[11.64983,51.10496],[11.64764,51.10449],[11.64541,51.1037],[11.64369,51.10279],[11.63868,51.09964],[11.63761,51.09881],[11.63656,51.09763],[11.63483,51.09481],[11.63193,51.09077],[11.62639,51.08522],[11.62385,51.08353],[11.61757,51.08077],[11.61465,51.07984],[11.61095,51.07925],[11.60273,51.07877],[11.59991,51.07821],[11.59703,51.07722],[11.5947,51.076],[11.59287,51.0746],[11.58948,51.07061],[11.58763,51.06908],[11.5803,51.06484],[11.57118,51.05988],[11.56929,51.05897],[11.56679,51.05806],[11.55417,51.05419],[11.55151,51.05288],[11.54975,51.05152],[11.54834,51.04971],[11.54784,51.04855],[11.54713,51.04545],[11.54643,51.04403],[11.54004,51.03649],[11.53888,51.03528],[11.5372,51.03399],[11.53539,51.03298],[11.53326,51.03222],[11.5297,51.03139],[11.52276,51.03075],[11.51705,51.03001],[11.50868,51.02766],[11.50649,51.02719],[11.504,51.02692],[11.49582,51.02667],[11.48783,51.02497],[11.48306,51.02443],[11.4803,51.02437],[11.47718,51.02471],[11.4692,51.02685],[11.4663,51.02736],[11.46245,51.0275],[11.45869,51.02707],[11.44375,51.02325],[11.44015,51.02258],[11.43266,51.02154],[11.42987,51.02096],[11.42707,51.01995],[11.4184,51.01577],[11.41625,51.01495],[11.4137,51.01424],[11.40996,51.01361],[11.39988,51.0129],[11.37968,51.0091],[11.36907,51.00781],[11.35942,51.0056],[11.35673,51.00452],[11.35409,51.00288],[11.34665,50.99572],[11.34391,50.99357],[11.34217,50.99253],[11.3396,50.99165],[11.33748,50.99137],[11.3323,50.99108],[11.32651,50.99189],[11.31715,50.9916],[11.30253,50.99205],[11.29868,50.99189],[11.29571,50.99139],[11.29357,50.99074],[11.27712,50.9844],[11.27431,50.9838],[11.27144,50.9835],[11.26714,50.98367],[11.25858,50.98537],[11.25524,50.98564],[11.24104,50.98467],[11.22343,50.98417],[11.22022,50.98433],[11.21716,50.9849],[11.21503,50.98555],[11.20122,50.99144],[11.19893,50.99207],[11.19533,50.99255],[11.19282,50.99256],[11.19076,50.99238],[11.17939,50.99018],[11.16606,50.98954],[11.16099,50.98984],[11.14056,50.9927],[11.13706,50.99298],[11.13461,50.99301],[11.13082,50.99271],[11.12608,50.99175],[11.10064,50.98461],[11.0853,50.98067],[11.08018,50.97901],[11.07562,50.97785],[11.06638,50.97648],[11.06197,50.97635],[11.05974,50.97685],[11.05624,50.97836],[11.05501,50.97922],[11.05444,50.9801],[11.05347,50.98292],[11.05167,50.98486],[11.05029,50.9878],[11.04889,50.98989],[11.04793,50.99256],[11.04287,51.00368],[11.04267,51.00777],[11.04309,51.01127],[11.04219,51.009],[11.0417,51.00855],[11.0408,51.00814],[11.03901,51.00808],[11.03463,51.00932],[11.0338,51.00931],[11.03298,51.00908],[11.033,51.00851],[11.03242,51.00563],[11.02899,51.002],[11.02781,51.00034],[11.02781,51.00072],[11.02585,51.00366],[11.02546,51.00368],[11.02209,51.00275],[11.01809,51.00204],[11.0171,51.00292],[11.01656,51.0038],[11.01619,51.00382],[11.01552,51.00356],[11.01473,51.00364],[11.01429,51.00396],[11.01356,51.00516],[11.01284,51.00545],[11.00945,51.0047],[11.0043,51.00247],[11.004,51.00214],[11.0041,51.00173],[11.00583,50.9999],[11.00611,50.99911],[11.01257,50.99026],[11.01385,50.9888],[11.01623,50.98667],[11.01385,50.9888],[11.01257,50.99026],[11.00611,50.99911],[11.00583,50.9999],[11.0041,51.00173],[11.004,51.00214],[11.00413,51.00236],[11.00964,51.00477],[11.01284,51.00545],[11.01356,51.00516],[11.01429,51.00396],[11.01473,51.00364],[11.01552,51.00356],[11.01619,51.00382],[11.01656,51.0038],[11.0171,51.00292],[11.01809,51.00204],[11.02209,51.00275],[11.02546,51.00368],[11.02585,51.00366],[11.02781,51.00072],[11.02781,51.00034],[11.02899,51.002],[11.03242,51.00563],[11.033,51.00851],[11.03298,51.00908],[11.0338,51.00931],[11.03463,51.00932],[11.03901,51.00808],[11.0408,51.00814],[11.0417,51.00855],[11.04219,51.009],[11.04309,51.01127],[11.04267,51.00777],[11.04287,51.00368],[11.04793,50.99256],[11.04889,50.98989],[11.05029,50.9878],[11.05167,50.98486],[11.05347,50.98292],[11.05444,50.9801],[11.05501,50.97922],[11.05624,50.97836],[11.05974,50.97685],[11.06225,50.97633],[11.06638,50.97648],[11.07562,50.97785],[11.08018,50.97901],[11.0853,50.98067],[11.10064,50.98461],[11.12608,50.99175],[11.12978,50.99256],[11.13375,50.99297],[11.13622,50.99302],[11.14056,50.9927],[11.16099,50.98984],[11.16606,50.98954],[11.17939,50.99018],[11.19076,50.99238],[11.19282,50.99256],[11.19533,50.99255],[11.19893,50.99207],[11.20122,50.99144],[11.21503,50.98555],[11.21716,50.9849],[11.22022,50.98433],[11.22343,50.98417],[11.24104,50.98467],[11.25524,50.98564],[11.25858,50.98537],[11.26655,50.98377],[11.26954,50.98349],[11.2735,50.98368],[11.27712,50.9844],[11.29357,50.99074],[11.29571,50.99139],[11.29868,50.99189],[11.30253,50.99205],[11.32777,50.99134],[11.32957,50.99123],[11.3334,50.99059],[11.33993,50.99049],[11.3411,50.99023],[11.34218,50.98974],[11.34304,50.98899],[11.34341,50.98831],[11.34375,50.98462],[11.34417,50.97616],[11.3444,50.97506],[11.34477,50.97429],[11.34564,50.97326],[11.34653,50.97256],[11.35082,50.97019],[11.35234,50.9691],[11.3533,50.96807],[11.35788,50.96172],[11.35892,50.96067],[11.36045,50.95956],[11.3631,50.95826],[11.36867,50.95647],[11.37709,50.95484],[11.3845,50.95456],[11.38653,50.95423],[11.38787,50.95385],[11.39019,50.95273],[11.3989,50.94711],[11.40089,50.94621],[11.40754,50.9438],[11.41201,50.94123],[11.4151,50.94006],[11.41732,50.93961],[11.41971,50.93943],[11.42548,50.93978],[11.42809,50.93966],[11.4304,50.93916],[11.43613,50.93697],[11.43898,50.93626],[11.44089,50.93604],[11.44836,50.93566],[11.45583,50.93408],[11.46192,50.93359],[11.46695,50.93252],[11.47002,50.93243],[11.47279,50.93282],[11.47515,50.93361],[11.4858,50.93883],[11.48827,50.93968],[11.50433,50.94272],[11.51004,50.94348],[11.51624,50.94533],[11.52312,50.94656],[11.52563,50.94676],[11.52694,50.9467],[11.52867,50.94636],[11.53029,50.94564],[11.5311,50.94503],[11.53276,50.94286],[11.53344,50.94229],[11.53463,50.94164],[11.53589,50.94123],[11.5411,50.94023],[11.54728,50.93792],[11.54857,50.93772],[11.5517,50.9376],[11.55365,50.93718],[11.55502,50.93657],[11.55695,50.93515],[11.55862,50.93417],[11.56361,50.93237],[11.5686,50.9299],[11.56996,50.9295],[11.57392,50.92879],[11.57546,50.92827],[11.57678,50.92739],[11.57765,50.9263],[11.57798,50.92508],[11.57777,50.92323]]}},{"type":"Feature","properties":{"name":"2010_Jena-Nord -> Berlin (270.6km)","mode":"train","distance_km":"270.0"},"geometry":{"type":"LineString","coordinates":[[11.59359,50.93685],[11.59844,50.94204],[11.60015,50.94335],[11.6045,50.94579],[11.61445,50.94982],[11.61585,50.95056],[11.61745,50.95172],[11.63361,50.97015],[11.63544,50.97178],[11.63707,50.97276],[11.66075,50.98475],[11.66228,50.98583],[11.663,50.98665],[11.66365,50.9881],[11.66587,51.0001],[11.66646,51.0013],[11.66929,51.00506],[11.67071,51.0065],[11.67214,51.00737],[11.67817,51.00963],[11.68022,51.01062],[11.68178,51.01188],[11.68488,51.01539],[11.68624,51.01763],[11.68697,51.01953],[11.68896,51.02637],[11.68903,51.02719],[11.68887,51.02798],[11.68849,51.02873],[11.68788,51.02946],[11.68689,51.03021],[11.68444,51.03167],[11.68347,51.03265],[11.68299,51.03384],[11.68253,51.0367],[11.68168,51.03788],[11.6764,51.04109],[11.67535,51.0422],[11.67499,51.04296],[11.67491,51.0441],[11.67523,51.04509],[11.67613,51.04623],[11.67727,51.04701],[11.67902,51.04769],[11.68337,51.04828],[11.68643,51.04828],[11.69469,51.04735],[11.69742,51.04748],[11.6993,51.04778],[11.70097,51.04834],[11.70309,51.04953],[11.70519,51.05156],[11.70574,51.05237],[11.70598,51.05356],[11.70576,51.05446],[11.70449,51.05658],[11.70318,51.05822],[11.70005,51.06083],[11.69681,51.06306],[11.69462,51.06482],[11.69316,51.06656],[11.69221,51.06854],[11.69212,51.06986],[11.69242,51.07088],[11.69555,51.07588],[11.69642,51.078],[11.69668,51.0793],[11.69671,51.08189],[11.69651,51.08314],[11.69607,51.08416],[11.69544,51.08505],[11.69426,51.08616],[11.68771,51.08996],[11.68331,51.09363],[11.67723,51.09634],[11.67287,51.09967],[11.6711,51.10178],[11.67073,51.10305],[11.67085,51.10398],[11.67153,51.10597],[11.67264,51.10729],[11.67444,51.10827],[11.67639,51.10872],[11.68632,51.10899],[11.70589,51.11175],[11.7089,51.11262],[11.71092,51.11371],[11.71261,51.11528],[11.71322,51.11622],[11.71359,51.11718],[11.71373,51.11842],[11.71342,51.12137],[11.71356,51.12245],[11.71415,51.12402],[11.71508,51.12552],[11.71716,51.12785],[11.71787,51.12918],[11.71819,51.1307],[11.71841,51.13477],[11.71906,51.13677],[11.72016,51.13845],[11.72211,51.1403],[11.7242,51.14165],[11.72713,51.1429],[11.72935,51.14353],[11.73809,51.14548],[11.75481,51.14752],[11.75944,51.14849],[11.7629,51.14967],[11.79963,51.16399],[11.80157,51.16464],[11.80606,51.16579],[11.81065,51.16658],[11.8355,51.16904],[11.84269,51.17014],[11.90572,51.1844],[11.90982,51.18545],[11.91425,51.1871],[11.91807,51.18926],[11.92036,51.19108],[11.92157,51.19229],[11.92837,51.2002],[11.9314,51.20223],[11.93364,51.20323],[11.93552,51.20378],[11.93861,51.20433],[11.94126,51.20444],[11.95198,51.2037],[11.96184,51.20359],[11.96743,51.20396],[11.97191,51.20524],[11.97331,51.20587],[11.97464,51.207],[11.97531,51.2078],[11.97725,51.21118],[11.98054,51.21394],[11.98451,51.21956],[11.98757,51.22233],[11.98958,51.22345],[11.99694,51.22594],[12.00126,51.22806],[12.00378,51.22972],[12.00552,51.23111],[12.0071,51.23262],[12.0088,51.2347],[12.00996,51.23657],[12.01102,51.23916],[12.01135,51.2406],[12.01181,51.24441],[12.01267,51.247],[12.01393,51.24903],[12.02019,51.25713],[12.02125,51.2587],[12.02201,51.26058],[12.02228,51.2627],[12.022,51.26478],[12.02149,51.26684],[12.02011,51.27194],[12.01894,51.2747],[12.01853,51.27717],[11.99405,51.33733],[11.99342,51.3401],[11.99022,51.34797],[11.98989,51.34958],[11.98988,51.35215],[11.99035,51.35618],[11.99154,51.36213],[11.99387,51.37705],[11.99391,51.38143],[11.99328,51.38563],[11.99137,51.39124],[11.98986,51.40051],[11.98824,51.42034],[11.98801,51.42492],[11.988,51.43473],[11.98845,51.44457],[11.98867,51.44572],[11.9893,51.44696],[11.99044,51.4482],[11.99274,51.4502],[11.99388,51.45194],[11.99422,51.45344],[11.99441,51.45666],[11.9948,51.45992],[11.99509,51.46113],[11.99694,51.46519],[11.99888,51.4686],[11.99943,51.47023],[11.99922,51.47109],[11.9986,51.47191],[11.99296,51.47631],[11.99232,51.47703],[11.99195,51.47787],[11.9916,51.48283],[11.9912,51.4848],[11.99129,51.48631],[11.9915,51.48714],[11.99207,51.48821],[11.99423,51.49045],[11.99643,51.49184],[12.00141,51.49415],[12.02049,51.50013],[12.02232,51.50031],[12.02649,51.49999],[12.0293,51.49999],[12.03348,51.50042],[12.1201,51.51661],[12.12388,51.51743],[12.12784,51.51852],[12.14551,51.5244],[12.26874,51.57282],[12.27269,51.57464],[12.27563,51.57647],[12.27778,51.57818],[12.29442,51.59289],[12.29748,51.59575],[12.30069,51.59933],[12.304,51.60208],[12.30729,51.60528],[12.31147,51.60966],[12.31319,51.61174],[12.31451,51.61397],[12.31533,51.61612],[12.31755,51.62664],[12.32079,51.63937],[12.32148,51.64125],[12.32323,51.64389],[12.32612,51.6467],[12.32837,51.64842],[12.33079,51.64997],[12.33425,51.65157],[12.34367,51.65527],[12.34624,51.65666],[12.3485,51.6583],[12.35033,51.66013],[12.35177,51.66211],[12.35376,51.66649],[12.35597,51.67082],[12.35781,51.67305],[12.36053,51.67546],[12.36201,51.67645],[12.36427,51.67762],[12.36657,51.67853],[12.37015,51.67953],[12.37561,51.6803],[12.38685,51.68072],[12.39234,51.68165],[12.3955,51.68254],[12.39859,51.68369],[12.40305,51.68607],[12.46183,51.72581],[12.4643,51.72764],[12.54016,51.77922],[12.62899,51.83935],[12.63332,51.84188],[12.64503,51.84763],[12.64697,51.84881],[12.64879,51.85035],[12.64999,51.85194],[12.65064,51.85335],[12.65262,51.85897],[12.65332,51.86027],[12.65426,51.86145],[12.6597,51.86599],[12.66343,51.86953],[12.6662,51.87189],[12.66874,51.87387],[12.67066,51.87497],[12.67461,51.87632],[12.67794,51.87688],[12.71308,51.87956],[12.71905,51.8802],[12.7235,51.88096],[12.7279,51.88193],[12.73248,51.88326],[12.73608,51.88458],[12.73993,51.8863],[12.74299,51.88789],[12.74572,51.88952],[12.74894,51.89176],[12.77853,51.91804],[12.783,51.92137],[12.78754,51.92408],[12.79179,51.92613],[12.79581,51.92772],[12.84675,51.94556],[12.85338,51.9477],[12.85926,51.94904],[12.94039,51.96328],[13.00423,51.97092],[13.00953,51.97184],[13.01517,51.97335],[13.02103,51.9756],[13.0261,51.9783],[13.04833,51.99347],[13.05218,51.99646],[13.06392,52.00442],[13.06734,52.00695],[13.06864,52.00814],[13.07074,52.0104],[13.0721,52.01231],[13.07314,52.01452],[13.08123,52.03651],[13.08226,52.03896],[13.08389,52.04183],[13.0857,52.04432],[13.08798,52.04685],[13.0902,52.04892],[13.09372,52.05164],[13.0973,52.05391],[13.14699,52.08159],[13.15398,52.08572],[13.15831,52.08888],[13.16461,52.09427],[13.18402,52.1101],[13.20688,52.12468],[13.20953,52.12656],[13.21304,52.12976],[13.21571,52.13315],[13.21675,52.13495],[13.21754,52.13673],[13.2183,52.13916],[13.21863,52.14101],[13.22328,52.19047],[13.22331,52.19329],[13.22279,52.19797],[13.22273,52.1999],[13.22307,52.20335],[13.22384,52.20634],[13.22474,52.20864],[13.22613,52.21129],[13.23369,52.22275],[13.23506,52.22454],[13.23827,52.22792],[13.26248,52.24943],[13.26468,52.25194],[13.26588,52.25411],[13.2665,52.25615],[13.26667,52.25809],[13.26602,52.292],[13.26643,52.2949],[13.26907,52.305],[13.27047,52.30937],[13.27423,52.32367],[13.27611,52.32977],[13.2952,52.3763],[13.29712,52.38171],[13.30122,52.39193],[13.30876,52.40983],[13.31046,52.41325],[13.31242,52.41624],[13.31507,52.41955],[13.31821,52.42252],[13.32014,52.42397],[13.32423,52.42656],[13.34637,52.44154],[13.34998,52.44427],[13.35284,52.44691],[13.3553,52.44996],[13.35625,52.45151],[13.36087,52.46424],[13.36151,52.46541],[13.36285,52.46878],[13.36365,52.47],[13.36463,52.47062],[13.36596,52.47098],[13.37401,52.47125],[13.37052,52.47143],[13.36825,52.47225],[13.36638,52.47365],[13.36435,52.47673],[13.36329,52.47774],[13.3609,52.47889],[13.35801,52.47971],[13.35601,52.47977],[13.35403,52.47959],[13.34648,52.47806],[13.33841,52.47798],[13.33212,52.47754],[13.31962,52.4776],[13.31739,52.47783],[13.31474,52.47849],[13.31279,52.47931],[13.31061,52.48076],[13.29371,52.49335],[13.29176,52.4952],[13.28813,52.49799],[13.28769,52.49906],[13.288,52.5001],[13.28938,52.50152],[13.29033,52.50208],[13.29117,52.50236],[13.29593,52.5031],[13.30729,52.50538],[13.30926,52.50555],[13.31171,52.50552],[13.31821,52.50527],[13.32654,52.50472],[13.32904,52.50503],[13.33053,52.50577],[13.33425,52.51007],[13.33646,52.51458],[13.337,52.51538],[13.34076,52.51873],[13.34167,52.5193],[13.34313,52.51983],[13.34486,52.52009],[13.35406,52.5195],[13.35651,52.51971],[13.35828,52.52028],[13.36605,52.52435],[13.36817,52.52496],[13.37019,52.52519],[13.36817,52.52496],[13.36605,52.52435],[13.35828,52.52028],[13.35651,52.51971],[13.35406,52.5195],[13.34486,52.52009],[13.34313,52.51983],[13.34167,52.5193],[13.34076,52.51873],[13.337,52.51538],[13.33646,52.51458],[13.33425,52.51007],[13.33082,52.50606],[13.33011,52.50547],[13.32929,52.50511],[13.32685,52.50471],[13.31821,52.50527],[13.31053,52.50555],[13.30628,52.50525],[13.29593,52.5031],[13.29071,52.50223],[13.28938,52.50152],[13.28828,52.50048],[13.28778,52.49967],[13.28772,52.49881],[13.2884,52.49771],[13.29176,52.4952],[13.29529,52.49222],[13.31129,52.48031],[13.31328,52.47913],[13.3156,52.47828],[13.31826,52.47777],[13.3205,52.47764],[13.33205,52.4776],[13.33837,52.47803],[13.34589,52.47806],[13.3473,52.47821],[13.35416,52.47966],[13.35773,52.47979],[13.36035,52.47916],[13.36329,52.47783],[13.36428,52.47694],[13.36606,52.47428],[13.36661,52.4737],[13.36795,52.47275],[13.3691,52.47224],[13.37051,52.4719],[13.37218,52.47172],[13.38089,52.47151],[13.38454,52.47088]]}},{"type":"Feature","properties":{"name":"2010_Jena-Süd -> Erfurt (43.8km)","mode":"train","distance_km":"43.7"},"geometry":{"type":"LineString","coordinates":[[11.5778,50.92339],[11.57798,50.92508],[11.57765,50.9263],[11.57678,50.92739],[11.57546,50.92827],[11.57392,50.92879],[11.56996,50.9295],[11.5686,50.9299],[11.56361,50.93237],[11.55862,50.93417],[11.55695,50.93515],[11.55502,50.93657],[11.55365,50.93718],[11.5517,50.9376],[11.54857,50.93772],[11.54728,50.93792],[11.5411,50.94023],[11.53589,50.94123],[11.53463,50.94164],[11.53344,50.94229],[11.53276,50.94286],[11.5311,50.94503],[11.53029,50.94564],[11.52867,50.94636],[11.52694,50.9467],[11.52563,50.94676],[11.52312,50.94656],[11.51624,50.94533],[11.51004,50.94348],[11.50433,50.94272],[11.48827,50.93968],[11.4858,50.93883],[11.47515,50.93361],[11.47279,50.93282],[11.47002,50.93243],[11.46695,50.93252],[11.46192,50.93359],[11.45583,50.93408],[11.44836,50.93566],[11.44089,50.93604],[11.43898,50.93626],[11.43613,50.93697],[11.4304,50.93916],[11.42809,50.93966],[11.42548,50.93978],[11.41971,50.93943],[11.41732,50.93961],[11.4151,50.94006],[11.41201,50.94123],[11.40754,50.9438],[11.40089,50.94621],[11.3989,50.94711],[11.39019,50.95273],[11.38787,50.95385],[11.38653,50.95423],[11.3845,50.95456],[11.37709,50.95484],[11.36867,50.95647],[11.3631,50.95826],[11.36045,50.95956],[11.35892,50.96067],[11.35788,50.96172],[11.3533,50.96807],[11.35234,50.9691],[11.35082,50.97019],[11.34653,50.97256],[11.34564,50.97326],[11.34477,50.97429],[11.3444,50.97506],[11.34417,50.97616],[11.34375,50.98462],[11.34341,50.98831],[11.34285,50.9892],[11.34199,50.98985],[11.34085,50.99031],[11.33964,50.99052],[11.3334,50.99059],[11.32957,50.99123],[11.32777,50.99134],[11.30253,50.99205],[11.29868,50.99189],[11.29571,50.99139],[11.29357,50.99074],[11.27712,50.9844],[11.2735,50.98368],[11.26954,50.98349],[11.26655,50.98377],[11.25858,50.98537],[11.25524,50.98564],[11.24104,50.98467],[11.22343,50.98417],[11.22022,50.98433],[11.21716,50.9849],[11.21503,50.98555],[11.20122,50.99144],[11.19893,50.99207],[11.19533,50.99255],[11.19282,50.99256],[11.19076,50.99238],[11.17939,50.99018],[11.16606,50.98954],[11.16099,50.98984],[11.14056,50.9927],[11.13622,50.99302],[11.13375,50.99297],[11.12978,50.99256],[11.12608,50.99175],[11.10064,50.98461],[11.0853,50.98063],[11.07856,50.97831],[11.07553,50.97749],[11.06949,50.97649],[11.05097,50.97414],[11.04245,50.97348],[11.04029,50.97306],[11.03817,50.97242]]}},{"type":"Feature","properties":{"name":"2010_Kyiv -> Kharkiv (484.3km)","mode":"train","distance_km":"483.1"},"geometry":{"type":"LineString","coordinates":[[30.48893,50.44024],[30.495,50.43579],[30.49858,50.43362],[30.49986,50.43268],[30.51797,50.41456],[30.52242,50.4094],[30.52354,50.40842],[30.52496,50.40751],[30.527,50.40669],[30.52967,50.40611],[30.5385,50.40573],[30.54186,50.40542],[30.54432,50.40506],[30.55328,50.40309],[30.55584,50.40266],[30.55764,50.40261],[30.55972,50.40283],[30.56141,50.40323],[30.56283,50.40379],[30.5679,50.40725],[30.56856,50.40802],[30.56981,50.40997],[30.57107,50.41129],[30.57235,50.41215],[30.57384,50.41277],[30.59647,50.41841],[30.60125,50.41993],[30.61909,50.42493],[30.65112,50.43268],[30.65776,50.43365],[30.66397,50.43375],[30.66667,50.43337],[30.68555,50.42972],[30.7574,50.41563],[30.80049,50.40701],[30.88501,50.38322],[30.88852,50.38232],[30.89196,50.38173],[30.99967,50.37211],[31.08708,50.36398],[31.19646,50.35978],[31.23111,50.35858],[31.23416,50.35834],[31.32218,50.34595],[31.32915,50.34479],[31.33583,50.34396],[31.37212,50.34019],[31.4676,50.33287],[31.47946,50.33276],[31.48961,50.33121],[31.49593,50.32991],[31.499,50.32902],[31.52854,50.31758],[31.60901,50.28285],[31.72485,50.23714],[31.72714,50.23653],[31.72881,50.23633],[31.7307,50.23636],[31.73485,50.237],[31.73653,50.23762],[31.73963,50.2396],[31.74163,50.24058],[31.74312,50.24097],[31.74526,50.24129],[31.74874,50.24146],[31.77502,50.24161],[31.77873,50.24124],[31.85212,50.22565],[32.02396,50.18844],[32.02944,50.18771],[32.03223,50.18761],[32.04904,50.18776],[32.05317,50.18731],[32.25564,50.15034],[32.38783,50.12656],[32.38988,50.12632],[32.39175,50.12632],[32.39879,50.12709],[32.40091,50.12703],[32.40353,50.12672],[32.42125,50.12396],[32.45013,50.11918],[32.564,50.09945],[32.57443,50.09832],[32.58649,50.0973],[32.60295,50.09619],[32.60672,50.0965],[32.61439,50.0984],[32.61666,50.09868],[32.61932,50.09846],[32.62683,50.09714],[32.63077,50.0967],[32.65885,50.09408],[32.74717,50.0786],[32.74954,50.07809],[32.75177,50.07739],[32.83381,50.04753],[32.83806,50.04635],[32.83978,50.04604],[32.84373,50.0456],[32.84783,50.04545],[32.89727,50.04774],[32.9014,50.04717],[32.93519,50.03988],[32.93702,50.03937],[32.93925,50.03828],[32.94064,50.0374],[32.94533,50.03389],[32.9528,50.02903],[32.95858,50.02598],[32.97795,50.01945],[32.97934,50.01914],[32.98456,50.01859],[32.98591,50.01823],[32.98984,50.01637],[32.99136,50.01525],[32.99226,50.01408],[32.99262,50.0128],[32.99259,50.0121],[32.99224,50.01105],[32.99132,50.00984],[32.98599,50.00609],[32.98086,50.0041],[32.97959,50.00321],[32.9787,50.00223],[32.97791,50.00064],[32.97742,49.99906],[32.97763,49.99648],[32.97754,49.99593],[32.97686,49.99449],[32.97511,49.99251],[32.97463,49.99097],[32.97471,49.99004],[32.97508,49.98899],[32.97584,49.98797],[32.97915,49.98524],[32.98028,49.98306],[32.98204,49.98093],[32.98453,49.97927],[32.98719,49.97661],[32.98928,49.97546],[32.9938,49.97406],[32.99751,49.97316],[32.99882,49.97304],[33.00135,49.97325],[33.00455,49.97395],[33.00712,49.97491],[33.0104,49.97664],[33.01226,49.97719],[33.02979,49.97982],[33.07199,49.98862],[33.07496,49.98899],[33.10426,49.98929],[33.16155,49.98663],[33.18008,49.98591],[33.18344,49.98591],[33.1874,49.98625],[33.191,49.98687],[33.21178,49.99239],[33.21414,49.99275],[33.21733,49.99287],[33.26046,49.99242],[33.3031,49.98806],[33.30603,49.988],[33.30818,49.98821],[33.3108,49.98877],[33.31772,49.99091],[33.33318,49.99638],[33.33764,49.99763],[33.33924,49.99779],[33.34034,49.9976],[33.34155,49.99704],[33.34471,49.99445],[33.35464,49.98554],[33.35752,49.98109],[33.35803,49.98001],[33.35821,49.97894],[33.35785,49.97679],[33.35786,49.97508],[33.35808,49.97389],[33.35841,49.97313],[33.36002,49.97077],[33.36114,49.96983],[33.36255,49.96904],[33.36422,49.96845],[33.40855,49.95561],[33.44079,49.94711],[33.44318,49.94623],[33.44701,49.94426],[33.4488,49.94356],[33.4541,49.94242],[33.45704,49.94232],[33.46036,49.94289],[33.47549,49.94831],[33.48052,49.94969],[33.48224,49.94998],[33.4882,49.95033],[33.49024,49.95064],[33.49571,49.95209],[33.51853,49.95696],[33.52332,49.95736],[33.56148,49.95911],[33.5649,49.9587],[33.57319,49.95666],[33.58493,49.95169],[33.5869,49.95099],[33.60584,49.94755],[33.60814,49.94733],[33.61115,49.94745],[33.63798,49.9501],[33.64205,49.95011],[33.70434,49.94226],[33.71802,49.94013],[33.74882,49.93596],[33.76261,49.93157],[33.77632,49.9299],[33.77829,49.92946],[33.79604,49.92277],[33.79779,49.92252],[33.8087,49.92193],[33.81006,49.92168],[33.814,49.9204],[33.8164,49.91943],[33.81862,49.91811],[33.81929,49.91741],[33.84821,49.87859],[33.84901,49.87736],[33.84954,49.87619],[33.85466,49.86264],[33.85495,49.86131],[33.85199,49.8356],[33.85196,49.83457],[33.8522,49.83362],[33.85295,49.83231],[33.85463,49.83084],[33.8572,49.82972],[33.87097,49.82679],[33.87303,49.8262],[33.87517,49.82515],[33.87662,49.82416],[33.87764,49.82308],[33.88171,49.81706],[33.88388,49.81454],[33.88651,49.81277],[33.89179,49.81051],[33.89404,49.80937],[33.89959,49.80571],[33.90078,49.80458],[33.90602,49.79871],[33.91046,49.79113],[33.91098,49.78961],[33.9111,49.78841],[33.9106,49.78284],[33.91105,49.78147],[33.91224,49.77999],[33.9136,49.77903],[33.91752,49.77693],[33.92024,49.77527],[33.93252,49.76758],[33.94061,49.76094],[33.9552,49.74937],[33.96384,49.74215],[33.97538,49.73396],[33.98572,49.72719],[33.99283,49.72213],[34.02073,49.69348],[34.02275,49.6917],[34.02713,49.68853],[34.04203,49.67529],[34.0437,49.67345],[34.05125,49.66368],[34.05257,49.66264],[34.05591,49.66099],[34.05769,49.65968],[34.05882,49.65803],[34.05945,49.65486],[34.06008,49.65366],[34.06217,49.65069],[34.06335,49.64967],[34.0644,49.64907],[34.06723,49.64802],[34.06874,49.64768],[34.0721,49.64758],[34.0739,49.64789],[34.07932,49.6495],[34.08281,49.65027],[34.08925,49.65302],[34.09319,49.65402],[34.10214,49.65485],[34.10483,49.65487],[34.10837,49.65463],[34.11465,49.65479],[34.11691,49.65467],[34.1195,49.65403],[34.12158,49.65298],[34.1223,49.65244],[34.12572,49.64903],[34.12666,49.64755],[34.12701,49.64617],[34.12653,49.64156],[34.12688,49.64024],[34.1275,49.63931],[34.1286,49.63836],[34.12999,49.63763],[34.13197,49.63708],[34.13438,49.63694],[34.17309,49.63954],[34.17591,49.6395],[34.17797,49.63925],[34.21409,49.63285],[34.21611,49.63221],[34.21939,49.63037],[34.22241,49.62929],[34.22525,49.62793],[34.22798,49.62722],[34.23047,49.62705],[34.23271,49.62718],[34.23487,49.62771],[34.23764,49.62886],[34.23906,49.62926],[34.24209,49.62954],[34.2443,49.6293],[34.24711,49.6285],[34.2488,49.6282],[34.25057,49.62811],[34.25587,49.62842],[34.26355,49.62771],[34.26807,49.62706],[34.28244,49.62395],[34.28545,49.62398],[34.29048,49.62484],[34.29343,49.62466],[34.29937,49.623],[34.30341,49.6212],[34.30684,49.62022],[34.30813,49.61966],[34.30972,49.61868],[34.31097,49.61759],[34.31155,49.61675],[34.31295,49.61393],[34.31374,49.6131],[34.31475,49.61235],[34.31721,49.61119],[34.32038,49.61001],[34.32659,49.60832],[34.33603,49.60721],[34.33816,49.60711],[34.34348,49.60731],[34.36192,49.6091],[34.36446,49.60909],[34.36637,49.60888],[34.39541,49.6046],[34.39881,49.60375],[34.41003,49.59965],[34.4121,49.59913],[34.41455,49.59899],[34.41761,49.5993],[34.42046,49.59938],[34.4239,49.59905],[34.42609,49.59835],[34.42875,49.59681],[34.43084,49.59592],[34.433,49.59545],[34.43689,49.5951],[34.43895,49.59474],[34.44091,49.59419],[34.44735,49.59149],[34.44951,49.59095],[34.45216,49.59063],[34.47278,49.58942],[34.47571,49.58948],[34.47919,49.59006],[34.49791,49.59502],[34.50219,49.59592],[34.50479,49.59611],[34.50749,49.59605],[34.51499,49.59521],[34.51671,49.59531],[34.51899,49.59581],[34.52044,49.5964],[34.52189,49.5973],[34.52365,49.5992],[34.52842,49.61223],[34.52925,49.61507],[34.53014,49.61669],[34.53125,49.61783],[34.53334,49.61916],[34.54567,49.62515],[34.54801,49.62647],[34.55825,49.63151],[34.56025,49.63201],[34.56234,49.63213],[34.56422,49.63191],[34.56681,49.63101],[34.56886,49.62982],[34.56999,49.62867],[34.57045,49.62777],[34.57054,49.62604],[34.56941,49.62361],[34.56924,49.62261],[34.5695,49.62153],[34.56996,49.62069],[34.57144,49.61884],[34.57174,49.61805],[34.57175,49.61652],[34.57145,49.61572],[34.5709,49.61493],[34.56859,49.61262],[34.5679,49.61167],[34.56744,49.61041],[34.56739,49.60938],[34.56771,49.6082],[34.56865,49.60692],[34.57184,49.60477],[34.57266,49.60396],[34.57319,49.60303],[34.57339,49.60214],[34.57337,49.60135],[34.57288,49.59956],[34.57275,49.59823],[34.57341,49.59566],[34.57397,49.59486],[34.57485,49.59406],[34.57557,49.59358],[34.57706,49.59298],[34.57966,49.59253],[34.5822,49.59267],[34.58396,49.59316],[34.58521,49.59376],[34.5863,49.59456],[34.58711,49.59552],[34.58764,49.59695],[34.58743,49.60155],[34.58777,49.60331],[34.5889,49.605],[34.59043,49.60645],[34.59206,49.60758],[34.59407,49.60836],[34.59615,49.60876],[34.59822,49.60883],[34.60309,49.60828],[34.60568,49.60816],[34.60699,49.60831],[34.61138,49.6096],[34.61295,49.60974],[34.61691,49.60974],[34.61864,49.61006],[34.61984,49.61069],[34.63388,49.62043],[34.63759,49.6227],[34.64015,49.6237],[34.66732,49.62866],[34.67069,49.62892],[34.6721,49.62884],[34.68128,49.62739],[34.68664,49.62631],[34.69025,49.62524],[34.69515,49.62352],[34.70023,49.62205],[34.70297,49.62179],[34.70566,49.62211],[34.71427,49.62391],[34.71606,49.6246],[34.71811,49.6258],[34.72882,49.63522],[34.72939,49.63605],[34.7312,49.64016],[34.7319,49.64117],[34.73273,49.64189],[34.74618,49.65072],[34.74844,49.65174],[34.76803,49.65627],[34.79703,49.66025],[34.83435,49.6653],[34.85889,49.6666],[34.86117,49.66689],[34.86279,49.66734],[34.86439,49.66812],[34.86561,49.66902],[34.88123,49.68477],[34.88245,49.68589],[34.88397,49.68684],[34.9469,49.7159],[34.94902,49.71707],[34.94993,49.71774],[34.95145,49.71924],[34.97404,49.74768],[34.97591,49.74943],[34.9779,49.75066],[34.98025,49.75164],[35.06748,49.77735],[35.07112,49.77868],[35.13162,49.80582],[35.13381,49.80694],[35.19046,49.84404],[35.19256,49.84524],[35.19487,49.84626],[35.22999,49.85977],[35.23186,49.86068],[35.23306,49.86164],[35.23388,49.86265],[35.23444,49.86418],[35.23448,49.86511],[35.2311,49.88134],[35.23102,49.88236],[35.23124,49.88345],[35.23192,49.88466],[35.23323,49.88591],[35.2345,49.88668],[35.23576,49.88721],[35.23771,49.88771],[35.30089,49.89956],[35.30357,49.90022],[35.30552,49.90105],[35.30654,49.90167],[35.31623,49.90935],[35.31775,49.91024],[35.31896,49.9107],[35.32088,49.91114],[35.34284,49.91372],[35.34419,49.91397],[35.34667,49.91478],[35.34811,49.9155],[35.37485,49.93163],[35.37654,49.93259],[35.37845,49.93328],[35.38037,49.93363],[35.38274,49.93373],[35.43965,49.93485],[35.44731,49.9335],[35.53757,49.91613],[35.54003,49.91585],[35.54271,49.916],[35.54767,49.91676],[35.60036,49.92655],[35.60309,49.92679],[35.68787,49.92236],[35.69038,49.92254],[35.69339,49.92318],[35.71722,49.92925],[35.71946,49.9296],[35.72163,49.92968],[35.76859,49.92456],[35.77316,49.92426],[35.77679,49.92434],[35.80389,49.92654],[35.80573,49.92688],[35.80721,49.92739],[35.80859,49.92809],[35.85694,49.95698],[35.85902,49.95802],[35.86184,49.95854],[35.8645,49.95837],[35.86823,49.95764],[35.90297,49.9494],[35.90633,49.94826],[35.91611,49.9438],[35.91886,49.94272],[35.92064,49.9422],[35.92906,49.9421],[35.93393,49.94191],[35.9378,49.94155],[35.94568,49.94147],[35.95024,49.94122],[35.95786,49.94173],[35.96638,49.943],[35.97434,49.94514],[35.97928,49.94684],[35.9824,49.94737],[35.98548,49.94716],[36.00141,49.94425],[36.00356,49.9441],[36.00577,49.94432],[36.00788,49.94488],[36.00919,49.94549],[36.01032,49.94623],[36.01288,49.94818],[36.0163,49.95213],[36.01829,49.95348],[36.02112,49.95442],[36.03052,49.95562],[36.03247,49.95557],[36.03442,49.95523],[36.04253,49.95254],[36.04459,49.95202],[36.05537,49.95024],[36.05756,49.95015],[36.07712,49.95075],[36.08962,49.94924],[36.09219,49.94944],[36.09387,49.94985],[36.10321,49.95378],[36.1186,49.95883],[36.12155,49.95932],[36.12433,49.95919],[36.16945,49.95428],[36.17315,49.95415],[36.17565,49.9544],[36.19439,49.9584],[36.19817,49.95896],[36.2002,49.95973],[36.2016,49.96084],[36.20197,49.96142],[36.2027,49.96336],[36.20535,49.96749],[36.20596,49.96884],[36.20637,49.97058],[36.20759,49.97287],[36.20784,49.97419],[36.20775,49.97535],[36.20572,49.98191],[36.20494,49.98522],[36.20332,49.98965]]}},{"type":"Feature","properties":{"name":"2010_Lugano -> Caslano (8km)","mode":"train","distance_km":"8.0"},"geometry":{"type":"LineString","coordinates":[[8.94629,46.00548],[8.94619,46.00568],[8.94471,46.00559],[8.94371,46.00504],[8.94262,46.0049],[8.94191,46.0044],[8.94183,46.00383],[8.942,46.00301],[8.94247,46.00259],[8.94159,46.0018],[8.93952,46.00121],[8.93952,46.00088],[8.94022,46.00034],[8.94033,45.99997],[8.93811,45.99725],[8.93563,45.99668],[8.93367,45.99654],[8.93107,45.99554],[8.92976,45.99439],[8.92903,45.99402],[8.92414,45.99303],[8.92299,45.99303],[8.92091,45.99335],[8.91802,45.99322],[8.91711,45.99344],[8.91616,45.99401],[8.91571,45.99453],[8.91547,45.99515],[8.91543,45.99638],[8.9152,45.99696],[8.91395,45.99773],[8.91077,45.99735],[8.90656,45.99775],[8.9058,45.99551],[8.90359,45.99514],[8.90148,45.99515],[8.9009,45.99539],[8.89941,45.9935],[8.89898,45.99262],[8.89826,45.99282],[8.89799,45.99256],[8.89695,45.99257],[8.89511,45.98998],[8.89371,45.98886],[8.89278,45.98777],[8.89112,45.98403],[8.89045,45.98307],[8.88863,45.98234],[8.88264,45.98126],[8.87627,45.97749]]}},{"type":"Feature","properties":{"name":"2010_Milan_Switzerland (146km)","mode":"train","distance_km":"145.8"},"geometry":{"type":"LineString","coordinates":[[10.07432,45.54599],[10.0497,45.54476],[10.04711,45.54479],[9.99563,45.55298],[9.99196,45.55327],[9.98807,45.55322],[9.98323,45.55253],[9.90101,45.53459],[9.89653,45.53425],[9.86341,45.53497],[9.85838,45.53481],[9.8127,45.52961],[9.78788,45.52492],[9.78472,45.5245],[9.73421,45.52342],[9.63589,45.51756],[9.57576,45.51433],[9.5705,45.51382],[9.53793,45.51226],[9.5342,45.51191],[9.52651,45.51086],[9.52029,45.51027],[9.50229,45.50709],[9.49502,45.50635],[9.48749,45.50633],[9.47035,45.50773],[9.46567,45.50797],[9.46035,45.50798],[9.45376,45.50759],[9.44517,45.50643],[9.39241,45.49731],[9.37418,45.49376],[9.36126,45.49183],[9.33126,45.4862],[9.31636,45.48359],[9.31089,45.48247],[9.28885,45.47872],[9.26579,45.47446],[9.2561,45.47288],[9.25158,45.4728],[9.24648,45.47163],[9.24456,45.47167],[9.24304,45.47199],[9.2414,45.47268],[9.24032,45.47359],[9.23968,45.47494],[9.23936,45.48041],[9.2387,45.48163],[9.238,45.48395],[9.23752,45.48488],[9.2282,45.49471],[9.2269,45.49564],[9.22564,45.49621],[9.22352,45.49672],[9.21918,45.49701],[9.21739,45.49689],[9.21594,45.49642],[9.21463,45.49565],[9.2116,45.4931],[9.20467,45.48616],[9.20871,45.49012],[9.21376,45.49548],[9.21538,45.49829],[9.21578,45.49992],[9.21555,45.501],[9.21486,45.50215],[9.21224,45.50552],[9.21184,45.50637],[9.21163,45.50766],[9.21206,45.5091],[9.2158,45.51432],[9.21717,45.51577],[9.22031,45.5199],[9.22164,45.52134],[9.22322,45.52387],[9.22792,45.52999],[9.25906,45.56013],[9.26584,45.56746],[9.26821,45.5705],[9.27318,45.57803],[9.27354,45.57934],[9.27316,45.58085],[9.27215,45.58215],[9.27099,45.58312],[9.22485,45.61283],[9.22313,45.61397],[9.22166,45.6152],[9.22028,45.61678],[9.21926,45.6185],[9.20875,45.64101],[9.20776,45.64232],[9.20651,45.64352],[9.20081,45.64725],[9.19718,45.64903],[9.19518,45.64969],[9.19281,45.65023],[9.14803,45.65662],[9.14536,45.65738],[9.1425,45.65857],[9.14024,45.65989],[9.13834,45.66136],[9.13678,45.66299],[9.13565,45.66459],[9.12464,45.6841],[9.12349,45.68581],[9.1221,45.6874],[9.12032,45.68901],[9.11855,45.69031],[9.10277,45.69984],[9.10027,45.70207],[9.09875,45.7042],[9.09802,45.70571],[9.09761,45.70698],[9.09735,45.70956],[9.09767,45.71172],[9.09896,45.71492],[9.09931,45.71621],[9.09934,45.71794],[9.09888,45.71967],[9.09816,45.72099],[9.09606,45.72346],[9.09526,45.72475],[9.09472,45.72637],[9.09427,45.72921],[9.09373,45.73044],[9.09304,45.73149],[9.09195,45.73266],[9.09064,45.73369],[9.08624,45.73598],[9.08444,45.73736],[9.08286,45.73936],[9.08213,45.74121],[9.08197,45.74275],[9.08213,45.74414],[9.08549,45.75494],[9.08588,45.75665],[9.08592,45.75877],[9.08575,45.75993],[9.0853,45.76134],[9.08452,45.76272],[9.08366,45.76374],[9.07904,45.76821],[9.07712,45.76951],[9.07302,45.77151],[9.07138,45.77279],[9.07057,45.77386],[9.0448,45.82552],[9.0431,45.82704],[9.04026,45.82863],[9.03437,45.83072],[9.0253,45.83455],[9.01007,45.84406],[9.00688,45.84535],[9.0026,45.84831],[9.00153,45.84886],[9.00002,45.84915],[8.99853,45.84905],[8.99727,45.84863],[8.99542,45.84742],[8.99418,45.8469],[8.99293,45.84667],[8.99099,45.84667],[8.98859,45.84715],[8.98464,45.84887],[8.98129,45.84912],[8.98029,45.84933],[8.97898,45.84997],[8.9782,45.85075],[8.97782,45.85168],[8.97804,45.85365],[8.97774,45.85469],[8.9719,45.86074],[8.97139,45.86162],[8.97134,45.86264],[8.97162,45.86337],[8.97217,45.86403],[8.97482,45.86597],[8.97731,45.86841],[8.98137,45.87153],[8.98231,45.87242],[8.9828,45.87328],[8.983,45.87406],[8.9831,45.87696],[8.98223,45.88148],[8.98095,45.88381],[8.98001,45.88641],[8.9792,45.88746],[8.97487,45.89178],[8.97423,45.8929],[8.97404,45.89413],[8.97445,45.89551],[8.97926,45.90322],[8.98026,45.90514],[8.98224,45.90787],[8.98245,45.9108],[8.98383,45.91363],[8.98415,45.91814],[8.98376,45.919],[8.9788,45.92607],[8.97653,45.93054],[8.97575,45.93134],[8.97235,45.93354],[8.97142,45.93431],[8.97096,45.93495],[8.97004,45.93717],[8.96764,45.93926],[8.96563,45.94251],[8.96535,45.94335],[8.96536,45.94393],[8.9664,45.94699],[8.96656,45.94853],[8.96621,45.94997],[8.96523,45.95139],[8.96395,45.95234],[8.96215,45.95303],[8.95444,45.95386],[8.95042,45.95495],[8.94862,45.95592],[8.94809,45.95648],[8.94762,45.95732],[8.94699,45.95921],[8.94728,45.96153],[8.94716,45.96338],[8.9473,45.96451],[8.94796,45.96613],[8.94823,45.96787],[8.9496,45.97055],[8.95107,45.97234],[8.95266,45.97365],[8.9537,45.97514],[8.95495,45.97644],[8.95566,45.97772],[8.95578,45.97865],[8.95527,45.98104],[8.95532,45.98413],[8.95519,45.98494],[8.95467,45.9862],[8.95356,45.98753],[8.95132,45.98895],[8.94956,45.98951],[8.94778,45.98956],[8.94463,45.98888],[8.94299,45.98902],[8.94144,45.98975],[8.94059,45.99084],[8.94052,45.99201],[8.94196,45.99451],[8.94223,45.99723],[8.94252,45.99798],[8.94308,45.99861],[8.9437,45.99903],[8.94644,46.00025],[8.94709,46.0009],[8.94739,46.00146],[8.94743,46.00251],[8.94628,46.0058]]}},{"type":"Feature","properties":{"name":"2012_Cubelles -> Barcelona (46.8km)","mode":"train","distance_km":"46.7"},"geometry":{"type":"LineString","coordinates":[[1.67608,41.20416],[1.69393,41.20795],[1.69781,41.20827],[1.70575,41.20822],[1.70759,41.20857],[1.7094,41.20936],[1.72046,41.21649],[1.72252,41.21758],[1.72903,41.21948],[1.73087,41.21983],[1.73407,41.21995],[1.7408,41.21877],[1.74368,41.21861],[1.74541,41.21876],[1.75312,41.22002],[1.75856,41.21983],[1.76099,41.21997],[1.76362,41.22042],[1.76897,41.22176],[1.77219,41.22272],[1.77404,41.22357],[1.786,41.23114],[1.79242,41.23501],[1.79818,41.23732],[1.80374,41.23914],[1.80674,41.23941],[1.80871,41.23931],[1.81904,41.23743],[1.8272,41.23772],[1.82848,41.2375],[1.83182,41.23651],[1.83404,41.23615],[1.84262,41.23598],[1.85131,41.23511],[1.85332,41.23542],[1.85548,41.23609],[1.85687,41.23712],[1.85805,41.23837],[1.86062,41.24018],[1.86625,41.2426],[1.86859,41.2433],[1.87318,41.24399],[1.87493,41.24443],[1.88375,41.24761],[1.89021,41.24877],[1.89909,41.25236],[1.90356,41.25465],[1.90573,41.2553],[1.91195,41.25626],[1.9159,41.25736],[1.91748,41.25796],[1.92141,41.26019],[1.92299,41.26091],[1.92863,41.26229],[1.9338,41.26394],[1.93651,41.26458],[1.96213,41.26765],[1.9643,41.26817],[1.96565,41.26867],[1.96825,41.27],[1.97066,41.27178],[2.00672,41.30065],[2.00831,41.30177],[2.0116,41.3036],[2.01757,41.30591],[2.08021,41.32756],[2.08483,41.32919],[2.0879,41.33052],[2.09556,41.33289],[2.10598,41.33639],[2.10997,41.3378],[2.11238,41.33883],[2.11352,41.33996],[2.11406,41.34145],[2.11612,41.36214],[2.11649,41.36509],[2.11702,41.36631],[2.1181,41.36728],[2.1196,41.36787],[2.12551,41.36816],[2.12783,41.36872],[2.12939,41.36942],[2.13138,41.37093],[2.13416,41.37409],[2.13608,41.37598],[2.13997,41.37902]]}},{"type":"Feature","properties":{"name":"2012_Kyiv -> Odesa (611.1km)","mode":"train","distance_km":"610.3"},"geometry":{"type":"LineString","coordinates":[[30.48868,50.43987],[30.49061,50.43849],[30.49854,50.43358],[30.49983,50.43262],[30.51793,50.41453],[30.52225,50.40948],[30.52317,50.40862],[30.52458,50.40765],[30.52588,50.40697],[30.52735,50.40645],[30.53287,50.40525],[30.54277,50.40491],[30.54623,50.40448],[30.55183,50.40317],[30.55361,50.40259],[30.5565,50.40141],[30.55712,50.40098],[30.55773,50.40026],[30.55805,50.39879],[30.55778,50.397],[30.55217,50.38363],[30.55117,50.38018],[30.54877,50.37351],[30.54658,50.36443],[30.54617,50.3602],[30.54521,50.35545],[30.54091,50.34613],[30.54037,50.34446],[30.53798,50.32585],[30.53414,50.30689],[30.53427,50.27813],[30.53448,50.27659],[30.53494,50.27536],[30.53626,50.27358],[30.53805,50.27208],[30.53974,50.2711],[30.54311,50.26987],[30.5677,50.26333],[30.57189,50.2621],[30.57365,50.26125],[30.57542,50.2599],[30.57858,50.25606],[30.58579,50.24658],[30.58666,50.24498],[30.59096,50.23002],[30.59124,50.22787],[30.59135,50.22207],[30.59152,50.22092],[30.59503,50.20289],[30.59646,50.19989],[30.59822,50.19757],[30.60036,50.19554],[30.60346,50.19338],[30.60858,50.19096],[30.73417,50.15206],[30.74256,50.14941],[30.74441,50.1487],[30.74568,50.14794],[30.74846,50.14578],[30.75174,50.14187],[30.75288,50.14013],[30.75766,50.12835],[30.75772,50.12719],[30.75756,50.12607],[30.75648,50.1239],[30.75608,50.12269],[30.75611,50.12154],[30.7566,50.1203],[30.75702,50.11968],[30.758,50.11875],[30.75992,50.11764],[30.77227,50.11288],[30.77392,50.11178],[30.77476,50.11094],[30.77524,50.1102],[30.77577,50.10838],[30.7764,50.10448],[30.77633,50.10264],[30.77288,50.09588],[30.772,50.09447],[30.77131,50.09379],[30.76969,50.09278],[30.76488,50.09092],[30.76347,50.09021],[30.75885,50.08662],[30.75561,50.08391],[30.75091,50.07725],[30.74979,50.07606],[30.7262,50.05809],[30.72463,50.05605],[30.72423,50.05519],[30.72387,50.05353],[30.72474,50.04645],[30.72527,50.04483],[30.74661,50.00404],[30.74715,50.00255],[30.74806,49.99805],[30.74867,49.99664],[30.75019,49.99451],[30.76691,49.97355],[30.76805,49.97189],[30.76875,49.97016],[30.7757,49.93915],[30.7759,49.93749],[30.77585,49.93675],[30.7754,49.93548],[30.76724,49.92128],[30.76687,49.92041],[30.76646,49.91875],[30.76646,49.91696],[30.76876,49.88286],[30.76891,49.88152],[30.7696,49.87909],[30.78082,49.85133],[30.80052,49.80167],[30.80153,49.79953],[30.80557,49.79332],[30.81511,49.7793],[30.8305,49.76327],[30.83252,49.7609],[30.84607,49.73541],[30.84682,49.73423],[30.84793,49.73309],[30.84918,49.73219],[30.86171,49.72499],[30.86454,49.72305],[30.88893,49.69851],[30.89215,49.69584],[30.90553,49.68635],[30.90691,49.6848],[30.91022,49.68002],[30.91801,49.67332],[30.92071,49.67151],[30.94884,49.65444],[30.95181,49.65317],[30.95949,49.65064],[30.96227,49.65013],[30.97181,49.64893],[30.97403,49.64843],[30.98892,49.64334],[30.99365,49.64203],[30.99573,49.64107],[31.00291,49.63642],[31.01833,49.63018],[31.02027,49.62904],[31.02166,49.62773],[31.0229,49.62609],[31.02948,49.61616],[31.03075,49.61474],[31.03226,49.61363],[31.03456,49.61259],[31.03911,49.61107],[31.05776,49.60659],[31.06102,49.60551],[31.0631,49.60436],[31.06924,49.59984],[31.07241,49.59811],[31.08956,49.59044],[31.10192,49.58524],[31.10448,49.58358],[31.10917,49.57948],[31.11071,49.578],[31.11555,49.57253],[31.117,49.57133],[31.11836,49.57056],[31.12077,49.56979],[31.12397,49.5695],[31.13645,49.5711],[31.1419,49.57122],[31.14463,49.57082],[31.14633,49.57018],[31.14733,49.56959],[31.14906,49.56819],[31.14971,49.56739],[31.15011,49.56655],[31.15038,49.56474],[31.14993,49.56073],[31.15025,49.55848],[31.151,49.55676],[31.15196,49.55558],[31.16022,49.5478],[31.16205,49.54537],[31.163,49.5437],[31.16505,49.53942],[31.16621,49.53607],[31.16962,49.52999],[31.17017,49.52734],[31.17055,49.52284],[31.17106,49.52152],[31.17189,49.5203],[31.17285,49.5191],[31.17408,49.51799],[31.1807,49.51342],[31.18336,49.51202],[31.18757,49.51047],[31.18942,49.50917],[31.1901,49.50836],[31.19072,49.50709],[31.19163,49.50171],[31.19242,49.5],[31.19348,49.49886],[31.20694,49.4871],[31.20825,49.48623],[31.20967,49.48553],[31.21632,49.48303],[31.22384,49.48142],[31.22788,49.48022],[31.23011,49.47912],[31.23143,49.47807],[31.23235,49.47687],[31.2352,49.46944],[31.23616,49.46781],[31.23815,49.46596],[31.24484,49.46151],[31.2466,49.46071],[31.24906,49.45992],[31.26578,49.45581],[31.26691,49.45529],[31.26835,49.45432],[31.27034,49.45196],[31.27153,49.45093],[31.27382,49.44979],[31.27959,49.44856],[31.28341,49.44673],[31.28526,49.44612],[31.29073,49.44543],[31.29205,49.44514],[31.29383,49.44446],[31.29684,49.4425],[31.30154,49.4387],[31.30254,49.43753],[31.30414,49.4346],[31.30586,49.43283],[31.30776,49.4318],[31.31808,49.42818],[31.32083,49.42697],[31.3227,49.42549],[31.32577,49.42104],[31.32748,49.41969],[31.32964,49.4189],[31.34164,49.41663],[31.34346,49.41598],[31.34544,49.41473],[31.34669,49.41337],[31.34733,49.41183],[31.34797,49.40768],[31.34758,49.40604],[31.34679,49.40479],[31.34599,49.40396],[31.34147,49.40097],[31.33999,49.39959],[31.33917,49.3984],[31.33805,49.39543],[31.3368,49.3938],[31.33556,49.39274],[31.33028,49.38918],[31.32905,49.38784],[31.32765,49.38509],[31.32751,49.38419],[31.32759,49.38151],[31.32734,49.38019],[31.3264,49.37868],[31.32404,49.37627],[31.32337,49.37501],[31.32313,49.37313],[31.32347,49.37189],[31.32382,49.37131],[31.32471,49.37025],[31.32555,49.36958],[31.33081,49.36672],[31.33259,49.36533],[31.33388,49.36373],[31.33514,49.36165],[31.3356,49.36034],[31.3369,49.355],[31.33779,49.35334],[31.33893,49.35225],[31.3462,49.34695],[31.34862,49.34499],[31.34958,49.3435],[31.34977,49.34275],[31.34967,49.34023],[31.35,49.33847],[31.35079,49.33683],[31.35147,49.33591],[31.35326,49.33432],[31.35767,49.33186],[31.3596,49.3306],[31.37355,49.31815],[31.37597,49.31642],[31.37737,49.31571],[31.3883,49.31149],[31.39019,49.31059],[31.41835,49.29328],[31.41966,49.29225],[31.42215,49.28948],[31.42377,49.28842],[31.42536,49.28777],[31.43236,49.28599],[31.43332,49.28553],[31.43499,49.28438],[31.43603,49.28308],[31.43632,49.28242],[31.43657,49.28116],[31.43651,49.28049],[31.43286,49.26644],[31.43274,49.26471],[31.433,49.26262],[31.4335,49.26103],[31.43437,49.25942],[31.4425,49.24517],[31.44317,49.24365],[31.44333,49.2428],[31.44319,49.24111],[31.44257,49.23947],[31.43653,49.23192],[31.43617,49.23125],[31.43593,49.23053],[31.43582,49.2294],[31.43615,49.22798],[31.43674,49.227],[31.43756,49.22607],[31.43984,49.22434],[31.44594,49.22212],[31.44747,49.22117],[31.44828,49.22035],[31.44989,49.21818],[31.45645,49.2088],[31.46077,49.20468],[31.46354,49.19977],[31.46457,49.19855],[31.47186,49.19158],[31.47292,49.19092],[31.47679,49.18914],[31.4777,49.18846],[31.48073,49.18545],[31.48488,49.18339],[31.48684,49.18206],[31.48814,49.18067],[31.49082,49.17663],[31.4924,49.17496],[31.49459,49.17349],[31.53427,49.15083],[31.53708,49.14968],[31.54027,49.14898],[31.57422,49.14433],[31.57688,49.14421],[31.58254,49.14464],[31.58697,49.14538],[31.58948,49.14603],[31.59229,49.14735],[31.5938,49.14786],[31.59541,49.14821],[31.59744,49.14833],[31.59888,49.14823],[31.60532,49.14703],[31.60813,49.14683],[31.61059,49.14695],[31.62571,49.15013],[31.63614,49.15043],[31.63881,49.15074],[31.64842,49.15313],[31.65028,49.1541],[31.65119,49.15483],[31.65177,49.15549],[31.6538,49.15866],[31.65495,49.15974],[31.66173,49.16458],[31.67219,49.17071],[31.68234,49.17865],[31.69675,49.19265],[31.69759,49.194],[31.69795,49.19528],[31.69797,49.19613],[31.69758,49.19758],[31.69575,49.20116],[31.69547,49.20238],[31.69549,49.2034],[31.69666,49.20796],[31.69725,49.20905],[31.69854,49.21049],[31.70006,49.2116],[31.71535,49.21971],[31.71683,49.22031],[31.71902,49.22087],[31.72175,49.22112],[31.72446,49.22099],[31.73383,49.21941],[31.73793,49.21917],[31.80198,49.22534],[31.80515,49.22552],[31.811,49.22522],[31.81406,49.22474],[31.81702,49.22407],[31.84171,49.2169],[31.84461,49.21618],[31.84649,49.21593],[31.84941,49.21585],[31.85474,49.21641],[31.85677,49.21643],[31.85863,49.21624],[31.861,49.21573],[31.86869,49.21332],[31.8713,49.21231],[31.87266,49.21142],[31.87479,49.20944],[31.87696,49.20841],[31.88301,49.20679],[31.88969,49.20442],[31.89486,49.20299],[31.89905,49.20223],[31.90227,49.20114],[31.90319,49.20066],[31.9039,49.20002],[31.90431,49.19936],[31.90447,49.19838],[31.90433,49.197],[31.90364,49.19555],[31.90036,49.19164],[31.89976,49.19075],[31.89913,49.18934],[31.89878,49.18648],[31.89939,49.18244],[31.89929,49.18114],[31.8989,49.18004],[31.8976,49.17805],[31.89379,49.17416],[31.89284,49.17261],[31.89246,49.17134],[31.89236,49.16977],[31.89255,49.16855],[31.8957,49.15984],[31.89605,49.15782],[31.89591,49.15645],[31.89113,49.13693],[31.89109,49.1339],[31.89272,49.12433],[31.89257,49.12233],[31.89112,49.11882],[31.88751,49.11136],[31.88625,49.10957],[31.88516,49.10848],[31.87194,49.09892],[31.86912,49.09699],[31.86297,49.09333],[31.86155,49.09229],[31.85718,49.08724],[31.85587,49.08514],[31.85021,49.07133],[31.84778,49.06704],[31.8463,49.065],[31.84449,49.0636],[31.84227,49.06255],[31.81656,49.05616],[31.81375,49.05497],[31.81246,49.05408],[31.80304,49.04544],[31.80139,49.04371],[31.80011,49.04169],[31.79961,49.04045],[31.79516,49.02768],[31.79438,49.02649],[31.79359,49.02566],[31.79181,49.0244],[31.79016,49.02357],[31.78838,49.02299],[31.72512,49.00661],[31.71868,49.00482],[31.71442,49.00334],[31.6933,48.99415],[31.68968,48.9921],[31.68045,48.98524],[31.67817,48.98326],[31.67683,48.98129],[31.67629,48.98002],[31.67505,48.97562],[31.67466,48.97475],[31.67397,48.97376],[31.67304,48.97279],[31.67058,48.97084],[31.66453,48.967],[31.66317,48.96519],[31.66119,48.96148],[31.66076,48.96001],[31.66081,48.95855],[31.66147,48.9568],[31.66278,48.95504],[31.66387,48.95418],[31.66873,48.95153],[31.67058,48.9502],[31.67185,48.94862],[31.67542,48.94284],[31.67729,48.94091],[31.69572,48.92802],[31.69826,48.9261],[31.69927,48.92495],[31.70006,48.92353],[31.7005,48.92196],[31.70055,48.92091],[31.70024,48.91888],[31.69666,48.90784],[31.66721,48.85459],[31.66587,48.85037],[31.6625,48.84297],[31.66211,48.8417],[31.66208,48.84032],[31.66272,48.83746],[31.66301,48.83669],[31.66403,48.83515],[31.66559,48.83369],[31.66953,48.83051],[31.6752,48.82702],[31.6765,48.82572],[31.67756,48.8242],[31.6781,48.82273],[31.67812,48.82064],[31.6768,48.81722],[31.6766,48.81558],[31.67731,48.81067],[31.67995,48.80361],[31.68012,48.80199],[31.67982,48.80047],[31.67566,48.78586],[31.67455,48.78397],[31.66888,48.77575],[31.66813,48.77348],[31.66745,48.77074],[31.66739,48.76482],[31.66764,48.76359],[31.66877,48.76195],[31.67105,48.76008],[31.67247,48.75846],[31.67287,48.75739],[31.67295,48.75626],[31.67259,48.75473],[31.67146,48.75319],[31.67022,48.75224],[31.66909,48.75164],[31.66674,48.7509],[31.66165,48.74984],[31.66041,48.74941],[31.65578,48.74698],[31.65469,48.74629],[31.65333,48.74502],[31.65266,48.74387],[31.65252,48.74335],[31.65221,48.74084],[31.65236,48.73918],[31.65358,48.73642],[31.65596,48.73291],[31.6565,48.73121],[31.65615,48.72899],[31.6543,48.72335],[31.65421,48.72128],[31.6535,48.71475],[31.65354,48.71273],[31.65392,48.71148],[31.65459,48.71],[31.65592,48.70835],[31.65868,48.70551],[31.65951,48.70403],[31.6597,48.70293],[31.65948,48.70135],[31.65888,48.7003],[31.65766,48.69902],[31.65494,48.69674],[31.65366,48.69542],[31.65246,48.69379],[31.64673,48.68314],[31.64643,48.68204],[31.64646,48.68014],[31.64683,48.67903],[31.64893,48.67552],[31.65285,48.66619],[31.65307,48.66524],[31.65285,48.6636],[31.65245,48.66272],[31.65094,48.66114],[31.64897,48.66009],[31.64672,48.65936],[31.64032,48.65888],[31.63908,48.65861],[31.63755,48.65799],[31.63633,48.65726],[31.63494,48.65592],[31.63432,48.65495],[31.634,48.65369],[31.63387,48.64925],[31.63425,48.64822],[31.63501,48.64717],[31.63582,48.6464],[31.63753,48.64535],[31.64327,48.64356],[31.64517,48.64259],[31.64646,48.64133],[31.64728,48.64021],[31.64769,48.63927],[31.64795,48.63812],[31.64801,48.63672],[31.64768,48.63507],[31.64711,48.63373],[31.64535,48.63052],[31.64496,48.62884],[31.64504,48.6279],[31.6454,48.62699],[31.64733,48.624],[31.64767,48.62304],[31.64784,48.62175],[31.64672,48.61602],[31.64625,48.61484],[31.64461,48.61191],[31.64434,48.6098],[31.6454,48.59401],[31.64583,48.59278],[31.64824,48.58818],[31.64885,48.58653],[31.64982,48.58072],[31.64924,48.57822],[31.6441,48.56471],[31.64232,48.5607],[31.63958,48.55597],[31.63332,48.54594],[31.6321,48.54406],[31.63129,48.54311],[31.61807,48.53243],[31.59486,48.50274],[31.59375,48.50149],[31.59144,48.49986],[31.57412,48.49124],[31.56114,48.48204],[31.53878,48.45793],[31.53753,48.45654],[31.53659,48.45507],[31.53621,48.45376],[31.53602,48.44934],[31.53565,48.44515],[31.53591,48.44359],[31.53714,48.44027],[31.53724,48.43926],[31.53702,48.43825],[31.53675,48.43758],[31.53587,48.43637],[31.53478,48.43546],[31.53261,48.43406],[31.53158,48.43306],[31.53075,48.43139],[31.5301,48.42807],[31.52925,48.42679],[31.528,48.42556],[31.52665,48.42279],[31.52552,48.42157],[31.52417,48.42069],[31.52284,48.42011],[31.51847,48.41905],[31.516,48.41784],[31.51528,48.41727],[31.51419,48.41592],[31.51301,48.41213],[31.51237,48.41113],[31.51153,48.41032],[31.5107,48.40976],[31.50883,48.4089],[31.50177,48.4066],[31.50093,48.40604],[31.49858,48.40296],[31.49784,48.40135],[31.49739,48.39965],[31.49766,48.39665],[31.49807,48.39489],[31.49803,48.39312],[31.49746,48.39182],[31.49646,48.39068],[31.4899,48.38515],[31.48915,48.38414],[31.48881,48.38322],[31.48859,48.38185],[31.48963,48.37869],[31.48962,48.37739],[31.48944,48.37661],[31.48675,48.37205],[31.48603,48.36836],[31.48571,48.36758],[31.48434,48.3657],[31.48388,48.36483],[31.48362,48.36355],[31.48369,48.36132],[31.48325,48.35975],[31.48165,48.3567],[31.47926,48.35118],[31.47668,48.34795],[31.47539,48.34501],[31.47546,48.34339],[31.47633,48.34169],[31.47919,48.33886],[31.48195,48.33554],[31.48263,48.33246],[31.48517,48.32736],[31.48563,48.3261],[31.48565,48.32459],[31.48536,48.32373],[31.48472,48.32264],[31.48241,48.31988],[31.47241,48.31123],[31.46332,48.30585],[31.46193,48.30481],[31.45919,48.30165],[31.45677,48.29848],[31.45602,48.29661],[31.45607,48.29549],[31.45643,48.29437],[31.45751,48.29293],[31.45829,48.29221],[31.45971,48.29115],[31.46111,48.29037],[31.46792,48.28705],[31.4689,48.28646],[31.46978,48.2857],[31.47078,48.28418],[31.47109,48.28271],[31.47081,48.28109],[31.47006,48.27983],[31.46834,48.27836],[31.46532,48.27691],[31.4634,48.27573],[31.46027,48.27263],[31.45829,48.2713],[31.45628,48.27043],[31.43671,48.26469],[31.43452,48.2635],[31.43064,48.26007],[31.42874,48.25898],[31.42555,48.25762],[31.4245,48.25692],[31.42077,48.25362],[31.41042,48.24357],[31.40414,48.23493],[31.40171,48.23134],[31.40113,48.23012],[31.40099,48.22846],[31.40126,48.22754],[31.40176,48.22658],[31.41063,48.21623],[31.41455,48.21089],[31.41519,48.21022],[31.41578,48.20897],[31.41843,48.20191],[31.41945,48.19985],[31.43607,48.17616],[31.43797,48.17379],[31.45724,48.15469],[31.45883,48.15277],[31.45953,48.15161],[31.46002,48.15041],[31.46358,48.13792],[31.46465,48.1354],[31.46571,48.13372],[31.47246,48.12544],[31.47643,48.12029],[31.4774,48.11868],[31.48271,48.09835],[31.48287,48.09722],[31.48254,48.09276],[31.48223,48.09098],[31.48156,48.08938],[31.4798,48.08658],[31.47883,48.08555],[31.4738,48.08111],[31.47319,48.08031],[31.47238,48.07883],[31.472,48.07741],[31.46864,48.05669],[31.46798,48.0547],[31.46702,48.05324],[31.45865,48.04336],[31.42908,48.01201],[31.42752,48.01048],[31.42496,48.00867],[31.42159,48.00708],[31.31079,47.96304],[31.30887,47.96219],[31.3066,47.96086],[31.30436,47.95905],[31.2917,47.94734],[31.2862,47.93647],[31.28457,47.93427],[31.2833,47.93303],[31.27804,47.92987],[31.277,47.92891],[31.27644,47.92812],[31.27593,47.92689],[31.27307,47.91779],[31.27248,47.91507],[31.27241,47.91382],[31.27258,47.91191],[31.27471,47.90328],[31.28126,47.87852],[31.28158,47.87651],[31.28152,47.87399],[31.28116,47.87221],[31.28057,47.87045],[31.27038,47.85012],[31.26958,47.84803],[31.25674,47.79611],[31.25642,47.79419],[31.25646,47.79316],[31.25708,47.79082],[31.26017,47.78254],[31.26176,47.78026],[31.29121,47.75107],[31.29311,47.74862],[31.2941,47.74632],[31.30253,47.71249],[31.30372,47.70875],[31.30444,47.70703],[31.31033,47.69904],[31.31095,47.69778],[31.31539,47.68061],[31.31545,47.67947],[31.31518,47.67829],[31.31418,47.67611],[31.31379,47.67436],[31.31426,47.66986],[31.31383,47.66815],[31.31271,47.66666],[31.31002,47.66428],[31.30921,47.6632],[31.30471,47.65546],[31.30168,47.64986],[31.30087,47.64803],[31.30053,47.64666],[31.30033,47.64426],[31.30356,47.6219],[31.30444,47.61982],[31.31271,47.60635],[31.31401,47.60391],[31.31478,47.60107],[31.31503,47.58925],[31.31526,47.58808],[31.31594,47.58642],[31.32417,47.57212],[31.32479,47.57068],[31.32506,47.56933],[31.32509,47.56801],[31.32465,47.55633],[31.32481,47.55551],[31.32517,47.55476],[31.32589,47.55379],[31.32683,47.55295],[31.32888,47.55182],[31.35033,47.54413],[31.35248,47.54318],[31.35428,47.5419],[31.35535,47.54063],[31.35596,47.53934],[31.35694,47.53233],[31.35774,47.53098],[31.35836,47.53029],[31.35962,47.5294],[31.36067,47.5289],[31.36325,47.52805],[31.36509,47.52721],[31.36758,47.52529],[31.37207,47.52245],[31.37573,47.5191],[31.37943,47.51491],[31.38857,47.50353],[31.39202,47.49983],[31.39258,47.49896],[31.39297,47.49773],[31.39297,47.49674],[31.39251,47.49528],[31.39203,47.49451],[31.39083,47.49338],[31.38985,47.49277],[31.38831,47.49211],[31.38626,47.49159],[31.38126,47.49072],[31.37884,47.49052],[31.3758,47.49092],[31.35392,47.49715],[31.34999,47.49743],[31.34739,47.49719],[31.34574,47.49684],[31.34352,47.49611],[31.34214,47.49546],[31.34055,47.49445],[31.32647,47.48354],[31.32535,47.48306],[31.32376,47.48265],[31.32199,47.48252],[31.31454,47.48347],[31.31171,47.48342],[31.3092,47.48279],[31.3003,47.47973],[31.29766,47.47872],[31.29485,47.47723],[31.2766,47.46702],[31.27438,47.46544],[31.27177,47.4626],[31.26219,47.4508],[31.26097,47.44902],[31.26014,47.44704],[31.25765,47.44044],[31.2555,47.4317],[31.25537,47.43003],[31.25576,47.42592],[31.2543,47.42078],[31.25313,47.41251],[31.25313,47.41124],[31.25354,47.409],[31.25455,47.40643],[31.25565,47.4048],[31.26116,47.39827],[31.26205,47.39657],[31.2629,47.39165],[31.26556,47.38457],[31.26605,47.38254],[31.26683,47.37024],[31.26681,47.36917],[31.26635,47.36766],[31.26537,47.36632],[31.26353,47.36496],[31.25419,47.36016],[31.2524,47.35956],[31.25063,47.35926],[31.24555,47.35926],[31.24231,47.35951],[31.21897,47.36374],[31.21699,47.36373],[31.21571,47.36353],[31.21375,47.3629],[31.21261,47.3623],[31.21096,47.36088],[31.20895,47.35792],[31.20871,47.35715],[31.20864,47.35613],[31.20926,47.35423],[31.21026,47.353],[31.21194,47.35182],[31.21339,47.35126],[31.21692,47.35034],[31.21934,47.34911],[31.22042,47.34811],[31.221,47.34732],[31.22157,47.34566],[31.22155,47.34439],[31.22111,47.34316],[31.2206,47.34241],[31.21868,47.34049],[31.21666,47.33913],[31.21401,47.33798],[31.21267,47.33758],[31.20932,47.33705],[31.20618,47.33704],[31.19696,47.3381],[31.19575,47.33813],[31.19403,47.33796],[31.19142,47.33721],[31.18991,47.33636],[31.18898,47.33555],[31.18126,47.32579],[31.17996,47.3245],[31.1776,47.32301],[31.17579,47.32213],[31.17393,47.3216],[31.17191,47.3214],[31.17046,47.32144],[31.16797,47.32191],[31.16541,47.32283],[31.1565,47.32904],[31.15443,47.33012],[31.15232,47.33085],[31.14967,47.33141],[31.14384,47.33182],[31.14079,47.33223],[31.12241,47.33639],[31.11865,47.33679],[31.11429,47.33666],[31.11218,47.33634],[31.10752,47.33521],[31.04318,47.3178],[31.03788,47.31584],[31.02742,47.31298],[31.02376,47.31164],[31.02314,47.31127],[31.02102,47.30892],[31.01496,47.30058],[31.01076,47.29518],[31.00748,47.2913],[31.00691,47.2905],[31.00525,47.28696],[31.00444,47.28558],[31.00143,47.28138],[31.00047,47.28056],[30.99795,47.27896],[30.99629,47.27729],[30.99529,47.27545],[30.99482,47.27223],[30.99458,47.27155],[30.99246,47.26868],[30.99046,47.26529],[30.98745,47.26106],[30.98563,47.25891],[30.98387,47.25751],[30.98152,47.25651],[30.97832,47.25587],[30.97399,47.25559],[30.97167,47.25492],[30.96942,47.2537],[30.96815,47.25227],[30.96762,47.25105],[30.9666,47.24565],[30.96557,47.24282],[30.96495,47.24175],[30.96395,47.24048],[30.96206,47.23885],[30.96028,47.23617],[30.95705,47.23327],[30.95514,47.23032],[30.95189,47.22788],[30.95062,47.22628],[30.94837,47.22073],[30.94733,47.21743],[30.94519,47.21371],[30.94489,47.21268],[30.94475,47.20995],[30.94413,47.20869],[30.94273,47.2069],[30.94221,47.20592],[30.941,47.20062],[30.94095,47.19833],[30.94102,47.19675],[30.9428,47.18769],[30.94269,47.18576],[30.94214,47.18418],[30.94139,47.18291],[30.94011,47.18137],[30.93585,47.17741],[30.93262,47.17541],[30.9305,47.17377],[30.92974,47.17336],[30.92867,47.17287],[30.92689,47.17237],[30.92428,47.17226],[30.91841,47.17331],[30.91689,47.17388],[30.91551,47.17469],[30.91482,47.17531],[30.91299,47.17748],[30.91216,47.17853],[30.91178,47.17942],[30.91147,47.1811],[30.91199,47.18403],[30.91182,47.18521],[30.91132,47.18632],[30.90995,47.18779],[30.90773,47.18908],[30.9053,47.18971],[30.90125,47.18982],[30.89738,47.19029],[30.89484,47.19015],[30.8919,47.18959],[30.8865,47.18897],[30.87797,47.18947],[30.87643,47.18969],[30.8749,47.19012],[30.86874,47.19336],[30.8653,47.19617],[30.86375,47.1978],[30.86038,47.20184],[30.85776,47.20541],[30.85478,47.20792],[30.852,47.21107],[30.85069,47.21201],[30.84811,47.21299],[30.84648,47.21327],[30.84466,47.21332],[30.84315,47.21317],[30.84147,47.21274],[30.84028,47.21224],[30.83901,47.21144],[30.83795,47.21042],[30.83725,47.20925],[30.83693,47.20805],[30.83695,47.20707],[30.83748,47.20555],[30.83955,47.20267],[30.8401,47.20153],[30.84031,47.20028],[30.84028,47.19795],[30.84115,47.19539],[30.8413,47.19397],[30.84049,47.19079],[30.84062,47.18639],[30.84045,47.18491],[30.83863,47.17895],[30.8369,47.17483],[30.83581,47.17342],[30.83301,47.17106],[30.81329,47.15903],[30.81236,47.15826],[30.8115,47.15712],[30.81111,47.15623],[30.8093,47.15011],[30.80447,47.14078],[30.80391,47.13936],[30.80225,47.13278],[30.80086,47.1221],[30.80018,47.11957],[30.79929,47.11762],[30.79386,47.10794],[30.79319,47.10645],[30.78938,47.09326],[30.78431,47.08583],[30.78354,47.08496],[30.78255,47.0842],[30.78138,47.08358],[30.77562,47.08132],[30.77418,47.08022],[30.77223,47.07791],[30.77111,47.07562],[30.76931,47.06685],[30.76729,47.06291],[30.76715,47.06183],[30.7672,47.05996],[30.76688,47.05867],[30.76638,47.05781],[30.76348,47.0546],[30.76282,47.05315],[30.76271,47.05226],[30.7628,47.04901],[30.76147,47.04568],[30.76117,47.04293],[30.76083,47.04202],[30.7605,47.04144],[30.75951,47.04034],[30.75443,47.03726],[30.75314,47.03628],[30.75228,47.03524],[30.75182,47.0343],[30.75161,47.0326],[30.75287,47.02815],[30.75273,47.02605],[30.75212,47.02459],[30.75161,47.02389],[30.7487,47.02095],[30.74809,47.01973],[30.748,47.01867],[30.74821,47.01783],[30.74885,47.01674],[30.75162,47.01387],[30.75275,47.01224],[30.75433,47.00549],[30.75447,47.00344],[30.75423,47.00169],[30.75361,47.00024],[30.75308,46.99962],[30.75063,46.99752],[30.75005,46.99677],[30.74956,46.9958],[30.74933,46.99466],[30.74945,46.99216],[30.7492,46.99118],[30.74877,46.99027],[30.7476,46.98895],[30.74632,46.98804],[30.74245,46.9865],[30.73961,46.98489],[30.73756,46.98414],[30.73581,46.98385],[30.73421,46.98381],[30.72196,46.98494],[30.71894,46.98487],[30.71474,46.98388],[30.71295,46.98313],[30.71127,46.98189],[30.71054,46.98098],[30.71009,46.98013],[30.70978,46.9787],[30.70639,46.94277],[30.70646,46.93996],[30.70686,46.93805],[30.70806,46.93501],[30.72007,46.90996],[30.72333,46.90351],[30.76601,46.81437],[30.76851,46.80801],[30.77171,46.80245],[30.77338,46.79897],[30.77418,46.79614],[30.77493,46.7919],[30.79391,46.68319],[30.79416,46.68112],[30.7932,46.61305],[30.79271,46.60988],[30.79048,46.60284],[30.78956,46.60071],[30.78873,46.59944],[30.78796,46.5977],[30.78675,46.59603],[30.78333,46.59263],[30.78164,46.59069],[30.77747,46.58704],[30.77636,46.58576],[30.77594,46.58477],[30.77092,46.56774],[30.77051,46.56689],[30.76883,46.56453],[30.76764,46.56351],[30.76278,46.56018],[30.76123,46.55892],[30.74927,46.55079],[30.74418,46.54715],[30.7397,46.54255],[30.72871,46.53035],[30.72714,46.52753],[30.7238,46.52365],[30.72251,46.52027],[30.72012,46.51657],[30.7183,46.51153],[30.71737,46.50948],[30.71602,46.50838],[30.71334,46.50748],[30.71229,46.50693],[30.71135,46.50611],[30.71078,46.5052],[30.71058,46.50427],[30.71075,46.50326],[30.71305,46.49902],[30.71336,46.49802],[30.71322,46.49651],[30.71262,46.49533],[30.70943,46.49071],[30.70833,46.48964],[30.70568,46.48781],[30.70453,46.48685],[30.70055,46.48236],[30.69919,46.47979],[30.69819,46.47727],[30.69664,46.47511],[30.69534,46.47396],[30.6897,46.46997],[30.68638,46.46654],[30.68519,46.46462],[30.68482,46.4628],[30.68481,46.46173],[30.68506,46.46045],[30.68571,46.45901],[30.68636,46.45805],[30.68769,46.4567],[30.68923,46.45566],[30.69084,46.45486],[30.6925,46.45427],[30.6943,46.4539],[30.69933,46.45377],[30.70281,46.45389],[30.71044,46.45518],[30.71519,46.45558],[30.72778,46.45554],[30.73284,46.4557],[30.73479,46.45602],[30.73626,46.45654],[30.73733,46.45715],[30.739,46.45865],[30.73969,46.45974],[30.73995,46.46048],[30.7407,46.46373],[30.74097,46.46574]]}},{"type":"Feature","properties":{"name":"2014_Israel","mode":"train","distance_km":"127.8"},"geometry":{"type":"LineString","coordinates":[[34.87053,32.00039],[34.87498,31.998],[34.87992,31.99584],[34.88147,31.99497],[34.88271,31.99391],[34.88766,31.98874],[34.88921,31.9877],[34.89534,31.9847],[34.89668,31.98361],[34.89754,31.98254],[34.89973,31.97826],[34.90054,31.97631],[34.90728,31.95804],[34.90836,31.95624],[34.91118,31.95267],[34.91874,31.94534],[34.92033,31.94336],[34.92143,31.94156],[34.92236,31.93942],[34.92365,31.93497],[34.92584,31.92533],[34.92722,31.92196],[34.9314,31.91364],[34.94052,31.90051],[34.94457,31.88972],[34.94651,31.88664],[34.9487,31.8841],[34.95285,31.8795],[34.95611,31.87639],[34.95898,31.87429],[34.96117,31.87297],[34.97453,31.86586],[34.97708,31.86491],[34.9841,31.86319],[34.98855,31.86157],[34.99159,31.86023],[34.99468,31.85829],[34.99631,31.85702],[34.99773,31.85565],[35.01159,31.83961],[35.01402,31.83725],[35.01691,31.83527],[35.02074,31.83354],[35.0324,31.82952],[35.03662,31.82835],[35.0928,31.81731],[35.12164,31.8141],[35.17088,31.81059],[35.17332,31.81018],[35.17478,31.80976],[35.17692,31.80886],[35.17867,31.80784],[35.1805,31.80643],[35.18223,31.80454],[35.18755,31.79755],[35.18968,31.79569],[35.19133,31.79466],[35.19431,31.79314],[35.19829,31.79005],[35.19938,31.78941],[35.20124,31.7886],[35.20276,31.78831],[35.20124,31.7886],[35.19938,31.78941],[35.19829,31.79005],[35.19431,31.79314],[35.19133,31.79466],[35.18968,31.79569],[35.18755,31.79755],[35.18223,31.80454],[35.1805,31.80643],[35.17867,31.80784],[35.17692,31.80886],[35.17478,31.80976],[35.17332,31.81018],[35.17088,31.81059],[35.12164,31.8141],[35.0928,31.81731],[35.03662,31.82835],[35.0324,31.82952],[35.02074,31.83354],[35.01691,31.83527],[35.01402,31.83725],[35.01159,31.83961],[34.99808,31.85526],[34.99547,31.85772],[34.99159,31.86023],[34.98855,31.86157],[34.9841,31.86319],[34.97708,31.86491],[34.97453,31.86586],[34.96023,31.87353],[34.95667,31.87594],[34.95435,31.87801],[34.95285,31.8795],[34.94651,31.88664],[34.94527,31.88843],[34.94423,31.89045],[34.94052,31.90051],[34.9314,31.91364],[34.92656,31.92335],[34.92584,31.92533],[34.92365,31.93497],[34.92253,31.9389],[34.92163,31.94119],[34.92033,31.94336],[34.91874,31.94534],[34.91118,31.95267],[34.90771,31.95724],[34.90662,31.95955],[34.90281,31.97028],[34.89993,31.9778],[34.89793,31.98193],[34.89721,31.98301],[34.89632,31.98394],[34.89451,31.98518],[34.88921,31.9877],[34.88814,31.98837],[34.88693,31.98938],[34.88241,31.9942],[34.8809,31.99533],[34.87498,31.998],[34.86661,32.00246],[34.86519,32.00367],[34.86163,32.00811],[34.86028,32.00914],[34.85927,32.00962],[34.85731,32.01014],[34.85561,32.01019],[34.84377,32.00844],[34.84008,32.00833],[34.83835,32.00849],[34.83642,32.00895],[34.83247,32.01049],[34.82596,32.01492],[34.79222,32.03924],[34.78984,32.0414],[34.78923,32.04218],[34.78688,32.04694],[34.78481,32.05035],[34.78467,32.05166],[34.78493,32.05525],[34.78662,32.06083],[34.78721,32.06206],[34.78841,32.06354],[34.79072,32.06541],[34.79214,32.06734],[34.79293,32.06965],[34.79357,32.0751],[34.79432,32.07653],[34.79689,32.07957],[34.79769,32.08103],[34.79867,32.08516],[34.80014,32.08932],[34.80088,32.09194],[34.80246,32.09879],[34.80311,32.10098],[34.80548,32.10484],[34.80937,32.11056],[34.81005,32.11181],[34.81035,32.11278],[34.8106,32.11463],[34.81002,32.1413],[34.81021,32.14328],[34.81063,32.14507],[34.81826,32.16528],[34.82044,32.17029],[34.82768,32.18434],[34.82863,32.18717],[34.83185,32.19971],[34.83249,32.20147],[34.84957,32.23425],[34.85806,32.25553],[34.86676,32.28364],[34.8672,32.28548],[34.86741,32.28745],[34.86817,32.31355],[34.8693,32.31999]]}},{"type":"Feature","properties":{"name":"2015_Barcelona -> Monistrol de Montserrat (41.3km)","mode":"train","distance_km":"41.3"},"geometry":{"type":"LineString","coordinates":[[2.13994,41.379],[2.13608,41.37598],[2.1307,41.37042],[2.12937,41.3695],[2.1278,41.36879],[2.12439,41.3681],[2.1181,41.36816],[2.11662,41.36801],[2.10932,41.36574],[2.10327,41.3648],[2.09719,41.36348],[2.08857,41.36095],[2.0809,41.35744],[2.07836,41.35668],[2.07645,41.35646],[2.07432,41.35661],[2.07127,41.3573],[2.0691,41.35839],[2.06714,41.36024],[2.05687,41.37282],[2.05483,41.3756],[2.05115,41.38017],[2.04935,41.38199],[2.04414,41.38618],[2.04266,41.38759],[2.04147,41.38919],[2.03822,41.39435],[2.03519,41.39795],[2.03423,41.39891],[2.02187,41.40918],[2.02023,41.4109],[2.01887,41.41354],[2.01807,41.41459],[2.0145,41.41864],[2.01293,41.41986],[2.00891,41.42188],[2.00736,41.4232],[2.00596,41.42545],[2.00482,41.43033],[2.00402,41.43268],[2.00306,41.43445],[2.00198,41.43599],[2.0006,41.43755],[1.99634,41.44139],[1.99069,41.44557],[1.9871,41.44894],[1.98467,41.45175],[1.9828,41.45423],[1.98139,41.45697],[1.97978,41.46149],[1.9784,41.46347],[1.97536,41.46639],[1.96933,41.47165],[1.96774,41.47289],[1.96631,41.47375],[1.96256,41.47543],[1.96054,41.47605],[1.9538,41.47671],[1.94049,41.47935],[1.93805,41.47963],[1.92795,41.47958],[1.92492,41.47915],[1.92379,41.47918],[1.92246,41.47967],[1.92093,41.48113],[1.91995,41.48298],[1.91792,41.48444],[1.91748,41.48498],[1.91165,41.49861],[1.90972,41.50177],[1.90959,41.50267],[1.90986,41.50519],[1.91054,41.507],[1.91064,41.5082],[1.90688,41.51734],[1.90679,41.52721],[1.9053,41.5306],[1.90413,41.53205],[1.89859,41.53657],[1.89675,41.53753],[1.89249,41.53888],[1.89123,41.5395],[1.88765,41.54165],[1.88321,41.54537],[1.88246,41.54673],[1.87954,41.55559],[1.87977,41.55637],[1.88117,41.55816],[1.88152,41.55965],[1.88167,41.56133],[1.88231,41.56283],[1.88217,41.5646],[1.88128,41.56574],[1.88108,41.56624],[1.88138,41.56854],[1.88095,41.56949],[1.87868,41.57153],[1.87694,41.57246],[1.87445,41.57284],[1.86655,41.57357],[1.86595,41.57385],[1.86351,41.57573],[1.86202,41.57763],[1.86168,41.58114],[1.86038,41.58228],[1.85922,41.58397],[1.85735,41.58537],[1.85606,41.5866],[1.85463,41.58886],[1.85428,41.58973],[1.85351,41.59074],[1.85335,41.59123]]}},{"type":"Feature","properties":{"name":"2015_Barcelona -> Seville (1,091.5km)","mode":"train","distance_km":"1090.5"},"geometry":{"type":"LineString","coordinates":[[2.13994,41.379],[2.13608,41.37598],[2.13416,41.37409],[2.13138,41.37093],[2.12939,41.36942],[2.12783,41.36872],[2.12551,41.36816],[2.1196,41.36787],[2.1181,41.36728],[2.11702,41.36631],[2.11649,41.36509],[2.11612,41.36214],[2.11406,41.34145],[2.11383,41.34058],[2.11334,41.33971],[2.11202,41.33863],[2.10598,41.33639],[2.09556,41.33289],[2.0879,41.33052],[2.08483,41.32919],[2.08021,41.32756],[2.01757,41.30591],[2.01178,41.30373],[2.00904,41.30225],[2.00672,41.30065],[1.97066,41.27178],[1.96825,41.27],[1.96565,41.26867],[1.9643,41.26817],[1.96213,41.26765],[1.93651,41.26458],[1.9338,41.26394],[1.92863,41.26229],[1.92299,41.26091],[1.92141,41.26019],[1.91748,41.25796],[1.9159,41.25736],[1.91195,41.25626],[1.90573,41.2553],[1.90356,41.25465],[1.89909,41.25236],[1.89021,41.24877],[1.88375,41.24761],[1.87493,41.24443],[1.87318,41.24399],[1.86859,41.2433],[1.86625,41.2426],[1.86,41.23983],[1.85805,41.23837],[1.85625,41.2366],[1.85513,41.23593],[1.85414,41.23562],[1.85131,41.23511],[1.84262,41.23598],[1.83404,41.23615],[1.83182,41.23651],[1.82848,41.2375],[1.8272,41.23772],[1.81904,41.23743],[1.80871,41.23931],[1.80674,41.23941],[1.80374,41.23914],[1.79818,41.23732],[1.79242,41.23501],[1.786,41.23114],[1.77404,41.22357],[1.77219,41.22272],[1.76897,41.22176],[1.76362,41.22042],[1.76099,41.21997],[1.75856,41.21983],[1.75312,41.22002],[1.74541,41.21876],[1.74368,41.21861],[1.74097,41.21875],[1.73531,41.21982],[1.73363,41.21998],[1.73128,41.21989],[1.72903,41.21948],[1.72355,41.21792],[1.72184,41.21721],[1.70943,41.20933],[1.70728,41.20842],[1.70508,41.20815],[1.69687,41.20818],[1.69217,41.20763],[1.63888,41.19596],[1.63299,41.19489],[1.56645,41.18865],[1.56228,41.18852],[1.54801,41.18859],[1.54256,41.1883],[1.4992,41.18251],[1.49625,41.18223],[1.47788,41.18247],[1.47535,41.18263],[1.47271,41.18323],[1.46353,41.18613],[1.46001,41.18645],[1.45126,41.18624],[1.44905,41.18582],[1.44494,41.18465],[1.44067,41.18409],[1.43548,41.18305],[1.43243,41.18282],[1.42948,41.18323],[1.41454,41.18808],[1.41093,41.18878],[1.40776,41.1889],[1.39141,41.18825],[1.38995,41.1884],[1.38714,41.18923],[1.38533,41.19025],[1.38442,41.19107],[1.38095,41.1951],[1.37997,41.19667],[1.37955,41.19877],[1.37964,41.19982],[1.37991,41.20077],[1.38336,41.20803],[1.38358,41.20946],[1.38339,41.21115],[1.38271,41.21273],[1.37599,41.22405],[1.37487,41.22544],[1.37335,41.2266],[1.3716,41.22738],[1.3695,41.22785],[1.3676,41.22795],[1.36112,41.22767],[1.36004,41.22778],[1.35767,41.22836],[1.3565,41.22884],[1.35461,41.22983],[1.35308,41.23092],[1.34559,41.23893],[1.3442,41.2399],[1.34181,41.24083],[1.33929,41.2412],[1.33727,41.24109],[1.32568,41.23825],[1.3243,41.23802],[1.32167,41.23807],[1.31972,41.23853],[1.30479,41.24463],[1.30308,41.24552],[1.30118,41.24676],[1.29941,41.24826],[1.28991,41.25768],[1.28847,41.25967],[1.2872,41.26195],[1.28651,41.26429],[1.28626,41.26575],[1.28576,41.27197],[1.28538,41.27373],[1.28431,41.27555],[1.28322,41.27664],[1.28224,41.27735],[1.25482,41.29183],[1.25265,41.29265],[1.24921,41.29318],[1.23534,41.2935],[1.23222,41.29425],[1.22337,41.29717],[1.22163,41.29748],[1.21849,41.29754],[1.21096,41.297],[1.20981,41.29705],[1.20789,41.29752],[1.20645,41.29821],[1.20526,41.29927],[1.20474,41.30015],[1.20313,41.30445],[1.20212,41.30546],[1.20113,41.30589],[1.20024,41.30604],[1.19651,41.30593],[1.19486,41.30631],[1.19181,41.3082],[1.18978,41.31139],[1.18875,41.31217],[1.18744,41.31268],[1.18248,41.31363],[1.18095,41.31447],[1.18025,41.31543],[1.18013,41.31598],[1.18021,41.3167],[1.18055,41.31746],[1.18198,41.3189],[1.1826,41.31979],[1.18283,41.3203],[1.18283,41.3215],[1.18227,41.3226],[1.17889,41.32583],[1.1778,41.32725],[1.17732,41.32851],[1.17614,41.33582],[1.17628,41.33722],[1.17657,41.33817],[1.17951,41.34468],[1.1801,41.34673],[1.18008,41.34771],[1.17982,41.34883],[1.17757,41.35517],[1.17766,41.35639],[1.1784,41.35829],[1.1785,41.35916],[1.17839,41.3598],[1.17383,41.36751],[1.17216,41.37001],[1.16531,41.37705],[1.16411,41.37849],[1.16375,41.37944],[1.16321,41.38274],[1.16225,41.38426],[1.16101,41.38531],[1.15121,41.39135],[1.14715,41.3932],[1.14371,41.39424],[1.13979,41.39495],[1.13118,41.39553],[1.12924,41.39598],[1.12499,41.39759],[1.12387,41.39787],[1.12147,41.39793],[1.12014,41.39772],[1.11527,41.39648],[1.11362,41.39622],[1.11088,41.39641],[1.10885,41.39718],[1.10474,41.39963],[1.10162,41.40115],[1.09847,41.40205],[1.09509,41.4025],[1.08455,41.40297],[1.0794,41.40278],[1.0731,41.40306],[1.0615,41.40044],[1.05906,41.40031],[1.05192,41.40229],[1.0503,41.40256],[1.04358,41.40297],[1.04176,41.40325],[1.03924,41.40421],[1.02911,41.40894],[1.0275,41.40948],[1.02454,41.41015],[1.01282,41.41217],[1.00972,41.41215],[0.99425,41.40827],[0.9926,41.40808],[0.99108,41.40822],[0.98972,41.40861],[0.98843,41.40931],[0.98771,41.40994],[0.98561,41.41242],[0.98381,41.41375],[0.97086,41.41953],[0.97008,41.4202],[0.96934,41.42132],[0.96913,41.42229],[0.96939,41.42374],[0.97088,41.42611],[0.97238,41.42806],[0.97657,41.43227],[0.9773,41.43381],[0.97735,41.43474],[0.97715,41.43566],[0.97494,41.43939],[0.9746,41.44045],[0.97452,41.44156],[0.97487,41.44316],[0.97659,41.44621],[0.97713,41.44774],[0.97896,41.45476],[0.979,41.45584],[0.97875,41.45699],[0.97775,41.45873],[0.97039,41.46712],[0.96949,41.46798],[0.96834,41.46864],[0.96507,41.46981],[0.96331,41.47064],[0.95853,41.4741],[0.95506,41.4759],[0.95349,41.47718],[0.95266,41.47848],[0.94923,41.48619],[0.94894,41.48763],[0.94926,41.49098],[0.94843,41.49339],[0.94772,41.49468],[0.94675,41.49584],[0.94557,41.49686],[0.94388,41.4979],[0.94151,41.49882],[0.93791,41.49973],[0.93099,41.50019],[0.92978,41.50042],[0.92844,41.50091],[0.92682,41.50193],[0.91645,41.51095],[0.91517,41.5119],[0.91249,41.51313],[0.90853,41.51468],[0.90678,41.51511],[0.90466,41.51516],[0.89989,41.51419],[0.89702,41.51398],[0.8927,41.51442],[0.88998,41.51519],[0.85655,41.53296],[0.85439,41.53361],[0.83892,41.53699],[0.83751,41.53757],[0.8245,41.54432],[0.82184,41.54529],[0.80886,41.54788],[0.80185,41.55033],[0.79954,41.55078],[0.79618,41.55082],[0.78942,41.55],[0.78619,41.54983],[0.73764,41.55352],[0.73527,41.55386],[0.73421,41.55423],[0.73325,41.55489],[0.73077,41.55711],[0.72733,41.55823],[0.70557,41.56335],[0.7,41.56431],[0.68019,41.56716],[0.67426,41.56824],[0.65389,41.57327],[0.64792,41.57499],[0.6426,41.57688],[0.63718,41.57917],[0.63221,41.58167],[0.62695,41.58478],[0.62411,41.58669],[0.61533,41.59323],[0.59364,41.60983],[0.58992,41.61239],[0.58606,41.61469],[0.58022,41.61763],[0.57362,41.62027],[0.56693,41.62232],[0.56013,41.62382],[0.55213,41.62493],[0.51582,41.62857],[0.50202,41.62925],[0.48838,41.62915],[0.48015,41.62871],[0.43883,41.6253],[0.40943,41.62392],[0.4028,41.62342],[0.35696,41.61672],[0.35096,41.61597],[0.34623,41.61557],[0.3365,41.61532],[0.32752,41.61575],[0.32026,41.61655],[0.30641,41.61888],[0.30192,41.61949],[0.29371,41.62014],[0.28666,41.62021],[0.28014,41.61988],[0.27336,41.61913],[0.23827,41.61362],[0.22776,41.6114],[0.2163,41.60814],[0.17892,41.59477],[0.1723,41.59257],[0.1672,41.5912],[0.14177,41.58523],[0.13617,41.58353],[0.13069,41.58152],[0.09116,41.56561],[0.0849,41.5628],[0.08043,41.56045],[0.07495,41.55707],[0.07012,41.55356],[0.0664,41.55044],[0.05925,41.54388],[0.05443,41.5401],[0.04852,41.53626],[0.04267,41.53314],[0.03772,41.53088],[0.03454,41.52964],[0.02626,41.52703],[0.01979,41.52551],[0.01003,41.52409],[0.0044,41.52368],[-0.00026,41.52359],[-0.00728,41.52384],[-0.01281,41.52435],[-0.0288,41.52649],[-0.04802,41.52787],[-0.05595,41.52821],[-0.06292,41.52819],[-0.12656,41.52629],[-0.13633,41.5262],[-0.18924,41.52782],[-0.20986,41.52892],[-0.2172,41.52917],[-0.30748,41.52962],[-0.3163,41.53002],[-0.37925,41.5346],[-0.39151,41.53535],[-0.45937,41.53653],[-0.47082,41.53649],[-0.47646,41.53617],[-0.48261,41.5356],[-0.53659,41.52962],[-0.54131,41.52897],[-0.54685,41.5279],[-0.55275,41.52636],[-0.55954,41.52402],[-0.56424,41.52201],[-0.57912,41.51505],[-0.58488,41.51258],[-0.61616,41.50142],[-0.62211,41.49983],[-0.6302,41.49833],[-0.63672,41.49764],[-0.64536,41.49742],[-0.65346,41.49794],[-0.661,41.49911],[-0.66708,41.50043],[-0.67109,41.50154],[-0.67646,41.50342],[-0.68016,41.50496],[-0.68386,41.50674],[-0.69035,41.51048],[-0.69546,41.51411],[-0.69919,41.51729],[-0.70926,41.52661],[-0.71454,41.53076],[-0.7192,41.53392],[-0.72762,41.53861],[-0.80241,41.57557],[-0.80923,41.57959],[-0.82068,41.58775],[-0.82591,41.59093],[-0.83052,41.59332],[-0.83445,41.5951],[-0.83912,41.59693],[-0.8429,41.59822],[-0.84786,41.59964],[-0.85286,41.60081],[-0.85789,41.60172],[-0.86308,41.60241],[-0.87224,41.60299],[-0.88463,41.60296],[-0.89014,41.60319],[-0.89819,41.60398],[-0.90642,41.6054],[-0.97449,41.6193],[-0.98302,41.62179],[-0.99674,41.62706],[-1.00419,41.62947],[-1.01052,41.63104],[-1.03383,41.63614],[-1.03929,41.63757],[-1.04391,41.63902],[-1.04937,41.64106],[-1.05646,41.64427],[-1.10632,41.67065],[-1.11431,41.67456],[-1.12159,41.67767],[-1.12703,41.67974],[-1.13378,41.682],[-1.16863,41.6923],[-1.17444,41.69371],[-1.18153,41.69502],[-1.18596,41.69558],[-1.19222,41.6961],[-1.19672,41.69626],[-1.20195,41.6962],[-1.21121,41.69555],[-1.21864,41.6945],[-1.2228,41.69368],[-1.2307,41.69164],[-1.23879,41.68885],[-1.24649,41.68545],[-1.25414,41.68124],[-1.27847,41.66702],[-1.28281,41.66428],[-1.28712,41.66119],[-1.29288,41.65633],[-1.29731,41.65178],[-1.30185,41.64607],[-1.30441,41.64208],[-1.30708,41.63701],[-1.30912,41.63206],[-1.31049,41.62739],[-1.31137,41.6226],[-1.31188,41.61713],[-1.31148,41.6059],[-1.3119,41.60026],[-1.31251,41.59639],[-1.31347,41.59251],[-1.31417,41.59022],[-1.3159,41.58572],[-1.31839,41.58079],[-1.31988,41.5783],[-1.33161,41.56126],[-1.33466,41.55758],[-1.33664,41.55547],[-1.34102,41.55147],[-1.34634,41.54742],[-1.3522,41.54372],[-1.35893,41.54024],[-1.36657,41.53704],[-1.37182,41.53529],[-1.49395,41.49933],[-1.50119,41.49667],[-1.50565,41.49468],[-1.51043,41.49224],[-1.51599,41.48888],[-1.52465,41.48227],[-1.52965,41.47741],[-1.54059,41.46593],[-1.54307,41.4631],[-1.5469,41.45793],[-1.5486,41.45524],[-1.55101,41.45066],[-1.5523,41.44767],[-1.55424,41.44164],[-1.55532,41.43614],[-1.55606,41.4259],[-1.55654,41.42169],[-1.55768,41.41641],[-1.5594,41.41115],[-1.56144,41.40654],[-1.56354,41.40298],[-1.56614,41.39894],[-1.56943,41.3947],[-1.57205,41.39191],[-1.57495,41.38921],[-1.58315,41.38231],[-1.61848,41.35767],[-1.62205,41.35542],[-1.62684,41.35267],[-1.65906,41.33504],[-1.66397,41.33275],[-1.66707,41.33152],[-1.67176,41.32994],[-1.67562,41.32887],[-1.73081,41.31724],[-1.74094,41.31539],[-1.74971,41.31452],[-1.75899,41.31434],[-1.76589,41.31467],[-1.77429,41.31551],[-1.78251,41.31605],[-1.79447,41.3158],[-1.80353,41.31484],[-1.82568,41.3121],[-1.83008,41.31135],[-1.83961,41.30908],[-1.84322,41.30799],[-1.88542,41.29154],[-1.9138,41.27917],[-1.92042,41.27614],[-1.92695,41.27256],[-1.93303,41.26867],[-1.94652,41.2582],[-1.95553,41.25307],[-1.95831,41.25167],[-1.96036,41.25071],[-1.96856,41.24759],[-1.9762,41.24534],[-2.00869,41.23773],[-2.10453,41.22004],[-2.11157,41.21865],[-2.11739,41.21722],[-2.12221,41.21575],[-2.12799,41.21364],[-2.13179,41.21204],[-2.13773,41.2091],[-2.14736,41.20345],[-2.15134,41.20128],[-2.15575,41.19915],[-2.1604,41.19719],[-2.17276,41.19293],[-2.20686,41.18162],[-2.21409,41.17968],[-2.22189,41.17821],[-2.24043,41.17632],[-2.24916,41.17494],[-2.25654,41.17318],[-2.26204,41.17151],[-2.26878,41.16896],[-2.27578,41.16571],[-2.28813,41.15866],[-2.3061,41.14976],[-2.30941,41.14789],[-2.31286,41.14572],[-2.33814,41.12869],[-2.35652,41.11548],[-2.36176,41.11191],[-2.39693,41.09131],[-2.40115,41.08865],[-2.40452,41.0863],[-2.4109,41.08116],[-2.41512,41.07713],[-2.41726,41.07482],[-2.44074,41.04565],[-2.44525,41.04063],[-2.44774,41.03819],[-2.45168,41.03477],[-2.45576,41.03168],[-2.4592,41.02935],[-2.46567,41.02551],[-2.60412,40.94903],[-2.60652,40.94761],[-2.61859,40.93972],[-2.625,40.93608],[-2.63085,40.93316],[-2.6429,40.92787],[-2.65162,40.92332],[-2.65606,40.92064],[-2.66667,40.91367],[-2.6732,40.90998],[-2.67942,40.90698],[-2.69099,40.90217],[-2.76507,40.87285],[-2.78804,40.86499],[-2.79204,40.8637],[-2.80405,40.86027],[-2.80817,40.85892],[-2.85656,40.84235],[-2.86317,40.83995],[-2.86585,40.83882],[-2.87192,40.8359],[-2.87587,40.83373],[-2.9112,40.81053],[-2.91555,40.80757],[-2.91774,40.80588],[-2.92354,40.80101],[-2.96623,40.76307],[-2.96985,40.76009],[-2.97663,40.75496],[-2.98386,40.75006],[-2.98798,40.74746],[-3.0268,40.72463],[-3.03104,40.7217],[-3.03322,40.71999],[-3.03515,40.71847],[-3.03886,40.71515],[-3.0413,40.71277],[-3.04465,40.70915],[-3.05386,40.69752],[-3.05767,40.69208],[-3.06177,40.68481],[-3.07641,40.65351],[-3.07901,40.64853],[-3.09839,40.61622],[-3.10454,40.60654],[-3.10905,40.60102],[-3.11297,40.5971],[-3.11636,40.59408],[-3.1965,40.53124],[-3.21618,40.51562],[-3.22098,40.51128],[-3.22365,40.50848],[-3.23478,40.49492],[-3.24075,40.48878],[-3.24401,40.48607],[-3.25073,40.48105],[-3.25831,40.47693],[-3.2626,40.47482],[-3.26822,40.47255],[-3.29514,40.46347],[-3.32609,40.45047],[-3.33323,40.44722],[-3.33691,40.44523],[-3.34891,40.43802],[-3.3536,40.43559],[-3.36095,40.43241],[-3.36859,40.42982],[-3.37512,40.42811],[-3.37915,40.42729],[-3.38519,40.42634],[-3.38988,40.42584],[-3.39707,40.42546],[-3.40257,40.42548],[-3.41707,40.42638],[-3.42441,40.42646],[-3.43359,40.42587],[-3.43938,40.42509],[-3.44443,40.42418],[-3.44834,40.42329],[-3.45575,40.42102],[-3.46582,40.41717],[-3.49287,40.4053],[-3.4979,40.40345],[-3.50187,40.40231],[-3.50587,40.40144],[-3.52365,40.39861],[-3.52756,40.39773],[-3.53252,40.39616],[-3.53738,40.3941],[-3.54158,40.3918],[-3.54437,40.38996],[-3.54891,40.38623],[-3.55179,40.38317],[-3.55388,40.38043],[-3.55591,40.37708],[-3.55864,40.37137],[-3.56004,40.36899],[-3.56227,40.36596],[-3.56471,40.36318],[-3.56709,40.36096],[-3.56939,40.3591],[-3.58187,40.35055],[-3.58548,40.34845],[-3.58895,40.34671],[-3.59375,40.34466],[-3.59764,40.34329],[-3.60265,40.34185],[-3.62975,40.33559],[-3.63232,40.33521],[-3.63591,40.33495],[-3.64138,40.33521],[-3.6469,40.33624],[-3.65164,40.33786],[-3.65588,40.34003],[-3.6593,40.34245],[-3.66769,40.35008],[-3.67003,40.35256],[-3.67177,40.35485],[-3.67379,40.35852],[-3.67674,40.36537],[-3.67767,40.36875],[-3.67842,40.37079],[-3.67937,40.37266],[-3.68151,40.3761],[-3.68187,40.37704],[-3.68206,40.37813],[-3.68185,40.37995],[-3.6809,40.38182],[-3.67434,40.38844],[-3.67319,40.39031],[-3.67359,40.38924],[-3.67442,40.38811],[-3.67781,40.38486],[-3.67951,40.38267],[-3.68103,40.3811],[-3.68181,40.3797],[-3.68187,40.37894],[-3.68164,40.37815],[-3.67799,40.37242],[-3.67758,40.37106],[-3.67753,40.37003],[-3.67734,40.37359],[-3.67744,40.37418],[-3.67845,40.37576],[-3.68061,40.3778],[-3.68086,40.37852],[-3.68085,40.37906],[-3.68041,40.38004],[-3.67691,40.38433],[-3.67541,40.3867],[-3.67337,40.3892],[-3.67305,40.39],[-3.67283,40.39161],[-3.67286,40.39279],[-3.6732,40.39417],[-3.67385,40.39589],[-3.67446,40.39693],[-3.67693,40.39934],[-3.67793,40.39998],[-3.68013,40.401],[-3.68375,40.40214],[-3.68463,40.40255],[-3.68621,40.40358],[-3.68889,40.40594],[-3.68621,40.40358],[-3.68463,40.40255],[-3.68375,40.40214],[-3.68013,40.401],[-3.67735,40.39965],[-3.67465,40.39716],[-3.67385,40.39589],[-3.67286,40.39279],[-3.67283,40.39161],[-3.67314,40.3897],[-3.6737,40.38873],[-3.67541,40.3867],[-3.67691,40.38433],[-3.68041,40.38004],[-3.68085,40.37906],[-3.68086,40.37852],[-3.68061,40.3778],[-3.67845,40.37576],[-3.67744,40.37418],[-3.67734,40.37359],[-3.67753,40.37003],[-3.67758,40.37106],[-3.67799,40.37242],[-3.68164,40.37815],[-3.68185,40.3788],[-3.68185,40.37947],[-3.68166,40.38009],[-3.68103,40.3811],[-3.67951,40.38267],[-3.67781,40.38486],[-3.67442,40.38811],[-3.67371,40.38906],[-3.67302,40.39088],[-3.67299,40.39254],[-3.67312,40.39088],[-3.674,40.38905],[-3.68106,40.38199],[-3.68194,40.38087],[-3.68233,40.3799],[-3.68243,40.37906],[-3.682,40.37688],[-3.68149,40.37572],[-3.6798,40.37308],[-3.67863,40.37083],[-3.67802,40.36935],[-3.67733,40.36663],[-3.6768,40.36518],[-3.67328,40.35706],[-3.67197,40.35467],[-3.66965,40.35177],[-3.66509,40.34746],[-3.6611,40.34334],[-3.65233,40.33329],[-3.65029,40.33025],[-3.64893,40.32699],[-3.64823,40.32324],[-3.6482,40.32203],[-3.64846,40.31962],[-3.64927,40.31665],[-3.65014,40.3147],[-3.65157,40.31236],[-3.65375,40.30977],[-3.65541,40.30827],[-3.67864,40.29187],[-3.68184,40.29001],[-3.68595,40.28814],[-3.68973,40.28686],[-3.69601,40.28514],[-3.70059,40.28344],[-3.70432,40.28158],[-3.70776,40.27939],[-3.7112,40.27656],[-3.71504,40.27258],[-3.71807,40.26986],[-3.7207,40.26788],[-3.72862,40.2627],[-3.73246,40.25951],[-3.7361,40.25557],[-3.73754,40.25362],[-3.7393,40.25077],[-3.74069,40.24791],[-3.74195,40.24432],[-3.74807,40.2196],[-3.74848,40.21733],[-3.74876,40.21476],[-3.75077,40.18155],[-3.75243,40.1728],[-3.75308,40.17057],[-3.75407,40.16797],[-3.75701,40.16206],[-3.76009,40.15437],[-3.7619,40.15082],[-3.78499,40.117],[-3.78741,40.11292],[-3.78858,40.11024],[-3.78963,40.107],[-3.79397,40.08541],[-3.79451,40.08348],[-3.79582,40.08016],[-3.79712,40.07763],[-3.82006,40.03919],[-3.82326,40.03349],[-3.82502,40.02881],[-3.84364,39.9642],[-3.84536,39.9598],[-3.84712,39.95657],[-3.84839,39.9547],[-3.85071,39.95183],[-3.85332,39.94916],[-3.85666,39.94639],[-3.85852,39.94507],[-3.86584,39.94066],[-3.86874,39.93871],[-3.87237,39.93573],[-3.8753,39.93274],[-3.87808,39.92913],[-3.88047,39.92491],[-3.88181,39.92152],[-3.8829,39.91713],[-3.88325,39.91358],[-3.88307,39.90926],[-3.88229,39.90528],[-3.88112,39.90171],[-3.87946,39.89827],[-3.86928,39.88105],[-3.8679,39.87819],[-3.86705,39.87585],[-3.86643,39.87358],[-3.86501,39.86441],[-3.863,39.85596],[-3.86272,39.85133],[-3.86293,39.83842],[-3.86246,39.83435],[-3.86126,39.83001],[-3.86005,39.82718],[-3.85875,39.8247],[-3.85021,39.81027],[-3.84805,39.80743],[-3.84179,39.80044],[-3.8391,39.79643],[-3.83799,39.79431],[-3.83667,39.79103],[-3.83591,39.78841],[-3.83439,39.78071],[-3.83368,39.77843],[-3.83247,39.77555],[-3.83118,39.77311],[-3.82934,39.77032],[-3.82263,39.76209],[-3.82123,39.76011],[-3.8189,39.7559],[-3.81739,39.7518],[-3.80666,39.7094],[-3.79975,39.6727],[-3.79939,39.66996],[-3.79938,39.66601],[-3.80163,39.64338],[-3.80172,39.63896],[-3.80149,39.63628],[-3.80061,39.63244],[-3.79934,39.62895],[-3.79693,39.6233],[-3.79605,39.62045],[-3.79543,39.61707],[-3.79526,39.61346],[-3.79552,39.60995],[-3.79605,39.60723],[-3.79694,39.60428],[-3.79834,39.60091],[-3.79952,39.59875],[-3.8149,39.57484],[-3.8169,39.57077],[-3.81781,39.56816],[-3.8187,39.5643],[-3.83109,39.48347],[-3.83129,39.48005],[-3.831,39.47604],[-3.83021,39.47241],[-3.82908,39.4691],[-3.82835,39.46744],[-3.82632,39.46386],[-3.82098,39.45655],[-3.81958,39.45435],[-3.81843,39.45219],[-3.8167,39.44766],[-3.81569,39.44306],[-3.81548,39.43899],[-3.81594,39.43455],[-3.8169,39.43075],[-3.81791,39.42811],[-3.82974,39.4006],[-3.83149,39.39737],[-3.83386,39.39397],[-3.85492,39.36652],[-3.85768,39.36272],[-3.8813,39.32397],[-3.88241,39.32189],[-3.88371,39.31883],[-3.88437,39.31686],[-3.88507,39.31354],[-3.88538,39.31126],[-3.88546,39.30862],[-3.88499,39.30381],[-3.88378,39.29942],[-3.881,39.29187],[-3.88021,39.28847],[-3.87989,39.28554],[-3.87999,39.28139],[-3.88029,39.27895],[-3.88116,39.2754],[-3.8832,39.26909],[-3.88393,39.26505],[-3.88407,39.26075],[-3.88398,39.25939],[-3.88346,39.25648],[-3.88223,39.25223],[-3.88016,39.24728],[-3.87883,39.24345],[-3.87803,39.24003],[-3.87717,39.23378],[-3.8766,39.23082],[-3.8755,39.22772],[-3.87364,39.22398],[-3.8687,39.21678],[-3.86655,39.21294],[-3.85875,39.19323],[-3.85785,39.1903],[-3.8573,39.18741],[-3.85705,39.18458],[-3.85707,39.18198],[-3.85756,39.17806],[-3.85829,39.17505],[-3.86347,39.15636],[-3.86457,39.15313],[-3.86962,39.14293],[-3.89434,39.0836],[-3.89713,39.07844],[-3.9005,39.07342],[-3.90316,39.0689],[-3.92083,39.03513],[-3.92191,39.0325],[-3.9228,39.02964],[-3.92359,39.02492],[-3.92372,39.01457],[-3.92356,39.00905],[-3.92285,39.00444],[-3.92172,39.00052],[-3.91978,38.9959],[-3.918,38.99272],[-3.91125,38.98194],[-3.90962,38.97855],[-3.90898,38.97617],[-3.90877,38.974],[-3.90898,38.97119],[-3.90951,38.96898],[-3.9106,38.96655],[-3.91241,38.96368],[-3.91448,38.961],[-3.91767,38.95768],[-3.92002,38.95568],[-3.92343,38.95323],[-3.93618,38.94545],[-3.94025,38.94237],[-3.94313,38.93967],[-3.95381,38.92707],[-3.95645,38.92284],[-3.95794,38.91939],[-3.9589,38.91641],[-3.96109,38.90583],[-3.96281,38.90113],[-3.96447,38.89801],[-3.96635,38.89523],[-3.96889,38.89222],[-3.97117,38.88995],[-3.99542,38.86926],[-4.02684,38.84563],[-4.02968,38.84372],[-4.03258,38.84204],[-4.04789,38.83496],[-4.05186,38.83273],[-4.05437,38.83103],[-4.05832,38.82778],[-4.06048,38.82557],[-4.06299,38.82254],[-4.06534,38.81882],[-4.06712,38.81493],[-4.07942,38.77707],[-4.08025,38.77362],[-4.08067,38.77023],[-4.08065,38.76653],[-4.08002,38.76118],[-4.0798,38.75768],[-4.07991,38.75491],[-4.08045,38.75104],[-4.08161,38.74675],[-4.09368,38.71095],[-4.095,38.70813],[-4.09626,38.70621],[-4.09749,38.70473],[-4.10552,38.69703],[-4.1099,38.69391],[-4.11118,38.69277],[-4.11163,38.69197],[-4.11356,38.68643],[-4.11404,38.6856],[-4.1148,38.68487],[-4.11635,38.68402],[-4.11777,38.68364],[-4.12897,38.68295],[-4.13396,38.68198],[-4.13693,38.681],[-4.16268,38.67128],[-4.18222,38.66504],[-4.18672,38.66378],[-4.19084,38.66287],[-4.19647,38.66199],[-4.19957,38.66169],[-4.20391,38.66147],[-4.20815,38.66148],[-4.21547,38.66199],[-4.26109,38.66882],[-4.29518,38.67178],[-4.30113,38.67174],[-4.30435,38.67147],[-4.30814,38.67091],[-4.31323,38.66977],[-4.32731,38.66623],[-4.33116,38.66491],[-4.33569,38.66285],[-4.34066,38.66003],[-4.34365,38.65857],[-4.34724,38.6559],[-4.35158,38.65194],[-4.35246,38.65096],[-4.36795,38.6321],[-4.36974,38.63009],[-4.37173,38.62818],[-4.37457,38.62597],[-4.37778,38.62395],[-4.37958,38.623],[-4.38896,38.61881],[-4.39096,38.61767],[-4.394,38.61559],[-4.41886,38.59508],[-4.42165,38.59231],[-4.42431,38.58879],[-4.42605,38.58559],[-4.42694,38.58338],[-4.42745,38.58167],[-4.42807,38.57838],[-4.42928,38.53778],[-4.42976,38.53451],[-4.43187,38.52593],[-4.43452,38.52093],[-4.43751,38.51606],[-4.44992,38.50306],[-4.45424,38.49676],[-4.45709,38.4904],[-4.45753,38.48774],[-4.45763,38.48422],[-4.45715,38.48057],[-4.45645,38.47799],[-4.45506,38.47451],[-4.45338,38.47183],[-4.45169,38.46956],[-4.44582,38.46355],[-4.44327,38.46046],[-4.44203,38.45858],[-4.44088,38.45642],[-4.43938,38.45234],[-4.43889,38.45007],[-4.43862,38.44779],[-4.43867,38.44424],[-4.44013,38.43323],[-4.4409,38.43041],[-4.44177,38.42815],[-4.44287,38.42598],[-4.44456,38.42336],[-4.44605,38.42147],[-4.44929,38.41826],[-4.45134,38.41663],[-4.45361,38.4151],[-4.46134,38.41099],[-4.46532,38.40843],[-4.46737,38.40678],[-4.46988,38.40435],[-4.47269,38.40084],[-4.47456,38.39758],[-4.47607,38.39361],[-4.47894,38.38111],[-4.48057,38.3731],[-4.48125,38.37044],[-4.48215,38.36805],[-4.48427,38.36412],[-4.48576,38.36209],[-4.487,38.36061],[-4.49376,38.3535],[-4.49608,38.35146],[-4.49881,38.3495],[-4.50176,38.34778],[-4.50494,38.34628],[-4.5097,38.34458],[-4.53138,38.33805],[-4.53536,38.33655],[-4.53765,38.33546],[-4.54195,38.33285],[-4.55774,38.32168],[-4.56036,38.31947],[-4.56274,38.31703],[-4.56394,38.31555],[-4.56569,38.31296],[-4.56681,38.31088],[-4.56774,38.30867],[-4.56881,38.30471],[-4.57156,38.29057],[-4.5727,38.28735],[-4.57513,38.28165],[-4.57611,38.27776],[-4.57637,38.27543],[-4.57639,38.27332],[-4.57617,38.27083],[-4.5757,38.2685],[-4.56791,38.24457],[-4.56673,38.24192],[-4.56551,38.23994],[-4.56405,38.2381],[-4.5618,38.2359],[-4.55999,38.23452],[-4.55748,38.23296],[-4.55426,38.23145],[-4.54406,38.22784],[-4.54165,38.2268],[-4.53941,38.22559],[-4.53756,38.22436],[-4.53477,38.22198],[-4.52066,38.20596],[-4.51788,38.20239],[-4.50635,38.18573],[-4.5042,38.17895],[-4.50396,38.17563],[-4.50436,38.17135],[-4.5074,38.16129],[-4.50836,38.15928],[-4.50954,38.15766],[-4.51101,38.15584],[-4.51273,38.15435],[-4.51486,38.15203],[-4.51659,38.14969],[-4.51842,38.14657],[-4.51996,38.14267],[-4.521,38.1386],[-4.52121,38.13658],[-4.52108,38.13374],[-4.52045,38.13085],[-4.51931,38.12814],[-4.51805,38.12602],[-4.51624,38.12366],[-4.51329,38.12105],[-4.51175,38.11995],[-4.50399,38.11575],[-4.50185,38.11427],[-4.49908,38.11181],[-4.49699,38.1092],[-4.49561,38.10686],[-4.49496,38.10532],[-4.4944,38.10359],[-4.49399,38.10155],[-4.49386,38.09868],[-4.49442,38.09336],[-4.49484,38.09128],[-4.49542,38.08951],[-4.50258,38.07402],[-4.50386,38.07198],[-4.5054,38.07023],[-4.50702,38.06849],[-4.51145,38.06453],[-4.51316,38.06251],[-4.51455,38.06028],[-4.51767,38.05386],[-4.51961,38.05051],[-4.52262,38.04719],[-4.52534,38.04505],[-4.52784,38.04356],[-4.53073,38.04223],[-4.53299,38.04144],[-4.53537,38.04082],[-4.54187,38.03964],[-4.5442,38.03903],[-4.54696,38.03804],[-4.54938,38.03691],[-4.55155,38.03563],[-4.55424,38.03358],[-4.55556,38.03233],[-4.55793,38.02941],[-4.55945,38.02672],[-4.56055,38.02376],[-4.56693,38.00291],[-4.56862,37.99899],[-4.57337,37.99095],[-4.57609,37.98788],[-4.57971,37.98509],[-4.58384,37.98273],[-4.59202,37.97883],[-4.59546,37.97661],[-4.59808,37.97451],[-4.59989,37.97277],[-4.60233,37.96986],[-4.60346,37.96821],[-4.60663,37.96274],[-4.60876,37.95977],[-4.6122,37.95626],[-4.61567,37.95359],[-4.61834,37.95196],[-4.62124,37.95052],[-4.62407,37.94937],[-4.62882,37.94796],[-4.63423,37.94698],[-4.6391,37.94635],[-4.64699,37.94568],[-4.65138,37.94505],[-4.65556,37.94409],[-4.66029,37.94247],[-4.67272,37.93722],[-4.67542,37.93588],[-4.67856,37.93381],[-4.6841,37.92896],[-4.68785,37.92657],[-4.69112,37.92516],[-4.69937,37.92243],[-4.69641,37.92319],[-4.69009,37.92533],[-4.6876,37.92654],[-4.69341,37.92303],[-4.69747,37.92138],[-4.70307,37.91985],[-4.70486,37.91959],[-4.70764,37.91948],[-4.71006,37.91882],[-4.71192,37.91754],[-4.71474,37.9142],[-4.71679,37.91298],[-4.71919,37.91246],[-4.72813,37.9131],[-4.72986,37.91295],[-4.73129,37.91261],[-4.74612,37.90579],[-4.75573,37.9034],[-4.75914,37.90223],[-4.78645,37.89022],[-4.80978,37.8797],[-4.81907,37.87679],[-4.82305,37.87589],[-4.83007,37.87381],[-4.83537,37.87174],[-4.84289,37.86949],[-4.84531,37.86859],[-4.87864,37.85864],[-4.88415,37.85727],[-4.89002,37.85493],[-4.89517,37.85368],[-4.90561,37.85041],[-4.94243,37.83954],[-4.95234,37.83642],[-4.95607,37.8349],[-4.95836,37.83377],[-4.96845,37.82775],[-4.97198,37.82582],[-4.97602,37.82407],[-4.97968,37.82282],[-4.9853,37.82128],[-4.98838,37.82014],[-4.99429,37.81898],[-4.99921,37.81773],[-5.00209,37.81681],[-5.0054,37.8154],[-5.00897,37.8134],[-5.01523,37.80895],[-5.02021,37.80672],[-5.02501,37.80374],[-5.02821,37.80254],[-5.03062,37.80206],[-5.03318,37.80187],[-5.03955,37.80202],[-5.04259,37.80249],[-5.04448,37.80306],[-5.04699,37.80419],[-5.04926,37.80568],[-5.05235,37.80829],[-5.05374,37.80897],[-5.05559,37.80959],[-5.05708,37.8099],[-5.05996,37.80979],[-5.06135,37.80991],[-5.07233,37.81264],[-5.07369,37.8128],[-5.07501,37.81275],[-5.07734,37.81209],[-5.0833,37.80862],[-5.08453,37.80802],[-5.08655,37.80741],[-5.09264,37.80695],[-5.09951,37.80475],[-5.10176,37.8043],[-5.12216,37.80347],[-5.12987,37.80248],[-5.13253,37.80167],[-5.13686,37.79919],[-5.13967,37.79824],[-5.15323,37.79483],[-5.181,37.78865],[-5.1832,37.78767],[-5.18894,37.78457],[-5.19521,37.77936],[-5.19815,37.77736],[-5.20089,37.77606],[-5.22091,37.76744],[-5.22232,37.76665],[-5.22384,37.76545],[-5.22521,37.76378],[-5.24323,37.7332],[-5.24474,37.73158],[-5.24655,37.73046],[-5.24859,37.72976],[-5.25027,37.72951],[-5.27416,37.72744],[-5.27638,37.72701],[-5.28039,37.72524],[-5.28482,37.72418],[-5.28662,37.72345],[-5.28773,37.72264],[-5.28978,37.72025],[-5.29084,37.71932],[-5.29699,37.71618],[-5.30019,37.71336],[-5.30111,37.71287],[-5.30287,37.71234],[-5.30447,37.7122],[-5.31024,37.71267],[-5.31352,37.71245],[-5.33007,37.70778],[-5.33305,37.70737],[-5.34037,37.70737],[-5.34349,37.70702],[-5.34577,37.70644],[-5.35007,37.70467],[-5.35217,37.70422],[-5.35395,37.70422],[-5.35543,37.70448],[-5.3616,37.70649],[-5.3645,37.70713],[-5.36724,37.7074],[-5.37072,37.7073],[-5.37384,37.70676],[-5.37699,37.70578],[-5.37906,37.70482],[-5.38271,37.70257],[-5.38438,37.70172],[-5.38604,37.70104],[-5.38833,37.70041],[-5.39242,37.69992],[-5.40139,37.70043],[-5.40346,37.70024],[-5.40489,37.69991],[-5.43676,37.68925],[-5.43825,37.68863],[-5.45512,37.67727],[-5.45682,37.67636],[-5.45926,37.67557],[-5.46135,37.67527],[-5.4626,37.67525],[-5.46509,37.67554],[-5.47505,37.67862],[-5.47821,37.67941],[-5.48189,37.67947],[-5.48368,37.67919],[-5.48511,37.67878],[-5.51591,37.66442],[-5.51969,37.66333],[-5.53198,37.66106],[-5.53398,37.66047],[-5.53699,37.65905],[-5.53949,37.6573],[-5.55079,37.64666],[-5.5549,37.64363],[-5.55959,37.64117],[-5.57726,37.63379],[-5.57933,37.63277],[-5.58281,37.6306],[-5.58684,37.62714],[-5.60003,37.61396],[-5.60239,37.61209],[-5.64658,37.58633],[-5.65114,37.58419],[-5.65787,37.58188],[-5.66073,37.58115],[-5.66224,37.58095],[-5.66642,37.58101],[-5.71815,37.58887],[-5.72364,37.58957],[-5.72718,37.58942],[-5.73172,37.58888],[-5.8349,37.5685],[-5.83885,37.56753],[-5.84246,37.56615],[-5.84659,37.5639],[-5.84854,37.56246],[-5.85137,37.56001],[-5.94747,37.47307],[-5.94972,37.47078],[-5.95107,37.4691],[-5.96209,37.45269],[-5.96275,37.45144],[-5.96301,37.44987],[-5.96281,37.44869],[-5.96237,37.44766],[-5.95523,37.43451],[-5.9536,37.43111],[-5.95047,37.42279],[-5.95039,37.42159],[-5.95064,37.42044],[-5.95118,37.41939],[-5.95382,37.41584],[-5.95568,37.41382],[-5.95708,37.41134],[-5.9583,37.41019],[-5.96285,37.4029],[-5.96568,37.40055],[-5.9666,37.39905],[-5.96863,37.39723],[-5.97093,37.39579],[-5.97572,37.39196],[-5.97653,37.39097],[-5.97703,37.38979],[-5.9767,37.39131]]}},{"type":"Feature","properties":{"name":"2015_Kyiv -> Svaliava (741.2km)","mode":"train","distance_km":"739.2"},"geometry":{"type":"LineString","coordinates":[[30.48793,50.4402],[30.48699,50.44092],[30.4858,50.44234],[30.48238,50.44488],[30.48041,50.44571],[30.47826,50.44604],[30.47702,50.44595],[30.47559,50.44559],[30.47201,50.44367],[30.46999,50.4431],[30.46629,50.44255],[30.45515,50.44216],[30.45367,50.44183],[30.45236,50.44132],[30.45127,50.44061],[30.45058,50.43986],[30.44794,50.43581],[30.44594,50.43315],[30.43488,50.41624],[30.43184,50.41224],[30.42732,50.40541],[30.42549,50.40322],[30.42319,50.40109],[30.42156,50.39995],[30.41733,50.39774],[30.41356,50.39634],[30.34194,50.37696],[30.33758,50.37552],[30.33294,50.37326],[30.33005,50.37129],[30.30685,50.34985],[30.30434,50.34697],[30.30272,50.34454],[30.30143,50.34193],[30.30031,50.33821],[30.29985,50.33296],[30.29858,50.30809],[30.29942,50.30312],[30.29999,50.30137],[30.31522,50.26772],[30.3154,50.26683],[30.31536,50.26494],[30.31466,50.26288],[30.3132,50.26096],[30.311,50.25918],[30.30752,50.25755],[30.28379,50.24856],[30.20267,50.21693],[30.16835,50.20721],[30.16643,50.20655],[30.11774,50.18711],[30.10518,50.18191],[30.07765,50.17101],[30.07516,50.17021],[30.05,50.16441],[30.04858,50.16399],[30.04619,50.16291],[30.0446,50.16195],[30.04347,50.16103],[29.99788,50.12256],[29.97076,50.10319],[29.96779,50.10156],[29.94499,50.09243],[29.94233,50.09096],[29.94099,50.08988],[29.89115,50.04131],[29.88932,50.04015],[29.88022,50.03527],[29.8338,50.01051],[29.83157,50.00945],[29.826,50.00741],[29.75696,49.98517],[29.75148,49.98396],[29.43441,49.94086],[29.43043,49.94055],[29.42636,49.94045],[29.41934,49.94087],[29.34161,49.95129],[29.30611,49.9577],[29.30298,49.95791],[29.30025,49.95786],[29.29745,49.95754],[29.29441,49.95689],[29.29175,49.95602],[29.24,49.93615],[29.20978,49.92355],[29.15789,49.90787],[29.09486,49.88455],[29.05949,49.86862],[29.05607,49.86651],[29.02962,49.84679],[29.02695,49.84507],[29.0199,49.8398],[29.01908,49.83904],[28.95629,49.79213],[28.89062,49.74789],[28.88836,49.74657],[28.88692,49.74614],[28.88505,49.746],[28.88192,49.74627],[28.88003,49.74605],[28.87223,49.74292],[28.87055,49.74256],[28.85148,49.74207],[28.8491,49.74217],[28.84599,49.74274],[28.83235,49.74668],[28.82983,49.74688],[28.82826,49.74662],[28.8268,49.74603],[28.80854,49.73663],[28.80708,49.73627],[28.80527,49.73618],[28.80343,49.73652],[28.80223,49.73703],[28.80067,49.73818],[28.79929,49.7399],[28.79895,49.74118],[28.79914,49.74339],[28.79902,49.74427],[28.79863,49.74511],[28.79789,49.74599],[28.79323,49.74974],[28.79095,49.75129],[28.78318,49.75767],[28.77906,49.7602],[28.77467,49.76471],[28.77213,49.76682],[28.77012,49.76819],[28.76686,49.76991],[28.74051,49.78103],[28.73706,49.78304],[28.73429,49.78523],[28.73286,49.78671],[28.73132,49.78869],[28.69846,49.83851],[28.69699,49.84047],[28.69547,49.84203],[28.69343,49.84369],[28.67392,49.85717],[28.6597,49.86863],[28.65746,49.87002],[28.65502,49.87099],[28.64342,49.87382],[28.63914,49.87529],[28.61785,49.88704],[28.61673,49.88789],[28.61191,49.89057],[28.6094,49.89228],[28.60857,49.89317],[28.60801,49.89411],[28.60714,49.89743],[28.60661,49.89836],[28.60561,49.89943],[28.60414,49.90042],[28.59605,49.90429],[28.59011,49.90633],[28.58681,49.90765],[28.57036,49.91529],[28.56734,49.91691],[28.56223,49.92056],[28.5604,49.92169],[28.55795,49.92272],[28.55083,49.92483],[28.54838,49.92578],[28.54665,49.92673],[28.54222,49.92976],[28.53844,49.93171],[28.51705,49.93961],[28.51603,49.94023],[28.51482,49.94134],[28.50967,49.94872],[28.50888,49.94963],[28.50724,49.95079],[28.5049,49.95169],[28.49696,49.95292],[28.4867,49.95551],[28.48358,49.95572],[28.48156,49.95547],[28.47614,49.95436],[28.47289,49.95392],[28.44976,49.95211],[28.42097,49.94755],[28.41532,49.94733],[28.40387,49.94786],[28.40203,49.94806],[28.3997,49.94873],[28.39824,49.9495],[28.39426,49.95298],[28.39279,49.95392],[28.39109,49.95467],[28.3888,49.95532],[28.3712,49.95851],[28.34472,49.96127],[28.342,49.96168],[28.33935,49.96226],[28.31264,49.96988],[28.31006,49.97048],[28.30537,49.97093],[28.28953,49.97159],[28.28617,49.97192],[28.28212,49.97252],[28.26363,49.976],[28.25971,49.97693],[28.25602,49.97819],[28.16846,50.01557],[28.16567,50.01646],[28.16225,50.01697],[28.11759,50.02144],[28.10322,50.02382],[28.10114,50.02394],[28.0844,50.02388],[28.08121,50.02398],[28.07708,50.02446],[28.0671,50.02634],[28.0635,50.02726],[28.05885,50.02903],[28.03811,50.0397],[28.03584,50.0407],[28.03184,50.04167],[28.01078,50.04455],[28.00765,50.04554],[27.99431,50.05091],[27.9921,50.05155],[27.98947,50.0518],[27.90464,50.05455],[27.90203,50.05481],[27.8998,50.05529],[27.84727,50.06951],[27.84298,50.07045],[27.69137,50.08849],[27.68889,50.0893],[27.68765,50.09003],[27.68677,50.09081],[27.68483,50.09363],[27.68269,50.09741],[27.68139,50.0988],[27.67906,50.10007],[27.67611,50.10077],[27.67438,50.10085],[27.67268,50.10071],[27.64438,50.09651],[27.64073,50.09639],[27.63671,50.09694],[27.57137,50.11158],[27.56646,50.113],[27.56388,50.11403],[27.56084,50.11561],[27.52645,50.13711],[27.52441,50.13818],[27.52168,50.13934],[27.51216,50.14269],[27.51059,50.14307],[27.50705,50.14321],[27.50448,50.14305],[27.46869,50.13563],[27.41989,50.12803],[27.41705,50.12774],[27.41383,50.12761],[27.40824,50.12792],[27.40455,50.12853],[27.37262,50.1351],[27.3704,50.13544],[27.35106,50.13702],[27.3313,50.14064],[27.25175,50.1493],[27.24793,50.14986],[27.24499,50.15054],[27.23426,50.15353],[27.19946,50.15999],[27.12765,50.18171],[27.12486,50.18233],[27.11181,50.18176],[27.10921,50.1815],[27.10646,50.18064],[27.10285,50.17831],[27.10104,50.17761],[27.09832,50.17727],[27.09206,50.17782],[27.09015,50.17776],[27.08867,50.17747],[27.08602,50.17658],[27.08386,50.17579],[27.08267,50.17517],[27.08189,50.1745],[27.08102,50.17328],[27.07805,50.16724],[27.07775,50.16632],[27.07694,50.16201],[27.07604,50.15886],[27.06341,50.1421],[27.06252,50.14069],[27.06186,50.13865],[27.06142,50.13449],[27.06101,50.13352],[27.06008,50.13231],[27.0587,50.13128],[27.05637,50.1303],[27.05451,50.1299],[27.04926,50.12951],[27.04773,50.12911],[27.04595,50.12833],[27.0444,50.12721],[27.04356,50.12623],[27.04241,50.12345],[27.04142,50.12205],[27.03955,50.12049],[27.03764,50.11951],[27.03594,50.11893],[27.03078,50.11784],[27.01446,50.11336],[27.01269,50.11271],[27.00939,50.11105],[27.00778,50.11054],[27.00542,50.11018],[26.99922,50.1099],[26.99746,50.10948],[26.99357,50.1082],[26.98788,50.10755],[26.96686,50.10817],[26.96336,50.10869],[26.95062,50.11196],[26.94775,50.11247],[26.94109,50.11284],[26.93171,50.11283],[26.92096,50.11353],[26.91762,50.11422],[26.90497,50.1178],[26.90192,50.11825],[26.86119,50.11609],[26.85822,50.11578],[26.85581,50.11525],[26.85339,50.11446],[26.8473,50.11161],[26.84516,50.11077],[26.82374,50.10499],[26.82211,50.10424],[26.82054,50.10307],[26.81978,50.10217],[26.81938,50.10136],[26.81881,50.09859],[26.81889,50.09678],[26.81963,50.09402],[26.8205,50.09275],[26.82175,50.09169],[26.8258,50.08975],[26.8271,50.08882],[26.82828,50.08732],[26.8287,50.08607],[26.82871,50.0851],[26.82853,50.08423],[26.82769,50.08225],[26.82617,50.08074],[26.82485,50.07997],[26.82236,50.07912],[26.81758,50.07843],[26.81498,50.07789],[26.79764,50.0735],[26.79534,50.07317],[26.78794,50.0726],[26.78592,50.0722],[26.78361,50.07144],[26.78095,50.07008],[26.77893,50.06845],[26.77764,50.06681],[26.7753,50.06274],[26.77362,50.06089],[26.77086,50.05909],[26.76811,50.058],[26.76477,50.05735],[26.7472,50.05534],[26.74214,50.05454],[26.73899,50.0537],[26.70195,50.04205],[26.69856,50.04113],[26.69391,50.04035],[26.68023,50.03901],[26.67728,50.039],[26.67269,50.03943],[26.67026,50.03929],[26.60594,50.03072],[26.58865,50.03014],[26.58684,50.03028],[26.58557,50.03073],[26.5738,50.03716],[26.56983,50.0378],[26.56278,50.03925],[26.54717,50.03953],[26.53666,50.03899],[26.5274,50.03793],[26.52516,50.03744],[26.51844,50.03509],[26.51726,50.03486],[26.51359,50.03456],[26.51189,50.03412],[26.50698,50.03168],[26.5048,50.0308],[26.48662,50.02435],[26.47915,50.02207],[26.47711,50.02077],[26.47347,50.01706],[26.47124,50.0158],[26.44447,50.00776],[26.43784,50.00511],[26.43607,50.00459],[26.43365,50.00432],[26.42766,50.00464],[26.41733,50.00341],[26.40991,50.00367],[26.4081,50.00359],[26.3698,49.99761],[26.35869,49.99455],[26.34421,49.99271],[26.33627,49.99084],[26.33424,49.99007],[26.32601,49.98562],[26.32415,49.98502],[26.32253,49.98475],[26.31994,49.98472],[26.31434,49.98519],[26.30352,49.98849],[26.30152,49.98889],[26.28659,49.98953],[26.28343,49.98912],[26.23712,49.98009],[26.23457,49.97927],[26.23236,49.97824],[26.2304,49.97703],[26.22852,49.97538],[26.22783,49.97457],[26.22736,49.9737],[26.2264,49.9701],[26.22577,49.96904],[26.21077,49.95021],[26.20917,49.94873],[26.20698,49.94727],[26.20309,49.94514],[26.20048,49.94416],[26.19749,49.94348],[26.19139,49.94298],[26.18818,49.94204],[26.18623,49.94112],[26.18483,49.93999],[26.18196,49.93618],[26.18051,49.93473],[26.17209,49.92738],[26.16991,49.92614],[26.16812,49.92559],[26.15433,49.92268],[26.15117,49.92248],[26.1401,49.92269],[26.13666,49.92228],[26.13412,49.9216],[26.13169,49.92056],[26.13033,49.91973],[26.11509,49.90905],[26.11203,49.90748],[26.10679,49.90528],[26.1056,49.90456],[26.10412,49.90311],[26.10369,49.9024],[26.10335,49.90118],[26.10368,49.8966],[26.10492,49.89128],[26.10501,49.88986],[26.10476,49.88847],[26.10339,49.88399],[26.10255,49.88249],[26.10098,49.88108],[26.09922,49.88],[26.09226,49.87701],[26.08371,49.87441],[26.07431,49.87256],[26.07261,49.87194],[26.07133,49.87121],[26.07043,49.87048],[26.06971,49.86964],[26.06831,49.867],[26.06749,49.86598],[26.0641,49.86352],[26.06265,49.86189],[26.06221,49.86073],[26.06212,49.85997],[26.06263,49.85631],[26.06234,49.85461],[26.06177,49.85342],[26.06096,49.85237],[26.05963,49.8512],[26.0583,49.85038],[26.05337,49.84847],[26.05022,49.84754],[26.04648,49.84678],[26.03974,49.8459],[26.03299,49.84347],[26.02854,49.84272],[26.02699,49.84222],[26.0253,49.84135],[26.02101,49.8379],[26.01759,49.83583],[26.01042,49.83272],[26.00458,49.82957],[25.98357,49.82049],[25.98224,49.82004],[25.97799,49.81918],[25.97608,49.81838],[25.9751,49.81768],[25.97435,49.81686],[25.97385,49.81593],[25.97368,49.815],[25.97434,49.81165],[25.97578,49.80942],[25.97615,49.80841],[25.976,49.80715],[25.97526,49.80603],[25.9745,49.80539],[25.97327,49.80476],[25.9644,49.8015],[25.96239,49.80058],[25.96041,49.79935],[25.95541,49.79545],[25.9535,49.79448],[25.95172,49.79395],[25.94937,49.79367],[25.94395,49.79413],[25.94198,49.79407],[25.94033,49.79381],[25.93718,49.79301],[25.93058,49.79258],[25.92623,49.79166],[25.92227,49.79106],[25.91392,49.78861],[25.91252,49.78786],[25.90967,49.78591],[25.90516,49.78368],[25.90337,49.78309],[25.90138,49.78293],[25.88945,49.7836],[25.8862,49.78318],[25.88385,49.78226],[25.87872,49.77863],[25.87573,49.77703],[25.86875,49.77462],[25.8631,49.77385],[25.86198,49.77357],[25.85595,49.77046],[25.8515,49.7693],[25.85066,49.76895],[25.8444,49.76463],[25.84011,49.76251],[25.83918,49.76189],[25.83849,49.76078],[25.83823,49.75801],[25.83751,49.75709],[25.83666,49.75654],[25.83558,49.75615],[25.83423,49.75595],[25.83017,49.75629],[25.82881,49.75621],[25.8272,49.75586],[25.82565,49.7551],[25.82041,49.7495],[25.82002,49.74867],[25.81982,49.74745],[25.82006,49.74611],[25.82136,49.74303],[25.82163,49.74141],[25.82061,49.73284],[25.82067,49.73152],[25.82144,49.73001],[25.82375,49.72766],[25.82447,49.72644],[25.82463,49.72543],[25.82476,49.71899],[25.82712,49.71289],[25.82724,49.71185],[25.82683,49.71072],[25.82573,49.70956],[25.82456,49.70893],[25.82045,49.70769],[25.81963,49.70725],[25.81892,49.70658],[25.81848,49.70581],[25.8183,49.70472],[25.81935,49.70133],[25.8189,49.70021],[25.8179,49.69935],[25.81614,49.69857],[25.8108,49.69706],[25.80857,49.69673],[25.80113,49.69708],[25.79356,49.69704],[25.77969,49.69925],[25.77774,49.69917],[25.77417,49.69847],[25.77277,49.69773],[25.77191,49.69662],[25.77178,49.69582],[25.77204,49.69335],[25.77161,49.69197],[25.76804,49.68856],[25.76755,49.6878],[25.76738,49.68704],[25.76766,49.68599],[25.76871,49.68498],[25.77306,49.68341],[25.77406,49.68279],[25.77465,49.68213],[25.77496,49.68122],[25.77479,49.68018],[25.77421,49.67939],[25.77329,49.67875],[25.77205,49.67833],[25.77071,49.67815],[25.75691,49.67793],[25.75506,49.67775],[25.75295,49.67701],[25.74825,49.67414],[25.7463,49.67366],[25.74416,49.67383],[25.73796,49.67582],[25.73676,49.67593],[25.73548,49.67572],[25.73416,49.67503],[25.73113,49.67223],[25.73075,49.67167],[25.73062,49.67103],[25.73079,49.67019],[25.73222,49.66862],[25.73247,49.6681],[25.73247,49.66766],[25.73052,49.66429],[25.72949,49.66356],[25.7267,49.6628],[25.7251,49.66252],[25.7111,49.66132],[25.7001,49.65862],[25.69202,49.65468],[25.68922,49.65411],[25.68837,49.65377],[25.68526,49.65123],[25.68495,49.65065],[25.68477,49.64881],[25.68429,49.64818],[25.68366,49.64779],[25.68274,49.64753],[25.68155,49.64752],[25.67654,49.64853],[25.6753,49.64833],[25.67429,49.64777],[25.67386,49.64718],[25.67347,49.64527],[25.67396,49.63989],[25.67356,49.639],[25.67284,49.63844],[25.67212,49.63815],[25.66911,49.63796],[25.6677,49.63749],[25.66701,49.63675],[25.6661,49.63476],[25.6635,49.63307],[25.66111,49.63181],[25.6606,49.63121],[25.66038,49.63014],[25.66076,49.62785],[25.66046,49.62524],[25.66076,49.62465],[25.66197,49.62351],[25.66224,49.623],[25.66233,49.6192],[25.66247,49.61853],[25.6633,49.61755],[25.66529,49.61632],[25.66591,49.61533],[25.66601,49.61388],[25.66554,49.61231],[25.66625,49.60653],[25.66611,49.60598],[25.66526,49.60468],[25.66511,49.60404],[25.66622,49.60117],[25.66608,49.5995],[25.66634,49.59881],[25.66689,49.59823],[25.66909,49.59714],[25.66964,49.59666],[25.66994,49.59573],[25.66952,49.59486],[25.66824,49.59412],[25.66601,49.59353],[25.66112,49.59356],[25.65932,49.59324],[25.65612,49.59318],[25.65304,49.59232],[25.64794,49.59252],[25.64633,49.59218],[25.64528,49.59151],[25.64448,49.59016],[25.64297,49.58867],[25.64228,49.58675],[25.64114,49.5853],[25.6412,49.58321],[25.64104,49.58255],[25.63982,49.58047],[25.63905,49.57984],[25.63772,49.5794],[25.63619,49.57925],[25.62983,49.58067],[25.62776,49.58058],[25.62384,49.58082],[25.62185,49.58042],[25.61868,49.57845],[25.61521,49.57567],[25.61027,49.56896],[25.60957,49.56839],[25.60829,49.56793],[25.59832,49.56591],[25.59694,49.56532],[25.59628,49.56461],[25.59607,49.56406],[25.59617,49.56352],[25.59778,49.5611],[25.59877,49.55846],[25.59986,49.55652],[25.60335,49.54896],[25.60492,49.54742],[25.60829,49.54543],[25.61091,49.54354],[25.61141,49.54281],[25.61151,49.54219],[25.61133,49.54144],[25.61064,49.54061],[25.60972,49.54009],[25.60853,49.53977],[25.60768,49.53971],[25.60638,49.53988],[25.60247,49.54112],[25.60146,49.5413],[25.60028,49.54125],[25.59744,49.54067],[25.59601,49.54012],[25.59534,49.53958],[25.59502,49.53912],[25.59473,49.53718],[25.59433,49.53641],[25.59199,49.53305],[25.58942,49.53066],[25.58889,49.52965],[25.58902,49.52835],[25.59016,49.52631],[25.59117,49.52542],[25.59499,49.52266],[25.59595,49.52148],[25.60633,49.49978],[25.60705,49.49777],[25.60679,49.49573],[25.60378,49.48704],[25.60306,49.48595],[25.60233,49.48541],[25.60114,49.48493],[25.59815,49.48451],[25.59601,49.48384],[25.59229,49.48216],[25.59142,49.48195],[25.59005,49.4819],[25.58544,49.48286],[25.58267,49.48305],[25.5804,49.48276],[25.57604,49.48164],[25.57278,49.48152],[25.57055,49.48188],[25.56412,49.48364],[25.5539,49.48551],[25.54964,49.48765],[25.54803,49.48817],[25.54613,49.48819],[25.54374,49.48753],[25.5424,49.48741],[25.53686,49.48816],[25.5354,49.48823],[25.53376,49.48801],[25.53066,49.48717],[25.52702,49.48713],[25.51997,49.48657],[25.51223,49.48455],[25.50667,49.48428],[25.50162,49.48337],[25.4266,49.47383],[25.41477,49.47337],[25.39112,49.46906],[25.3654,49.46974],[25.36228,49.47008],[25.35021,49.4722],[25.34837,49.47239],[25.34679,49.47229],[25.33464,49.47049],[25.33289,49.46993],[25.33016,49.46782],[25.32859,49.46718],[25.32703,49.46708],[25.31872,49.46733],[25.31657,49.46699],[25.31481,49.4663],[25.31344,49.4653],[25.29508,49.44837],[25.29428,49.4478],[25.2933,49.44742],[25.29184,49.44722],[25.28673,49.44708],[25.2822,49.44589],[25.28067,49.44572],[25.27912,49.44578],[25.27406,49.44647],[25.26725,49.44649],[25.26519,49.44627],[25.26211,49.44519],[25.26063,49.4449],[25.25236,49.44531],[25.25124,49.44522],[25.25004,49.4449],[25.24903,49.4443],[25.24835,49.44349],[25.2474,49.44127],[25.24644,49.4405],[25.24535,49.44005],[25.24395,49.43984],[25.22142,49.43901],[25.21919,49.43879],[25.21779,49.43839],[25.2165,49.43776],[25.21195,49.43435],[25.20923,49.43296],[25.20795,49.43259],[25.19299,49.42955],[25.15933,49.42942],[25.15803,49.42936],[25.15674,49.42909],[25.15597,49.42873],[25.15518,49.42813],[25.15477,49.42754],[25.15458,49.42663],[25.15496,49.42558],[25.15687,49.4237],[25.15722,49.42311],[25.15731,49.42268],[25.15717,49.42099],[25.15796,49.41858],[25.15804,49.41801],[25.15789,49.41726],[25.15724,49.41623],[25.15627,49.41543],[25.15207,49.414],[25.15117,49.41344],[25.15042,49.41273],[25.14979,49.41153],[25.14825,49.40632],[25.14748,49.40551],[25.14566,49.40425],[25.1449,49.40336],[25.14476,49.4027],[25.14519,49.40089],[25.14495,49.4],[25.14398,49.39908],[25.14254,49.39851],[25.14085,49.39841],[25.13775,49.39902],[25.12267,49.40398],[25.12119,49.40421],[25.11959,49.40401],[25.11855,49.40356],[25.11706,49.40259],[25.1158,49.40226],[25.08536,49.3981],[25.0827,49.39798],[25.06602,49.3985],[25.06482,49.39869],[25.06366,49.3991],[25.05982,49.40133],[25.05874,49.40179],[25.05725,49.40202],[25.05384,49.40209],[25.04891,49.4029],[25.04466,49.40393],[25.04289,49.40455],[25.0407,49.40558],[25.03491,49.4091],[25.03237,49.41033],[25.02989,49.41111],[25.02518,49.41218],[25.024,49.41224],[25.02308,49.41211],[25.02189,49.41161],[25.01711,49.40826],[25.00787,49.4058],[25.00623,49.40514],[25.00545,49.40443],[25.00346,49.4013],[25.00052,49.39857],[24.9995,49.39787],[24.99604,49.39653],[24.99501,49.39598],[24.99427,49.39532],[24.99019,49.39017],[24.98958,49.38974],[24.987,49.38881],[24.9858,49.3881],[24.98532,49.38758],[24.98355,49.38475],[24.982,49.38178],[24.98177,49.38083],[24.98132,49.37508],[24.98073,49.37323],[24.98011,49.3725],[24.97922,49.37197],[24.97828,49.37168],[24.97027,49.37073],[24.96928,49.37035],[24.96737,49.36906],[24.9655,49.36865],[24.96415,49.36874],[24.96128,49.3694],[24.95809,49.37054],[24.94946,49.37554],[24.94808,49.37716],[24.94746,49.37765],[24.94575,49.37826],[24.94466,49.37833],[24.93984,49.37808],[24.93238,49.37691],[24.93021,49.37638],[24.9283,49.37524],[24.92696,49.37475],[24.92325,49.37435],[24.91729,49.37255],[24.91608,49.37243],[24.91457,49.37253],[24.91304,49.37294],[24.90984,49.37425],[24.90844,49.37513],[24.90662,49.37691],[24.90524,49.37761],[24.88735,49.38196],[24.88271,49.38433],[24.88136,49.38481],[24.8781,49.3854],[24.86872,49.38666],[24.86698,49.38717],[24.86321,49.3887],[24.85904,49.3896],[24.85305,49.39139],[24.8504,49.39186],[24.84904,49.39242],[24.84588,49.39488],[24.84454,49.39552],[24.84338,49.3957],[24.83887,49.39587],[24.83736,49.39546],[24.83455,49.394],[24.83345,49.39379],[24.83238,49.39383],[24.83082,49.39425],[24.82875,49.39552],[24.82697,49.39611],[24.82141,49.39682],[24.81012,49.39719],[24.80811,49.39764],[24.80359,49.39939],[24.80199,49.39958],[24.80006,49.39926],[24.79904,49.39865],[24.79864,49.39823],[24.79827,49.3974],[24.79824,49.39565],[24.79716,49.39394],[24.79686,49.39207],[24.79648,49.39156],[24.79519,49.39053],[24.79292,49.38936],[24.79152,49.3879],[24.79045,49.38723],[24.78671,49.3861],[24.78366,49.38553],[24.7819,49.38502],[24.78115,49.38461],[24.77946,49.38294],[24.7789,49.382],[24.77647,49.3765],[24.77579,49.37591],[24.77318,49.37459],[24.77259,49.37395],[24.77235,49.3734],[24.77231,49.37264],[24.77258,49.37195],[24.77563,49.36903],[24.77603,49.36836],[24.77624,49.36761],[24.776,49.36566],[24.77574,49.36482],[24.77518,49.36418],[24.77433,49.36365],[24.7729,49.36324],[24.77166,49.36322],[24.76719,49.36424],[24.76604,49.36499],[24.76482,49.36664],[24.76395,49.36716],[24.76287,49.36748],[24.76149,49.36756],[24.7569,49.36696],[24.75415,49.36688],[24.75174,49.36719],[24.74165,49.36914],[24.74043,49.36903],[24.73906,49.36857],[24.73341,49.36459],[24.73212,49.36417],[24.73041,49.36412],[24.72869,49.36466],[24.72757,49.36565],[24.72733,49.36623],[24.7273,49.36686],[24.72815,49.3688],[24.72825,49.36983],[24.72753,49.37093],[24.72642,49.37156],[24.72485,49.3719],[24.72291,49.37168],[24.7217,49.3711],[24.71995,49.36953],[24.71826,49.36889],[24.71656,49.36881],[24.71364,49.36921],[24.7125,49.36962],[24.71182,49.37011],[24.70961,49.37289],[24.70849,49.37358],[24.70716,49.37389],[24.7062,49.37391],[24.70218,49.37331],[24.7008,49.37353],[24.70003,49.37384],[24.69809,49.37533],[24.69536,49.3771],[24.69458,49.37812],[24.694,49.37968],[24.69331,49.38047],[24.69239,49.38098],[24.69137,49.38124],[24.68962,49.38127],[24.67845,49.38032],[24.67095,49.37848],[24.65946,49.37731],[24.65682,49.37751],[24.65264,49.37868],[24.64724,49.37879],[24.64543,49.3792],[24.644,49.37997],[24.64238,49.3821],[24.64153,49.38269],[24.6402,49.38314],[24.63574,49.38407],[24.63437,49.38476],[24.63355,49.38578],[24.63324,49.38729],[24.6327,49.38825],[24.63177,49.389],[24.63007,49.38981],[24.62932,49.39036],[24.6187,49.40238],[24.61773,49.40302],[24.61659,49.40339],[24.61523,49.40352],[24.61076,49.40317],[24.60937,49.40284],[24.59665,49.39535],[24.59531,49.39503],[24.5936,49.3951],[24.58732,49.39749],[24.58487,49.39902],[24.57902,49.40135],[24.56625,49.40558],[24.56538,49.40614],[24.56397,49.40746],[24.56283,49.40798],[24.56141,49.40821],[24.55897,49.4081],[24.55582,49.40714],[24.55383,49.40701],[24.54954,49.40806],[24.54541,49.40874],[24.54446,49.40876],[24.54206,49.4083],[24.54065,49.40825],[24.53737,49.40906],[24.53432,49.40909],[24.53058,49.41032],[24.52666,49.41051],[24.52521,49.41106],[24.519,49.41558],[24.51785,49.41619],[24.50761,49.41774],[24.50404,49.41888],[24.50082,49.41877],[24.49925,49.41895],[24.48832,49.42198],[24.48387,49.42231],[24.48233,49.42212],[24.48099,49.42153],[24.47875,49.4192],[24.47698,49.4183],[24.47501,49.41789],[24.47146,49.41774],[24.47036,49.41756],[24.46931,49.41723],[24.46594,49.41537],[24.46502,49.41501],[24.45477,49.41271],[24.45397,49.41237],[24.45302,49.41158],[24.45254,49.41077],[24.45179,49.40882],[24.45112,49.40807],[24.44962,49.4073],[24.4482,49.40708],[24.44545,49.4073],[24.44342,49.40812],[24.44232,49.40837],[24.42715,49.40936],[24.41969,49.40939],[24.3988,49.40782],[24.39027,49.40801],[24.38858,49.40848],[24.38078,49.41189],[24.37911,49.41246],[24.36858,49.41461],[24.36014,49.41482],[24.35827,49.41533],[24.34877,49.41905],[24.33604,49.42127],[24.33314,49.42154],[24.33067,49.42143],[24.32767,49.42084],[24.32477,49.41966],[24.30973,49.40976],[24.30922,49.4091],[24.30899,49.40833],[24.30951,49.40532],[24.30943,49.40233],[24.30886,49.40082],[24.30773,49.39894],[24.30632,49.39737],[24.28887,49.38206],[24.28775,49.38135],[24.28591,49.3806],[24.28428,49.38028],[24.28254,49.38018],[24.26591,49.38149],[24.24305,49.38201],[24.2007,49.37797],[24.15429,49.37781],[24.15185,49.37761],[24.14998,49.37688],[24.14901,49.3762],[24.14856,49.37563],[24.14097,49.3591],[24.13938,49.35711],[24.10065,49.32464],[24.09929,49.32371],[24.09788,49.32312],[24.09598,49.32262],[23.98297,49.30015],[23.98072,49.29937],[23.95848,49.29026],[23.95609,49.28945],[23.89959,49.26657],[23.89794,49.26604],[23.89535,49.26583],[23.89249,49.26637],[23.87461,49.2752],[23.87134,49.27632],[23.86819,49.27678],[23.86446,49.27668],[23.86141,49.27608],[23.85863,49.27503],[23.85691,49.27404],[23.85516,49.27255],[23.8504,49.26607],[23.84869,49.26439],[23.83085,49.25261],[23.81779,49.24698],[23.81459,49.24529],[23.80575,49.24151],[23.74795,49.21396],[23.74489,49.21247],[23.74345,49.21153],[23.74257,49.21058],[23.69124,49.14472],[23.68964,49.14304],[23.67634,49.13065],[23.67545,49.12931],[23.66993,49.11759],[23.66876,49.11625],[23.66696,49.11479],[23.63917,49.10282],[23.63607,49.10198],[23.63306,49.10179],[23.61714,49.1018],[23.61459,49.10216],[23.60374,49.10442],[23.60215,49.10457],[23.59925,49.10424],[23.5946,49.10253],[23.59325,49.10166],[23.59245,49.10071],[23.59157,49.09911],[23.58355,49.08191],[23.58235,49.08023],[23.58101,49.07902],[23.54032,49.05498],[23.53462,49.05255],[23.53097,49.05188],[23.52941,49.05139],[23.52396,49.04802],[23.51163,49.04273],[23.50817,49.04101],[23.50701,49.03997],[23.50626,49.03901],[23.50573,49.03801],[23.50385,49.03089],[23.50297,49.02818],[23.50188,49.02722],[23.49891,49.02606],[23.49808,49.02549],[23.49757,49.02472],[23.49694,49.02223],[23.49633,49.02151],[23.49551,49.02103],[23.49434,49.02067],[23.48179,49.0182],[23.48071,49.01775],[23.47969,49.01709],[23.47765,49.01524],[23.47677,49.01383],[23.47672,49.01099],[23.47651,49.01029],[23.47295,49.00712],[23.4701,49.00379],[23.46954,49.00286],[23.46951,49.00226],[23.46999,49.00071],[23.47006,48.99976],[23.4698,48.99908],[23.46779,48.99679],[23.4673,48.99579],[23.46681,48.98673],[23.46707,48.98595],[23.46933,48.98157],[23.4714,48.97449],[23.47164,48.97321],[23.47208,48.97228],[23.47297,48.97156],[23.47382,48.97121],[23.47799,48.97075],[23.47933,48.97029],[23.48038,48.96943],[23.48157,48.9671],[23.48137,48.96435],[23.48229,48.96043],[23.48227,48.95917],[23.48204,48.95853],[23.48128,48.95739],[23.47705,48.95283],[23.47668,48.95193],[23.47686,48.95084],[23.47745,48.95005],[23.47807,48.94955],[23.47939,48.94901],[23.48849,48.94754],[23.48981,48.94712],[23.49068,48.94652],[23.49124,48.94564],[23.49177,48.94221],[23.49156,48.94143],[23.49099,48.9408],[23.48514,48.93792],[23.48455,48.93746],[23.48368,48.93637],[23.48343,48.93558],[23.48246,48.92865],[23.48284,48.92637],[23.4827,48.92533],[23.48205,48.92413],[23.47766,48.91962],[23.47625,48.91784],[23.47568,48.91622],[23.47532,48.9133],[23.47545,48.91242],[23.47639,48.90936],[23.47631,48.90854],[23.4759,48.90731],[23.47519,48.90624],[23.47161,48.9035],[23.4712,48.9029],[23.47098,48.90222],[23.47106,48.90104],[23.47217,48.89842],[23.47247,48.89642],[23.47361,48.89445],[23.47419,48.89233],[23.4747,48.89169],[23.47541,48.89121],[23.47775,48.89035],[23.47891,48.8897],[23.48259,48.88526],[23.48309,48.88434],[23.48353,48.88213],[23.48432,48.88026],[23.48434,48.87934],[23.48367,48.87829],[23.48222,48.8768],[23.48008,48.87562],[23.47788,48.87393],[23.47555,48.87264],[23.47122,48.86885],[23.46947,48.86573],[23.46776,48.86361],[23.46719,48.86255],[23.46707,48.86174],[23.46729,48.85905],[23.46715,48.85825],[23.46673,48.85725],[23.46605,48.85636],[23.46325,48.85356],[23.4615,48.85265],[23.45964,48.8523],[23.45763,48.85241],[23.45384,48.85325],[23.45264,48.85321],[23.45115,48.85284],[23.45008,48.85231],[23.44623,48.84978],[23.44016,48.8454],[23.43421,48.84188],[23.43306,48.84136],[23.4311,48.84115],[23.42845,48.84153],[23.42706,48.84155],[23.4262,48.8414],[23.42104,48.8396],[23.41925,48.83917],[23.41736,48.83902],[23.4131,48.83924],[23.41148,48.83906],[23.4104,48.83868],[23.40955,48.83815],[23.40899,48.83738],[23.40848,48.83602],[23.40787,48.83542],[23.40706,48.83497],[23.40514,48.83456],[23.4024,48.83487],[23.39923,48.83468],[23.39769,48.83409],[23.39597,48.83258],[23.39494,48.83205],[23.39346,48.83176],[23.39064,48.83186],[23.38813,48.83133],[23.38749,48.83105],[23.38659,48.83036],[23.38579,48.82875],[23.38533,48.82821],[23.38377,48.82741],[23.37885,48.82623],[23.37748,48.82632],[23.37469,48.82712],[23.37318,48.82713],[23.37076,48.82653],[23.36988,48.82609],[23.36924,48.82551],[23.36896,48.82502],[23.36851,48.8228],[23.36788,48.82214],[23.36658,48.8212],[23.3661,48.82053],[23.36577,48.81817],[23.36543,48.81735],[23.36486,48.81679],[23.36116,48.81445],[23.35566,48.80824],[23.35502,48.80718],[23.35462,48.80588],[23.35476,48.80502],[23.35601,48.80328],[23.35846,48.80157],[23.3588,48.80098],[23.35887,48.80051],[23.35871,48.79974],[23.35843,48.79928],[23.35523,48.79512],[23.35302,48.79323],[23.35186,48.79171],[23.3487,48.78949],[23.34781,48.78904],[23.34573,48.7884],[23.34366,48.78727],[23.34234,48.78693],[23.34095,48.78697],[23.33784,48.78809],[23.3358,48.78819],[23.33445,48.78784],[23.33197,48.78655],[23.33099,48.78588],[23.3305,48.78524],[23.33033,48.78415],[23.33048,48.78366],[23.33088,48.78314],[23.3318,48.78251],[23.33438,48.78146],[23.3351,48.78075],[23.33539,48.78007],[23.33539,48.77928],[23.33451,48.77776],[23.33424,48.77692],[23.33438,48.77622],[23.33527,48.7746],[23.33537,48.77379],[23.33488,48.77285],[23.3336,48.77162],[23.33326,48.77061],[23.33342,48.76969],[23.33444,48.76792],[23.33443,48.76726],[23.3341,48.76668],[23.33306,48.76593],[23.33088,48.76528],[23.32999,48.76485],[23.3292,48.76427],[23.3265,48.76165],[23.32589,48.76126],[23.30317,48.7516],[23.30223,48.75095],[23.30039,48.74893],[23.29994,48.74716],[23.29941,48.74639],[23.29768,48.74534],[23.29505,48.74486],[23.29371,48.74428],[23.29273,48.74332],[23.29216,48.74142],[23.2915,48.74071],[23.29023,48.74],[23.28912,48.73964],[23.2861,48.73947],[23.28502,48.73927],[23.28417,48.73888],[23.28312,48.73809],[23.28289,48.73733],[23.28296,48.73686],[23.28344,48.73612],[23.28428,48.73544],[23.287,48.73457],[23.2907,48.7343],[23.2916,48.73401],[23.29243,48.73348],[23.29292,48.73254],[23.29285,48.73174],[23.29231,48.73098],[23.29146,48.73043],[23.28981,48.73004],[23.2876,48.73028],[23.28359,48.7316],[23.28086,48.73197],[23.27843,48.7328],[23.27619,48.73319],[23.27461,48.73303],[23.27203,48.73197],[23.27003,48.73142],[23.26758,48.73001],[23.26419,48.72767],[23.26374,48.72694],[23.26348,48.72544],[23.26324,48.72488],[23.26186,48.72286],[23.26121,48.72131],[23.26023,48.72035],[23.25849,48.71959],[23.25553,48.71907],[23.25228,48.71771],[23.25121,48.71749],[23.24878,48.71734],[23.24751,48.71702],[23.24679,48.71665],[23.24614,48.71606],[23.24537,48.71417],[23.24478,48.71351],[23.244,48.71303],[23.24262,48.71263],[23.24086,48.71267],[23.23988,48.71293],[23.23914,48.71336],[23.2385,48.71401],[23.23761,48.71592],[23.23716,48.71649],[23.2364,48.71702],[23.23526,48.71742],[23.2277,48.71749],[23.21832,48.71823],[23.21491,48.71796],[23.20503,48.71561],[23.20252,48.71438],[23.20098,48.714],[23.19563,48.71398],[23.19275,48.71315],[23.19159,48.71302],[23.17991,48.71405],[23.17725,48.714],[23.17449,48.71361],[23.17157,48.7122],[23.17064,48.71194],[23.16435,48.71186],[23.16055,48.71067],[23.15806,48.71047],[23.15358,48.70976],[23.14627,48.70888],[23.14438,48.70834],[23.14166,48.70703],[23.14067,48.7064],[23.13844,48.70451],[23.13766,48.70407],[23.1303,48.7013],[23.12847,48.69969],[23.12654,48.69849],[23.12589,48.69769],[23.12577,48.69662],[23.1267,48.6945],[23.12668,48.69394],[23.12638,48.69329],[23.12532,48.69237],[23.12279,48.69103],[23.12023,48.68832],[23.11949,48.68794],[23.11829,48.68765],[23.11551,48.68776],[23.11423,48.68759],[23.11034,48.68599],[23.10709,48.68547],[23.10603,48.68492],[23.10523,48.68397],[23.10509,48.68308],[23.10618,48.67783],[23.10532,48.67259],[23.10552,48.67178],[23.10667,48.66966],[23.10673,48.66895],[23.10628,48.66812],[23.1044,48.66597],[23.10331,48.66393],[23.10325,48.66291],[23.10405,48.66138],[23.10413,48.66034],[23.10374,48.65949],[23.1027,48.6583],[23.1024,48.65742],[23.10249,48.65686],[23.10288,48.65607],[23.10441,48.65466],[23.10486,48.65402],[23.10497,48.65283],[23.10462,48.65208],[23.10421,48.65165],[23.10169,48.64997],[23.10102,48.64927],[23.09876,48.64532],[23.09701,48.64164],[23.09696,48.64076],[23.09727,48.64008],[23.09878,48.63872],[23.09932,48.63784],[23.09937,48.63689],[23.09906,48.63619],[23.09805,48.6354],[23.09678,48.63502],[23.09352,48.63516],[23.09181,48.63489],[23.0907,48.63427],[23.08993,48.6333],[23.08976,48.63234],[23.09003,48.62741],[23.09052,48.62611],[23.09171,48.62401],[23.09187,48.62309],[23.09174,48.62211],[23.09118,48.61989],[23.09077,48.61913],[23.08918,48.61716],[23.08838,48.61445],[23.08428,48.60961],[23.08355,48.60803],[23.0808,48.59648],[23.07946,48.5925],[23.07958,48.59146],[23.08075,48.58996],[23.0811,48.58919],[23.08098,48.58824],[23.08029,48.58731],[23.07918,48.58662],[23.07631,48.58576],[23.07492,48.58483],[23.07447,48.58403],[23.07367,48.58087],[23.07322,48.5801],[23.07269,48.5796],[23.06354,48.57397],[23.06076,48.57115],[23.0597,48.5703],[23.05382,48.56713],[23.05204,48.56664],[23.04415,48.56535],[23.03018,48.56054],[23.02825,48.55978],[23.01906,48.55486],[23.01724,48.55418],[23.01534,48.55388],[23.00019,48.55266],[22.98803,48.55188]]}},{"type":"Feature","properties":{"name":"2016 Kyiv -> Ivano-Frankivsk (707.5km)","mode":"train","date":"2016","distance_km":"705.9"},"geometry":{"type":"LineString","coordinates":[[30.48863,50.43985],[30.48708,50.44098],[30.4858,50.44234],[30.48238,50.44488],[30.48041,50.44571],[30.47826,50.44604],[30.47702,50.44595],[30.47559,50.44559],[30.47201,50.44367],[30.46999,50.4431],[30.46629,50.44255],[30.45515,50.44216],[30.45367,50.44183],[30.45236,50.44132],[30.45127,50.44061],[30.45058,50.43986],[30.44794,50.43581],[30.44594,50.43315],[30.43488,50.41624],[30.43184,50.41224],[30.42732,50.40541],[30.42549,50.40322],[30.42319,50.40109],[30.42156,50.39995],[30.41733,50.39774],[30.41356,50.39634],[30.34194,50.37696],[30.33758,50.37552],[30.33294,50.37326],[30.33005,50.37129],[30.30685,50.34985],[30.30434,50.34697],[30.30272,50.34454],[30.30143,50.34193],[30.30031,50.33821],[30.29985,50.33296],[30.29858,50.30809],[30.29942,50.30312],[30.29999,50.30137],[30.31522,50.26772],[30.3154,50.26683],[30.31536,50.26494],[30.31466,50.26288],[30.3132,50.26096],[30.311,50.25918],[30.30752,50.25755],[30.28379,50.24856],[30.20267,50.21693],[30.16835,50.20721],[30.16643,50.20655],[30.11774,50.18711],[30.10518,50.18191],[30.07765,50.17101],[30.07516,50.17021],[30.05,50.16441],[30.04858,50.16399],[30.04619,50.16291],[30.0446,50.16195],[30.04347,50.16103],[29.99788,50.12256],[29.97076,50.10319],[29.96779,50.10156],[29.94499,50.09243],[29.94233,50.09096],[29.94099,50.08988],[29.89115,50.04131],[29.88932,50.04015],[29.88022,50.03527],[29.8338,50.01051],[29.83157,50.00945],[29.826,50.00741],[29.75696,49.98517],[29.75148,49.98396],[29.43441,49.94086],[29.43043,49.94055],[29.42636,49.94045],[29.41934,49.94087],[29.34161,49.95129],[29.30611,49.9577],[29.30298,49.95791],[29.30025,49.95786],[29.29745,49.95754],[29.29441,49.95689],[29.29175,49.95602],[29.24,49.93615],[29.20978,49.92355],[29.15789,49.90787],[29.09486,49.88455],[29.05949,49.86862],[29.05607,49.86651],[29.02962,49.84679],[29.02695,49.84507],[29.0199,49.8398],[29.01908,49.83904],[28.95629,49.79213],[28.89062,49.74789],[28.88836,49.74657],[28.88609,49.74602],[28.88192,49.74627],[28.88003,49.74605],[28.87281,49.74314],[28.87087,49.7426],[28.85148,49.74207],[28.8491,49.74217],[28.84654,49.74261],[28.83235,49.74668],[28.83112,49.74687],[28.82948,49.74685],[28.82803,49.74656],[28.8268,49.74603],[28.80894,49.7368],[28.80679,49.73623],[28.80493,49.73621],[28.80343,49.73652],[28.80223,49.73703],[28.8009,49.73796],[28.79962,49.73938],[28.79911,49.74034],[28.79894,49.74146],[28.79911,49.74388],[28.79875,49.74491],[28.79789,49.74599],[28.79323,49.74974],[28.79095,49.75129],[28.78318,49.75767],[28.77906,49.7602],[28.77436,49.76499],[28.77097,49.76764],[28.76908,49.76879],[28.76606,49.77026],[28.74051,49.78103],[28.73706,49.78304],[28.73429,49.78523],[28.73286,49.78671],[28.73132,49.78869],[28.69846,49.83851],[28.69699,49.84047],[28.69547,49.84203],[28.69343,49.84369],[28.67392,49.85717],[28.65901,49.86913],[28.65746,49.87002],[28.65502,49.87099],[28.64342,49.87382],[28.63914,49.87529],[28.61785,49.88704],[28.61673,49.88789],[28.61191,49.89057],[28.6094,49.89228],[28.60857,49.89317],[28.60801,49.89411],[28.60714,49.89743],[28.60661,49.89836],[28.60561,49.89943],[28.60414,49.90042],[28.59605,49.90429],[28.59011,49.90633],[28.58681,49.90765],[28.57036,49.91529],[28.56734,49.91691],[28.56223,49.92056],[28.5604,49.92169],[28.55795,49.92272],[28.55083,49.92483],[28.54838,49.92578],[28.54665,49.92673],[28.54222,49.92976],[28.53844,49.93171],[28.51705,49.93961],[28.51603,49.94023],[28.51482,49.94134],[28.50967,49.94872],[28.50888,49.94963],[28.50724,49.95079],[28.50544,49.95154],[28.50393,49.95191],[28.49696,49.95292],[28.4867,49.95551],[28.48358,49.95572],[28.48156,49.95547],[28.47614,49.95436],[28.47289,49.95392],[28.44976,49.95211],[28.42097,49.94755],[28.41532,49.94733],[28.40387,49.94786],[28.40203,49.94806],[28.3997,49.94873],[28.39824,49.9495],[28.39426,49.95298],[28.39279,49.95392],[28.39109,49.95467],[28.3888,49.95532],[28.3712,49.95851],[28.34472,49.96127],[28.342,49.96168],[28.33935,49.96226],[28.31264,49.96988],[28.31006,49.97048],[28.30537,49.97093],[28.28953,49.97159],[28.28617,49.97192],[28.28212,49.97252],[28.26363,49.976],[28.25971,49.97693],[28.25602,49.97819],[28.16846,50.01557],[28.16567,50.01646],[28.16225,50.01697],[28.11759,50.02144],[28.10322,50.02382],[28.10114,50.02394],[28.0844,50.02388],[28.08121,50.02398],[28.07708,50.02446],[28.0671,50.02634],[28.0635,50.02726],[28.05885,50.02903],[28.03811,50.0397],[28.03584,50.0407],[28.03184,50.04167],[28.01078,50.04455],[28.00765,50.04554],[27.99431,50.05091],[27.9921,50.05155],[27.98947,50.0518],[27.90464,50.05455],[27.90203,50.05481],[27.8998,50.05529],[27.84727,50.06951],[27.84298,50.07045],[27.69137,50.08849],[27.68889,50.0893],[27.68765,50.09003],[27.68677,50.09081],[27.68483,50.09363],[27.68269,50.09741],[27.68139,50.0988],[27.67906,50.10007],[27.67611,50.10077],[27.67438,50.10085],[27.67268,50.10071],[27.64438,50.09651],[27.64073,50.09639],[27.63671,50.09694],[27.57137,50.11158],[27.56646,50.113],[27.56388,50.11403],[27.56084,50.11561],[27.52645,50.13711],[27.52441,50.13818],[27.52168,50.13934],[27.51216,50.14269],[27.51059,50.14307],[27.50705,50.14321],[27.50448,50.14305],[27.46869,50.13563],[27.42134,50.12825],[27.41619,50.12768],[27.41128,50.12769],[27.40824,50.12792],[27.40455,50.12853],[27.37262,50.1351],[27.3704,50.13544],[27.35106,50.13702],[27.3313,50.14064],[27.24975,50.14954],[27.24499,50.15054],[27.23426,50.15353],[27.20038,50.15976],[27.10755,50.18778],[27.07131,50.1968],[27.06513,50.19884],[27.06078,50.19999],[27.05471,50.20145],[27.04868,50.20251],[27.04699,50.20298],[27.0407,50.20505],[27.03777,50.20632],[27.00872,50.2204],[27.006,50.22203],[26.93534,50.26972],[26.93245,50.27168],[26.93106,50.27287],[26.92949,50.27443],[26.92818,50.27609],[26.9264,50.27945],[26.91918,50.30551],[26.91798,50.30847],[26.91711,50.30992],[26.91595,50.31139],[26.91393,50.31336],[26.91137,50.31511],[26.90834,50.31659],[26.9048,50.31774],[26.90125,50.31847],[26.83795,50.3276],[26.83464,50.3282],[26.83212,50.32886],[26.82889,50.32996],[26.81256,50.33706],[26.80945,50.33798],[26.79325,50.34154],[26.79003,50.34238],[26.78778,50.34315],[26.77357,50.34902],[26.77182,50.34952],[26.76839,50.3498],[26.76198,50.34901],[26.75999,50.34903],[26.75838,50.34923],[26.70732,50.36014],[26.69558,50.36286],[26.6068,50.38219],[26.60433,50.38307],[26.59861,50.38605],[26.59337,50.39006],[26.59283,50.39076],[26.59125,50.39364],[26.59053,50.39445],[26.58833,50.39585],[26.58312,50.398],[26.5816,50.39882],[26.58046,50.39979],[26.57544,50.40509],[26.57419,50.40616],[26.57278,50.40706],[26.55332,50.41724],[26.54932,50.41909],[26.54522,50.42055],[26.53568,50.4231],[26.53397,50.4237],[26.53229,50.42464],[26.52861,50.42736],[26.52692,50.42833],[26.52574,50.4288],[26.48661,50.43902],[26.48417,50.43947],[26.48039,50.4398],[26.47256,50.43937],[26.46859,50.43878],[26.45918,50.43679],[26.45733,50.43661],[26.45565,50.43666],[26.45369,50.43699],[26.45163,50.4377],[26.44615,50.44119],[26.44477,50.44186],[26.44325,50.44235],[26.44019,50.44273],[26.43379,50.44233],[26.43118,50.44252],[26.42884,50.44315],[26.41811,50.44695],[26.41354,50.44817],[26.40966,50.4487],[26.39895,50.44926],[26.39621,50.44976],[26.39426,50.45056],[26.3886,50.45369],[26.38679,50.45439],[26.38405,50.45518],[26.37854,50.4561],[26.37591,50.45674],[26.31191,50.47837],[26.30903,50.47999],[26.29956,50.48763],[26.28741,50.49678],[26.28522,50.49797],[26.28028,50.50006],[26.27196,50.5059],[26.26524,50.5088],[26.26059,50.51153],[26.25884,50.51225],[26.256,50.51304],[26.25069,50.51389],[26.24468,50.51455],[26.23522,50.51691],[26.23293,50.51717],[26.23129,50.51713],[26.22954,50.51687],[26.22328,50.51487],[26.22145,50.51445],[26.20829,50.51384],[26.206,50.51357],[26.18847,50.5092],[26.1862,50.50878],[26.18432,50.50871],[26.18227,50.50894],[26.17034,50.51158],[26.16858,50.51181],[26.16679,50.51183],[26.16088,50.51125],[26.15501,50.50994],[26.14564,50.50696],[26.144,50.50676],[26.13888,50.50656],[26.13599,50.50608],[26.11462,50.49927],[26.1119,50.49856],[26.10959,50.49825],[26.10751,50.49816],[26.09395,50.49876],[26.091,50.49876],[26.08374,50.49831],[26.07842,50.49725],[26.0765,50.49655],[26.07521,50.49577],[26.06875,50.49068],[26.06767,50.48958],[26.06705,50.48843],[26.06634,50.48584],[26.06565,50.48427],[26.06123,50.47854],[26.06048,50.47729],[26.06003,50.47608],[26.0593,50.47198],[26.05891,50.47086],[26.05797,50.46935],[26.05683,50.46817],[26.05536,50.46707],[26.05354,50.4661],[26.02932,50.45472],[26.02705,50.45385],[26.02477,50.45334],[26.02279,50.45314],[25.98851,50.45247],[25.98666,50.45239],[25.98456,50.45208],[25.98175,50.45126],[25.94412,50.43531],[25.94117,50.43432],[25.90093,50.42674],[25.8795,50.42475],[25.84511,50.42035],[25.77199,50.40067],[25.77013,50.39966],[25.76884,50.39845],[25.76514,50.39197],[25.76432,50.39085],[25.76263,50.3894],[25.7611,50.38856],[25.75582,50.38695],[25.72823,50.38145],[25.72608,50.38073],[25.72408,50.37946],[25.72309,50.37836],[25.72258,50.37733],[25.7195,50.36404],[25.71905,50.36277],[25.7182,50.36154],[25.71694,50.36048],[25.71564,50.35977],[25.70662,50.35701],[25.70508,50.3563],[25.70403,50.35558],[25.70173,50.35299],[25.69798,50.34809],[25.68842,50.33912],[25.68155,50.33303],[25.68066,50.33169],[25.67834,50.32604],[25.67746,50.32494],[25.67593,50.32381],[25.67378,50.32286],[25.67179,50.32228],[25.66642,50.32175],[25.66459,50.32141],[25.65688,50.31889],[25.63869,50.31379],[25.63663,50.31297],[25.63486,50.31172],[25.63036,50.30756],[25.62095,50.29694],[25.61227,50.29041],[25.60365,50.28502],[25.59367,50.27998],[25.58516,50.27538],[25.58177,50.27368],[25.57603,50.27163],[25.57423,50.27065],[25.57294,50.26943],[25.57023,50.26476],[25.56885,50.26333],[25.53363,50.24137],[25.53204,50.24007],[25.52784,50.23532],[25.52602,50.23401],[25.52371,50.23285],[25.50391,50.22469],[25.48821,50.22033],[25.48567,50.21913],[25.48473,50.21837],[25.48389,50.21738],[25.48065,50.21268],[25.47645,50.20077],[25.47577,50.19955],[25.47477,50.19853],[25.47307,50.19746],[25.42885,50.17548],[25.42677,50.17388],[25.40576,50.15249],[25.40394,50.15108],[25.40192,50.15004],[25.38779,50.14421],[25.37661,50.14073],[25.37301,50.13978],[25.36972,50.1392],[25.30359,50.13103],[25.30051,50.13055],[25.29703,50.1297],[25.27637,50.12356],[25.26722,50.12106],[25.25031,50.11583],[25.24751,50.11471],[25.24454,50.11299],[25.24288,50.11157],[25.2378,50.10655],[25.23608,50.10529],[25.23452,50.10438],[25.17526,50.07496],[25.17229,50.07386],[25.17025,50.07351],[25.16801,50.07343],[25.09472,50.07558],[25.09077,50.07533],[25.08859,50.07496],[25.08642,50.07439],[25.03804,50.05877],[25.02651,50.05463],[25.01917,50.05272],[24.99052,50.04359],[24.98624,50.04203],[24.93294,50.02104],[24.84423,49.98503],[24.84253,49.98413],[24.84125,49.98317],[24.83469,49.9772],[24.83339,49.97643],[24.83107,49.97541],[24.79065,49.96315],[24.73764,49.94161],[24.67741,49.92356],[24.67469,49.9229],[24.67221,49.9225],[24.61088,49.91643],[24.60414,49.91592],[24.59982,49.91531],[24.54762,49.90166],[24.4549,49.87945],[24.44879,49.87821],[24.44477,49.87788],[24.43289,49.87778],[24.3629,49.87765],[24.36002,49.87726],[24.3579,49.87674],[24.32463,49.86522],[24.32262,49.86463],[24.32078,49.86431],[24.31858,49.86413],[24.30617,49.86437],[24.28702,49.86197],[24.21039,49.85831],[24.20762,49.85752],[24.20668,49.85703],[24.20556,49.85618],[24.20495,49.8555],[24.20051,49.84893],[24.19991,49.84838],[24.19845,49.84747],[24.19602,49.84667],[24.18132,49.84383],[24.17959,49.84362],[24.17777,49.84354],[24.17525,49.84374],[24.16449,49.84581],[24.16087,49.84625],[24.12842,49.84738],[24.11735,49.84881],[24.0922,49.85161],[24.06903,49.85275],[24.06443,49.85321],[24.05239,49.85306],[24.04312,49.85245],[24.0406,49.85221],[24.03022,49.85061],[24.02244,49.85113],[24.02017,49.8515],[24.0186,49.85208],[24.01199,49.85587],[24.00578,49.85871],[24.00376,49.86002],[24.00029,49.86274],[23.99886,49.86339],[23.99719,49.86375],[23.99351,49.86407],[23.99144,49.86373],[23.98978,49.86288],[23.98816,49.86128],[23.98601,49.85954],[23.98543,49.85887],[23.9849,49.85748],[23.98495,49.8559],[23.98558,49.85448],[23.99198,49.8473],[23.99446,49.84384],[23.99494,49.84265],[23.99485,49.84167],[23.99302,49.83881],[23.99234,49.83816],[23.99134,49.83759],[23.99016,49.83716],[23.98777,49.83663],[23.99025,49.83691],[23.9916,49.83729],[23.99276,49.8379],[23.99346,49.83866],[23.99276,49.8379],[23.99104,49.8371],[23.98145,49.83546],[23.97554,49.8339],[23.9743,49.83329],[23.97342,49.83228],[23.97321,49.83073],[23.97363,49.82952],[23.97461,49.82854],[23.97591,49.82786],[24.00473,49.81905],[24.00751,49.81759],[24.01312,49.81368],[24.01551,49.81254],[24.02115,49.81133],[24.03363,49.80915],[24.0548,49.80512],[24.05773,49.80413],[24.06646,49.8004],[24.06828,49.7994],[24.07013,49.798],[24.07168,49.7962],[24.07295,49.79326],[24.07407,49.78801],[24.07439,49.78713],[24.07632,49.7843],[24.07748,49.78316],[24.08808,49.77752],[24.09245,49.77444],[24.09511,49.77279],[24.09726,49.77176],[24.10174,49.77006],[24.10372,49.76897],[24.10727,49.76582],[24.11708,49.75967],[24.11881,49.75797],[24.12075,49.75518],[24.12204,49.754],[24.13249,49.74766],[24.13403,49.74685],[24.13608,49.74608],[24.1434,49.74451],[24.14539,49.74389],[24.14783,49.74268],[24.1579,49.73633],[24.16029,49.73451],[24.17299,49.72329],[24.18506,49.71486],[24.19052,49.71145],[24.19235,49.70989],[24.1933,49.70868],[24.19537,49.70534],[24.19574,49.70438],[24.1958,49.70317],[24.19549,49.70223],[24.19465,49.70115],[24.18773,49.69514],[24.18628,49.69346],[24.18584,49.69259],[24.1853,49.67855],[24.18569,49.67719],[24.18678,49.67589],[24.18857,49.67483],[24.19056,49.67427],[24.20262,49.67329],[24.20467,49.67325],[24.21613,49.67372],[24.21847,49.67363],[24.22009,49.6733],[24.22183,49.6726],[24.22335,49.6715],[24.22414,49.67051],[24.22458,49.66948],[24.22471,49.66827],[24.22216,49.63841],[24.22233,49.63733],[24.22342,49.63438],[24.22698,49.62703],[24.22754,49.62552],[24.22771,49.62382],[24.22717,49.61511],[24.22728,49.6126],[24.2278,49.61083],[24.23056,49.6045],[24.23083,49.60277],[24.23045,49.60085],[24.22956,49.59916],[24.21923,49.58657],[24.21808,49.58476],[24.21739,49.58263],[24.21692,49.5783],[24.21631,49.5759],[24.21309,49.56945],[24.21243,49.56734],[24.21238,49.56628],[24.21274,49.56494],[24.22161,49.54242],[24.22207,49.54044],[24.22234,49.5339],[24.22202,49.53201],[24.22138,49.53074],[24.21508,49.52344],[24.2142,49.52193],[24.21347,49.51997],[24.2132,49.51864],[24.21317,49.51745],[24.21387,49.50501],[24.21408,49.50372],[24.21456,49.50224],[24.21554,49.50062],[24.22276,49.49212],[24.22457,49.48889],[24.23003,49.47817],[24.23085,49.47691],[24.2322,49.47532],[24.23457,49.47333],[24.23771,49.4715],[24.24925,49.46702],[24.25167,49.46585],[24.25447,49.46404],[24.26582,49.45546],[24.26688,49.45445],[24.26817,49.45284],[24.27606,49.44076],[24.27752,49.43892],[24.30324,49.41488],[24.30505,49.4129],[24.30867,49.40833],[24.30928,49.40494],[24.30926,49.40281],[24.30882,49.40124],[24.30783,49.39925],[24.30632,49.39737],[24.29289,49.38551],[24.29202,49.38454],[24.29082,49.3823],[24.28829,49.37603],[24.28655,49.36897],[24.28663,49.36185],[24.28687,49.36057],[24.29328,49.34724],[24.29421,49.34575],[24.29508,49.34485],[24.29682,49.3436],[24.29864,49.3427],[24.33544,49.32629],[24.37817,49.31219],[24.41086,49.29886],[24.43922,49.29184],[24.44312,49.29059],[24.44535,49.28936],[24.44748,49.28761],[24.44892,49.28572],[24.45231,49.28023],[24.45397,49.27863],[24.45618,49.27746],[24.4875,49.26425],[24.49141,49.26247],[24.49345,49.26111],[24.50199,49.25337],[24.50358,49.25237],[24.50594,49.25131],[24.50819,49.25063],[24.51002,49.25027],[24.53196,49.24779],[24.57027,49.23998],[24.58745,49.23701],[24.60389,49.23309],[24.60614,49.23232],[24.61043,49.23029],[24.61265,49.22955],[24.61545,49.22903],[24.62982,49.22724],[24.63338,49.22624],[24.636,49.22515],[24.63831,49.22382],[24.66355,49.20595],[24.6932,49.17798],[24.69607,49.17619],[24.70248,49.17316],[24.70457,49.17172],[24.70551,49.17065],[24.72768,49.1406],[24.72888,49.13937],[24.73102,49.13805],[24.74661,49.13128],[24.74863,49.13071],[24.76287,49.12798],[24.76519,49.12714],[24.7671,49.12597],[24.7686,49.1244],[24.79553,49.09186],[24.79725,49.08926],[24.80088,49.08227],[24.80147,49.08034],[24.80134,49.0785],[24.80096,49.07738],[24.7933,49.06229],[24.78623,49.04913],[24.78527,49.04785],[24.78375,49.04653],[24.78112,49.04521],[24.75557,49.03775],[24.75027,49.03573],[24.74637,49.03383],[24.72389,49.02126],[24.72103,49.01907],[24.71909,49.01705],[24.71834,49.01599],[24.71755,49.01472],[24.71031,48.99962],[24.70976,48.99805],[24.70947,48.99661],[24.7095,48.99414],[24.71201,48.98027],[24.7138,48.96882],[24.71359,48.96536],[24.71167,48.95706],[24.71155,48.95516],[24.71173,48.95394],[24.71382,48.94863],[24.71491,48.94538],[24.71709,48.94106],[24.72349,48.92577]]}},{"type":"Feature","properties":{"name":"2019_Bologna -> Pompei (596.8km)","mode":"train","distance_km":"596.5"},"geometry":{"type":"LineString","coordinates":[[11.34335,44.50605],[11.3494,44.50505],[11.35373,44.50399],[11.37102,44.4969],[11.37249,44.4961],[11.37354,44.4953],[11.3751,44.49342],[11.37582,44.49151],[11.37646,44.47688],[11.37646,44.47461],[11.37614,44.47199],[11.37557,44.46974],[11.37457,44.46697],[11.37415,44.46512],[11.37387,44.45925],[11.37314,44.4558],[11.37106,44.44987],[11.36944,44.44696],[11.3673,44.44402],[11.36606,44.44189],[11.3627,44.43431],[11.36184,44.43202],[11.36134,44.42983],[11.36102,44.42741],[11.36093,44.41962],[11.3603,44.41524],[11.35876,44.41044],[11.35547,44.40329],[11.3529,44.39622],[11.35184,44.39225],[11.3509,44.38784],[11.34971,44.38075],[11.34949,44.37789],[11.34941,44.37239],[11.34988,44.36698],[11.35162,44.35546],[11.35609,44.33177],[11.35662,44.32772],[11.35681,44.32478],[11.35656,44.31967],[11.35046,44.28209],[11.35018,44.27945],[11.35015,44.2768],[11.35045,44.27321],[11.3514,44.26757],[11.35261,44.26218],[11.35982,44.23195],[11.36072,44.2294],[11.36213,44.22612],[11.36388,44.22273],[11.36583,44.21951],[11.36727,44.21761],[11.37125,44.21341],[11.40015,44.1895],[11.40384,44.18613],[11.40591,44.18396],[11.40762,44.18201],[11.42697,44.1566],[11.4298,44.15196],[11.43144,44.14892],[11.43319,44.14507],[11.43429,44.14174],[11.43517,44.13753],[11.43553,44.13304],[11.4354,44.12916],[11.43487,44.1242],[11.4341,44.11958],[11.42911,44.09498],[11.4279,44.09022],[11.41396,44.04589],[11.41172,44.04074],[11.41044,44.03823],[11.40776,44.03389],[11.40308,44.02817],[11.37891,44.00097],[11.36964,43.99009],[11.35702,43.97581],[11.35127,43.96979],[11.34805,43.9671],[11.34436,43.96435],[11.32775,43.95344],[11.32006,43.94911],[11.30815,43.94314],[11.30375,43.94073],[11.2969,43.93647],[11.29134,43.93222],[11.28867,43.92971],[11.27899,43.91959],[11.27174,43.91134],[11.26886,43.90778],[11.26676,43.90491],[11.26467,43.90148],[11.26294,43.89802],[11.25516,43.8788],[11.2477,43.86138],[11.24517,43.85683],[11.24338,43.85422],[11.24105,43.85155],[11.236,43.84695],[11.2119,43.82894],[11.21099,43.828],[11.21065,43.82734],[11.21046,43.82583],[11.21066,43.82503],[11.21126,43.82407],[11.21208,43.82334],[11.21665,43.8209],[11.21851,43.81973],[11.22839,43.81172],[11.23005,43.80965],[11.23501,43.80178],[11.23862,43.79684],[11.24268,43.78871],[11.24319,43.78808],[11.24409,43.78746],[11.2456,43.78697],[11.24714,43.78688],[11.26286,43.78934],[11.26407,43.78932],[11.26532,43.78894],[11.2664,43.78816],[11.27544,43.77881],[11.28034,43.77361],[11.28193,43.77173],[11.28319,43.77076],[11.28508,43.77002],[11.30341,43.76818],[11.30523,43.76827],[11.31108,43.76908],[11.31522,43.7692],[11.32257,43.76929],[11.32408,43.76905],[11.32543,43.76855],[11.32944,43.76611],[11.33129,43.76455],[11.33283,43.76249],[11.33788,43.75439],[11.3398,43.75218],[11.37522,43.72307],[11.37768,43.72126],[11.38728,43.71557],[11.39134,43.71363],[11.42881,43.69828],[11.4341,43.69514],[11.4382,43.69248],[11.44188,43.68959],[11.44304,43.68849],[11.4442,43.6871],[11.44635,43.68363],[11.44723,43.68197],[11.45066,43.67357],[11.45235,43.67034],[11.45421,43.66691],[11.45812,43.66137],[11.45953,43.65884],[11.46097,43.6551],[11.46533,43.64205],[11.46633,43.63985],[11.46776,43.63745],[11.47052,43.63405],[11.48374,43.62174],[11.50124,43.60205],[11.51676,43.58786],[11.52113,43.58464],[11.53028,43.57956],[11.53573,43.57617],[11.53957,43.57311],[11.54213,43.57064],[11.54557,43.56699],[11.55464,43.55896],[11.565,43.55158],[11.57194,43.54561],[11.57831,43.54119],[11.58194,43.53949],[11.58475,43.53846],[11.5881,43.53727],[11.59324,43.53587],[11.59651,43.53522],[11.60136,43.53458],[11.61431,43.53353],[11.62229,43.53269],[11.6264,43.53193],[11.63037,43.53082],[11.65814,43.52404],[11.66589,43.52233],[11.66867,43.5219],[11.70845,43.51753],[11.73021,43.51608],[11.73537,43.51524],[11.74197,43.51349],[11.74559,43.51219],[11.74906,43.51066],[11.76808,43.50136],[11.77257,43.49878],[11.77628,43.49604],[11.77862,43.49397],[11.78209,43.49029],[11.80364,43.46513],[11.80821,43.45937],[11.81513,43.44715],[11.82584,43.4235],[11.84523,43.38566],[11.8469,43.38208],[11.85339,43.36321],[11.85456,43.36007],[11.85584,43.35727],[11.87035,43.33379],[11.87178,43.33049],[11.8725,43.32827],[11.8731,43.32541],[11.87341,43.32276],[11.87329,43.31891],[11.87058,43.3025],[11.87031,43.29947],[11.87031,43.29742],[11.87135,43.27962],[11.87235,43.27431],[11.8768,43.25454],[11.87778,43.25139],[11.87936,43.24782],[11.88487,43.23966],[11.88682,43.23592],[11.88775,43.23348],[11.88849,43.23095],[11.88902,43.22742],[11.88908,43.22427],[11.88882,43.2213],[11.88826,43.21857],[11.88614,43.21158],[11.88578,43.20979],[11.88547,43.20651],[11.88553,43.20255],[11.88576,43.20068],[11.8871,43.19642],[11.88905,43.19221],[11.89189,43.18684],[11.89313,43.18359],[11.89379,43.18112],[11.89432,43.17768],[11.89437,43.17402],[11.89414,43.17177],[11.89096,43.14603],[11.88983,43.13625],[11.88977,43.13413],[11.89049,43.11372],[11.89085,43.10792],[11.8911,43.10612],[11.89175,43.10341],[11.8958,43.08855],[11.89654,43.08635],[11.89904,43.08059],[11.90035,43.07807],[11.90198,43.07545],[11.90497,43.07175],[11.90665,43.07005],[11.91181,43.06549],[11.91481,43.06241],[11.91755,43.05888],[11.92027,43.05419],[11.92177,43.05031],[11.92868,43.02424],[11.93014,43.01964],[11.93178,43.01657],[11.93423,43.01382],[11.94221,43.00732],[11.9442,43.00551],[11.94616,43.00344],[11.94874,42.99966],[11.95567,42.98419],[11.95783,42.97887],[11.95869,42.97569],[11.96212,42.95851],[11.96264,42.95671],[11.97359,42.92999],[11.97484,42.92747],[11.97611,42.92538],[11.99099,42.90178],[11.99432,42.89607],[11.99552,42.89238],[11.99858,42.87672],[11.99979,42.87167],[12.01122,42.84567],[12.01188,42.84343],[12.01219,42.84112],[12.01207,42.83894],[12.01177,42.83752],[12.01011,42.83209],[12.00852,42.82785],[12.00791,42.82521],[12.00773,42.82231],[12.00799,42.81931],[12.00866,42.81646],[12.00983,42.81357],[12.01116,42.81096],[12.01979,42.79988],[12.02545,42.79442],[12.02751,42.79198],[12.02935,42.78911],[12.03432,42.77877],[12.03602,42.77608],[12.03785,42.77381],[12.03938,42.77225],[12.04111,42.77077],[12.05177,42.763],[12.05619,42.76019],[12.06501,42.75579],[12.07371,42.75022],[12.08446,42.74362],[12.08746,42.74188],[12.08992,42.74069],[12.13481,42.72288],[12.1381,42.72143],[12.14153,42.71948],[12.14492,42.71699],[12.1505,42.71164],[12.15597,42.70723],[12.15891,42.70458],[12.22139,42.63039],[12.22396,42.62671],[12.22551,42.62342],[12.25252,42.54707],[12.25339,42.54413],[12.25428,42.53936],[12.25489,42.53695],[12.25685,42.53233],[12.259,42.52923],[12.26207,42.52594],[12.26356,42.52464],[12.2668,42.52238],[12.28574,42.51224],[12.28809,42.51091],[12.29395,42.5071],[12.30141,42.50317],[12.30617,42.50002],[12.3112,42.49588],[12.31507,42.49312],[12.32055,42.48982],[12.33167,42.48357],[12.33423,42.48198],[12.33678,42.48007],[12.34655,42.47128],[12.35526,42.46534],[12.38407,42.44034],[12.41652,42.40797],[12.41896,42.40477],[12.42817,42.39478],[12.43331,42.3881],[12.43554,42.38583],[12.44375,42.37823],[12.44678,42.37459],[12.44879,42.37112],[12.4499,42.36819],[12.45047,42.36586],[12.45122,42.35959],[12.4522,42.35585],[12.45356,42.35277],[12.45546,42.34902],[12.45616,42.34715],[12.45763,42.34201],[12.45917,42.33853],[12.46268,42.33275],[12.46435,42.33049],[12.46622,42.32841],[12.47456,42.32008],[12.47654,42.31766],[12.47808,42.31522],[12.48181,42.30806],[12.48386,42.305],[12.48789,42.30057],[12.49897,42.28942],[12.50182,42.28674],[12.50362,42.28531],[12.50672,42.28335],[12.51544,42.27901],[12.51875,42.27721],[12.52121,42.27551],[12.52306,42.27382],[12.52624,42.26874],[12.52827,42.26244],[12.52853,42.2611],[12.52871,42.25773],[12.52816,42.24965],[12.52694,42.24375],[12.52441,42.23403],[12.52226,42.22284],[12.5221,42.21922],[12.52355,42.20988],[12.52921,42.19018],[12.53394,42.1756],[12.53724,42.16729],[12.5452,42.15467],[12.54812,42.14903],[12.54905,42.14661],[12.55111,42.13955],[12.55183,42.13605],[12.55183,42.13454],[12.5515,42.13169],[12.5515,42.12786],[12.55297,42.11874],[12.55306,42.11485],[12.55268,42.11241],[12.55157,42.10861],[12.54795,42.10061],[12.54242,42.09189],[12.54125,42.08977],[12.53152,42.06622],[12.53075,42.06343],[12.53067,42.06233],[12.53036,42.04097],[12.52923,42.03385],[12.52856,42.03152],[12.52736,42.02878],[12.52315,42.02186],[12.52205,42.0196],[12.5214,42.01785],[12.52078,42.01555],[12.52044,42.01338],[12.51986,42.00275],[12.51941,41.99783],[12.51909,41.99634],[12.51839,41.99482],[12.51559,41.9907],[12.50932,41.98467],[12.50883,41.98378],[12.50856,41.98258],[12.50845,41.97491],[12.5097,41.96701],[12.51052,41.95955],[12.51,41.94944],[12.51055,41.94465],[12.51121,41.94341],[12.51261,41.9418],[12.5182,41.93868],[12.51918,41.93799],[12.51999,41.93703],[12.52106,41.93484],[12.52184,41.93382],[12.52659,41.93044],[12.52777,41.92908],[12.52817,41.92804],[12.52821,41.92687],[12.52689,41.92275],[12.5268,41.92204],[12.5274,41.91832],[12.52814,41.91594],[12.53288,41.90783],[12.53322,41.90632],[12.53315,41.90474],[12.53267,41.90354],[12.53111,41.90096],[12.52884,41.89787],[12.5281,41.89627],[12.52687,41.89485],[12.52581,41.8941],[12.52466,41.89363],[12.51963,41.8926],[12.51713,41.89252],[12.51523,41.89307],[12.50246,41.9007],[12.50781,41.89758],[12.51051,41.89572],[12.51529,41.89288],[12.51702,41.89239],[12.51921,41.8924],[12.52459,41.89341],[12.52754,41.89434],[12.53276,41.89506],[12.53932,41.89629],[12.54819,41.89824],[12.55425,41.89917],[12.63039,41.91408],[12.63319,41.91448],[12.6592,41.91696],[12.66311,41.91776],[12.67684,41.92129],[12.68255,41.92233],[12.68568,41.92265],[12.68979,41.92283],[12.69342,41.92275],[12.69686,41.92248],[12.70312,41.92146],[12.70945,41.91967],[12.7134,41.91812],[12.71606,41.91685],[12.71926,41.91503],[12.72216,41.91306],[12.72461,41.91111],[12.72914,41.90701],[12.73523,41.90071],[12.73836,41.89787],[12.7425,41.89481],[12.75268,41.88809],[12.75584,41.88551],[12.75843,41.88296],[12.76153,41.87914],[12.76395,41.8751],[12.78314,41.83513],[12.78468,41.8322],[12.78577,41.8305],[12.78792,41.82793],[12.79275,41.82319],[12.80659,41.81137],[12.828,41.79246],[12.82999,41.79125],[12.8324,41.79008],[12.85291,41.77903],[12.85866,41.77635],[12.86416,41.77431],[12.88905,41.76602],[12.89675,41.76376],[12.90092,41.76288],[12.90586,41.76209],[12.91699,41.76097],[12.92128,41.76039],[12.95217,41.75449],[12.97997,41.74952],[12.98392,41.749],[12.98858,41.74862],[13.00235,41.74841],[13.00563,41.74821],[13.01478,41.74679],[13.02004,41.74556],[13.02448,41.74425],[13.02877,41.74277],[13.03295,41.7411],[13.04022,41.73762],[13.04536,41.73466],[13.05805,41.72628],[13.06196,41.72415],[13.06696,41.72183],[13.12168,41.6979],[13.12683,41.69605],[13.13806,41.69255],[13.16554,41.68213],[13.17143,41.6796],[13.17669,41.67684],[13.1815,41.67388],[13.18861,41.66889],[13.19312,41.6662],[13.19762,41.66393],[13.22826,41.65008],[13.23593,41.64583],[13.24057,41.64278],[13.24393,41.6403],[13.249,41.63608],[13.25166,41.63349],[13.25335,41.63172],[13.25749,41.62647],[13.25927,41.62364],[13.2608,41.62078],[13.26665,41.60809],[13.26932,41.60284],[13.27125,41.60042],[13.27554,41.59563],[13.28405,41.58788],[13.287,41.58492],[13.29673,41.57274],[13.30331,41.56582],[13.30791,41.56195],[13.31361,41.55768],[13.31934,41.55398],[13.3238,41.55145],[13.34155,41.54224],[13.3455,41.54024],[13.34983,41.53836],[13.35418,41.53678],[13.35762,41.53573],[13.36559,41.53389],[13.37122,41.5331],[13.38633,41.5316],[13.39369,41.53032],[13.39881,41.529],[13.41283,41.52446],[13.41996,41.52265],[13.44063,41.51943],[13.44678,41.51873],[13.44926,41.51859],[13.45735,41.5186],[13.47557,41.51942],[13.49668,41.51993],[13.50177,41.5203],[13.50612,41.52085],[13.52018,41.52331],[13.53362,41.52477],[13.5494,41.52808],[13.55413,41.52875],[13.55805,41.5291],[13.56288,41.52929],[13.5694,41.52913],[13.57569,41.52849],[13.58253,41.52728],[13.58873,41.52565],[13.59306,41.52418],[13.61979,41.51352],[13.62526,41.5109],[13.63725,41.50424],[13.64185,41.50187],[13.64728,41.49941],[13.65307,41.49713],[13.65843,41.49535],[13.66351,41.49389],[13.68332,41.48904],[13.69627,41.48632],[13.70106,41.48494],[13.70484,41.48362],[13.70954,41.48164],[13.72637,41.47378],[13.73689,41.46929],[13.74609,41.46593],[13.75933,41.46186],[13.76597,41.45935],[13.77076,41.45718],[13.78979,41.44747],[13.79976,41.44338],[13.80556,41.44135],[13.81192,41.43965],[13.82464,41.43708],[13.83254,41.43562],[13.84942,41.43329],[13.87024,41.42873],[13.87631,41.42763],[13.88647,41.42647],[13.90526,41.4254],[13.91125,41.42461],[13.91731,41.42339],[13.92186,41.4222],[13.92723,41.42043],[13.96599,41.40542],[13.97331,41.40156],[13.97735,41.39903],[13.98067,41.39668],[13.99296,41.3865],[14.03586,41.35492],[14.04652,41.34685],[14.05625,41.34052],[14.0686,41.33183],[14.07168,41.32935],[14.07636,41.32512],[14.07912,41.32231],[14.08218,41.3186],[14.08495,41.31444],[14.08748,41.30944],[14.08846,41.30691],[14.0898,41.30258],[14.09036,41.29864],[14.09061,41.2957],[14.09109,41.27157],[14.09093,41.26013],[14.09153,41.24387],[14.09073,41.23231],[14.09077,41.22838],[14.09141,41.22366],[14.09215,41.22055],[14.0941,41.21517],[14.09574,41.21156],[14.09656,41.21011],[14.09858,41.20738],[14.10282,41.20219],[14.1059,41.19918],[14.1096,41.19607],[14.12396,41.18475],[14.12795,41.1812],[14.13056,41.17858],[14.13392,41.17479],[14.13705,41.17074],[14.14762,41.15473],[14.1498,41.15097],[14.15114,41.14813],[14.15211,41.14559],[14.15304,41.14253],[14.15392,41.1381],[14.15488,41.12597],[14.15545,41.12287],[14.15625,41.11985],[14.15807,41.1151],[14.16008,41.11117],[14.1618,41.10845],[14.16417,41.10526],[14.168,41.10104],[14.18009,41.09021],[14.18396,41.08616],[14.22221,41.0382],[14.22606,41.0338],[14.22995,41.0302],[14.23387,41.02713],[14.2377,41.02463],[14.25063,41.01689],[14.2521,41.01556],[14.25277,41.01454],[14.25399,41.01215],[14.25432,41.01074],[14.254,41.00903],[14.25292,41.00748],[14.24689,41.00262],[14.2206,40.98337],[14.21939,40.9824],[14.21837,40.98119],[14.21783,40.98021],[14.2175,40.97919],[14.21738,40.97825],[14.21746,40.97719],[14.21793,40.97458],[14.22008,40.96703],[14.22075,40.96525],[14.22195,40.96364],[14.22361,40.96232],[14.26016,40.942],[14.26405,40.93966],[14.26639,40.93775],[14.28807,40.91389],[14.29053,40.91137],[14.29179,40.91049],[14.29386,40.90947],[14.30091,40.90692],[14.3098,40.90411],[14.31158,40.90332],[14.31316,40.90233],[14.31444,40.90114],[14.31527,40.9001],[14.31619,40.89843],[14.31677,40.89623],[14.3168,40.89431],[14.31652,40.89284],[14.31469,40.88732],[14.31412,40.88603],[14.31319,40.88448],[14.31206,40.88324],[14.31033,40.88182],[14.30235,40.87589],[14.29904,40.87237],[14.29547,40.86671],[14.29512,40.86586],[14.29505,40.86493],[14.296,40.86001],[14.29572,40.85889],[14.29498,40.85784],[14.29407,40.85713],[14.29046,40.85523],[14.28834,40.85446],[14.28086,40.85361],[14.27751,40.85351],[14.27341,40.85311],[14.27751,40.85351],[14.28361,40.85367],[14.28889,40.85408],[14.29414,40.85303],[14.29558,40.85241],[14.29628,40.85177],[14.29667,40.85112],[14.29689,40.84939],[14.29669,40.84843],[14.29525,40.84591],[14.29408,40.84284],[14.29404,40.8422],[14.29422,40.84136],[14.29517,40.84004],[14.332,40.8145],[14.33338,40.81323],[14.33457,40.81186],[14.33692,40.80805],[14.33854,40.80606],[14.34738,40.79847],[14.35005,40.79541],[14.35142,40.79419],[14.3536,40.79292],[14.35822,40.79138],[14.3603,40.79027],[14.36228,40.78862],[14.36641,40.78392],[14.3675,40.78291],[14.37246,40.77968],[14.37769,40.77534],[14.40704,40.75583],[14.4099,40.75417],[14.41241,40.75318],[14.41467,40.75262],[14.41764,40.75224],[14.42023,40.75223],[14.42362,40.75264],[14.43859,40.75596],[14.44033,40.75613],[14.44231,40.75608],[14.44498,40.75561],[14.44743,40.7547],[14.45508,40.75017],[14.45896,40.74845],[14.46601,40.74665],[14.47013,40.74584],[14.47184,40.74575],[14.50109,40.74588]]}},{"type":"Feature","properties":{"name":"2019_Gatwick -> Luton (94.7km)","mode":"train","distance_km":"94.6"},"geometry":{"type":"LineString","coordinates":[[-0.16102,51.15674],[-0.16089,51.16044],[-0.16109,51.16881],[-0.16093,51.17057],[-0.1609,51.1813],[-0.16093,51.19153],[-0.16112,51.19585],[-0.16153,51.19869],[-0.16228,51.20179],[-0.16257,51.20371],[-0.16455,51.21055],[-0.16657,51.2152],[-0.16942,51.22043],[-0.17014,51.22243],[-0.17046,51.22437],[-0.17054,51.22847],[-0.17004,51.23145],[-0.16923,51.2338],[-0.16863,51.23499],[-0.15613,51.25509],[-0.15153,51.26088],[-0.15079,51.26224],[-0.15018,51.26386],[-0.1498,51.26608],[-0.14994,51.26781],[-0.15127,51.27355],[-0.15418,51.2885],[-0.15398,51.29128],[-0.15309,51.29418],[-0.1508,51.29914],[-0.14428,51.30927],[-0.14237,51.31147],[-0.13848,51.31496],[-0.13542,51.31904],[-0.13349,51.32125],[-0.12258,51.3309],[-0.11871,51.33407],[-0.1149,51.33681],[-0.10905,51.34053],[-0.10127,51.34508],[-0.09821,51.34761],[-0.09639,51.34958],[-0.09543,51.35106],[-0.09481,51.35234],[-0.0943,51.35377],[-0.09396,51.35552],[-0.09257,51.37612],[-0.0922,51.37795],[-0.09155,51.37961],[-0.09,51.38202],[-0.08696,51.38559],[-0.08604,51.38629],[-0.08241,51.38846],[-0.07933,51.39104],[-0.07756,51.39278],[-0.0764,51.39434],[-0.07362,51.39916],[-0.07067,51.40497],[-0.07072,51.40579],[-0.07101,51.40641],[-0.07295,51.40831],[-0.07343,51.4091],[-0.07368,51.4099],[-0.07372,51.41089],[-0.0735,51.41169],[-0.07197,51.41521],[-0.07175,51.41606],[-0.07195,51.41689],[-0.07326,51.41832],[-0.07783,51.42048],[-0.08087,51.423],[-0.08208,51.42374],[-0.08987,51.42651],[-0.09492,51.42766],[-0.09587,51.42809],[-0.09939,51.43027],[-0.10422,51.43192],[-0.10501,51.43243],[-0.10591,51.43336],[-0.10776,51.43624],[-0.10779,51.43699],[-0.10734,51.43787],[-0.1041,51.44054],[-0.10364,51.44115],[-0.10357,51.44222],[-0.10438,51.44449],[-0.10419,51.44565],[-0.10345,51.44666],[-0.10103,51.44851],[-0.1005,51.44923],[-0.10027,51.4499],[-0.10026,51.4508],[-0.10049,51.45149],[-0.10294,51.45463],[-0.10373,51.45635],[-0.10359,51.45814],[-0.10229,51.46173],[-0.10193,51.46321],[-0.10186,51.46442],[-0.10223,51.46784],[-0.10192,51.46952],[-0.10131,51.47076],[-0.10036,51.47186],[-0.09666,51.47498],[-0.09585,51.47629],[-0.09546,51.47789],[-0.0958,51.48406],[-0.096,51.48542],[-0.0971,51.4877],[-0.09882,51.49028],[-0.09924,51.49152],[-0.09921,51.49271],[-0.09849,51.49535],[-0.09863,51.49686],[-0.10022,51.49964],[-0.10091,51.50151],[-0.1018,51.50301],[-0.1023,51.50453],[-0.10355,51.50678],[-0.10336,51.51075],[-0.10355,51.50678],[-0.1023,51.50453],[-0.10319,51.50609],[-0.10349,51.50699],[-0.10324,51.50866],[-0.10317,51.51073],[-0.10357,51.51298],[-0.10366,51.51667],[-0.10407,51.51845],[-0.10458,51.51976],[-0.10631,51.52181],[-0.10809,51.52354],[-0.11443,51.52768],[-0.11832,51.52994],[-0.12063,51.5307],[-0.1224,51.53069],[-0.12401,51.53037],[-0.1251,51.53036],[-0.12612,51.53054],[-0.12686,51.53099],[-0.12769,51.53252],[-0.12887,51.53593],[-0.12965,51.5395],[-0.13026,51.54063],[-0.13086,51.54231],[-0.13148,51.54338],[-0.13533,51.54775],[-0.13752,51.54933],[-0.13954,51.5504],[-0.14251,51.55147],[-0.14653,51.55232],[-0.14955,51.55265],[-0.1531,51.55275],[-0.16561,51.5517],[-0.18078,51.54907],[-0.18562,51.54842],[-0.19065,51.54841],[-0.19376,51.54859],[-0.19701,51.54903],[-0.19938,51.54959],[-0.20323,51.55093],[-0.20558,51.5521],[-0.20709,51.55306],[-0.20897,51.55459],[-0.21332,51.5592],[-0.23447,51.57466],[-0.23588,51.57582],[-0.23704,51.57705],[-0.23805,51.57859],[-0.23876,51.5802],[-0.23919,51.58167],[-0.23936,51.58299],[-0.23926,51.58512],[-0.23902,51.58604],[-0.2376,51.5905],[-0.23635,51.59277],[-0.23608,51.59424],[-0.23625,51.59627],[-0.23689,51.59869],[-0.23747,51.60011],[-0.23837,51.60165],[-0.23912,51.60262],[-0.24771,51.61163],[-0.26509,51.62955],[-0.27053,51.63683],[-0.27673,51.6482],[-0.27916,51.65194],[-0.28035,51.65349],[-0.28339,51.65637],[-0.30967,51.67823],[-0.31462,51.68255],[-0.31604,51.68412],[-0.31834,51.68735],[-0.32384,51.69662],[-0.32517,51.69993],[-0.32553,51.70245],[-0.32542,51.70499],[-0.31916,51.73156],[-0.31887,51.73404],[-0.3192,51.73626],[-0.32002,51.73836],[-0.3213,51.74027],[-0.32477,51.74372],[-0.32624,51.74571],[-0.3272,51.74753],[-0.32763,51.74951],[-0.32733,51.75178],[-0.32629,51.75442],[-0.32293,51.75893],[-0.32214,51.76072],[-0.32166,51.76264],[-0.32167,51.76479],[-0.32264,51.77312],[-0.3231,51.77512],[-0.32386,51.77728],[-0.3251,51.77979],[-0.32614,51.78145],[-0.3543,51.81839],[-0.35519,51.8203],[-0.35565,51.82207],[-0.35576,51.8239],[-0.35535,51.82789],[-0.35573,51.83011],[-0.35631,51.83163],[-0.35728,51.83326],[-0.35861,51.83491],[-0.36288,51.83859],[-0.36473,51.84065],[-0.36599,51.84279],[-0.3672,51.84649],[-0.36857,51.84882],[-0.36947,51.84992],[-0.37102,51.85137],[-0.38307,51.86068],[-0.38466,51.86265],[-0.38639,51.8662],[-0.38797,51.86791],[-0.38996,51.86931],[-0.3939,51.87128],[-0.39627,51.87286]]}},{"type":"Feature","properties":{"name":"2019_Naples -> Rome (214km)","mode":"train","distance_km":"213.7"},"geometry":{"type":"LineString","coordinates":[[14.27304,40.85307],[14.27751,40.85351],[14.27984,40.85354],[14.28834,40.85446],[14.29015,40.85507],[14.29369,40.85691],[14.29449,40.85741],[14.29532,40.85822],[14.29584,40.85918],[14.29601,40.86017],[14.29507,40.86475],[14.29512,40.86586],[14.29547,40.86671],[14.29664,40.8684],[14.29876,40.87197],[14.29992,40.87337],[14.30291,40.8764],[14.30954,40.8812],[14.31228,40.88345],[14.31361,40.88509],[14.31469,40.88732],[14.31652,40.89284],[14.3168,40.89431],[14.31682,40.89578],[14.3165,40.89755],[14.31562,40.89956],[14.31467,40.90088],[14.31316,40.90233],[14.31158,40.90332],[14.3098,40.90411],[14.30091,40.90692],[14.29523,40.90896],[14.29294,40.90987],[14.29129,40.91081],[14.28944,40.9124],[14.26639,40.93775],[14.26405,40.93966],[14.26016,40.942],[14.22403,40.96207],[14.2226,40.96303],[14.22133,40.96437],[14.22037,40.96612],[14.21717,40.97728],[14.21654,40.97874],[14.21591,40.97972],[14.21471,40.98103],[14.21307,40.98227],[14.20652,40.98558],[14.20389,40.98628],[14.15181,40.99575],[14.1226,40.99607],[14.0801,40.99344],[14.07854,40.99357],[14.07656,40.99404],[14.07515,40.99461],[14.07389,40.99536],[14.07281,40.99626],[14.07191,40.9973],[14.06845,41.00278],[14.05718,41.02439],[14.02349,41.07076],[13.9893,41.11003],[13.96822,41.12612],[13.84751,41.21722],[13.84538,41.21865],[13.8434,41.21971],[13.7944,41.24086],[13.79112,41.242],[13.76949,41.24788],[13.75023,41.25161],[13.73675,41.25544],[13.72881,41.257],[13.71854,41.25771],[13.70727,41.2593],[13.7017,41.25944],[13.69954,41.25967],[13.69748,41.2602],[13.68698,41.26407],[13.68354,41.26484],[13.68116,41.26506],[13.67871,41.26504],[13.6653,41.26354],[13.65286,41.26268],[13.65046,41.26294],[13.64413,41.26472],[13.64153,41.26504],[13.62005,41.26546],[13.61687,41.26484],[13.61522,41.26417],[13.60743,41.25954],[13.60305,41.25724],[13.60161,41.2568],[13.59079,41.25478],[13.58665,41.25427],[13.58288,41.25357],[13.58095,41.25353],[13.57843,41.25392],[13.57404,41.25539],[13.56851,41.25612],[13.56676,41.25652],[13.56484,41.2573],[13.56373,41.258],[13.56052,41.26105],[13.55902,41.26214],[13.55299,41.26468],[13.5515,41.26546],[13.54989,41.2668],[13.54644,41.27014],[13.54111,41.27637],[13.54026,41.27716],[13.47937,41.32091],[13.47466,41.32398],[13.47269,41.32492],[13.47084,41.32548],[13.46912,41.32576],[13.46359,41.32618],[13.46166,41.32666],[13.45961,41.32762],[13.45541,41.33039],[13.44708,41.33438],[13.44541,41.33494],[13.42809,41.33696],[13.37046,41.34875],[13.36772,41.34908],[13.36542,41.34898],[13.35772,41.34785],[13.34375,41.34525],[13.34218,41.34476],[13.34047,41.34399],[13.33172,41.33776],[13.32987,41.33676],[13.32737,41.33607],[13.32524,41.33591],[13.32314,41.33615],[13.32116,41.33669],[13.3187,41.33801],[13.30202,41.35049],[13.28596,41.35872],[13.20993,41.40096],[13.20876,41.40191],[13.20756,41.40343],[13.20568,41.40808],[13.2034,41.41218],[13.20214,41.41393],[13.20085,41.41539],[13.19988,41.41629],[13.19867,41.4171],[13.18245,41.42344],[13.16572,41.42963],[13.15328,41.43496],[13.15088,41.43621],[13.14989,41.43693],[13.14834,41.43859],[13.1455,41.44314],[13.14403,41.44456],[13.1285,41.45358],[13.11397,41.46523],[13.09504,41.47754],[13.09337,41.47845],[13.09022,41.47945],[13.07792,41.48134],[13.0753,41.48188],[13.04857,41.49014],[13.04562,41.49129],[13.04382,41.49221],[13.03306,41.49892],[13.03045,41.50011],[13.02837,41.50057],[13.02204,41.50127],[13.00696,41.50464],[13.00398,41.50557],[13.00264,41.50622],[12.96454,41.53042],[12.96116,41.53225],[12.92232,41.54781],[12.86046,41.57364],[12.83122,41.58521],[12.79624,41.59785],[12.68075,41.63681],[12.67765,41.63762],[12.67456,41.63807],[12.66116,41.63842],[12.65899,41.63858],[12.65674,41.63898],[12.653,41.64022],[12.64376,41.64459],[12.6368,41.64727],[12.63449,41.64842],[12.63223,41.64996],[12.62513,41.65561],[12.62366,41.65709],[12.61879,41.66283],[12.61569,41.66576],[12.60976,41.67031],[12.58079,41.69553],[12.57937,41.69691],[12.57831,41.6982],[12.57698,41.70023],[12.56748,41.71686],[12.56647,41.71896],[12.56579,41.72134],[12.56432,41.73022],[12.56207,41.73589],[12.56159,41.73797],[12.56119,41.74467],[12.55929,41.75467],[12.55927,41.75635],[12.55964,41.76028],[12.55957,41.76207],[12.55826,41.76715],[12.55802,41.76895],[12.55824,41.77147],[12.56009,41.77812],[12.56046,41.78009],[12.56215,41.79791],[12.56198,41.7997],[12.56158,41.80114],[12.55872,41.80738],[12.55686,41.81205],[12.55623,41.81494],[12.55607,41.81827],[12.55636,41.82102],[12.5571,41.82399],[12.55986,41.83078],[12.56041,41.83253],[12.56065,41.83445],[12.56048,41.83664],[12.56007,41.83816],[12.55922,41.84006],[12.55514,41.84624],[12.55371,41.84796],[12.54987,41.85156],[12.54867,41.8531],[12.54796,41.85467],[12.54682,41.85928],[12.54624,41.86063],[12.5403,41.87149],[12.53818,41.87457],[12.5355,41.87964],[12.53466,41.88083],[12.53371,41.88163],[12.53288,41.88202],[12.53089,41.88255],[12.52982,41.88319],[12.52904,41.88406],[12.52745,41.88659],[12.52736,41.88753],[12.52846,41.8959],[12.53283,41.90326],[12.53348,41.90503],[12.53353,41.90618],[12.53333,41.90734],[12.53244,41.91013],[12.53187,41.91117]]}},{"type":"Feature","properties":{"name":"2019_Rome -> Fiumicino (33.3km)","mode":"train","distance_km":"33.3"},"geometry":{"type":"LineString","coordinates":[[12.53187,41.91117],[12.53244,41.91013],[12.53333,41.90734],[12.53353,41.90618],[12.53348,41.90503],[12.53283,41.90326],[12.52846,41.8959],[12.52736,41.88703],[12.52778,41.8859],[12.52982,41.88319],[12.53089,41.88255],[12.53288,41.88202],[12.53371,41.88163],[12.53453,41.88097],[12.53511,41.88018],[12.5338,41.88136],[12.53265,41.88189],[12.53031,41.88241],[12.52931,41.88246],[12.52815,41.88227],[12.52689,41.88167],[12.52469,41.87977],[12.52217,41.87812],[12.51958,41.87702],[12.51781,41.87666],[12.51248,41.87638],[12.51059,41.87581],[12.50922,41.87486],[12.50762,41.87277],[12.50684,41.87205],[12.5056,41.87139],[12.50408,41.87101],[12.49576,41.87094],[12.47968,41.8732],[12.46391,41.87198],[12.46226,41.8715],[12.46115,41.87054],[12.46074,41.86964],[12.46065,41.86893],[12.46095,41.86785],[12.46257,41.86568],[12.46303,41.86456],[12.46306,41.86313],[12.46249,41.86158],[12.46156,41.86028],[12.45833,41.85793],[12.45712,41.85648],[12.45655,41.85513],[12.45496,41.84695],[12.45436,41.84525],[12.44794,41.8359],[12.44706,41.83503],[12.44583,41.83429],[12.44434,41.83382],[12.44299,41.83366],[12.42739,41.83444],[12.42492,41.83409],[12.42291,41.83319],[12.41753,41.82897],[12.41374,41.82672],[12.41076,41.82549],[12.40002,41.82174],[12.39804,41.82117],[12.3956,41.82116],[12.38832,41.82276],[12.38509,41.82299],[12.37787,41.82231],[12.37481,41.82179],[12.36131,41.81749],[12.35919,41.81698],[12.35693,41.81701],[12.34337,41.81852],[12.34079,41.81855],[12.33908,41.81827],[12.33292,41.81616],[12.26962,41.78799],[12.26267,41.78516],[12.26111,41.78518],[12.25905,41.78623],[12.25183,41.79338]]}},{"type":"Feature","properties":{"name":"2019_Versailles -> Paris (23.6km)","mode":"train","distance_km":"23.5"},"geometry":{"type":"LineString","coordinates":[[2.12905,48.80023],[2.14106,48.79707],[2.14406,48.79648],[2.14672,48.79622],[2.14874,48.79623],[2.15379,48.79683],[2.15695,48.79754],[2.16334,48.79941],[2.16552,48.80063],[2.16849,48.80329],[2.17042,48.80431],[2.17241,48.80501],[2.17426,48.80543],[2.17789,48.80593],[2.17981,48.80638],[2.18251,48.80737],[2.18502,48.80892],[2.18616,48.81],[2.19033,48.81525],[2.19122,48.81616],[2.19271,48.81729],[2.19741,48.81998],[2.19847,48.82087],[2.19935,48.82198],[2.20002,48.82361],[2.20204,48.8346],[2.20261,48.83602],[2.20333,48.83703],[2.20486,48.83841],[2.20655,48.83935],[2.21197,48.84114],[2.2138,48.84195],[2.21532,48.84295],[2.21682,48.84456],[2.21755,48.84646],[2.21769,48.848],[2.21644,48.85594],[2.21648,48.85923],[2.21695,48.86122],[2.21998,48.86955],[2.22144,48.87229],[2.22267,48.87363],[2.2325,48.88221],[2.23413,48.88389],[2.23481,48.88501],[2.23528,48.88628],[2.23552,48.88876],[2.23603,48.89084],[2.23772,48.89307],[2.23926,48.89418],[2.24121,48.89522],[2.25093,48.89931],[2.2681,48.90514],[2.273,48.90656],[2.27761,48.90684],[2.27964,48.90666],[2.2816,48.90628],[2.28338,48.90565],[2.2852,48.90479],[2.3152,48.88735],[2.31741,48.88549],[2.32185,48.88113],[2.32381,48.87855],[2.32549,48.87681]]}},{"type":"Feature","properties":{"name":"2021_LHR (49.7km)","mode":"train","distance_km":"49.6"},"geometry":{"type":"LineString","coordinates":[[-0.49279,51.47253],[-0.47407,51.47237],[-0.46966,51.47246],[-0.46148,51.47301],[-0.45718,51.47274],[-0.4559,51.47256],[-0.45451,51.47215],[-0.44458,51.46807],[-0.44118,51.46705],[-0.43891,51.46671],[-0.4269,51.46622],[-0.42168,51.46703],[-0.41415,51.46937],[-0.39972,51.4742],[-0.39709,51.47497],[-0.39549,51.47519],[-0.39297,51.47501],[-0.38732,51.47357],[-0.38261,51.47408],[-0.37965,51.47385],[-0.37808,51.47348],[-0.37362,51.47174],[-0.37107,51.47127],[-0.36928,51.47119],[-0.36403,51.47138],[-0.36174,51.47172],[-0.3565,51.47322],[-0.35532,51.47383],[-0.35442,51.47458],[-0.35344,51.47624],[-0.35341,51.47914],[-0.35313,51.48005],[-0.35233,51.48115],[-0.35062,51.48234],[-0.34895,51.48293],[-0.3443,51.48382],[-0.34256,51.4845],[-0.33564,51.48982],[-0.32798,51.49368],[-0.32389,51.49596],[-0.31911,51.49767],[-0.31654,51.49879],[-0.31493,51.49929],[-0.30785,51.50083],[-0.30168,51.50301],[-0.29304,51.50433],[-0.28858,51.50575],[-0.28706,51.50588],[-0.28574,51.50571],[-0.28415,51.50517],[-0.28028,51.50312],[-0.27938,51.50233],[-0.27822,51.50032],[-0.27762,51.49968],[-0.27564,51.49833],[-0.27309,51.4971],[-0.27152,51.49588],[-0.27038,51.49528],[-0.2686,51.49475],[-0.26702,51.49454],[-0.2614,51.49504],[-0.265,51.49469],[-0.26717,51.49412],[-0.27064,51.49369],[-0.27356,51.49268],[-0.27279,51.49334],[-0.27237,51.49396],[-0.27214,51.49526],[-0.27239,51.49664],[-0.27204,51.49782],[-0.2712,51.49879],[-0.26909,51.50029],[-0.26711,51.502],[-0.26476,51.50475],[-0.26362,51.50666],[-0.26178,51.51172],[-0.26039,51.51441],[-0.25745,51.51843],[-0.25549,51.52187],[-0.25642,51.52088],[-0.25836,51.51985],[-0.26202,51.51845],[-0.26478,51.51767],[-0.2615,51.51856],[-0.25286,51.52187],[-0.24856,51.52321],[-0.24118,51.52492],[-0.23519,51.52567],[-0.22931,51.52594],[-0.22546,51.52586],[-0.22024,51.52546],[-0.21551,51.52484],[-0.21033,51.52377],[-0.20019,51.52095],[-0.19362,51.51951],[-0.18949,51.519],[-0.17977,51.51822],[-0.17877,51.51782],[-0.17745,51.51687],[-0.17877,51.51782],[-0.18014,51.51829],[-0.18949,51.519],[-0.19284,51.5194],[-0.19867,51.52066],[-0.20257,51.52168],[-0.195,51.51998],[-0.19076,51.51951],[-0.18425,51.51913],[-0.18297,51.51894],[-0.18067,51.51825],[-0.17389,51.51359],[-0.17195,51.51255],[-0.16914,51.51158],[-0.16522,51.51109],[-0.16205,51.51129],[-0.15341,51.51295],[-0.14893,51.51362],[-0.14431,51.51403],[-0.13954,51.51423],[-0.13436,51.51551],[-0.13174,51.51571],[-0.1279,51.51562],[-0.12644,51.51574],[-0.12366,51.51646],[-0.11941,51.51878],[-0.11697,51.51963],[-0.11514,51.52002],[-0.11283,51.52],[-0.10997,51.51952],[-0.10812,51.5194],[-0.10033,51.52022],[-0.09656,51.52022],[-0.09472,51.51991],[-0.08943,51.51837],[-0.08193,51.51721],[-0.08045,51.51734],[-0.07903,51.51773],[-0.07551,51.51933],[-0.0733,51.51993],[-0.06359,51.52028],[-0.06117,51.51995],[-0.05399,51.5201],[-0.05177,51.51975],[-0.04895,51.51888],[-0.04656,51.51803],[-0.04273,51.51632],[-0.0398,51.51385],[-0.03866,51.51315],[-0.037,51.51248],[-0.03279,51.51142],[-0.0315,51.51078],[-0.02729,51.50782],[-0.02646,51.50738],[-0.02336,51.50665],[-0.01368,51.5056],[-0.01102,51.5057],[-0.0082,51.50651],[-0.00038,51.50938],[0.00639,51.51055],[0.00889,51.51047],[0.01309,51.50926],[0.01496,51.50901],[0.01982,51.50951],[0.02583,51.50975]]}},{"type":"Feature","properties":{"name":"2022_Lindau (Bodensee) -> Oberuhldingen (49.3km)","mode":"train","distance_km":"49.2"},"geometry":{"type":"LineString","coordinates":[[9.68032,47.54484],[9.68002,47.54608],[9.68008,47.54674],[9.68487,47.55795],[9.68484,47.5589],[9.68447,47.5599],[9.68378,47.56075],[9.68271,47.56161],[9.68097,47.56244],[9.679,47.56294],[9.66976,47.56344],[9.66532,47.56416],[9.66216,47.56504],[9.65872,47.56646],[9.65421,47.56762],[9.64965,47.56974],[9.64224,47.57112],[9.63712,47.57228],[9.63265,47.57276],[9.62407,47.57189],[9.6224,47.57185],[9.61991,47.57226],[9.61589,47.57348],[9.6128,47.57508],[9.6098,47.57725],[9.60859,47.57838],[9.608,47.57936],[9.60274,47.59064],[9.60191,47.59182],[9.60039,47.59314],[9.59558,47.59664],[9.59442,47.59739],[9.59301,47.59801],[9.59094,47.59856],[9.58836,47.5987],[9.5702,47.59685],[9.56748,47.5968],[9.54174,47.59984],[9.53986,47.60032],[9.53817,47.60116],[9.53655,47.60263],[9.53584,47.60404],[9.53257,47.62078],[9.53222,47.62191],[9.53155,47.62305],[9.52398,47.63136],[9.5203,47.63505],[9.5054,47.64582],[9.50402,47.64702],[9.50284,47.64886],[9.50109,47.65439],[9.49992,47.65578],[9.49808,47.65691],[9.49662,47.65743],[9.49515,47.65772],[9.49232,47.65774],[9.49008,47.65724],[9.48267,47.65416],[9.47995,47.65341],[9.47622,47.65315],[9.47273,47.65343],[9.46282,47.65267],[9.46061,47.65309],[9.45287,47.65677],[9.45001,47.65777],[9.44667,47.65839],[9.43863,47.65885],[9.43706,47.6592],[9.43559,47.65985],[9.4154,47.67386],[9.41453,47.67466],[9.41403,47.67552],[9.41388,47.67663],[9.4141,47.67743],[9.41511,47.67954],[9.41513,47.68032],[9.41492,47.68103],[9.40663,47.69212],[9.39737,47.71196],[9.39638,47.71323],[9.39463,47.71421],[9.37864,47.72073],[9.37559,47.7213],[9.36842,47.7217],[9.36035,47.72308],[9.358,47.72374],[9.35226,47.72624],[9.34587,47.72982],[9.34388,47.73125],[9.34258,47.73258],[9.33817,47.73838],[9.33633,47.74011],[9.33454,47.74116],[9.31984,47.74861],[9.31813,47.74999],[9.31118,47.75702],[9.31033,47.7577],[9.30918,47.7583],[9.30725,47.75885],[9.30497,47.75894],[9.29449,47.75732],[9.29193,47.75685],[9.29067,47.75644],[9.28921,47.75575],[9.28802,47.75492],[9.28709,47.75398],[9.28638,47.75286],[9.28603,47.75177],[9.28596,47.75079],[9.2862,47.74954],[9.28847,47.74248],[9.28856,47.74133],[9.28821,47.74039],[9.2876,47.73963],[9.28683,47.73904],[9.2856,47.73848],[9.28427,47.73819],[9.2829,47.73813],[9.27316,47.73902],[9.27111,47.73945],[9.26475,47.74167],[9.26313,47.74188],[9.26176,47.7417],[9.26038,47.74108],[9.25632,47.73734],[9.25471,47.73648],[9.25377,47.7363],[9.25213,47.73626],[9.24819,47.73697]]}},{"type":"Feature","properties":{"name":"2023 Copenhagen -> Malmo (42.1km)","mode":"train","date":"2023","distance_km":"42.0"},"geometry":{"type":"LineString","coordinates":[[12.56442,55.67229],[12.56519,55.67156],[12.56559,55.67095],[12.56578,55.67033],[12.56581,55.66908],[12.56559,55.66844],[12.56511,55.66775],[12.56386,55.66675],[12.56012,55.66487],[12.558,55.66405],[12.55653,55.66378],[12.55388,55.66356],[12.54958,55.66271],[12.54482,55.66224],[12.54262,55.66158],[12.5416,55.6609],[12.54091,55.66],[12.53946,55.65727],[12.5391,55.65621],[12.53899,55.65524],[12.53913,55.65382],[12.5395,55.65275],[12.54256,55.64698],[12.54389,55.64519],[12.55246,55.63773],[12.55626,55.63465],[12.55991,55.63253],[12.56367,55.63097],[12.56786,55.62975],[12.57298,55.62885],[12.57827,55.62843],[12.58418,55.62834],[12.58795,55.62853],[12.59532,55.62937],[12.5996,55.62965],[12.63379,55.63067],[12.63948,55.63046],[12.64715,55.62961],[12.65112,55.62958],[12.65503,55.63007],[12.66048,55.63195],[12.66364,55.63251],[12.66633,55.63268],[12.66883,55.63264],[12.67127,55.63242],[12.67374,55.63199],[12.67781,55.63075],[12.73282,55.60827],[12.73904,55.60542],[12.75428,55.59772],[12.75923,55.59552],[12.78309,55.58684],[12.79651,55.58262],[12.80454,55.58041],[12.81271,55.57838],[12.84148,55.57203],[12.84996,55.5704],[12.86058,55.56867],[12.87576,55.56681],[12.89061,55.56564],[12.89831,55.56536],[12.91197,55.56589],[12.91853,55.56551],[12.92479,55.56448],[12.94396,55.55965],[12.94671,55.55916],[12.95044,55.55876],[12.95527,55.55867],[12.95929,55.55895],[12.96683,55.56017],[12.97052,55.56108],[12.97483,55.56252],[12.98012,55.56471],[12.98301,55.56645],[12.98437,55.56757],[12.98685,55.57014],[13.00038,55.58298],[13.00189,55.58479],[13.00232,55.58562],[13.00262,55.5867],[13.00253,55.5895],[13.00221,55.59129],[13.00112,55.59331],[13.00014,55.59473],[12.99905,55.59567],[12.99641,55.59743],[12.99102,55.60065],[12.98992,55.60231],[12.98973,55.60293],[12.98986,55.6044],[12.99006,55.60493],[12.99072,55.60582],[12.99286,55.60744],[12.99456,55.60814],[12.99839,55.60923],[13.00282,55.60995],[13.0053,55.61009],[13.00973,55.60994],[13.00433,55.60976],[13.00063,55.6092]]}},{"type":"Feature","properties":{"name":"2023_Barcelona -> Madrid (610.2km)","mode":"train","distance_km":"609.3"},"geometry":{"type":"LineString","coordinates":[[2.13996,41.37902],[2.13608,41.37598],[2.13416,41.37409],[2.13138,41.37093],[2.12939,41.36942],[2.12783,41.36872],[2.12551,41.36816],[2.1196,41.36787],[2.1181,41.36728],[2.11702,41.36631],[2.11649,41.36509],[2.11612,41.36214],[2.11406,41.34145],[2.11383,41.34058],[2.11334,41.33971],[2.11202,41.33863],[2.10598,41.33639],[2.09556,41.33289],[2.0879,41.33052],[2.08483,41.32919],[2.08021,41.32756],[2.01757,41.30591],[2.01178,41.30373],[2.00904,41.30225],[2.00672,41.30065],[1.97066,41.27178],[1.96825,41.27],[1.96565,41.26867],[1.9643,41.26817],[1.96213,41.26765],[1.93651,41.26458],[1.9338,41.26394],[1.92863,41.26229],[1.92299,41.26091],[1.92141,41.26019],[1.91748,41.25796],[1.9159,41.25736],[1.91195,41.25626],[1.90573,41.2553],[1.90356,41.25465],[1.89909,41.25236],[1.89021,41.24877],[1.88375,41.24761],[1.87493,41.24443],[1.87318,41.24399],[1.86859,41.2433],[1.86625,41.2426],[1.86,41.23983],[1.85805,41.23837],[1.85625,41.2366],[1.85513,41.23593],[1.85414,41.23562],[1.85131,41.23511],[1.84262,41.23598],[1.83404,41.23615],[1.83182,41.23651],[1.82848,41.2375],[1.8272,41.23772],[1.81904,41.23743],[1.80871,41.23931],[1.80674,41.23941],[1.80374,41.23914],[1.79818,41.23732],[1.79242,41.23501],[1.786,41.23114],[1.77404,41.22357],[1.77219,41.22272],[1.76897,41.22176],[1.76362,41.22042],[1.76099,41.21997],[1.75856,41.21983],[1.75312,41.22002],[1.74541,41.21876],[1.74368,41.21861],[1.74097,41.21875],[1.73531,41.21982],[1.73363,41.21998],[1.73128,41.21989],[1.72903,41.21948],[1.72355,41.21792],[1.72184,41.21721],[1.70943,41.20933],[1.70728,41.20842],[1.70508,41.20815],[1.69687,41.20818],[1.69217,41.20763],[1.63888,41.19596],[1.63299,41.19489],[1.56645,41.18865],[1.56228,41.18852],[1.54801,41.18859],[1.54256,41.1883],[1.4992,41.18251],[1.49625,41.18223],[1.47788,41.18247],[1.47535,41.18263],[1.47271,41.18323],[1.46353,41.18613],[1.46001,41.18645],[1.45126,41.18624],[1.44905,41.18582],[1.44494,41.18465],[1.44067,41.18409],[1.43548,41.18305],[1.43329,41.18283],[1.43173,41.18288],[1.42948,41.18323],[1.4281,41.18363],[1.41454,41.18808],[1.41093,41.18878],[1.40776,41.1889],[1.39141,41.18825],[1.38995,41.1884],[1.38714,41.18923],[1.38533,41.19025],[1.38442,41.19107],[1.38095,41.1951],[1.37997,41.19667],[1.37955,41.19877],[1.37964,41.19982],[1.37991,41.20077],[1.38336,41.20803],[1.38358,41.20946],[1.38339,41.21115],[1.38271,41.21273],[1.37599,41.22405],[1.37487,41.22544],[1.37335,41.2266],[1.3716,41.22738],[1.3695,41.22785],[1.3676,41.22795],[1.36112,41.22767],[1.36004,41.22778],[1.35767,41.22836],[1.3565,41.22884],[1.35461,41.22983],[1.35308,41.23092],[1.34559,41.23893],[1.3442,41.2399],[1.34181,41.24083],[1.33929,41.2412],[1.33727,41.24109],[1.32568,41.23825],[1.3243,41.23802],[1.32167,41.23807],[1.31972,41.23853],[1.30479,41.24463],[1.30308,41.24552],[1.30118,41.24676],[1.29941,41.24826],[1.28991,41.25768],[1.28847,41.25967],[1.2872,41.26195],[1.28651,41.26429],[1.28626,41.26575],[1.28576,41.27197],[1.28538,41.27373],[1.28431,41.27555],[1.28322,41.27664],[1.28224,41.27735],[1.25482,41.29183],[1.25265,41.29265],[1.24921,41.29318],[1.23534,41.2935],[1.23222,41.29425],[1.22337,41.29717],[1.22163,41.29748],[1.21849,41.29754],[1.21096,41.297],[1.20981,41.29705],[1.20789,41.29752],[1.20645,41.29821],[1.20526,41.29927],[1.20474,41.30015],[1.20313,41.30445],[1.20212,41.30546],[1.20113,41.30589],[1.20024,41.30604],[1.19651,41.30593],[1.19486,41.30631],[1.19181,41.3082],[1.18978,41.31139],[1.18875,41.31217],[1.18744,41.31268],[1.18248,41.31363],[1.18095,41.31447],[1.18025,41.31543],[1.18013,41.31598],[1.18021,41.3167],[1.18055,41.31746],[1.18198,41.3189],[1.1826,41.31979],[1.18283,41.3203],[1.18283,41.3215],[1.18227,41.3226],[1.17889,41.32583],[1.1778,41.32725],[1.17732,41.32851],[1.17614,41.33582],[1.17628,41.33722],[1.17657,41.33817],[1.17951,41.34468],[1.1801,41.34673],[1.18008,41.34771],[1.17982,41.34883],[1.17757,41.35517],[1.17766,41.35639],[1.1784,41.35829],[1.1785,41.35916],[1.17839,41.3598],[1.17383,41.36751],[1.17216,41.37001],[1.16531,41.37705],[1.16411,41.37849],[1.16375,41.37944],[1.16321,41.38274],[1.16225,41.38426],[1.16101,41.38531],[1.15121,41.39135],[1.14715,41.3932],[1.14371,41.39424],[1.13979,41.39495],[1.13118,41.39553],[1.12924,41.39598],[1.12499,41.39759],[1.12387,41.39787],[1.12147,41.39793],[1.12014,41.39772],[1.11527,41.39648],[1.11362,41.39622],[1.11088,41.39641],[1.10885,41.39718],[1.10474,41.39963],[1.10162,41.40115],[1.09847,41.40205],[1.09509,41.4025],[1.08455,41.40297],[1.0794,41.40278],[1.0731,41.40306],[1.0615,41.40044],[1.05906,41.40031],[1.05192,41.40229],[1.0503,41.40256],[1.04358,41.40297],[1.04176,41.40325],[1.03924,41.40421],[1.02911,41.40894],[1.0275,41.40948],[1.02454,41.41015],[1.01282,41.41217],[1.00972,41.41215],[0.99425,41.40827],[0.9926,41.40808],[0.99108,41.40822],[0.98972,41.40861],[0.98843,41.40931],[0.98771,41.40994],[0.98561,41.41242],[0.98381,41.41375],[0.97086,41.41953],[0.97008,41.4202],[0.96934,41.42132],[0.96913,41.42229],[0.96939,41.42374],[0.97088,41.42611],[0.97238,41.42806],[0.97657,41.43227],[0.9773,41.43381],[0.97735,41.43474],[0.97715,41.43566],[0.97494,41.43939],[0.9746,41.44045],[0.97452,41.44156],[0.97487,41.44316],[0.97659,41.44621],[0.97713,41.44774],[0.97896,41.45476],[0.979,41.45584],[0.97875,41.45699],[0.97775,41.45873],[0.97039,41.46712],[0.96949,41.46798],[0.96834,41.46864],[0.96507,41.46981],[0.96331,41.47064],[0.95853,41.4741],[0.95506,41.4759],[0.95349,41.47718],[0.95266,41.47848],[0.94923,41.48619],[0.94894,41.48763],[0.94926,41.49098],[0.94843,41.49339],[0.94772,41.49468],[0.94675,41.49584],[0.94557,41.49686],[0.94388,41.4979],[0.94151,41.49882],[0.93791,41.49973],[0.93099,41.50019],[0.92978,41.50042],[0.92844,41.50091],[0.92682,41.50193],[0.91645,41.51095],[0.91517,41.5119],[0.91249,41.51313],[0.90853,41.51468],[0.90678,41.51511],[0.90466,41.51516],[0.89989,41.51419],[0.89702,41.51398],[0.8927,41.51442],[0.88998,41.51519],[0.85655,41.53296],[0.85439,41.53361],[0.83892,41.53699],[0.83751,41.53757],[0.8245,41.54432],[0.82184,41.54529],[0.80886,41.54788],[0.80185,41.55033],[0.79954,41.55078],[0.79618,41.55082],[0.78942,41.55],[0.78619,41.54983],[0.73764,41.55352],[0.73527,41.55386],[0.73421,41.55423],[0.73325,41.55489],[0.73077,41.55711],[0.72733,41.55823],[0.70557,41.56335],[0.7,41.56431],[0.68019,41.56716],[0.67426,41.56824],[0.65389,41.57327],[0.64792,41.57499],[0.6426,41.57688],[0.63718,41.57917],[0.63221,41.58167],[0.62695,41.58478],[0.62411,41.58669],[0.61533,41.59323],[0.59364,41.60983],[0.58992,41.61239],[0.58606,41.61469],[0.58022,41.61763],[0.57362,41.62027],[0.56693,41.62232],[0.56139,41.62358],[0.55761,41.62424],[0.55213,41.62493],[0.51582,41.62857],[0.50202,41.62925],[0.48838,41.62915],[0.48015,41.62871],[0.43883,41.6253],[0.40943,41.62392],[0.4028,41.62342],[0.35696,41.61672],[0.35096,41.61597],[0.34623,41.61557],[0.3365,41.61532],[0.32752,41.61575],[0.32026,41.61655],[0.30641,41.61888],[0.30192,41.61949],[0.29371,41.62014],[0.28666,41.62021],[0.28014,41.61988],[0.27336,41.61913],[0.23827,41.61362],[0.22776,41.6114],[0.2163,41.60814],[0.17892,41.59477],[0.1723,41.59257],[0.1672,41.5912],[0.14177,41.58523],[0.13617,41.58353],[0.13069,41.58152],[0.09116,41.56561],[0.0849,41.5628],[0.08043,41.56045],[0.07495,41.55707],[0.07012,41.55356],[0.0664,41.55044],[0.05925,41.54388],[0.05443,41.5401],[0.04852,41.53626],[0.04267,41.53314],[0.03772,41.53088],[0.03454,41.52964],[0.02626,41.52703],[0.01979,41.52551],[0.01003,41.52409],[0.0044,41.52368],[-0.00026,41.52359],[-0.00728,41.52384],[-0.01281,41.52435],[-0.0288,41.52649],[-0.04802,41.52787],[-0.05595,41.52821],[-0.06292,41.52819],[-0.12656,41.52629],[-0.13633,41.5262],[-0.18924,41.52782],[-0.20986,41.52892],[-0.2172,41.52917],[-0.30748,41.52962],[-0.3163,41.53002],[-0.37925,41.5346],[-0.39151,41.53535],[-0.45937,41.53653],[-0.47082,41.53649],[-0.47646,41.53617],[-0.48261,41.5356],[-0.53659,41.52962],[-0.54131,41.52897],[-0.54685,41.5279],[-0.55275,41.52636],[-0.55954,41.52402],[-0.56424,41.52201],[-0.57912,41.51505],[-0.58488,41.51258],[-0.61616,41.50142],[-0.62391,41.49944],[-0.63235,41.49805],[-0.63931,41.49749],[-0.64813,41.49752],[-0.65346,41.49794],[-0.65861,41.49869],[-0.66382,41.49967],[-0.66833,41.50076],[-0.67109,41.50154],[-0.67646,41.50342],[-0.68016,41.50496],[-0.68386,41.50674],[-0.69035,41.51048],[-0.69546,41.51411],[-0.69919,41.51729],[-0.70926,41.52661],[-0.71454,41.53076],[-0.7192,41.53392],[-0.72762,41.53861],[-0.80241,41.57557],[-0.80923,41.57959],[-0.81907,41.58666],[-0.82499,41.59041],[-0.82918,41.59266],[-0.83268,41.59432],[-0.83712,41.59618],[-0.84115,41.59765],[-0.84625,41.59921],[-0.8517,41.60056],[-0.85619,41.60144],[-0.86208,41.60229],[-0.87099,41.60295],[-0.88267,41.60295],[-0.88887,41.60311],[-0.89621,41.60373],[-0.90153,41.60449],[-0.96754,41.61779],[-0.97605,41.6197],[-0.98302,41.62179],[-0.99674,41.62706],[-1.00419,41.62947],[-1.01052,41.63104],[-1.03628,41.63674],[-1.04391,41.63902],[-1.04937,41.64106],[-1.05646,41.64427],[-1.10632,41.67065],[-1.1123,41.67364],[-1.12159,41.67767],[-1.12703,41.67974],[-1.13378,41.682],[-1.16863,41.6923],[-1.17604,41.69406],[-1.18153,41.69502],[-1.18596,41.69558],[-1.19222,41.6961],[-1.19993,41.69625],[-1.20958,41.69571],[-1.21864,41.6945],[-1.22524,41.69311],[-1.2307,41.69164],[-1.23444,41.69045],[-1.24167,41.68767],[-1.24869,41.68431],[-1.27847,41.66702],[-1.28281,41.66428],[-1.28951,41.6593],[-1.29288,41.65633],[-1.29731,41.65178],[-1.30185,41.64607],[-1.30323,41.64403],[-1.30585,41.63954],[-1.30861,41.63342],[-1.30986,41.62972],[-1.31049,41.62739],[-1.31137,41.6226],[-1.31188,41.61713],[-1.31148,41.6059],[-1.3119,41.60026],[-1.31251,41.59639],[-1.31347,41.59251],[-1.31417,41.59022],[-1.3159,41.58572],[-1.31839,41.58079],[-1.31988,41.5783],[-1.33161,41.56126],[-1.33466,41.55758],[-1.33664,41.55547],[-1.34102,41.55147],[-1.34634,41.54742],[-1.3522,41.54372],[-1.35893,41.54024],[-1.36657,41.53704],[-1.37182,41.53529],[-1.49395,41.49933],[-1.50119,41.49667],[-1.50565,41.49468],[-1.51043,41.49224],[-1.51599,41.48888],[-1.52465,41.48227],[-1.52965,41.47741],[-1.54059,41.46593],[-1.54307,41.4631],[-1.5469,41.45793],[-1.5486,41.45524],[-1.55101,41.45066],[-1.5523,41.44767],[-1.55424,41.44164],[-1.55532,41.43614],[-1.55606,41.4259],[-1.55654,41.42169],[-1.55768,41.41641],[-1.5594,41.41115],[-1.56144,41.40654],[-1.56354,41.40298],[-1.56614,41.39894],[-1.56943,41.3947],[-1.57205,41.39191],[-1.57495,41.38921],[-1.58315,41.38231],[-1.61848,41.35767],[-1.62205,41.35542],[-1.62684,41.35267],[-1.65906,41.33504],[-1.66397,41.33275],[-1.66707,41.33152],[-1.67176,41.32994],[-1.67562,41.32887],[-1.73081,41.31724],[-1.74094,41.31539],[-1.74971,41.31452],[-1.75899,41.31434],[-1.76589,41.31467],[-1.77429,41.31551],[-1.78251,41.31605],[-1.79447,41.3158],[-1.80353,41.31484],[-1.82568,41.3121],[-1.83008,41.31135],[-1.83961,41.30908],[-1.84322,41.30799],[-1.88542,41.29154],[-1.9138,41.27917],[-1.92042,41.27614],[-1.92695,41.27256],[-1.93303,41.26867],[-1.94652,41.2582],[-1.95553,41.25307],[-1.95831,41.25167],[-1.96036,41.25071],[-1.96856,41.24759],[-1.9762,41.24534],[-2.00869,41.23773],[-2.10453,41.22004],[-2.11157,41.21865],[-2.11739,41.21722],[-2.12221,41.21575],[-2.12799,41.21364],[-2.13179,41.21204],[-2.13773,41.2091],[-2.14736,41.20345],[-2.15134,41.20128],[-2.15575,41.19915],[-2.1604,41.19719],[-2.17276,41.19293],[-2.20686,41.18162],[-2.21409,41.17968],[-2.22189,41.17821],[-2.24043,41.17632],[-2.24916,41.17494],[-2.25654,41.17318],[-2.26204,41.17151],[-2.26878,41.16896],[-2.27578,41.16571],[-2.28813,41.15866],[-2.3061,41.14976],[-2.30941,41.14789],[-2.31286,41.14572],[-2.33814,41.12869],[-2.35652,41.11548],[-2.36176,41.11191],[-2.39693,41.09131],[-2.40115,41.08865],[-2.40452,41.0863],[-2.4109,41.08116],[-2.41512,41.07713],[-2.41726,41.07482],[-2.44074,41.04565],[-2.44525,41.04063],[-2.44774,41.03819],[-2.45168,41.03477],[-2.45576,41.03168],[-2.4592,41.02935],[-2.46567,41.02551],[-2.60412,40.94903],[-2.60652,40.94761],[-2.61859,40.93972],[-2.625,40.93608],[-2.63085,40.93316],[-2.6429,40.92787],[-2.65162,40.92332],[-2.65606,40.92064],[-2.66667,40.91367],[-2.6732,40.90998],[-2.67942,40.90698],[-2.69099,40.90217],[-2.76507,40.87285],[-2.78804,40.86499],[-2.79204,40.8637],[-2.80405,40.86027],[-2.80817,40.85892],[-2.85656,40.84235],[-2.86317,40.83995],[-2.86585,40.83882],[-2.87192,40.8359],[-2.87587,40.83373],[-2.9112,40.81053],[-2.91555,40.80757],[-2.91774,40.80588],[-2.92354,40.80101],[-2.96623,40.76307],[-2.96985,40.76009],[-2.97663,40.75496],[-2.98386,40.75006],[-2.98798,40.74746],[-3.0268,40.72463],[-3.03104,40.7217],[-3.03322,40.71999],[-3.03515,40.71847],[-3.03886,40.71515],[-3.0413,40.71277],[-3.04465,40.70915],[-3.05386,40.69752],[-3.05767,40.69208],[-3.06177,40.68481],[-3.07641,40.65351],[-3.07901,40.64853],[-3.09839,40.61622],[-3.10454,40.60654],[-3.10905,40.60102],[-3.11297,40.5971],[-3.11636,40.59408],[-3.1965,40.53124],[-3.21618,40.51562],[-3.22098,40.51128],[-3.22365,40.50848],[-3.23478,40.49492],[-3.24075,40.48878],[-3.24401,40.48607],[-3.25073,40.48105],[-3.25831,40.47693],[-3.2626,40.47482],[-3.26822,40.47255],[-3.29514,40.46347],[-3.32609,40.45047],[-3.33323,40.44722],[-3.33691,40.44523],[-3.34891,40.43802],[-3.3536,40.43559],[-3.36095,40.43241],[-3.36859,40.42982],[-3.37512,40.42811],[-3.37915,40.42729],[-3.38519,40.42634],[-3.38988,40.42584],[-3.39707,40.42546],[-3.40257,40.42548],[-3.41707,40.42638],[-3.42441,40.42646],[-3.43359,40.42587],[-3.43938,40.42509],[-3.44443,40.42418],[-3.44834,40.42329],[-3.45575,40.42102],[-3.46582,40.41717],[-3.49287,40.4053],[-3.4979,40.40345],[-3.50187,40.40231],[-3.50587,40.40144],[-3.52365,40.39861],[-3.52756,40.39773],[-3.53252,40.39616],[-3.53738,40.3941],[-3.54158,40.3918],[-3.54437,40.38996],[-3.54891,40.38623],[-3.55179,40.38317],[-3.55388,40.38043],[-3.55591,40.37708],[-3.55864,40.37137],[-3.56004,40.36899],[-3.56227,40.36596],[-3.56471,40.36318],[-3.56709,40.36096],[-3.56939,40.3591],[-3.58187,40.35055],[-3.58548,40.34845],[-3.58895,40.34671],[-3.59375,40.34466],[-3.59764,40.34329],[-3.60265,40.34185],[-3.62975,40.33559],[-3.63232,40.33521],[-3.63591,40.33495],[-3.64138,40.33521],[-3.6469,40.33624],[-3.65164,40.33786],[-3.65588,40.34003],[-3.6593,40.34245],[-3.66769,40.35008],[-3.67003,40.35256],[-3.67177,40.35485],[-3.67379,40.35852],[-3.67674,40.36537],[-3.67767,40.36875],[-3.67842,40.37079],[-3.67937,40.37266],[-3.68151,40.3761],[-3.68187,40.37704],[-3.68206,40.37813],[-3.68185,40.37995],[-3.6809,40.38182],[-3.67434,40.38844],[-3.67319,40.39031],[-3.67359,40.38924],[-3.67442,40.38811],[-3.67781,40.38486],[-3.67951,40.38267],[-3.68103,40.3811],[-3.68181,40.3797],[-3.68187,40.37894],[-3.68164,40.37815],[-3.67799,40.37242],[-3.67758,40.37106],[-3.67753,40.37003],[-3.67734,40.37359],[-3.67744,40.37418],[-3.67845,40.37576],[-3.68061,40.3778],[-3.68086,40.37852],[-3.68085,40.37906],[-3.68041,40.38004],[-3.67691,40.38433],[-3.67541,40.3867],[-3.67337,40.3892],[-3.67305,40.39],[-3.67283,40.39161],[-3.67286,40.39279],[-3.6732,40.39417],[-3.67385,40.39589],[-3.67446,40.39693],[-3.67723,40.39957],[-3.68013,40.401],[-3.68375,40.40214],[-3.68463,40.40255],[-3.68721,40.40427],[-3.68896,40.4058]]}},{"type":"Feature","properties":{"name":"2023_Paris -> Pontorson (381.6km)","mode":"train","distance_km":"380.7"},"geometry":{"type":"LineString","coordinates":[[2.31954,48.84015],[2.31121,48.83361],[2.30032,48.82473],[2.29766,48.82275],[2.2946,48.82],[2.29263,48.8188],[2.28966,48.81731],[2.28721,48.81639],[2.28388,48.81541],[2.28009,48.81473],[2.26085,48.81308],[2.25515,48.81263],[2.25227,48.81274],[2.24426,48.81411],[2.24081,48.81496],[2.2287,48.81943],[2.22451,48.82062],[2.22161,48.82113],[2.21917,48.82135],[2.21601,48.82134],[2.21296,48.82107],[2.20476,48.8193],[2.20215,48.81839],[2.19988,48.81719],[2.19813,48.81592],[2.19676,48.81452],[2.19357,48.80946],[2.19078,48.80637],[2.18662,48.80327],[2.18293,48.80173],[2.18038,48.80107],[2.17779,48.80065],[2.17097,48.80062],[2.16792,48.80035],[2.16529,48.79977],[2.15889,48.79781],[2.15163,48.7963],[2.13791,48.79564],[2.13552,48.79535],[2.13337,48.7948],[2.12991,48.79318],[2.12825,48.79258],[2.12644,48.79221],[2.12423,48.79205],[2.11471,48.79318],[2.11276,48.79374],[2.10954,48.79516],[2.10734,48.7957],[2.10323,48.796],[2.09551,48.79533],[2.09154,48.79531],[2.08971,48.7957],[2.08681,48.79675],[2.08229,48.79711],[2.07816,48.79835],[2.07592,48.79874],[2.07204,48.79871],[2.06419,48.79733],[2.06212,48.79738],[2.05952,48.7978],[2.05764,48.79844],[2.05594,48.79933],[2.05226,48.80199],[2.04941,48.8045],[2.0471,48.80577],[2.04419,48.80666],[2.03567,48.80799],[2.03236,48.80878],[1.99614,48.82206],[1.99419,48.82288],[1.99247,48.82392],[1.98872,48.82721],[1.98717,48.82827],[1.98511,48.82926],[1.98227,48.83009],[1.97911,48.83049],[1.95312,48.83115],[1.91039,48.8347],[1.90595,48.83554],[1.90322,48.83643],[1.89896,48.8381],[1.8956,48.83872],[1.89351,48.83879],[1.89066,48.8386],[1.88738,48.838],[1.8844,48.83682],[1.88301,48.83593],[1.88153,48.83458],[1.88033,48.83259],[1.88001,48.83113],[1.88002,48.82039],[1.87991,48.81941],[1.87933,48.81777],[1.87833,48.81629],[1.87157,48.80895],[1.87011,48.80779],[1.86896,48.80711],[1.86604,48.80595],[1.86275,48.8053],[1.8232,48.80235],[1.82038,48.80235],[1.8135,48.80303],[1.74865,48.81289],[1.74564,48.81361],[1.71403,48.82416],[1.71039,48.8252],[1.68209,48.83043],[1.67816,48.83073],[1.6743,48.83053],[1.67197,48.83017],[1.66827,48.82916],[1.65403,48.82391],[1.65226,48.82305],[1.63216,48.80874],[1.62948,48.80639],[1.62169,48.7987],[1.62008,48.79773],[1.61747,48.79662],[1.61446,48.7959],[1.61178,48.79567],[1.59512,48.7963],[1.5925,48.79612],[1.59008,48.79563],[1.58771,48.79482],[1.57245,48.78794],[1.50366,48.76502],[1.49949,48.76391],[1.45314,48.75319],[1.45026,48.75281],[1.44681,48.7529],[1.4442,48.75337],[1.43666,48.75542],[1.43418,48.75572],[1.43155,48.75572],[1.4293,48.75544],[1.42727,48.75495],[1.42135,48.75253],[1.41941,48.75197],[1.40227,48.74871],[1.39889,48.74754],[1.39623,48.74619],[1.3844,48.73737],[1.38098,48.73534],[1.37888,48.7344],[1.36702,48.72987],[1.36433,48.72917],[1.36158,48.72889],[1.35761,48.72913],[1.35417,48.73003],[1.33891,48.73719],[1.33545,48.7385],[1.33207,48.73939],[1.3215,48.74146],[1.31852,48.74256],[1.31596,48.7442],[1.30851,48.75083],[1.30764,48.75186],[1.30598,48.75486],[1.30499,48.75592],[1.30343,48.757],[1.30111,48.75793],[1.29799,48.75842],[1.28544,48.75829],[1.28022,48.75856],[1.27755,48.75837],[1.27159,48.75736],[1.26365,48.75726],[1.26046,48.75759],[1.25835,48.75811],[1.25635,48.75888],[1.25435,48.76001],[1.24607,48.76541],[1.2437,48.76641],[1.24163,48.76695],[1.23598,48.76761],[1.23399,48.76769],[1.23209,48.76758],[1.22782,48.76694],[1.21538,48.76604],[1.21264,48.76614],[1.21048,48.76656],[1.20784,48.76763],[1.19726,48.77345],[1.18979,48.77712],[1.18704,48.77803],[1.18401,48.77852],[1.09963,48.78335],[1.09672,48.78339],[1.09463,48.78319],[1.09133,48.78238],[1.08853,48.78107],[1.06703,48.76586],[1.06506,48.76468],[1.06279,48.76374],[1.03283,48.75332],[1.03088,48.75287],[1.029,48.75264],[0.98325,48.75021],[0.97915,48.74939],[0.95016,48.74196],[0.94795,48.74155],[0.94535,48.74141],[0.92805,48.74285],[0.91131,48.74447],[0.85672,48.75297],[0.8257,48.75911],[0.78173,48.77305],[0.77851,48.77391],[0.77454,48.77467],[0.76959,48.77516],[0.68332,48.77983],[0.6712,48.78048],[0.66822,48.78041],[0.66544,48.77994],[0.66293,48.77909],[0.6527,48.77329],[0.64965,48.77207],[0.64763,48.77161],[0.6294,48.76874],[0.62694,48.76812],[0.6227,48.76675],[0.6173,48.76633],[0.61507,48.76587],[0.61362,48.76529],[0.6102,48.76339],[0.59708,48.75508],[0.59472,48.7539],[0.59235,48.75315],[0.58322,48.75076],[0.57558,48.74972],[0.5734,48.74927],[0.57099,48.74842],[0.56334,48.74511],[0.56122,48.74443],[0.55926,48.74402],[0.55725,48.74382],[0.5367,48.74356],[0.53454,48.74339],[0.53105,48.74261],[0.52039,48.73797],[0.51645,48.73681],[0.5122,48.73623],[0.49878,48.73591],[0.49607,48.73558],[0.49316,48.73476],[0.4856,48.73134],[0.48248,48.73024],[0.47503,48.7285],[0.46739,48.72754],[0.46546,48.72717],[0.45536,48.72395],[0.43894,48.71923],[0.43143,48.71775],[0.42724,48.71728],[0.42066,48.71726],[0.41816,48.71708],[0.40796,48.7147],[0.3957,48.71305],[0.36686,48.70701],[0.36331,48.70647],[0.35967,48.70633],[0.35737,48.70646],[0.34446,48.70847],[0.34164,48.70858],[0.33952,48.7084],[0.33726,48.70793],[0.3358,48.70746],[0.31859,48.70046],[0.31665,48.69993],[0.31388,48.69955],[0.30748,48.69947],[0.30463,48.69973],[0.30256,48.70018],[0.29371,48.70265],[0.28991,48.70325],[0.28595,48.70307],[0.2784,48.70144],[0.27623,48.70115],[0.2635,48.70138],[0.26145,48.70163],[0.24113,48.70535],[0.2383,48.70563],[0.23539,48.70551],[0.22057,48.7039],[0.21804,48.70346],[0.2152,48.7025],[0.21067,48.70038],[0.20843,48.69864],[0.20687,48.6965],[0.20625,48.69462],[0.20622,48.69301],[0.20874,48.68459],[0.20881,48.6833],[0.20865,48.68217],[0.20809,48.68063],[0.20679,48.67883],[0.20277,48.67487],[0.20048,48.67317],[0.18762,48.66716],[0.18488,48.66621],[0.18128,48.66559],[0.15135,48.66158],[0.14824,48.66137],[0.14525,48.66148],[0.14255,48.66186],[0.13994,48.66253],[0.13756,48.66345],[0.12599,48.66952],[0.0887,48.68978],[0.08583,48.69112],[0.08135,48.69258],[0.07294,48.69432],[0.0686,48.69558],[0.06503,48.69712],[0.05059,48.70475],[0.04221,48.70838],[0.03709,48.71021],[-0.01082,48.72586],[-0.01464,48.72742],[-0.01806,48.72945],[-0.02111,48.73218],[-0.02592,48.73839],[-0.03217,48.74689],[-0.03478,48.74962],[-0.03659,48.75102],[-0.04345,48.75556],[-0.04585,48.75652],[-0.04885,48.75704],[-0.05108,48.75706],[-0.05359,48.75673],[-0.056,48.75597],[-0.05806,48.75485],[-0.08026,48.74037],[-0.08267,48.73818],[-0.08569,48.73431],[-0.08767,48.73262],[-0.10958,48.71774],[-0.11133,48.7167],[-0.11314,48.71592],[-0.11521,48.71534],[-0.1177,48.71497],[-0.13828,48.71433],[-0.14231,48.71454],[-0.17408,48.71732],[-0.17708,48.71734],[-0.18051,48.71681],[-0.18316,48.71592],[-0.18595,48.71434],[-0.18906,48.71127],[-0.19084,48.71003],[-0.19377,48.7088],[-0.1957,48.70836],[-0.19783,48.70812],[-0.20956,48.70746],[-0.21205,48.70752],[-0.21515,48.70805],[-0.22101,48.70994],[-0.22307,48.71025],[-0.2252,48.71033],[-0.22889,48.70994],[-0.23531,48.70805],[-0.2393,48.70738],[-0.25686,48.70693],[-0.26136,48.70733],[-0.27806,48.7099],[-0.28197,48.7101],[-0.28424,48.70989],[-0.28695,48.70928],[-0.30637,48.70193],[-0.30872,48.7013],[-0.31065,48.70103],[-0.31274,48.70094],[-0.37125,48.7021],[-0.37699,48.70245],[-0.38152,48.70333],[-0.38423,48.70426],[-0.41845,48.71752],[-0.42235,48.71848],[-0.4291,48.71941],[-0.43152,48.71958],[-0.43417,48.71954],[-0.44734,48.71835],[-0.44988,48.71826],[-0.51243,48.71903],[-0.51493,48.7192],[-0.51748,48.71961],[-0.51991,48.72024],[-0.52865,48.72348],[-0.5308,48.72414],[-0.53371,48.72469],[-0.54928,48.72677],[-0.55199,48.72746],[-0.55436,48.72849],[-0.55615,48.72966],[-0.55707,48.73049],[-0.56284,48.73727],[-0.56495,48.73915],[-0.57254,48.74406],[-0.57869,48.74752],[-0.58139,48.74954],[-0.58301,48.75126],[-0.58421,48.75319],[-0.58682,48.76054],[-0.58755,48.76216],[-0.58889,48.76412],[-0.59031,48.76556],[-0.59207,48.76692],[-0.60623,48.77652],[-0.60915,48.77812],[-0.61211,48.77901],[-0.61452,48.77939],[-0.62103,48.77959],[-0.62342,48.77992],[-0.62634,48.78056],[-0.64589,48.78744],[-0.64821,48.78884],[-0.65068,48.79096],[-0.65206,48.79187],[-0.65422,48.79289],[-0.65796,48.79433],[-0.65987,48.79553],[-0.66114,48.79665],[-0.66256,48.79856],[-0.66362,48.80132],[-0.66447,48.80269],[-0.66585,48.80403],[-0.66812,48.80534],[-0.67055,48.80611],[-0.67262,48.8064],[-0.68465,48.80739],[-0.68739,48.80742],[-0.69069,48.80694],[-0.69252,48.80643],[-0.69552,48.8053],[-0.69784,48.80469],[-0.70046,48.80434],[-0.70394,48.80438],[-0.70598,48.80466],[-0.70848,48.80533],[-0.71018,48.80602],[-0.71328,48.80763],[-0.71514,48.80827],[-0.71741,48.80875],[-0.72035,48.80891],[-0.72575,48.80824],[-0.72977,48.80821],[-0.73271,48.80864],[-0.73664,48.80962],[-0.73917,48.80987],[-0.74466,48.80995],[-0.74789,48.81061],[-0.75026,48.81151],[-0.75164,48.81229],[-0.75843,48.81779],[-0.76011,48.81886],[-0.76266,48.81993],[-0.76731,48.82103],[-0.77006,48.82201],[-0.77177,48.82293],[-0.77939,48.82824],[-0.78123,48.82932],[-0.79662,48.8357],[-0.79866,48.83671],[-0.80035,48.83787],[-0.80209,48.83955],[-0.80673,48.84655],[-0.80786,48.8479],[-0.80942,48.84905],[-0.81096,48.84982],[-0.81263,48.85038],[-0.81497,48.85082],[-0.81804,48.85087],[-0.82313,48.84997],[-0.8259,48.84975],[-0.82871,48.84991],[-0.83242,48.85059],[-0.83502,48.85086],[-0.84717,48.85036],[-0.85056,48.84977],[-0.85617,48.84791],[-0.85945,48.84746],[-0.86274,48.84754],[-0.86891,48.84851],[-0.87203,48.84852],[-0.87429,48.84822],[-0.89525,48.844],[-0.89855,48.84369],[-0.90069,48.84386],[-0.90417,48.84451],[-0.90988,48.84606],[-0.91318,48.84707],[-0.91917,48.84975],[-0.92259,48.85054],[-0.92513,48.8507],[-0.92834,48.85049],[-0.93892,48.84784],[-0.94192,48.84756],[-0.94378,48.84765],[-0.94614,48.84809],[-0.94773,48.8486],[-0.95277,48.85091],[-0.95483,48.85139],[-0.95709,48.8516],[-0.96055,48.85131],[-0.96638,48.84981],[-0.97511,48.84897],[-0.97751,48.84896],[-0.98026,48.84941],[-0.98252,48.85018],[-0.98387,48.8509],[-0.98711,48.85308],[-0.98959,48.85418],[-0.99242,48.85476],[-0.99583,48.85481],[-0.99885,48.85421],[-1.00344,48.85266],[-1.00717,48.85216],[-1.00999,48.85145],[-1.01229,48.85029],[-1.0187,48.84578],[-1.02073,48.84494],[-1.02251,48.8445],[-1.02456,48.84426],[-1.02706,48.84432],[-1.03353,48.84561],[-1.03622,48.84579],[-1.03881,48.84552],[-1.04403,48.84408],[-1.04697,48.84365],[-1.04916,48.84361],[-1.05697,48.844],[-1.06003,48.84381],[-1.06267,48.84326],[-1.06513,48.84234],[-1.06678,48.84144],[-1.07274,48.83751],[-1.07582,48.83617],[-1.0787,48.8355],[-1.08579,48.8346],[-1.10303,48.83012],[-1.1045,48.82987],[-1.10751,48.82972],[-1.1089,48.8298],[-1.11462,48.83064],[-1.11736,48.83068],[-1.11882,48.83054],[-1.12685,48.82896],[-1.12961,48.82869],[-1.13238,48.82877],[-1.13474,48.82916],[-1.15394,48.83507],[-1.15596,48.83553],[-1.158,48.83578],[-1.16038,48.8358],[-1.17704,48.83475],[-1.18155,48.83499],[-1.1881,48.83621],[-1.19104,48.83623],[-1.19298,48.83599],[-1.19527,48.83543],[-1.20087,48.83311],[-1.2029,48.83245],[-1.20928,48.83095],[-1.21213,48.83064],[-1.21398,48.83072],[-1.21585,48.83102],[-1.21752,48.8315],[-1.22093,48.833],[-1.22315,48.83372],[-1.23304,48.83566],[-1.23928,48.83661],[-1.24201,48.83669],[-1.24474,48.83656],[-1.24888,48.83585],[-1.25285,48.83493],[-1.25521,48.83461],[-1.269,48.83349],[-1.27189,48.83305],[-1.27582,48.83195],[-1.27986,48.8304],[-1.28172,48.82991],[-1.28346,48.82953],[-1.2898,48.82862],[-1.29532,48.82709],[-1.29734,48.8267],[-1.30422,48.82576],[-1.30788,48.82469],[-1.31177,48.82316],[-1.31944,48.82179],[-1.32178,48.82084],[-1.32375,48.81948],[-1.32516,48.81776],[-1.32761,48.81409],[-1.32904,48.81291],[-1.33103,48.81183],[-1.33242,48.8113],[-1.34469,48.80804],[-1.34706,48.80754],[-1.35014,48.80727],[-1.3533,48.8075],[-1.35506,48.80784],[-1.35714,48.8085],[-1.39502,48.82342],[-1.40197,48.82691],[-1.41164,48.83209],[-1.41314,48.83269],[-1.41502,48.83312],[-1.4169,48.83328],[-1.41878,48.83318],[-1.43668,48.83086],[-1.44014,48.83006],[-1.44636,48.82798],[-1.44904,48.82731],[-1.45291,48.82685],[-1.45609,48.82687],[-1.45851,48.82712],[-1.46121,48.82765],[-1.50178,48.83877],[-1.50514,48.83996],[-1.51128,48.84311],[-1.5144,48.84422],[-1.51606,48.84455],[-1.51866,48.84479],[-1.52122,48.84468],[-1.52643,48.84408],[-1.52998,48.8443],[-1.53168,48.84464],[-1.53405,48.8454],[-1.53919,48.84788],[-1.54231,48.84861],[-1.54499,48.84871],[-1.54755,48.84841],[-1.55612,48.84598],[-1.55953,48.84532],[-1.57366,48.84374],[-1.57903,48.84393],[-1.58082,48.8437],[-1.58172,48.84338],[-1.58249,48.8429],[-1.58439,48.84091],[-1.58738,48.83851],[-1.58439,48.84091],[-1.58249,48.8429],[-1.58172,48.84338],[-1.58065,48.84374],[-1.57903,48.84393],[-1.57366,48.84374],[-1.55953,48.84532],[-1.55612,48.84598],[-1.54755,48.84841],[-1.54499,48.84871],[-1.54231,48.84861],[-1.53919,48.84788],[-1.53405,48.8454],[-1.53168,48.84464],[-1.52998,48.8443],[-1.52643,48.84408],[-1.52122,48.84468],[-1.51866,48.84479],[-1.51606,48.84455],[-1.5144,48.84422],[-1.51128,48.84311],[-1.50514,48.83996],[-1.50178,48.83877],[-1.46121,48.82765],[-1.45851,48.82712],[-1.45609,48.82687],[-1.45291,48.82685],[-1.44904,48.82731],[-1.44636,48.82798],[-1.44014,48.83006],[-1.43668,48.83086],[-1.41878,48.83318],[-1.41562,48.8332],[-1.41357,48.83281],[-1.41164,48.83209],[-1.39684,48.82422],[-1.39219,48.82218],[-1.39125,48.8215],[-1.39059,48.82079],[-1.38997,48.81948],[-1.38989,48.8186],[-1.39016,48.81751],[-1.39318,48.81137],[-1.39321,48.81024],[-1.39276,48.80834],[-1.39279,48.80753],[-1.39305,48.8068],[-1.39576,48.80276],[-1.39937,48.79922],[-1.39978,48.79832],[-1.40029,48.79599],[-1.40095,48.79425],[-1.40255,48.7914],[-1.40286,48.79057],[-1.40291,48.78961],[-1.40262,48.78864],[-1.40073,48.78603],[-1.40007,48.78446],[-1.40005,48.7834],[-1.40064,48.78076],[-1.40061,48.77282],[-1.40073,48.77212],[-1.40146,48.77083],[-1.40303,48.76895],[-1.40752,48.75809],[-1.40809,48.75699],[-1.40932,48.75546],[-1.41192,48.75299],[-1.41255,48.75206],[-1.41497,48.74747],[-1.41564,48.74673],[-1.41941,48.74448],[-1.42043,48.74358],[-1.42122,48.74223],[-1.42138,48.74132],[-1.42128,48.74054],[-1.42097,48.73976],[-1.41988,48.73839],[-1.41478,48.73546],[-1.41238,48.73487],[-1.40659,48.73464],[-1.40397,48.73434],[-1.40187,48.73367],[-1.39759,48.73185],[-1.39646,48.73119],[-1.39525,48.73024],[-1.38889,48.72489],[-1.3884,48.72426],[-1.38789,48.72293],[-1.38787,48.72219],[-1.38921,48.71727],[-1.38898,48.71505],[-1.38856,48.71408],[-1.38803,48.71343],[-1.3848,48.71105],[-1.38401,48.71011],[-1.38342,48.70891],[-1.38309,48.70668],[-1.38272,48.70561],[-1.37949,48.70177],[-1.37022,48.69421],[-1.36966,48.6936],[-1.36936,48.69292],[-1.36938,48.69149],[-1.36998,48.69037],[-1.37446,48.68729],[-1.37504,48.6867],[-1.37549,48.68588],[-1.37625,48.68259],[-1.37636,48.67698],[-1.37615,48.6751],[-1.37557,48.67339],[-1.37465,48.67168],[-1.37369,48.67042],[-1.36763,48.66449],[-1.36599,48.66227],[-1.36114,48.65241],[-1.35622,48.64473],[-1.35219,48.63689],[-1.35173,48.63537],[-1.35202,48.63391],[-1.3527,48.6329],[-1.36105,48.62299],[-1.36356,48.62098],[-1.36694,48.6192],[-1.3874,48.6126],[-1.41467,48.60651],[-1.41651,48.60595],[-1.41878,48.60491],[-1.42121,48.60308],[-1.43606,48.58816],[-1.43729,48.58659],[-1.44137,48.5804],[-1.44276,48.57883],[-1.44616,48.57648],[-1.4586,48.56849],[-1.46099,48.56711],[-1.46352,48.56591],[-1.48438,48.55714],[-1.48755,48.55596],[-1.49289,48.55458],[-1.5044,48.55271]]}},{"type":"Feature","properties":{"name":"2023_Pontorson -> Paris (436.2km)","mode":"train","distance_km":"435.3"},"geometry":{"type":"LineString","coordinates":[[-1.50422,48.55274],[-1.51016,48.55161],[-1.51505,48.54999],[-1.53426,48.54552],[-1.53671,48.54483],[-1.53932,48.5436],[-1.54698,48.53865],[-1.54837,48.5379],[-1.56249,48.53237],[-1.56416,48.53139],[-1.56834,48.52788],[-1.56989,48.52705],[-1.57207,48.52637],[-1.57553,48.52596],[-1.59803,48.5269],[-1.60037,48.52682],[-1.65264,48.51754],[-1.67148,48.51629],[-1.67468,48.5165],[-1.67837,48.51745],[-1.70083,48.52707],[-1.70278,48.5281],[-1.70427,48.5294],[-1.70513,48.53063],[-1.70682,48.53489],[-1.70959,48.53922],[-1.71113,48.54221],[-1.71257,48.5436],[-1.71443,48.54466],[-1.73035,48.54968],[-1.73353,48.55051],[-1.73675,48.55081],[-1.74587,48.55036],[-1.74746,48.54982],[-1.7481,48.54934],[-1.74856,48.54872],[-1.7499,48.54494],[-1.75165,48.53909],[-1.75234,48.53755],[-1.75327,48.5362],[-1.75522,48.53436],[-1.76475,48.52759],[-1.76638,48.52605],[-1.76738,48.52481],[-1.78102,48.50023],[-1.78157,48.49827],[-1.7816,48.49659],[-1.78117,48.49474],[-1.78013,48.49277],[-1.76149,48.47222],[-1.76,48.47015],[-1.75945,48.46889],[-1.75913,48.46748],[-1.75904,48.46007],[-1.75872,48.45882],[-1.75806,48.45762],[-1.75708,48.45649],[-1.75611,48.45571],[-1.74989,48.45204],[-1.74778,48.45056],[-1.74565,48.44842],[-1.74426,48.44626],[-1.74343,48.44389],[-1.74324,48.44197],[-1.74434,48.43216],[-1.74437,48.43074],[-1.74387,48.42878],[-1.74305,48.42736],[-1.74193,48.42609],[-1.74053,48.42498],[-1.71559,48.40782],[-1.71382,48.40639],[-1.71279,48.40514],[-1.7122,48.40414],[-1.71033,48.39824],[-1.70976,48.39708],[-1.70908,48.3961],[-1.70734,48.39444],[-1.70149,48.39065],[-1.69982,48.3892],[-1.69118,48.37747],[-1.69044,48.37622],[-1.68978,48.37429],[-1.68969,48.37209],[-1.69229,48.36183],[-1.69244,48.36066],[-1.69233,48.35922],[-1.69182,48.35769],[-1.69111,48.35652],[-1.68695,48.35215],[-1.68621,48.35112],[-1.68555,48.3497],[-1.68523,48.34793],[-1.68569,48.34353],[-1.68554,48.34154],[-1.68131,48.32455],[-1.68082,48.3233],[-1.67904,48.32018],[-1.67855,48.31896],[-1.67832,48.31753],[-1.67851,48.31468],[-1.67837,48.31334],[-1.67782,48.31197],[-1.67524,48.30839],[-1.67383,48.30596],[-1.67315,48.30392],[-1.67143,48.29716],[-1.67129,48.2959],[-1.67159,48.29434],[-1.67205,48.29339],[-1.67391,48.29071],[-1.67442,48.2888],[-1.67435,48.28764],[-1.67283,48.27922],[-1.67217,48.2778],[-1.67112,48.27653],[-1.66995,48.27559],[-1.66725,48.27391],[-1.66607,48.27288],[-1.66506,48.27153],[-1.66456,48.27029],[-1.6644,48.2687],[-1.66466,48.26743],[-1.66715,48.26308],[-1.66745,48.26227],[-1.66762,48.26114],[-1.66757,48.26022],[-1.66724,48.25906],[-1.66508,48.25578],[-1.66439,48.25401],[-1.66436,48.25241],[-1.66509,48.24853],[-1.66473,48.24671],[-1.66357,48.24484],[-1.66191,48.24341],[-1.64372,48.23409],[-1.64189,48.23285],[-1.64047,48.23153],[-1.63892,48.22926],[-1.63845,48.22805],[-1.63818,48.22679],[-1.63816,48.22535],[-1.63899,48.21731],[-1.63887,48.21633],[-1.6384,48.21507],[-1.63756,48.21385],[-1.63628,48.21266],[-1.62731,48.20641],[-1.62578,48.20458],[-1.62489,48.20244],[-1.62405,48.19228],[-1.62416,48.19105],[-1.62463,48.18977],[-1.62548,48.18851],[-1.62652,48.18752],[-1.63174,48.1842],[-1.633,48.18308],[-1.63403,48.18187],[-1.64496,48.1653],[-1.64929,48.15569],[-1.65062,48.15375],[-1.65264,48.15213],[-1.65529,48.15089],[-1.65784,48.15024],[-1.66487,48.14929],[-1.66721,48.14862],[-1.66917,48.14775],[-1.68471,48.13684],[-1.68586,48.13587],[-1.68693,48.13458],[-1.68768,48.13322],[-1.68807,48.13193],[-1.68845,48.12311],[-1.68871,48.12193],[-1.68922,48.12085],[-1.69042,48.1194],[-1.69201,48.11821],[-1.69743,48.11584],[-1.69904,48.11486],[-1.7006,48.11333],[-1.70158,48.11144],[-1.70177,48.11017],[-1.70161,48.10891],[-1.70007,48.10569],[-1.6994,48.10474],[-1.69832,48.10369],[-1.69586,48.10223],[-1.69401,48.10159],[-1.69245,48.10127],[-1.69083,48.10111],[-1.68879,48.10114],[-1.68022,48.10227],[-1.67412,48.1028],[-1.66863,48.10351],[-1.66495,48.10406],[-1.66184,48.10477],[-1.65203,48.10585],[-1.64943,48.1064],[-1.64078,48.10692],[-1.63378,48.10809],[-1.62801,48.10874],[-1.62209,48.1092],[-1.61219,48.11117],[-1.59881,48.11316],[-1.59582,48.11404],[-1.59078,48.1162],[-1.58758,48.11719],[-1.57334,48.12004],[-1.57118,48.12038],[-1.569,48.12051],[-1.56682,48.12045],[-1.56439,48.12014],[-1.55793,48.11836],[-1.55379,48.11782],[-1.55023,48.11793],[-1.54042,48.11938],[-1.53702,48.11957],[-1.53416,48.11941],[-1.50734,48.11691],[-1.49907,48.11683],[-1.4967,48.11641],[-1.49426,48.11561],[-1.48915,48.11294],[-1.48731,48.11221],[-1.48487,48.11153],[-1.48287,48.11119],[-1.47866,48.11105],[-1.46577,48.11226],[-1.46319,48.11219],[-1.46121,48.11191],[-1.45912,48.11137],[-1.45745,48.11072],[-1.4524,48.10784],[-1.44991,48.10671],[-1.4465,48.10578],[-1.44283,48.10539],[-1.42353,48.10551],[-1.41855,48.10501],[-1.41573,48.10492],[-1.40315,48.10647],[-1.40021,48.10665],[-1.38676,48.10537],[-1.38308,48.10539],[-1.38002,48.10584],[-1.37676,48.10683],[-1.37462,48.10786],[-1.37093,48.11008],[-1.36867,48.11101],[-1.36582,48.11169],[-1.36295,48.11192],[-1.36069,48.11181],[-1.35898,48.11155],[-1.35573,48.11057],[-1.35348,48.10943],[-1.34982,48.10689],[-1.34691,48.10569],[-1.34376,48.10504],[-1.34021,48.10495],[-1.33657,48.10553],[-1.33019,48.10769],[-1.32212,48.10905],[-1.32001,48.10977],[-1.31592,48.11166],[-1.31337,48.11242],[-1.30653,48.11342],[-1.30266,48.11346],[-1.29894,48.11295],[-1.29405,48.11168],[-1.29223,48.11085],[-1.28963,48.1092],[-1.28835,48.10858],[-1.28617,48.10782],[-1.28223,48.10689],[-1.27971,48.10583],[-1.27771,48.10448],[-1.27488,48.10181],[-1.27251,48.10044],[-1.26932,48.09945],[-1.2661,48.09912],[-1.26396,48.09924],[-1.26103,48.09973],[-1.25894,48.1003],[-1.25653,48.10127],[-1.25442,48.10249],[-1.25261,48.10395],[-1.2515,48.10518],[-1.24789,48.10992],[-1.24668,48.11098],[-1.24532,48.11187],[-1.24315,48.11287],[-1.241,48.11352],[-1.23878,48.11389],[-1.23393,48.11422],[-1.23213,48.11456],[-1.2304,48.11511],[-1.2276,48.1165],[-1.22322,48.12027],[-1.22107,48.12151],[-1.21933,48.12204],[-1.21761,48.12232],[-1.20869,48.12254],[-1.20652,48.12275],[-1.20435,48.12335],[-1.20023,48.12507],[-1.19702,48.12564],[-1.19457,48.12561],[-1.18369,48.12418],[-1.18075,48.12418],[-1.17405,48.12467],[-1.1696,48.12449],[-1.16625,48.12403],[-1.14885,48.12079],[-1.14596,48.12006],[-1.14301,48.11891],[-1.1347,48.11411],[-1.13289,48.11327],[-1.12996,48.11242],[-1.12689,48.11207],[-1.11598,48.11214],[-1.07973,48.11192],[-1.07566,48.11227],[-1.06415,48.11415],[-1.05928,48.11444],[-1.05604,48.1143],[-1.04779,48.1134],[-1.03352,48.11276],[-1.03039,48.1128],[-1.02621,48.11338],[-0.99883,48.12006],[-0.9958,48.12052],[-0.99337,48.1206],[-0.99052,48.12037],[-0.98822,48.11992],[-0.98622,48.11933],[-0.98381,48.11828],[-0.98177,48.11698],[-0.97331,48.11006],[-0.97162,48.10892],[-0.96969,48.10796],[-0.96682,48.10701],[-0.96126,48.10598],[-0.95683,48.1048],[-0.95384,48.10371],[-0.93987,48.0979],[-0.93609,48.09669],[-0.93244,48.09584],[-0.91524,48.09351],[-0.91206,48.09325],[-0.90923,48.09324],[-0.89885,48.09418],[-0.88185,48.09738],[-0.87846,48.0976],[-0.87434,48.09743],[-0.86929,48.09656],[-0.859,48.09332],[-0.85398,48.091],[-0.84954,48.08823],[-0.84669,48.08708],[-0.81975,48.08099],[-0.80516,48.07662],[-0.80262,48.07605],[-0.79595,48.07522],[-0.79316,48.07511],[-0.79046,48.07525],[-0.77566,48.0768],[-0.7506,48.07611],[-0.74713,48.07643],[-0.74363,48.07724],[-0.74117,48.07826],[-0.73896,48.07973],[-0.73716,48.08169],[-0.73344,48.08828],[-0.73267,48.08936],[-0.71732,48.10653],[-0.71562,48.10792],[-0.71215,48.11024],[-0.7063,48.1129],[-0.70202,48.11557],[-0.69192,48.11994],[-0.68907,48.12088],[-0.68546,48.12146],[-0.67872,48.12165],[-0.66948,48.12365],[-0.65844,48.12468],[-0.65578,48.12508],[-0.65211,48.12606],[-0.63979,48.13107],[-0.63677,48.13179],[-0.63348,48.13201],[-0.63084,48.13179],[-0.62856,48.1313],[-0.62357,48.12963],[-0.62105,48.1292],[-0.61933,48.1291],[-0.61621,48.12929],[-0.60837,48.13077],[-0.60567,48.13108],[-0.5881,48.1307],[-0.58421,48.13093],[-0.57597,48.13244],[-0.57391,48.13294],[-0.57158,48.13385],[-0.56835,48.13576],[-0.56659,48.13652],[-0.53891,48.14501],[-0.51621,48.14934],[-0.51327,48.14962],[-0.50257,48.15014],[-0.49924,48.15062],[-0.49686,48.15122],[-0.47578,48.15768],[-0.47452,48.15794],[-0.47032,48.15827],[-0.4085,48.161],[-0.40641,48.16084],[-0.40443,48.16045],[-0.40236,48.15974],[-0.40069,48.15887],[-0.399,48.15756],[-0.38926,48.14796],[-0.38696,48.14632],[-0.38424,48.14494],[-0.38151,48.14397],[-0.37886,48.14333],[-0.36396,48.14169],[-0.35964,48.1407],[-0.35678,48.13955],[-0.35441,48.1382],[-0.34528,48.1308],[-0.34262,48.12913],[-0.34045,48.12828],[-0.33772,48.12768],[-0.33469,48.12741],[-0.33153,48.12755],[-0.32828,48.12811],[-0.32512,48.12918],[-0.32262,48.13057],[-0.31921,48.13319],[-0.31777,48.13411],[-0.31513,48.13525],[-0.31218,48.13595],[-0.31028,48.13614],[-0.30772,48.1361],[-0.29397,48.13418],[-0.29023,48.13397],[-0.28758,48.134],[-0.28472,48.13424],[-0.27978,48.13515],[-0.27611,48.13626],[-0.24003,48.14976],[-0.23624,48.15065],[-0.22774,48.15185],[-0.22406,48.15266],[-0.20894,48.15805],[-0.20677,48.15863],[-0.20156,48.15955],[-0.19675,48.16138],[-0.19466,48.16201],[-0.19138,48.16247],[-0.18546,48.16264],[-0.18183,48.16345],[-0.18007,48.16414],[-0.17845,48.16503],[-0.16637,48.1733],[-0.16448,48.17423],[-0.16244,48.17495],[-0.14876,48.17682],[-0.13294,48.18085],[-0.12503,48.18194],[-0.11705,48.18252],[-0.11403,48.18259],[-0.10065,48.18142],[-0.0965,48.18082],[-0.09329,48.17969],[-0.08947,48.17742],[-0.08748,48.17654],[-0.0855,48.17596],[-0.08041,48.17504],[-0.07706,48.1742],[-0.0745,48.17329],[-0.07161,48.17193],[-0.06914,48.17045],[-0.06402,48.16672],[-0.06267,48.16538],[-0.06179,48.16405],[-0.06127,48.16277],[-0.06102,48.1613],[-0.0614,48.15635],[-0.0613,48.15502],[-0.06078,48.15329],[-0.05971,48.15143],[-0.05846,48.15003],[-0.05741,48.14914],[-0.04815,48.1421],[-0.04446,48.14009],[-0.02767,48.13298],[0.00492,48.12172],[0.00936,48.11992],[0.01225,48.11844],[0.01568,48.11626],[0.02746,48.10674],[0.02868,48.1059],[0.03019,48.10514],[0.03266,48.10429],[0.03513,48.10381],[0.04983,48.10304],[0.07219,48.10062],[0.07454,48.10006],[0.07676,48.09925],[0.07857,48.09834],[0.08178,48.09631],[0.08353,48.09545],[0.08553,48.09479],[0.08758,48.09435],[0.09133,48.09415],[0.09865,48.09492],[0.10116,48.09477],[0.1039,48.09422],[0.10617,48.09341],[0.12202,48.08599],[0.1278,48.08253],[0.13254,48.07852],[0.13408,48.07782],[0.13598,48.07742],[0.13806,48.07742],[0.14133,48.0779],[0.15913,48.08114],[0.16516,48.08236],[0.17112,48.08387],[0.17611,48.08539],[0.18094,48.08711],[0.19565,48.09344],[0.201,48.09548],[0.20723,48.09742],[0.21375,48.099],[0.22143,48.10033],[0.23017,48.1012],[0.23909,48.10141],[0.24766,48.10098],[0.25265,48.10044],[0.2801,48.09662],[0.28655,48.09612],[0.30325,48.09567],[0.30934,48.0953],[0.31694,48.09444],[0.32507,48.093],[0.33425,48.09067],[0.35452,48.08389],[0.41192,48.06662],[0.41779,48.06499],[0.44518,48.05846],[0.48633,48.04837],[0.49196,48.04731],[0.49764,48.04652],[0.50403,48.04595],[0.51042,48.04572],[0.54672,48.0462],[0.57241,48.04784],[0.58166,48.04897],[0.59001,48.05063],[0.59816,48.05288],[0.60608,48.05577],[0.62136,48.06258],[0.62979,48.0659],[0.63973,48.06901],[0.65052,48.07161],[0.65986,48.07325],[0.67477,48.07482],[0.68134,48.07572],[0.68691,48.07677],[0.69945,48.07959],[0.70791,48.08099],[0.71405,48.08163],[0.74937,48.08423],[0.75663,48.08436],[0.76241,48.08416],[0.77864,48.08266],[0.78503,48.0823],[0.80899,48.08231],[0.81869,48.08268],[0.83662,48.08461],[0.84597,48.08518],[0.87988,48.08505],[0.89645,48.08548],[0.90416,48.08537],[0.91121,48.08485],[0.91775,48.084],[0.92289,48.08307],[0.93519,48.08049],[0.95577,48.07668],[0.96682,48.07506],[0.98593,48.07351],[1.01005,48.07096],[1.01749,48.07037],[1.02786,48.0701],[1.03365,48.07023],[1.03944,48.07056],[1.04649,48.07125],[1.05466,48.07243],[1.08021,48.07769],[1.09416,48.07982],[1.09843,48.08071],[1.10228,48.08181],[1.1205,48.08788],[1.14726,48.09712],[1.15134,48.09865],[1.15522,48.10039],[1.15962,48.10272],[1.1628,48.10472],[1.16626,48.10725],[1.17057,48.11114],[1.17674,48.11816],[1.17904,48.1205],[1.18231,48.12336],[1.18516,48.12551],[1.18933,48.12821],[1.20181,48.13532],[1.21357,48.14337],[1.21937,48.14686],[1.22519,48.14975],[1.23193,48.15248],[1.23753,48.15432],[1.25035,48.15797],[1.25811,48.16076],[1.29971,48.1799],[1.30463,48.18198],[1.31089,48.1843],[1.32006,48.18712],[1.33045,48.18955],[1.33695,48.19068],[1.35699,48.19365],[1.36682,48.19555],[1.37467,48.19747],[1.40267,48.20513],[1.4092,48.20718],[1.4149,48.20926],[1.41884,48.21087],[1.4326,48.21704],[1.43724,48.2188],[1.44198,48.22036],[1.49888,48.23554],[1.51317,48.23911],[1.52515,48.24257],[1.55849,48.25154],[1.57349,48.25532],[1.57947,48.25726],[1.58518,48.25948],[1.59069,48.26202],[1.59641,48.26513],[1.60159,48.26846],[1.61079,48.27533],[1.61642,48.27903],[1.62159,48.28191],[1.63441,48.28815],[1.64043,48.29166],[1.64672,48.29612],[1.6498,48.29868],[1.65246,48.30115],[1.65535,48.30421],[1.65861,48.30827],[1.69211,48.35432],[1.6965,48.3599],[1.70113,48.36457],[1.73584,48.39568],[1.7386,48.39861],[1.7683,48.43231],[1.77179,48.43578],[1.77486,48.43836],[1.77934,48.44151],[1.79015,48.44818],[1.80188,48.45657],[1.80572,48.45883],[1.80924,48.46061],[1.81373,48.46253],[1.81849,48.46419],[1.8235,48.46558],[1.83271,48.46765],[1.83701,48.46877],[1.84152,48.4702],[1.84653,48.47212],[1.8803,48.48644],[1.88355,48.4881],[1.88715,48.49021],[1.89083,48.49271],[1.89366,48.49493],[1.89709,48.49806],[1.89958,48.50077],[1.90195,48.5038],[1.90412,48.50725],[1.90557,48.51012],[1.91671,48.53574],[1.91865,48.5393],[1.92135,48.54299],[1.92427,48.5461],[1.9276,48.54898],[1.9309,48.55136],[1.93446,48.55351],[1.93902,48.55579],[1.9432,48.5575],[1.94818,48.55913],[1.9554,48.56084],[1.97843,48.56476],[1.98442,48.56629],[1.98945,48.56798],[1.99298,48.5694],[1.997,48.5713],[2.00999,48.57796],[2.01848,48.58252],[2.02227,48.58432],[2.02718,48.58625],[2.04316,48.59177],[2.04705,48.59342],[2.05524,48.59733],[2.062,48.59987],[2.06848,48.60167],[2.09361,48.60748],[2.11272,48.61135],[2.11873,48.6131],[2.12419,48.61524],[2.12785,48.61703],[2.13057,48.61858],[2.13355,48.62053],[2.13645,48.62277],[2.13931,48.62542],[2.1452,48.63232],[2.14784,48.63501],[2.15258,48.63871],[2.15641,48.64112],[2.16923,48.64844],[2.17888,48.65416],[2.18297,48.65713],[2.19153,48.66438],[2.19839,48.66917],[2.21961,48.67901],[2.23079,48.68366],[2.23481,48.68577],[2.23725,48.68742],[2.24001,48.68955],[2.2432,48.69257],[2.24558,48.69525],[2.24738,48.69772],[2.2493,48.70101],[2.2508,48.70477],[2.25249,48.7107],[2.25535,48.71938],[2.25614,48.72104],[2.25727,48.72244],[2.25881,48.72385],[2.26914,48.73195],[2.2712,48.73407],[2.28254,48.75208],[2.28383,48.75467],[2.28455,48.75677],[2.28502,48.75904],[2.28547,48.77199],[2.28582,48.77447],[2.28743,48.78273],[2.28843,48.78486],[2.29096,48.78853],[2.2925,48.79242],[2.29345,48.79416],[2.29997,48.80212],[2.30062,48.80314],[2.30088,48.80392],[2.30147,48.80936],[2.30128,48.81049],[2.29975,48.81248],[2.29605,48.81607],[2.29553,48.8168],[2.29508,48.81833],[2.29518,48.8193],[2.29545,48.81999],[2.296,48.82078],[2.29731,48.82202],[2.30991,48.83229],[2.31219,48.83465],[2.31315,48.83593],[2.31581,48.83832]]}},{"type":"Feature","properties":{"name":"2023_Przemysl -> Warsaw (387.4km)","mode":"train","distance_km":"386.8"},"geometry":{"type":"LineString","coordinates":[[22.78002,49.78359],[22.77506,49.78376],[22.77319,49.78413],[22.77203,49.78458],[22.76972,49.78632],[22.76838,49.7876],[22.76795,49.78878],[22.7682,49.79004],[22.76891,49.79096],[22.77023,49.7918],[22.78831,49.80035],[22.7912,49.80124],[22.80316,49.80352],[22.80539,49.80435],[22.80703,49.80557],[22.80794,49.80686],[22.8082,49.80773],[22.80874,49.81341],[22.8093,49.81459],[22.81024,49.81553],[22.81237,49.81659],[22.82037,49.81846],[22.82361,49.81945],[22.82917,49.82239],[22.83159,49.82393],[22.83233,49.82478],[22.83359,49.82697],[22.8379,49.83337],[22.83975,49.83568],[22.84263,49.83989],[22.84566,49.84291],[22.84721,49.84515],[22.86264,49.87247],[22.86302,49.87388],[22.86309,49.87484],[22.86288,49.87624],[22.86254,49.87716],[22.83651,49.93456],[22.83578,49.93571],[22.83381,49.93736],[22.83261,49.93812],[22.83142,49.93862],[22.82091,49.94219],[22.76226,49.96129],[22.75837,49.96284],[22.74219,49.97144],[22.7403,49.97264],[22.70189,50.00391],[22.70023,50.00477],[22.69328,50.00774],[22.69087,50.00858],[22.66788,50.01206],[22.65882,50.01467],[22.65644,50.01561],[22.65424,50.017],[22.60191,50.05479],[22.60011,50.05585],[22.59814,50.05671],[22.59515,50.05756],[22.57789,50.06097],[22.536,50.06802],[22.53217,50.06809],[22.52957,50.06791],[22.52158,50.06666],[22.51481,50.06632],[22.50541,50.06733],[22.50145,50.06766],[22.49802,50.06771],[22.49649,50.06792],[22.49498,50.06864],[22.49449,50.06923],[22.49432,50.06978],[22.4944,50.07033],[22.49474,50.0709],[22.51402,50.09342],[22.52838,50.1066],[22.5403,50.1193],[22.54069,50.12012],[22.54086,50.12132],[22.54055,50.1314],[22.54038,50.13421],[22.54012,50.13508],[22.53966,50.13588],[22.53732,50.13843],[22.53144,50.14424],[22.52572,50.15021],[22.49851,50.18208],[22.46647,50.22514],[22.46252,50.23192],[22.46218,50.23277],[22.4622,50.23342],[22.46243,50.23403],[22.4643,50.23706],[22.46444,50.23786],[22.4643,50.23865],[22.4629,50.24153],[22.46035,50.24427],[22.45914,50.24507],[22.45765,50.24567],[22.43787,50.25097],[22.4363,50.2519],[22.43277,50.25583],[22.43126,50.25691],[22.42959,50.25755],[22.42416,50.25884],[22.42298,50.25932],[22.42231,50.2598],[22.42176,50.26047],[22.416,50.27086],[22.41476,50.27209],[22.41295,50.27291],[22.40899,50.27389],[22.40228,50.27516],[22.39986,50.27604],[22.38789,50.2842],[22.37715,50.29186],[22.37244,50.29459],[22.37064,50.2962],[22.36584,50.30279],[22.35397,50.31575],[22.34219,50.32508],[22.33285,50.33398],[22.33082,50.33546],[22.32819,50.33668],[22.30482,50.34532],[22.29056,50.3528],[22.28806,50.35338],[22.28133,50.35391],[22.26292,50.35849],[22.26137,50.35937],[22.25255,50.36647],[22.25209,50.36704],[22.25176,50.3678],[22.25176,50.37052],[22.25767,50.4291],[22.25771,50.42997],[22.25756,50.43052],[22.25693,50.43137],[22.25596,50.43203],[22.22802,50.44734],[22.22595,50.44866],[22.21103,50.4642],[22.19779,50.48029],[22.19565,50.48224],[22.14744,50.51084],[22.14435,50.51245],[22.1306,50.51883],[22.10725,50.52494],[22.10569,50.52575],[22.09697,50.53139],[22.08002,50.54387],[22.07442,50.55],[22.06214,50.56107],[22.06109,50.56229],[22.04598,50.58251],[22.04528,50.5838],[22.04433,50.58668],[22.0434,50.58888],[22.04231,50.59059],[22.04059,50.59187],[22.03759,50.59374],[22.03383,50.59652],[22.03055,50.59864],[22.02896,50.59936],[22.01868,50.60278],[21.91707,50.63589],[21.91547,50.6362],[21.91377,50.63627],[21.91208,50.63613],[21.91048,50.63579],[21.87955,50.62502],[21.8271,50.59909],[21.82498,50.59836],[21.82315,50.59806],[21.82129,50.59802],[21.79544,50.59947],[21.7919,50.60019],[21.7891,50.6015],[21.76117,50.62195],[21.76009,50.62302],[21.75931,50.62421],[21.75892,50.62535],[21.75883,50.6267],[21.76427,50.65653],[21.76632,50.6645],[21.76675,50.66536],[21.76725,50.66593],[21.76872,50.66689],[21.7707,50.66748],[21.78192,50.66877],[21.78444,50.6686],[21.78869,50.6675],[21.79089,50.66746],[21.7925,50.66775],[21.79819,50.66995],[21.80029,50.67096],[21.81136,50.67791],[21.81258,50.67898],[21.81329,50.68035],[21.81343,50.68153],[21.8128,50.68313],[21.8074,50.68963],[21.80461,50.69428],[21.80012,50.69902],[21.79909,50.7003],[21.79488,50.70778],[21.79444,50.70884],[21.79178,50.71814],[21.79009,50.72427],[21.78993,50.72547],[21.78994,50.72666],[21.79224,50.73757],[21.79292,50.73911],[21.79353,50.7398],[21.79588,50.74181],[21.79758,50.74373],[21.80049,50.74622],[21.80316,50.74777],[21.80386,50.74834],[21.80563,50.75113],[21.8057,50.75197],[21.80529,50.75284],[21.80409,50.75378],[21.80242,50.75426],[21.79487,50.75458],[21.79348,50.75427],[21.79247,50.7538],[21.7917,50.75314],[21.79056,50.75152],[21.78915,50.75055],[21.78741,50.75006],[21.78379,50.74991],[21.7814,50.75019],[21.77352,50.75194],[21.77135,50.75258],[21.7694,50.75358],[21.75815,50.76123],[21.75655,50.76188],[21.75208,50.7632],[21.7505,50.76385],[21.73974,50.76988],[21.73353,50.77298],[21.71948,50.78363],[21.69799,50.79715],[21.69693,50.79766],[21.69548,50.7981],[21.69121,50.79873],[21.68915,50.79923],[21.68212,50.80245],[21.67332,50.8051],[21.671,50.80604],[21.66893,50.80756],[21.65317,50.82035],[21.6526,50.82113],[21.65212,50.8223],[21.65095,50.82957],[21.6505,50.83097],[21.64529,50.83837],[21.64438,50.83945],[21.62266,50.85619],[21.6207,50.85718],[21.61531,50.85907],[21.60972,50.86277],[21.60682,50.86442],[21.60055,50.86684],[21.5829,50.87475],[21.58101,50.87521],[21.5732,50.87631],[21.56484,50.87816],[21.56329,50.87872],[21.55649,50.88179],[21.55477,50.88224],[21.55044,50.88279],[21.54868,50.8832],[21.54637,50.88396],[21.54319,50.88552],[21.54164,50.8861],[21.53962,50.88656],[21.53027,50.88762],[21.51992,50.88969],[21.51788,50.89045],[21.51202,50.89335],[21.51003,50.89404],[21.50742,50.89469],[21.50328,50.89519],[21.49262,50.89567],[21.49023,50.89611],[21.47005,50.90221],[21.46116,50.90539],[21.45818,50.9071],[21.45627,50.90789],[21.45277,50.9088],[21.44842,50.90912],[21.44635,50.90949],[21.43774,50.91251],[21.41894,50.91847],[21.41726,50.91916],[21.41361,50.92105],[21.38677,50.93069],[21.34634,50.9438],[21.34045,50.94563],[21.32491,50.94936],[21.32212,50.95024],[21.31921,50.95176],[21.30236,50.96317],[21.29402,50.96864],[21.28933,50.97076],[21.2816,50.97313],[21.27998,50.97391],[21.27833,50.97498],[21.27694,50.97625],[21.27589,50.97763],[21.27185,50.98685],[21.27116,50.988],[21.27018,50.98915],[21.26876,50.99034],[21.25308,51.0013],[21.21705,51.02029],[21.21419,51.02147],[21.21111,51.02208],[21.2078,51.02216],[21.19911,51.02137],[21.19395,51.02028],[21.18722,51.01975],[21.18476,51.01894],[21.18078,51.01653],[21.17871,51.01572],[21.1763,51.01531],[21.17058,51.01507],[21.16851,51.01474],[21.16685,51.01418],[21.16031,51.0113],[21.15794,51.01076],[21.15546,51.01056],[21.13787,51.01208],[21.12114,51.01238],[21.11834,51.01263],[21.11636,51.01303],[21.1102,51.01468],[21.10321,51.01596],[21.09169,51.01983],[21.08965,51.02073],[21.08621,51.02266],[21.08524,51.02348],[21.08431,51.02476],[21.08393,51.02595],[21.08395,51.02712],[21.08596,51.03311],[21.08608,51.03474],[21.08571,51.0359],[21.08511,51.03682],[21.08256,51.03899],[21.0806,51.04023],[21.07604,51.04369],[21.07379,51.04492],[21.07102,51.04608],[21.06448,51.04835],[21.05807,51.05155],[21.05077,51.05402],[21.04824,51.05526],[21.04613,51.05685],[21.04492,51.05823],[21.04421,51.05945],[21.0432,51.06218],[21.0426,51.06335],[21.04132,51.06496],[21.03984,51.06621],[21.006,51.08576],[21.0039,51.0867],[20.98834,51.09229],[20.98609,51.09278],[20.98163,51.09305],[20.97996,51.09332],[20.97778,51.09404],[20.9757,51.09517],[20.97439,51.09626],[20.97345,51.0977],[20.97282,51.10121],[20.96905,51.11081],[20.96803,51.11219],[20.96644,51.11336],[20.96463,51.11414],[20.94045,51.12201],[20.937,51.12281],[20.93313,51.12306],[20.9112,51.12174],[20.90917,51.12171],[20.90744,51.12194],[20.90576,51.1225],[20.90432,51.12338],[20.89843,51.12939],[20.89796,51.13032],[20.89652,51.13532],[20.89674,51.14006],[20.89886,51.14788],[20.89917,51.15022],[20.90096,51.15492],[20.91043,51.19112],[20.91126,51.19291],[20.9126,51.19456],[20.91387,51.19564],[20.92092,51.20079],[20.92195,51.20175],[20.92246,51.20249],[20.92297,51.20405],[20.92378,51.21295],[20.92425,51.21587],[20.92467,51.21705],[20.92566,51.21834],[20.92683,51.21927],[20.92802,51.21991],[20.93058,51.22073],[20.93308,51.22102],[20.93865,51.2209],[20.9414,51.22132],[20.94391,51.22228],[20.94621,51.22355],[20.94729,51.22432],[20.94813,51.22517],[20.94872,51.22612],[20.949,51.22691],[20.9491,51.22794],[20.94877,51.22933],[20.94663,51.23318],[20.94634,51.23436],[20.9464,51.23538],[20.94684,51.23655],[20.9475,51.23748],[20.9484,51.23832],[20.94974,51.23916],[20.95163,51.23992],[20.95374,51.24038],[20.96328,51.24086],[20.96614,51.24136],[20.96842,51.24204],[21.00417,51.25704],[21.00676,51.2584],[21.00875,51.25998],[21.03733,51.28737],[21.03838,51.28854],[21.039,51.2895],[21.04535,51.30564],[21.04627,51.31124],[21.0494,51.32087],[21.04951,51.32294],[21.04832,51.32955],[21.04862,51.33264],[21.04904,51.33364],[21.04971,51.33458],[21.05193,51.33705],[21.05342,51.33833],[21.0566,51.34004],[21.06287,51.34245],[21.06535,51.34316],[21.0998,51.34931],[21.10286,51.34969],[21.10964,51.35007],[21.11191,51.35036],[21.13034,51.3552],[21.13255,51.35603],[21.13447,51.35736],[21.1351,51.35807],[21.13565,51.35901],[21.13914,51.37125],[21.13928,51.37244],[21.1391,51.37356],[21.13865,51.37457],[21.13734,51.37666],[21.13697,51.37806],[21.13701,51.37895],[21.13728,51.37986],[21.13782,51.38079],[21.13863,51.38168],[21.1404,51.3829],[21.14623,51.38591],[21.14944,51.3882],[21.15161,51.38932],[21.162,51.39283],[21.16774,51.39534],[21.17381,51.39921],[21.18564,51.4063],[21.18707,51.40747],[21.18799,51.40893],[21.18821,51.41051],[21.18438,51.43026],[21.18426,51.43158],[21.18651,51.46072],[21.18676,51.46232],[21.18727,51.46372],[21.19306,51.47487],[21.1935,51.4762],[21.19374,51.47785],[21.1937,51.4792],[21.19331,51.48097],[21.18696,51.49869],[21.18674,51.49998],[21.18615,51.50853],[21.18578,51.51032],[21.1839,51.51494],[21.18013,51.52003],[21.17897,51.52214],[21.17824,51.52428],[21.17696,51.53113],[21.17691,51.53389],[21.17949,51.59157],[21.17708,51.62698],[21.1718,51.6595],[21.17165,51.66117],[21.17203,51.66354],[21.17422,51.66818],[21.17468,51.6705],[21.17459,51.67206],[21.17264,51.68324],[21.17269,51.70084],[21.17281,51.70264],[21.18655,51.76089],[21.18678,51.76324],[21.18638,51.76541],[21.18561,51.76712],[21.17714,51.78157],[21.17663,51.78314],[21.17648,51.78514],[21.17623,51.78636],[21.17556,51.7878],[21.17469,51.78894],[21.17349,51.79005],[21.13853,51.81738],[21.12728,51.8285],[21.12577,51.83038],[21.12489,51.83226],[21.10276,51.89681],[21.10056,51.90366],[21.09915,51.90707],[21.09624,51.91536],[21.08379,51.95193],[21.0796,51.96405],[21.07874,51.9661],[21.06965,51.98112],[21.03219,52.04206],[21.03089,52.04492],[21.02886,52.0521],[21.02772,52.0543],[21.02155,52.06233],[21.00324,52.08024],[21.00106,52.08261],[20.99724,52.08725],[20.99607,52.08905],[20.9954,52.09088],[20.99501,52.09283],[20.98892,52.14823],[20.98895,52.15154],[20.9885,52.15362],[20.98777,52.16046],[20.98729,52.17083],[20.98743,52.17392],[20.9873,52.17833],[20.98689,52.18301],[20.98678,52.18908],[20.98647,52.19011],[20.98591,52.19093],[20.98512,52.19165],[20.9839,52.19238],[20.98257,52.19288],[20.94634,52.20141],[20.94501,52.20213],[20.94349,52.20353],[20.94221,52.20499],[20.93942,52.2077],[20.93859,52.20909],[20.93848,52.20979],[20.93858,52.21059],[20.93928,52.21207],[20.94001,52.21314],[20.94122,52.21407],[20.94437,52.21554],[20.94956,52.21642],[20.95407,52.21795],[20.95913,52.21937],[20.95974,52.21969],[20.96092,52.22069],[20.96121,52.22121],[20.96135,52.22207]]}},{"type":"Feature","properties":{"name":"2023_Schwechat -> Favoriten (17.6km)","mode":"train","distance_km":"17.6"},"geometry":{"type":"LineString","coordinates":[[16.56453,48.12031],[16.5631,48.12088],[16.55336,48.12586],[16.54903,48.12727],[16.53788,48.13182],[16.53561,48.13258],[16.53187,48.13332],[16.513,48.13531],[16.50173,48.1379],[16.49392,48.13894],[16.49208,48.13965],[16.48837,48.14184],[16.48723,48.14212],[16.48403,48.14242],[16.48294,48.14267],[16.47852,48.14549],[16.47765,48.14577],[16.4748,48.14617],[16.4718,48.14779],[16.47068,48.14815],[16.4693,48.14819],[16.46775,48.14774],[16.46592,48.14664],[16.45667,48.14036],[16.45534,48.13964],[16.45383,48.13912],[16.45139,48.13877],[16.44191,48.13836],[16.4387,48.13847],[16.43696,48.13884],[16.43562,48.13954],[16.43427,48.14087],[16.42958,48.14792],[16.42834,48.14937],[16.42603,48.15103],[16.42335,48.15382],[16.41581,48.16035],[16.41282,48.16236],[16.40638,48.16786],[16.39308,48.1767],[16.38562,48.18235],[16.38158,48.18418],[16.37729,48.18492]]}},{"type":"Feature","properties":{"name":"2023_Warsaw -> Wrocław (401.1km)","mode":"train","distance_km":"400.3"},"geometry":{"type":"LineString","coordinates":[[20.96523,52.2201],[20.95585,52.21819],[20.94862,52.21597],[20.93869,52.2139],[20.91588,52.20663],[20.90775,52.20381],[20.84247,52.18265],[20.63342,52.11377],[20.6181,52.10846],[20.60871,52.10559],[20.40524,52.03791],[20.21872,51.97677],[20.21462,51.97584],[20.20756,51.97503],[20.18322,51.97519],[20.1802,51.97506],[20.17727,51.9747],[20.17479,51.97413],[20.15833,51.96921],[20.15226,51.96775],[20.13944,51.96399],[20.13748,51.96319],[20.13579,51.96217],[20.13437,51.961],[20.13303,51.95936],[20.1323,51.95787],[20.12668,51.94366],[20.12595,51.94235],[20.12489,51.94108],[20.12314,51.93964],[20.12069,51.9383],[20.11037,51.93457],[20.1075,51.93386],[20.10506,51.93351],[20.10231,51.93339],[20.09931,51.93357],[20.0387,51.94338],[20.03465,51.9437],[20.03225,51.94358],[20.03016,51.94329],[20.02734,51.94257],[20.02501,51.94163],[20.02266,51.94022],[20.02097,51.93868],[20.01964,51.93671],[20.01371,51.92497],[20.01266,51.92361],[20.01155,51.9226],[20.00865,51.92066],[19.98667,51.90745],[19.98336,51.90569],[19.98156,51.90504],[19.97944,51.90451],[19.97508,51.90405],[19.94746,51.90538],[19.9445,51.90534],[19.94183,51.90499],[19.9393,51.90435],[19.93689,51.90339],[19.93486,51.9022],[19.93374,51.90132],[19.93265,51.90018],[19.93182,51.89892],[19.93125,51.89749],[19.91868,51.84396],[19.91824,51.84249],[19.91742,51.84101],[19.91615,51.83953],[19.91467,51.83831],[19.85188,51.79339],[19.85031,51.79208],[19.84873,51.79037],[19.82044,51.7471],[19.81986,51.74565],[19.80934,51.72501],[19.78199,51.67042],[19.78138,51.66886],[19.77037,51.64651],[19.7692,51.64487],[19.76781,51.64339],[19.73282,51.61031],[19.73167,51.60908],[19.72974,51.60621],[19.72072,51.58767],[19.72014,51.58626],[19.71991,51.58505],[19.71995,51.58381],[19.72021,51.58269],[19.72878,51.56592],[19.72919,51.5642],[19.72906,51.56235],[19.72848,51.56073],[19.70046,51.50347],[19.69942,51.50106],[19.69906,51.4995],[19.69222,51.45528],[19.66907,51.3152],[19.6684,51.31306],[19.66688,51.31037],[19.65389,51.2934],[19.65227,51.29092],[19.65119,51.28826],[19.6485,51.27816],[19.64711,51.27515],[19.61671,51.23235],[19.61077,51.22427],[19.60882,51.22232],[19.60718,51.22098],[19.6017,51.21746],[19.59818,51.21495],[19.59689,51.2137],[19.59494,51.21121],[19.59345,51.20995],[19.59082,51.20846],[19.58735,51.20732],[19.50188,51.18702],[19.49848,51.18604],[19.49603,51.18493],[19.4944,51.18389],[19.49313,51.1828],[19.49206,51.18153],[19.49121,51.17998],[19.48314,51.14979],[19.48227,51.14793],[19.48056,51.14556],[19.47939,51.14437],[19.47799,51.14323],[19.47477,51.1413],[19.46963,51.13932],[19.45788,51.13635],[19.45533,51.13554],[19.4532,51.13459],[19.45158,51.13365],[19.44993,51.1324],[19.44859,51.13105],[19.44768,51.12978],[19.43588,51.11066],[19.43511,51.10907],[19.43476,51.10788],[19.43465,51.10504],[19.4361,51.08912],[19.43646,51.08747],[19.43776,51.0735],[19.43753,51.07146],[19.43693,51.06981],[19.43558,51.06772],[19.35692,50.96793],[19.35549,50.96587],[19.3545,50.96388],[19.35389,50.96206],[19.33901,50.90632],[19.338,50.90348],[19.33654,50.9015],[19.33515,50.90028],[19.33315,50.89904],[19.33083,50.89805],[19.3288,50.89746],[19.26056,50.88305],[19.18304,50.86964],[19.17899,50.86861],[19.17622,50.86728],[19.17388,50.86559],[19.17297,50.86465],[19.15679,50.83954],[19.15605,50.83852],[19.15493,50.83738],[19.15331,50.83617],[19.15164,50.83526],[19.12971,50.82469],[19.12674,50.82276],[19.12435,50.82047],[19.12296,50.81825],[19.12205,50.81616],[19.12165,50.81464],[19.12143,50.81168],[19.12093,50.80903],[19.12085,50.80753],[19.12005,50.80468],[19.11999,50.8037],[19.12054,50.80198],[19.12036,50.8006],[19.12047,50.80009],[19.12186,50.79843],[19.12215,50.79768],[19.12218,50.79712],[19.12202,50.79659],[19.12161,50.79599],[19.12019,50.79506],[19.11857,50.79466],[19.11697,50.79469],[19.1107,50.79651],[19.10035,50.79812],[19.09672,50.79889],[19.08036,50.80111],[19.07849,50.80119],[19.07587,50.80088],[19.04501,50.79491],[19.02948,50.79171],[19.02692,50.79109],[19.02509,50.79035],[19.02413,50.78973],[19.02149,50.7874],[19.02044,50.78679],[19.019,50.78626],[19.01249,50.78513],[19.00412,50.78408],[19.00206,50.78366],[18.96595,50.77287],[18.94622,50.76681],[18.94397,50.76633],[18.93852,50.76555],[18.90303,50.75662],[18.90061,50.75573],[18.88799,50.74967],[18.86429,50.74213],[18.8609,50.74119],[18.80593,50.7242],[18.79703,50.72202],[18.78079,50.7186],[18.77885,50.7179],[18.77689,50.71691],[18.71731,50.68036],[18.71537,50.6785],[18.71469,50.67746],[18.71415,50.67619],[18.7139,50.67458],[18.71427,50.67075],[18.71391,50.66924],[18.71336,50.66846],[18.71257,50.66774],[18.71138,50.66704],[18.71012,50.66658],[18.70806,50.66622],[18.70591,50.66631],[18.70317,50.66694],[18.69975,50.66803],[18.69611,50.66975],[18.68807,50.6747],[18.68422,50.6766],[18.68283,50.67706],[18.68107,50.67727],[18.67197,50.67711],[18.65821,50.67645],[18.65621,50.6765],[18.65398,50.67699],[18.63826,50.6825],[18.63648,50.6829],[18.63482,50.68298],[18.58436,50.68022],[18.5705,50.68064],[18.56048,50.68074],[18.55618,50.68008],[18.48578,50.66565],[18.39512,50.66074],[18.39249,50.66049],[18.37113,50.65743],[18.36849,50.65766],[18.36549,50.65841],[18.35839,50.66054],[18.35486,50.66103],[18.33991,50.65985],[18.33556,50.66003],[18.33293,50.66054],[18.31799,50.66453],[18.31537,50.66502],[18.31207,50.66539],[18.23492,50.66904],[18.1864,50.67085],[18.18381,50.67075],[18.18116,50.67045],[18.1768,50.66945],[18.17285,50.66787],[18.16554,50.66358],[18.16265,50.66219],[18.15839,50.66089],[18.15561,50.6604],[18.1532,50.66018],[18.15057,50.66014],[18.14767,50.66032],[18.10282,50.66545],[18.09862,50.66565],[18.09579,50.66549],[18.09283,50.66504],[18.06483,50.65812],[18.06059,50.65737],[18.05784,50.65709],[18.00535,50.65765],[17.94947,50.65713],[17.94774,50.6573],[17.94513,50.65807],[17.93456,50.6604],[17.92903,50.66182],[17.92731,50.66206],[17.92007,50.66216],[17.89512,50.66066],[17.8861,50.66067],[17.87941,50.66122],[17.81814,50.66985],[17.78134,50.67914],[17.77778,50.68024],[17.77456,50.68163],[17.62793,50.75214],[17.53137,50.7983],[17.52865,50.79972],[17.52606,50.80126],[17.523,50.80337],[17.51884,50.80696],[17.48391,50.84602],[17.48136,50.84827],[17.47822,50.85026],[17.47656,50.85106],[17.47424,50.85187],[17.44358,50.86079],[17.44017,50.862],[17.4365,50.86354],[17.43078,50.86658],[17.39795,50.88675],[17.39427,50.88876],[17.29958,50.92965],[17.21696,50.97071],[17.21227,50.97364],[17.17693,50.99787],[17.1256,51.02821],[17.11808,51.03316],[17.11367,51.0381],[17.10648,51.04366],[17.10241,51.04732],[17.09899,51.05098],[17.09637,51.05415],[17.09017,51.0607],[17.085,51.06721],[17.08382,51.06832],[17.07947,51.07313],[17.07331,51.08111],[17.07028,51.08384],[17.06815,51.08545],[17.06553,51.08712],[17.055,51.09153],[17.05377,51.09225],[17.04661,51.09564],[17.04351,51.09672],[17.04037,51.09745],[17.03808,51.09776]]}},{"type":"Feature","properties":{"name":"2024_Adliswil -> Zurich (6.1km)","mode":"train","distance_km":"6.1"},"geometry":{"type":"LineString","coordinates":[[8.52401,47.31232],[8.52402,47.31329],[8.52381,47.31402],[8.5215,47.31939],[8.5213,47.32153],[8.52096,47.32204],[8.51905,47.32381],[8.51866,47.32444],[8.51859,47.32514],[8.51908,47.32688],[8.51897,47.32758],[8.51701,47.32991],[8.51674,47.33072],[8.51712,47.33162],[8.51917,47.33353],[8.51952,47.33421],[8.51995,47.34317],[8.51987,47.34474],[8.52023,47.34615],[8.52093,47.34707],[8.52564,47.35068],[8.52608,47.35123],[8.52621,47.35167],[8.52592,47.35257],[8.52402,47.35437],[8.52153,47.35857],[8.52002,47.36012],[8.51995,47.36056],[8.52015,47.36109],[8.52194,47.36262]]}},{"type":"Feature","properties":{"name":"2024_Basel -> Zurich (88.2km)","mode":"train","distance_km":"88.0"},"geometry":{"type":"LineString","coordinates":[[7.58958,47.54664],[7.59165,47.54594],[7.59869,47.54418],[7.60207,47.54395],[7.61232,47.54226],[7.61376,47.54234],[7.61667,47.54296],[7.61796,47.54302],[7.62037,47.54251],[7.62482,47.54115],[7.62856,47.5407],[7.6303,47.54015],[7.63465,47.53832],[7.66761,47.52712],[7.68004,47.52352],[7.68316,47.5231],[7.69665,47.52276],[7.69829,47.52307],[7.69995,47.52384],[7.71938,47.5369],[7.7224,47.53808],[7.73107,47.54081],[7.73581,47.54165],[7.74766,47.54258],[7.75362,47.54331],[7.78372,47.54864],[7.78754,47.54961],[7.79492,47.55196],[7.8017,47.55434],[7.81285,47.55661],[7.82607,47.55996],[7.83386,47.56216],[7.84049,47.56365],[7.85108,47.56634],[7.85391,47.5668],[7.85682,47.56698],[7.85983,47.56686],[7.86209,47.56656],[7.86492,47.56591],[7.86744,47.56504],[7.91628,47.54485],[7.92171,47.54417],[7.92768,47.54488],[7.93542,47.5446],[7.9367,47.54433],[7.94031,47.54301],[7.94538,47.54234],[7.95257,47.54024],[7.95534,47.53975],[7.95753,47.53982],[7.96244,47.54075],[7.96441,47.54077],[7.97898,47.53754],[7.98169,47.53677],[7.98468,47.53567],[7.99172,47.53212],[7.99363,47.5309],[8.01426,47.51293],[8.01496,47.51146],[8.01482,47.50997],[8.01399,47.50862],[8.01054,47.50457],[8.01002,47.50327],[8.01008,47.50223],[8.01044,47.50137],[8.01106,47.5006],[8.0121,47.49982],[8.01393,47.49911],[8.01618,47.49887],[8.02588,47.50019],[8.02914,47.50018],[8.03198,47.49965],[8.03659,47.49804],[8.03887,47.49777],[8.04106,47.49809],[8.04512,47.49954],[8.05153,47.50071],[8.05385,47.5008],[8.05582,47.50041],[8.0571,47.49971],[8.0625,47.49526],[8.06336,47.49441],[8.0649,47.49228],[8.0682,47.48952],[8.06912,47.48838],[8.07158,47.484],[8.07226,47.48325],[8.07961,47.47827],[8.08186,47.47749],[8.08407,47.47738],[8.08545,47.4776],[8.08663,47.47799],[8.08974,47.47977],[8.09152,47.48034],[8.094,47.48046],[8.09637,47.47987],[8.09833,47.47892],[8.09969,47.47799],[8.10258,47.47418],[8.10482,47.47213],[8.12747,47.45819],[8.12854,47.45768],[8.13002,47.45728],[8.13227,47.45711],[8.1367,47.45755],[8.14126,47.45741],[8.1438,47.4577],[8.1465,47.4586],[8.15057,47.46111],[8.15203,47.46239],[8.15261,47.4637],[8.15227,47.47012],[8.15248,47.47139],[8.15294,47.47218],[8.15372,47.47295],[8.15462,47.47353],[8.15572,47.47398],[8.15768,47.47434],[8.16108,47.4742],[8.16271,47.4744],[8.16834,47.47618],[8.18217,47.47951],[8.18426,47.48047],[8.18902,47.48351],[8.19021,47.48398],[8.19176,47.48433],[8.19381,47.48421],[8.19502,47.4838],[8.19602,47.48326],[8.19705,47.48236],[8.19983,47.47923],[8.20109,47.4784],[8.20319,47.47788],[8.20538,47.47805],[8.20698,47.47866],[8.20788,47.47919],[8.20881,47.48],[8.21047,47.482],[8.21148,47.48261],[8.21351,47.48307],[8.21983,47.48343],[8.22574,47.48434],[8.22716,47.4847],[8.22893,47.48548],[8.24136,47.49221],[8.24312,47.4929],[8.24451,47.49321],[8.24698,47.49337],[8.24934,47.49304],[8.26099,47.48921],[8.26686,47.48692],[8.26795,47.48613],[8.26933,47.48444],[8.27001,47.48384],[8.27132,47.48312],[8.27298,47.48266],[8.27535,47.48236],[8.27661,47.48239],[8.28283,47.48381],[8.28517,47.48405],[8.29452,47.48336],[8.29811,47.48281],[8.30124,47.48141],[8.30603,47.48017],[8.30697,47.47957],[8.30756,47.47877],[8.3077,47.47798],[8.307,47.4754],[8.30663,47.47433],[8.30513,47.47136],[8.30471,47.46978],[8.30479,47.46778],[8.30507,47.46689],[8.30574,47.46583],[8.30757,47.46438],[8.32207,47.45574],[8.32771,47.45352],[8.32935,47.45258],[8.33048,47.45161],[8.33213,47.44959],[8.33404,47.4462],[8.3357,47.44397],[8.33742,47.44229],[8.34096,47.43926],[8.34278,47.43805],[8.34525,47.43683],[8.35191,47.43423],[8.35935,47.43161],[8.3627,47.42987],[8.36527,47.42895],[8.37422,47.4247],[8.37955,47.42269],[8.39184,47.41658],[8.39907,47.41159],[8.40149,47.41034],[8.40294,47.40937],[8.40422,47.40767],[8.407,47.40283],[8.40805,47.40183],[8.40955,47.40098],[8.41182,47.40029],[8.426,47.39808],[8.42781,47.39792],[8.45652,47.39986],[8.45929,47.39965],[8.47264,47.39591],[8.48739,47.39216],[8.49377,47.39037],[8.49723,47.38952],[8.50105,47.38893],[8.50564,47.38758],[8.50866,47.3865],[8.51287,47.38571],[8.51823,47.38433],[8.52092,47.38336],[8.52811,47.38138],[8.53022,47.38064],[8.53923,47.37821]]}},{"type":"Feature","properties":{"name":"2024_Copenhagen -> Roskilde (34.3km)","mode":"train","distance_km":"34.2"},"geometry":{"type":"LineString","coordinates":[[12.58846,55.6933],[12.58338,55.69021],[12.57657,55.68658],[12.57026,55.68238],[12.56713,55.67997],[12.56414,55.6784],[12.56334,55.67776],[12.56272,55.67688],[12.56249,55.67613],[12.56294,55.67412],[12.56351,55.67296],[12.56527,55.67121],[12.56567,55.67023],[12.56566,55.66956],[12.56541,55.6689],[12.56443,55.66787],[12.55973,55.66554],[12.55769,55.66491],[12.55013,55.66399],[12.54713,55.66353],[12.544,55.66283],[12.54249,55.6628],[12.53842,55.66337],[12.53531,55.66353],[12.52032,55.66377],[12.51223,55.66373],[12.50569,55.66398],[12.42526,55.66519],[12.41967,55.6651],[12.41429,55.66471],[12.402,55.66342],[12.30931,55.65312],[12.29472,55.65168],[12.2781,55.64977],[12.27096,55.64917],[12.25249,55.64677],[12.23247,55.64458],[12.22592,55.64444],[12.21878,55.64499],[12.19143,55.64957],[12.18756,55.64998],[12.18344,55.65017],[12.17718,55.65003],[12.11744,55.64703],[12.1114,55.64616],[12.10659,55.64505],[12.087,55.63839]]}},{"type":"Feature","properties":{"name":"2024_Copenhagen -> Vejle (246.9km)","mode":"train","distance_km":"246.2"},"geometry":{"type":"LineString","coordinates":[[12.58846,55.6933],[12.58338,55.69021],[12.57657,55.68658],[12.57026,55.68238],[12.56713,55.67997],[12.56414,55.6784],[12.56334,55.67776],[12.56272,55.67688],[12.56249,55.67613],[12.56294,55.67412],[12.56351,55.67296],[12.56527,55.67121],[12.56581,55.66955],[12.56579,55.66895],[12.56551,55.66829],[12.56483,55.66746],[12.56386,55.66675],[12.56012,55.66487],[12.558,55.66405],[12.55308,55.66342],[12.54623,55.66197],[12.54336,55.66118],[12.54217,55.6604],[12.54092,55.65861],[12.53946,55.65607],[12.5374,55.65436],[12.53487,55.65322],[12.52917,55.65177],[12.52724,55.65145],[12.52329,55.65117],[12.5208,55.65132],[12.51883,55.65166],[12.51618,55.65248],[12.51148,55.65487],[12.50478,55.65747],[12.50156,55.65828],[12.49768,55.65842],[12.49534,55.6581],[12.49327,55.65753],[12.49209,55.65703],[12.48899,55.65518],[12.48695,55.65418],[12.48313,55.65303],[12.47295,55.65182],[12.45547,55.64878],[12.44529,55.64744],[12.44164,55.64673],[12.43916,55.64605],[12.43644,55.64506],[12.43079,55.64233],[12.42828,55.64134],[12.42503,55.64039],[12.42138,55.63968],[12.41633,55.63922],[12.41134,55.63932],[12.40188,55.63996],[12.38987,55.64142],[12.38113,55.64195],[12.37492,55.642],[12.36292,55.64172],[12.35556,55.64111],[12.34938,55.64005],[12.34278,55.63825],[12.33707,55.63596],[12.33159,55.63296],[12.32636,55.6293],[12.3231,55.62643],[12.316,55.61926],[12.31231,55.61642],[12.30842,55.6141],[12.28873,55.60409],[12.28442,55.60157],[12.28219,55.59996],[12.2706,55.59073],[12.26169,55.58506],[12.25219,55.57791],[12.24071,55.5707],[12.23259,55.56475],[12.23031,55.56271],[12.22896,55.56125],[12.22746,55.55935],[12.22412,55.5545],[12.2222,55.55235],[12.21986,55.55018],[12.21487,55.54626],[12.21161,55.54395],[12.20905,55.54243],[12.20277,55.53916],[12.1998,55.53733],[12.19637,55.53468],[12.19397,55.53232],[12.18953,55.52652],[12.17683,55.50858],[12.17565,55.50651],[12.17007,55.49417],[12.16903,55.49248],[12.16716,55.49032],[12.16405,55.48766],[12.16061,55.48559],[12.15582,55.48352],[12.15035,55.48195],[12.14559,55.48112],[12.14087,55.48071],[12.10956,55.48022],[12.10447,55.4799],[12.09958,55.47931],[12.09406,55.4783],[12.09005,55.47731],[12.0861,55.4761],[12.0774,55.47284],[12.07395,55.47174],[12.0573,55.46775],[12.05033,55.46647],[12.04579,55.46581],[12.02501,55.46348],[12.00738,55.46034],[12.0007,55.45947],[11.99167,55.45867],[11.98258,55.4584],[11.97056,55.45773],[11.96442,55.45777],[11.94057,55.45876],[11.93405,55.4586],[11.92808,55.45806],[11.92269,55.45725],[11.91825,55.45633],[11.9035,55.45214],[11.89406,55.45014],[11.82638,55.44023],[11.82144,55.43964],[11.78777,55.43793],[11.77672,55.43755],[11.75334,55.43644],[11.7473,55.4364],[11.71986,55.43811],[11.71586,55.43849],[11.71139,55.43921],[11.6935,55.44311],[11.68917,55.44377],[11.6835,55.44406],[11.67752,55.4437],[11.6715,55.44262],[11.60415,55.42816],[11.58437,55.422],[11.57861,55.42057],[11.56665,55.41872],[11.56016,55.41805],[11.55428,55.41792],[11.54604,55.41836],[11.54158,55.41842],[11.53722,55.41819],[11.53248,55.41763],[11.5272,55.41657],[11.52323,55.41544],[11.51931,55.41399],[11.51264,55.41106],[11.50816,55.40959],[11.50183,55.40817],[11.4959,55.40743],[11.47903,55.40684],[11.47266,55.40692],[11.42459,55.40986],[11.3788,55.4148],[11.37528,55.41487],[11.37169,55.41457],[11.36861,55.41399],[11.36571,55.41313],[11.35768,55.40941],[11.35559,55.40871],[11.35331,55.40817],[11.34782,55.40755],[11.32719,55.40664],[11.32349,55.40608],[11.32005,55.40512],[11.30814,55.40045],[11.30487,55.39888],[11.30087,55.3964],[11.29319,55.39044],[11.29014,55.38865],[11.28782,55.38751],[11.23808,55.36662],[11.23387,55.36509],[11.22993,55.36406],[11.2244,55.36313],[11.21911,55.36273],[11.16658,55.36264],[11.16245,55.36243],[11.15883,55.3619],[11.12365,55.35484],[11.11179,55.35217],[11.10461,55.3511],[11.09801,55.35054],[11.09236,55.35032],[11.08831,55.3504],[11.07869,55.35106],[11.04754,55.35379],[11.03662,55.35382],[11.03219,55.35358],[11.02637,55.35289],[11.02116,55.35191],[11.01627,55.35078],[11.01081,55.34916],[10.9821,55.33902],[10.95803,55.33032],[10.94223,55.32406],[10.93092,55.31984],[10.9203,55.31623],[10.90949,55.31288],[10.89355,55.30847],[10.88547,55.30647],[10.87396,55.30388],[10.86121,55.30135],[10.85095,55.29957],[10.84784,55.29919],[10.8443,55.29905],[10.8391,55.2994],[10.83474,55.30024],[10.81558,55.30671],[10.81158,55.30865],[10.79929,55.31635],[10.79583,55.31819],[10.78865,55.32087],[10.75816,55.33324],[10.75308,55.33482],[10.72823,55.33931],[10.67533,55.35295],[10.67163,55.35374],[10.62937,55.35811],[10.59737,55.36003],[10.5927,55.36065],[10.57531,55.36382],[10.56908,55.36532],[10.53068,55.37684],[10.52576,55.37818],[10.51128,55.38128],[10.50688,55.38205],[10.46729,55.38685],[10.46403,55.38739],[10.45616,55.38943],[10.41434,55.40145],[10.41187,55.40205],[10.40828,55.40262],[10.40517,55.40286],[10.4013,55.40284],[10.38939,55.40188],[10.3724,55.40153],[10.3692,55.401],[10.36726,55.40032],[10.36565,55.39939],[10.35911,55.39303],[10.35742,55.3918],[10.35522,55.3907],[10.3363,55.38358],[10.32057,55.37837],[10.31639,55.37738],[10.30741,55.37598],[10.30387,55.37499],[10.30092,55.37362],[10.29544,55.36988],[10.29308,55.36866],[10.29059,55.36773],[10.27262,55.36227],[10.27019,55.36124],[10.26201,55.35721],[10.25845,55.35579],[10.25446,55.35466],[10.24132,55.35185],[10.22394,55.34623],[10.22137,55.34554],[10.21747,55.34494],[10.20162,55.3438],[10.19863,55.34384],[10.19564,55.34419],[10.1927,55.34486],[10.19006,55.3458],[10.18205,55.34996],[10.17654,55.35392],[10.17498,55.35487],[10.16676,55.35857],[10.16424,55.3595],[10.16106,55.36028],[10.15591,55.36104],[10.15279,55.36176],[10.14514,55.36442],[10.14097,55.36608],[10.13816,55.3669],[10.12275,55.36974],[10.10578,55.37323],[10.0861,55.37994],[10.08308,55.38074],[10.07363,55.38233],[10.07063,55.38267],[10.06223,55.38312],[10.04983,55.383],[10.04232,55.38317],[10.03996,55.38339],[10.03433,55.38431],[10.03116,55.38457],[10.02629,55.38463],[10.02071,55.38413],[10.01746,55.384],[10.0131,55.38391],[10.00999,55.38406],[10.00384,55.38507],[9.99541,55.38779],[9.98843,55.38888],[9.98526,55.38968],[9.98305,55.39054],[9.98109,55.3916],[9.96867,55.4004],[9.96675,55.40144],[9.96211,55.4035],[9.9603,55.40452],[9.94909,55.41226],[9.94151,55.41864],[9.93341,55.42573],[9.92947,55.42938],[9.92782,55.43119],[9.9236,55.43666],[9.9223,55.43804],[9.92004,55.44001],[9.9179,55.44154],[9.91539,55.44304],[9.90227,55.44941],[9.8972,55.45127],[9.88444,55.45523],[9.8697,55.46059],[9.8661,55.46175],[9.8251,55.47121],[9.80657,55.4771],[9.78688,55.4805],[9.78366,55.48074],[9.77023,55.48107],[9.76722,55.48146],[9.7648,55.48208],[9.76165,55.48341],[9.76026,55.4843],[9.75917,55.48523],[9.75356,55.491],[9.75264,55.4923],[9.75043,55.49617],[9.74903,55.49768],[9.74654,55.49919],[9.74312,55.50037],[9.7399,55.50104],[9.73282,55.50171],[9.71697,55.50196],[9.71343,55.5022],[9.71082,55.50266],[9.70899,55.50316],[9.70697,55.504],[9.70568,55.50476],[9.70409,55.50614],[9.70309,55.50772],[9.70277,55.50941],[9.70319,55.51114],[9.7038,55.51213],[9.70455,55.51295],[9.7143,55.52143],[9.71542,55.52294],[9.716,55.52474],[9.71592,55.52626],[9.71527,55.52786],[9.71328,55.53042],[9.71002,55.53399],[9.70797,55.53722],[9.70734,55.53907],[9.70725,55.54078],[9.70753,55.54211],[9.71131,55.54998],[9.71208,55.55142],[9.71321,55.55282],[9.71491,55.55421],[9.71665,55.55519],[9.71933,55.55624],[9.72628,55.55794],[9.72842,55.55863],[9.73215,55.56024],[9.73458,55.5618],[9.73641,55.56388],[9.73836,55.56705],[9.74052,55.57146],[9.7408,55.57298],[9.74071,55.57411],[9.74005,55.57558],[9.73886,55.57701],[9.73773,55.57789],[9.73589,55.57897],[9.71656,55.5863],[9.70929,55.58848],[9.70632,55.58901],[9.702,55.5893],[9.69967,55.58914],[9.69144,55.5881],[9.68821,55.58801],[9.68433,55.58846],[9.68119,55.58935],[9.67928,55.59022],[9.67796,55.59103],[9.67344,55.59499],[9.67192,55.59612],[9.66416,55.60064],[9.66278,55.60183],[9.66163,55.60319],[9.66074,55.60475],[9.66039,55.60574],[9.65887,55.61119],[9.65877,55.61269],[9.65895,55.61374],[9.66012,55.61733],[9.66026,55.61827],[9.65988,55.62318],[9.65999,55.62453],[9.66037,55.62569],[9.66273,55.63017],[9.66306,55.63191],[9.66285,55.63365],[9.66241,55.63479],[9.66181,55.63581],[9.66001,55.63773],[9.65674,55.63979],[9.65162,55.64238],[9.64913,55.64435],[9.64789,55.64594],[9.64714,55.64746],[9.64686,55.64877],[9.64686,55.6497],[9.64747,55.65191],[9.64846,55.65356],[9.65668,55.6634],[9.6639,55.67236],[9.66455,55.67395],[9.66464,55.67538],[9.66416,55.6771],[9.66302,55.67895],[9.66179,55.68019],[9.66039,55.68123],[9.6583,55.68235],[9.65386,55.68439],[9.64818,55.68846],[9.64551,55.68973],[9.64215,55.69074],[9.63503,55.69213],[9.63093,55.69234],[9.61258,55.69177],[9.59046,55.68938],[9.5874,55.68936],[9.5839,55.68971],[9.57568,55.69139],[9.57227,55.69226],[9.56598,55.69434],[9.55941,55.69731],[9.55599,55.6984],[9.55352,55.69887],[9.54066,55.70048],[9.53916,55.70088],[9.53733,55.7019],[9.53657,55.70309],[9.53636,55.70381],[9.53632,55.70495],[9.53686,55.70675]]}},{"type":"Feature","properties":{"name":"2024_Duisburg -> Eindhoven (110.7km)","mode":"train","distance_km":"110.3"},"geometry":{"type":"LineString","coordinates":[[6.79416,51.22013],[6.79146,51.2179],[6.79039,51.2165],[6.78999,51.21543],[6.78983,51.21339],[6.78916,51.21238],[6.78597,51.21014],[6.78397,51.20941],[6.77388,51.20779],[6.77037,51.20765],[6.76881,51.20795],[6.76385,51.20967],[6.75037,51.21215],[6.74822,51.21229],[6.74615,51.21204],[6.73864,51.2105],[6.73442,51.20939],[6.72167,51.20674],[6.7182,51.20626],[6.71662,51.20635],[6.71533,51.20662],[6.71412,51.20706],[6.7132,51.20761],[6.69925,51.21975],[6.69775,51.22043],[6.69648,51.22073],[6.69513,51.22083],[6.69353,51.2207],[6.68833,51.21919],[6.68689,51.21846],[6.68596,51.21748],[6.68565,51.21615],[6.68597,51.2143],[6.68655,51.21317],[6.68691,51.20923],[6.68666,51.20827],[6.68554,51.20637],[6.68353,51.20441],[6.68092,51.20267],[6.67792,51.20139],[6.66976,51.1995],[6.66562,51.19894],[6.52231,51.19481],[6.51845,51.19501],[6.48514,51.19831],[6.46426,51.20061],[6.45636,51.20063],[6.45481,51.20051],[6.45292,51.20006],[6.44927,51.19868],[6.45282,51.20072],[6.454,51.20184],[6.45467,51.20276],[6.45538,51.2044],[6.45561,51.20603],[6.45552,51.20746],[6.45518,51.20887],[6.45383,51.21194],[6.45267,51.21325],[6.44907,51.21598],[6.44024,51.22095],[6.43858,51.22239],[6.43747,51.2239],[6.4369,51.22522],[6.43665,51.22685],[6.43711,51.24239],[6.43678,51.24358],[6.43611,51.24468],[6.43499,51.24578],[6.43362,51.24667],[6.4306,51.24781],[6.41899,51.25045],[6.41032,51.25301],[6.40393,51.25511],[6.39835,51.25668],[6.3973,51.25725],[6.39658,51.25789],[6.39612,51.25853],[6.39518,51.26074],[6.39383,51.26196],[6.39129,51.2633],[6.38821,51.26412],[6.38618,51.26432],[6.38426,51.26427],[6.381,51.2637],[6.3783,51.26258],[6.37211,51.25888],[6.36965,51.25788],[6.3665,51.25705],[6.36403,51.25667],[6.35753,51.25621],[6.34989,51.25542],[6.34779,51.25533],[6.34523,51.25546],[6.34202,51.25599],[6.28418,51.27138],[6.27726,51.27329],[6.2728,51.27523],[6.27052,51.27663],[6.26268,51.28203],[6.22782,51.30248],[6.21652,51.30924],[6.21426,51.31086],[6.21314,51.31193],[6.21198,51.31334],[6.20592,51.32217],[6.2046,51.32463],[6.20269,51.32693],[6.1944,51.33903],[6.19343,51.34024],[6.19239,51.34116],[6.19089,51.34215],[6.17937,51.34804],[6.17806,51.34895],[6.17713,51.3499],[6.17635,51.35122],[6.17604,51.35268],[6.17619,51.35387],[6.17706,51.35603],[6.17722,51.3568],[6.17701,51.35911],[6.17676,51.36008],[6.17573,51.36135],[6.17106,51.36494],[6.16899,51.36603],[6.15707,51.37125],[6.15154,51.37475],[6.15007,51.37552],[6.13164,51.38304],[6.09124,51.4028],[6.03843,51.42832],[6.03522,51.42948],[6.03193,51.43023],[5.80348,51.45349],[5.71121,51.4691],[5.70267,51.47037],[5.67883,51.47456],[5.67178,51.4757],[5.66819,51.47603],[5.66404,51.47581],[5.65767,51.4745],[5.57713,51.45457],[5.5743,51.45398],[5.50636,51.4452],[5.5042,51.44505],[5.49835,51.44517],[5.49632,51.44506],[5.47956,51.44291]]}},{"type":"Feature","properties":{"name":"2024_Duisburg-Mitte -> Dusseldorf (23.6km)","mode":"train","distance_km":"23.6"},"geometry":{"type":"LineString","coordinates":[[6.77628,51.42983],[6.77591,51.42795],[6.77661,51.42306],[6.77646,51.42111],[6.77541,51.41793],[6.77241,51.41282],[6.77208,51.41165],[6.77206,51.41049],[6.7743,51.39406],[6.77471,51.3905],[6.7748,51.38801],[6.77595,51.3786],[6.77712,51.37151],[6.77772,51.36399],[6.78544,51.30308],[6.78574,51.29864],[6.78644,51.29296],[6.78715,51.28921],[6.78749,51.2861],[6.7887,51.27874],[6.78907,51.27425],[6.78985,51.26799],[6.79025,51.26585],[6.79262,51.25748],[6.79377,51.24966],[6.79666,51.2415],[6.79692,51.23937],[6.79683,51.23533],[6.79708,51.23171],[6.79805,51.22848],[6.79915,51.22588],[6.79911,51.22477],[6.79864,51.22391],[6.79666,51.22187],[6.79399,51.21974]]}},{"type":"Feature","properties":{"name":"2024_Oslo (22.3km)","mode":"train","distance_km":"22.1"},"geometry":{"type":"LineString","coordinates":[[10.86529,59.92717],[10.86202,59.92661],[10.85788,59.92467],[10.85593,59.92332],[10.85339,59.92107],[10.85196,59.91951],[10.8511,59.91885],[10.85,59.91823],[10.84642,59.91673],[10.83731,59.91094],[10.83515,59.91038],[10.83181,59.91029],[10.82658,59.90973],[10.82524,59.9092],[10.82414,59.90818],[10.82329,59.90767],[10.82201,59.90722],[10.82068,59.90699],[10.81901,59.90697],[10.81762,59.90726],[10.81673,59.90769],[10.81537,59.90873],[10.81424,59.90911],[10.80695,59.90968],[10.80584,59.91016],[10.80445,59.91164],[10.80295,59.91236],[10.79872,59.91319],[10.79539,59.91348],[10.79363,59.91349],[10.79065,59.91319],[10.78913,59.91337],[10.78518,59.91461],[10.7842,59.91524],[10.78361,59.91619],[10.78314,59.91661],[10.78232,59.91701],[10.78113,59.91727],[10.77983,59.91731],[10.7782,59.91697],[10.7745,59.91478],[10.7713,59.91394],[10.76898,59.91241],[10.76689,59.91204],[10.7626,59.91268],[10.75833,59.91288],[10.7568,59.91278],[10.75396,59.91216],[10.74935,59.91235],[10.74502,59.91331],[10.73764,59.91393],[10.73359,59.91485],[10.73224,59.91541],[10.73075,59.91666],[10.72669,59.92274],[10.72601,59.92349],[10.71977,59.9274],[10.71564,59.92963],[10.71002,59.93324],[10.70965,59.93362],[10.7094,59.93441],[10.70777,59.93636],[10.70508,59.93831],[10.70439,59.93898],[10.70402,59.93962],[10.70388,59.94037],[10.70397,59.94117],[10.70447,59.94219],[10.70538,59.94315],[10.7072,59.94452],[10.71,59.94577],[10.7105,59.94633],[10.71051,59.94668],[10.71032,59.9469],[10.70941,59.94722],[10.70706,59.94718],[10.70331,59.94849],[10.70041,59.9488],[10.69839,59.94947],[10.69611,59.94962],[10.69553,59.94989],[10.69393,59.95139],[10.69369,59.95208],[10.69414,59.95251],[10.69997,59.95395],[10.70153,59.95495],[10.70185,59.95533],[10.70163,59.9558],[10.70068,59.95611],[10.69937,59.95611],[10.69729,59.95573],[10.69654,59.95583],[10.69599,59.95611],[10.69582,59.95655],[10.69628,59.95792],[10.69567,59.9599],[10.69531,59.96032],[10.69448,59.96066],[10.69183,59.96114],[10.69015,59.96218],[10.68906,59.96236],[10.68797,59.96215],[10.68697,59.96139],[10.68619,59.96112],[10.68523,59.96107],[10.68367,59.96132],[10.68247,59.96122],[10.68108,59.96048],[10.67863,59.95991],[10.67591,59.95852],[10.67262,59.95749],[10.67101,59.95768],[10.6699,59.95853],[10.66928,59.9588],[10.66669,59.95878],[10.66412,59.95991],[10.66115,59.96081],[10.65953,59.96279],[10.65985,59.96414],[10.65963,59.96502],[10.66,59.96581],[10.65982,59.96628],[10.65882,59.96671],[10.65517,59.96685],[10.65385,59.96722],[10.65206,59.96893],[10.65014,59.97025],[10.64883,59.97187],[10.64799,59.97343],[10.64738,59.97562],[10.64746,59.97649],[10.6477,59.97711],[10.64888,59.9787],[10.6495,59.97915],[10.65043,59.97929],[10.65239,59.97907],[10.65349,59.97943],[10.65368,59.97977],[10.65357,59.98006],[10.65249,59.98078],[10.65228,59.98112],[10.65239,59.98145],[10.65286,59.98175],[10.65404,59.98194],[10.65617,59.98168],[10.65798,59.9821],[10.65881,59.98209],[10.6625,59.98067],[10.66564,59.98006]]}},{"type":"Feature","properties":{"name":"2024_Oslo_2","mode":"train","distance_km":"47.8"},"geometry":{"type":"LineString","coordinates":[[10.75322,59.91106],[10.76216,59.90894],[10.77746,59.90638],[10.78043,59.90605],[10.78372,59.9059],[10.79096,59.90593],[10.79465,59.90617],[10.79839,59.90696],[10.80355,59.90861],[10.80674,59.90909],[10.80932,59.90913],[10.82604,59.90825],[10.83023,59.90817],[10.8375,59.90848],[10.84427,59.9093],[10.84761,59.90992],[10.85245,59.91107],[10.92436,59.92986],[10.94298,59.93455],[10.99949,59.94941],[11.00584,59.95062],[11.01891,59.95238],[11.02476,59.95269],[11.03416,59.95249],[11.03798,59.95258],[11.04066,59.95287],[11.049,59.95428],[11.05289,59.95523],[11.05651,59.95656],[11.05962,59.95814],[11.06241,59.96008],[11.06447,59.96214],[11.06568,59.964],[11.07148,59.97832],[11.07265,59.98074],[11.07383,59.98252],[11.07733,59.98709],[11.0813,59.99427],[11.08326,59.99685],[11.08607,59.99945],[11.08967,60.00191],[11.10039,60.00857],[11.10989,60.01366],[11.11438,60.0166],[11.11697,60.01865],[11.11964,60.02121],[11.12178,60.02377],[11.12321,60.02593],[11.1249,60.0295],[11.12618,60.03472],[11.12708,60.03704],[11.12824,60.03898],[11.13125,60.04296],[11.13243,60.04483],[11.13865,60.05542],[11.13937,60.05695],[11.13996,60.05883],[11.14025,60.06109],[11.14025,60.06308],[11.13933,60.07045],[11.13934,60.0733],[11.14094,60.09895],[11.14122,60.1009],[11.14181,60.10286],[11.14328,60.10581],[11.14569,60.10895],[11.14806,60.11122],[11.15448,60.11672],[11.15661,60.11903],[11.15842,60.12194],[11.15919,60.12403],[11.15946,60.12541],[11.15956,60.12695],[11.15941,60.12863],[11.15905,60.13014],[11.15837,60.13187],[11.15732,60.1337],[11.15301,60.13952],[11.15114,60.14249],[11.1502,60.14438],[11.14932,60.14666],[11.14783,60.15277],[11.14722,60.15442],[11.14579,60.15668],[11.14328,60.15917],[11.14061,60.16103],[11.13808,60.16238],[11.13439,60.16389],[11.13103,60.16493],[11.12473,60.16621],[11.11268,60.16754],[11.10879,60.16835],[11.10545,60.16936],[11.1022,60.17072],[11.0994,60.17232],[11.09658,60.17453],[11.0945,60.17657],[11.09337,60.17792],[11.09235,60.1797],[11.09184,60.18138],[11.09177,60.18301],[11.09211,60.18445],[11.09262,60.18577],[11.09688,60.19351]]}},{"type":"Feature","properties":{"name":"2024_Schiphol -> Amsterdam (11.7km)","mode":"train","distance_km":"11.7"},"geometry":{"type":"LineString","coordinates":[[4.76185,52.30945],[4.76472,52.31176],[4.77559,52.32186],[4.77801,52.32353],[4.78037,52.32471],[4.78424,52.32602],[4.79188,52.3277],[4.79551,52.32896],[4.79934,52.33087],[4.80811,52.3362],[4.8115,52.33763],[4.81389,52.33821],[4.8166,52.33854],[4.82728,52.33857],[4.82882,52.33872],[4.83145,52.33954],[4.83325,52.34082],[4.83405,52.3421],[4.83425,52.34347],[4.83368,52.36377],[4.83373,52.36692],[4.8346,52.37144],[4.8357,52.37415],[4.8376,52.37973],[4.83923,52.38335],[4.83922,52.38468],[4.83814,52.38765],[4.83797,52.38906]]}},{"type":"Feature","properties":{"name":"2024_Warsaw -> Lublin (177.7km)","mode":"train","distance_km":"177.4"},"geometry":{"type":"LineString","coordinates":[[20.96507,52.22019],[20.97109,52.22144],[20.97499,52.22202],[20.98767,52.22509],[21.009,52.22961],[21.01256,52.22996],[21.02041,52.23162],[21.02585,52.23299],[21.02862,52.23385],[21.0309,52.23487],[21.0341,52.23703],[21.04137,52.24071],[21.04267,52.24157],[21.04341,52.2424],[21.0439,52.24349],[21.04409,52.24774],[21.04456,52.2485],[21.04535,52.24906],[21.04699,52.24968],[21.05181,52.25082],[21.05651,52.25228],[21.06467,52.25407],[21.06636,52.25466],[21.07022,52.25637],[21.07193,52.25685],[21.0761,52.25708],[21.07847,52.25684],[21.0963,52.25259],[21.1102,52.24882],[21.11191,52.24822],[21.13269,52.23858],[21.13565,52.23683],[21.13799,52.23499],[21.14701,52.22616],[21.25548,52.11723],[21.25878,52.11424],[21.26694,52.10602],[21.26843,52.1048],[21.27034,52.10373],[21.27191,52.10314],[21.27378,52.10263],[21.27616,52.10222],[21.32151,52.09973],[21.33222,52.09795],[21.33526,52.09708],[21.33756,52.09613],[21.34289,52.09347],[21.37881,52.07253],[21.38047,52.07116],[21.38159,52.0699],[21.38433,52.06526],[21.3857,52.06347],[21.38795,52.06138],[21.39086,52.05941],[21.41133,52.04786],[21.41416,52.04644],[21.42129,52.04352],[21.42384,52.04263],[21.42704,52.04177],[21.43656,52.03974],[21.43873,52.03902],[21.44091,52.03801],[21.44245,52.03707],[21.44407,52.03576],[21.46211,52.01835],[21.46463,52.01631],[21.5066,51.99471],[21.50941,51.99299],[21.51108,51.99148],[21.51233,51.98984],[21.52081,51.97405],[21.522,51.97209],[21.53015,51.96091],[21.53305,51.95628],[21.54144,51.94512],[21.54516,51.93991],[21.54591,51.93858],[21.5484,51.93138],[21.54883,51.92962],[21.54983,51.90931],[21.55016,51.90754],[21.55088,51.9059],[21.55444,51.90051],[21.55603,51.8987],[21.56977,51.88763],[21.5717,51.8856],[21.57239,51.88448],[21.57295,51.88307],[21.57647,51.86739],[21.57682,51.86625],[21.57744,51.86498],[21.57911,51.86287],[21.58738,51.85553],[21.59046,51.85212],[21.59171,51.85028],[21.5923,51.84884],[21.59788,51.83175],[21.60941,51.79547],[21.61034,51.7936],[21.61557,51.78533],[21.62005,51.77837],[21.62121,51.77682],[21.62256,51.77536],[21.62435,51.77381],[21.64445,51.75794],[21.67917,51.73784],[21.68218,51.73597],[21.68357,51.73478],[21.68486,51.73327],[21.69035,51.72285],[21.69176,51.72091],[21.69347,51.71923],[21.69676,51.71695],[21.71513,51.70724],[21.7179,51.7052],[21.71927,51.70368],[21.73059,51.68926],[21.73265,51.68746],[21.73721,51.6846],[21.7392,51.68276],[21.74025,51.68131],[21.74192,51.67803],[21.74356,51.67607],[21.74587,51.67428],[21.7543,51.66925],[21.75573,51.66811],[21.75682,51.66695],[21.758,51.66507],[21.75849,51.66367],[21.75864,51.66271],[21.75851,51.66072],[21.75729,51.6566],[21.75702,51.65487],[21.75727,51.65268],[21.75785,51.65113],[21.75847,51.65004],[21.76002,51.64818],[21.76783,51.64066],[21.76873,51.63959],[21.77065,51.63674],[21.77204,51.6353],[21.77455,51.63355],[21.77935,51.63106],[21.78083,51.62999],[21.78202,51.62887],[21.78338,51.62697],[21.78761,51.61875],[21.78939,51.61655],[21.79082,51.61536],[21.79246,51.61431],[21.7942,51.61344],[21.79657,51.61256],[21.81947,51.60623],[21.82197,51.60492],[21.82394,51.60311],[21.82484,51.6016],[21.8252,51.6002],[21.82524,51.58764],[21.82543,51.58666],[21.82578,51.58587],[21.82698,51.58379],[21.82805,51.58261],[21.82962,51.5814],[21.83418,51.57856],[21.84063,51.57384],[21.84173,51.5728],[21.84206,51.57217],[21.84351,51.56726],[21.84355,51.56488],[21.84398,51.56348],[21.84453,51.56251],[21.84648,51.56066],[21.84769,51.55896],[21.84801,51.55752],[21.84769,51.556],[21.84669,51.55457],[21.84382,51.55187],[21.84331,51.55083],[21.84319,51.54976],[21.84342,51.54885],[21.84422,51.54723],[21.84785,51.54098],[21.84892,51.53961],[21.85033,51.53843],[21.85203,51.53744],[21.89503,51.51698],[21.89833,51.51479],[21.90661,51.50757],[21.90894,51.5059],[21.91118,51.50468],[21.92639,51.49729],[21.92893,51.49578],[21.9306,51.49456],[21.93278,51.49253],[21.96403,51.45894],[21.965,51.45752],[21.9656,51.45623],[21.9671,51.44932],[21.96774,51.44757],[21.96874,51.44588],[21.98486,51.4272],[21.98636,51.4258],[21.9885,51.42432],[22.01132,51.4106],[22.02251,51.40363],[22.02595,51.40193],[22.02881,51.40102],[22.03177,51.40046],[22.04132,51.39978],[22.04458,51.39933],[22.07049,51.39318],[22.0742,51.39189],[22.08689,51.38602],[22.08838,51.38508],[22.09,51.38374],[22.09183,51.3815],[22.09265,51.37981],[22.09555,51.37186],[22.09668,51.37013],[22.09823,51.36854],[22.10014,51.36714],[22.10206,51.36609],[22.10955,51.36301],[22.11279,51.36139],[22.12655,51.35259],[22.12815,51.35127],[22.13387,51.34582],[22.13528,51.34385],[22.13821,51.33856],[22.14012,51.33637],[22.14169,51.33507],[22.14348,51.33389],[22.15063,51.3301],[22.15445,51.32877],[22.16336,51.32659],[22.1804,51.32018],[22.18526,51.31897],[22.19034,51.31852],[22.19793,51.31891],[22.20088,51.3189],[22.22593,51.31697],[22.24791,51.3143],[22.25123,51.31349],[22.25484,51.31206],[22.26106,51.30892],[22.26425,51.30661],[22.26576,51.30507],[22.27686,51.29177],[22.27811,51.29049],[22.27985,51.28911],[22.33037,51.2577],[22.33305,51.25626],[22.39034,51.22919],[22.39291,51.22819],[22.39617,51.2273],[22.41544,51.22315],[22.46026,51.21369],[22.46407,51.2131],[22.46857,51.21288],[22.47189,51.21305],[22.47516,51.21356],[22.47691,51.21405],[22.48254,51.21609],[22.48559,51.21676],[22.49631,51.21775],[22.50315,51.21799],[22.51329,51.21972],[22.51657,51.21986],[22.53389,51.21964],[22.5363,51.21977],[22.53852,51.2201],[22.54632,51.22184],[22.55073,51.2231],[22.56875,51.23125]]}},{"type":"Feature","properties":{"name":"2024_Warsaw -> Muchen (1,075.9km)","mode":"train","distance_km":"1073.9"},"geometry":{"type":"LineString","coordinates":[[20.96517,52.2203],[20.95842,52.21901],[20.95414,52.21791],[20.94867,52.21612],[20.94002,52.21428],[20.93712,52.21348],[20.84247,52.18265],[20.63342,52.11377],[20.6181,52.10846],[20.60881,52.10562],[20.5547,52.08768],[20.54703,52.08535],[20.53423,52.08266],[20.52893,52.08116],[20.52407,52.07918],[20.51975,52.07677],[20.51608,52.07398],[20.51315,52.07087],[20.51129,52.06806],[20.50992,52.06487],[20.48581,51.99246],[20.48461,51.98921],[20.48334,51.98665],[20.48171,51.98409],[20.4749,51.97533],[20.47267,51.97188],[20.45447,51.93464],[20.45324,51.93162],[20.45256,51.92922],[20.45217,51.92695],[20.452,51.9243],[20.4514,51.87838],[20.45083,51.87484],[20.44306,51.84103],[20.44256,51.83832],[20.43957,51.7958],[20.43823,51.77915],[20.43743,51.77559],[20.436,51.77169],[20.41714,51.73246],[20.41583,51.72896],[20.41518,51.72614],[20.41482,51.7218],[20.41247,51.66863],[20.41155,51.66434],[20.40864,51.65517],[20.40757,51.6513],[20.40202,51.63436],[20.40131,51.63175],[20.40097,51.62983],[20.39205,51.52069],[20.39169,51.51823],[20.3911,51.51594],[20.39049,51.51418],[20.38929,51.51156],[20.38666,51.50741],[20.37274,51.48965],[20.36986,51.48654],[20.36651,51.48362],[20.36208,51.48052],[20.29512,51.43909],[20.29163,51.43662],[20.28808,51.43355],[20.28586,51.43121],[20.28412,51.42904],[20.25397,51.38776],[20.25148,51.38354],[20.24792,51.37539],[20.24615,51.37245],[20.24452,51.37029],[20.2428,51.36832],[20.24064,51.36621],[20.21961,51.34819],[20.2136,51.34278],[20.21092,51.33967],[20.18243,51.30426],[20.17993,51.3018],[20.17567,51.29842],[20.14333,51.27744],[20.13683,51.27307],[20.13405,51.27083],[20.13144,51.26837],[20.12886,51.26535],[20.12245,51.25582],[20.11593,51.24575],[20.11458,51.24314],[20.11359,51.2406],[20.11294,51.2382],[20.11253,51.23592],[20.10723,51.19664],[20.10657,51.19359],[20.10535,51.18999],[20.10396,51.18691],[20.07126,51.12189],[20.07023,51.11962],[20.06955,51.11765],[20.06874,51.11371],[20.06851,51.105],[20.06867,51.0932],[20.06887,51.02375],[20.0685,51.01951],[20.06774,51.01643],[20.06694,51.0142],[20.04751,50.96562],[20.04603,50.96214],[20.04451,50.95939],[20.04208,50.956],[20.03989,50.95356],[20.01934,50.93326],[19.9673,50.89136],[19.96318,50.88755],[19.96082,50.88475],[19.95821,50.8807],[19.94815,50.86087],[19.94027,50.84489],[19.93854,50.84199],[19.93658,50.8394],[19.8928,50.78652],[19.88763,50.78158],[19.85295,50.75038],[19.84979,50.74801],[19.84717,50.74633],[19.84378,50.74444],[19.83928,50.74235],[19.75887,50.71175],[19.75404,50.70936],[19.74874,50.70604],[19.74542,50.70344],[19.7416,50.69966],[19.73416,50.69126],[19.73203,50.68823],[19.72982,50.68393],[19.72899,50.68156],[19.72842,50.67916],[19.72805,50.67521],[19.72817,50.67264],[19.72859,50.67008],[19.72955,50.66661],[19.73715,50.64263],[19.73795,50.63916],[19.73823,50.63602],[19.73812,50.63352],[19.7376,50.63035],[19.73681,50.62766],[19.7359,50.62547],[19.73437,50.62262],[19.73287,50.62038],[19.73112,50.6182],[19.7281,50.61513],[19.72351,50.61145],[19.71865,50.60844],[19.71408,50.60617],[19.71106,50.60492],[19.70707,50.60351],[19.70066,50.60177],[19.66411,50.59376],[19.65922,50.59275],[19.65316,50.59186],[19.64911,50.59151],[19.64454,50.59134],[19.63858,50.59148],[19.59663,50.59543],[19.57406,50.59613],[19.56784,50.59602],[19.56031,50.5953],[19.55521,50.59442],[19.55212,50.59372],[19.54774,50.59251],[19.54317,50.59093],[19.53385,50.58697],[19.52789,50.58487],[19.52129,50.58319],[19.51515,50.58214],[19.5113,50.58171],[19.50436,50.58137],[19.49674,50.58162],[19.44265,50.58681],[19.43816,50.58704],[19.43404,50.58704],[19.42584,50.58648],[19.42107,50.58578],[19.41748,50.58507],[19.41327,50.58401],[19.40847,50.5825],[19.40171,50.57968],[19.39606,50.57652],[19.38814,50.57096],[19.38466,50.56788],[19.38163,50.5643],[19.37914,50.56029],[19.37807,50.55785],[19.37728,50.55537],[19.37681,50.5529],[19.37662,50.55059],[19.37668,50.5484],[19.37697,50.5462],[19.37766,50.54346],[19.37876,50.54063],[19.38738,50.5221],[19.38823,50.52061],[19.38956,50.51882],[19.39089,50.51743],[19.39274,50.51584],[19.4177,50.49621],[19.42054,50.49415],[19.4214,50.49329],[19.42191,50.49251],[19.42236,50.49097],[19.42257,50.48503],[19.42478,50.4633],[19.42463,50.46133],[19.42372,50.45921],[19.42254,50.45775],[19.41691,50.45258],[19.38247,50.42177],[19.37909,50.41924],[19.37571,50.4179],[19.37289,50.41722],[19.34915,50.41475],[19.34683,50.41431],[19.34487,50.41373],[19.34241,50.41261],[19.34054,50.41135],[19.32317,50.39458],[19.32157,50.39336],[19.31988,50.39243],[19.31752,50.39153],[19.3145,50.39085],[19.29183,50.38798],[19.28786,50.38727],[19.28446,50.38626],[19.28158,50.38504],[19.27917,50.38362],[19.27732,50.38214],[19.27516,50.37983],[19.26614,50.368],[19.26202,50.36292],[19.25984,50.35945],[19.25849,50.35681],[19.25759,50.35446],[19.2566,50.35254],[19.25595,50.3505],[19.25583,50.34854],[19.25612,50.34601],[19.25651,50.34423],[19.25832,50.33862],[19.25955,50.3359],[19.26022,50.33373],[19.26027,50.33302],[19.26006,50.33219],[19.25956,50.33141],[19.25452,50.32589],[19.2537,50.32476],[19.25281,50.32259],[19.25268,50.32032],[19.25324,50.31872],[19.25451,50.31726],[19.26046,50.31365],[19.26236,50.31275],[19.26045,50.31341],[19.25899,50.3137],[19.25751,50.31384],[19.25536,50.31374],[19.25386,50.31347],[19.25198,50.31285],[19.25076,50.31223],[19.24963,50.31136],[19.24886,50.31049],[19.24834,50.30958],[19.24546,50.3005],[19.24422,50.29838],[19.24311,50.29721],[19.24207,50.2964],[19.2326,50.2897],[19.23165,50.2886],[19.22975,50.28477],[19.22893,50.28372],[19.22062,50.27793],[19.21976,50.27694],[19.21771,50.27337],[19.21685,50.2725],[19.21588,50.27181],[19.21424,50.27108],[19.19993,50.26603],[19.19665,50.2654],[19.1943,50.2654],[19.18972,50.26602],[19.1877,50.26609],[19.15648,50.26481],[19.15438,50.26502],[19.14968,50.26602],[19.14784,50.26606],[19.14605,50.26583],[19.14458,50.26538],[19.13937,50.26313],[19.12363,50.25962],[19.12211,50.2591],[19.12082,50.25836],[19.12015,50.25776],[19.11716,50.25411],[19.11567,50.25331],[19.11404,50.25302],[19.10847,50.25284],[19.1068,50.25254],[19.10552,50.25209],[19.09496,50.24635],[19.07875,50.23697],[19.07309,50.23423],[19.07105,50.23351],[19.0611,50.23087],[19.05939,50.23063],[19.05693,50.23079],[19.04446,50.23221],[19.04108,50.23213],[19.02297,50.22872],[19.00808,50.22624],[19.00627,50.22567],[19.00192,50.22356],[18.99562,50.22124],[18.99282,50.21964],[18.99121,50.21841],[18.9883,50.21658],[18.98706,50.21603],[18.98583,50.21574],[18.98329,50.21575],[18.98135,50.21639],[18.98047,50.21699],[18.97985,50.21767],[18.97957,50.21821],[18.97932,50.21931],[18.97919,50.21841],[18.97854,50.21745],[18.97783,50.21678],[18.97684,50.21622],[18.91697,50.19167],[18.91413,50.19029],[18.91106,50.18806],[18.90329,50.1805],[18.90171,50.17809],[18.90102,50.17537],[18.90068,50.17466],[18.89891,50.17269],[18.897,50.17153],[18.89534,50.171],[18.89374,50.17076],[18.88369,50.17032],[18.88119,50.17002],[18.8761,50.16883],[18.87105,50.16708],[18.86303,50.16605],[18.85505,50.1634],[18.85317,50.16247],[18.85022,50.16067],[18.84726,50.1597],[18.84474,50.1594],[18.83722,50.1594],[18.83544,50.15928],[18.83326,50.15874],[18.83069,50.15755],[18.82904,50.15702],[18.82697,50.15668],[18.82502,50.1567],[18.82298,50.15717],[18.82122,50.1579],[18.81206,50.16278],[18.80934,50.16394],[18.80613,50.16455],[18.80432,50.1646],[18.80234,50.16442],[18.79152,50.16281],[18.78764,50.16174],[18.78484,50.16062],[18.78306,50.1596],[18.78128,50.15818],[18.77861,50.1553],[18.77217,50.14886],[18.7704,50.14772],[18.76799,50.14682],[18.76445,50.14607],[18.76064,50.14561],[18.74411,50.14505],[18.73975,50.14473],[18.72114,50.14156],[18.70904,50.14037],[18.70518,50.14048],[18.70118,50.14109],[18.69851,50.14182],[18.69405,50.14348],[18.69174,50.14453],[18.68935,50.14587],[18.68267,50.15044],[18.67921,50.15244],[18.67458,50.15459],[18.67199,50.15541],[18.66982,50.15588],[18.66178,50.15708],[18.65872,50.15713],[18.64278,50.15519],[18.63911,50.15436],[18.63601,50.15325],[18.63314,50.15175],[18.62563,50.1468],[18.62184,50.14473],[18.62052,50.14376],[18.61945,50.14246],[18.61214,50.13203],[18.60633,50.12452],[18.60462,50.12291],[18.60294,50.12186],[18.56559,50.10286],[18.56438,50.10196],[18.56354,50.10095],[18.56193,50.09695],[18.56133,50.09612],[18.56052,50.09537],[18.5593,50.0946],[18.55537,50.09267],[18.552,50.09063],[18.54671,50.08813],[18.54454,50.08665],[18.54339,50.08545],[18.54277,50.08438],[18.54177,50.07963],[18.54114,50.07786],[18.5399,50.07627],[18.53743,50.07435],[18.53536,50.07317],[18.53174,50.07173],[18.52902,50.0704],[18.52098,50.0676],[18.51685,50.06666],[18.50885,50.06569],[18.50748,50.0653],[18.5064,50.0647],[18.50508,50.06352],[18.50282,50.05996],[18.50182,50.0589],[18.49501,50.05485],[18.49413,50.05418],[18.49337,50.05325],[18.49301,50.05241],[18.49292,50.05153],[18.49333,50.04897],[18.49329,50.04825],[18.49297,50.04743],[18.49206,50.04606],[18.49182,50.04475],[18.49198,50.04409],[18.49251,50.04327],[18.49552,50.04042],[18.49628,50.03932],[18.49654,50.03783],[18.49591,50.03538],[18.49554,50.03465],[18.4946,50.03362],[18.49145,50.03149],[18.48658,50.02717],[18.48109,50.0201],[18.47737,50.01291],[18.47514,50.0032],[18.47463,50.00228],[18.47363,50.00142],[18.47228,50.00079],[18.46278,49.99807],[18.46097,49.99732],[18.4596,49.99625],[18.45751,49.99344],[18.4546,49.99151],[18.45136,49.98871],[18.45006,49.98792],[18.44756,49.98719],[18.44191,49.98663],[18.43857,49.98543],[18.43759,49.98478],[18.43683,49.98403],[18.43535,49.98166],[18.43453,49.98074],[18.43347,49.98001],[18.43031,49.97836],[18.4294,49.97757],[18.42725,49.97508],[18.42615,49.97435],[18.42475,49.97379],[18.42328,49.97346],[18.42169,49.97335],[18.4142,49.97411],[18.41158,49.97387],[18.40994,49.97335],[18.40578,49.97129],[18.39989,49.96975],[18.39532,49.96789],[18.39272,49.96751],[18.39063,49.96768],[18.38871,49.96825],[18.38054,49.97277],[18.3791,49.97327],[18.37748,49.97348],[18.37629,49.97343],[18.37117,49.97256],[18.36923,49.97195],[18.3579,49.96697],[18.34016,49.96081],[18.31724,49.95237],[18.31553,49.95145],[18.30499,49.94302],[18.3039,49.94187],[18.30338,49.94062],[18.30337,49.93965],[18.30508,49.93472],[18.30592,49.933],[18.30768,49.93035],[18.31099,49.9262],[18.31363,49.92306],[18.31726,49.91962],[18.31848,49.91868],[18.32547,49.91458],[18.3397,49.90341],[18.34086,49.90235],[18.34132,49.90143],[18.34136,49.90047],[18.34009,49.89432],[18.33975,49.8918],[18.33939,49.89103],[18.33866,49.89024],[18.33104,49.88607],[18.32865,49.88453],[18.32634,49.88347],[18.31803,49.87907],[18.31568,49.87756],[18.27395,49.85535],[18.26972,49.8533],[18.25952,49.84767],[18.25738,49.84682],[18.23547,49.83513],[18.23105,49.8332],[18.21646,49.82854],[18.21477,49.82774],[18.21371,49.82702],[18.21279,49.82615],[18.21197,49.8249],[18.20877,49.81788],[18.20674,49.81401],[18.1913,49.78144],[18.18978,49.77862],[18.18886,49.77745],[18.18718,49.77582],[18.166,49.75819],[18.16381,49.75657],[18.13919,49.74217],[18.1372,49.74117],[18.13404,49.74014],[18.11,49.73408],[18.10758,49.7333],[18.10575,49.73246],[18.10295,49.73052],[18.08102,49.71218],[18.07918,49.71088],[18.07747,49.71003],[18.07373,49.70888],[18.06362,49.70716],[18.05766,49.7059],[18.05145,49.70483],[18.04693,49.70354],[18.04176,49.70116],[18.01425,49.68724],[18.01106,49.6861],[17.98548,49.67806],[17.98221,49.67674],[17.98028,49.67568],[17.97805,49.67405],[17.9465,49.64691],[17.94439,49.64527],[17.94103,49.64335],[17.91947,49.63346],[17.91699,49.63203],[17.91539,49.63081],[17.91365,49.62904],[17.89461,49.6066],[17.89334,49.60487],[17.89284,49.60353],[17.89281,49.60197],[17.89313,49.60084],[17.89532,49.59579],[17.89553,49.59479],[17.89547,49.59358],[17.89344,49.58471],[17.89304,49.58349],[17.89249,49.58257],[17.89177,49.58176],[17.88989,49.58037],[17.88174,49.577],[17.87801,49.57586],[17.8687,49.57409],[17.86487,49.57377],[17.86166,49.57378],[17.84983,49.57491],[17.81275,49.57889],[17.81105,49.57923],[17.80886,49.57991],[17.79798,49.5845],[17.79589,49.5851],[17.79367,49.58546],[17.78997,49.58548],[17.77629,49.58403],[17.76392,49.58492],[17.76,49.58464],[17.75733,49.58394],[17.7535,49.58236],[17.75203,49.58149],[17.75072,49.58024],[17.74991,49.57884],[17.74964,49.57776],[17.74964,49.57681],[17.75,49.57441],[17.74969,49.57261],[17.74885,49.57123],[17.74659,49.569],[17.74435,49.56726],[17.7431,49.5665],[17.73872,49.56449],[17.73409,49.56284],[17.72061,49.56008],[17.70982,49.55812],[17.70661,49.55816],[17.69954,49.55921],[17.69738,49.55918],[17.69495,49.55879],[17.69222,49.5578],[17.68737,49.55489],[17.68377,49.55305],[17.66364,49.54694],[17.66161,49.54609],[17.65858,49.54446],[17.65689,49.54379],[17.65504,49.54336],[17.65065,49.54269],[17.6484,49.54208],[17.64143,49.53907],[17.63731,49.53794],[17.58147,49.53246],[17.5794,49.53212],[17.57701,49.53141],[17.57503,49.53046],[17.57129,49.52826],[17.56891,49.52733],[17.56721,49.52696],[17.5652,49.52683],[17.55018,49.52692],[17.54689,49.52645],[17.54447,49.52558],[17.52863,49.51835],[17.52675,49.51763],[17.52433,49.51713],[17.51664,49.51663],[17.51352,49.51591],[17.51167,49.51505],[17.50428,49.50997],[17.50144,49.50842],[17.49915,49.50753],[17.48211,49.50209],[17.48038,49.50134],[17.47881,49.50039],[17.47571,49.49788],[17.45072,49.47636],[17.44918,49.47457],[17.44813,49.47276],[17.44764,49.47141],[17.44697,49.46834],[17.44595,49.46659],[17.44467,49.46538],[17.44339,49.46455],[17.43734,49.46175],[17.43583,49.46076],[17.43505,49.46001],[17.43417,49.45872],[17.4338,49.45767],[17.43372,49.45663],[17.43389,49.4555],[17.43432,49.45448],[17.43583,49.45269],[17.44196,49.44862],[17.44355,49.4474],[17.44866,49.44439],[17.4505,49.44239],[17.45078,49.44152],[17.45098,49.43997],[17.45125,49.43338],[17.45191,49.42907],[17.45401,49.37534],[17.45429,49.37192],[17.4552,49.35011],[17.45539,49.34862],[17.45597,49.3466],[17.45671,49.34502],[17.45757,49.34364],[17.47996,49.31141],[17.48905,49.29803],[17.49017,49.29614],[17.49087,49.29433],[17.49127,49.29186],[17.49092,49.27229],[17.49118,49.27029],[17.49187,49.26815],[17.49303,49.26597],[17.50051,49.25554],[17.50891,49.23822],[17.51034,49.23584],[17.51153,49.2344],[17.51324,49.23277],[17.52167,49.22645],[17.52295,49.22509],[17.5241,49.22343],[17.52509,49.22114],[17.52954,49.20766],[17.5299,49.20529],[17.53149,49.20027],[17.53156,49.19958],[17.53138,49.19838],[17.5308,49.19693],[17.52928,49.19501],[17.52726,49.19353],[17.52551,49.19267],[17.5235,49.19196],[17.50977,49.1881],[17.50735,49.1868],[17.5063,49.1859],[17.50535,49.18467],[17.50478,49.1833],[17.5037,49.17972],[17.50306,49.17675],[17.50317,49.17478],[17.50446,49.16517],[17.50459,49.16186],[17.50428,49.159],[17.50387,49.15658],[17.503,49.1533],[17.50237,49.15158],[17.50108,49.14907],[17.49906,49.14627],[17.49618,49.14338],[17.46271,49.11299],[17.46056,49.11086],[17.41948,49.07332],[17.41528,49.06925],[17.3804,49.03751],[17.32168,48.9836],[17.31513,48.9778],[17.3095,48.97194],[17.30816,48.97017],[17.30658,48.96769],[17.3054,48.96534],[17.29654,48.94548],[17.29493,48.94266],[17.29303,48.94031],[17.29111,48.93853],[17.28708,48.93548],[17.28466,48.93398],[17.28183,48.9325],[17.12645,48.85845],[17.12195,48.85645],[17.11152,48.8513],[17.05221,48.82282],[17.04818,48.82047],[17.04436,48.81765],[17.04197,48.81546],[17.03068,48.80399],[17.02859,48.80239],[17.02572,48.80089],[17.02262,48.79973],[16.97774,48.78591],[16.97324,48.78478],[16.96995,48.78432],[16.96687,48.78415],[16.94739,48.78413],[16.94124,48.78395],[16.93559,48.78336],[16.92959,48.78218],[16.92462,48.78066],[16.91925,48.77831],[16.91669,48.77689],[16.91339,48.77474],[16.91084,48.77268],[16.9035,48.76507],[16.89886,48.7598],[16.88858,48.74905],[16.86975,48.72892],[16.86855,48.72743],[16.86758,48.72587],[16.86682,48.72416],[16.8663,48.72219],[16.86614,48.72079],[16.8662,48.71899],[16.86654,48.71722],[16.86697,48.71594],[16.90241,48.63408],[16.90298,48.63236],[16.90333,48.63061],[16.90342,48.62812],[16.90052,48.5929],[16.90013,48.5907],[16.8961,48.54386],[16.89576,48.54142],[16.89536,48.53447],[16.89405,48.52027],[16.89345,48.51713],[16.89209,48.51328],[16.89075,48.51067],[16.88974,48.50909],[16.88784,48.50658],[16.88035,48.49783],[16.87893,48.49599],[16.85967,48.46935],[16.8591,48.46835],[16.85227,48.45883],[16.85109,48.45696],[16.84998,48.45471],[16.84899,48.4517],[16.84848,48.44825],[16.84601,48.40276],[16.84576,48.40119],[16.84535,48.39999],[16.84406,48.39781],[16.84247,48.39612],[16.84115,48.39507],[16.82756,48.38552],[16.82274,48.38256],[16.75162,48.34571],[16.74806,48.34416],[16.74424,48.34288],[16.49685,48.28811],[16.48199,48.28471],[16.48064,48.28421],[16.47969,48.28333],[16.4779,48.28039],[16.47571,48.27616],[16.47423,48.27379],[16.4586,48.24153],[16.45754,48.2398],[16.4543,48.2331],[16.45202,48.22742],[16.45006,48.22346],[16.44934,48.22106],[16.4481,48.21806],[16.44793,48.21708],[16.44799,48.21622],[16.45007,48.20839],[16.45008,48.20722],[16.44978,48.20636],[16.44873,48.20507],[16.44016,48.19888],[16.43876,48.19759],[16.43338,48.18974],[16.42182,48.17218],[16.42094,48.17121],[16.41988,48.17036],[16.41568,48.16785],[16.41348,48.16718],[16.4115,48.16701],[16.40932,48.16723],[16.40713,48.16794],[16.39506,48.17559],[16.38864,48.18014],[16.38523,48.18284],[16.38371,48.18381],[16.38237,48.18442],[16.38108,48.18477],[16.3765,48.18543],[16.37498,48.18539],[16.37326,48.18504],[16.35232,48.17815],[16.34321,48.17604],[16.33901,48.17561],[16.32907,48.17343],[16.32381,48.17159],[16.31964,48.16944],[16.31681,48.16874],[16.31348,48.16869],[16.306,48.16924],[16.28631,48.1731],[16.28417,48.17378],[16.28207,48.17467],[16.27683,48.17765],[16.24533,48.19919],[16.24143,48.20176],[16.23661,48.20445],[16.23314,48.20735],[16.23107,48.2086],[16.2292,48.20936],[16.22675,48.20999],[16.21457,48.21138],[16.20819,48.21271],[16.20133,48.21464],[16.19771,48.21582],[16.19407,48.21733],[16.18983,48.21944],[16.18521,48.2221],[16.09123,48.27967],[16.08641,48.28235],[16.07988,48.28556],[16.07519,48.28747],[16.06843,48.2896],[16.06035,48.29152],[16.05305,48.29272],[16.04606,48.29344],[16.00963,48.29475],[15.94509,48.29675],[15.94114,48.29682],[15.93728,48.29666],[15.93233,48.29609],[15.92756,48.29512],[15.92277,48.29369],[15.91837,48.29189],[15.91555,48.29043],[15.91257,48.28857],[15.90371,48.28155],[15.90018,48.27917],[15.89781,48.27786],[15.89488,48.2765],[15.8891,48.27446],[15.8833,48.27315],[15.87778,48.27247],[15.8742,48.2723],[15.86172,48.27235],[15.84912,48.27123],[15.84252,48.2701],[15.8369,48.26847],[15.83339,48.26707],[15.83091,48.26588],[15.82244,48.2609],[15.81824,48.25876],[15.81432,48.25709],[15.8041,48.25317],[15.78871,48.24498],[15.78522,48.24357],[15.78105,48.24228],[15.77564,48.24113],[15.77034,48.24052],[15.72174,48.23771],[15.71626,48.2369],[15.71101,48.23558],[15.70608,48.23379],[15.7013,48.23141],[15.6959,48.22787],[15.68599,48.22098],[15.68266,48.21905],[15.67953,48.21754],[15.67422,48.2155],[15.65347,48.20906],[15.65069,48.20834],[15.64728,48.20775],[15.6431,48.20748],[15.63656,48.20768],[15.62052,48.20879],[15.61825,48.20948],[15.61426,48.21157],[15.61165,48.2124],[15.60551,48.21527],[15.60333,48.21606],[15.59911,48.21682],[15.59678,48.21692],[15.59469,48.21681],[15.59249,48.21649],[15.59049,48.21601],[15.58113,48.21283],[15.57473,48.21121],[15.56956,48.2104],[15.55914,48.20954],[15.554,48.20883],[15.50955,48.19963],[15.46872,48.18926],[15.46292,48.18836],[15.45503,48.18796],[15.41852,48.1881],[15.41332,48.18853],[15.40923,48.18923],[15.40579,48.19006],[15.40168,48.19142],[15.39844,48.1928],[15.39537,48.19442],[15.39262,48.1962],[15.39036,48.19798],[15.38262,48.20569],[15.38088,48.20721],[15.3786,48.2089],[15.37546,48.21079],[15.37268,48.21218],[15.36956,48.21346],[15.36577,48.21469],[15.36067,48.21587],[15.35512,48.21662],[15.31975,48.21877],[15.30083,48.22062],[15.29661,48.22077],[15.29163,48.22063],[15.28703,48.22018],[15.28276,48.21948],[15.27631,48.21785],[15.26524,48.21384],[15.25896,48.2119],[15.25177,48.21029],[15.2447,48.20926],[15.23915,48.20882],[15.22642,48.20833],[15.18133,48.20709],[15.17676,48.20669],[15.17197,48.20593],[15.1654,48.20427],[15.15987,48.20226],[15.15606,48.20047],[15.14356,48.19404],[15.13925,48.19159],[15.13635,48.18968],[15.13234,48.18661],[15.12042,48.17519],[15.11041,48.16649],[15.10636,48.16326],[15.10274,48.16079],[15.09097,48.15414],[15.08679,48.15215],[15.08258,48.15063],[15.0632,48.14533],[15.02515,48.13529],[15.02081,48.13387],[15.01254,48.1306],[15.00867,48.12938],[14.9983,48.1268],[14.99352,48.12595],[14.98732,48.12543],[14.89569,48.1223],[14.88098,48.12153],[14.87406,48.12135],[14.8667,48.12051],[14.85301,48.1184],[14.85049,48.11768],[14.84843,48.11683],[14.82619,48.10505],[14.82313,48.10361],[14.79335,48.09228],[14.78813,48.08992],[14.78406,48.08753],[14.75549,48.06942],[14.74498,48.06373],[14.74008,48.06166],[14.73378,48.05985],[14.72771,48.05881],[14.67798,48.05259],[14.6722,48.05225],[14.66662,48.05237],[14.66168,48.05284],[14.65117,48.05425],[14.64705,48.05502],[14.64254,48.05618],[14.63825,48.0576],[14.63405,48.05929],[14.62969,48.06143],[14.62467,48.06446],[14.62177,48.06659],[14.61821,48.06978],[14.61253,48.07596],[14.60965,48.07933],[14.60824,48.08124],[14.6069,48.08347],[14.60585,48.08568],[14.6009,48.10081],[14.59913,48.10496],[14.5977,48.10728],[14.59622,48.10928],[14.59422,48.11149],[14.59203,48.11357],[14.58967,48.11545],[14.58737,48.11703],[14.58197,48.11994],[14.57893,48.12127],[14.55316,48.13144],[14.54903,48.13331],[14.54424,48.13622],[14.54074,48.13908],[14.53883,48.14108],[14.53712,48.14326],[14.5359,48.14518],[14.53498,48.14703],[14.53395,48.14988],[14.52953,48.16529],[14.52779,48.16913],[14.51741,48.18689],[14.51312,48.19371],[14.51056,48.19832],[14.50348,48.2103],[14.50249,48.21166],[14.50105,48.21315],[14.49857,48.21509],[14.49534,48.21684],[14.49197,48.2181],[14.48423,48.21999],[14.47843,48.22109],[14.47334,48.22138],[14.4577,48.22074],[14.45271,48.22071],[14.44904,48.22099],[14.44518,48.22168],[14.44288,48.22231],[14.39891,48.2366],[14.36673,48.24682],[14.35482,48.25087],[14.35007,48.25194],[14.34001,48.25296],[14.33474,48.25442],[14.33156,48.25588],[14.32916,48.25741],[14.32254,48.2628],[14.32126,48.2642],[14.32026,48.26651],[14.3168,48.27732],[14.31639,48.28015],[14.31588,48.28172],[14.31389,48.28596],[14.31229,48.29074],[14.31179,48.29164],[14.31114,48.29227],[14.30829,48.29432],[14.30643,48.29547],[14.30415,48.29621],[14.30202,48.29645],[14.29848,48.29586],[14.29703,48.29536],[14.29574,48.29467],[14.29401,48.29314],[14.29308,48.29184],[14.2903,48.28863],[14.28893,48.28731],[14.28546,48.28336],[14.28323,48.28184],[14.27264,48.27542],[14.26997,48.27457],[14.26704,48.27416],[14.24948,48.27402],[14.24582,48.27376],[14.24139,48.27296],[14.23863,48.27215],[14.23657,48.27136],[14.1869,48.2461],[14.17542,48.24005],[14.09908,48.20083],[14.08733,48.19492],[14.082,48.19272],[14.07528,48.1889],[14.06709,48.18479],[14.03755,48.16938],[14.03551,48.1686],[14.02449,48.16537],[14.02018,48.1645],[14.01851,48.16462],[14.01723,48.16508],[14.01364,48.16723],[14.01182,48.16887],[14.01066,48.17051],[14.00081,48.18749],[13.99976,48.18886],[13.99884,48.18965],[13.9967,48.19085],[13.99422,48.19161],[13.98316,48.19305],[13.98121,48.19343],[13.97964,48.19396],[13.97831,48.19462],[13.97652,48.19598],[13.97569,48.19702],[13.97522,48.1979],[13.97483,48.19973],[13.97497,48.20077],[13.97625,48.2054],[13.97634,48.20674],[13.97608,48.20785],[13.9754,48.20892],[13.97087,48.21413],[13.96962,48.21521],[13.96796,48.21603],[13.96545,48.21664],[13.96288,48.21667],[13.96091,48.2163],[13.95616,48.21482],[13.95423,48.21443],[13.95131,48.21435],[13.94875,48.21474],[13.94642,48.21555],[13.94437,48.21682],[13.93708,48.22482],[13.93571,48.22596],[13.93452,48.2266],[13.93308,48.22707],[13.93012,48.22757],[13.91682,48.22941],[13.9138,48.22947],[13.91048,48.2289],[13.89085,48.22115],[13.88865,48.22064],[13.88561,48.22057],[13.88135,48.22095],[13.87762,48.22162],[13.83275,48.23258],[13.83004,48.23286],[13.80971,48.2336],[13.80775,48.23377],[13.80539,48.2342],[13.77166,48.24278],[13.76911,48.24376],[13.76771,48.24482],[13.76708,48.2456],[13.7666,48.2467],[13.7662,48.25461],[13.76562,48.25674],[13.76448,48.25843],[13.76096,48.26209],[13.75823,48.26384],[13.74042,48.27206],[13.73841,48.27274],[13.73612,48.27305],[13.73358,48.27292],[13.71241,48.26929],[13.68671,48.26172],[13.66083,48.25619],[13.65802,48.25533],[13.65516,48.25387],[13.65369,48.25278],[13.65276,48.25185],[13.65152,48.24991],[13.65049,48.24679],[13.6493,48.24535],[13.6484,48.24469],[13.64691,48.24394],[13.64303,48.2429],[13.64076,48.24189],[13.63956,48.24098],[13.63893,48.24026],[13.63735,48.2372],[13.63562,48.23525],[13.63445,48.2344],[13.63286,48.23352],[13.62984,48.23249],[13.62646,48.23204],[13.61136,48.23161],[13.60847,48.2318],[13.59352,48.23516],[13.5916,48.23588],[13.589,48.23736],[13.58771,48.23787],[13.58652,48.23817],[13.58458,48.23838],[13.58192,48.23816],[13.58016,48.23764],[13.57885,48.237],[13.5765,48.2353],[13.57513,48.23452],[13.57347,48.23386],[13.57128,48.23336],[13.5683,48.2332],[13.55021,48.2339],[13.54853,48.23377],[13.54711,48.23345],[13.54575,48.23293],[13.54466,48.2323],[13.54144,48.22929],[13.53938,48.22781],[13.53668,48.22637],[13.53457,48.22554],[13.53181,48.22476],[13.52956,48.2244],[13.52033,48.22423],[13.51771,48.22355],[13.51594,48.22261],[13.51474,48.22157],[13.51393,48.22036],[13.51028,48.21072],[13.50952,48.20947],[13.50847,48.20839],[13.50722,48.2075],[13.50331,48.20569],[13.50196,48.20487],[13.50113,48.20414],[13.49916,48.2019],[13.49776,48.20092],[13.49617,48.20033],[13.49385,48.2],[13.48481,48.20078],[13.48198,48.20084],[13.47974,48.20035],[13.47606,48.19879],[13.47461,48.19849],[13.4728,48.19839],[13.47147,48.1985],[13.46608,48.19946],[13.4588,48.20016],[13.45607,48.20005],[13.45136,48.19919],[13.44878,48.19921],[13.44728,48.19948],[13.44581,48.19995],[13.44219,48.20185],[13.43979,48.20255],[13.43689,48.20271],[13.4313,48.20183],[13.42939,48.20174],[13.42745,48.20186],[13.42423,48.20256],[13.4199,48.20439],[13.41793,48.205],[13.41522,48.20537],[13.41109,48.20547],[13.40841,48.20615],[13.40719,48.20678],[13.40631,48.20745],[13.4054,48.20854],[13.40499,48.20941],[13.40481,48.21073],[13.40542,48.2147],[13.40524,48.21567],[13.40483,48.21654],[13.40425,48.21734],[13.40325,48.21825],[13.40054,48.21987],[13.39828,48.2208],[13.39547,48.22155],[13.3931,48.2219],[13.38657,48.22229],[13.38315,48.22303],[13.38087,48.22389],[13.37527,48.22669],[13.37052,48.22811],[13.36826,48.22896],[13.36632,48.22996],[13.36305,48.2321],[13.36045,48.23333],[13.35733,48.23427],[13.34608,48.23645],[13.34277,48.23759],[13.33987,48.23908],[13.33792,48.24043],[13.33625,48.24197],[13.31738,48.26234],[13.31585,48.26357],[13.31422,48.26457],[13.31092,48.26596],[13.30717,48.26682],[13.30345,48.26707],[13.28416,48.26584],[13.27942,48.26592],[13.27568,48.2665],[13.25824,48.2704],[13.25497,48.27064],[13.24879,48.27015],[13.24615,48.27024],[13.24376,48.27072],[13.23974,48.27213],[13.23692,48.27258],[13.2347,48.27258],[13.23273,48.2723],[13.22505,48.27014],[13.22323,48.26983],[13.22115,48.26971],[13.15372,48.27181],[13.15064,48.27173],[13.12196,48.26745],[13.11946,48.26682],[13.10489,48.26214],[13.10095,48.26126],[13.0645,48.25783],[13.06218,48.25787],[13.04359,48.25952],[13.04107,48.2604],[13.03488,48.2641],[13.03299,48.26462],[13.03065,48.26476],[13.02656,48.26395],[13.01836,48.26146],[13.01611,48.26061],[12.99008,48.25268],[12.98739,48.25212],[12.98417,48.25187],[12.92233,48.24973],[12.89649,48.24993],[12.8935,48.25034],[12.86633,48.25542],[12.84407,48.25738],[12.84207,48.25794],[12.83981,48.25903],[12.82231,48.27039],[12.82078,48.27103],[12.81911,48.2715],[12.81723,48.27183],[12.81546,48.27192],[12.80853,48.27143],[12.80393,48.27037],[12.80189,48.2696],[12.7997,48.26852],[12.79528,48.26542],[12.79311,48.26426],[12.78993,48.26316],[12.78689,48.26261],[12.74892,48.26152],[12.74536,48.26207],[12.73731,48.26455],[12.73491,48.26495],[12.73198,48.26509],[12.66116,48.25833],[12.65896,48.25836],[12.65637,48.25868],[12.64626,48.26106],[12.64253,48.26151],[12.61226,48.26086],[12.60383,48.26016],[12.59883,48.25952],[12.53275,48.24852],[12.52929,48.24815],[12.51291,48.24843],[12.48425,48.24924],[12.44633,48.25284],[12.40484,48.25413],[12.40117,48.25381],[12.36856,48.24829],[12.36623,48.24806],[12.3629,48.24828],[12.36101,48.24871],[12.35933,48.2493],[12.34272,48.25607],[12.32724,48.26409],[12.32557,48.26476],[12.32358,48.26525],[12.3212,48.26551],[12.30551,48.26606],[12.2992,48.26672],[12.29444,48.26761],[12.27435,48.27257],[12.27151,48.27311],[12.26855,48.27346],[12.26394,48.27361],[12.24516,48.27298],[12.2384,48.27312],[12.23572,48.27345],[12.23059,48.27495],[12.22871,48.27529],[12.22217,48.27571],[12.21743,48.27581],[12.21135,48.27565],[12.20827,48.27527],[12.19,48.27072],[12.18522,48.26982],[12.15458,48.26644],[12.15212,48.26586],[12.13607,48.26058],[12.13285,48.2599],[12.1295,48.25961],[12.12637,48.25968],[12.12309,48.26013],[12.09241,48.26651],[12.09002,48.26689],[12.04859,48.26644],[12.04402,48.26689],[11.9984,48.27301],[11.99474,48.27317],[11.99144,48.27281],[11.98812,48.27191],[11.98477,48.27026],[11.91383,48.22396],[11.87608,48.20336],[11.84507,48.18131],[11.84276,48.18],[11.84093,48.17925],[11.72431,48.14995],[11.67539,48.14369],[11.67189,48.14304],[11.66821,48.14186],[11.65274,48.13402],[11.65143,48.13346],[11.64969,48.13297],[11.64761,48.13271],[11.64598,48.13272],[11.62244,48.1349],[11.62018,48.13481],[11.61579,48.1341],[11.61441,48.13369],[11.61263,48.13291],[11.60388,48.12692],[11.6024,48.12611],[11.60108,48.12575],[11.59976,48.12566],[11.59836,48.12601],[11.5946,48.12821],[11.58947,48.13159],[11.5856,48.13287],[11.58107,48.13545],[11.57599,48.13703],[11.57332,48.13759],[11.57073,48.13835],[11.56722,48.13889],[11.565,48.13987],[11.56189,48.14086],[11.55567,48.1422],[11.55388,48.14231],[11.55031,48.14191],[11.53962,48.14266],[11.54806,48.14188],[11.55243,48.14126],[11.55096,48.14126],[11.55176,48.14114],[11.55696,48.14074]]}},{"type":"Feature","properties":{"name":"2024_Zurich -> Milan (284.1km)","mode":"train","distance_km":"283.7"},"geometry":{"type":"LineString","coordinates":[[8.53923,47.37821],[8.53256,47.38001],[8.5275,47.38106],[8.52629,47.38114],[8.52367,47.38094],[8.5222,47.38054],[8.5211,47.37978],[8.51913,47.37768],[8.51881,47.37698],[8.51873,47.37623],[8.5191,47.37507],[8.51978,47.37419],[8.52369,47.37135],[8.52831,47.36757],[8.52941,47.36628],[8.53037,47.36467],[8.53109,47.3627],[8.53167,47.35738],[8.53328,47.35388],[8.53335,47.35106],[8.53418,47.34708],[8.53423,47.34574],[8.53462,47.34403],[8.53703,47.34066],[8.53823,47.33841],[8.53867,47.33694],[8.539,47.33636],[8.53976,47.33559],[8.54215,47.33414],[8.54357,47.33292],[8.5444,47.33182],[8.54664,47.32798],[8.54969,47.31935],[8.55162,47.31641],[8.55338,47.31081],[8.55608,47.30496],[8.55971,47.30043],[8.56088,47.29926],[8.56647,47.2943],[8.56727,47.29375],[8.56906,47.29292],[8.57025,47.29184],[8.57099,47.29047],[8.57276,47.28796],[8.57388,47.28582],[8.57414,47.28497],[8.57462,47.28127],[8.57507,47.27995],[8.57598,47.27861],[8.5779,47.27663],[8.57846,47.27567],[8.57861,47.27474],[8.57858,47.27055],[8.57901,47.26932],[8.58117,47.26619],[8.58182,47.26559],[8.58417,47.264],[8.58761,47.26008],[8.59284,47.25627],[8.5933,47.25548],[8.59338,47.25463],[8.59283,47.2535],[8.59157,47.25261],[8.57865,47.24795],[8.57796,47.24764],[8.57704,47.24693],[8.5764,47.24597],[8.57627,47.24498],[8.57656,47.24407],[8.57756,47.24276],[8.57793,47.24194],[8.57796,47.24109],[8.57768,47.2395],[8.57718,47.23835],[8.57466,47.23529],[8.57406,47.23476],[8.54307,47.21328],[8.54217,47.21244],[8.54107,47.2108],[8.54017,47.21005],[8.53851,47.20934],[8.53417,47.20847],[8.52861,47.20641],[8.52722,47.2057],[8.52623,47.20473],[8.52579,47.20374],[8.52576,47.20282],[8.52611,47.20185],[8.52722,47.2004],[8.52759,47.19963],[8.52763,47.19873],[8.52729,47.19789],[8.52604,47.19679],[8.51961,47.19384],[8.51856,47.19268],[8.51804,47.19095],[8.51646,47.17962],[8.5156,47.1722],[8.51578,47.17128],[8.51672,47.16976],[8.51712,47.16798],[8.51847,47.16613],[8.51863,47.16534],[8.51853,47.16477],[8.51763,47.16358],[8.51524,47.16228],[8.51441,47.16135],[8.514,47.15915],[8.51236,47.1566],[8.51245,47.15475],[8.51232,47.15398],[8.51184,47.15324],[8.51038,47.15187],[8.50993,47.15104],[8.50989,47.15014],[8.51016,47.14853],[8.51,47.1476],[8.50951,47.14688],[8.50824,47.14565],[8.50776,47.14477],[8.5077,47.14188],[8.50654,47.13986],[8.50634,47.13917],[8.5064,47.13849],[8.50697,47.13699],[8.50687,47.13596],[8.50641,47.13522],[8.50352,47.13253],[8.50214,47.13098],[8.50047,47.12975],[8.4999,47.12914],[8.49892,47.12631],[8.49673,47.12395],[8.49628,47.12317],[8.49618,47.12244],[8.49667,47.11994],[8.49693,47.11921],[8.49742,47.11859],[8.49915,47.11744],[8.49983,47.11674],[8.50159,47.11296],[8.50296,47.11131],[8.50347,47.10982],[8.50402,47.10902],[8.505,47.10833],[8.50802,47.10703],[8.50883,47.1065],[8.51147,47.10265],[8.51243,47.10198],[8.51437,47.10123],[8.51538,47.10057],[8.51892,47.09658],[8.52032,47.09416],[8.52213,47.09281],[8.52377,47.09119],[8.52462,47.08954],[8.52437,47.08688],[8.52552,47.08219],[8.52678,47.08029],[8.52748,47.0784],[8.52847,47.07707],[8.5294,47.07538],[8.53096,47.07413],[8.53234,47.07237],[8.53601,47.06986],[8.53682,47.06903],[8.53779,47.0673],[8.53835,47.06668],[8.54223,47.06425],[8.54385,47.06235],[8.54428,47.06175],[8.54448,47.06107],[8.54423,47.05919],[8.54456,47.05813],[8.54525,47.05737],[8.54774,47.05593],[8.5485,47.05497],[8.54864,47.05401],[8.548,47.05236],[8.54791,47.05164],[8.54834,47.05052],[8.54909,47.04982],[8.55001,47.04941],[8.55158,47.04906],[8.55634,47.04865],[8.56078,47.04853],[8.56212,47.04875],[8.56366,47.04928],[8.56681,47.05146],[8.56787,47.05196],[8.56933,47.05222],[8.57219,47.05205],[8.57356,47.05182],[8.57484,47.0512],[8.57547,47.0506],[8.5769,47.04848],[8.57801,47.04764],[8.57972,47.04705],[8.58119,47.04695],[8.58294,47.04728],[8.58642,47.04857],[8.58989,47.04906],[8.59351,47.04886],[8.59469,47.0491],[8.59676,47.05005],[8.59774,47.05029],[8.60157,47.05061],[8.60315,47.05045],[8.60422,47.05003],[8.605,47.04951],[8.62049,47.03714],[8.6221,47.0354],[8.62349,47.03259],[8.62428,47.03164],[8.6256,47.03075],[8.62864,47.02958],[8.62965,47.02901],[8.63106,47.02763],[8.63181,47.02646],[8.63224,47.02481],[8.63201,47.02315],[8.63149,47.02213],[8.62893,47.01871],[8.62574,47.01501],[8.60893,46.9975],[8.60822,46.99632],[8.608,46.9951],[8.60829,46.99386],[8.61031,46.99166],[8.61227,46.98817],[8.61277,46.98663],[8.61284,46.98535],[8.61267,46.98422],[8.6115,46.98112],[8.61137,46.98035],[8.61206,46.97765],[8.61205,46.97483],[8.61224,46.9736],[8.61284,46.97204],[8.61934,46.95861],[8.61964,46.95749],[8.61972,46.9548],[8.62092,46.95293],[8.62114,46.95229],[8.62066,46.94888],[8.62093,46.94803],[8.6218,46.94665],[8.62201,46.94589],[8.62421,46.91623],[8.62409,46.91555],[8.62377,46.91497],[8.62242,46.9137],[8.62196,46.91304],[8.62176,46.91233],[8.62182,46.9116],[8.62256,46.90997],[8.62435,46.90836],[8.62491,46.90731],[8.62523,46.90513],[8.62467,46.90258],[8.62458,46.89808],[8.62469,46.89693],[8.62511,46.89526],[8.62964,46.88139],[8.63104,46.87603],[8.63312,46.87041],[8.6375,46.85701],[8.64213,46.84444],[8.64636,46.83529],[8.64683,46.83284],[8.64667,46.82973],[8.64678,46.82876],[8.6486,46.82301],[8.65093,46.81952],[8.65785,46.81282],[8.6601,46.8111],[8.66291,46.80979],[8.66428,46.80872],[8.66558,46.80733],[8.66585,46.80681],[8.66594,46.80599],[8.66487,46.80362],[8.66484,46.80286],[8.66502,46.80204],[8.6657,46.80082],[8.66767,46.79848],[8.66795,46.79775],[8.66806,46.7961],[8.66852,46.79472],[8.66953,46.79245],[8.67126,46.79013],[8.67138,46.78945],[8.67127,46.78886],[8.67012,46.78601],[8.67014,46.78466],[8.67077,46.78323],[8.67328,46.77935],[8.6735,46.77865],[8.67325,46.77644],[8.6728,46.77564],[8.67153,46.77434],[8.67121,46.77343],[8.6715,46.7723],[8.673,46.77071],[8.67333,46.77006],[8.67347,46.76873],[8.67325,46.76803],[8.67274,46.76736],[8.67126,46.76623],[8.66817,46.76471],[8.66682,46.76439],[8.66329,46.76425],[8.65986,46.76358],[8.65514,46.7608],[8.65399,46.76049],[8.65146,46.76033],[8.65027,46.76004],[8.64862,46.75928],[8.64733,46.75834],[8.64566,46.75684],[8.64473,46.75566],[8.64357,46.75332],[8.64322,46.7522],[8.64298,46.75068],[8.64141,46.74852],[8.64134,46.74743],[8.64189,46.74621],[8.64205,46.74543],[8.64189,46.74473],[8.64153,46.74418],[8.63912,46.74248],[8.63803,46.74083],[8.63748,46.74029],[8.63319,46.73779],[8.63195,46.73609],[8.62856,46.73292],[8.62757,46.73238],[8.62534,46.73174],[8.62463,46.73139],[8.62123,46.72835],[8.61924,46.72579],[8.61786,46.7243],[8.61742,46.72249],[8.6171,46.72182],[8.61496,46.71954],[8.61376,46.71899],[8.61235,46.7188],[8.61067,46.71909],[8.60957,46.71969],[8.60859,46.72058],[8.60789,46.72184],[8.60773,46.72282],[8.60817,46.72404],[8.60895,46.72476],[8.60997,46.72524],[8.61141,46.72548],[8.61276,46.72537],[8.61396,46.72496],[8.61475,46.72443],[8.61533,46.72364],[8.61546,46.72263],[8.615,46.72163],[8.61155,46.7182],[8.6104,46.71649],[8.60804,46.71502],[8.60737,46.71439],[8.60701,46.7137],[8.60675,46.71201],[8.60637,46.71139],[8.60558,46.71074],[8.60366,46.70964],[8.60271,46.70855],[8.60237,46.70756],[8.60229,46.70567],[8.60179,46.70445],[8.60079,46.70338],[8.59872,46.70194],[8.59801,46.70117],[8.59775,46.70025],[8.59805,46.69918],[8.59882,46.69843],[8.6013,46.69692],[8.60179,46.69632],[8.60205,46.69561],[8.60198,46.69472],[8.60152,46.69393],[8.60041,46.69311],[8.59934,46.69275],[8.5973,46.6927],[8.59554,46.69333],[8.59456,46.6943],[8.59432,46.69493],[8.59429,46.69557],[8.59461,46.69641],[8.59576,46.69805],[8.59622,46.70002],[8.59772,46.70371],[8.59778,46.70481],[8.59724,46.70643],[8.59747,46.70748],[8.59805,46.70821],[8.59902,46.70891],[8.6014,46.70995],[8.6023,46.71052],[8.60309,46.7116],[8.6032,46.71256],[8.60296,46.71322],[8.60215,46.71412],[8.60084,46.71474],[8.59967,46.71494],[8.59831,46.71486],[8.59704,46.71444],[8.59609,46.71377],[8.59548,46.71274],[8.59561,46.70938],[8.59586,46.70778],[8.59584,46.70539],[8.59574,46.70479],[8.59503,46.70336],[8.59498,46.70147],[8.59416,46.69985],[8.59366,46.69773],[8.59306,46.69695],[8.59168,46.69582],[8.59051,46.69433],[8.58988,46.69303],[8.58959,46.69202],[8.58928,46.68419],[8.58958,46.68344],[8.59061,46.68224],[8.59112,46.68129],[8.59124,46.67937],[8.59164,46.6779],[8.59163,46.67605],[8.5921,46.67467],[8.59219,46.67392],[8.59181,46.67168],[8.59071,46.66969],[8.58992,46.66786],[8.58893,46.66442],[8.58875,46.66339],[8.58882,46.66074],[8.60247,46.52965],[8.60294,46.52886],[8.60362,46.52827],[8.60565,46.52759],[8.61447,46.52725],[8.61738,46.52673],[8.62085,46.52722],[8.62257,46.52697],[8.6235,46.52653],[8.62421,46.5259],[8.6255,46.52334],[8.62637,46.52241],[8.63084,46.52027],[8.63353,46.51926],[8.63629,46.51908],[8.63869,46.51861],[8.64151,46.51835],[8.64477,46.51764],[8.64794,46.51757],[8.65122,46.51782],[8.65392,46.51763],[8.6551,46.5173],[8.65725,46.51632],[8.66348,46.5145],[8.66646,46.5141],[8.66897,46.51351],[8.6716,46.51339],[8.67992,46.51205],[8.68553,46.51165],[8.69404,46.51006],[8.69873,46.50898],[8.70327,46.50848],[8.70448,46.50808],[8.70668,46.50655],[8.70809,46.5061],[8.70955,46.50599],[8.71332,46.50646],[8.71491,46.5063],[8.7157,46.50604],[8.71656,46.50551],[8.71779,46.50375],[8.71871,46.50296],[8.71984,46.5025],[8.72234,46.50187],[8.7233,46.50124],[8.72487,46.49959],[8.72603,46.49909],[8.72924,46.49817],[8.73214,46.49675],[8.73515,46.49418],[8.73623,46.4924],[8.73698,46.49173],[8.74244,46.48962],[8.74406,46.48915],[8.74633,46.4889],[8.74795,46.48912],[8.75027,46.49025],[8.75355,46.49214],[8.7564,46.4928],[8.75773,46.49345],[8.75864,46.49457],[8.75878,46.49524],[8.75867,46.49591],[8.75832,46.49654],[8.75775,46.49708],[8.75639,46.49771],[8.75513,46.49792],[8.75385,46.49784],[8.75268,46.49746],[8.75195,46.49702],[8.75141,46.49647],[8.75101,46.49561],[8.75102,46.49479],[8.75142,46.49394],[8.75279,46.49286],[8.7564,46.49098],[8.75896,46.48936],[8.75967,46.48911],[8.76095,46.48892],[8.76359,46.48909],[8.77062,46.48868],[8.77295,46.48819],[8.77367,46.48778],[8.77431,46.48713],[8.77465,46.48637],[8.77462,46.48535],[8.77429,46.48474],[8.7735,46.48403],[8.7723,46.48347],[8.77113,46.48327],[8.76989,46.48332],[8.76873,46.48364],[8.76794,46.4841],[8.76734,46.48466],[8.76696,46.48527],[8.76679,46.48598],[8.76684,46.48665],[8.76717,46.4874],[8.76773,46.48802],[8.7686,46.48857],[8.76972,46.48893],[8.77106,46.48903],[8.77418,46.48866],[8.77673,46.48862],[8.77833,46.48828],[8.78276,46.48603],[8.78552,46.48409],[8.78717,46.48356],[8.79026,46.48298],[8.79373,46.48094],[8.79519,46.48056],[8.79754,46.4805],[8.79929,46.48027],[8.8026,46.47908],[8.80334,46.47863],[8.80395,46.47797],[8.80424,46.47735],[8.80456,46.47545],[8.80512,46.47468],[8.80586,46.47415],[8.80943,46.47257],[8.81281,46.47017],[8.81381,46.46965],[8.8151,46.46929],[8.8205,46.46833],[8.82176,46.46793],[8.82295,46.4673],[8.82428,46.46612],[8.82515,46.46472],[8.82663,46.46301],[8.82784,46.4596],[8.82841,46.45843],[8.82889,46.45644],[8.83065,46.4544],[8.83098,46.45315],[8.83049,46.45123],[8.83065,46.45025],[8.8311,46.44961],[8.83378,46.44718],[8.83692,46.44307],[8.84012,46.44062],[8.84503,46.4383],[8.84659,46.43676],[8.84842,46.43577],[8.84923,46.43516],[8.85049,46.43315],[8.85252,46.43148],[8.85294,46.43095],[8.85511,46.42703],[8.85543,46.42475],[8.85581,46.42413],[8.85644,46.42358],[8.85756,46.42304],[8.85862,46.42283],[8.85983,46.42285],[8.86086,46.42309],[8.86169,46.42345],[8.86263,46.42428],[8.86299,46.42506],[8.86297,46.426],[8.86239,46.42697],[8.86097,46.42786],[8.85924,46.42817],[8.85759,46.42794],[8.85622,46.42724],[8.8551,46.4259],[8.85494,46.42537],[8.85499,46.42454],[8.85555,46.42359],[8.85675,46.42279],[8.859,46.42217],[8.85985,46.42177],[8.86163,46.42013],[8.86252,46.41954],[8.86448,46.41904],[8.86554,46.41911],[8.86664,46.41945],[8.86791,46.42032],[8.86828,46.42083],[8.86854,46.42157],[8.86846,46.42236],[8.86815,46.42298],[8.8672,46.4238],[8.86588,46.4243],[8.86437,46.42439],[8.86289,46.42405],[8.862,46.42357],[8.86124,46.42276],[8.85994,46.42046],[8.8599,46.41933],[8.86125,46.41534],[8.86192,46.41413],[8.86244,46.41357],[8.86329,46.413],[8.86614,46.41185],[8.86724,46.41106],[8.8677,46.41039],[8.86847,46.40833],[8.87046,46.40465],[8.87399,46.40008],[8.87459,46.3995],[8.87556,46.39898],[8.87645,46.39874],[8.88305,46.39841],[8.88484,46.3979],[8.88556,46.39742],[8.89115,46.39216],[8.89499,46.38979],[8.89662,46.38816],[8.89747,46.38654],[8.89806,46.38593],[8.89905,46.38529],[8.9016,46.38421],[8.90402,46.38201],[8.90889,46.37845],[8.91428,46.37551],[8.92311,46.37362],[8.92567,46.37278],[8.92697,46.37201],[8.93211,46.36803],[8.92947,46.3698],[8.93216,46.36788],[8.93625,46.36537],[8.94094,46.36318],[8.94958,46.36008],[8.95252,46.35874],[8.95523,46.35727],[8.9594,46.35444],[8.96129,46.35285],[8.96328,46.35089],[8.96537,46.34835],[8.97246,46.33805],[8.97644,46.33275],[8.98096,46.32582],[8.98517,46.31763],[8.9854,46.31641],[8.98506,46.31353],[8.98553,46.31159],[8.98669,46.30997],[8.98968,46.30744],[8.99064,46.30622],[8.99304,46.30132],[8.99696,46.29491],[8.99942,46.28918],[9.0001,46.28791],[9.0062,46.27842],[9.01001,46.27414],[9.01367,46.27076],[9.01477,46.26924],[9.01524,46.26804],[9.01536,46.26721],[9.01699,46.25265],[9.01743,46.25109],[9.01801,46.24999],[9.01943,46.24827],[9.0214,46.24678],[9.02835,46.24361],[9.03056,46.24213],[9.03873,46.23386],[9.04002,46.23215],[9.04058,46.23089],[9.04084,46.22979],[9.04186,46.21884],[9.04171,46.21768],[9.03999,46.21482],[9.03975,46.21394],[9.0398,46.21331],[9.04072,46.21018],[9.04086,46.20871],[9.0399,46.20625],[9.03623,46.20105],[9.03202,46.19713],[9.02518,46.19151],[9.0221,46.18724],[9.01329,46.18001],[9.0099,46.17782],[9.00311,46.17379],[8.99776,46.17027],[8.98908,46.16554],[8.98729,46.1641],[8.98599,46.16224],[8.98548,46.16048],[8.98551,46.15835],[8.98588,46.15661],[8.98714,46.15286],[8.98817,46.14898],[8.98896,46.14399],[8.98915,46.14062],[8.98907,46.13752],[8.98857,46.1331],[8.98769,46.12911],[8.98688,46.12661],[8.98552,46.12306],[8.98416,46.1202],[8.98062,46.11438],[8.97897,46.11211],[8.97731,46.11019],[8.97495,46.10756],[8.96961,46.10222],[8.96616,46.09816],[8.96276,46.09322],[8.96115,46.09025],[8.95913,46.08575],[8.95448,46.07378],[8.94623,46.04594],[8.9418,46.0341],[8.94133,46.03328],[8.94024,46.03204],[8.9391,46.03115],[8.9367,46.02976],[8.93526,46.02832],[8.93482,46.02726],[8.93451,46.02322],[8.93425,46.02245],[8.93309,46.0204],[8.93261,46.01867],[8.93263,46.01801],[8.93296,46.01726],[8.93346,46.01671],[8.93997,46.01115],[8.94124,46.01057],[8.94389,46.0099],[8.94518,46.00909],[8.94598,46.00777],[8.94733,46.00325],[8.94754,46.00193],[8.94739,46.00134],[8.94699,46.0007],[8.94597,45.99992],[8.94336,45.99882],[8.94238,45.99771],[8.94196,45.99451],[8.94072,45.9925],[8.94049,45.99186],[8.94051,45.99108],[8.94084,45.99037],[8.94202,45.98938],[8.94367,45.9889],[8.94522,45.98895],[8.94823,45.98959],[8.94956,45.98951],[8.95111,45.98905],[8.95275,45.98815],[8.95393,45.98715],[8.95467,45.9862],[8.95519,45.98494],[8.95532,45.98413],[8.95527,45.98104],[8.95574,45.979],[8.95566,45.97772],[8.95495,45.97644],[8.9537,45.97514],[8.95266,45.97365],[8.95087,45.97213],[8.94929,45.9701],[8.94823,45.96787],[8.94796,45.96613],[8.9473,45.96451],[8.94715,45.96303],[8.94728,45.96153],[8.94698,45.95946],[8.94721,45.95835],[8.94787,45.95682],[8.94889,45.95571],[8.95042,45.95495],[8.95444,45.95386],[8.96215,45.95303],[8.96395,45.95234],[8.96523,45.95139],[8.96621,45.94997],[8.96656,45.94853],[8.9664,45.94699],[8.96536,45.94393],[8.96535,45.94335],[8.96563,45.94251],[8.96764,45.93926],[8.97004,45.93717],[8.97096,45.93495],[8.97142,45.93431],[8.97235,45.93354],[8.97575,45.93134],[8.97653,45.93054],[8.9788,45.92607],[8.98376,45.919],[8.98415,45.91814],[8.98383,45.91363],[8.98245,45.9108],[8.98224,45.90787],[8.98026,45.90514],[8.97926,45.90322],[8.97445,45.89551],[8.97411,45.8946],[8.97403,45.89389],[8.97423,45.8929],[8.97487,45.89178],[8.97988,45.88662],[8.98095,45.88381],[8.98208,45.88188],[8.9824,45.8808],[8.9831,45.87696],[8.98293,45.87373],[8.98262,45.87289],[8.98193,45.872],[8.97731,45.86841],[8.97482,45.86597],[8.972,45.86387],[8.97151,45.86316],[8.97131,45.8624],[8.97139,45.86162],[8.9719,45.86074],[8.97774,45.85469],[8.97804,45.85365],[8.97782,45.85168],[8.97838,45.85052],[8.97924,45.8498],[8.98029,45.84933],[8.98129,45.84912],[8.98464,45.84887],[8.98859,45.84715],[8.99099,45.84667],[8.99293,45.84667],[8.99418,45.8469],[8.99542,45.84742],[8.99727,45.84863],[8.99853,45.84905],[9.00002,45.84915],[9.00153,45.84886],[9.0026,45.84831],[9.00688,45.84535],[9.01007,45.84406],[9.02473,45.83485],[9.02637,45.83401],[9.03395,45.83089],[9.04024,45.8286],[9.04276,45.82722],[9.04473,45.82552],[9.07052,45.77384],[9.07133,45.77278],[9.07289,45.77154],[9.07708,45.76949],[9.079,45.76818],[9.08366,45.76374],[9.08452,45.76272],[9.0853,45.76134],[9.08575,45.75993],[9.08592,45.75877],[9.08588,45.75665],[9.08549,45.75494],[9.08213,45.74414],[9.08197,45.74275],[9.08213,45.74121],[9.08286,45.73936],[9.08444,45.73736],[9.08624,45.73598],[9.09064,45.73369],[9.09195,45.73266],[9.09304,45.73149],[9.09373,45.73044],[9.09427,45.72921],[9.09472,45.72637],[9.09526,45.72475],[9.09606,45.72346],[9.09816,45.72099],[9.09888,45.71967],[9.09934,45.71794],[9.09931,45.71621],[9.09896,45.71492],[9.09767,45.71172],[9.09735,45.70956],[9.09761,45.70698],[9.09802,45.70571],[9.09875,45.7042],[9.10027,45.70207],[9.10277,45.69984],[9.11855,45.69031],[9.12032,45.68901],[9.1221,45.6874],[9.12349,45.68581],[9.12464,45.6841],[9.13565,45.66459],[9.13678,45.66299],[9.13834,45.66136],[9.14024,45.65989],[9.1425,45.65857],[9.14536,45.65738],[9.14803,45.65662],[9.19281,45.65023],[9.19518,45.64969],[9.19718,45.64903],[9.20081,45.64725],[9.20651,45.64352],[9.20776,45.64232],[9.20875,45.64101],[9.21926,45.6185],[9.22028,45.61678],[9.22166,45.6152],[9.22313,45.61397],[9.22485,45.61283],[9.27099,45.58312],[9.27215,45.58215],[9.27316,45.58085],[9.27354,45.57934],[9.27318,45.57803],[9.26821,45.5705],[9.26584,45.56746],[9.25906,45.56013],[9.22792,45.52999],[9.22344,45.52419],[9.22164,45.52134],[9.22031,45.5199],[9.21717,45.51577],[9.2158,45.51432],[9.21206,45.5091],[9.21163,45.50766],[9.21184,45.50637],[9.21224,45.50552],[9.21486,45.50215],[9.21555,45.501],[9.21578,45.49992],[9.21538,45.49829],[9.21407,45.4959],[9.21319,45.49482],[9.21152,45.49316],[9.2096,45.49093],[9.20484,45.48624]]}},{"type":"Feature","properties":{"name":"2024_Zurich (6.8km)","mode":"train","distance_km":"6.8"},"geometry":{"type":"LineString","coordinates":[[8.50782,47.36479],[8.50539,47.36498],[8.49421,47.36501],[8.49152,47.36593],[8.48953,47.36632],[8.48709,47.36716],[8.48286,47.36768],[8.47895,47.36942],[8.47392,47.37024],[8.4713,47.37013],[8.46997,47.36988],[8.46621,47.36834],[8.46554,47.36778],[8.4653,47.36718],[8.46537,47.36666],[8.46577,47.3661],[8.46637,47.36572],[8.46994,47.36418],[8.47152,47.36385],[8.47416,47.36373],[8.47492,47.3635],[8.47549,47.36313],[8.47592,47.3625],[8.47595,47.3614],[8.47612,47.36105],[8.47651,47.36068],[8.47767,47.36004],[8.47813,47.35934],[8.47791,47.35853],[8.47678,47.3577],[8.47648,47.35724],[8.47654,47.35657],[8.47706,47.35607],[8.47813,47.35577],[8.47921,47.35598],[8.47972,47.35633],[8.48076,47.35774],[8.48173,47.35823],[8.48297,47.35824],[8.48403,47.35775],[8.48468,47.35692],[8.4847,47.35556],[8.48497,47.35498],[8.48556,47.35445],[8.48703,47.35375],[8.4875,47.35329],[8.4876,47.35272],[8.48737,47.35178]]}},{"type":"Feature","properties":{"name":"2025_Doha_1","mode":"train","distance_km":"24.3"},"geometry":{"type":"LineString","coordinates":[[51.61472,25.25702],[51.61008,25.25537],[51.60844,25.25443],[51.6073,25.2531],[51.60524,25.24961],[51.60398,25.24834],[51.5995,25.24626],[51.57914,25.23389],[51.57717,25.23361],[51.57659,25.23372],[51.57553,25.23426],[51.57492,25.23504],[51.57364,25.23743],[51.57196,25.24006],[51.5736,25.23737],[51.57881,25.22755],[51.57923,25.22651],[51.57948,25.22489],[51.57977,25.22406],[51.58514,25.214],[51.57973,25.22404],[51.57943,25.2249],[51.57919,25.2265],[51.57878,25.22754],[51.56112,25.26015],[51.56004,25.2617],[51.55741,25.2638],[51.54942,25.2694],[51.54697,25.27105],[51.54231,25.27371],[51.5405,25.27449],[51.53219,25.27727],[51.53038,25.27815],[51.52978,25.27866],[51.52709,25.28182],[51.52347,25.28449],[51.52145,25.28707],[51.52077,25.28879],[51.51968,25.29307],[51.51658,25.29895],[51.51576,25.30094],[51.51519,25.30514],[51.5157,25.31039],[51.51601,25.31163],[51.51645,25.31246],[51.51813,25.31416],[51.52624,25.31875],[51.52703,25.31934],[51.5277,25.32056],[51.5277,25.32289]]}},{"type":"Feature","properties":{"name":"2025_Doha_2","mode":"train","distance_km":"9.1"},"geometry":{"type":"LineString","coordinates":[[51.44409,25.25764],[51.44547,25.25812],[51.44894,25.25812],[51.4541,25.25995],[51.45627,25.26096],[51.46415,25.26567],[51.4679,25.26721],[51.47073,25.26827],[51.47957,25.27044],[51.48373,25.27208],[51.48674,25.27343],[51.49014,25.27549],[51.49278,25.27774],[51.4944,25.28001],[51.49544,25.28056],[51.49898,25.28094],[51.50363,25.28238],[51.50674,25.28267],[51.50798,25.28254],[51.50876,25.28227],[51.51155,25.28061],[51.51285,25.2802],[51.51346,25.28017],[51.5227,25.28168],[51.52412,25.28206],[51.52564,25.28269]]}},{"type":"Feature","properties":{"name":"2025_Dublin-> Howth (13.9km)","mode":"train","distance_km":"13.8"},"geometry":{"type":"LineString","coordinates":[[-6.25421,53.34703],[-6.2546,53.34798],[-6.25444,53.349],[-6.25369,53.34994],[-6.25286,53.35045],[-6.24978,53.35206],[-6.24527,53.3538],[-6.24011,53.3563],[-6.21375,53.36989],[-6.21157,53.37075],[-6.20401,53.3731],[-6.19445,53.3775],[-6.1914,53.37868],[-6.18697,53.37976],[-6.17399,53.382],[-6.17064,53.38289],[-6.16841,53.38367],[-6.16629,53.38452],[-6.16342,53.386],[-6.15675,53.3907],[-6.15585,53.39117],[-6.1541,53.39177],[-6.1524,53.39206],[-6.15077,53.39212],[-6.13313,53.39145],[-6.11608,53.39199],[-6.09534,53.39137],[-6.08445,53.39066],[-6.0744,53.38913]]}},{"type":"Feature","properties":{"name":"2025_Dublin-> Tallaght (13.9km)","mode":"train","distance_km":"13.8"},"geometry":{"type":"LineString","coordinates":[[-6.26527,53.34772],[-6.27261,53.34681],[-6.27532,53.34711],[-6.28016,53.34717],[-6.2852,53.3478],[-6.29162,53.34791],[-6.29184,53.34765],[-6.2912,53.34361],[-6.29099,53.34314],[-6.29332,53.34253],[-6.29353,53.34233],[-6.2931,53.34161],[-6.29191,53.34146],[-6.29075,53.33966],[-6.29077,53.33908],[-6.29141,53.33862],[-6.32813,53.33414],[-6.32881,53.33362],[-6.33014,53.33169],[-6.33139,53.33056],[-6.33227,53.33],[-6.33457,53.32895],[-6.34721,53.32555],[-6.36497,53.31916],[-6.3678,53.31891],[-6.36934,53.31849],[-6.3701,53.31765],[-6.36964,53.31636],[-6.36915,53.31603],[-6.36688,53.31536],[-6.36479,53.31341],[-6.36314,53.31217],[-6.36071,53.30919],[-6.35907,53.3077],[-6.35883,53.30694],[-6.35903,53.30652],[-6.35945,53.30617],[-6.36244,53.30478],[-6.36961,53.30226],[-6.37316,53.30066],[-6.37353,53.3002],[-6.3749,53.29922],[-6.3777,53.29758],[-6.38375,53.29624],[-6.3846,53.29575],[-6.3852,53.29453],[-6.38492,53.29388],[-6.38002,53.29032],[-6.37836,53.28893],[-6.37705,53.28753],[-6.37593,53.28726],[-6.37468,53.28746]]}},{"type":"Feature","properties":{"name":"2025_London -> Paris (491.3km)","mode":"train","distance_km":"490.4"},"geometry":{"type":"LineString","coordinates":[[-0.12709,51.5327],[-0.12873,51.53477],[-0.12915,51.53607],[-0.12908,51.53758],[-0.1289,51.53813],[-0.12844,51.53869],[-0.12771,51.53918],[-0.12504,51.54],[-0.12176,51.54147],[-0.12013,51.54192],[-0.10049,51.5469],[-0.09551,51.54804],[-0.09128,51.5487],[-0.08839,51.54885],[-0.08545,51.54879],[-0.05919,51.54675],[-0.03704,51.54656],[-0.03268,51.54621],[-0.02502,51.54514],[-0.02229,51.5449],[-0.01547,51.54474],[-0.00379,51.54475],[0.00465,51.54452],[0.01086,51.54494],[0.02185,51.54674],[0.02697,51.54728],[0.03974,51.54799],[0.04613,51.54789],[0.0525,51.54718],[0.05799,51.54629],[0.06598,51.54477],[0.07075,51.54359],[0.07347,51.54272],[0.07711,51.54126],[0.08754,51.53576],[0.09092,51.5343],[0.09513,51.53282],[0.09864,51.53183],[0.10226,51.53103],[0.10903,51.53002],[0.11802,51.52907],[0.12787,51.52754],[0.13901,51.52672],[0.16883,51.52337],[0.17614,51.52214],[0.18209,51.52051],[0.18505,51.51935],[0.18824,51.51778],[0.19987,51.51063],[0.2149,51.50215],[0.22125,51.49829],[0.23498,51.49121],[0.24241,51.48628],[0.24469,51.48496],[0.24759,51.4835],[0.25363,51.48095],[0.25654,51.47955],[0.27289,51.46973],[0.27555,51.46832],[0.27762,51.46735],[0.28143,51.46595],[0.29213,51.46318],[0.29715,51.46146],[0.30133,51.45952],[0.30542,51.45711],[0.31026,51.45357],[0.3146,51.45005],[0.31799,51.44651],[0.31967,51.44422],[0.32123,51.44148],[0.32461,51.4331],[0.32535,51.43159],[0.32656,51.42971],[0.32796,51.42794],[0.33025,51.42578],[0.33222,51.42426],[0.33438,51.42288],[0.33759,51.42122],[0.3402,51.42013],[0.34425,51.4188],[0.39269,51.40437],[0.39867,51.40278],[0.40477,51.40159],[0.41069,51.40081],[0.41436,51.4005],[0.42513,51.40001],[0.43001,51.39952],[0.4358,51.39858],[0.44033,51.39756],[0.44601,51.39587],[0.45117,51.3939],[0.45576,51.39172],[0.46015,51.38915],[0.46454,51.38594],[0.4681,51.38266],[0.49396,51.35512],[0.49721,51.35113],[0.49985,51.34686],[0.50142,51.3433],[0.5025,51.33994],[0.5036,51.33435],[0.50452,51.3308],[0.50616,51.32626],[0.50882,51.32099],[0.51193,51.3165],[0.51545,51.31258],[0.52019,51.30841],[0.52615,51.30429],[0.53118,51.3014],[0.53637,51.29886],[0.54223,51.29653],[0.57168,51.28723],[0.57857,51.28468],[0.58223,51.28302],[0.58566,51.28121],[0.59704,51.27459],[0.61671,51.26369],[0.62051,51.26174],[0.63139,51.25661],[0.64064,51.2512],[0.64616,51.24847],[0.65352,51.24566],[0.6708,51.24032],[0.67545,51.23854],[0.68409,51.23453],[0.68803,51.23293],[0.69242,51.23142],[0.69966,51.22929],[0.70584,51.2271],[0.7114,51.22466],[0.72459,51.21774],[0.72901,51.21561],[0.7713,51.19788],[0.77753,51.19582],[0.78477,51.19428],[0.7897,51.19369],[0.80085,51.19302],[0.80783,51.19193],[0.81416,51.19024],[0.81775,51.18893],[0.82077,51.18758],[0.82368,51.18603],[0.82665,51.18413],[0.82906,51.18227],[0.8318,51.17969],[0.83352,51.17766],[0.83487,51.17575],[0.84003,51.16678],[0.84218,51.16374],[0.84384,51.16187],[0.84582,51.16],[0.8502,51.15672],[0.85954,51.15093],[0.86538,51.14766],[0.87421,51.144],[0.88267,51.13955],[0.90049,51.13071],[0.9282,51.11653],[0.9328,51.11428],[0.93673,51.11259],[0.94084,51.11109],[0.94567,51.1096],[0.95039,51.10842],[0.95505,51.1075],[1.01462,51.09895],[1.05869,51.09174],[1.06413,51.0911],[1.08198,51.09065],[1.0852,51.09062],[1.10728,51.0915],[1.11434,51.092],[1.11911,51.09256],[1.13326,51.09469],[1.16973,51.09844],[1.18133,51.09987],[1.18917,51.10145],[1.22376,51.11033],[1.2321,51.11183],[1.24235,51.11293],[1.24999,51.11323],[1.25604,51.11315],[1.26284,51.11275],[1.26877,51.11209],[1.27365,51.11135],[1.28173,51.10975],[1.29639,51.10661],[1.30151,51.1053],[1.30711,51.10358],[1.37657,51.07988],[1.39585,51.07362],[1.40451,51.07053],[1.40939,51.06844],[1.41666,51.06471],[1.44334,51.04905],[1.46041,51.03762],[1.47521,51.02695],[1.48261,51.02198],[1.49626,51.01501],[1.51223,51.00845],[1.53342,51.00245],[1.57544,50.99128],[1.57921,50.99051],[1.5835,50.98987],[1.59862,50.9881],[1.60361,50.9873],[1.60824,50.98646],[1.62313,50.98291],[1.62649,50.98198],[1.64593,50.97508],[1.65199,50.97328],[1.65897,50.97172],[1.66415,50.97022],[1.67665,50.96558],[1.68525,50.96303],[1.69281,50.96028],[1.69742,50.95913],[1.71272,50.95607],[1.71596,50.95528],[1.71753,50.95478],[1.7267,50.95101],[1.73131,50.94843],[1.73753,50.94422],[1.74811,50.93616],[1.75121,50.93416],[1.75308,50.93321],[1.7588,50.93065],[1.76252,50.92918],[1.79039,50.91911],[1.7995,50.91462],[1.80164,50.9134],[1.80326,50.91225],[1.80513,50.9106],[1.80696,50.90848],[1.81214,50.90091],[1.8171,50.89323],[1.81835,50.89066],[1.82305,50.87873],[1.82412,50.87669],[1.82554,50.87455],[1.82705,50.87267],[1.83521,50.86356],[1.83859,50.86053],[1.84293,50.85742],[1.84734,50.85489],[1.85245,50.85254],[1.88141,50.84136],[1.88724,50.83921],[1.90743,50.83229],[1.91541,50.82972],[1.92048,50.8284],[1.9495,50.82161],[1.95663,50.82032],[1.96394,50.81943],[1.97121,50.81892],[1.97811,50.8188],[2.01866,50.81956],[2.02623,50.81998],[2.0332,50.82075],[2.04044,50.82196],[2.0475,50.82357],[2.05478,50.82573],[2.06061,50.82787],[2.06531,50.82989],[2.07937,50.83655],[2.08306,50.83805],[2.08835,50.83992],[2.09483,50.84181],[2.10177,50.8434],[2.10925,50.84465],[2.11602,50.8454],[2.12383,50.84582],[2.13211,50.84577],[2.16253,50.84363],[2.17115,50.8433],[2.17631,50.84336],[2.20376,50.84438],[2.23072,50.84412],[2.2383,50.84367],[2.25598,50.84182],[2.2617,50.8411],[2.26781,50.84006],[2.27267,50.83902],[2.27746,50.83779],[2.28633,50.83493],[2.29301,50.8322],[2.30618,50.82607],[2.31041,50.82426],[2.34743,50.80991],[2.36947,50.80215],[2.3792,50.79904],[2.43638,50.78366],[2.44459,50.78196],[2.46111,50.77955],[2.46842,50.77813],[2.47367,50.77682],[2.52981,50.76157],[2.53586,50.76019],[2.55139,50.75744],[2.55825,50.7559],[2.56389,50.75432],[2.56941,50.75247],[2.57345,50.75091],[2.58614,50.74545],[2.59113,50.74363],[2.59592,50.74212],[2.60194,50.74053],[2.60733,50.73937],[2.62114,50.73716],[2.62726,50.736],[2.63634,50.73365],[2.64231,50.73165],[2.69295,50.7128],[2.69945,50.71061],[2.70385,50.70934],[2.70971,50.70789],[2.7322,50.70324],[2.73903,50.70151],[2.74706,50.6989],[2.76167,50.69294],[2.76992,50.69008],[2.77704,50.68809],[2.79674,50.68323],[2.80785,50.67987],[2.81609,50.67687],[2.84183,50.66635],[2.86992,50.65676],[2.87614,50.65437],[2.89152,50.64799],[2.89446,50.64696],[2.8983,50.64588],[2.90211,50.64505],[2.90702,50.64434],[2.9109,50.64402],[2.91577,50.64392],[2.91964,50.64408],[2.92328,50.64444],[2.93758,50.64663],[2.94235,50.64759],[2.94754,50.6491],[2.9517,50.65069],[2.95997,50.65437],[2.96639,50.6564],[2.9729,50.65772],[2.98411,50.65911],[2.98841,50.6602],[2.99613,50.66285],[3.00003,50.66358],[3.00317,50.66381],[3.00761,50.66363],[3.01321,50.66257],[3.01921,50.66102],[3.03476,50.65654],[3.04747,50.65255],[3.05062,50.65188],[3.05751,50.65103],[3.06039,50.65038],[3.06263,50.64968],[3.06557,50.64835],[3.06778,50.64695],[3.06931,50.64571],[3.07681,50.63819],[3.07754,50.63718],[3.08212,50.6322],[3.08464,50.62875],[3.08602,50.62712],[3.09031,50.62297],[3.09642,50.61801],[3.09802,50.61624],[3.1034,50.60952],[3.10473,50.60816],[3.10657,50.60663],[3.10957,50.60471],[3.11342,50.60293],[3.11664,50.60187],[3.12521,50.59965],[3.12962,50.59798],[3.13167,50.59694],[3.1339,50.59554],[3.13559,50.59424],[3.13732,50.59259],[3.13832,50.59142],[3.13951,50.58966],[3.14076,50.58675],[3.1425,50.57961],[3.14267,50.57786],[3.14253,50.57593],[3.14217,50.57446],[3.1415,50.57278],[3.14067,50.57131],[3.13941,50.56965],[3.13695,50.5673],[3.13334,50.56495],[3.12556,50.5613],[3.10526,50.55052],[3.09955,50.54814],[3.09419,50.54644],[3.08797,50.54498],[3.08244,50.54411],[3.05828,50.54192],[3.04068,50.5394],[3.0341,50.53813],[3.02705,50.5361],[3.02328,50.53469],[3.01939,50.53295],[3.01623,50.5313],[3.01266,50.52919],[3.00961,50.52712],[3.00603,50.52431],[3.0034,50.52192],[3.00098,50.5193],[2.99825,50.51553],[2.99643,50.51208],[2.99518,50.50862],[2.99262,50.49952],[2.99135,50.49633],[2.99041,50.49451],[2.9888,50.49197],[2.98412,50.48611],[2.98151,50.48209],[2.97181,50.46138],[2.9708,50.45876],[2.97004,50.45579],[2.96966,50.45255],[2.96976,50.44908],[2.97038,50.44567],[2.9713,50.44281],[2.97256,50.44004],[2.97382,50.43787],[2.97515,50.43595],[2.97953,50.43037],[2.98189,50.42639],[2.98279,50.42428],[2.98369,50.42149],[2.98422,50.41877],[2.98437,50.41712],[2.98437,50.41435],[2.984,50.41139],[2.9789,50.38918],[2.97734,50.38433],[2.975,50.37942],[2.97216,50.37498],[2.96472,50.36548],[2.96084,50.36149],[2.95601,50.35741],[2.95269,50.35501],[2.94859,50.3524],[2.91296,50.33139],[2.9096,50.32908],[2.90649,50.32668],[2.90187,50.32249],[2.89858,50.31887],[2.89597,50.31546],[2.8941,50.31256],[2.88563,50.29831],[2.88219,50.29343],[2.87774,50.2882],[2.86523,50.27545],[2.86148,50.27088],[2.85915,50.26733],[2.85732,50.2639],[2.85602,50.26087],[2.85483,50.25717],[2.8532,50.25014],[2.85258,50.24601],[2.85244,50.24335],[2.85254,50.24027],[2.85327,50.23533],[2.85476,50.2303],[2.86309,50.2096],[2.87023,50.18873],[2.8717,50.18359],[2.87242,50.17839],[2.87248,50.17591],[2.87217,50.16752],[2.87238,50.15728],[2.87096,50.13056],[2.87045,50.09464],[2.86949,50.08405],[2.86943,50.07936],[2.87,50.07405],[2.87393,50.05219],[2.87458,50.04948],[2.87788,50.03851],[2.87848,50.03515],[2.87878,50.03096],[2.87866,50.02772],[2.87831,50.02482],[2.87413,49.99751],[2.87345,49.99465],[2.87258,49.99193],[2.87041,49.98702],[2.8681,49.98309],[2.85763,49.96688],[2.85577,49.96321],[2.85405,49.95859],[2.85306,49.95444],[2.85116,49.94136],[2.85099,49.938],[2.85124,49.93099],[2.85118,49.92824],[2.84988,49.9146],[2.84925,49.91049],[2.84824,49.9067],[2.84658,49.90244],[2.84512,49.89955],[2.83993,49.89072],[2.83767,49.88532],[2.83723,49.8839],[2.83474,49.87401],[2.83209,49.85915],[2.8291,49.84029],[2.82842,49.8371],[2.82726,49.83338],[2.8259,49.83013],[2.81823,49.81376],[2.81617,49.81006],[2.8129,49.80542],[2.80647,49.79806],[2.80418,49.79514],[2.80193,49.79171],[2.80007,49.78823],[2.79865,49.78487],[2.79741,49.78085],[2.79668,49.77704],[2.79579,49.76948],[2.79455,49.76441],[2.79155,49.75561],[2.78562,49.74087],[2.78422,49.7377],[2.78218,49.73403],[2.77996,49.73076],[2.77577,49.72513],[2.7734,49.7215],[2.77145,49.71776],[2.76973,49.71336],[2.76896,49.71059],[2.76831,49.7071],[2.76802,49.70408],[2.768,49.70122],[2.76849,49.6964],[2.77024,49.68841],[2.77074,49.68507],[2.77092,49.68097],[2.77057,49.67648],[2.76973,49.67237],[2.76809,49.66749],[2.76102,49.65302],[2.75942,49.64908],[2.75862,49.64644],[2.75511,49.63205],[2.75427,49.62771],[2.75399,49.62445],[2.754,49.6215],[2.75447,49.61374],[2.7544,49.61068],[2.754,49.6072],[2.75306,49.60302],[2.75184,49.59946],[2.74408,49.58037],[2.74185,49.57563],[2.73351,49.55913],[2.72415,49.53563],[2.71929,49.52567],[2.71772,49.52186],[2.7166,49.51809],[2.71581,49.51347],[2.71561,49.51005],[2.71566,49.50202],[2.71532,49.49781],[2.7147,49.49454],[2.71145,49.48046],[2.70953,49.47427],[2.70673,49.4674],[2.70386,49.4617],[2.69884,49.45298],[2.69656,49.4478],[2.6955,49.44432],[2.69216,49.42989],[2.69132,49.42477],[2.69119,49.42055],[2.6914,49.41755],[2.69348,49.40291],[2.69416,49.39954],[2.69501,49.39674],[2.69599,49.39425],[2.6998,49.38699],[2.70124,49.38369],[2.70239,49.37998],[2.70309,49.37624],[2.70331,49.37232],[2.703,49.36813],[2.70242,49.36516],[2.70073,49.35939],[2.7002,49.35705],[2.69975,49.35377],[2.69966,49.35069],[2.69982,49.34812],[2.70023,49.34528],[2.70345,49.32996],[2.70419,49.32708],[2.7053,49.32388],[2.70661,49.32094],[2.71774,49.29993],[2.72017,49.29614],[2.72952,49.28298],[2.73132,49.27996],[2.73318,49.27605],[2.73445,49.27257],[2.74839,49.22695],[2.75139,49.21704],[2.75215,49.21398],[2.75311,49.20773],[2.75328,49.2018],[2.75086,49.1659],[2.75042,49.16223],[2.74978,49.15922],[2.74902,49.15664],[2.74775,49.15334],[2.74551,49.14894],[2.74283,49.14485],[2.74064,49.14207],[2.73304,49.13334],[2.72472,49.12125],[2.72254,49.11841],[2.72053,49.1161],[2.716,49.11168],[2.71158,49.10812],[2.70599,49.10437],[2.69943,49.10079],[2.69402,49.09834],[2.68981,49.09671],[2.68556,49.09528],[2.68073,49.09389],[2.67205,49.09196],[2.65658,49.08967],[2.64821,49.08794],[2.61086,49.07762],[2.60577,49.07604],[2.60185,49.07463],[2.5954,49.07188],[2.57501,49.06205],[2.52966,49.04193],[2.49986,49.02612],[2.49382,49.02332],[2.48882,49.02145],[2.48189,49.0194],[2.45755,49.01414],[2.45372,49.01314],[2.44866,49.01137],[2.44036,49.00786],[2.43718,49.00628],[2.42733,49.00083],[2.4219,48.99736],[2.41686,48.9938],[2.41072,48.99028],[2.40277,48.98512],[2.37208,48.96356],[2.36731,48.96044],[2.34851,48.94725],[2.34636,48.94543],[2.34502,48.94347],[2.34451,48.94155],[2.34461,48.93958],[2.34708,48.92946],[2.34883,48.92297],[2.34923,48.92012],[2.35079,48.91422],[2.3527,48.90299],[2.35382,48.89937],[2.35433,48.8964],[2.35548,48.89301],[2.35672,48.88998],[2.35707,48.8883],[2.35728,48.88576],[2.35696,48.88405],[2.35573,48.88213],[2.35499,48.88058]]}},{"type":"Feature","properties":{"name":"2025_Paris -> Avon (59km)","mode":"train","distance_km":"58.9"},"geometry":{"type":"LineString","coordinates":[[2.37391,48.84464],[2.37743,48.8427],[2.38373,48.83967],[2.38687,48.83835],[2.38821,48.83758],[2.39225,48.83436],[2.39545,48.83127],[2.39716,48.82923],[2.39818,48.82827],[2.40336,48.82502],[2.40813,48.82312],[2.41143,48.82115],[2.41408,48.81871],[2.41776,48.81381],[2.41951,48.81216],[2.42248,48.80988],[2.42333,48.80895],[2.42394,48.808],[2.42663,48.80133],[2.42897,48.79813],[2.42954,48.79707],[2.4303,48.79274],[2.43376,48.78408],[2.43498,48.77989],[2.43613,48.77713],[2.4364,48.77591],[2.43667,48.77164],[2.43873,48.76332],[2.43936,48.76167],[2.44109,48.75488],[2.4421,48.75266],[2.44253,48.75128],[2.44275,48.74956],[2.44501,48.74082],[2.44508,48.73969],[2.44582,48.73709],[2.44612,48.73516],[2.44638,48.73059],[2.44596,48.72905],[2.44372,48.72488],[2.44326,48.72299],[2.44338,48.72188],[2.44375,48.72065],[2.44502,48.71855],[2.44718,48.71627],[2.45007,48.71424],[2.45607,48.71162],[2.4604,48.70919],[2.46492,48.70745],[2.47055,48.70613],[2.47535,48.70569],[2.479,48.70587],[2.48545,48.70687],[2.48781,48.70698],[2.49082,48.70685],[2.49548,48.70599],[2.50004,48.70438],[2.50261,48.70297],[2.50461,48.7015],[2.51252,48.69308],[2.51804,48.68812],[2.5195,48.68699],[2.52284,48.68512],[2.53301,48.68109],[2.53517,48.68009],[2.53879,48.67785],[2.5414,48.67559],[2.54538,48.67065],[2.54783,48.66786],[2.54974,48.66512],[2.5566,48.65646],[2.55789,48.65429],[2.5661,48.63606],[2.56909,48.63001],[2.57075,48.62562],[2.58629,48.59073],[2.5922,48.57176],[2.59389,48.56686],[2.59531,48.56391],[2.59666,48.56186],[2.59829,48.5602],[2.61256,48.54758],[2.62901,48.53672],[2.63152,48.53546],[2.63632,48.53353],[2.64366,48.53018],[2.64914,48.52864],[2.65514,48.52736],[2.65684,48.52683],[2.65985,48.52534],[2.66159,48.52409],[2.66305,48.5226],[2.66451,48.52071],[2.66541,48.5193],[2.66599,48.51788],[2.66786,48.50697],[2.66802,48.49833],[2.66839,48.4956],[2.66897,48.49382],[2.66972,48.49227],[2.67141,48.48961],[2.67302,48.48753],[2.67469,48.48586],[2.67668,48.48439],[2.69185,48.47559],[2.70678,48.46602],[2.73252,48.4453],[2.73443,48.44343],[2.73582,48.44166],[2.73728,48.43888],[2.73812,48.43595],[2.73824,48.43426],[2.73815,48.43269],[2.73746,48.42989],[2.73671,48.42825],[2.73539,48.42617],[2.73368,48.42424],[2.72833,48.41922],[2.72737,48.4179],[2.72665,48.4163]]}},{"type":"Feature","properties":{"name":"2025_Paris -> Chessy (33.1km)","mode":"train","distance_km":"33.0"},"geometry":{"type":"LineString","coordinates":[[2.38146,48.84366],[2.38251,48.84457],[2.38402,48.84686],[2.38508,48.84792],[2.38718,48.84888],[2.38946,48.84923],[2.39201,48.84903],[2.39817,48.84779],[2.39895,48.84749],[2.40149,48.84569],[2.40368,48.84483],[2.41611,48.8437],[2.41859,48.84381],[2.42046,48.84441],[2.42548,48.84664],[2.42819,48.84725],[2.43034,48.84739],[2.44175,48.84701],[2.44842,48.84662],[2.45317,48.84598],[2.46459,48.84383],[2.46641,48.84359],[2.46754,48.84364],[2.46954,48.84408],[2.47935,48.84888],[2.48382,48.85128],[2.49252,48.85628],[2.49573,48.85724],[2.4991,48.85749],[2.50921,48.85621],[2.51136,48.85552],[2.51308,48.85434],[2.51516,48.85191],[2.51641,48.85082],[2.51805,48.84977],[2.52359,48.84692],[2.52899,48.84214],[2.53089,48.84122],[2.53292,48.84078],[2.55434,48.84079],[2.56312,48.84095],[2.56806,48.84141],[2.57426,48.84233],[2.58613,48.84335],[2.58948,48.84325],[2.59874,48.84213],[2.60172,48.84205],[2.60382,48.84226],[2.61003,48.84329],[2.61884,48.8435],[2.62073,48.84327],[2.62263,48.84281],[2.63073,48.83975],[2.63652,48.83853],[2.63966,48.8382],[2.6432,48.83829],[2.66415,48.84062],[2.668,48.84127],[2.67108,48.84125],[2.67298,48.84087],[2.67432,48.8404],[2.68213,48.83632],[2.68458,48.83532],[2.68796,48.8346],[2.69203,48.83451],[2.72994,48.83908],[2.73357,48.8398],[2.73614,48.84059],[2.73837,48.8415],[2.74775,48.84597],[2.75046,48.84709],[2.75431,48.8483],[2.76244,48.85009],[2.76553,48.85113],[2.76746,48.85203],[2.77717,48.85754],[2.77922,48.85898],[2.7804,48.86056],[2.78086,48.86203],[2.78162,48.86652]]}},{"type":"Feature","properties":{"name":"2025_US","mode":"train","distance_km":"571.8"},"geometry":{"type":"LineString","coordinates":[[-77.44824,38.95585],[-77.44599,38.95592],[-77.4452,38.9562],[-77.44465,38.95658],[-77.44402,38.95766],[-77.44394,38.95968],[-77.44356,38.96061],[-77.44261,38.96156],[-77.44131,38.96217],[-77.43771,38.96248],[-77.4228,38.96244],[-77.41981,38.96205],[-77.41777,38.96155],[-77.40061,38.95553],[-77.39568,38.95434],[-77.38708,38.95293],[-77.38361,38.95265],[-77.37312,38.95326],[-77.36822,38.95335],[-77.36319,38.95315],[-77.3583,38.9526],[-77.35395,38.95182],[-77.35,38.95091],[-77.34635,38.94987],[-77.33352,38.94563],[-77.32967,38.94482],[-77.32596,38.94463],[-77.32216,38.94498],[-77.31986,38.94548],[-77.31328,38.94747],[-77.31027,38.94801],[-77.30511,38.94815],[-77.3008,38.94772],[-77.29812,38.9472],[-77.29471,38.94625],[-77.28795,38.94348],[-77.2852,38.94267],[-77.28192,38.94214],[-77.27628,38.94175],[-77.27359,38.94107],[-77.27222,38.94043],[-77.27095,38.93961],[-77.26534,38.93473],[-77.26315,38.9335],[-77.26144,38.9329],[-77.25934,38.93245],[-77.25638,38.93226],[-77.25355,38.93254],[-77.24881,38.93364],[-77.24746,38.93361],[-77.2464,38.93332],[-77.24495,38.93236],[-77.23304,38.92022],[-77.23229,38.91966],[-77.23154,38.91944],[-77.23023,38.91948],[-77.22545,38.92032],[-77.21889,38.92109],[-77.21341,38.92313],[-77.20839,38.92537],[-77.20465,38.92791],[-77.20316,38.92825],[-77.20176,38.92813],[-77.20084,38.9278],[-77.1996,38.92707],[-77.19787,38.92549],[-77.19175,38.91631],[-77.18852,38.91304],[-77.18747,38.91172],[-77.187,38.91053],[-77.18692,38.90928],[-77.18806,38.90432],[-77.18811,38.90349],[-77.18769,38.90226],[-77.18675,38.90127],[-77.18588,38.9008],[-77.17275,38.89622],[-77.17134,38.89561],[-77.16969,38.89456],[-77.16231,38.88847],[-77.16061,38.88748],[-77.15899,38.88679],[-77.13758,38.87959],[-77.13529,38.87933],[-77.12781,38.87954],[-77.12538,38.88018],[-77.12278,38.8815],[-77.12124,38.88189],[-77.1051,38.88266],[-77.09794,38.88556],[-77.09328,38.88777],[-77.08455,38.89119],[-77.08244,38.89165],[-77.07349,38.89233],[-77.07238,38.89256],[-77.0714,38.89319],[-77.07091,38.89404],[-77.07095,38.89764],[-77.07073,38.8985],[-77.06971,38.89962],[-77.06806,38.90022],[-77.05784,38.90068],[-77.04699,38.90076],[-77.04427,38.90137],[-77.0372,38.90138],[-77.03839,38.90167],[-77.03919,38.90242],[-77.0383,38.9009],[-77.03752,38.90001],[-77.0366,38.89945],[-77.03401,38.89846],[-77.03289,38.89832],[-77.02094,38.89829],[-77.01868,38.89745],[-77.01557,38.89539],[-77.01459,38.89494],[-77.01063,38.89481],[-77.00908,38.89523],[-77.00803,38.89629],[-77.0062,38.90108],[-77.0042,38.90385],[-77.00377,38.90554],[-77.0028,38.90814],[-77.00169,38.91],[-76.99854,38.91635],[-76.99685,38.91891],[-76.99417,38.92542],[-76.99383,38.92685],[-76.99406,38.93023],[-76.99489,38.93416],[-77.00177,38.95086],[-77.00164,38.95149],[-77.00094,38.95182],[-76.99409,38.95246],[-76.99088,38.95257],[-76.98676,38.95235],[-76.97478,38.9513],[-76.97388,38.95131],[-76.97269,38.95157],[-76.97153,38.95216],[-76.97071,38.95295],[-76.96866,38.95687],[-76.96843,38.95763],[-76.9684,38.9584],[-76.96894,38.96087],[-76.96889,38.96217],[-76.96858,38.96292],[-76.96808,38.9636],[-76.96657,38.96472],[-76.96529,38.96516],[-76.96422,38.9653],[-76.95286,38.96534],[-76.95036,38.96562],[-76.94822,38.96642],[-76.94048,38.97133],[-76.93848,38.97168],[-76.93344,38.9715],[-76.93237,38.97177],[-76.93118,38.97242],[-76.9304,38.97322],[-76.93006,38.97389],[-76.92632,38.98333],[-76.91929,39.00001],[-76.91825,39.00216],[-76.91616,39.00538],[-76.90976,39.0128],[-76.90913,39.01382],[-76.90789,39.01639],[-76.90737,39.01817],[-76.90712,39.02034],[-76.90721,39.02129],[-76.90764,39.01786],[-76.90817,39.0162],[-76.90909,39.01429],[-76.91042,39.01236],[-76.91614,39.00579],[-76.91789,39.00322],[-76.91933,39.00051],[-76.93761,38.95654],[-76.93943,38.95313],[-76.94108,38.95078],[-76.94258,38.94898],[-76.95929,38.9312],[-76.96127,38.92983],[-76.96473,38.9284],[-76.96667,38.9273],[-76.97334,38.92157],[-76.97516,38.92026],[-76.97704,38.91921],[-76.97914,38.91831],[-76.99914,38.91133],[-77.00106,38.91014],[-77.00222,38.90862],[-77.00404,38.90355],[-77.00474,38.9],[-77.00585,38.89686],[-77.006,38.89575],[-77.00604,38.88718],[-77.00648,38.88601],[-77.00727,38.88511],[-77.00853,38.88433],[-77.00995,38.88381],[-77.01136,38.88353],[-77.01303,38.88343],[-77.02229,38.88583],[-77.02313,38.88589],[-77.03109,38.88368],[-77.03217,38.88282],[-77.03579,38.87784],[-77.04631,38.86563],[-77.04758,38.86359],[-77.0481,38.86226],[-77.04838,38.85834],[-77.04792,38.85627],[-77.04782,38.85497],[-77.04818,38.85275],[-77.0486,38.8517],[-77.0501,38.84917],[-77.05042,38.84819],[-77.05057,38.84688],[-77.0504,38.84535],[-77.0497,38.84268],[-77.04922,38.84153],[-77.04719,38.83796],[-77.04685,38.83671],[-77.04716,38.83192],[-77.0469,38.82653],[-77.047,38.82526],[-77.04746,38.82375],[-77.0481,38.82261],[-77.05584,38.81167],[-77.05751,38.80966],[-77.05999,38.80757],[-77.06329,38.80571],[-77.0657,38.80485],[-77.06816,38.8045],[-77.09071,38.8057],[-77.09384,38.80607],[-77.10008,38.80726],[-77.10144,38.80733],[-77.10339,38.80716],[-77.10519,38.80673],[-77.10646,38.80624],[-77.11093,38.80368],[-77.11381,38.80234],[-77.11863,38.80076],[-77.12249,38.79999],[-77.14695,38.79657],[-77.1491,38.79601],[-77.15093,38.79516],[-77.15217,38.79428],[-77.15333,38.79311],[-77.15408,38.79201],[-77.15455,38.79093],[-77.15713,38.77605],[-77.15751,38.77466],[-77.15821,38.77314],[-77.15981,38.77096],[-77.16193,38.76911],[-77.16402,38.76786],[-77.17034,38.76514],[-77.17172,38.76414],[-77.1729,38.76287],[-77.18084,38.75012],[-77.18274,38.74656],[-77.18454,38.74211],[-77.18748,38.7321],[-77.18854,38.73021],[-77.19005,38.72871],[-77.19182,38.72763],[-77.2042,38.72279],[-77.20716,38.72121],[-77.20905,38.71984],[-77.2165,38.71345],[-77.21878,38.7112],[-77.21975,38.70938],[-77.22629,38.68918],[-77.22698,38.68661],[-77.22876,38.67758],[-77.2295,38.67566],[-77.23047,38.67432],[-77.23172,38.6732],[-77.24174,38.66638],[-77.2438,38.66475],[-77.24574,38.66263],[-77.24761,38.66004],[-77.24909,38.65739],[-77.25026,38.65442],[-77.25097,38.6516],[-77.2513,38.64877],[-77.25166,38.62418],[-77.25382,38.61086],[-77.25844,38.59419],[-77.25908,38.59237],[-77.26043,38.58991],[-77.26497,38.58366],[-77.26562,38.58234],[-77.26601,38.58062],[-77.26596,38.57916],[-77.26564,38.57791],[-77.26323,38.57203],[-77.26249,38.56701],[-77.2623,38.56238],[-77.26272,38.56076],[-77.26327,38.55968],[-77.26416,38.55852],[-77.26499,38.55774],[-77.27311,38.55227],[-77.27495,38.5507],[-77.27638,38.54917],[-77.2777,38.5474],[-77.27862,38.54585],[-77.28497,38.53225],[-77.28663,38.52964],[-77.2894,38.52654],[-77.29513,38.51957],[-77.29681,38.5181],[-77.30551,38.51135],[-77.30714,38.50971],[-77.308,38.50854],[-77.30868,38.50712],[-77.31495,38.48365],[-77.31609,38.48129],[-77.31967,38.47592],[-77.3217,38.47183],[-77.32231,38.47014],[-77.32854,38.44868],[-77.32924,38.44731],[-77.33063,38.44545],[-77.33225,38.44381],[-77.35889,38.41949],[-77.36107,38.41723],[-77.36241,38.41508],[-77.36289,38.41372],[-77.36437,38.40536],[-77.36507,38.4038],[-77.37395,38.39],[-77.37502,38.38905],[-77.3769,38.38804],[-77.37869,38.38755],[-77.38448,38.38683],[-77.38776,38.38559],[-77.39015,38.38398],[-77.3955,38.3795],[-77.39636,38.37851],[-77.39708,38.3773],[-77.40317,38.36364],[-77.41144,38.35249],[-77.41283,38.35131],[-77.41475,38.3503],[-77.41789,38.34948],[-77.4417,38.34655],[-77.44311,38.34614],[-77.44473,38.3454],[-77.4463,38.34429],[-77.44735,38.34319],[-77.44822,38.34184],[-77.44882,38.33992],[-77.44876,38.33453],[-77.4489,38.33246],[-77.44932,38.32987],[-77.45026,38.32611],[-77.45041,38.32466],[-77.45024,38.32328],[-77.4467,38.30833],[-77.44655,38.30687],[-77.44674,38.30541],[-77.44729,38.304],[-77.44788,38.30304],[-77.44957,38.30138],[-77.45131,38.30042],[-77.45845,38.2976],[-77.45952,38.29683],[-77.46024,38.296],[-77.46092,38.29453],[-77.46146,38.28874],[-77.4604,38.27741],[-77.45957,38.27533],[-77.45388,38.26478],[-77.45234,38.26222],[-77.45118,38.26106],[-77.43928,38.2529],[-77.436,38.25042],[-77.43463,38.24859],[-77.43416,38.24743],[-77.43388,38.24588],[-77.43399,38.24436],[-77.43461,38.24258],[-77.44206,38.23115],[-77.4427,38.22978],[-77.44303,38.22816],[-77.44296,38.2267],[-77.44265,38.22548],[-77.43655,38.20855],[-77.43625,38.20688],[-77.43618,38.20507],[-77.43661,38.20216],[-77.4376,38.19962],[-77.44118,38.19353],[-77.44186,38.19275],[-77.4433,38.19156],[-77.44909,38.18835],[-77.45099,38.18672],[-77.45221,38.1848],[-77.45405,38.1805],[-77.45793,38.17554],[-77.45855,38.17404],[-77.45877,38.17205],[-77.45825,38.16637],[-77.45794,38.16465],[-77.45759,38.16376],[-77.45579,38.1608],[-77.45485,38.15951],[-77.45325,38.15782],[-77.41899,38.12583],[-77.38358,38.08101],[-77.3823,38.07933],[-77.3811,38.07722],[-77.37687,38.06566],[-77.37583,38.05881],[-77.37571,38.05641],[-77.37678,38.03892],[-77.37139,38.00169],[-77.37103,38.0],[-77.37044,37.99835],[-77.36357,37.9816],[-77.36261,37.96468],[-77.36288,37.96314],[-77.36345,37.96183],[-77.36411,37.96084],[-77.36522,37.95969],[-77.36671,37.95865],[-77.36806,37.95799],[-77.36963,37.95749],[-77.37155,37.95719],[-77.39593,37.95531],[-77.39912,37.95535],[-77.40333,37.95603],[-77.41566,37.95986],[-77.41746,37.96015],[-77.41887,37.96019],[-77.42732,37.95968],[-77.42852,37.95949],[-77.43185,37.95842],[-77.43566,37.95693],[-77.43731,37.95618],[-77.43894,37.95507],[-77.44017,37.9538],[-77.441,37.95241],[-77.44465,37.94418],[-77.44718,37.9348],[-77.44762,37.93376],[-77.44829,37.9327],[-77.4493,37.93166],[-77.4511,37.93037],[-77.45895,37.92701],[-77.4644,37.92336],[-77.46596,37.92215],[-77.46701,37.92111],[-77.4679,37.91986],[-77.46861,37.9185],[-77.46899,37.91741],[-77.46924,37.91591],[-77.46928,37.91499],[-77.46904,37.91317],[-77.46065,37.8839],[-77.46009,37.88152],[-77.45644,37.83893],[-77.45653,37.83607],[-77.45726,37.83329],[-77.46087,37.824],[-77.47093,37.79507],[-77.47695,37.77313],[-77.50018,37.69762],[-77.50067,37.69528],[-77.50739,37.64728],[-77.50755,37.64423],[-77.50716,37.64183],[-77.50641,37.63972],[-77.48815,37.59972],[-77.48495,37.59453],[-77.48124,37.58939],[-77.47885,37.58506],[-77.47756,37.58331],[-77.47336,37.57846],[-77.47296,37.57788],[-77.47266,37.57702],[-77.47258,37.57621],[-77.47273,37.57546],[-77.47356,37.5741],[-77.48782,37.56077],[-77.48904,37.55926],[-77.48983,37.55732],[-77.49139,37.54829],[-77.49135,37.54594],[-77.49054,37.54203],[-77.49064,37.54101],[-77.49129,37.53978],[-77.49669,37.53201],[-77.49717,37.53099],[-77.49733,37.52974],[-77.49686,37.52774],[-77.49251,37.5131],[-77.49177,37.51154],[-77.47311,37.49413],[-77.45101,37.46331],[-77.45043,37.46212],[-77.45024,37.46111],[-77.45032,37.45984],[-77.45297,37.44433],[-77.45339,37.43963],[-77.45434,37.37687],[-77.45421,37.37513],[-77.45389,37.37354],[-77.45322,37.37162],[-77.45195,37.36936],[-77.44411,37.35816],[-77.44249,37.35622],[-77.43991,37.35395],[-77.42523,37.3436],[-77.42396,37.34233],[-77.40666,37.31823],[-77.40354,37.31351],[-77.40296,37.31229],[-77.40263,37.31111],[-77.4025,37.30902],[-77.40593,37.27788],[-77.40608,37.27528],[-77.40639,37.273],[-77.40676,37.27168],[-77.40726,37.27078],[-77.40822,37.26971],[-77.41515,37.26437],[-77.41649,37.26297],[-77.43379,37.234],[-77.43444,37.23252],[-77.43465,37.23107],[-77.43449,37.22969],[-77.43402,37.22847],[-77.42064,37.20269],[-77.41999,37.20091],[-77.41999,37.19874],[-77.42178,37.18782],[-77.42183,37.18635],[-77.4213,37.18228],[-77.39423,37.0314],[-77.39312,37.01954],[-77.39316,37.016],[-77.39355,37.01318],[-77.39427,37.01036],[-77.40274,36.98456],[-77.40323,36.98272],[-77.40367,36.98002],[-77.40378,36.9765],[-77.40116,36.94089],[-77.4013,36.93801],[-77.40177,36.93524],[-77.40247,36.9327],[-77.40348,36.93022],[-77.44737,36.83563],[-77.44884,36.8335],[-77.45101,36.8313],[-77.45265,36.83006],[-77.4586,36.8263],[-77.46057,36.82469],[-77.46237,36.82267],[-77.46391,36.82014],[-77.46844,36.80998],[-77.46887,36.80858],[-77.471,36.78617],[-77.47164,36.78297],[-77.47306,36.77892],[-77.47706,36.77018],[-77.47854,36.76792],[-77.50861,36.73098],[-77.53199,36.69865],[-77.54346,36.68317],[-77.5455,36.67948],[-77.54655,36.67684],[-77.55664,36.64543],[-77.55736,36.64247],[-77.55777,36.63869],[-77.5576,36.6349],[-77.55701,36.63168],[-77.55631,36.62931],[-77.55508,36.62636],[-77.5528,36.62176],[-77.54371,36.60528],[-77.54251,36.60273],[-77.54172,36.60056],[-77.54081,36.59658],[-77.54053,36.59255],[-77.54068,36.59002],[-77.54197,36.58057],[-77.54197,36.57874],[-77.54169,36.57689],[-77.54102,36.57482],[-77.53084,36.54953],[-77.53042,36.54814],[-77.53011,36.54628],[-77.53014,36.5435],[-77.53113,36.53955],[-77.54899,36.48166],[-77.55447,36.46413],[-77.5557,36.46139],[-77.55716,36.4593],[-77.55932,36.45714],[-77.60122,36.42527],[-77.60273,36.42377],[-77.60392,36.4222],[-77.60451,36.42116],[-77.60531,36.41908],[-77.61655,36.37027],[-77.61675,36.36848],[-77.61673,36.36698],[-77.61655,36.36562],[-77.61605,36.36371],[-77.61544,36.36222],[-77.61454,36.36063],[-77.59491,36.33273],[-77.59412,36.33078],[-77.59372,36.32825],[-77.59394,36.325],[-77.59463,36.32214],[-77.59696,36.31688],[-77.59793,36.31559],[-77.60175,36.31129],[-77.60326,36.30881],[-77.604,36.30664],[-77.60546,36.29693],[-77.60628,36.29365],[-77.60736,36.29095],[-77.6085,36.28862],[-77.6368,36.23769],[-77.63838,36.23399],[-77.64103,36.2242],[-77.64303,36.21854],[-77.65705,36.18987],[-77.65855,36.18778],[-77.66012,36.18614],[-77.69912,36.15214],[-77.70061,36.15064],[-77.70246,36.14795],[-77.70339,36.14584],[-77.70402,36.1431],[-77.70545,36.12194],[-77.70575,36.11988],[-77.70655,36.11682],[-77.7078,36.11361],[-77.70856,36.11209],[-77.7105,36.10891],[-77.74168,36.0616],[-77.77074,36.00892],[-77.77157,36.00716],[-77.77255,36.00451],[-77.77726,35.9865],[-77.77855,35.98267],[-77.80824,35.91116],[-77.8197,35.88387],[-77.82147,35.88002],[-77.91632,35.70724],[-77.92321,35.6949],[-77.92418,35.69358],[-77.92672,35.68902],[-77.92767,35.68681],[-77.93178,35.67923],[-77.93253,35.67809],[-77.93337,35.67718],[-77.93543,35.67571],[-78.05988,35.62476],[-78.13089,35.59054],[-78.13414,35.58942],[-78.13678,35.58889],[-78.14794,35.58819],[-78.15049,35.58756],[-78.15234,35.58666],[-78.17255,35.57433],[-78.17687,35.57215],[-78.27207,35.53636],[-78.27443,35.53539],[-78.27909,35.53313],[-78.2804,35.53297],[-78.28222,35.53367],[-78.31729,35.55304],[-78.31896,35.55443],[-78.32004,35.55591],[-78.32059,35.55714],[-78.32169,35.56066],[-78.32252,35.56224],[-78.32347,35.56337],[-78.32496,35.56455],[-78.40826,35.6159],[-78.44774,35.64042],[-78.44924,35.64155],[-78.45036,35.64282],[-78.45298,35.64816],[-78.4538,35.64941],[-78.45447,35.6501],[-78.47648,35.66781],[-78.4779,35.66864],[-78.4796,35.66929],[-78.48095,35.66958],[-78.49918,35.67189],[-78.50231,35.67259],[-78.52159,35.67988],[-78.52372,35.68117],[-78.52753,35.68437],[-78.5288,35.68522],[-78.53987,35.69008],[-78.5423,35.69064],[-78.55097,35.69123],[-78.5528,35.69167],[-78.55422,35.69241],[-78.55852,35.69582],[-78.56055,35.69701],[-78.56266,35.69794],[-78.57115,35.70062],[-78.57269,35.7009],[-78.57455,35.70081],[-78.58201,35.69904],[-78.58371,35.69903],[-78.585,35.69925],[-78.61995,35.71268],[-78.62219,35.7138],[-78.62338,35.71475],[-78.6245,35.71603],[-78.62687,35.72043],[-78.62707,35.72163],[-78.62663,35.72345],[-78.62661,35.72467],[-78.62685,35.72546],[-78.62824,35.72788],[-78.63011,35.7303],[-78.63086,35.73093],[-78.63286,35.73215],[-78.63371,35.73295],[-78.6383,35.74057],[-78.63856,35.74193],[-78.63834,35.74336],[-78.63782,35.74442],[-78.63505,35.74892],[-78.63413,35.75217],[-78.63396,35.75374],[-78.63439,35.75661],[-78.63469,35.75804],[-78.63513,35.75913],[-78.63973,35.76756],[-78.64385,35.77296]]}},{"type":"Feature","properties":{"name":"2026 Warsaw -> Krakow (339.2km)","mode":"train","date":"2026","distance_km":"338.7"},"geometry":{"type":"LineString","coordinates":[[20.96507,52.22019],[20.95503,52.21799],[20.94862,52.21597],[20.94036,52.21431],[20.93713,52.21344],[20.84247,52.18265],[20.63342,52.11377],[20.6181,52.10846],[20.60881,52.10562],[20.5547,52.08768],[20.54595,52.08508],[20.53423,52.08266],[20.53001,52.08152],[20.52518,52.07969],[20.52069,52.07736],[20.51684,52.07463],[20.51411,52.07202],[20.51278,52.0704],[20.51152,52.06848],[20.50992,52.06487],[20.48581,51.99246],[20.48461,51.98921],[20.48334,51.98665],[20.48171,51.98409],[20.4749,51.97533],[20.47267,51.97188],[20.45447,51.93464],[20.45324,51.93162],[20.45256,51.92922],[20.45217,51.92695],[20.452,51.9243],[20.4514,51.87838],[20.45083,51.87484],[20.44306,51.84103],[20.44256,51.83832],[20.43957,51.7958],[20.43823,51.77915],[20.43743,51.77559],[20.436,51.77169],[20.41714,51.73246],[20.41583,51.72896],[20.41518,51.72614],[20.41482,51.7218],[20.41247,51.66863],[20.41155,51.66434],[20.40864,51.65517],[20.40757,51.6513],[20.40202,51.63436],[20.40131,51.63175],[20.40097,51.62983],[20.39211,51.52129],[20.39139,51.51695],[20.39013,51.51331],[20.38885,51.51074],[20.38666,51.50741],[20.37317,51.49018],[20.36986,51.48654],[20.36651,51.48362],[20.36208,51.48052],[20.29512,51.43909],[20.29163,51.43662],[20.28808,51.43355],[20.28586,51.43121],[20.28412,51.42904],[20.25397,51.38776],[20.25148,51.38354],[20.24792,51.37539],[20.24536,51.37134],[20.2428,51.36832],[20.24064,51.36621],[20.21961,51.34819],[20.2136,51.34278],[20.21092,51.33967],[20.18364,51.30564],[20.17993,51.3018],[20.17567,51.29842],[20.13807,51.27396],[20.13541,51.27196],[20.13272,51.26961],[20.13003,51.26681],[20.12777,51.26385],[20.11682,51.2472],[20.11512,51.24428],[20.11406,51.24198],[20.11318,51.2392],[20.1127,51.237],[20.10723,51.19664],[20.10669,51.19401],[20.10578,51.19109],[20.10396,51.18691],[20.07126,51.12189],[20.07023,51.11962],[20.06928,51.11666],[20.06887,51.11469],[20.06865,51.11251],[20.06851,51.105],[20.06867,51.0932],[20.06887,51.02375],[20.0685,51.01951],[20.06774,51.01643],[20.06694,51.0142],[20.04751,50.96562],[20.04559,50.96128],[20.04303,50.95722],[20.03989,50.95356],[20.01934,50.93326],[19.9673,50.89136],[19.96318,50.88755],[19.96082,50.88475],[19.95821,50.8807],[19.94815,50.86087],[19.94027,50.84489],[19.93854,50.84199],[19.93658,50.8394],[19.8928,50.78652],[19.88763,50.78158],[19.85295,50.75038],[19.84979,50.74801],[19.84717,50.74633],[19.84378,50.74444],[19.83928,50.74235],[19.75887,50.71175],[19.75404,50.70936],[19.74999,50.7069],[19.74542,50.70344],[19.74235,50.70048],[19.73461,50.6918],[19.73203,50.68823],[19.73046,50.68539],[19.72938,50.68275],[19.72842,50.67916],[19.72808,50.6762],[19.72817,50.67264],[19.72904,50.66834],[19.73715,50.64263],[19.7378,50.64003],[19.73818,50.63712],[19.73822,50.63512],[19.73803,50.63273],[19.7376,50.63035],[19.73681,50.62766],[19.73537,50.62438],[19.73366,50.6215],[19.73202,50.61928],[19.73016,50.61715],[19.72703,50.61418],[19.72351,50.61145],[19.72039,50.60944],[19.71547,50.60682],[19.71129,50.60501],[19.70707,50.60351],[19.7024,50.60219],[19.66138,50.59316],[19.65705,50.59237],[19.65114,50.59166],[19.64454,50.59134],[19.6366,50.59162],[19.59663,50.59543],[19.57406,50.59613],[19.5659,50.5959],[19.5617,50.59548],[19.55739,50.59483],[19.55346,50.59404],[19.54914,50.59293],[19.54317,50.59093],[19.53143,50.58605],[19.52789,50.58487],[19.52356,50.5837],[19.5182,50.5826],[19.51461,50.58206],[19.50664,50.58142],[19.50054,50.58142],[19.49561,50.58172],[19.44265,50.58681],[19.43816,50.58704],[19.43404,50.58704],[19.42584,50.58648],[19.42107,50.58578],[19.41548,50.58461],[19.4111,50.58338],[19.40571,50.58145],[19.40171,50.57968],[19.3976,50.57747],[19.39458,50.57554],[19.38814,50.57096],[19.38466,50.56788],[19.3821,50.56492],[19.37965,50.56125],[19.37807,50.55785],[19.37697,50.55391],[19.37662,50.55059],[19.37688,50.54675],[19.37766,50.54346],[19.37876,50.54063],[19.38712,50.52264],[19.38823,50.52061],[19.38956,50.51882],[19.39089,50.51743],[19.39274,50.51584],[19.4177,50.49621],[19.42054,50.49415],[19.4214,50.49329],[19.42191,50.49251],[19.42236,50.49097],[19.42257,50.48503],[19.42478,50.4633],[19.42463,50.46133],[19.42372,50.45921],[19.42292,50.45816],[19.42078,50.45605],[19.38247,50.42177],[19.37975,50.41966],[19.37869,50.41902],[19.375,50.41768],[19.37289,50.41722],[19.34915,50.41475],[19.34683,50.41431],[19.34487,50.41373],[19.34241,50.41261],[19.34054,50.41135],[19.32317,50.39458],[19.32157,50.39336],[19.31988,50.39243],[19.31752,50.39153],[19.3145,50.39085],[19.28902,50.38752],[19.28618,50.38682],[19.28398,50.38609],[19.28016,50.38426],[19.27732,50.38214],[19.27516,50.37983],[19.26614,50.368],[19.26352,50.36471],[19.26025,50.36097],[19.25924,50.35945],[19.2577,50.35633],[19.25716,50.35487],[19.25586,50.34994],[19.25583,50.34854],[19.25612,50.34601],[19.25676,50.34334],[19.25849,50.33819],[19.26103,50.33302],[19.26197,50.33161],[19.26299,50.33066],[19.26432,50.32975],[19.26582,50.32898],[19.26746,50.32836],[19.28156,50.32552],[19.28337,50.32497],[19.28486,50.32421],[19.28627,50.32305],[19.287,50.32202],[19.2874,50.3209],[19.28697,50.30107],[19.28426,50.28963],[19.28358,50.28779],[19.2827,50.28629],[19.27006,50.26922],[19.2691,50.26767],[19.26875,50.26657],[19.26854,50.26519],[19.26863,50.26405],[19.26905,50.26319],[19.27071,50.26082],[19.2726,50.2587],[19.27512,50.25673],[19.27645,50.25484],[19.2778,50.25395],[19.28556,50.2505],[19.29265,50.24853],[19.29455,50.24757],[19.30212,50.24575],[19.30398,50.24464],[19.30801,50.2429],[19.3098,50.2419],[19.32194,50.23296],[19.32339,50.23166],[19.3246,50.23029],[19.33463,50.21666],[19.33697,50.21322],[19.33998,50.2081],[19.34197,50.20529],[19.34375,50.20344],[19.34614,50.20157],[19.3828,50.1794],[19.41008,50.16669],[19.41273,50.16571],[19.41573,50.1649],[19.42346,50.16363],[19.42615,50.163],[19.45392,50.15388],[19.45811,50.15277],[19.49744,50.1451],[19.5097,50.14181],[19.51409,50.14094],[19.51959,50.1405],[19.54479,50.14044],[19.5481,50.14015],[19.55409,50.13918],[19.55699,50.1385],[19.55974,50.13763],[19.57271,50.1321],[19.57638,50.13104],[19.58018,50.13035],[19.60194,50.12836],[19.60534,50.12822],[19.61093,50.1286],[19.62158,50.13075],[19.62522,50.13114],[19.6329,50.13105],[19.64551,50.13046],[19.65912,50.1308],[19.6628,50.13063],[19.6806,50.12886],[19.68524,50.12819],[19.68806,50.12747],[19.69091,50.12649],[19.70201,50.12168],[19.70508,50.12055],[19.70776,50.11984],[19.71055,50.11932],[19.71657,50.1188],[19.72051,50.11895],[19.73712,50.1215],[19.73996,50.12172],[19.74815,50.12185],[19.75974,50.12354],[19.76325,50.12381],[19.76618,50.12381],[19.76966,50.12353],[19.78607,50.12123],[19.7895,50.12048],[19.80746,50.11536],[19.81063,50.11425],[19.81283,50.11325],[19.81636,50.1111],[19.83332,50.09823],[19.85078,50.08717],[19.85376,50.08562],[19.85639,50.08463],[19.86299,50.08311],[19.86809,50.08256],[19.87227,50.08253],[19.88269,50.08298],[19.88764,50.08291],[19.89172,50.0826],[19.89535,50.08273],[19.92603,50.08157],[19.92726,50.08141],[19.92991,50.08072],[19.9336,50.08029],[19.93725,50.07944],[19.93909,50.07866],[19.94194,50.07704],[19.94403,50.07547],[19.9459,50.07357],[19.94715,50.0713],[19.94767,50.0698],[19.94777,50.06833]]}},{"type":"Feature","properties":{"name":"2026_03_22_Brzeg-> Warsawa (365.4km)","mode":"train","distance_km":"364.7"},"geometry":{"type":"LineString","coordinates":[[17.47092,50.85305],[17.47529,50.85163],[17.47822,50.85026],[17.48079,50.84869],[17.48319,50.84674],[17.51814,50.80768],[17.52052,50.80538],[17.523,50.80337],[17.52606,50.80126],[17.52865,50.79972],[17.53137,50.7983],[17.60019,50.76537],[17.60406,50.76371],[17.61671,50.75767],[17.61875,50.75653],[17.77706,50.68052],[17.78134,50.67914],[17.81814,50.66985],[17.87932,50.66123],[17.8861,50.66067],[17.89512,50.66066],[17.92007,50.66216],[17.92731,50.66206],[17.92903,50.66182],[17.94513,50.65807],[17.94708,50.65746],[17.94912,50.65714],[17.96068,50.65714],[18.00535,50.65765],[18.05784,50.65709],[18.06059,50.65737],[18.06483,50.65812],[18.09283,50.66504],[18.09579,50.66549],[18.09862,50.66565],[18.10282,50.66545],[18.14767,50.66032],[18.15057,50.66014],[18.1532,50.66018],[18.15561,50.6604],[18.15839,50.66089],[18.16265,50.66219],[18.16554,50.66358],[18.17285,50.66787],[18.1768,50.66945],[18.18116,50.67045],[18.18381,50.67075],[18.1864,50.67085],[18.23492,50.66904],[18.31207,50.66539],[18.31537,50.66502],[18.31799,50.66453],[18.33293,50.66054],[18.33556,50.66003],[18.33991,50.65985],[18.35486,50.66103],[18.3584,50.66058],[18.36849,50.65766],[18.37113,50.65743],[18.39249,50.66049],[18.39512,50.66074],[18.48578,50.66565],[18.55618,50.68008],[18.56048,50.68074],[18.5705,50.68064],[18.58436,50.68022],[18.63482,50.68298],[18.63648,50.6829],[18.63826,50.6825],[18.65398,50.67699],[18.65621,50.6765],[18.65821,50.67645],[18.67197,50.67711],[18.68107,50.67727],[18.68283,50.67706],[18.68422,50.6766],[18.68736,50.67502],[18.69581,50.6698],[18.69975,50.66803],[18.70518,50.66644],[18.70686,50.66621],[18.70876,50.66629],[18.71051,50.6667],[18.71192,50.66732],[18.7129,50.668],[18.7138,50.66906],[18.71427,50.67051],[18.7139,50.67458],[18.71415,50.67619],[18.71469,50.67746],[18.71537,50.6785],[18.71731,50.68036],[18.77689,50.71691],[18.77885,50.7179],[18.78079,50.7186],[18.79703,50.72202],[18.80593,50.7242],[18.8609,50.74119],[18.86429,50.74213],[18.88799,50.74967],[18.90061,50.75573],[18.90303,50.75662],[18.93852,50.76555],[18.94397,50.76633],[18.94622,50.76681],[18.96595,50.77287],[19.00206,50.78366],[19.00412,50.78408],[19.01249,50.78513],[19.019,50.78626],[19.02044,50.78679],[19.02149,50.7874],[19.02413,50.78973],[19.02509,50.79035],[19.02692,50.79109],[19.02948,50.79171],[19.04501,50.79491],[19.07587,50.80088],[19.07849,50.80119],[19.08036,50.80111],[19.09672,50.79889],[19.10035,50.79812],[19.1107,50.79651],[19.11697,50.79469],[19.11857,50.79466],[19.12019,50.79506],[19.12161,50.79599],[19.12202,50.79659],[19.12218,50.79712],[19.12215,50.79768],[19.12186,50.79843],[19.12047,50.80009],[19.12036,50.8006],[19.12054,50.80198],[19.11999,50.8037],[19.12005,50.80468],[19.12085,50.80753],[19.12093,50.80903],[19.12143,50.81168],[19.12165,50.81464],[19.12205,50.81616],[19.12296,50.81825],[19.12435,50.82047],[19.12674,50.82276],[19.12971,50.82469],[19.15164,50.83526],[19.15331,50.83617],[19.15493,50.83738],[19.15605,50.83852],[19.15679,50.83954],[19.17272,50.86432],[19.17422,50.86586],[19.17622,50.86728],[19.17756,50.86802],[19.1803,50.86904],[19.18304,50.86964],[19.26056,50.88305],[19.3288,50.89746],[19.33083,50.89805],[19.33259,50.89876],[19.33417,50.89962],[19.33578,50.90078],[19.33689,50.90188],[19.33778,50.90309],[19.33835,50.90427],[19.33901,50.90632],[19.35389,50.96206],[19.3545,50.96388],[19.35549,50.96587],[19.35692,50.96793],[19.36832,50.98248],[19.43569,51.06795],[19.43687,51.06982],[19.43751,51.07169],[19.43763,51.07331],[19.43465,51.10504],[19.43476,51.10788],[19.43511,51.10907],[19.43588,51.11066],[19.44768,51.12978],[19.44859,51.13105],[19.44993,51.1324],[19.45158,51.13365],[19.4532,51.13459],[19.45533,51.13554],[19.45788,51.13635],[19.46963,51.13932],[19.47477,51.1413],[19.47799,51.14323],[19.47939,51.14437],[19.48056,51.14556],[19.48227,51.14793],[19.48314,51.14979],[19.49104,51.17955],[19.49175,51.18105],[19.49274,51.18238],[19.49396,51.18355],[19.49545,51.1846],[19.49848,51.18604],[19.50188,51.18702],[19.58652,51.20712],[19.58985,51.20808],[19.59167,51.20887],[19.59393,51.2103],[19.59494,51.21121],[19.59689,51.2137],[19.59818,51.21495],[19.6017,51.21746],[19.60744,51.22118],[19.61029,51.22375],[19.61224,51.22617],[19.64675,51.27456],[19.64768,51.27619],[19.6485,51.27816],[19.65119,51.28826],[19.65227,51.29092],[19.65389,51.2934],[19.66688,51.31037],[19.66813,51.31247],[19.66891,51.31453],[19.69222,51.45528],[19.69925,51.50046],[19.70001,51.50255],[19.72848,51.56073],[19.72912,51.56261],[19.72919,51.5642],[19.72878,51.56592],[19.72021,51.58269],[19.71995,51.58381],[19.71991,51.58505],[19.72014,51.58626],[19.72072,51.58767],[19.72974,51.60621],[19.73167,51.60908],[19.73282,51.61031],[19.76781,51.64339],[19.7692,51.64487],[19.77037,51.64651],[19.78138,51.66886],[19.78199,51.67042],[19.80934,51.72501],[19.81986,51.74565],[19.82047,51.74732],[19.84873,51.79037],[19.85031,51.79208],[19.85188,51.79339],[19.91467,51.83831],[19.91615,51.83953],[19.91742,51.84101],[19.91824,51.84249],[19.91868,51.84396],[19.93125,51.89749],[19.93169,51.89868],[19.93233,51.89975],[19.93337,51.90097],[19.93437,51.90184],[19.93637,51.90313],[19.93873,51.90415],[19.94183,51.90499],[19.9445,51.90534],[19.94746,51.90538],[19.97508,51.90405],[19.97944,51.90451],[19.98156,51.90504],[19.98374,51.90585],[19.98589,51.90698],[20.00479,51.91833],[20.01155,51.9226],[20.01266,51.92361],[20.01371,51.92497],[20.01964,51.93671],[20.02097,51.93868],[20.02266,51.94022],[20.02501,51.94163],[20.02734,51.94257],[20.03016,51.94329],[20.03225,51.94358],[20.03465,51.9437],[20.0387,51.94338],[20.09931,51.93357],[20.10231,51.93339],[20.10506,51.93351],[20.1075,51.93386],[20.11037,51.93457],[20.12069,51.9383],[20.12314,51.93964],[20.12489,51.94108],[20.12595,51.94235],[20.12668,51.94366],[20.1323,51.95787],[20.13303,51.95936],[20.13405,51.96067],[20.13532,51.96182],[20.13701,51.96294],[20.13897,51.96383],[20.15172,51.96759],[20.15833,51.96921],[20.17431,51.97399],[20.17727,51.9747],[20.1802,51.97506],[20.18322,51.97519],[20.20756,51.97503],[20.21462,51.97584],[20.21872,51.97677],[20.40524,52.03791],[20.62508,52.11109],[20.63585,52.11452],[20.84247,52.18265],[20.90587,52.2032],[20.91322,52.20576],[20.94165,52.21501],[20.9446,52.21578],[20.94958,52.21647],[20.95403,52.21802],[20.9589,52.2193],[20.95974,52.21969],[20.96103,52.22066],[20.96136,52.22117],[20.9615,52.22189],[20.96135,52.22277],[20.96098,52.22345],[20.9591,52.22524],[20.95842,52.22611],[20.95802,52.22698],[20.95787,52.22796],[20.95825,52.23673],[20.95922,52.24865],[20.95944,52.24972],[20.96004,52.25072],[20.96179,52.25214],[20.9642,52.25322],[20.98101,52.25887],[20.98426,52.25925],[20.99243,52.25915]]}},{"type":"Feature","properties":{"name":"2026_Valencia -> Madrid (401.5km)","mode":"train","distance_km":"401.0"},"geometry":{"type":"LineString","coordinates":[[-0.381,39.45971],[-0.38157,39.45723],[-0.38133,39.45455],[-0.3818,39.45321],[-0.3828,39.45206],[-0.38314,39.45132],[-0.38398,39.4489],[-0.38393,39.44708],[-0.3851,39.44417],[-0.38614,39.44316],[-0.38755,39.4424],[-0.38947,39.44178],[-0.39113,39.4416],[-0.39279,39.44172],[-0.39399,39.44201],[-0.39851,39.4439],[-0.40076,39.44449],[-0.41082,39.44517],[-0.41893,39.44657],[-0.42613,39.44732],[-0.43275,39.44888],[-0.43624,39.44954],[-0.44172,39.45003],[-0.44901,39.44986],[-0.45794,39.44886],[-0.46349,39.44782],[-0.47372,39.44533],[-0.47799,39.44459],[-0.48231,39.44408],[-0.48668,39.44381],[-0.49256,39.44382],[-0.4986,39.44423],[-0.50359,39.44486],[-0.50913,39.44592],[-0.51336,39.44694],[-0.53114,39.4521],[-0.55906,39.46132],[-0.56309,39.46288],[-0.57317,39.46723],[-0.57779,39.4689],[-0.58254,39.47032],[-0.58741,39.47149],[-0.59362,39.47261],[-0.60055,39.47336],[-0.60738,39.47373],[-0.61821,39.47368],[-0.65625,39.47204],[-0.66862,39.47109],[-0.67595,39.47008],[-0.684,39.46827],[-0.69157,39.46585],[-0.69867,39.46285],[-0.70752,39.45823],[-0.71176,39.45619],[-0.71853,39.45353],[-0.72438,39.45171],[-0.73155,39.45007],[-0.73766,39.44913],[-0.75147,39.44741],[-0.76099,39.44674],[-0.77055,39.44673],[-0.77692,39.44713],[-0.78326,39.44779],[-0.79266,39.44926],[-0.79826,39.45052],[-0.82859,39.459],[-0.83449,39.46034],[-0.84048,39.46139],[-0.84655,39.46215],[-0.85267,39.4626],[-0.85882,39.46275],[-0.86496,39.4626],[-0.87108,39.46214],[-0.88625,39.46031],[-0.90892,39.4585],[-0.91646,39.45854],[-0.92713,39.45941],[-0.9328,39.46023],[-0.961,39.4654],[-0.97803,39.46767],[-0.98348,39.46879],[-0.99008,39.47057],[-0.99726,39.47306],[-1.0041,39.47606],[-1.04019,39.49558],[-1.04748,39.49888],[-1.0533,39.50106],[-1.05949,39.50297],[-1.06846,39.50508],[-1.07701,39.5064],[-1.08806,39.50739],[-1.09387,39.50813],[-1.10148,39.50957],[-1.10761,39.51118],[-1.11241,39.51273],[-1.11784,39.51481],[-1.15719,39.53175],[-1.17876,39.54069],[-1.19779,39.54768],[-1.20583,39.55018],[-1.21376,39.55202],[-1.21904,39.55293],[-1.22442,39.55362],[-1.23083,39.55407],[-1.23956,39.55416],[-1.24762,39.55369],[-1.27641,39.55089],[-1.29411,39.5482],[-1.29929,39.54764],[-1.34901,39.54559],[-1.35577,39.54482],[-1.37545,39.54211],[-1.38114,39.54159],[-1.39019,39.5414],[-1.40547,39.54239],[-1.41154,39.54247],[-1.42393,39.54196],[-1.42858,39.54149],[-1.43317,39.54072],[-1.4365,39.54062],[-1.43979,39.541],[-1.44111,39.54131],[-1.45496,39.54499],[-1.46667,39.54848],[-1.47312,39.54984],[-1.47858,39.55057],[-1.48744,39.55123],[-1.49633,39.55154],[-1.50131,39.5512],[-1.5057,39.55049],[-1.50992,39.54944],[-1.51385,39.54804],[-1.5175,39.54642],[-1.52081,39.54464],[-1.52472,39.54208],[-1.53029,39.53748],[-1.534,39.53483],[-1.53804,39.53249],[-1.54165,39.53076],[-1.54865,39.52825],[-1.58938,39.51569],[-1.59714,39.5139],[-1.60395,39.51292],[-1.6088,39.51254],[-1.62518,39.51208],[-1.63298,39.51137],[-1.64175,39.50995],[-1.65291,39.50739],[-1.65903,39.50624],[-1.66632,39.50535],[-1.6714,39.50503],[-1.68042,39.50503],[-1.68435,39.50527],[-1.69065,39.50596],[-1.69867,39.50738],[-1.7144,39.51135],[-1.72291,39.51308],[-1.72786,39.51379],[-1.73275,39.51428],[-1.75292,39.51536],[-1.76005,39.51602],[-1.76886,39.51744],[-1.78062,39.52006],[-1.78926,39.52149],[-1.84001,39.52696],[-1.84437,39.52731],[-1.84869,39.52748],[-1.85458,39.52743],[-1.86691,39.52665],[-1.87219,39.52652],[-1.88147,39.5269],[-1.8872,39.52754],[-1.89367,39.52863],[-1.89945,39.52997],[-1.90617,39.53198],[-1.91177,39.53408],[-1.91586,39.53586],[-1.92063,39.53826],[-1.92566,39.54119],[-1.92974,39.54394],[-1.93425,39.54742],[-1.93854,39.55129],[-1.94161,39.55449],[-1.9444,39.55778],[-1.94723,39.5616],[-1.95004,39.56604],[-1.95193,39.56959],[-1.95398,39.57416],[-1.9553,39.57784],[-1.95659,39.58248],[-1.95753,39.58761],[-1.95802,39.59414],[-1.9577,39.60561],[-1.95714,39.61629],[-1.95631,39.62149],[-1.95556,39.62462],[-1.95192,39.63555],[-1.9501,39.6419],[-1.94413,39.67054],[-1.94272,39.67632],[-1.94097,39.68144],[-1.93714,39.68994],[-1.93559,39.6938],[-1.93389,39.69932],[-1.93273,39.70518],[-1.93236,39.7085],[-1.93215,39.7126],[-1.93242,39.7186],[-1.9329,39.72224],[-1.93349,39.72533],[-1.93506,39.73098],[-1.9371,39.73632],[-1.93921,39.74066],[-1.94262,39.74632],[-1.94615,39.75112],[-1.95008,39.75564],[-1.95281,39.7584],[-1.9678,39.77173],[-1.97298,39.77685],[-1.97844,39.78337],[-1.98193,39.78822],[-1.98531,39.79376],[-2.01452,39.84586],[-2.01685,39.85113],[-2.01859,39.8564],[-2.01973,39.86125],[-2.02066,39.86714],[-2.02083,39.8717],[-2.01992,39.88252],[-2.01985,39.88799],[-2.02044,39.89448],[-2.02106,39.89786],[-2.02214,39.90219],[-2.02383,39.90715],[-2.02538,39.91071],[-2.02736,39.91459],[-2.03604,39.92845],[-2.03864,39.93433],[-2.04157,39.94284],[-2.04317,39.94672],[-2.05057,39.96048],[-2.05294,39.96432],[-2.05615,39.96875],[-2.05895,39.97216],[-2.06114,39.97452],[-2.08372,39.9973],[-2.08789,40.00096],[-2.0924,40.00437],[-2.09675,40.00723],[-2.10056,40.00943],[-2.10702,40.01261],[-2.1194,40.01823],[-2.12619,40.02189],[-2.13148,40.02531],[-2.14734,40.03659],[-2.1567,40.04302],[-2.16985,40.05089],[-2.17107,40.0515],[-2.18262,40.056],[-2.19035,40.05809],[-2.19897,40.05973],[-2.20792,40.06068],[-2.21243,40.06087],[-2.21842,40.06085],[-2.22445,40.06048],[-2.22939,40.05995],[-2.23786,40.05849],[-2.24596,40.0564],[-2.25008,40.05506],[-2.25496,40.05321],[-2.26148,40.05023],[-2.27347,40.04385],[-2.27995,40.04101],[-2.28333,40.03979],[-2.29031,40.03777],[-2.29644,40.03647],[-2.30412,40.03528],[-2.31151,40.03466],[-2.31809,40.03457],[-2.3246,40.03487],[-2.33098,40.03554],[-2.3382,40.03679],[-2.34383,40.03818],[-2.35079,40.04032],[-2.35418,40.04154],[-2.36077,40.04429],[-2.3668,40.04635],[-2.37164,40.04768],[-2.37817,40.04905],[-2.38445,40.04992],[-2.40188,40.05172],[-2.40886,40.05269],[-2.42262,40.05503],[-2.42904,40.05593],[-2.43558,40.05647],[-2.44302,40.05667],[-2.44957,40.05647],[-2.45552,40.05598],[-2.49916,40.04994],[-2.50864,40.04886],[-2.52,40.04803],[-2.52644,40.04776],[-2.53936,40.04758],[-2.54417,40.04736],[-2.54896,40.04693],[-2.5537,40.04628],[-2.55938,40.04519],[-2.56464,40.04393],[-2.57282,40.04134],[-2.58004,40.03839],[-2.59248,40.0326],[-2.59605,40.03122],[-2.60173,40.02934],[-2.61459,40.02547],[-2.6221,40.02348],[-2.63072,40.02191],[-2.63707,40.0212],[-2.64329,40.02087],[-2.6512,40.02094],[-2.65733,40.02141],[-2.67096,40.02297],[-2.68633,40.02377],[-2.69277,40.02427],[-2.69767,40.02483],[-2.73807,40.03059],[-2.74538,40.03133],[-2.75003,40.03155],[-2.75529,40.03158],[-2.75981,40.0314],[-2.76614,40.03083],[-2.81445,40.02466],[-2.82606,40.023],[-2.82968,40.02228],[-2.83742,40.0204],[-2.86254,40.01379],[-2.87143,40.01182],[-2.87356,40.01148],[-2.87911,40.01076],[-2.88444,40.01033],[-2.89852,40.01011],[-2.90455,40.00978],[-2.91127,40.00903],[-2.91912,40.00762],[-2.92355,40.00652],[-2.92823,40.00515],[-2.93398,40.00312],[-2.939,40.001],[-2.94316,39.99898],[-2.95491,39.992],[-2.96067,39.98883],[-2.96698,39.98596],[-2.97184,39.9841],[-2.97726,39.98236],[-3.01141,39.97296],[-3.01947,39.97112],[-3.02597,39.97011],[-3.03244,39.96953],[-3.04017,39.96936],[-3.04609,39.96959],[-3.05246,39.97023],[-3.0576,39.97103],[-3.06521,39.9727],[-3.07123,39.97449],[-3.0825,39.97823],[-3.08751,39.97954],[-3.0939,39.98084],[-3.09959,39.98166],[-3.1077,39.98232],[-3.11425,39.98241],[-3.12155,39.98206],[-3.12935,39.98152],[-3.13527,39.98085],[-3.14141,39.9798],[-3.14641,39.97868],[-3.15118,39.97736],[-3.17201,39.97092],[-3.1769,39.96957],[-3.18341,39.96816],[-3.19575,39.96607],[-3.20303,39.96435],[-3.21094,39.96181],[-3.22228,39.9574],[-3.22948,39.95514],[-3.23832,39.95313],[-3.24753,39.95186],[-3.25285,39.95148],[-3.26069,39.9514],[-3.26683,39.95173],[-3.27172,39.95224],[-3.27712,39.95305],[-3.2831,39.9543],[-3.28774,39.95552],[-3.2996,39.9592],[-3.30818,39.96113],[-3.31359,39.96193],[-3.31925,39.96244],[-3.32403,39.96262],[-3.3294,39.96254],[-3.33661,39.96198],[-3.34099,39.96136],[-3.34546,39.96052],[-3.40626,39.94679],[-3.4111,39.94581],[-3.41658,39.94498],[-3.42497,39.94434],[-3.43899,39.94448],[-3.44719,39.94404],[-3.45443,39.94301],[-3.46599,39.94039],[-3.46975,39.93973],[-3.4739,39.9392],[-3.4801,39.93882],[-3.48621,39.93891],[-3.49211,39.93943],[-3.49856,39.94053],[-3.5057,39.94239],[-3.51201,39.9447],[-3.5182,39.94758],[-3.52375,39.95108],[-3.53611,39.95986],[-3.54091,39.96268],[-3.54516,39.96477],[-3.55016,39.96682],[-3.55445,39.96827],[-3.57073,39.97266],[-3.57368,39.97359],[-3.57864,39.97544],[-3.58524,39.97864],[-3.59101,39.98226],[-3.59371,39.98428],[-3.59679,39.9869],[-3.60105,39.99128],[-3.60502,39.99619],[-3.60689,39.99819],[-3.60894,40.0001],[-3.61351,40.00357],[-3.61863,40.00654],[-3.62338,40.00864],[-3.62787,40.01016],[-3.63768,40.01286],[-3.64271,40.01484],[-3.64633,40.01667],[-3.64954,40.01862],[-3.6533,40.02142],[-3.65568,40.02356],[-3.65876,40.02695],[-3.66584,40.03668],[-3.66749,40.03922],[-3.66935,40.04263],[-3.6706,40.04543],[-3.67163,40.04827],[-3.67244,40.05117],[-3.67318,40.05513],[-3.67575,40.07493],[-3.67617,40.08008],[-3.6761,40.08287],[-3.67555,40.08712],[-3.67375,40.09411],[-3.67326,40.09665],[-3.67294,40.10116],[-3.67314,40.10409],[-3.67373,40.1073],[-3.6744,40.10962],[-3.67556,40.11259],[-3.67684,40.11513],[-3.68291,40.12584],[-3.68488,40.12895],[-3.68664,40.13131],[-3.68938,40.13438],[-3.69184,40.13669],[-3.70347,40.1462],[-3.74229,40.17735],[-3.74454,40.1796],[-3.74625,40.18178],[-3.74762,40.18404],[-3.74876,40.18667],[-3.74927,40.18838],[-3.74971,40.19088],[-3.74982,40.19547],[-3.7492,40.20584],[-3.74832,40.21175],[-3.74816,40.21374],[-3.74802,40.2206],[-3.74759,40.2233],[-3.74566,40.23007],[-3.74218,40.24416],[-3.74135,40.24686],[-3.74044,40.24927],[-3.73881,40.2524],[-3.73595,40.25638],[-3.73341,40.25913],[-3.73048,40.26162],[-3.72769,40.26365],[-3.72214,40.26712],[-3.71748,40.27053],[-3.71145,40.27654],[-3.70749,40.27988],[-3.70349,40.2823],[-3.69972,40.28401],[-3.69616,40.28526],[-3.68871,40.28732],[-3.68591,40.28833],[-3.68283,40.28966],[-3.67968,40.2914],[-3.6767,40.29338],[-3.65955,40.30556],[-3.65648,40.30823],[-3.65464,40.31007],[-3.65167,40.31367],[-3.64989,40.31687],[-3.64894,40.31988],[-3.64864,40.32203],[-3.64881,40.32514],[-3.6492,40.32695],[-3.65028,40.32982],[-3.65153,40.33192],[-3.65385,40.3348],[-3.65933,40.34059],[-3.67024,40.35156],[-3.67269,40.35453],[-3.67382,40.35636],[-3.67472,40.35824],[-3.67906,40.37071],[-3.68029,40.373],[-3.68203,40.37573],[-3.68244,40.37667],[-3.68296,40.3788],[-3.68307,40.37996],[-3.68292,40.38097],[-3.68243,40.38208],[-3.68133,40.38326],[-3.67899,40.38465],[-3.67767,40.3857],[-3.6747,40.38865],[-3.67365,40.39026],[-3.67328,40.39162],[-3.67329,40.39276],[-3.67429,40.39569],[-3.67485,40.39669],[-3.67591,40.39794],[-3.67823,40.39979],[-3.68001,40.40037],[-3.683,40.40071],[-3.6864,40.40207],[-3.6918,40.40696],[-3.69227,40.40779],[-3.69233,40.40885],[-3.6919,40.40971],[-3.69115,40.41035],[-3.68949,40.41117],[-3.68897,40.41172],[-3.68885,40.41215],[-3.68897,40.41721],[-3.6883,40.42296],[-3.68695,40.43054],[-3.68558,40.44626],[-3.68484,40.44938],[-3.68428,40.45273],[-3.6843,40.4564],[-3.68467,40.46024],[-3.68438,40.46117],[-3.68286,40.46393],[-3.68266,40.4646],[-3.68298,40.46824],[-3.68288,40.469],[-3.67854,40.47946],[-3.67672,40.48286],[-3.67597,40.4847],[-3.67603,40.48595],[-3.67715,40.48798],[-3.67654,40.48632],[-3.67683,40.48415],[-3.67858,40.4806],[-3.68047,40.47732],[-3.68239,40.47272]]}},{"type":"Feature","properties":{"name":"GraphHopper Track","mode":"train","distance_km":"146.8"},"geometry":{"type":"LineString","coordinates":[[36.2043,49.9903],[36.20423,49.99047],[36.20387,49.99054],[36.20362,49.99131],[36.20432,49.99127],[36.20458,49.99075],[36.20538,49.99076],[36.20513,49.99179],[36.20703,49.99197],[36.20784,49.98757],[36.2072,49.98704],[36.20589,49.98684],[36.19526,49.98604],[36.19065,49.98541],[36.17762,49.98123],[36.16184,49.9741],[36.16014,49.97312],[36.14146,49.96458],[36.13886,49.96408],[36.12922,49.96349],[36.12829,49.96371],[36.12812,49.96394],[36.12823,49.96433],[36.12902,49.9646],[36.12954,49.96445],[36.12989,49.96412],[36.12953,49.96049],[36.12886,49.95631],[36.12915,49.95466],[36.12991,49.95337],[36.13518,49.94779],[36.13601,49.94644],[36.13639,49.94485],[36.13632,49.94374],[36.13605,49.94266],[36.13045,49.92659],[36.13023,49.92479],[36.13055,49.92286],[36.14275,49.90225],[36.14607,49.89839],[36.15299,49.8937],[36.15332,49.89318],[36.15324,49.89267],[36.14591,49.88806],[36.14119,49.88688],[36.13615,49.88601],[36.13534,49.88569],[36.11233,49.87274],[36.10984,49.87087],[36.06978,49.83781],[36.06205,49.82818],[36.06184,49.82629],[36.06217,49.82585],[36.06325,49.82507],[36.06344,49.82466],[36.06311,49.82238],[36.06336,49.81648],[36.06318,49.81556],[36.06263,49.8148],[36.06196,49.8142],[36.05525,49.80925],[36.05479,49.8088],[36.05417,49.80777],[36.05322,49.80709],[36.05249,49.80632],[36.05204,49.80534],[36.04987,49.80228],[36.04868,49.79961],[36.04733,49.79732],[36.04291,49.78747],[36.04243,49.78692],[36.03656,49.78209],[36.02774,49.77507],[36.02566,49.77382],[36.02303,49.77256],[36.0206,49.77165],[36.01733,49.77073],[36.01773,49.77003],[36.01808,49.76978],[36.03168,49.76474],[36.03374,49.76411],[36.04725,49.76083],[36.06359,49.75649],[36.06421,49.75611],[36.06483,49.75456],[36.0658,49.75374],[36.06916,49.75268],[36.06966,49.75194],[36.0696,49.74588],[36.06929,49.74055],[36.06957,49.7398],[36.07462,49.73424],[36.09592,49.71156],[36.0973,49.71068],[36.10798,49.70716],[36.11033,49.70614],[36.11665,49.70295],[36.12073,49.70027],[36.12193,49.69916],[36.12397,49.69682],[36.12864,49.68929],[36.12892,49.68874],[36.12946,49.68611],[36.13714,49.67338],[36.1379,49.67125],[36.13878,49.66818],[36.14002,49.6609],[36.14084,49.6555],[36.14153,49.64757],[36.14307,49.63884],[36.14349,49.63773],[36.14488,49.63518],[36.1465,49.63361],[36.14786,49.63174],[36.1505,49.6272],[36.15094,49.62617],[36.15092,49.62468],[36.14995,49.62158],[36.14978,49.61885],[36.15008,49.6175],[36.15158,49.61601],[36.15191,49.61547],[36.15317,49.61267],[36.15396,49.61011],[36.15401,49.60632],[36.1542,49.60429],[36.1548,49.60162],[36.15431,49.59986],[36.15442,49.59899],[36.1553,49.59803],[36.16375,49.59363],[36.16909,49.59016],[36.16959,49.58968],[36.1751,49.58181],[36.1765,49.57944],[36.17751,49.57555],[36.17518,49.54142],[36.17499,49.54019],[36.17442,49.53859],[36.16522,49.5249],[36.16369,49.52093],[36.14457,49.49201],[36.14268,49.48982],[36.13941,49.48535],[36.13786,49.48267],[36.12873,49.46846],[36.12792,49.46632],[36.12777,49.46432],[36.1282,49.46181],[36.12888,49.46048],[36.14264,49.44137],[36.16562,49.40838],[36.1678,49.40609],[36.19216,49.38765],[36.20205,49.39276],[36.2044,49.39375],[36.20488,49.39372],[36.21419,49.38618],[36.21403,49.38594],[36.21431,49.38583],[36.21423,49.38523],[36.21337,49.38139],[36.21354,49.38104],[36.2177,49.37685],[36.21798,49.37683],[36.21939,49.37585],[36.22198,49.37155],[36.22871,49.364],[36.24949,49.3434],[36.26828,49.32637],[36.2764,49.31339],[36.28732,49.30653],[36.29514,49.30126],[36.30039,49.29375],[36.30613,49.28415],[36.31566,49.26228],[36.31643,49.26009],[36.31853,49.23875],[36.31994,49.22163],[36.31721,49.20954],[36.31731,49.20701],[36.32214,49.14635],[36.32243,49.14605],[36.32314,49.14601],[36.32337,49.14577],[36.32522,49.13867],[36.32562,49.13498],[36.32738,49.11273],[36.33021,49.06798],[36.33213,49.04542],[36.33256,49.03825],[36.3324,49.03758],[36.33127,49.03585],[36.32834,49.03359],[36.32736,49.0324],[36.27533,48.95699],[36.27189,48.95291],[36.27179,48.9523],[36.27478,48.94653],[36.27693,48.94286],[36.27726,48.93603],[36.27719,48.93499],[36.2783,48.93494],[36.28238,48.93423],[36.29488,48.93419],[36.29562,48.93404],[36.30574,48.93022],[36.30837,48.9286],[36.30872,48.92823],[36.30965,48.92659],[36.31367,48.91828],[36.31399,48.91587],[36.3145,48.90625],[36.31513,48.89966],[36.3153,48.8957],[36.31585,48.89409],[36.31574,48.89352],[36.31168,48.88663],[36.3171,48.88521],[36.31677,48.88438],[36.31619,48.88453]]}},{"type":"Feature","properties":{"name":"GraphHopper Track","mode":"train","distance_km":"76.0"},"geometry":{"type":"LineString","coordinates":[[20.9571,52.21153],[20.95658,52.21166],[20.95665,52.21178],[20.95569,52.21197],[20.95302,52.21189],[20.94972,52.20971],[20.9498,52.20943],[20.94966,52.20937],[20.94952,52.20934],[20.94929,52.21017],[20.93018,52.19733],[20.92745,52.19527],[20.91888,52.18982],[20.91824,52.18925],[20.91778,52.18855],[20.91491,52.18044],[20.91341,52.17678],[20.91286,52.17613],[20.91213,52.17569],[20.90945,52.17493],[20.90806,52.17484],[20.90649,52.17503],[20.89632,52.17705],[20.89138,52.17821],[20.88588,52.17992],[20.87936,52.18241],[20.86347,52.18912],[20.8607,52.19043],[20.8574,52.19246],[20.8514,52.19755],[20.84898,52.19893],[20.84651,52.19974],[20.84366,52.20024],[20.84123,52.20033],[20.8386,52.2001],[20.83618,52.19955],[20.82193,52.19487],[20.8176,52.19374],[20.81346,52.19309],[20.80511,52.19257],[20.79946,52.19197],[20.78384,52.18968],[20.7805,52.18889],[20.77779,52.18778],[20.77531,52.18614],[20.77393,52.18466],[20.77181,52.18135],[20.77038,52.1796],[20.76877,52.17821],[20.76626,52.17668],[20.76358,52.17545],[20.75528,52.17212],[20.74566,52.16848],[20.73697,52.16567],[20.72743,52.16312],[20.71495,52.1605],[20.67825,52.15398],[20.64849,52.14969],[20.6289,52.14778],[20.61894,52.14654],[20.60637,52.14455],[20.59416,52.14213],[20.58236,52.13944],[20.54535,52.13053],[20.54013,52.12903],[20.52785,52.12493],[20.5211,52.12286],[20.51362,52.1208],[20.50539,52.11882],[20.49535,52.11674],[20.46938,52.11192],[20.46159,52.11033],[20.45398,52.10854],[20.43421,52.10349],[20.42168,52.10074],[20.41024,52.09874],[20.38649,52.09533],[20.38135,52.09439],[20.37617,52.0932],[20.37009,52.09152],[20.36477,52.08973],[20.36017,52.08792],[20.34894,52.08306],[20.34017,52.07988],[20.33023,52.07708],[20.32386,52.07568],[20.3181,52.07466],[20.31095,52.0737],[20.30542,52.07318],[20.29459,52.07273],[20.28356,52.07298],[20.25445,52.07484],[20.24322,52.07527],[20.23576,52.07527],[20.22873,52.07504],[20.2212,52.07454],[20.21408,52.07382],[20.20399,52.07239],[20.19512,52.07071],[20.18676,52.06876],[20.16616,52.06344],[20.14785,52.05898],[20.1368,52.05661],[20.12355,52.05414],[20.10587,52.05141],[20.09296,52.04978],[20.06422,52.04649],[20.05856,52.04569],[20.05143,52.04442],[20.05038,52.04444],[20.05004,52.04466],[20.04999,52.04501],[20.05046,52.04531],[20.05117,52.04527],[20.05145,52.04507],[20.05245,52.04344],[20.05375,52.04311],[20.05878,52.04375],[20.05936,52.0437],[20.05956,52.04387],[20.05892,52.04433],[20.05598,52.04807],[20.05428,52.04989],[20.04718,52.05549],[20.04605,52.05659],[20.04474,52.05823],[20.03871,52.06814],[20.0385,52.06884],[20.03847,52.06969],[20.03896,52.07156],[20.0388,52.0725],[20.03851,52.07319],[20.03962,52.07339],[20.04054,52.07332],[20.05057,52.07106],[20.05895,52.06835],[20.06372,52.06829],[20.06861,52.06873],[20.06897,52.06743],[20.06923,52.06725],[20.06935,52.06683],[20.06967,52.06672]]}},{"type":"Feature","properties":{"name":"Krakow -> Lotnisko (11.6km)","mode":"train","distance_km":"11.6"},"geometry":{"type":"LineString","coordinates":[[19.948,50.06847],[19.94789,50.06988],[19.94752,50.07075],[19.9459,50.07357],[19.94463,50.07494],[19.94194,50.07704],[19.93939,50.07853],[19.93745,50.07938],[19.93432,50.08013],[19.92991,50.08072],[19.92726,50.08141],[19.9258,50.08158],[19.89535,50.08273],[19.89137,50.08261],[19.88819,50.08289],[19.8846,50.08298],[19.87873,50.08283],[19.86928,50.08225],[19.86226,50.08257],[19.86099,50.0825],[19.8524,50.07979],[19.85116,50.0797],[19.84711,50.07985],[19.84576,50.07965],[19.84455,50.07918],[19.84206,50.07787],[19.8409,50.0775],[19.83964,50.07736],[19.82834,50.07724],[19.80996,50.0717],[19.80819,50.07145],[19.80468,50.07146],[19.80128,50.07101]]}},{"type":"Feature","properties":{"name":"New file 1","mode":"train","distance_km":"53.0"},"geometry":{"type":"LineString","coordinates":[[32.71285,46.68945],[32.72107,46.68614],[32.72834,46.68271],[32.74283,46.68457],[32.74741,46.68358],[32.75489,46.67748],[32.75783,46.6762],[32.76235,46.67628],[32.77419,46.67708],[32.78041,46.67813],[32.78559,46.6812],[32.79071,46.68138],[32.79387,46.67962],[32.80698,46.65927],[32.81443,46.6474],[32.818,46.64127],[32.82195,46.63808],[32.8312,46.63302],[32.87105,46.61349],[32.88805,46.60532],[32.89845,46.59983],[32.90797,46.59293],[32.94249,46.56602],[32.94568,46.56213],[32.94653,46.5605],[32.95105,46.54711],[32.95866,46.52205],[32.96909,46.51623],[32.98389,46.51154],[33.00623,46.50371],[33.0274,46.49538],[33.1746,46.41541],[33.20546,46.39735]]}},{"type":"Feature","properties":{"name":"New file 1","mode":"train","distance_km":"21.7"},"geometry":{"type":"LineString","coordinates":[[35.32873,47.36335],[35.33172,47.34492],[35.32953,47.32371],[35.32818,47.30507],[35.32464,47.24933],[35.32274,47.2038],[35.32002,47.1682]]}},{"type":"Feature","properties":{"name":"New file 1","mode":"train","distance_km":"53.9"},"geometry":{"type":"LineString","coordinates":[[35.32962,47.36293],[35.32696,47.3864],[35.32816,47.39151],[35.322,47.40492],[35.31317,47.41451],[35.3115,47.42037],[35.29909,47.42844],[35.29093,47.43081],[35.27743,47.43926],[35.27393,47.44422],[35.2736,47.44782],[35.2736,47.45185],[35.27493,47.45872],[35.28293,47.46964],[35.28276,47.47291],[35.2776,47.48338],[35.27427,47.49283],[35.27449,47.49509],[35.27607,47.49775],[35.28154,47.50321],[35.28912,47.50719],[35.30049,47.51076],[35.31546,47.51291],[35.32468,47.51595],[35.33319,47.52238],[35.33746,47.52928],[35.33521,47.5376],[35.33154,47.54939],[35.32906,47.56171],[35.32797,47.56544],[35.32452,47.57045],[35.32209,47.5724],[35.30471,47.5795],[35.29897,47.5824],[35.29421,47.58842],[35.28705,47.59865],[35.26548,47.63079],[35.25868,47.64135],[35.25323,47.64907],[35.2462,47.65579],[35.23733,47.66363],[35.22738,47.67308],[35.22211,47.67836],[35.22133,47.68071],[35.22007,47.68554],[35.22048,47.68731],[35.22217,47.69019],[35.2227,47.69291],[35.22194,47.69496],[35.20249,47.71062],[35.19623,47.71976],[35.19334,47.72469],[35.19293,47.72799],[35.19293,47.73076],[35.19424,47.73313],[35.20335,47.74007],[35.20901,47.7447],[35.21003,47.74758],[35.20894,47.75412],[35.20748,47.76049],[35.20031,47.77231]]}},{"type":"Feature","properties":{"name":"New file 2","mode":"train","distance_km":"46.6"},"geometry":{"type":"LineString","coordinates":[[7.02053,43.55406],[7.02578,43.55373],[7.02686,43.55347],[7.02827,43.55284],[7.02913,43.55223],[7.02986,43.55146],[7.0326,43.54736],[7.03405,43.54619],[7.03524,43.54557],[7.03699,43.545],[7.03856,43.54474],[7.04038,43.54471],[7.04198,43.54492],[7.04336,43.54528],[7.04768,43.54688],[7.049,43.54715],[7.0526,43.54747],[7.05376,43.54785],[7.05492,43.54847],[7.05595,43.54938],[7.05868,43.55285],[7.06129,43.55521],[7.06289,43.55753],[7.06814,43.56285],[7.07018,43.56443],[7.07301,43.56607],[7.07455,43.56676],[7.08375,43.56978],[7.08558,43.57014],[7.09786,43.57135],[7.10156,43.5713],[7.1096,43.57067],[7.11188,43.57115],[7.11375,43.57219],[7.1148,43.57332],[7.11706,43.57669],[7.11732,43.57767],[7.11784,43.58153],[7.11937,43.58596],[7.12045,43.58856],[7.12132,43.58985],[7.12399,43.59239],[7.12499,43.59415],[7.12521,43.59545],[7.12542,43.6065],[7.12557,43.60804],[7.12637,43.61088],[7.13171,43.62316],[7.13471,43.63079],[7.13488,43.63237],[7.13459,43.64088],[7.13505,43.64291],[7.13584,43.64439],[7.13702,43.64576],[7.14523,43.65234],[7.14599,43.65334],[7.14709,43.65573],[7.14807,43.65721],[7.14939,43.65864],[7.15088,43.65961],[7.15278,43.66027],[7.15502,43.66055],[7.16298,43.65992],[7.16488,43.66001],[7.16714,43.66055],[7.17171,43.66244],[7.17429,43.66285],[7.17569,43.66279],[7.17728,43.66247],[7.18091,43.6609],[7.18341,43.66023],[7.18602,43.66003],[7.18837,43.66025],[7.19089,43.66096],[7.20208,43.66537],[7.21849,43.67148],[7.21996,43.6722],[7.22106,43.67308],[7.22484,43.67779],[7.22604,43.67901],[7.23239,43.6833],[7.23529,43.68618],[7.24628,43.69453],[7.24723,43.69558],[7.24839,43.69797],[7.24961,43.69924],[7.25321,43.70104],[7.26272,43.70517],[7.26757,43.70719],[7.27398,43.70947],[7.27651,43.71011],[7.27893,43.71038],[7.28533,43.70945],[7.28696,43.70872],[7.29014,43.70608],[7.29128,43.70531],[7.29283,43.70474],[7.2945,43.70451],[7.29912,43.70481],[7.31416,43.70693],[7.3165,43.70692],[7.31807,43.70645],[7.31936,43.70573],[7.32075,43.70462],[7.32207,43.70287],[7.32306,43.70214],[7.32487,43.70159],[7.32677,43.70164],[7.32816,43.70211],[7.32951,43.70324],[7.33128,43.70574],[7.3333,43.70979],[7.3339,43.71054],[7.33486,43.71136],[7.33763,43.71296],[7.33872,43.71341],[7.34191,43.71402],[7.34502,43.71431],[7.34695,43.71491],[7.34948,43.71668],[7.3508,43.71832],[7.35192,43.71921],[7.35607,43.72181],[7.35837,43.72267],[7.36004,43.72287],[7.36393,43.7226],[7.36537,43.72212],[7.36722,43.72087],[7.36834,43.7204],[7.37104,43.71984],[7.3732,43.71961],[7.37488,43.7197],[7.37627,43.71999],[7.3786,43.72113],[7.38142,43.7228],[7.38331,43.72337],[7.38554,43.72379],[7.38819,43.72381],[7.38966,43.72348],[7.39053,43.72306],[7.39314,43.72095],[7.39433,43.72052],[7.39553,43.72032],[7.39729,43.72043],[7.40319,43.72198],[7.40537,43.72318],[7.40675,43.72447],[7.408,43.72658],[7.41065,43.73258],[7.41128,43.73341],[7.41291,43.7347],[7.41735,43.73672],[7.41847,43.73737],[7.41959,43.7383]]}}]}